{"type":"FeatureCollection","name":"buildings","crs_note":"EPSG:4326","features":[{"type":"Feature","id":"B-P-00001","geometry":{"type":"Polygon","coordinates":[[[-80.6047923,43.2999197],[-80.6049242,43.2999197],[-80.6049242,43.3000182],[-80.6047923,43.3000182],[-80.6047923,43.2999197]]]},"properties":{"premiseId":"P-00001","address":"10 Trillium Street","premiseType":"residential","heightM":6.3,"stories":2,"roof":"gable","yearBuilt":2004,"solar":false,"heatingFuel":"gas"}},{"type":"Feature","id":"B-P-00002","geometry":{"type":"Polygon","coordinates":[[[-80.6045848,43.2999132],[-80.604729,43.2999132],[-80.604729,43.3000151],[-80.6045848,43.3000151],[-80.6045848,43.2999132]]]},"properties":{"premiseId":"P-00002","address":"6 Trillium Street","premiseType":"residential","heightM":6.3,"stories":2,"roof":"hip","yearBuilt":1998,"solar":false,"heatingFuel":"gas"}},{"type":"Feature","id":"B-P-00003","geometry":{"type":"Polygon","coordinates":[[[-80.6047022,43.2993051],[-80.6046969,43.2994112],[-80.6045629,43.2994076],[-80.6045683,43.2993015],[-80.6047022,43.2993051]]]},"properties":{"premiseId":"P-00003","address":"7 Kingfisher Gate","premiseType":"residential","heightM":6.3,"stories":2,"roof":"hip","yearBuilt":1996,"solar":true,"heatingFuel":"heat_pump"}},{"type":"Feature","id":"B-P-00004","geometry":{"type":"Polygon","coordinates":[[[-80.6047056,43.299168],[-80.6047056,43.2992628],[-80.6045673,43.2992628],[-80.6045673,43.299168],[-80.6047056,43.299168]]]},"properties":{"premiseId":"P-00004","address":"13 Kingfisher Gate","premiseType":"residential","heightM":6.3,"stories":2,"roof":"hip","yearBuilt":1998,"solar":false,"heatingFuel":"gas"}},{"type":"Feature","id":"B-P-00005","geometry":{"type":"Polygon","coordinates":[[[-80.6046966,43.2990121],[-80.6047009,43.2991098],[-80.6045652,43.2991129],[-80.6045608,43.2990153],[-80.6046966,43.2990121]]]},"properties":{"premiseId":"P-00005","address":"15 Kingfisher Gate","premiseType":"residential","heightM":6.3,"stories":2,"roof":"hip","yearBuilt":1998,"solar":false,"heatingFuel":"gas"}},{"type":"Feature","id":"B-P-00006","geometry":{"type":"Polygon","coordinates":[[[-80.6046708,43.2988646],[-80.6046791,43.2989562],[-80.6045406,43.2989627],[-80.6045325,43.2988712],[-80.6046708,43.2988646]]]},"properties":{"premiseId":"P-00006","address":"21 Kingfisher Gate","premiseType":"residential","heightM":3.7,"stories":1,"roof":"gable","yearBuilt":1997,"solar":true,"heatingFuel":"gas"}},{"type":"Feature","id":"B-P-00007","geometry":{"type":"Polygon","coordinates":[[[-80.6046708,43.298717],[-80.6046827,43.2988096],[-80.6045404,43.2988193],[-80.6045285,43.2987266],[-80.6046708,43.298717]]]},"properties":{"premiseId":"P-00007","address":"23 Kingfisher Gate","premiseType":"residential","heightM":6.3,"stories":2,"roof":"hip","yearBuilt":2001,"solar":false,"heatingFuel":"gas"}},{"type":"Feature","id":"B-P-00008","geometry":{"type":"Polygon","coordinates":[[[-80.6046377,43.2985252],[-80.6046569,43.2986426],[-80.6045211,43.2986542],[-80.6045021,43.2985367],[-80.6046377,43.2985252]]]},"properties":{"premiseId":"P-00008","address":"27 Kingfisher Gate","premiseType":"residential","heightM":6.3,"stories":2,"roof":"hip","yearBuilt":2003,"solar":false,"heatingFuel":"gas"}},{"type":"Feature","id":"B-P-00009","geometry":{"type":"Polygon","coordinates":[[[-80.6046064,43.298379],[-80.6046264,43.2984859],[-80.604478,43.2985005],[-80.6044582,43.2983936],[-80.6046064,43.298379]]]},"properties":{"premiseId":"P-00009","address":"33 Kingfisher Gate","premiseType":"residential","heightM":6.3,"stories":2,"roof":"gable","yearBuilt":2003,"solar":false,"heatingFuel":"gas"}},{"type":"Feature","id":"B-P-00010","geometry":{"type":"Polygon","coordinates":[[[-80.6045655,43.2982118],[-80.6045843,43.2983051],[-80.6044489,43.2983194],[-80.6044303,43.2982262],[-80.6045655,43.2982118]]]},"properties":{"premiseId":"P-00010","address":"35 Kingfisher Gate","premiseType":"residential","heightM":6.3,"stories":2,"roof":"gable","yearBuilt":2006,"solar":false,"heatingFuel":"gas"}},{"type":"Feature","id":"B-P-00011","geometry":{"type":"Polygon","coordinates":[[[-80.6045325,43.2980511],[-80.6045533,43.2981525],[-80.6044185,43.2981673],[-80.6043975,43.2980658],[-80.6045325,43.2980511]]]},"properties":{"premiseId":"P-00011","address":"39 Kingfisher Gate","premiseType":"residential","heightM":3.7,"stories":1,"roof":"hip","yearBuilt":2010,"solar":false,"heatingFuel":"gas"}},{"type":"Feature","id":"B-P-00012","geometry":{"type":"Polygon","coordinates":[[[-80.6044677,43.3013909],[-80.6044795,43.3014849],[-80.6043556,43.3014933],[-80.6043436,43.3013993],[-80.6044677,43.3013909]]]},"properties":{"premiseId":"P-00012","address":"44 Elgin Lane","premiseType":"residential","heightM":6.3,"stories":2,"roof":"gable","yearBuilt":1998,"solar":false,"heatingFuel":"gas"}},{"type":"Feature","id":"B-P-00013","geometry":{"type":"Polygon","coordinates":[[[-80.6044333,43.3012225],[-80.6044473,43.301317],[-80.6042977,43.3013287],[-80.6042837,43.3012342],[-80.6044333,43.3012225]]]},"properties":{"premiseId":"P-00013","address":"40 Elgin Lane","premiseType":"residential","heightM":6.3,"stories":2,"roof":"hip","yearBuilt":1999,"solar":false,"heatingFuel":"gas"}},{"type":"Feature","id":"B-P-00014","geometry":{"type":"Polygon","coordinates":[[[-80.6043998,43.3010776],[-80.6044143,43.3011682],[-80.6042536,43.3011818],[-80.6042391,43.3010913],[-80.6043998,43.3010776]]]},"properties":{"premiseId":"P-00014","address":"36 Elgin Lane","premiseType":"residential","heightM":3.7,"stories":1,"roof":"hip","yearBuilt":1994,"solar":false,"heatingFuel":"gas"}},{"type":"Feature","id":"B-P-00015","geometry":{"type":"Polygon","coordinates":[[[-80.6043973,43.3009403],[-80.6044133,43.3010357],[-80.6042728,43.3010482],[-80.6042567,43.3009528],[-80.6043973,43.3009403]]]},"properties":{"premiseId":"P-00015","address":"32 Elgin Lane","premiseType":"residential","heightM":3.7,"stories":1,"roof":"gable","yearBuilt":1993,"solar":false,"heatingFuel":"gas"}},{"type":"Feature","id":"B-P-00016","geometry":{"type":"Polygon","coordinates":[[[-80.6043578,43.3008033],[-80.6043735,43.3008953],[-80.604214,43.3009098],[-80.6041982,43.3008177],[-80.6043578,43.3008033]]]},"properties":{"premiseId":"P-00016","address":"30 Elgin Lane","premiseType":"residential","heightM":3.7,"stories":1,"roof":"hip","yearBuilt":1993,"solar":true,"heatingFuel":"electric_resistance"}},{"type":"Feature","id":"B-P-00017","geometry":{"type":"Polygon","coordinates":[[[-80.6043262,43.3006512],[-80.6043429,43.3007524],[-80.6041866,43.3007662],[-80.6041698,43.3006649],[-80.6043262,43.3006512]]]},"properties":{"premiseId":"P-00017","address":"26 Elgin Lane","premiseType":"residential","heightM":6.3,"stories":2,"roof":"gable","yearBuilt":1992,"solar":false,"heatingFuel":"gas"}},{"type":"Feature","id":"B-P-00018","geometry":{"type":"Polygon","coordinates":[[[-80.6043243,43.3004953],[-80.6043371,43.3005773],[-80.6041775,43.3005903],[-80.6041649,43.3005084],[-80.6043243,43.3004953]]]},"properties":{"premiseId":"P-00018","address":"22 Elgin Lane","premiseType":"residential","heightM":3.7,"stories":1,"roof":"gable","yearBuilt":1990,"solar":true,"heatingFuel":"gas"}},{"type":"Feature","id":"B-P-00019","geometry":{"type":"Polygon","coordinates":[[[-80.6043051,43.3003591],[-80.6043169,43.3004439],[-80.6041582,43.3004557],[-80.6041464,43.3003707],[-80.6043051,43.3003591]]]},"properties":{"premiseId":"P-00019","address":"18 Elgin Lane","premiseType":"residential","heightM":3.7,"stories":1,"roof":"hip","yearBuilt":1985,"solar":true,"heatingFuel":"heat_pump"}},{"type":"Feature","id":"B-P-00020","geometry":{"type":"Polygon","coordinates":[[[-80.6042623,43.300194],[-80.6042745,43.300298],[-80.6041138,43.300308],[-80.6041016,43.3002041],[-80.6042623,43.300194]]]},"properties":{"premiseId":"P-00020","address":"14 Elgin Lane","premiseType":"residential","heightM":3.7,"stories":1,"roof":"hip","yearBuilt":1988,"solar":false,"heatingFuel":"gas"}},{"type":"Feature","id":"B-P-00021","geometry":{"type":"Polygon","coordinates":[[[-80.6042512,43.3000415],[-80.6042584,43.3001179],[-80.6041117,43.3001253],[-80.6041044,43.300049],[-80.6042512,43.3000415]]]},"properties":{"premiseId":"P-00021","address":"10 Elgin Lane","premiseType":"residential","heightM":3.7,"stories":1,"roof":"hip","yearBuilt":1987,"solar":false,"heatingFuel":"gas"}},{"type":"Feature","id":"B-P-00022","geometry":{"type":"Polygon","coordinates":[[[-80.6042525,43.2998995],[-80.6042592,43.3000049],[-80.6041244,43.3000093],[-80.6041177,43.299904],[-80.6042525,43.2998995]]]},"properties":{"premiseId":"P-00022","address":"8 Elgin Lane","premiseType":"residential","heightM":6.3,"stories":2,"roof":"gable","yearBuilt":1987,"solar":false,"heatingFuel":"electric_resistance"}},{"type":"Feature","id":"B-P-00023","geometry":{"type":"Polygon","coordinates":[[[-80.6049009,43.3008738],[-80.6047581,43.3008866],[-80.6047417,43.3007908],[-80.6048845,43.3007778],[-80.6049009,43.3008738]]]},"properties":{"premiseId":"P-00023","address":"29 Elgin Lane","premiseType":"residential","heightM":6.3,"stories":2,"roof":"gable","yearBuilt":2007,"solar":false,"heatingFuel":"gas"}},{"type":"Feature","id":"B-P-00024","geometry":{"type":"Polygon","coordinates":[[[-80.6048956,43.300693],[-80.6047308,43.3007075],[-80.6047159,43.3006176],[-80.6048807,43.300603],[-80.6048956,43.300693]]]},"properties":{"premiseId":"P-00024","address":"25 Elgin Lane","premiseType":"residential","heightM":3.7,"stories":1,"roof":"gable","yearBuilt":2003,"solar":false,"heatingFuel":"gas"}},{"type":"Feature","id":"B-P-00025","geometry":{"type":"Polygon","coordinates":[[[-80.6048346,43.300552],[-80.6047055,43.3005627],[-80.6046891,43.300457],[-80.6048181,43.3004463],[-80.6048346,43.300552]]]},"properties":{"premiseId":"P-00025","address":"21 Elgin Lane","premiseType":"residential","heightM":6.3,"stories":2,"roof":"gable","yearBuilt":1998,"solar":false,"heatingFuel":"heat_pump"}},{"type":"Feature","id":"B-P-00026","geometry":{"type":"Polygon","coordinates":[[[-80.604855,43.3004171],[-80.6046991,43.3004288],[-80.6046875,43.3003475],[-80.6048435,43.3003358],[-80.604855,43.3004171]]]},"properties":{"premiseId":"P-00026","address":"17 Elgin Lane","premiseType":"residential","heightM":6.3,"stories":2,"roof":"gable","yearBuilt":2000,"solar":false,"heatingFuel":"heat_pump"}},{"type":"Feature","id":"B-P-00027","geometry":{"type":"Polygon","coordinates":[[[-80.6048013,43.3002743],[-80.6046711,43.3002827],[-80.6046587,43.3001819],[-80.604789,43.3001735],[-80.6048013,43.3002743]]]},"properties":{"premiseId":"P-00027","address":"13 Elgin Lane","premiseType":"residential","heightM":6.3,"stories":2,"roof":"gable","yearBuilt":1998,"solar":false,"heatingFuel":"electric_resistance"}},{"type":"Feature","id":"B-P-00028","geometry":{"type":"Polygon","coordinates":[[[-80.6036271,43.2993334],[-80.6036372,43.2994117],[-80.6035268,43.2994192],[-80.6035167,43.2993409],[-80.6036271,43.2993334]]]},"properties":{"premiseId":"P-00028","address":"7 Meadow Crescent","premiseType":"residential","heightM":3.7,"stories":1,"roof":"gable","yearBuilt":1973,"solar":false,"heatingFuel":"gas"}},{"type":"Feature","id":"B-P-00029","geometry":{"type":"Polygon","coordinates":[[[-80.6035951,43.2991868],[-80.603611,43.2992875],[-80.6034848,43.299298],[-80.6034688,43.2991974],[-80.6035951,43.2991868]]]},"properties":{"premiseId":"P-00029","address":"11 Meadow Crescent","premiseType":"residential","heightM":3.7,"stories":1,"roof":"hip","yearBuilt":1977,"solar":false,"heatingFuel":"gas"}},{"type":"Feature","id":"B-P-00030","geometry":{"type":"Polygon","coordinates":[[[-80.6035772,43.2990527],[-80.6035941,43.2991458],[-80.6034748,43.2991573],[-80.6034577,43.2990642],[-80.6035772,43.2990527]]]},"properties":{"premiseId":"P-00030","address":"15 Meadow Crescent","premiseType":"residential","heightM":6.3,"stories":2,"roof":"gable","yearBuilt":1976,"solar":false,"heatingFuel":"gas"}},{"type":"Feature","id":"B-P-00031","geometry":{"type":"Polygon","coordinates":[[[-80.6035429,43.2988812],[-80.6035593,43.2989646],[-80.6034446,43.2989766],[-80.6034281,43.2988933],[-80.6035429,43.2988812]]]},"properties":{"premiseId":"P-00031","address":"19 Meadow Crescent","premiseType":"residential","heightM":6.3,"stories":2,"roof":"gable","yearBuilt":1978,"solar":false,"heatingFuel":"gas"}},{"type":"Feature","id":"B-P-00032","geometry":{"type":"Polygon","coordinates":[[[-80.6035173,43.2987593],[-80.6035341,43.2988409],[-80.6034084,43.2988546],[-80.6033917,43.2987729],[-80.6035173,43.2987593]]]},"properties":{"premiseId":"P-00032","address":"23 Meadow Crescent","premiseType":"residential","heightM":3.7,"stories":1,"roof":"hip","yearBuilt":1976,"solar":false,"heatingFuel":"gas"}},{"type":"Feature","id":"B-P-00033","geometry":{"type":"Polygon","coordinates":[[[-80.6034972,43.2986003],[-80.6035157,43.2986909],[-80.6033569,43.298708],[-80.6033384,43.2986174],[-80.6034972,43.2986003]]]},"properties":{"premiseId":"P-00033","address":"27 Meadow Crescent","premiseType":"residential","heightM":6.3,"stories":2,"roof":"gable","yearBuilt":1980,"solar":false,"heatingFuel":"gas"}},{"type":"Feature","id":"B-P-00034","geometry":{"type":"Polygon","coordinates":[[[-80.6034775,43.2984612],[-80.6034948,43.2985521],[-80.6033313,43.2985686],[-80.6033141,43.2984777],[-80.6034775,43.2984612]]]},"properties":{"premiseId":"P-00034","address":"29 Meadow Crescent","premiseType":"residential","heightM":6.3,"stories":2,"roof":"hip","yearBuilt":1980,"solar":false,"heatingFuel":"gas"}},{"type":"Feature","id":"B-P-00035","geometry":{"type":"Polygon","coordinates":[[[-80.6034522,43.2982921],[-80.6034704,43.2984001],[-80.6033121,43.2984143],[-80.6032938,43.2983064],[-80.6034522,43.2982921]]]},"properties":{"premiseId":"P-00035","address":"33 Meadow Crescent","premiseType":"residential","heightM":6.3,"stories":2,"roof":"hip","yearBuilt":1982,"solar":false,"heatingFuel":"gas"}},{"type":"Feature","id":"B-P-00036","geometry":{"type":"Polygon","coordinates":[[[-80.6034171,43.2981277],[-80.6034312,43.298228],[-80.6032922,43.2982384],[-80.603278,43.2981381],[-80.6034171,43.2981277]]]},"properties":{"premiseId":"P-00036","address":"37 Meadow Crescent","premiseType":"residential","heightM":3.7,"stories":1,"roof":"hip","yearBuilt":1983,"solar":false,"heatingFuel":"gas"}},{"type":"Feature","id":"B-P-00037","geometry":{"type":"Polygon","coordinates":[[[-80.6041597,43.2993851],[-80.6040366,43.2993936],[-80.604023,43.299288],[-80.6041461,43.2992796],[-80.6041597,43.2993851]]]},"properties":{"premiseId":"P-00037","address":"8 Meadow Crescent","premiseType":"residential","heightM":6.3,"stories":2,"roof":"hip","yearBuilt":1989,"solar":true,"heatingFuel":"gas"}},{"type":"Feature","id":"B-P-00038","geometry":{"type":"Polygon","coordinates":[[[-80.6041593,43.299219],[-80.604018,43.2992312],[-80.6040022,43.2991344],[-80.6041435,43.2991223],[-80.6041593,43.299219]]]},"properties":{"premiseId":"P-00038","address":"12 Meadow Crescent","premiseType":"residential","heightM":6.3,"stories":2,"roof":"gable","yearBuilt":1989,"solar":false,"heatingFuel":"gas"}},{"type":"Feature","id":"B-P-00039","geometry":{"type":"Polygon","coordinates":[[[-80.6041078,43.2990611],[-80.6039711,43.2990746],[-80.6039533,43.2989791],[-80.6040902,43.2989656],[-80.6041078,43.2990611]]]},"properties":{"premiseId":"P-00039","address":"16 Meadow Crescent","premiseType":"residential","heightM":6.3,"stories":2,"roof":"gable","yearBuilt":1989,"solar":false,"heatingFuel":"gas"}},{"type":"Feature","id":"B-P-00040","geometry":{"type":"Polygon","coordinates":[[[-80.6040987,43.2988885],[-80.6039402,43.2989053],[-80.6039208,43.2988084],[-80.6040793,43.2987917],[-80.6040987,43.2988885]]]},"properties":{"premiseId":"P-00040","address":"20 Meadow Crescent","premiseType":"residential","heightM":6.3,"stories":2,"roof":"gable","yearBuilt":1990,"solar":false,"heatingFuel":"gas"}},{"type":"Feature","id":"B-P-00041","geometry":{"type":"Polygon","coordinates":[[[-80.6040883,43.2987508],[-80.6039253,43.2987684],[-80.6039033,43.2986605],[-80.6040664,43.2986428],[-80.6040883,43.2987508]]]},"properties":{"premiseId":"P-00041","address":"24 Meadow Crescent","premiseType":"residential","heightM":6.3,"stories":2,"roof":"hip","yearBuilt":1990,"solar":false,"heatingFuel":"gas"}},{"type":"Feature","id":"B-P-00042","geometry":{"type":"Polygon","coordinates":[[[-80.6040214,43.2985967],[-80.6038841,43.2986111],[-80.603862,43.2985003],[-80.6039994,43.2984858],[-80.6040214,43.2985967]]]},"properties":{"premiseId":"P-00042","address":"28 Meadow Crescent","premiseType":"residential","heightM":3.7,"stories":1,"roof":"gable","yearBuilt":1995,"solar":false,"heatingFuel":"gas"}},{"type":"Feature","id":"B-P-00043","geometry":{"type":"Polygon","coordinates":[[[-80.6040217,43.2984332],[-80.6038607,43.2984487],[-80.603841,43.2983405],[-80.6040019,43.2983249],[-80.6040217,43.2984332]]]},"properties":{"premiseId":"P-00043","address":"32 Meadow Crescent","premiseType":"residential","heightM":3.7,"stories":1,"roof":"gable","yearBuilt":1994,"solar":false,"heatingFuel":"gas"}},{"type":"Feature","id":"B-P-00044","geometry":{"type":"Polygon","coordinates":[[[-80.6039534,43.2982646],[-80.6038204,43.2982755],[-80.6038054,43.298179],[-80.6039385,43.2981681],[-80.6039534,43.2982646]]]},"properties":{"premiseId":"P-00044","address":"36 Meadow Crescent","premiseType":"residential","heightM":6.3,"stories":2,"roof":"gable","yearBuilt":1997,"solar":true,"heatingFuel":"gas"}},{"type":"Feature","id":"B-P-00045","geometry":{"type":"Polygon","coordinates":[[[-80.6039268,43.2980836],[-80.6037925,43.2980925],[-80.6037821,43.2980102],[-80.6039165,43.2980013],[-80.6039268,43.2980836]]]},"properties":{"premiseId":"P-00045","address":"40 Meadow Crescent","premiseType":"residential","heightM":6.3,"stories":2,"roof":"hip","yearBuilt":1998,"solar":false,"heatingFuel":"gas"}},{"type":"Feature","id":"B-P-00046","geometry":{"type":"Polygon","coordinates":[[[-80.603919,43.2979702],[-80.6037942,43.2979754],[-80.6037852,43.2978609],[-80.6039101,43.2978556],[-80.603919,43.2979702]]]},"properties":{"premiseId":"P-00046","address":"44 Meadow Crescent","premiseType":"residential","heightM":6.3,"stories":2,"roof":"hip","yearBuilt":2003,"solar":true,"heatingFuel":"gas"}},{"type":"Feature","id":"B-P-00047","geometry":{"type":"Polygon","coordinates":[[[-80.6037849,43.2976359],[-80.6037864,43.2975409],[-80.6039481,43.2975422],[-80.6039468,43.2976373],[-80.6037849,43.2976359]]]},"properties":{"premiseId":"P-00047","address":"54 Meadow Crescent","premiseType":"residential","heightM":3.7,"stories":1,"roof":"hip","yearBuilt":2007,"solar":false,"heatingFuel":"gas"}},{"type":"Feature","id":"B-P-00048","geometry":{"type":"Polygon","coordinates":[[[-80.6032401,43.2973874],[-80.6033932,43.2973927],[-80.6033871,43.2974856],[-80.6032341,43.2974803],[-80.6032401,43.2973874]]]},"properties":{"premiseId":"P-00048","address":"55 Meadow Crescent","premiseType":"residential","heightM":6.3,"stories":2,"roof":"gable","yearBuilt":1998,"solar":false,"heatingFuel":"gas"}},{"type":"Feature","id":"B-P-00049","geometry":{"type":"Polygon","coordinates":[[[-80.6027854,43.2978883],[-80.6029459,43.2978883],[-80.6029459,43.2980024],[-80.6027854,43.2980024],[-80.6027854,43.2978883]]]},"properties":{"premiseId":"P-00049","address":"6 Chestnut Way","premiseType":"residential","heightM":6.3,"stories":2,"roof":"gable","yearBuilt":1983,"solar":false,"heatingFuel":"electric_resistance"}},{"type":"Feature","id":"B-P-00050","geometry":{"type":"Polygon","coordinates":[[[-80.6034193,43.2975111],[-80.6034193,43.2976106],[-80.6032806,43.2976106],[-80.6032806,43.2975111],[-80.6034193,43.2975111]]]},"properties":{"premiseId":"P-00050","address":"13 Chestnut Way","premiseType":"residential","heightM":6.3,"stories":2,"roof":"gable","yearBuilt":1995,"solar":false,"heatingFuel":"gas"}},{"type":"Feature","id":"B-P-00051","geometry":{"type":"Polygon","coordinates":[[[-80.6031507,43.2975213],[-80.6031507,43.2976162],[-80.6030052,43.2976162],[-80.6030052,43.2975213],[-80.6031507,43.2975213]]]},"properties":{"premiseId":"P-00051","address":"9 Chestnut Way","premiseType":"residential","heightM":6.3,"stories":2,"roof":"hip","yearBuilt":1992,"solar":false,"heatingFuel":"electric_resistance"}},{"type":"Feature","id":"B-P-00052","geometry":{"type":"Polygon","coordinates":[[[-80.6028892,43.2975317],[-80.6028892,43.2976216],[-80.6027581,43.2976216],[-80.6027581,43.2975317],[-80.6028892,43.2975317]]]},"properties":{"premiseId":"P-00052","address":"5 Chestnut Way","premiseType":"residential","heightM":6.3,"stories":2,"roof":"gable","yearBuilt":1990,"solar":true,"heatingFuel":"heat_pump"}},{"type":"Feature","id":"B-P-00053","geometry":{"type":"Polygon","coordinates":[[[-80.6036231,43.2999922],[-80.60363,43.2999059],[-80.6037517,43.2999112],[-80.6037447,43.2999974],[-80.6036231,43.2999922]]]},"properties":{"premiseId":"P-00053","address":"7 Spruce Street","premiseType":"residential","heightM":3.7,"stories":1,"roof":"hip","yearBuilt":1978,"solar":false,"heatingFuel":"gas"}},{"type":"Feature","id":"B-P-00054","geometry":{"type":"Polygon","coordinates":[[[-80.60362,43.3001621],[-80.6036247,43.3000676],[-80.6037477,43.3000707],[-80.6037431,43.3001653],[-80.60362,43.3001621]]]},"properties":{"premiseId":"P-00054","address":"11 Spruce Street","premiseType":"residential","heightM":3.7,"stories":1,"roof":"hip","yearBuilt":1977,"solar":false,"heatingFuel":"gas"}},{"type":"Feature","id":"B-P-00055","geometry":{"type":"Polygon","coordinates":[[[-80.6036066,43.30032],[-80.6036077,43.3002353],[-80.6037234,43.3002361],[-80.6037222,43.3003207],[-80.6036066,43.30032]]]},"properties":{"premiseId":"P-00055","address":"15 Spruce Street","premiseType":"residential","heightM":6.3,"stories":2,"roof":"gable","yearBuilt":1978,"solar":false,"heatingFuel":"gas"}},{"type":"Feature","id":"B-P-00056","geometry":{"type":"Polygon","coordinates":[[[-80.6036167,43.3004503],[-80.6036149,43.3003659],[-80.6037311,43.3003646],[-80.603733,43.3004491],[-80.6036167,43.3004503]]]},"properties":{"premiseId":"P-00056","address":"19 Spruce Street","premiseType":"residential","heightM":3.7,"stories":1,"roof":"gable","yearBuilt":1980,"solar":false,"heatingFuel":"gas"}},{"type":"Feature","id":"B-P-00057","geometry":{"type":"Polygon","coordinates":[[[-80.603621,43.3006054],[-80.603617,43.3005251],[-80.6037392,43.3005218],[-80.6037432,43.300602],[-80.603621,43.3006054]]]},"properties":{"premiseId":"P-00057","address":"23 Spruce Street","premiseType":"residential","heightM":6.3,"stories":2,"roof":"gable","yearBuilt":1978,"solar":false,"heatingFuel":"gas"}},{"type":"Feature","id":"B-P-00058","geometry":{"type":"Polygon","coordinates":[[[-80.6036228,43.3007359],[-80.6036154,43.300639],[-80.6037447,43.3006337],[-80.6037521,43.3007307],[-80.6036228,43.3007359]]]},"properties":{"premiseId":"P-00058","address":"27 Spruce Street","premiseType":"residential","heightM":6.3,"stories":2,"roof":"hip","yearBuilt":1980,"solar":false,"heatingFuel":"gas"}},{"type":"Feature","id":"B-P-00059","geometry":{"type":"Polygon","coordinates":[[[-80.6036281,43.3008886],[-80.6036168,43.3007827],[-80.6037826,43.3007734],[-80.6037938,43.3008794],[-80.6036281,43.3008886]]]},"properties":{"premiseId":"P-00059","address":"29 Spruce Street","premiseType":"residential","heightM":6.3,"stories":2,"roof":"hip","yearBuilt":1981,"solar":true,"heatingFuel":"gas"}},{"type":"Feature","id":"B-P-00060","geometry":{"type":"Polygon","coordinates":[[[-80.6036397,43.30106],[-80.6036272,43.3009629],[-80.6037571,43.300954],[-80.6037695,43.3010511],[-80.6036397,43.30106]]]},"properties":{"premiseId":"P-00060","address":"33 Spruce Street","premiseType":"residential","heightM":6.3,"stories":2,"roof":"hip","yearBuilt":1982,"solar":false,"heatingFuel":"gas"}},{"type":"Feature","id":"B-P-00061","geometry":{"type":"Polygon","coordinates":[[[-80.6036789,43.3012076],[-80.603662,43.301095],[-80.603821,43.3010824],[-80.603838,43.3011949],[-80.6036789,43.3012076]]]},"properties":{"premiseId":"P-00061","address":"37 Spruce Street","premiseType":"residential","heightM":6.3,"stories":2,"roof":"gable","yearBuilt":1984,"solar":false,"heatingFuel":"gas"}},{"type":"Feature","id":"B-P-00062","geometry":{"type":"Polygon","coordinates":[[[-80.603689,43.3013538],[-80.6036752,43.3012697],[-80.6038012,43.3012587],[-80.6038151,43.3013429],[-80.603689,43.3013538]]]},"properties":{"premiseId":"P-00062","address":"41 Spruce Street","premiseType":"residential","heightM":6.3,"stories":2,"roof":"hip","yearBuilt":1987,"solar":false,"heatingFuel":"gas"}},{"type":"Feature","id":"B-P-00063","geometry":{"type":"Polygon","coordinates":[[[-80.6037138,43.3014967],[-80.603696,43.3013908],[-80.6038507,43.3013769],[-80.6038686,43.3014828],[-80.6037138,43.3014967]]]},"properties":{"premiseId":"P-00063","address":"45 Spruce Street","premiseType":"residential","heightM":3.7,"stories":1,"roof":"gable","yearBuilt":1990,"solar":false,"heatingFuel":"gas"}},{"type":"Feature","id":"B-P-00064","geometry":{"type":"Polygon","coordinates":[[[-80.6037478,43.3016448],[-80.6037321,43.3015526],[-80.6038644,43.3015408],[-80.6038801,43.3016329],[-80.6037478,43.3016448]]]},"properties":{"premiseId":"P-00064","address":"49 Spruce Street","premiseType":"residential","heightM":6.3,"stories":2,"roof":"gable","yearBuilt":1991,"solar":true,"heatingFuel":"gas"}},{"type":"Feature","id":"B-P-00065","geometry":{"type":"Polygon","coordinates":[[[-80.6037594,43.3017676],[-80.6037468,43.3016913],[-80.6038807,43.3016796],[-80.6038934,43.3017558],[-80.6037594,43.3017676]]]},"properties":{"premiseId":"P-00065","address":"53 Spruce Street","premiseType":"residential","heightM":3.7,"stories":1,"roof":"gable","yearBuilt":1994,"solar":false,"heatingFuel":"gas"}},{"type":"Feature","id":"B-P-00066","geometry":{"type":"Polygon","coordinates":[[[-80.6037895,43.3019588],[-80.6037748,43.3018644],[-80.6039086,43.3018534],[-80.6039233,43.3019477],[-80.6037895,43.3019588]]]},"properties":{"premiseId":"P-00066","address":"55 Spruce Street","premiseType":"residential","heightM":6.3,"stories":2,"roof":"gable","yearBuilt":2000,"solar":false,"heatingFuel":"electric_resistance"}},{"type":"Feature","id":"B-P-00067","geometry":{"type":"Polygon","coordinates":[[[-80.6030941,43.2999051],[-80.6032169,43.2999103],[-80.6032096,43.3000022],[-80.6030868,43.2999969],[-80.6030941,43.2999051]]]},"properties":{"premiseId":"P-00067","address":"8 Spruce Street","premiseType":"residential","heightM":3.7,"stories":1,"roof":"hip","yearBuilt":1965,"solar":false,"heatingFuel":"gas"}},{"type":"Feature","id":"B-P-00068","geometry":{"type":"Polygon","coordinates":[[[-80.6030841,43.300057],[-80.6032186,43.3000606],[-80.6032138,43.3001558],[-80.6030793,43.3001523],[-80.6030841,43.300057]]]},"properties":{"premiseId":"P-00068","address":"12 Spruce Street","premiseType":"residential","heightM":3.7,"stories":1,"roof":"gable","yearBuilt":1964,"solar":false,"heatingFuel":"gas"}},{"type":"Feature","id":"B-P-00069","geometry":{"type":"Polygon","coordinates":[[[-80.6030837,43.3001959],[-80.6032058,43.3001967],[-80.6032048,43.3002685],[-80.6030829,43.3002676],[-80.6030837,43.3001959]]]},"properties":{"premiseId":"P-00069","address":"16 Spruce Street","premiseType":"residential","heightM":3.7,"stories":1,"roof":"gable","yearBuilt":1964,"solar":false,"heatingFuel":"gas"}},{"type":"Feature","id":"B-P-00070","geometry":{"type":"Polygon","coordinates":[[[-80.6030588,43.3003522],[-80.6031944,43.3003512],[-80.6031959,43.3004563],[-80.6030603,43.3004573],[-80.6030588,43.3003522]]]},"properties":{"premiseId":"P-00070","address":"20 Spruce Street","premiseType":"residential","heightM":3.7,"stories":1,"roof":"hip","yearBuilt":1964,"solar":false,"heatingFuel":"gas"}},{"type":"Feature","id":"B-P-00071","geometry":{"type":"Polygon","coordinates":[[[-80.6030895,43.3004828],[-80.6032037,43.3004801],[-80.6032084,43.3005831],[-80.6030942,43.3005859],[-80.6030895,43.3004828]]]},"properties":{"premiseId":"P-00071","address":"22 Spruce Street","premiseType":"residential","heightM":3.7,"stories":1,"roof":"gable","yearBuilt":1963,"solar":false,"heatingFuel":"gas"}},{"type":"Feature","id":"B-P-00072","geometry":{"type":"Polygon","coordinates":[[[-80.6030852,43.3006686],[-80.603213,43.3006637],[-80.6032196,43.300754],[-80.6030919,43.3007589],[-80.6030852,43.3006686]]]},"properties":{"premiseId":"P-00072","address":"26 Spruce Street","premiseType":"residential","heightM":3.7,"stories":1,"roof":"hip","yearBuilt":1968,"solar":false,"heatingFuel":"gas"}},{"type":"Feature","id":"B-P-00073","geometry":{"type":"Polygon","coordinates":[[[-80.6031168,43.3007984],[-80.6032237,43.3007927],[-80.6032348,43.3009013],[-80.6031279,43.300907],[-80.6031168,43.3007984]]]},"properties":{"premiseId":"P-00073","address":"30 Spruce Street","premiseType":"residential","heightM":3.7,"stories":1,"roof":"hip","yearBuilt":1969,"solar":false,"heatingFuel":"gas"}},{"type":"Feature","id":"B-P-00074","geometry":{"type":"Polygon","coordinates":[[[-80.6031179,43.300957],[-80.6032427,43.3009485],[-80.6032558,43.3010512],[-80.603131,43.3010596],[-80.6031179,43.300957]]]},"properties":{"premiseId":"P-00074","address":"34 Spruce Street","premiseType":"residential","heightM":3.7,"stories":1,"roof":"gable","yearBuilt":1970,"solar":false,"heatingFuel":"gas"}},{"type":"Feature","id":"B-P-00075","geometry":{"type":"Polygon","coordinates":[[[-80.6031579,43.3011395],[-80.6032742,43.3011303],[-80.603286,43.3012097],[-80.6031698,43.3012188],[-80.6031579,43.3011395]]]},"properties":{"premiseId":"P-00075","address":"38 Spruce Street","premiseType":"residential","heightM":3.7,"stories":1,"roof":"hip","yearBuilt":1971,"solar":false,"heatingFuel":"gas"}},{"type":"Feature","id":"B-P-00076","geometry":{"type":"Polygon","coordinates":[[[-80.6031667,43.301265],[-80.6032811,43.3012552],[-80.6032989,43.3013662],[-80.6031846,43.3013759],[-80.6031667,43.301265]]]},"properties":{"premiseId":"P-00076","address":"42 Spruce Street","premiseType":"residential","heightM":3.7,"stories":1,"roof":"gable","yearBuilt":1973,"solar":false,"heatingFuel":"gas"}},{"type":"Feature","id":"B-P-00077","geometry":{"type":"Polygon","coordinates":[[[-80.6031959,43.3014336],[-80.6033037,43.301424],[-80.6033192,43.3015165],[-80.6032115,43.3015261],[-80.6031959,43.3014336]]]},"properties":{"premiseId":"P-00077","address":"46 Spruce Street","premiseType":"residential","heightM":6.3,"stories":2,"roof":"gable","yearBuilt":1979,"solar":false,"heatingFuel":"gas"}},{"type":"Feature","id":"B-P-00078","geometry":{"type":"Polygon","coordinates":[[[-80.6032175,43.3015518],[-80.6033408,43.3015407],[-80.603358,43.3016415],[-80.6032347,43.3016525],[-80.6032175,43.3015518]]]},"properties":{"premiseId":"P-00078","address":"48 Spruce Street","premiseType":"residential","heightM":6.3,"stories":2,"roof":"gable","yearBuilt":1979,"solar":false,"heatingFuel":"heat_pump"}},{"type":"Feature","id":"B-P-00079","geometry":{"type":"Polygon","coordinates":[[[-80.6032343,43.3017309],[-80.603374,43.3017186],[-80.6033907,43.3018188],[-80.6032511,43.3018311],[-80.6032343,43.3017309]]]},"properties":{"premiseId":"P-00079","address":"52 Spruce Street","premiseType":"residential","heightM":6.3,"stories":2,"roof":"hip","yearBuilt":1983,"solar":false,"heatingFuel":"heat_pump"}},{"type":"Feature","id":"B-P-00080","geometry":{"type":"Polygon","coordinates":[[[-80.6032607,43.3018777],[-80.603398,43.3018662],[-80.6034112,43.3019505],[-80.6032739,43.3019618],[-80.6032607,43.3018777]]]},"properties":{"premiseId":"P-00080","address":"56 Spruce Street","premiseType":"residential","heightM":6.3,"stories":2,"roof":"hip","yearBuilt":1983,"solar":false,"heatingFuel":"gas"}},{"type":"Feature","id":"B-P-00081","geometry":{"type":"Polygon","coordinates":[[[-80.603267,43.30199],[-80.6034174,43.3019789],[-80.6034292,43.3020639],[-80.6032789,43.302075],[-80.603267,43.30199]]]},"properties":{"premiseId":"P-00081","address":"60 Spruce Street","premiseType":"residential","heightM":3.7,"stories":1,"roof":"gable","yearBuilt":1990,"solar":false,"heatingFuel":"gas"}},{"type":"Feature","id":"B-P-00082","geometry":{"type":"Polygon","coordinates":[[[-80.6032764,43.3021503],[-80.6034408,43.3021399],[-80.6034538,43.3022489],[-80.6032894,43.3022593],[-80.6032764,43.3021503]]]},"properties":{"premiseId":"P-00082","address":"64 Spruce Street","premiseType":"residential","heightM":3.7,"stories":1,"roof":"gable","yearBuilt":1991,"solar":true,"heatingFuel":"gas"}},{"type":"Feature","id":"B-P-00083","geometry":{"type":"Polygon","coordinates":[[[-80.6033176,43.3022932],[-80.6034464,43.3022869],[-80.6034549,43.3023793],[-80.6033261,43.3023856],[-80.6033176,43.3022932]]]},"properties":{"premiseId":"P-00083","address":"68 Spruce Street","premiseType":"residential","heightM":6.3,"stories":2,"roof":"gable","yearBuilt":1997,"solar":true,"heatingFuel":"gas"}},{"type":"Feature","id":"B-P-00084","geometry":{"type":"Polygon","coordinates":[[[-80.6033533,43.3024501],[-80.6034782,43.3024456],[-80.6034841,43.3025339],[-80.6033594,43.3025384],[-80.6033533,43.3024501]]]},"properties":{"premiseId":"P-00084","address":"72 Spruce Street","premiseType":"residential","heightM":6.3,"stories":2,"roof":"gable","yearBuilt":1997,"solar":false,"heatingFuel":"gas"}},{"type":"Feature","id":"B-P-00085","geometry":{"type":"Polygon","coordinates":[[[-80.6033386,43.3026004],[-80.6034771,43.3025979],[-80.6034808,43.3027065],[-80.6033423,43.302709],[-80.6033386,43.3026004]]]},"properties":{"premiseId":"P-00085","address":"74 Spruce Street","premiseType":"residential","heightM":3.7,"stories":1,"roof":"hip","yearBuilt":2004,"solar":true,"heatingFuel":"gas"}},{"type":"Feature","id":"B-P-00086","geometry":{"type":"Polygon","coordinates":[[[-80.60334,43.302739],[-80.603485,43.302739],[-80.603485,43.3028222],[-80.60334,43.3028222],[-80.60334,43.302739]]]},"properties":{"premiseId":"P-00086","address":"78 Spruce Street","premiseType":"residential","heightM":6.3,"stories":2,"roof":"gable","yearBuilt":2006,"solar":false,"heatingFuel":"electric_resistance"}},{"type":"Feature","id":"B-P-00087","geometry":{"type":"Polygon","coordinates":[[[-80.6024717,43.2992609],[-80.60249,43.2993508],[-80.6023831,43.2993623],[-80.6023647,43.2992724],[-80.6024717,43.2992609]]]},"properties":{"premiseId":"P-00087","address":"9 Barley Crescent","premiseType":"residential","heightM":3.7,"stories":1,"roof":"hip","yearBuilt":1949,"solar":false,"heatingFuel":"gas"}},{"type":"Feature","id":"B-P-00088","geometry":{"type":"Polygon","coordinates":[[[-80.6024339,43.2990985],[-80.6024566,43.2992167],[-80.6023478,43.2992277],[-80.6023251,43.2991096],[-80.6024339,43.2990985]]]},"properties":{"premiseId":"P-00088","address":"13 Barley Crescent","premiseType":"residential","heightM":3.7,"stories":1,"roof":"hip","yearBuilt":1952,"solar":false,"heatingFuel":"heat_pump"}},{"type":"Feature","id":"B-P-00089","geometry":{"type":"Polygon","coordinates":[[[-80.6024189,43.2989064],[-80.6024401,43.2990326],[-80.6023084,43.2990444],[-80.6022871,43.2989182],[-80.6024189,43.2989064]]]},"properties":{"premiseId":"P-00089","address":"17 Barley Crescent","premiseType":"residential","heightM":3.7,"stories":1,"roof":"hip","yearBuilt":1957,"solar":false,"heatingFuel":"gas"}},{"type":"Feature","id":"B-P-00090","geometry":{"type":"Polygon","coordinates":[[[-80.602381,43.2987138],[-80.6023942,43.2988117],[-80.6022783,43.29882],[-80.6022652,43.2987221],[-80.602381,43.2987138]]]},"properties":{"premiseId":"P-00090","address":"23 Barley Crescent","premiseType":"residential","heightM":3.7,"stories":1,"roof":"gable","yearBuilt":1959,"solar":false,"heatingFuel":"gas"}},{"type":"Feature","id":"B-P-00091","geometry":{"type":"Polygon","coordinates":[[[-80.6023758,43.2985532],[-80.6023869,43.2986762],[-80.6022635,43.298682],[-80.6022524,43.298559],[-80.6023758,43.2985532]]]},"properties":{"premiseId":"P-00091","address":"27 Barley Crescent","premiseType":"residential","heightM":3.7,"stories":1,"roof":"hip","yearBuilt":1963,"solar":false,"heatingFuel":"heat_pump"}},{"type":"Feature","id":"B-P-00092","geometry":{"type":"Polygon","coordinates":[[[-80.6023565,43.2983583],[-80.6023614,43.2984733],[-80.6022441,43.2984759],[-80.6022392,43.2983609],[-80.6023565,43.2983583]]]},"properties":{"premiseId":"P-00092","address":"31 Barley Crescent","premiseType":"residential","heightM":3.7,"stories":1,"roof":"hip","yearBuilt":1965,"solar":false,"heatingFuel":"heat_pump"}},{"type":"Feature","id":"B-P-00093","geometry":{"type":"Polygon","coordinates":[[[-80.6023436,43.2982088],[-80.6023429,43.2983084],[-80.6022281,43.2983079],[-80.6022288,43.2982083],[-80.6023436,43.2982088]]]},"properties":{"premiseId":"P-00093","address":"35 Barley Crescent","premiseType":"residential","heightM":3.7,"stories":1,"roof":"gable","yearBuilt":1968,"solar":false,"heatingFuel":"gas"}},{"type":"Feature","id":"B-P-00094","geometry":{"type":"Polygon","coordinates":[[[-80.6029861,43.2994942],[-80.602895,43.2995039],[-80.6028787,43.2994229],[-80.6029697,43.2994132],[-80.6029861,43.2994942]]]},"properties":{"premiseId":"P-00094","address":"6 Barley Crescent","premiseType":"residential","heightM":3.7,"stories":1,"roof":"gable","yearBuilt":1964,"solar":false,"heatingFuel":"gas"}},{"type":"Feature","id":"B-P-00095","geometry":{"type":"Polygon","coordinates":[[[-80.6030268,43.2993291],[-80.6029045,43.2993423],[-80.6028849,43.2992464],[-80.6030072,43.2992332],[-80.6030268,43.2993291]]]},"properties":{"premiseId":"P-00095","address":"10 Barley Crescent","premiseType":"residential","heightM":3.7,"stories":1,"roof":"hip","yearBuilt":1963,"solar":false,"heatingFuel":"gas"}},{"type":"Feature","id":"B-P-00096","geometry":{"type":"Polygon","coordinates":[[[-80.6029981,43.2991497],[-80.6028636,43.2991635],[-80.6028441,43.2990638],[-80.6029786,43.2990499],[-80.6029981,43.2991497]]]},"properties":{"premiseId":"P-00096","address":"14 Barley Crescent","premiseType":"residential","heightM":3.7,"stories":1,"roof":"hip","yearBuilt":1966,"solar":false,"heatingFuel":"gas"}},{"type":"Feature","id":"B-P-00097","geometry":{"type":"Polygon","coordinates":[[[-80.6029637,43.2989632],[-80.6028417,43.2989742],[-80.6028238,43.2988698],[-80.6029459,43.2988588],[-80.6029637,43.2989632]]]},"properties":{"premiseId":"P-00097","address":"18 Barley Crescent","premiseType":"residential","heightM":3.7,"stories":1,"roof":"hip","yearBuilt":1966,"solar":false,"heatingFuel":"gas"}},{"type":"Feature","id":"B-P-00098","geometry":{"type":"Polygon","coordinates":[[[-80.6029399,43.2988209],[-80.6028067,43.2988308],[-80.6027919,43.2987249],[-80.6029251,43.2987151],[-80.6029399,43.2988209]]]},"properties":{"premiseId":"P-00098","address":"22 Barley Crescent","premiseType":"residential","heightM":3.7,"stories":1,"roof":"hip","yearBuilt":1968,"solar":false,"heatingFuel":"gas"}},{"type":"Feature","id":"B-P-00099","geometry":{"type":"Polygon","coordinates":[[[-80.6029145,43.2986615],[-80.6027818,43.2986682],[-80.6027705,43.2985501],[-80.6029033,43.2985434],[-80.6029145,43.2986615]]]},"properties":{"premiseId":"P-00099","address":"26 Barley Crescent","premiseType":"residential","heightM":3.7,"stories":1,"roof":"hip","yearBuilt":1972,"solar":false,"heatingFuel":"gas"}},{"type":"Feature","id":"B-P-00100","geometry":{"type":"Polygon","coordinates":[[[-80.6028989,43.2984667],[-80.6027675,43.29847],[-80.6027627,43.2983716],[-80.6028941,43.2983682],[-80.6028989,43.2984667]]]},"properties":{"premiseId":"P-00100","address":"32 Barley Crescent","premiseType":"residential","heightM":3.7,"stories":1,"roof":"hip","yearBuilt":1972,"solar":true,"heatingFuel":"gas"}},{"type":"Feature","id":"B-P-00101","geometry":{"type":"Polygon","coordinates":[[[-80.6029081,43.2982899],[-80.6027734,43.2982894],[-80.6027742,43.2981874],[-80.6029087,43.2981879],[-80.6029081,43.2982899]]]},"properties":{"premiseId":"P-00101","address":"36 Barley Crescent","premiseType":"residential","heightM":6.3,"stories":2,"roof":"hip","yearBuilt":1977,"solar":false,"heatingFuel":"gas"}},{"type":"Feature","id":"B-P-00102","geometry":{"type":"Polygon","coordinates":[[[-80.6028838,43.2971993],[-80.6029031,43.2971045],[-80.6030643,43.2971219],[-80.6030451,43.2972167],[-80.6028838,43.2971993]]]},"properties":{"premiseId":"P-00102","address":"64 Barley Crescent","premiseType":"residential","heightM":3.7,"stories":1,"roof":"hip","yearBuilt":1999,"solar":false,"heatingFuel":"gas"}},{"type":"Feature","id":"B-P-00103","geometry":{"type":"Polygon","coordinates":[[[-80.602839,43.2973442],[-80.6028573,43.2972536],[-80.6029721,43.2972659],[-80.6029537,43.2973565],[-80.602839,43.2973442]]]},"properties":{"premiseId":"P-00103","address":"60 Barley Crescent","premiseType":"residential","heightM":6.3,"stories":2,"roof":"gable","yearBuilt":1997,"solar":false,"heatingFuel":"gas"}},{"type":"Feature","id":"B-P-00104","geometry":{"type":"Polygon","coordinates":[[[-80.602382,43.2970702],[-80.6025248,43.2970858],[-80.6025048,43.2971834],[-80.602362,43.297168],[-80.602382,43.2970702]]]},"properties":{"premiseId":"P-00104","address":"63 Barley Crescent","premiseType":"residential","heightM":6.3,"stories":2,"roof":"hip","yearBuilt":1999,"solar":false,"heatingFuel":"gas"}},{"type":"Feature","id":"B-P-00105","geometry":{"type":"Polygon","coordinates":[[[-80.6023471,43.2971898],[-80.6024961,43.2972057],[-80.6024748,43.2973116],[-80.6023257,43.2972957],[-80.6023471,43.2971898]]]},"properties":{"premiseId":"P-00105","address":"59 Barley Crescent","premiseType":"residential","heightM":6.3,"stories":2,"roof":"hip","yearBuilt":1991,"solar":false,"heatingFuel":"gas"}},{"type":"Feature","id":"B-P-00106","geometry":{"type":"Polygon","coordinates":[[[-80.6023245,43.2973632],[-80.6024645,43.2973774],[-80.6024483,43.2974619],[-80.6023084,43.2974477],[-80.6023245,43.2973632]]]},"properties":{"premiseId":"P-00106","address":"55 Barley Crescent","premiseType":"residential","heightM":6.3,"stories":2,"roof":"gable","yearBuilt":1990,"solar":false,"heatingFuel":"gas"}},{"type":"Feature","id":"B-P-00107","geometry":{"type":"Polygon","coordinates":[[[-80.6023046,43.2975267],[-80.6024362,43.2975387],[-80.6024209,43.297627],[-80.6022894,43.297615],[-80.6023046,43.2975267]]]},"properties":{"premiseId":"P-00107","address":"51 Barley Crescent","premiseType":"residential","heightM":6.3,"stories":2,"roof":"gable","yearBuilt":1982,"solar":false,"heatingFuel":"gas"}},{"type":"Feature","id":"B-P-00108","geometry":{"type":"Polygon","coordinates":[[[-80.6022773,43.298045],[-80.6024108,43.298045],[-80.6024108,43.298135],[-80.6022773,43.298135],[-80.6022773,43.298045]]]},"properties":{"premiseId":"P-00108","address":"14 Huron Trail","premiseType":"residential","heightM":6.3,"stories":2,"roof":"gable","yearBuilt":1971,"solar":true,"heatingFuel":"gas"}},{"type":"Feature","id":"B-P-00109","geometry":{"type":"Polygon","coordinates":[[[-80.6020671,43.298043],[-80.6021978,43.298043],[-80.6021978,43.2981344],[-80.6020671,43.2981344],[-80.6020671,43.298043]]]},"properties":{"premiseId":"P-00109","address":"10 Huron Trail","premiseType":"residential","heightM":3.7,"stories":1,"roof":"hip","yearBuilt":1968,"solar":false,"heatingFuel":"gas"}},{"type":"Feature","id":"B-P-00110","geometry":{"type":"Polygon","coordinates":[[[-80.6018162,43.29804],[-80.6019842,43.29804],[-80.6019842,43.2981231],[-80.6018162,43.2981231],[-80.6018162,43.29804]]]},"properties":{"premiseId":"P-00110","address":"6 Huron Trail","premiseType":"residential","heightM":3.7,"stories":1,"roof":"gable","yearBuilt":1967,"solar":false,"heatingFuel":"heat_pump"}},{"type":"Feature","id":"B-P-00111","geometry":{"type":"Polygon","coordinates":[[[-80.6024221,43.2976595],[-80.6024221,43.2977684],[-80.6022977,43.2977684],[-80.6022977,43.2976595],[-80.6024221,43.2976595]]]},"properties":{"premiseId":"P-00111","address":"13 Huron Trail","premiseType":"residential","heightM":6.3,"stories":2,"roof":"gable","yearBuilt":1982,"solar":false,"heatingFuel":"gas"}},{"type":"Feature","id":"B-P-00112","geometry":{"type":"Polygon","coordinates":[[[-80.6021986,43.297651],[-80.6021986,43.2977594],[-80.6020739,43.2977594],[-80.6020739,43.297651],[-80.6021986,43.297651]]]},"properties":{"premiseId":"P-00112","address":"9 Huron Trail","premiseType":"residential","heightM":6.3,"stories":2,"roof":"hip","yearBuilt":1976,"solar":false,"heatingFuel":"gas"}},{"type":"Feature","id":"B-P-00113","geometry":{"type":"Polygon","coordinates":[[[-80.6019467,43.2976822],[-80.6019467,43.2977591],[-80.6018278,43.2977591],[-80.6018278,43.2976822],[-80.6019467,43.2976822]]]},"properties":{"premiseId":"P-00113","address":"5 Huron Trail","premiseType":"residential","heightM":3.7,"stories":1,"roof":"gable","yearBuilt":1978,"solar":false,"heatingFuel":"gas"}},{"type":"Feature","id":"B-P-00114","geometry":{"type":"Polygon","coordinates":[[[-80.6026759,43.299999],[-80.6026913,43.2999081],[-80.6027962,43.2999175],[-80.6027809,43.3000084],[-80.6026759,43.299999]]]},"properties":{"premiseId":"P-00114","address":"7 Talbot Crescent","premiseType":"residential","heightM":3.7,"stories":1,"roof":"gable","yearBuilt":1953,"solar":false,"heatingFuel":"gas"}},{"type":"Feature","id":"B-P-00115","geometry":{"type":"Polygon","coordinates":[[[-80.6026579,43.3001462],[-80.6026737,43.3000479],[-80.6027848,43.3000573],[-80.6027691,43.3001556],[-80.6026579,43.3001462]]]},"properties":{"premiseId":"P-00115","address":"11 Talbot Crescent","premiseType":"residential","heightM":3.7,"stories":1,"roof":"hip","yearBuilt":1956,"solar":true,"heatingFuel":"gas"}},{"type":"Feature","id":"B-P-00116","geometry":{"type":"Polygon","coordinates":[[[-80.6026301,43.3002979],[-80.6026441,43.3002023],[-80.6027642,43.3002116],[-80.6027503,43.3003071],[-80.6026301,43.3002979]]]},"properties":{"premiseId":"P-00116","address":"15 Talbot Crescent","premiseType":"residential","heightM":3.7,"stories":1,"roof":"gable","yearBuilt":1954,"solar":false,"heatingFuel":"heat_pump"}},{"type":"Feature","id":"B-P-00117","geometry":{"type":"Polygon","coordinates":[[[-80.6026296,43.300437],[-80.6026407,43.300347],[-80.602768,43.3003554],[-80.6027568,43.3004454],[-80.6026296,43.300437]]]},"properties":{"premiseId":"P-00117","address":"19 Talbot Crescent","premiseType":"residential","heightM":6.3,"stories":2,"roof":"gable","yearBuilt":1955,"solar":false,"heatingFuel":"gas"}},{"type":"Feature","id":"B-P-00118","geometry":{"type":"Polygon","coordinates":[[[-80.6026121,43.3005932],[-80.6026223,43.3004921],[-80.6027454,43.3004987],[-80.6027352,43.3005997],[-80.6026121,43.3005932]]]},"properties":{"premiseId":"P-00118","address":"23 Talbot Crescent","premiseType":"residential","heightM":3.7,"stories":1,"roof":"gable","yearBuilt":1958,"solar":false,"heatingFuel":"heat_pump"}},{"type":"Feature","id":"B-P-00119","geometry":{"type":"Polygon","coordinates":[[[-80.6025884,43.3007528],[-80.6025959,43.3006524],[-80.6027135,43.3006571],[-80.602706,43.3007575],[-80.6025884,43.3007528]]]},"properties":{"premiseId":"P-00119","address":"27 Talbot Crescent","premiseType":"residential","heightM":3.7,"stories":1,"roof":"hip","yearBuilt":1959,"solar":false,"heatingFuel":"electric_resistance"}},{"type":"Feature","id":"B-P-00120","geometry":{"type":"Polygon","coordinates":[[[-80.6025811,43.3008819],[-80.6025853,43.3007908],[-80.602699,43.3007935],[-80.6026949,43.3008847],[-80.6025811,43.3008819]]]},"properties":{"premiseId":"P-00120","address":"29 Talbot Crescent","premiseType":"residential","heightM":6.3,"stories":2,"roof":"gable","yearBuilt":1961,"solar":false,"heatingFuel":"gas"}},{"type":"Feature","id":"B-P-00121","geometry":{"type":"Polygon","coordinates":[[[-80.6025736,43.3010319],[-80.6025744,43.3009376],[-80.6026922,43.3009381],[-80.6026913,43.3010325],[-80.6025736,43.3010319]]]},"properties":{"premiseId":"P-00121","address":"33 Talbot Crescent","premiseType":"residential","heightM":6.3,"stories":2,"roof":"gable","yearBuilt":1963,"solar":true,"heatingFuel":"gas"}},{"type":"Feature","id":"B-P-00122","geometry":{"type":"Polygon","coordinates":[[[-80.6025901,43.3011925],[-80.6025875,43.3010863],[-80.602711,43.3010847],[-80.6027135,43.3011909],[-80.6025901,43.3011925]]]},"properties":{"premiseId":"P-00122","address":"37 Talbot Crescent","premiseType":"residential","heightM":3.7,"stories":1,"roof":"gable","yearBuilt":1960,"solar":false,"heatingFuel":"gas"}},{"type":"Feature","id":"B-P-00123","geometry":{"type":"Polygon","coordinates":[[[-80.6025889,43.3013317],[-80.6025844,43.3012551],[-80.6027103,43.3012513],[-80.6027148,43.3013278],[-80.6025889,43.3013317]]]},"properties":{"premiseId":"P-00123","address":"41 Talbot Crescent","premiseType":"residential","heightM":3.7,"stories":1,"roof":"gable","yearBuilt":1967,"solar":false,"heatingFuel":"gas"}},{"type":"Feature","id":"B-P-00124","geometry":{"type":"Polygon","coordinates":[[[-80.6025952,43.301498],[-80.6025872,43.3014033],[-80.6027131,43.3013977],[-80.6027211,43.3014924],[-80.6025952,43.301498]]]},"properties":{"premiseId":"P-00124","address":"45 Talbot Crescent","premiseType":"residential","heightM":6.3,"stories":2,"roof":"gable","yearBuilt":1968,"solar":false,"heatingFuel":"gas"}},{"type":"Feature","id":"B-P-00125","geometry":{"type":"Polygon","coordinates":[[[-80.602612,43.301663],[-80.6025999,43.3015566],[-80.6027079,43.3015501],[-80.60272,43.3016566],[-80.602612,43.301663]]]},"properties":{"premiseId":"P-00125","address":"49 Talbot Crescent","premiseType":"residential","heightM":3.7,"stories":1,"roof":"gable","yearBuilt":1968,"solar":false,"heatingFuel":"gas"}},{"type":"Feature","id":"B-P-00126","geometry":{"type":"Polygon","coordinates":[[[-80.6026305,43.3017962],[-80.6026188,43.3017094],[-80.6027237,43.3017019],[-80.6027353,43.3017887],[-80.6026305,43.3017962]]]},"properties":{"premiseId":"P-00126","address":"53 Talbot Crescent","premiseType":"residential","heightM":6.3,"stories":2,"roof":"gable","yearBuilt":1972,"solar":false,"heatingFuel":"gas"}},{"type":"Feature","id":"B-P-00127","geometry":{"type":"Polygon","coordinates":[[[-80.6026512,43.3019284],[-80.602638,43.3018419],[-80.602767,43.3018316],[-80.6027802,43.3019181],[-80.6026512,43.3019284]]]},"properties":{"premiseId":"P-00127","address":"57 Talbot Crescent","premiseType":"residential","heightM":3.7,"stories":1,"roof":"hip","yearBuilt":1974,"solar":false,"heatingFuel":"gas"}},{"type":"Feature","id":"B-P-00128","geometry":{"type":"Polygon","coordinates":[[[-80.6026755,43.3020957],[-80.60266,43.3020018],[-80.6028072,43.3019889],[-80.6028228,43.3020827],[-80.6026755,43.3020957]]]},"properties":{"premiseId":"P-00128","address":"61 Talbot Crescent","premiseType":"residential","heightM":6.3,"stories":2,"roof":"hip","yearBuilt":1981,"solar":false,"heatingFuel":"gas"}},{"type":"Feature","id":"B-P-00129","geometry":{"type":"Polygon","coordinates":[[[-80.6027108,43.3022367],[-80.6026948,43.302142],[-80.6028498,43.3021281],[-80.6028659,43.3022227],[-80.6027108,43.3022367]]]},"properties":{"premiseId":"P-00129","address":"63 Talbot Crescent","premiseType":"residential","heightM":6.3,"stories":2,"roof":"gable","yearBuilt":1983,"solar":true,"heatingFuel":"gas"}},{"type":"Feature","id":"B-P-00130","geometry":{"type":"Polygon","coordinates":[[[-80.6027263,43.3023998],[-80.6027105,43.302307],[-80.6028419,43.3022953],[-80.6028576,43.3023882],[-80.6027263,43.3023998]]]},"properties":{"premiseId":"P-00130","address":"67 Talbot Crescent","premiseType":"residential","heightM":6.3,"stories":2,"roof":"gable","yearBuilt":1991,"solar":false,"heatingFuel":"gas"}},{"type":"Feature","id":"B-P-00131","geometry":{"type":"Polygon","coordinates":[[[-80.6027434,43.3025226],[-80.6027282,43.3024291],[-80.6028748,43.3024165],[-80.6028901,43.30251],[-80.6027434,43.3025226]]]},"properties":{"premiseId":"P-00131","address":"71 Talbot Crescent","premiseType":"residential","heightM":6.3,"stories":2,"roof":"gable","yearBuilt":1992,"solar":false,"heatingFuel":"gas"}},{"type":"Feature","id":"B-P-00132","geometry":{"type":"Polygon","coordinates":[[[-80.6027744,43.302699],[-80.6027585,43.3025933],[-80.6029071,43.3025815],[-80.602923,43.3026871],[-80.6027744,43.302699]]]},"properties":{"premiseId":"P-00132","address":"75 Talbot Crescent","premiseType":"residential","heightM":6.3,"stories":2,"roof":"gable","yearBuilt":1997,"solar":false,"heatingFuel":"electric_resistance"}},{"type":"Feature","id":"B-P-00133","geometry":{"type":"Polygon","coordinates":[[[-80.6028007,43.3028273],[-80.6027876,43.30273],[-80.6029436,43.3027188],[-80.6029567,43.3028163],[-80.6028007,43.3028273]]]},"properties":{"premiseId":"P-00133","address":"79 Talbot Crescent","premiseType":"residential","heightM":6.3,"stories":2,"roof":"gable","yearBuilt":2002,"solar":false,"heatingFuel":"electric_resistance"}},{"type":"Feature","id":"B-P-00134","geometry":{"type":"Polygon","coordinates":[[[-80.6028133,43.3029811],[-80.6028041,43.3028953],[-80.6029636,43.3028863],[-80.6029729,43.3029721],[-80.6028133,43.3029811]]]},"properties":{"premiseId":"P-00134","address":"83 Talbot Crescent","premiseType":"residential","heightM":6.3,"stories":2,"roof":"gable","yearBuilt":2005,"solar":false,"heatingFuel":"gas"}},{"type":"Feature","id":"B-P-00135","geometry":{"type":"Polygon","coordinates":[[[-80.6028188,43.3031287],[-80.6028102,43.3030229],[-80.6029561,43.3030166],[-80.6029647,43.3031224],[-80.6028188,43.3031287]]]},"properties":{"premiseId":"P-00135","address":"87 Talbot Crescent","premiseType":"residential","heightM":6.3,"stories":2,"roof":"gable","yearBuilt":2009,"solar":false,"heatingFuel":"gas"}},{"type":"Feature","id":"B-P-00136","geometry":{"type":"Polygon","coordinates":[[[-80.6021797,43.2999065],[-80.6022897,43.2999162],[-80.602274,43.3000102],[-80.602164,43.3000004],[-80.6021797,43.2999065]]]},"properties":{"premiseId":"P-00136","address":"10 Talbot Crescent","premiseType":"residential","heightM":3.7,"stories":1,"roof":"gable","yearBuilt":1945,"solar":false,"heatingFuel":"gas"}},{"type":"Feature","id":"B-P-00137","geometry":{"type":"Polygon","coordinates":[[[-80.6021534,43.3000589],[-80.6022693,43.3000685],[-80.6022536,43.3001688],[-80.6021377,43.3001592],[-80.6021534,43.3000589]]]},"properties":{"premiseId":"P-00137","address":"14 Talbot Crescent","premiseType":"residential","heightM":3.7,"stories":1,"roof":"gable","yearBuilt":1946,"solar":false,"heatingFuel":"gas"}},{"type":"Feature","id":"B-P-00138","geometry":{"type":"Polygon","coordinates":[[[-80.6021213,43.3002131],[-80.6022311,43.3002211],[-80.6022161,43.3003301],[-80.6021063,43.3003221],[-80.6021213,43.3002131]]]},"properties":{"premiseId":"P-00138","address":"18 Talbot Crescent","premiseType":"residential","heightM":3.7,"stories":1,"roof":"gable","yearBuilt":1947,"solar":false,"heatingFuel":"gas"}},{"type":"Feature","id":"B-P-00139","geometry":{"type":"Polygon","coordinates":[[[-80.602095,43.3004198],[-80.6022134,43.3004269],[-80.6022012,43.3005353],[-80.6020828,43.3005282],[-80.602095,43.3004198]]]},"properties":{"premiseId":"P-00139","address":"22 Talbot Crescent","premiseType":"residential","heightM":3.7,"stories":1,"roof":"hip","yearBuilt":1947,"solar":false,"heatingFuel":"gas"}},{"type":"Feature","id":"B-P-00140","geometry":{"type":"Polygon","coordinates":[[[-80.6020612,43.3005788],[-80.6021928,43.3005846],[-80.6021838,43.3006925],[-80.6020521,43.3006867],[-80.6020612,43.3005788]]]},"properties":{"premiseId":"P-00140","address":"26 Talbot Crescent","premiseType":"residential","heightM":3.7,"stories":1,"roof":"gable","yearBuilt":1944,"solar":false,"heatingFuel":"gas"}},{"type":"Feature","id":"B-P-00141","geometry":{"type":"Polygon","coordinates":[[[-80.6020689,43.3007341],[-80.6021849,43.300737],[-80.6021788,43.3008653],[-80.6020628,43.3008625],[-80.6020689,43.3007341]]]},"properties":{"premiseId":"P-00141","address":"30 Talbot Crescent","premiseType":"residential","heightM":3.7,"stories":1,"roof":"hip","yearBuilt":1946,"solar":false,"heatingFuel":"heat_pump"}},{"type":"Feature","id":"B-P-00142","geometry":{"type":"Polygon","coordinates":[[[-80.6020508,43.3009379],[-80.6021775,43.3009386],[-80.6021765,43.3010368],[-80.60205,43.3010362],[-80.6020508,43.3009379]]]},"properties":{"premiseId":"P-00142","address":"34 Talbot Crescent","premiseType":"residential","heightM":3.7,"stories":1,"roof":"hip","yearBuilt":1950,"solar":false,"heatingFuel":"gas"}},{"type":"Feature","id":"B-P-00143","geometry":{"type":"Polygon","coordinates":[[[-80.6020615,43.3010774],[-80.6021843,43.3010758],[-80.6021875,43.3012072],[-80.6020645,43.3012087],[-80.6020615,43.3010774]]]},"properties":{"premiseId":"P-00143","address":"38 Talbot Crescent","premiseType":"residential","heightM":3.7,"stories":1,"roof":"gable","yearBuilt":1955,"solar":false,"heatingFuel":"gas"}},{"type":"Feature","id":"B-P-00144","geometry":{"type":"Polygon","coordinates":[[[-80.602061,43.3012659],[-80.6021851,43.3012618],[-80.6021919,43.3013703],[-80.6020677,43.3013744],[-80.602061,43.3012659]]]},"properties":{"premiseId":"P-00144","address":"42 Talbot Crescent","premiseType":"residential","heightM":3.7,"stories":1,"roof":"gable","yearBuilt":1959,"solar":false,"heatingFuel":"gas"}},{"type":"Feature","id":"B-P-00145","geometry":{"type":"Polygon","coordinates":[[[-80.6020611,43.3014611],[-80.6021849,43.301455],[-80.6021936,43.3015487],[-80.60207,43.3015549],[-80.6020611,43.3014611]]]},"properties":{"premiseId":"P-00145","address":"48 Talbot Crescent","premiseType":"residential","heightM":6.3,"stories":2,"roof":"gable","yearBuilt":1958,"solar":false,"heatingFuel":"gas"}},{"type":"Feature","id":"B-P-00146","geometry":{"type":"Polygon","coordinates":[[[-80.6020745,43.301612],[-80.6022015,43.3016039],[-80.6022141,43.3017074],[-80.6020871,43.3017156],[-80.6020745,43.301612]]]},"properties":{"premiseId":"P-00146","address":"52 Talbot Crescent","premiseType":"residential","heightM":3.7,"stories":1,"roof":"gable","yearBuilt":1966,"solar":false,"heatingFuel":"gas"}},{"type":"Feature","id":"B-P-00147","geometry":{"type":"Polygon","coordinates":[[[-80.6021037,43.3017809],[-80.6022282,43.3017714],[-80.602243,43.3018739],[-80.6021185,43.3018834],[-80.6021037,43.3017809]]]},"properties":{"premiseId":"P-00147","address":"56 Talbot Crescent","premiseType":"residential","heightM":3.7,"stories":1,"roof":"hip","yearBuilt":1967,"solar":false,"heatingFuel":"electric_resistance"}},{"type":"Feature","id":"B-P-00148","geometry":{"type":"Polygon","coordinates":[[[-80.602124,43.3019704],[-80.6022544,43.3019594],[-80.6022724,43.3020719],[-80.6021421,43.3020829],[-80.602124,43.3019704]]]},"properties":{"premiseId":"P-00148","address":"60 Talbot Crescent","premiseType":"residential","heightM":3.7,"stories":1,"roof":"hip","yearBuilt":1974,"solar":true,"heatingFuel":"gas"}},{"type":"Feature","id":"B-P-00149","geometry":{"type":"Polygon","coordinates":[[[-80.6021528,43.3021536],[-80.6022746,43.3021427],[-80.6022921,43.3022463],[-80.6021703,43.3022572],[-80.6021528,43.3021536]]]},"properties":{"premiseId":"P-00149","address":"64 Talbot Crescent","premiseType":"residential","heightM":3.7,"stories":1,"roof":"gable","yearBuilt":1978,"solar":false,"heatingFuel":"gas"}},{"type":"Feature","id":"B-P-00150","geometry":{"type":"Polygon","coordinates":[[[-80.6021962,43.3023288],[-80.6023246,43.3023172],[-80.6023392,43.3024032],[-80.6022108,43.3024148],[-80.6021962,43.3023288]]]},"properties":{"premiseId":"P-00150","address":"68 Talbot Crescent","premiseType":"residential","heightM":6.3,"stories":2,"roof":"gable","yearBuilt":1978,"solar":false,"heatingFuel":"gas"}},{"type":"Feature","id":"B-P-00151","geometry":{"type":"Polygon","coordinates":[[[-80.602217,43.3024775],[-80.6023565,43.3024655],[-80.602376,43.3025861],[-80.6022365,43.3025981],[-80.602217,43.3024775]]]},"properties":{"premiseId":"P-00151","address":"72 Talbot Crescent","premiseType":"residential","heightM":6.3,"stories":2,"roof":"hip","yearBuilt":1985,"solar":false,"heatingFuel":"electric_resistance"}},{"type":"Feature","id":"B-P-00152","geometry":{"type":"Polygon","coordinates":[[[-80.6022471,43.3026513],[-80.6023709,43.3026417],[-80.6023871,43.3027515],[-80.6022633,43.3027611],[-80.6022471,43.3026513]]]},"properties":{"premiseId":"P-00152","address":"76 Talbot Crescent","premiseType":"residential","heightM":3.7,"stories":1,"roof":"hip","yearBuilt":1987,"solar":true,"heatingFuel":"gas"}},{"type":"Feature","id":"B-P-00153","geometry":{"type":"Polygon","coordinates":[[[-80.6022675,43.3028057],[-80.6024,43.3027968],[-80.6024115,43.3028875],[-80.6022791,43.3028964],[-80.6022675,43.3028057]]]},"properties":{"premiseId":"P-00153","address":"80 Talbot Crescent","premiseType":"residential","heightM":6.3,"stories":2,"roof":"gable","yearBuilt":1995,"solar":false,"heatingFuel":"gas"}},{"type":"Feature","id":"B-P-00154","geometry":{"type":"Polygon","coordinates":[[[-80.602278,43.3029722],[-80.6024131,43.3029651],[-80.6024242,43.3030781],[-80.6022891,43.3030851],[-80.602278,43.3029722]]]},"properties":{"premiseId":"P-00154","address":"84 Talbot Crescent","premiseType":"residential","heightM":6.3,"stories":2,"roof":"gable","yearBuilt":2001,"solar":false,"heatingFuel":"heat_pump"}},{"type":"Feature","id":"B-P-00155","geometry":{"type":"Polygon","coordinates":[[[-80.6016937,43.298244],[-80.6017025,43.2981904],[-80.6017883,43.298198],[-80.6017795,43.2982515],[-80.6016937,43.298244]]]},"properties":{"premiseId":"P-00155","address":"36 Osprey Gate","premiseType":"residential","heightM":3.7,"stories":1,"roof":"gable","yearBuilt":1962,"solar":false,"heatingFuel":"gas"}},{"type":"Feature","id":"B-P-00156","geometry":{"type":"Polygon","coordinates":[[[-80.6017627,43.2984656],[-80.6017745,43.298376],[-80.6018989,43.2983846],[-80.6018872,43.2984742],[-80.6017627,43.2984656]]]},"properties":{"premiseId":"P-00156","address":"32 Osprey Gate","premiseType":"residential","heightM":3.7,"stories":1,"roof":"hip","yearBuilt":1956,"solar":false,"heatingFuel":"heat_pump"}},{"type":"Feature","id":"B-P-00157","geometry":{"type":"Polygon","coordinates":[[[-80.6017489,43.2986457],[-80.6017572,43.2985546],[-80.601871,43.2985601],[-80.6018627,43.2986512],[-80.6017489,43.2986457]]]},"properties":{"premiseId":"P-00157","address":"28 Osprey Gate","premiseType":"residential","heightM":3.7,"stories":1,"roof":"gable","yearBuilt":1955,"solar":false,"heatingFuel":"gas"}},{"type":"Feature","id":"B-P-00158","geometry":{"type":"Polygon","coordinates":[[[-80.6017372,43.2988288],[-80.6017424,43.298709],[-80.6018598,43.2987117],[-80.6018547,43.2988315],[-80.6017372,43.2988288]]]},"properties":{"premiseId":"P-00158","address":"22 Osprey Gate","premiseType":"residential","heightM":3.7,"stories":1,"roof":"gable","yearBuilt":1949,"solar":false,"heatingFuel":"gas"}},{"type":"Feature","id":"B-P-00159","geometry":{"type":"Polygon","coordinates":[[[-80.6017524,43.298966],[-80.6017511,43.2988611],[-80.6018798,43.2988604],[-80.601881,43.2989653],[-80.6017524,43.298966]]]},"properties":{"premiseId":"P-00159","address":"18 Osprey Gate","premiseType":"residential","heightM":6.3,"stories":2,"roof":"hip","yearBuilt":1950,"solar":false,"heatingFuel":"gas"}},{"type":"Feature","id":"B-P-00160","geometry":{"type":"Polygon","coordinates":[[[-80.6017556,43.2991732],[-80.6017476,43.2990499],[-80.601869,43.2990457],[-80.6018769,43.2991691],[-80.6017556,43.2991732]]]},"properties":{"premiseId":"P-00160","address":"14 Osprey Gate","premiseType":"residential","heightM":6.3,"stories":2,"roof":"hip","yearBuilt":1946,"solar":false,"heatingFuel":"gas"}},{"type":"Feature","id":"B-P-00161","geometry":{"type":"Polygon","coordinates":[[[-80.6017458,43.299332],[-80.6017345,43.2992299],[-80.6018727,43.2992218],[-80.6018841,43.2993239],[-80.6017458,43.299332]]]},"properties":{"premiseId":"P-00161","address":"10 Osprey Gate","premiseType":"residential","heightM":6.3,"stories":2,"roof":"gable","yearBuilt":1946,"solar":true,"heatingFuel":"gas"}},{"type":"Feature","id":"B-P-00162","geometry":{"type":"Polygon","coordinates":[[[-80.601715,43.2994822],[-80.601706,43.299421],[-80.6017751,43.2994156],[-80.6017842,43.2994768],[-80.601715,43.2994822]]]},"properties":{"premiseId":"P-00162","address":"6 Osprey Gate","premiseType":"residential","heightM":3.7,"stories":1,"roof":"gable","yearBuilt":1942,"solar":false,"heatingFuel":"gas"}},{"type":"Feature","id":"B-P-00163","geometry":{"type":"Polygon","coordinates":[[[-80.6013247,43.2979804],[-80.6014419,43.2979924],[-80.6014207,43.2981037],[-80.6013033,43.2980918],[-80.6013247,43.2979804]]]},"properties":{"premiseId":"P-00163","address":"39 Osprey Gate","premiseType":"residential","heightM":6.3,"stories":2,"roof":"gable","yearBuilt":1958,"solar":false,"heatingFuel":"gas"}},{"type":"Feature","id":"B-P-00164","geometry":{"type":"Polygon","coordinates":[[[-80.6013027,43.2981652],[-80.6014097,43.2981747],[-80.6013933,43.298273],[-80.6012863,43.2982636],[-80.6013027,43.2981652]]]},"properties":{"premiseId":"P-00164","address":"35 Osprey Gate","premiseType":"residential","heightM":3.7,"stories":1,"roof":"hip","yearBuilt":1958,"solar":true,"heatingFuel":"gas"}},{"type":"Feature","id":"B-P-00165","geometry":{"type":"Polygon","coordinates":[[[-80.6012781,43.2983262],[-80.6013874,43.2983338],[-80.6013713,43.2984551],[-80.6012621,43.2984474],[-80.6012781,43.2983262]]]},"properties":{"premiseId":"P-00165","address":"31 Osprey Gate","premiseType":"residential","heightM":6.3,"stories":2,"roof":"hip","yearBuilt":1951,"solar":true,"heatingFuel":"gas"}},{"type":"Feature","id":"B-P-00166","geometry":{"type":"Polygon","coordinates":[[[-80.6012369,43.2985138],[-80.6013501,43.298519],[-80.6013417,43.2986145],[-80.6012285,43.2986092],[-80.6012369,43.2985138]]]},"properties":{"premiseId":"P-00166","address":"25 Osprey Gate","premiseType":"residential","heightM":3.7,"stories":1,"roof":"hip","yearBuilt":1948,"solar":false,"heatingFuel":"gas"}},{"type":"Feature","id":"B-P-00167","geometry":{"type":"Polygon","coordinates":[[[-80.6012214,43.2992445],[-80.6013655,43.2992362],[-80.6013759,43.2993307],[-80.6012316,43.299339],[-80.6012214,43.2992445]]]},"properties":{"premiseId":"P-00167","address":"9 Osprey Gate","premiseType":"residential","heightM":6.3,"stories":2,"roof":"gable","yearBuilt":1934,"solar":false,"heatingFuel":"gas"}},{"type":"Feature","id":"B-P-00168","geometry":{"type":"Polygon","coordinates":[[[-80.6014993,43.2976613],[-80.6014792,43.2977591],[-80.6013597,43.297746],[-80.6013797,43.2976484],[-80.6014993,43.2976613]]]},"properties":{"premiseId":"P-00168","address":"47 Osprey Gate","premiseType":"residential","heightM":6.3,"stories":2,"roof":"hip","yearBuilt":1971,"solar":false,"heatingFuel":"gas"}},{"type":"Feature","id":"B-P-00169","geometry":{"type":"Polygon","coordinates":[[[-80.6015269,43.2974928],[-80.601505,43.2976056],[-80.6013834,43.297593],[-80.6014053,43.2974803],[-80.6015269,43.2974928]]]},"properties":{"premiseId":"P-00169","address":"51 Osprey Gate","premiseType":"residential","heightM":3.7,"stories":1,"roof":"gable","yearBuilt":1975,"solar":false,"heatingFuel":"gas"}},{"type":"Feature","id":"B-P-00170","geometry":{"type":"Polygon","coordinates":[[[-80.6015714,43.2973799],[-80.601558,43.2974571],[-80.6014078,43.2974432],[-80.6014212,43.2973661],[-80.6015714,43.2973799]]]},"properties":{"premiseId":"P-00170","address":"55 Osprey Gate","premiseType":"residential","heightM":6.3,"stories":2,"roof":"hip","yearBuilt":1977,"solar":false,"heatingFuel":"heat_pump"}},{"type":"Feature","id":"B-P-00171","geometry":{"type":"Polygon","coordinates":[[[-80.6015938,43.2972088],[-80.6015807,43.297297],[-80.6014452,43.2972863],[-80.6014582,43.2971981],[-80.6015938,43.2972088]]]},"properties":{"premiseId":"P-00171","address":"59 Osprey Gate","premiseType":"residential","heightM":6.3,"stories":2,"roof":"gable","yearBuilt":1984,"solar":false,"heatingFuel":"gas"}},{"type":"Feature","id":"B-P-00172","geometry":{"type":"Polygon","coordinates":[[[-80.601615,43.2970557],[-80.6016036,43.2971533],[-80.6014632,43.2971448],[-80.6014744,43.2970471],[-80.601615,43.2970557]]]},"properties":{"premiseId":"P-00172","address":"63 Osprey Gate","premiseType":"residential","heightM":6.3,"stories":2,"roof":"gable","yearBuilt":1985,"solar":false,"heatingFuel":"gas"}},{"type":"Feature","id":"B-P-00173","geometry":{"type":"Polygon","coordinates":[[[-80.6019847,43.2974988],[-80.6018905,43.29749],[-80.6019032,43.2974178],[-80.6019974,43.2974265],[-80.6019847,43.2974988]]]},"properties":{"premiseId":"P-00173","address":"56 Osprey Gate","premiseType":"residential","heightM":6.3,"stories":2,"roof":"hip","yearBuilt":1982,"solar":true,"heatingFuel":"gas"}},{"type":"Feature","id":"B-P-00174","geometry":{"type":"Polygon","coordinates":[[[-80.6020937,43.2973619],[-80.6019593,43.2973513],[-80.6019736,43.2972553],[-80.602108,43.2972659],[-80.6020937,43.2973619]]]},"properties":{"premiseId":"P-00174","address":"60 Osprey Gate","premiseType":"residential","heightM":3.7,"stories":1,"roof":"hip","yearBuilt":1987,"solar":false,"heatingFuel":"gas"}},{"type":"Feature","id":"B-P-00175","geometry":{"type":"Polygon","coordinates":[[[-80.6021359,43.2971941],[-80.6019757,43.2971843],[-80.601987,43.2970857],[-80.6021472,43.2970954],[-80.6021359,43.2971941]]]},"properties":{"premiseId":"P-00175","address":"64 Osprey Gate","premiseType":"residential","heightM":3.7,"stories":1,"roof":"gable","yearBuilt":1994,"solar":false,"heatingFuel":"gas"}},{"type":"Feature","id":"B-P-00176","geometry":{"type":"Polygon","coordinates":[[[-80.6021487,43.297025],[-80.6020058,43.2970191],[-80.6020131,43.296925],[-80.602156,43.2969308],[-80.6021487,43.297025]]]},"properties":{"premiseId":"P-00176","address":"66 Osprey Gate","premiseType":"residential","heightM":3.7,"stories":1,"roof":"gable","yearBuilt":1995,"solar":true,"heatingFuel":"gas"}},{"type":"Feature","id":"B-P-00177","geometry":{"type":"Polygon","coordinates":[[[-80.6017411,43.3000131],[-80.6017531,43.2999206],[-80.6018858,43.2999297],[-80.6018738,43.3000222],[-80.6017411,43.3000131]]]},"properties":{"premiseId":"P-00177","address":"9 Ridge Lane","premiseType":"residential","heightM":3.7,"stories":1,"roof":"gable","yearBuilt":1936,"solar":false,"heatingFuel":"electric_resistance"}},{"type":"Feature","id":"B-P-00178","geometry":{"type":"Polygon","coordinates":[[[-80.6017236,43.3002092],[-80.6017424,43.3000847],[-80.6018659,43.3000945],[-80.6018472,43.300219],[-80.6017236,43.3002092]]]},"properties":{"premiseId":"P-00178","address":"13 Ridge Lane","premiseType":"residential","heightM":6.3,"stories":2,"roof":"gable","yearBuilt":1939,"solar":false,"heatingFuel":"gas"}},{"type":"Feature","id":"B-P-00179","geometry":{"type":"Polygon","coordinates":[[[-80.6016849,43.3003602],[-80.601703,43.30025],[-80.601839,43.3002619],[-80.601821,43.300372],[-80.6016849,43.3003602]]]},"properties":{"premiseId":"P-00179","address":"17 Ridge Lane","premiseType":"residential","heightM":6.3,"stories":2,"roof":"gable","yearBuilt":1940,"solar":false,"heatingFuel":"gas"}},{"type":"Feature","id":"B-P-00180","geometry":{"type":"Polygon","coordinates":[[[-80.6016667,43.3005223],[-80.6016852,43.3004139],[-80.6018221,43.3004262],[-80.6018037,43.3005347],[-80.6016667,43.3005223]]]},"properties":{"premiseId":"P-00180","address":"21 Ridge Lane","premiseType":"residential","heightM":6.3,"stories":2,"roof":"gable","yearBuilt":1938,"solar":false,"heatingFuel":"gas"}},{"type":"Feature","id":"B-P-00181","geometry":{"type":"Polygon","coordinates":[[[-80.6016288,43.3007222],[-80.6016481,43.300608],[-80.6017932,43.300621],[-80.601774,43.3007352],[-80.6016288,43.3007222]]]},"properties":{"premiseId":"P-00181","address":"25 Ridge Lane","premiseType":"residential","heightM":6.3,"stories":2,"roof":"gable","yearBuilt":1940,"solar":false,"heatingFuel":"gas"}},{"type":"Feature","id":"B-P-00182","geometry":{"type":"Polygon","coordinates":[[[-80.6015987,43.3008777],[-80.6016151,43.3007745],[-80.601755,43.3007863],[-80.6017386,43.3008894],[-80.6015987,43.3008777]]]},"properties":{"premiseId":"P-00182","address":"29 Ridge Lane","premiseType":"residential","heightM":3.7,"stories":1,"roof":"gable","yearBuilt":1939,"solar":false,"heatingFuel":"gas"}},{"type":"Feature","id":"B-P-00183","geometry":{"type":"Polygon","coordinates":[[[-80.6015933,43.3010378],[-80.6016083,43.3009326],[-80.6017409,43.3009426],[-80.601726,43.3010479],[-80.6015933,43.3010378]]]},"properties":{"premiseId":"P-00183","address":"33 Ridge Lane","premiseType":"residential","heightM":6.3,"stories":2,"roof":"hip","yearBuilt":1944,"solar":false,"heatingFuel":"gas"}},{"type":"Feature","id":"B-P-00184","geometry":{"type":"Polygon","coordinates":[[[-80.6015772,43.3012111],[-80.601588,43.3011196],[-80.6017187,43.3011277],[-80.6017081,43.3012192],[-80.6015772,43.3012111]]]},"properties":{"premiseId":"P-00184","address":"37 Ridge Lane","premiseType":"residential","heightM":3.7,"stories":1,"roof":"hip","yearBuilt":1947,"solar":false,"heatingFuel":"electric_resistance"}},{"type":"Feature","id":"B-P-00185","geometry":{"type":"Polygon","coordinates":[[[-80.6015797,43.3013601],[-80.6015894,43.301249],[-80.6017211,43.3012551],[-80.6017114,43.3013663],[-80.6015797,43.3013601]]]},"properties":{"premiseId":"P-00185","address":"41 Ridge Lane","premiseType":"residential","heightM":3.7,"stories":1,"roof":"gable","yearBuilt":1951,"solar":false,"heatingFuel":"gas"}},{"type":"Feature","id":"B-P-00186","geometry":{"type":"Polygon","coordinates":[[[-80.6015544,43.30154],[-80.6015595,43.3014461],[-80.6016935,43.3014499],[-80.6016884,43.3015438],[-80.6015544,43.30154]]]},"properties":{"premiseId":"P-00186","address":"47 Ridge Lane","premiseType":"residential","heightM":3.7,"stories":1,"roof":"hip","yearBuilt":1953,"solar":false,"heatingFuel":"heat_pump"}},{"type":"Feature","id":"B-P-00187","geometry":{"type":"Polygon","coordinates":[[[-80.6015464,43.3016982],[-80.6015486,43.3015878],[-80.6016713,43.301589],[-80.6016691,43.3016994],[-80.6015464,43.3016982]]]},"properties":{"premiseId":"P-00187","address":"51 Ridge Lane","premiseType":"residential","heightM":3.7,"stories":1,"roof":"hip","yearBuilt":1958,"solar":false,"heatingFuel":"electric_resistance"}},{"type":"Feature","id":"B-P-00188","geometry":{"type":"Polygon","coordinates":[[[-80.6015649,43.3018763],[-80.601563,43.3017717],[-80.6016781,43.3017707],[-80.6016799,43.3018752],[-80.6015649,43.3018763]]]},"properties":{"premiseId":"P-00188","address":"55 Ridge Lane","premiseType":"residential","heightM":3.7,"stories":1,"roof":"gable","yearBuilt":1960,"solar":false,"heatingFuel":"electric_resistance"}},{"type":"Feature","id":"B-P-00189","geometry":{"type":"Polygon","coordinates":[[[-80.6015607,43.3020225],[-80.6015549,43.3019135],[-80.6016613,43.3019104],[-80.6016672,43.3020194],[-80.6015607,43.3020225]]]},"properties":{"premiseId":"P-00189","address":"59 Ridge Lane","premiseType":"residential","heightM":3.7,"stories":1,"roof":"hip","yearBuilt":1965,"solar":false,"heatingFuel":"gas"}},{"type":"Feature","id":"B-P-00190","geometry":{"type":"Polygon","coordinates":[[[-80.601565,43.3021934],[-80.601557,43.302102],[-80.6016834,43.3020962],[-80.6016913,43.3021876],[-80.601565,43.3021934]]]},"properties":{"premiseId":"P-00190","address":"63 Ridge Lane","premiseType":"residential","heightM":6.3,"stories":2,"roof":"hip","yearBuilt":1972,"solar":true,"heatingFuel":"electric_resistance"}},{"type":"Feature","id":"B-P-00191","geometry":{"type":"Polygon","coordinates":[[[-80.6015877,43.3023677],[-80.6015736,43.3022477],[-80.6017016,43.3022398],[-80.6017156,43.3023598],[-80.6015877,43.3023677]]]},"properties":{"premiseId":"P-00191","address":"67 Ridge Lane","premiseType":"residential","heightM":3.7,"stories":1,"roof":"gable","yearBuilt":1971,"solar":false,"heatingFuel":"gas"}},{"type":"Feature","id":"B-P-00192","geometry":{"type":"Polygon","coordinates":[[[-80.6016072,43.302511],[-80.6015954,43.3024264],[-80.6017192,43.3024174],[-80.601731,43.3025019],[-80.6016072,43.302511]]]},"properties":{"premiseId":"P-00192","address":"71 Ridge Lane","premiseType":"residential","heightM":3.7,"stories":1,"roof":"hip","yearBuilt":1979,"solar":false,"heatingFuel":"gas"}},{"type":"Feature","id":"B-P-00193","geometry":{"type":"Polygon","coordinates":[[[-80.6016257,43.3027075],[-80.601608,43.3025943],[-80.6017436,43.302583],[-80.6017615,43.3026962],[-80.6016257,43.3027075]]]},"properties":{"premiseId":"P-00193","address":"75 Ridge Lane","premiseType":"residential","heightM":6.3,"stories":2,"roof":"gable","yearBuilt":1980,"solar":false,"heatingFuel":"gas"}},{"type":"Feature","id":"B-P-00194","geometry":{"type":"Polygon","coordinates":[[[-80.6016576,43.3028448],[-80.6016428,43.302756],[-80.6017726,43.3027445],[-80.6017874,43.3028333],[-80.6016576,43.3028448]]]},"properties":{"premiseId":"P-00194","address":"79 Ridge Lane","premiseType":"residential","heightM":3.7,"stories":1,"roof":"hip","yearBuilt":1984,"solar":false,"heatingFuel":"gas"}},{"type":"Feature","id":"B-P-00195","geometry":{"type":"Polygon","coordinates":[[[-80.6016833,43.3030216],[-80.6016661,43.302921],[-80.6018273,43.3029065],[-80.6018445,43.303007],[-80.6016833,43.3030216]]]},"properties":{"premiseId":"P-00195","address":"83 Ridge Lane","premiseType":"residential","heightM":6.3,"stories":2,"roof":"gable","yearBuilt":1994,"solar":true,"heatingFuel":"gas"}},{"type":"Feature","id":"B-P-00196","geometry":{"type":"Polygon","coordinates":[[[-80.6017162,43.3031988],[-80.6016991,43.3030955],[-80.6018457,43.3030826],[-80.6018628,43.3031859],[-80.6017162,43.3031988]]]},"properties":{"premiseId":"P-00196","address":"87 Ridge Lane","premiseType":"residential","heightM":6.3,"stories":2,"roof":"gable","yearBuilt":1996,"solar":true,"heatingFuel":"gas"}},{"type":"Feature","id":"B-P-00197","geometry":{"type":"Polygon","coordinates":[[[-80.6012626,43.299861],[-80.601391,43.2998698],[-80.6013765,43.2999825],[-80.6012482,43.2999738],[-80.6012626,43.299861]]]},"properties":{"premiseId":"P-00197","address":"10 Ridge Lane","premiseType":"residential","heightM":3.7,"stories":1,"roof":"gable","yearBuilt":1927,"solar":false,"heatingFuel":"gas"}},{"type":"Feature","id":"B-P-00198","geometry":{"type":"Polygon","coordinates":[[[-80.6012385,43.300057],[-80.6013674,43.3000672],[-80.601352,43.3001713],[-80.601223,43.3001611],[-80.6012385,43.300057]]]},"properties":{"premiseId":"P-00198","address":"14 Ridge Lane","premiseType":"residential","heightM":6.3,"stories":2,"roof":"gable","yearBuilt":1928,"solar":false,"heatingFuel":"gas"}},{"type":"Feature","id":"B-P-00199","geometry":{"type":"Polygon","coordinates":[[[-80.6012337,43.3001966],[-80.601356,43.3002072],[-80.6013401,43.3003038],[-80.6012179,43.3002932],[-80.6012337,43.3001966]]]},"properties":{"premiseId":"P-00199","address":"18 Ridge Lane","premiseType":"residential","heightM":6.3,"stories":2,"roof":"gable","yearBuilt":1929,"solar":false,"heatingFuel":"gas"}},{"type":"Feature","id":"B-P-00200","geometry":{"type":"Polygon","coordinates":[[[-80.6012015,43.3003607],[-80.6013168,43.300371],[-80.6012979,43.300482],[-80.6011826,43.3004716],[-80.6012015,43.3003607]]]},"properties":{"premiseId":"P-00200","address":"22 Ridge Lane","premiseType":"residential","heightM":6.3,"stories":2,"roof":"gable","yearBuilt":1928,"solar":false,"heatingFuel":"electric_resistance"}},{"type":"Feature","id":"B-P-00201","geometry":{"type":"Polygon","coordinates":[[[-80.6011683,43.3005548],[-80.6012914,43.3005658],[-80.6012716,43.3006826],[-80.6011485,43.3006717],[-80.6011683,43.3005548]]]},"properties":{"premiseId":"P-00201","address":"26 Ridge Lane","premiseType":"residential","heightM":3.7,"stories":1,"roof":"gable","yearBuilt":1931,"solar":false,"heatingFuel":"gas"}},{"type":"Feature","id":"B-P-00202","geometry":{"type":"Polygon","coordinates":[[[-80.6011264,43.3007178],[-80.6012663,43.3007295],[-80.6012485,43.3008421],[-80.6011087,43.3008303],[-80.6011264,43.3007178]]]},"properties":{"premiseId":"P-00202","address":"30 Ridge Lane","premiseType":"residential","heightM":6.3,"stories":2,"roof":"gable","yearBuilt":1931,"solar":false,"heatingFuel":"gas"}},{"type":"Feature","id":"B-P-00203","geometry":{"type":"Polygon","coordinates":[[[-80.6011183,43.3008786],[-80.6012458,43.3008883],[-80.6012312,43.3009911],[-80.6011036,43.3009815],[-80.6011183,43.3008786]]]},"properties":{"premiseId":"P-00203","address":"34 Ridge Lane","premiseType":"residential","heightM":3.7,"stories":1,"roof":"gable","yearBuilt":1935,"solar":false,"heatingFuel":"gas"}},{"type":"Feature","id":"B-P-00204","geometry":{"type":"Polygon","coordinates":[[[-80.6010836,43.3010707],[-80.6012006,43.3010782],[-80.6011899,43.301167],[-80.6010729,43.3011595],[-80.6010836,43.3010707]]]},"properties":{"premiseId":"P-00204","address":"38 Ridge Lane","premiseType":"residential","heightM":6.3,"stories":2,"roof":"gable","yearBuilt":1937,"solar":false,"heatingFuel":"gas"}},{"type":"Feature","id":"B-P-00205","geometry":{"type":"Polygon","coordinates":[[[-80.6010893,43.3012128],[-80.6011975,43.3012182],[-80.6011871,43.3013287],[-80.6010789,43.3013232],[-80.6010893,43.3012128]]]},"properties":{"premiseId":"P-00205","address":"42 Ridge Lane","premiseType":"residential","heightM":6.3,"stories":2,"roof":"gable","yearBuilt":1943,"solar":false,"heatingFuel":"gas"}},{"type":"Feature","id":"B-P-00206","geometry":{"type":"Polygon","coordinates":[[[-80.6010874,43.3013971],[-80.6011701,43.3013998],[-80.6011638,43.3015026],[-80.6010811,43.3014999],[-80.6010874,43.3013971]]]},"properties":{"premiseId":"P-00206","address":"46 Ridge Lane","premiseType":"residential","heightM":6.3,"stories":2,"roof":"hip","yearBuilt":1946,"solar":false,"heatingFuel":"gas"}},{"type":"Feature","id":"B-P-00207","geometry":{"type":"Polygon","coordinates":[[[-80.6010702,43.3015581],[-80.6011489,43.3015591],[-80.6011463,43.3016678],[-80.6010676,43.3016668],[-80.6010702,43.3015581]]]},"properties":{"premiseId":"P-00207","address":"50 Ridge Lane","premiseType":"residential","heightM":3.7,"stories":1,"roof":"gable","yearBuilt":1953,"solar":false,"heatingFuel":"gas"}},{"type":"Feature","id":"B-P-00208","geometry":{"type":"Polygon","coordinates":[[[-80.6010603,43.3017461],[-80.6011384,43.3017457],[-80.6011397,43.3018473],[-80.6010615,43.3018478],[-80.6010603,43.3017461]]]},"properties":{"premiseId":"P-00208","address":"54 Ridge Lane","premiseType":"residential","heightM":3.7,"stories":1,"roof":"gable","yearBuilt":1956,"solar":false,"heatingFuel":"gas"}},{"type":"Feature","id":"B-P-00209","geometry":{"type":"Polygon","coordinates":[[[-80.6010691,43.3019151],[-80.6011497,43.3019131],[-80.6011548,43.3020248],[-80.6010742,43.3020268],[-80.6010691,43.3019151]]]},"properties":{"premiseId":"P-00209","address":"58 Ridge Lane","premiseType":"residential","heightM":3.7,"stories":1,"roof":"gable","yearBuilt":1961,"solar":false,"heatingFuel":"gas"}},{"type":"Feature","id":"B-P-00210","geometry":{"type":"Polygon","coordinates":[[[-80.6010603,43.3020866],[-80.6011464,43.3020829],[-80.6011551,43.3021914],[-80.6010689,43.3021951],[-80.6010603,43.3020866]]]},"properties":{"premiseId":"P-00210","address":"64 Ridge Lane","premiseType":"residential","heightM":3.7,"stories":1,"roof":"gable","yearBuilt":1966,"solar":false,"heatingFuel":"gas"}},{"type":"Feature","id":"B-P-00211","geometry":{"type":"Polygon","coordinates":[[[-80.6010893,43.3022533],[-80.6011831,43.3022479],[-80.6011942,43.3023504],[-80.6011004,43.3023558],[-80.6010893,43.3022533]]]},"properties":{"premiseId":"P-00211","address":"68 Ridge Lane","premiseType":"residential","heightM":6.3,"stories":2,"roof":"hip","yearBuilt":1971,"solar":true,"heatingFuel":"gas"}},{"type":"Feature","id":"B-P-00212","geometry":{"type":"Polygon","coordinates":[[[-80.6010807,43.3024248],[-80.6011851,43.3024173],[-80.6012017,43.3025402],[-80.6010973,43.3025477],[-80.6010807,43.3024248]]]},"properties":{"premiseId":"P-00212","address":"72 Ridge Lane","premiseType":"residential","heightM":6.3,"stories":2,"roof":"hip","yearBuilt":1973,"solar":false,"heatingFuel":"gas"}},{"type":"Feature","id":"B-P-00213","geometry":{"type":"Polygon","coordinates":[[[-80.6011093,43.3026039],[-80.6012264,43.3025943],[-80.6012406,43.3026861],[-80.6011235,43.3026957],[-80.6011093,43.3026039]]]},"properties":{"premiseId":"P-00213","address":"76 Ridge Lane","premiseType":"residential","heightM":3.7,"stories":1,"roof":"gable","yearBuilt":1975,"solar":false,"heatingFuel":"gas"}},{"type":"Feature","id":"B-P-00214","geometry":{"type":"Polygon","coordinates":[[[-80.6011278,43.3027752],[-80.6012622,43.3027635],[-80.6012814,43.3028785],[-80.6011469,43.3028903],[-80.6011278,43.3027752]]]},"properties":{"premiseId":"P-00214","address":"80 Ridge Lane","premiseType":"residential","heightM":6.3,"stories":2,"roof":"hip","yearBuilt":1980,"solar":false,"heatingFuel":"gas"}},{"type":"Feature","id":"B-P-00215","geometry":{"type":"Polygon","coordinates":[[[-80.6000612,43.2999469],[-80.6000662,43.2998544],[-80.6001401,43.2998564],[-80.6001353,43.2999491],[-80.6000612,43.2999469]]]},"properties":{"premiseId":"P-00215","address":"7 Wentworth Street","premiseType":"residential","heightM":3.7,"stories":1,"roof":"gable","yearBuilt":1912,"solar":false,"heatingFuel":"gas"}},{"type":"Feature","id":"B-P-00216","geometry":{"type":"Polygon","coordinates":[[[-80.6000604,43.3001061],[-80.6000686,43.3000104],[-80.6001426,43.3000138],[-80.6001342,43.3001095],[-80.6000604,43.3001061]]]},"properties":{"premiseId":"P-00216","address":"11 Wentworth Street","premiseType":"residential","heightM":3.7,"stories":1,"roof":"gable","yearBuilt":1909,"solar":true,"heatingFuel":"gas"}},{"type":"Feature","id":"B-P-00217","geometry":{"type":"Polygon","coordinates":[[[-80.6000411,43.3002582],[-80.600052,43.3001656],[-80.6001257,43.3001701],[-80.6001149,43.3002627],[-80.6000411,43.3002582]]]},"properties":{"premiseId":"P-00217","address":"15 Wentworth Street","premiseType":"residential","heightM":3.7,"stories":1,"roof":"gable","yearBuilt":1914,"solar":false,"heatingFuel":"gas"}},{"type":"Feature","id":"B-P-00218","geometry":{"type":"Polygon","coordinates":[[[-80.6000186,43.3003774],[-80.600029,43.3003027],[-80.6001027,43.3003082],[-80.6000923,43.3003829],[-80.6000186,43.3003774]]]},"properties":{"premiseId":"P-00218","address":"17 Wentworth Street","premiseType":"residential","heightM":6.3,"stories":2,"roof":"gable","yearBuilt":1915,"solar":false,"heatingFuel":"gas"}},{"type":"Feature","id":"B-P-00219","geometry":{"type":"Polygon","coordinates":[[[-80.5999907,43.3005357],[-80.6000065,43.30044],[-80.6000801,43.3004464],[-80.6000643,43.300542],[-80.5999907,43.3005357]]]},"properties":{"premiseId":"P-00219","address":"21 Wentworth Street","premiseType":"residential","heightM":6.3,"stories":2,"roof":"gable","yearBuilt":1916,"solar":false,"heatingFuel":"gas"}},{"type":"Feature","id":"B-P-00220","geometry":{"type":"Polygon","coordinates":[[[-80.5999858,43.3006592],[-80.6000004,43.3005825],[-80.6000738,43.3005899],[-80.6000591,43.3006666],[-80.5999858,43.3006592]]]},"properties":{"premiseId":"P-00220","address":"25 Wentworth Street","premiseType":"residential","heightM":6.3,"stories":2,"roof":"gable","yearBuilt":1918,"solar":false,"heatingFuel":"gas"}},{"type":"Feature","id":"B-P-00221","geometry":{"type":"Polygon","coordinates":[[[-80.5994978,43.3005456],[-80.5996133,43.3005573],[-80.5995963,43.3006462],[-80.5994808,43.3006345],[-80.5994978,43.3005456]]]},"properties":{"premiseId":"P-00221","address":"26 Wentworth Street","premiseType":"residential","heightM":3.7,"stories":1,"roof":"gable","yearBuilt":1925,"solar":false,"heatingFuel":"gas"}},{"type":"Feature","id":"B-P-00222","geometry":{"type":"Polygon","coordinates":[[[-80.5993704,43.3031981],[-80.5993872,43.303302],[-80.5992274,43.3033157],[-80.5992106,43.3032117],[-80.5993704,43.3031981]]]},"properties":{"premiseId":"P-00222","address":"90 Wentworth Street","premiseType":"residential","heightM":6.3,"stories":2,"roof":"hip","yearBuilt":1993,"solar":true,"heatingFuel":"electric_resistance"}},{"type":"Feature","id":"B-P-00223","geometry":{"type":"Polygon","coordinates":[[[-80.5993479,43.3030178],[-80.5993609,43.3031149],[-80.5992083,43.3031257],[-80.5991955,43.3030286],[-80.5993479,43.3030178]]]},"properties":{"premiseId":"P-00223","address":"86 Wentworth Street","premiseType":"residential","heightM":6.3,"stories":2,"roof":"hip","yearBuilt":1988,"solar":false,"heatingFuel":"gas"}},{"type":"Feature","id":"B-P-00224","geometry":{"type":"Polygon","coordinates":[[[-80.5993362,43.3028427],[-80.5993474,43.3029532],[-80.5991828,43.302962],[-80.5991716,43.3028516],[-80.5993362,43.3028427]]]},"properties":{"premiseId":"P-00224","address":"82 Wentworth Street","premiseType":"residential","heightM":6.3,"stories":2,"roof":"gable","yearBuilt":1986,"solar":false,"heatingFuel":"gas"}},{"type":"Feature","id":"B-P-00225","geometry":{"type":"Polygon","coordinates":[[[-80.5993149,43.3027017],[-80.5993211,43.3027998],[-80.5991599,43.3028052],[-80.5991536,43.3027072],[-80.5993149,43.3027017]]]},"properties":{"premiseId":"P-00225","address":"78 Wentworth Street","premiseType":"residential","heightM":3.7,"stories":1,"roof":"hip","yearBuilt":1978,"solar":false,"heatingFuel":"gas"}},{"type":"Feature","id":"B-P-00226","geometry":{"type":"Polygon","coordinates":[[[-80.5993082,43.302492],[-80.5993105,43.3026029],[-80.599183,43.3026042],[-80.5991807,43.3024934],[-80.5993082,43.302492]]]},"properties":{"premiseId":"P-00226","address":"74 Wentworth Street","premiseType":"residential","heightM":3.7,"stories":1,"roof":"hip","yearBuilt":1974,"solar":false,"heatingFuel":"gas"}},{"type":"Feature","id":"B-P-00227","geometry":{"type":"Polygon","coordinates":[[[-80.5993104,43.302342],[-80.5993082,43.3024527],[-80.5991911,43.3024516],[-80.5991932,43.3023408],[-80.5993104,43.302342]]]},"properties":{"premiseId":"P-00227","address":"70 Wentworth Street","premiseType":"residential","heightM":3.7,"stories":1,"roof":"gable","yearBuilt":1971,"solar":false,"heatingFuel":"gas"}},{"type":"Feature","id":"B-P-00228","geometry":{"type":"Polygon","coordinates":[[[-80.5993136,43.3021779],[-80.5993087,43.3022647],[-80.5992037,43.3022616],[-80.5992087,43.3021746],[-80.5993136,43.3021779]]]},"properties":{"premiseId":"P-00228","address":"66 Wentworth Street","premiseType":"residential","heightM":3.7,"stories":1,"roof":"gable","yearBuilt":1966,"solar":false,"heatingFuel":"gas"}},{"type":"Feature","id":"B-P-00229","geometry":{"type":"Polygon","coordinates":[[[-80.599327,43.3020276],[-80.5993169,43.3021321],[-80.5991895,43.3021255],[-80.5991998,43.302021],[-80.599327,43.3020276]]]},"properties":{"premiseId":"P-00229","address":"62 Wentworth Street","premiseType":"residential","heightM":3.7,"stories":1,"roof":"hip","yearBuilt":1957,"solar":false,"heatingFuel":"electric_resistance"}},{"type":"Feature","id":"B-P-00230","geometry":{"type":"Polygon","coordinates":[[[-80.5993621,43.3018517],[-80.599348,43.3019584],[-80.599213,43.301949],[-80.5992272,43.3018422],[-80.5993621,43.3018517]]]},"properties":{"premiseId":"P-00230","address":"58 Wentworth Street","premiseType":"residential","heightM":3.7,"stories":1,"roof":"hip","yearBuilt":1953,"solar":false,"heatingFuel":"gas"}},{"type":"Feature","id":"B-P-00231","geometry":{"type":"Polygon","coordinates":[[[-80.5993863,43.3016743],[-80.5993695,43.3017769],[-80.5992566,43.3017672],[-80.5992734,43.3016645],[-80.5993863,43.3016743]]]},"properties":{"premiseId":"P-00231","address":"54 Wentworth Street","premiseType":"residential","heightM":3.7,"stories":1,"roof":"gable","yearBuilt":1952,"solar":false,"heatingFuel":"gas"}},{"type":"Feature","id":"B-P-00232","geometry":{"type":"Polygon","coordinates":[[[-80.5994148,43.3014869],[-80.5993951,43.3015932],[-80.5992825,43.301582],[-80.5993022,43.3014757],[-80.5994148,43.3014869]]]},"properties":{"premiseId":"P-00232","address":"50 Wentworth Street","premiseType":"residential","heightM":3.7,"stories":1,"roof":"gable","yearBuilt":1946,"solar":false,"heatingFuel":"gas"}},{"type":"Feature","id":"B-P-00233","geometry":{"type":"Polygon","coordinates":[[[-80.5994622,43.3013468],[-80.5994413,43.3014497],[-80.5993288,43.3014376],[-80.5993498,43.3013347],[-80.5994622,43.3013468]]]},"properties":{"premiseId":"P-00233","address":"46 Wentworth Street","premiseType":"residential","heightM":6.3,"stories":2,"roof":"gable","yearBuilt":1943,"solar":false,"heatingFuel":"gas"}},{"type":"Feature","id":"B-P-00234","geometry":{"type":"Polygon","coordinates":[[[-80.5994917,43.3011551],[-80.5994687,43.3012618],[-80.5993414,43.3012472],[-80.5993642,43.3011407],[-80.5994917,43.3011551]]]},"properties":{"premiseId":"P-00234","address":"42 Wentworth Street","premiseType":"residential","heightM":6.3,"stories":2,"roof":"gable","yearBuilt":1939,"solar":false,"heatingFuel":"gas"}},{"type":"Feature","id":"B-P-00235","geometry":{"type":"Polygon","coordinates":[[[-80.5995391,43.3010012],[-80.5995148,43.3011128],[-80.5993906,43.3010985],[-80.5994149,43.3009868],[-80.5995391,43.3010012]]]},"properties":{"premiseId":"P-00235","address":"38 Wentworth Street","premiseType":"residential","heightM":6.3,"stories":2,"roof":"gable","yearBuilt":1934,"solar":false,"heatingFuel":"gas"}},{"type":"Feature","id":"B-P-00236","geometry":{"type":"Polygon","coordinates":[[[-80.5998815,43.3030137],[-80.5997463,43.3030224],[-80.5997335,43.3029156],[-80.5998687,43.302907],[-80.5998815,43.3030137]]]},"properties":{"premiseId":"P-00236","address":"85 Wentworth Street","premiseType":"residential","heightM":6.3,"stories":2,"roof":"gable","yearBuilt":1981,"solar":false,"heatingFuel":"gas"}},{"type":"Feature","id":"B-P-00237","geometry":{"type":"Polygon","coordinates":[[[-80.5998731,43.3028512],[-80.5997239,43.3028576],[-80.5997149,43.3027468],[-80.5998641,43.3027404],[-80.5998731,43.3028512]]]},"properties":{"premiseId":"P-00237","address":"79 Wentworth Street","premiseType":"residential","heightM":6.3,"stories":2,"roof":"hip","yearBuilt":1981,"solar":false,"heatingFuel":"heat_pump"}},{"type":"Feature","id":"B-P-00238","geometry":{"type":"Polygon","coordinates":[[[-80.599841,43.3026861],[-80.5997066,43.3026888],[-80.5997033,43.3026002],[-80.5998377,43.3025976],[-80.599841,43.3026861]]]},"properties":{"premiseId":"P-00238","address":"75 Wentworth Street","premiseType":"residential","heightM":3.7,"stories":1,"roof":"hip","yearBuilt":1976,"solar":false,"heatingFuel":"gas"}},{"type":"Feature","id":"B-P-00239","geometry":{"type":"Polygon","coordinates":[[[-80.599841,43.3025155],[-80.5997113,43.3025155],[-80.5997114,43.3024147],[-80.5998411,43.3024148],[-80.599841,43.3025155]]]},"properties":{"premiseId":"P-00239","address":"71 Wentworth Street","premiseType":"residential","heightM":3.7,"stories":1,"roof":"hip","yearBuilt":1968,"solar":false,"heatingFuel":"gas"}},{"type":"Feature","id":"B-P-00240","geometry":{"type":"Polygon","coordinates":[[[-80.5998494,43.3023569],[-80.5997187,43.3023538],[-80.5997231,43.3022571],[-80.5998539,43.3022602],[-80.5998494,43.3023569]]]},"properties":{"premiseId":"P-00240","address":"67 Wentworth Street","premiseType":"residential","heightM":3.7,"stories":1,"roof":"gable","yearBuilt":1966,"solar":false,"heatingFuel":"gas"}},{"type":"Feature","id":"B-P-00241","geometry":{"type":"Polygon","coordinates":[[[-80.5998568,43.3021935],[-80.599725,43.3021875],[-80.5997349,43.3020723],[-80.5998667,43.3020783],[-80.5998568,43.3021935]]]},"properties":{"premiseId":"P-00241","address":"63 Wentworth Street","premiseType":"residential","heightM":6.3,"stories":2,"roof":"hip","yearBuilt":1960,"solar":false,"heatingFuel":"gas"}},{"type":"Feature","id":"B-P-00242","geometry":{"type":"Polygon","coordinates":[[[-80.5998618,43.3020246],[-80.5997372,43.3020165],[-80.5997507,43.301907],[-80.5998752,43.3019151],[-80.5998618,43.3020246]]]},"properties":{"premiseId":"P-00242","address":"59 Wentworth Street","premiseType":"residential","heightM":6.3,"stories":2,"roof":"gable","yearBuilt":1956,"solar":false,"heatingFuel":"gas"}},{"type":"Feature","id":"B-P-00243","geometry":{"type":"Polygon","coordinates":[[[-80.5998984,43.3018328],[-80.5997729,43.3018224],[-80.5997898,43.301714],[-80.5999153,43.3017244],[-80.5998984,43.3018328]]]},"properties":{"premiseId":"P-00243","address":"53 Wentworth Street","premiseType":"residential","heightM":6.3,"stories":2,"roof":"gable","yearBuilt":1948,"solar":false,"heatingFuel":"gas"}},{"type":"Feature","id":"B-P-00244","geometry":{"type":"Polygon","coordinates":[[[-80.5998958,43.3016635],[-80.5997874,43.301653],[-80.5998041,43.3015624],[-80.5999124,43.3015729],[-80.5998958,43.3016635]]]},"properties":{"premiseId":"P-00244","address":"49 Wentworth Street","premiseType":"residential","heightM":3.7,"stories":1,"roof":"hip","yearBuilt":1946,"solar":false,"heatingFuel":"gas"}},{"type":"Feature","id":"B-P-00245","geometry":{"type":"Polygon","coordinates":[[[-80.5999195,43.3015223],[-80.5997923,43.3015087],[-80.5998123,43.3014096],[-80.5999395,43.3014232],[-80.5999195,43.3015223]]]},"properties":{"premiseId":"P-00245","address":"45 Wentworth Street","premiseType":"residential","heightM":6.3,"stories":2,"roof":"gable","yearBuilt":1939,"solar":false,"heatingFuel":"gas"}},{"type":"Feature","id":"B-P-00246","geometry":{"type":"Polygon","coordinates":[[[-80.5999658,43.3013494],[-80.5998434,43.3013355],[-80.5998673,43.3012239],[-80.5999898,43.3012377],[-80.5999658,43.3013494]]]},"properties":{"premiseId":"P-00246","address":"41 Wentworth Street","premiseType":"residential","heightM":6.3,"stories":2,"roof":"gable","yearBuilt":1940,"solar":false,"heatingFuel":"electric_resistance"}},{"type":"Feature","id":"B-P-00247","geometry":{"type":"Polygon","coordinates":[[[-80.5999865,43.3011822],[-80.5998732,43.3011691],[-80.5998942,43.3010727],[-80.6000077,43.3010858],[-80.5999865,43.3011822]]]},"properties":{"premiseId":"P-00247","address":"37 Wentworth Street","premiseType":"residential","heightM":6.3,"stories":2,"roof":"gable","yearBuilt":1932,"solar":false,"heatingFuel":"gas"}},{"type":"Feature","id":"B-P-00248","geometry":{"type":"Polygon","coordinates":[[[-80.5999969,43.3009995],[-80.5999014,43.3009876],[-80.5999262,43.3008817],[-80.6000217,43.3008935],[-80.5999969,43.3009995]]]},"properties":{"premiseId":"P-00248","address":"33 Wentworth Street","premiseType":"residential","heightM":6.3,"stories":2,"roof":"gable","yearBuilt":1929,"solar":false,"heatingFuel":"gas"}},{"type":"Feature","id":"B-P-00249","geometry":{"type":"Polygon","coordinates":[[[-80.5992524,43.3008716],[-80.5993662,43.3008716],[-80.5993662,43.3009367],[-80.5992524,43.3009367],[-80.5992524,43.3008716]]]},"properties":{"premiseId":"P-00249","address":"9 Heather Crescent","premiseType":"residential","heightM":6.3,"stories":2,"roof":"gable","yearBuilt":1935,"solar":false,"heatingFuel":"gas"}},{"type":"Feature","id":"B-P-00250","geometry":{"type":"Polygon","coordinates":[[[-80.5990141,43.3009034],[-80.5991467,43.3009034],[-80.5991467,43.3009918],[-80.5990141,43.3009918],[-80.5990141,43.3009034]]]},"properties":{"premiseId":"P-00250","address":"13 Heather Crescent","premiseType":"residential","heightM":3.7,"stories":1,"roof":"gable","yearBuilt":1934,"solar":false,"heatingFuel":"gas"}},{"type":"Feature","id":"B-P-00251","geometry":{"type":"Polygon","coordinates":[[[-80.5993019,43.3005379],[-80.5993019,43.3006008],[-80.5992278,43.3006008],[-80.5992278,43.3005379],[-80.5993019,43.3005379]]]},"properties":{"premiseId":"P-00251","address":"10 Heather Crescent","premiseType":"residential","heightM":6.3,"stories":2,"roof":"gable","yearBuilt":1925,"solar":false,"heatingFuel":"gas"}},{"type":"Feature","id":"B-P-00252","geometry":{"type":"Polygon","coordinates":[[[-80.5991455,43.3005319],[-80.5991455,43.3006381],[-80.5989861,43.3006381],[-80.5989861,43.3005319],[-80.5991455,43.3005319]]]},"properties":{"premiseId":"P-00252","address":"14 Heather Crescent","premiseType":"residential","heightM":3.7,"stories":1,"roof":"gable","yearBuilt":1928,"solar":false,"heatingFuel":"gas"}},{"type":"Feature","id":"B-P-00253","geometry":{"type":"Polygon","coordinates":[[[-80.5994341,43.2988075],[-80.5994301,43.2989093],[-80.5993087,43.2989068],[-80.5993125,43.2988051],[-80.5994341,43.2988075]]]},"properties":{"premiseId":"P-00253","address":"19 Barley Drive","premiseType":"residential","heightM":3.7,"stories":1,"roof":"gable","yearBuilt":1934,"solar":false,"heatingFuel":"gas"}},{"type":"Feature","id":"B-P-00254","geometry":{"type":"Polygon","coordinates":[[[-80.5994315,43.298634],[-80.5994306,43.2987187],[-80.5993031,43.298718],[-80.5993041,43.2986333],[-80.5994315,43.298634]]]},"properties":{"premiseId":"P-00254","address":"23 Barley Drive","premiseType":"residential","heightM":3.7,"stories":1,"roof":"gable","yearBuilt":1942,"solar":false,"heatingFuel":"heat_pump"}},{"type":"Feature","id":"B-P-00255","geometry":{"type":"Polygon","coordinates":[[[-80.5994496,43.298499],[-80.5994507,43.2985801],[-80.5993228,43.298581],[-80.5993217,43.2985],[-80.5994496,43.298499]]]},"properties":{"premiseId":"P-00255","address":"27 Barley Drive","premiseType":"residential","heightM":6.3,"stories":2,"roof":"gable","yearBuilt":1944,"solar":false,"heatingFuel":"gas"}},{"type":"Feature","id":"B-P-00256","geometry":{"type":"Polygon","coordinates":[[[-80.5994123,43.2983563],[-80.5994163,43.2984577],[-80.5993098,43.2984599],[-80.5993058,43.2983584],[-80.5994123,43.2983563]]]},"properties":{"premiseId":"P-00256","address":"29 Barley Drive","premiseType":"residential","heightM":3.7,"stories":1,"roof":"hip","yearBuilt":1948,"solar":false,"heatingFuel":"gas"}},{"type":"Feature","id":"B-P-00257","geometry":{"type":"Polygon","coordinates":[[[-80.5994189,43.2982241],[-80.5994248,43.2983127],[-80.5992891,43.2983176],[-80.5992832,43.298229],[-80.5994189,43.2982241]]]},"properties":{"premiseId":"P-00257","address":"33 Barley Drive","premiseType":"residential","heightM":3.7,"stories":1,"roof":"hip","yearBuilt":1947,"solar":false,"heatingFuel":"gas"}},{"type":"Feature","id":"B-P-00258","geometry":{"type":"Polygon","coordinates":[[[-80.5993923,43.2980747],[-80.5994015,43.2981754],[-80.5992716,43.2981815],[-80.5992626,43.2980809],[-80.5993923,43.2980747]]]},"properties":{"premiseId":"P-00258","address":"37 Barley Drive","premiseType":"residential","heightM":3.7,"stories":1,"roof":"hip","yearBuilt":1954,"solar":false,"heatingFuel":"gas"}},{"type":"Feature","id":"B-P-00259","geometry":{"type":"Polygon","coordinates":[[[-80.5993836,43.2979074],[-80.5993946,43.2980096],[-80.5992809,43.2980161],[-80.5992699,43.2979139],[-80.5993836,43.2979074]]]},"properties":{"premiseId":"P-00259","address":"41 Barley Drive","premiseType":"residential","heightM":3.7,"stories":1,"roof":"gable","yearBuilt":1956,"solar":false,"heatingFuel":"gas"}},{"type":"Feature","id":"B-P-00260","geometry":{"type":"Polygon","coordinates":[[[-80.5993607,43.297767],[-80.599373,43.2978667],[-80.5992404,43.2978754],[-80.5992281,43.2977757],[-80.5993607,43.297767]]]},"properties":{"premiseId":"P-00260","address":"45 Barley Drive","premiseType":"residential","heightM":3.7,"stories":1,"roof":"gable","yearBuilt":1964,"solar":false,"heatingFuel":"gas"}},{"type":"Feature","id":"B-P-00261","geometry":{"type":"Polygon","coordinates":[[[-80.5993521,43.2976266],[-80.5993653,43.297724],[-80.5992342,43.2977334],[-80.599221,43.2976359],[-80.5993521,43.2976266]]]},"properties":{"premiseId":"P-00261","address":"49 Barley Drive","premiseType":"residential","heightM":6.3,"stories":2,"roof":"gable","yearBuilt":1967,"solar":false,"heatingFuel":"gas"}},{"type":"Feature","id":"B-P-00262","geometry":{"type":"Polygon","coordinates":[[[-80.5993148,43.2974813],[-80.5993273,43.2975699],[-80.5992041,43.2975791],[-80.5991916,43.2974906],[-80.5993148,43.2974813]]]},"properties":{"premiseId":"P-00262","address":"53 Barley Drive","premiseType":"residential","heightM":3.7,"stories":1,"roof":"gable","yearBuilt":1970,"solar":false,"heatingFuel":"gas"}},{"type":"Feature","id":"B-P-00263","geometry":{"type":"Polygon","coordinates":[[[-80.5993066,43.2973229],[-80.5993214,43.2974252],[-80.5992114,43.2974336],[-80.5991966,43.2973314],[-80.5993066,43.2973229]]]},"properties":{"premiseId":"P-00263","address":"55 Barley Drive","premiseType":"residential","heightM":3.7,"stories":1,"roof":"hip","yearBuilt":1973,"solar":false,"heatingFuel":"gas"}},{"type":"Feature","id":"B-P-00264","geometry":{"type":"Polygon","coordinates":[[[-80.5993001,43.2971727],[-80.5993125,43.297261],[-80.5991865,43.2972705],[-80.599174,43.2971822],[-80.5993001,43.2971727]]]},"properties":{"premiseId":"P-00264","address":"59 Barley Drive","premiseType":"residential","heightM":6.3,"stories":2,"roof":"gable","yearBuilt":1983,"solar":true,"heatingFuel":"gas"}},{"type":"Feature","id":"B-P-00265","geometry":{"type":"Polygon","coordinates":[[[-80.5992601,43.2970075],[-80.5992746,43.2971158],[-80.5991117,43.2971273],[-80.5990973,43.297019],[-80.5992601,43.2970075]]]},"properties":{"premiseId":"P-00265","address":"63 Barley Drive","premiseType":"residential","heightM":6.3,"stories":2,"roof":"gable","yearBuilt":1987,"solar":false,"heatingFuel":"electric_resistance"}},{"type":"Feature","id":"B-P-00266","geometry":{"type":"Polygon","coordinates":[[[-80.5999382,43.2990786],[-80.599793,43.2990737],[-80.5997992,43.2989789],[-80.5999442,43.2989837],[-80.5999382,43.2990786]]]},"properties":{"premiseId":"P-00266","address":"16 Barley Drive","premiseType":"residential","heightM":3.7,"stories":1,"roof":"gable","yearBuilt":1930,"solar":false,"heatingFuel":"gas"}},{"type":"Feature","id":"B-P-00267","geometry":{"type":"Polygon","coordinates":[[[-80.5999209,43.2989294],[-80.5997953,43.2989267],[-80.5997989,43.2988398],[-80.5999245,43.2988425],[-80.5999209,43.2989294]]]},"properties":{"premiseId":"P-00267","address":"20 Barley Drive","premiseType":"residential","heightM":6.3,"stories":2,"roof":"gable","yearBuilt":1931,"solar":false,"heatingFuel":"gas"}},{"type":"Feature","id":"B-P-00268","geometry":{"type":"Polygon","coordinates":[[[-80.5999345,43.2987855],[-80.5998183,43.2987845],[-80.5998199,43.2986869],[-80.5999361,43.2986879],[-80.5999345,43.2987855]]]},"properties":{"premiseId":"P-00268","address":"24 Barley Drive","premiseType":"residential","heightM":3.7,"stories":1,"roof":"gable","yearBuilt":1935,"solar":false,"heatingFuel":"gas"}},{"type":"Feature","id":"B-P-00269","geometry":{"type":"Polygon","coordinates":[[[-80.599937,43.2986098],[-80.5998024,43.2986105],[-80.5998011,43.2985024],[-80.5999358,43.2985016],[-80.599937,43.2986098]]]},"properties":{"premiseId":"P-00269","address":"26 Barley Drive","premiseType":"residential","heightM":6.3,"stories":2,"roof":"gable","yearBuilt":1941,"solar":false,"heatingFuel":"heat_pump"}},{"type":"Feature","id":"B-P-00270","geometry":{"type":"Polygon","coordinates":[[[-80.5999256,43.2984513],[-80.5998174,43.2984535],[-80.5998144,43.2983672],[-80.5999225,43.2983652],[-80.5999256,43.2984513]]]},"properties":{"premiseId":"P-00270","address":"30 Barley Drive","premiseType":"residential","heightM":3.7,"stories":1,"roof":"hip","yearBuilt":1945,"solar":true,"heatingFuel":"gas"}},{"type":"Feature","id":"B-P-00271","geometry":{"type":"Polygon","coordinates":[[[-80.5999547,43.2982927],[-80.5998319,43.298297],[-80.5998263,43.2982139],[-80.5999491,43.2982096],[-80.5999547,43.2982927]]]},"properties":{"premiseId":"P-00271","address":"34 Barley Drive","premiseType":"residential","heightM":6.3,"stories":2,"roof":"gable","yearBuilt":1947,"solar":false,"heatingFuel":"gas"}},{"type":"Feature","id":"B-P-00272","geometry":{"type":"Polygon","coordinates":[[[-80.5998778,43.2975331],[-80.5997507,43.2975426],[-80.5997404,43.2974701],[-80.5998676,43.2974606],[-80.5998778,43.2975331]]]},"properties":{"premiseId":"P-00272","address":"52 Barley Drive","premiseType":"residential","heightM":3.7,"stories":1,"roof":"hip","yearBuilt":1970,"solar":false,"heatingFuel":"heat_pump"}},{"type":"Feature","id":"B-P-00273","geometry":{"type":"Polygon","coordinates":[[[-80.5998269,43.2974112],[-80.5997145,43.2974199],[-80.5997019,43.2973321],[-80.5998142,43.2973235],[-80.5998269,43.2974112]]]},"properties":{"premiseId":"P-00273","address":"56 Barley Drive","premiseType":"residential","heightM":3.7,"stories":1,"roof":"hip","yearBuilt":1972,"solar":false,"heatingFuel":"gas"}},{"type":"Feature","id":"B-P-00274","geometry":{"type":"Polygon","coordinates":[[[-80.5998179,43.2972648],[-80.5997097,43.297273],[-80.5996959,43.297176],[-80.5998041,43.2971679],[-80.5998179,43.2972648]]]},"properties":{"premiseId":"P-00274","address":"60 Barley Drive","premiseType":"residential","heightM":3.7,"stories":1,"roof":"gable","yearBuilt":1976,"solar":false,"heatingFuel":"gas"}},{"type":"Feature","id":"B-P-00275","geometry":{"type":"Polygon","coordinates":[[[-80.5998288,43.2970967],[-80.5996703,43.2971081],[-80.5996585,43.2970193],[-80.5998169,43.2970081],[-80.5998288,43.2970967]]]},"properties":{"premiseId":"P-00275","address":"64 Barley Drive","premiseType":"residential","heightM":6.3,"stories":2,"roof":"hip","yearBuilt":1983,"solar":false,"heatingFuel":"gas"}},{"type":"Feature","id":"B-P-00276","geometry":{"type":"Polygon","coordinates":[[[-80.599792,43.2969744],[-80.5996545,43.2969835],[-80.5996443,43.2969017],[-80.5997819,43.2968927],[-80.599792,43.2969744]]]},"properties":{"premiseId":"P-00276","address":"68 Barley Drive","premiseType":"residential","heightM":6.3,"stories":2,"roof":"hip","yearBuilt":1989,"solar":false,"heatingFuel":"gas"}},{"type":"Feature","id":"B-P-00277","geometry":{"type":"Polygon","coordinates":[[[-80.5997778,43.2968363],[-80.5996258,43.2968451],[-80.5996155,43.2967508],[-80.5997676,43.296742],[-80.5997778,43.2968363]]]},"properties":{"premiseId":"P-00277","address":"70 Barley Drive","premiseType":"residential","heightM":3.7,"stories":1,"roof":"hip","yearBuilt":1992,"solar":true,"heatingFuel":"gas"}},{"type":"Feature","id":"B-P-00278","geometry":{"type":"Polygon","coordinates":[[[-80.5997705,43.2966452],[-80.5996844,43.2966491],[-80.5996797,43.2965954],[-80.5997658,43.2965914],[-80.5997705,43.2966452]]]},"properties":{"premiseId":"P-00278","address":"74 Barley Drive","premiseType":"residential","heightM":3.7,"stories":1,"roof":"hip","yearBuilt":1995,"solar":false,"heatingFuel":"gas"}},{"type":"Feature","id":"B-P-00279","geometry":{"type":"Polygon","coordinates":[[[-80.5997552,43.2965005],[-80.5995944,43.2965058],[-80.5995888,43.2964162],[-80.5997497,43.2964109],[-80.5997552,43.2965005]]]},"properties":{"premiseId":"P-00279","address":"78 Barley Drive","premiseType":"residential","heightM":6.3,"stories":2,"roof":"gable","yearBuilt":2001,"solar":false,"heatingFuel":"gas"}},{"type":"Feature","id":"B-P-00280","geometry":{"type":"Polygon","coordinates":[[[-80.5997508,43.2963768],[-80.5995919,43.2963801],[-80.5995886,43.2962905],[-80.5997473,43.2962873],[-80.5997508,43.2963768]]]},"properties":{"premiseId":"P-00280","address":"82 Barley Drive","premiseType":"residential","heightM":6.3,"stories":2,"roof":"gable","yearBuilt":2003,"solar":false,"heatingFuel":"heat_pump"}},{"type":"Feature","id":"B-P-00281","geometry":{"type":"Polygon","coordinates":[[[-80.5986573,43.3005783],[-80.5986546,43.3006631],[-80.5985161,43.3006607],[-80.5985188,43.3005759],[-80.5986573,43.3005783]]]},"properties":{"premiseId":"P-00281","address":"26 Leeds Way","premiseType":"residential","heightM":6.3,"stories":2,"roof":"gable","yearBuilt":1937,"solar":false,"heatingFuel":"gas"}},{"type":"Feature","id":"B-P-00282","geometry":{"type":"Polygon","coordinates":[[[-80.5986651,43.300445],[-80.5986657,43.3005288],[-80.5985241,43.3005294],[-80.5985235,43.3004456],[-80.5986651,43.300445]]]},"properties":{"premiseId":"P-00282","address":"22 Leeds Way","premiseType":"residential","heightM":6.3,"stories":2,"roof":"gable","yearBuilt":1932,"solar":false,"heatingFuel":"gas"}},{"type":"Feature","id":"B-P-00283","geometry":{"type":"Polygon","coordinates":[[[-80.5986519,43.300307],[-80.5986554,43.300396],[-80.5985339,43.3003986],[-80.5985303,43.3003096],[-80.5986519,43.300307]]]},"properties":{"premiseId":"P-00283","address":"20 Leeds Way","premiseType":"residential","heightM":6.3,"stories":2,"roof":"gable","yearBuilt":1936,"solar":false,"heatingFuel":"gas"}},{"type":"Feature","id":"B-P-00284","geometry":{"type":"Polygon","coordinates":[[[-80.5986504,43.3001546],[-80.598657,43.3002487],[-80.5985409,43.3002531],[-80.5985341,43.300159],[-80.5986504,43.3001546]]]},"properties":{"premiseId":"P-00284","address":"16 Leeds Way","premiseType":"residential","heightM":3.7,"stories":1,"roof":"gable","yearBuilt":1931,"solar":false,"heatingFuel":"gas"}},{"type":"Feature","id":"B-P-00285","geometry":{"type":"Polygon","coordinates":[[[-80.5986301,43.3000181],[-80.5986394,43.30011],[-80.5985147,43.3001167],[-80.5985055,43.3000249],[-80.5986301,43.3000181]]]},"properties":{"premiseId":"P-00285","address":"12 Leeds Way","premiseType":"residential","heightM":3.7,"stories":1,"roof":"gable","yearBuilt":1934,"solar":false,"heatingFuel":"gas"}},{"type":"Feature","id":"B-P-00286","geometry":{"type":"Polygon","coordinates":[[[-80.5986332,43.2998886],[-80.5986452,43.2999781],[-80.5985313,43.2999862],[-80.5985193,43.2998968],[-80.5986332,43.2998886]]]},"properties":{"premiseId":"P-00286","address":"8 Leeds Way","premiseType":"residential","heightM":6.3,"stories":2,"roof":"gable","yearBuilt":1932,"solar":false,"heatingFuel":"gas"}},{"type":"Feature","id":"B-P-00287","geometry":{"type":"Polygon","coordinates":[[[-80.5986496,43.2997469],[-80.598659,43.2998043],[-80.5985715,43.2998119],[-80.5985621,43.2997543],[-80.5986496,43.2997469]]]},"properties":{"premiseId":"P-00287","address":"4 Leeds Way","premiseType":"residential","heightM":6.3,"stories":2,"roof":"gable","yearBuilt":1934,"solar":false,"heatingFuel":"gas"}},{"type":"Feature","id":"B-P-00288","geometry":{"type":"Polygon","coordinates":[[[-80.5991799,43.3002083],[-80.5990335,43.300214],[-80.5990272,43.300128],[-80.5991736,43.3001223],[-80.5991799,43.3002083]]]},"properties":{"premiseId":"P-00288","address":"15 Leeds Way","premiseType":"residential","heightM":3.7,"stories":1,"roof":"gable","yearBuilt":1922,"solar":false,"heatingFuel":"gas"}},{"type":"Feature","id":"B-P-00289","geometry":{"type":"Polygon","coordinates":[[[-80.5991239,43.3000692],[-80.5990081,43.3000755],[-80.598998,43.2999779],[-80.5991138,43.2999715],[-80.5991239,43.3000692]]]},"properties":{"premiseId":"P-00289","address":"11 Leeds Way","premiseType":"residential","heightM":6.3,"stories":2,"roof":"gable","yearBuilt":1920,"solar":false,"heatingFuel":"gas"}},{"type":"Feature","id":"B-P-00290","geometry":{"type":"Polygon","coordinates":[[[-80.5991383,43.2999375],[-80.5990117,43.2999465],[-80.5989993,43.2998542],[-80.5991258,43.2998452],[-80.5991383,43.2999375]]]},"properties":{"premiseId":"P-00290","address":"7 Leeds Way","premiseType":"residential","heightM":6.3,"stories":2,"roof":"gable","yearBuilt":1921,"solar":false,"heatingFuel":"gas"}},{"type":"Feature","id":"B-P-00291","geometry":{"type":"Polygon","coordinates":[[[-80.5989667,43.3012645],[-80.5989816,43.3011704],[-80.5990903,43.3011796],[-80.5990755,43.3012735],[-80.5989667,43.3012645]]]},"properties":{"premiseId":"P-00291","address":"39 Leeds Way","premiseType":"residential","heightM":6.3,"stories":2,"roof":"gable","yearBuilt":1943,"solar":false,"heatingFuel":"gas"}},{"type":"Feature","id":"B-P-00292","geometry":{"type":"Polygon","coordinates":[[[-80.5989422,43.301431],[-80.5989603,43.3013305],[-80.5990756,43.3013415],[-80.5990575,43.3014421],[-80.5989422,43.301431]]]},"properties":{"premiseId":"P-00292","address":"43 Leeds Way","premiseType":"residential","heightM":3.7,"stories":1,"roof":"gable","yearBuilt":1943,"solar":false,"heatingFuel":"gas"}},{"type":"Feature","id":"B-P-00293","geometry":{"type":"Polygon","coordinates":[[[-80.5989405,43.3015696],[-80.5989582,43.3014813],[-80.5990735,43.3014937],[-80.5990557,43.3015819],[-80.5989405,43.3015696]]]},"properties":{"premiseId":"P-00293","address":"47 Leeds Way","premiseType":"residential","heightM":3.7,"stories":1,"roof":"hip","yearBuilt":1949,"solar":false,"heatingFuel":"gas"}},{"type":"Feature","id":"B-P-00294","geometry":{"type":"Polygon","coordinates":[[[-80.5988932,43.3017009],[-80.5989128,43.3016076],[-80.5990193,43.3016196],[-80.5989997,43.3017128],[-80.5988932,43.3017009]]]},"properties":{"premiseId":"P-00294","address":"51 Leeds Way","premiseType":"residential","heightM":3.7,"stories":1,"roof":"hip","yearBuilt":1950,"solar":false,"heatingFuel":"heat_pump"}},{"type":"Feature","id":"B-P-00295","geometry":{"type":"Polygon","coordinates":[[[-80.5988596,43.3018556],[-80.5988797,43.3017631],[-80.5990025,43.3017772],[-80.5989824,43.3018697],[-80.5988596,43.3018556]]]},"properties":{"premiseId":"P-00295","address":"55 Leeds Way","premiseType":"residential","heightM":6.3,"stories":2,"roof":"gable","yearBuilt":1956,"solar":false,"heatingFuel":"heat_pump"}},{"type":"Feature","id":"B-P-00296","geometry":{"type":"Polygon","coordinates":[[[-80.5988315,43.3020216],[-80.5988533,43.3019215],[-80.5989582,43.3019336],[-80.5989364,43.3020337],[-80.5988315,43.3020216]]]},"properties":{"premiseId":"P-00296","address":"59 Leeds Way","premiseType":"residential","heightM":3.7,"stories":1,"roof":"hip","yearBuilt":1958,"solar":false,"heatingFuel":"gas"}},{"type":"Feature","id":"B-P-00297","geometry":{"type":"Polygon","coordinates":[[[-80.5988032,43.3021638],[-80.5988208,43.3020815],[-80.5989525,43.3020964],[-80.598935,43.3021787],[-80.5988032,43.3021638]]]},"properties":{"premiseId":"P-00297","address":"61 Leeds Way","premiseType":"residential","heightM":3.7,"stories":1,"roof":"gable","yearBuilt":1964,"solar":false,"heatingFuel":"gas"}},{"type":"Feature","id":"B-P-00298","geometry":{"type":"Polygon","coordinates":[[[-80.5987631,43.302303],[-80.5987826,43.3022061],[-80.5988913,43.3022177],[-80.5988718,43.3023146],[-80.5987631,43.302303]]]},"properties":{"premiseId":"P-00298","address":"65 Leeds Way","premiseType":"residential","heightM":3.7,"stories":1,"roof":"gable","yearBuilt":1970,"solar":false,"heatingFuel":"heat_pump"}},{"type":"Feature","id":"B-P-00299","geometry":{"type":"Polygon","coordinates":[[[-80.5987384,43.3024581],[-80.5987552,43.3023657],[-80.598887,43.3023784],[-80.5988703,43.3024708],[-80.5987384,43.3024581]]]},"properties":{"premiseId":"P-00299","address":"69 Leeds Way","premiseType":"residential","heightM":3.7,"stories":1,"roof":"hip","yearBuilt":1970,"solar":false,"heatingFuel":"electric_resistance"}},{"type":"Feature","id":"B-P-00300","geometry":{"type":"Polygon","coordinates":[[[-80.5987343,43.3026064],[-80.5987515,43.3024995],[-80.5988613,43.3025087],[-80.5988443,43.3026157],[-80.5987343,43.3026064]]]},"properties":{"premiseId":"P-00300","address":"73 Leeds Way","premiseType":"residential","heightM":3.7,"stories":1,"roof":"gable","yearBuilt":1975,"solar":true,"heatingFuel":"gas"}},{"type":"Feature","id":"B-P-00301","geometry":{"type":"Polygon","coordinates":[[[-80.5986864,43.3027571],[-80.5986999,43.3026544],[-80.5988478,43.3026647],[-80.5988343,43.3027673],[-80.5986864,43.3027571]]]},"properties":{"premiseId":"P-00301","address":"77 Leeds Way","premiseType":"residential","heightM":6.3,"stories":2,"roof":"hip","yearBuilt":1978,"solar":false,"heatingFuel":"gas"}},{"type":"Feature","id":"B-P-00302","geometry":{"type":"Polygon","coordinates":[[[-80.5986822,43.3029165],[-80.598691,43.3028281],[-80.5988428,43.3028361],[-80.5988339,43.3029245],[-80.5986822,43.3029165]]]},"properties":{"premiseId":"P-00302","address":"81 Leeds Way","premiseType":"residential","heightM":6.3,"stories":2,"roof":"gable","yearBuilt":1987,"solar":true,"heatingFuel":"heat_pump"}},{"type":"Feature","id":"B-P-00303","geometry":{"type":"Polygon","coordinates":[[[-80.5986682,43.3030707],[-80.5986748,43.3029701],[-80.5988321,43.3029755],[-80.5988254,43.3030762],[-80.5986682,43.3030707]]]},"properties":{"premiseId":"P-00303","address":"85 Leeds Way","premiseType":"residential","heightM":6.3,"stories":2,"roof":"gable","yearBuilt":1988,"solar":false,"heatingFuel":"gas"}},{"type":"Feature","id":"B-P-00304","geometry":{"type":"Polygon","coordinates":[[[-80.598649,43.3031879],[-80.5986515,43.3031059],[-80.5988006,43.3031083],[-80.598798,43.3031904],[-80.598649,43.3031879]]]},"properties":{"premiseId":"P-00304","address":"89 Leeds Way","premiseType":"residential","heightM":6.3,"stories":2,"roof":"gable","yearBuilt":1994,"solar":false,"heatingFuel":"gas"}},{"type":"Feature","id":"B-P-00305","geometry":{"type":"Polygon","coordinates":[[[-80.5985203,43.3008611],[-80.598648,43.300868],[-80.5986399,43.3009483],[-80.598512,43.3009414],[-80.5985203,43.3008611]]]},"properties":{"premiseId":"P-00305","address":"34 Leeds Way","premiseType":"residential","heightM":6.3,"stories":2,"roof":"gable","yearBuilt":1938,"solar":false,"heatingFuel":"gas"}},{"type":"Feature","id":"B-P-00306","geometry":{"type":"Polygon","coordinates":[[[-80.5985045,43.3010034],[-80.598624,43.3010119],[-80.5986099,43.301118],[-80.5984904,43.3011096],[-80.5985045,43.3010034]]]},"properties":{"premiseId":"P-00306","address":"38 Leeds Way","premiseType":"residential","heightM":3.7,"stories":1,"roof":"gable","yearBuilt":1941,"solar":false,"heatingFuel":"heat_pump"}},{"type":"Feature","id":"B-P-00307","geometry":{"type":"Polygon","coordinates":[[[-80.5984549,43.3011463],[-80.5985894,43.3011578],[-80.5985751,43.3012468],[-80.5984407,43.3012354],[-80.5984549,43.3011463]]]},"properties":{"premiseId":"P-00307","address":"42 Leeds Way","premiseType":"residential","heightM":3.7,"stories":1,"roof":"gable","yearBuilt":1943,"solar":false,"heatingFuel":"gas"}},{"type":"Feature","id":"B-P-00308","geometry":{"type":"Polygon","coordinates":[[[-80.5984282,43.3013081],[-80.5985615,43.3013211],[-80.5985447,43.301413],[-80.5984113,43.3014],[-80.5984282,43.3013081]]]},"properties":{"premiseId":"P-00308","address":"44 Leeds Way","premiseType":"residential","heightM":3.7,"stories":1,"roof":"gable","yearBuilt":1950,"solar":false,"heatingFuel":"gas"}},{"type":"Feature","id":"B-P-00309","geometry":{"type":"Polygon","coordinates":[[[-80.5984408,43.3014549],[-80.5985487,43.3014665],[-80.5985292,43.3015632],[-80.5984213,43.3015517],[-80.5984408,43.3014549]]]},"properties":{"premiseId":"P-00309","address":"48 Leeds Way","premiseType":"residential","heightM":3.7,"stories":1,"roof":"hip","yearBuilt":1951,"solar":false,"heatingFuel":"gas"}},{"type":"Feature","id":"B-P-00310","geometry":{"type":"Polygon","coordinates":[[[-80.598389,43.3015772],[-80.598506,43.3015905],[-80.598485,43.3016886],[-80.598368,43.3016753],[-80.598389,43.3015772]]]},"properties":{"premiseId":"P-00310","address":"52 Leeds Way","premiseType":"residential","heightM":6.3,"stories":2,"roof":"gable","yearBuilt":1956,"solar":true,"heatingFuel":"gas"}},{"type":"Feature","id":"B-P-00311","geometry":{"type":"Polygon","coordinates":[[[-80.5983595,43.3017236],[-80.5984888,43.3017386],[-80.5984678,43.3018345],[-80.5983386,43.3018196],[-80.5983595,43.3017236]]]},"properties":{"premiseId":"P-00311","address":"56 Leeds Way","premiseType":"residential","heightM":6.3,"stories":2,"roof":"gable","yearBuilt":1962,"solar":false,"heatingFuel":"gas"}},{"type":"Feature","id":"B-P-00312","geometry":{"type":"Polygon","coordinates":[[[-80.5983254,43.3018928],[-80.598452,43.3019075],[-80.598426,43.3020273],[-80.5982993,43.3020128],[-80.5983254,43.3018928]]]},"properties":{"premiseId":"P-00312","address":"60 Leeds Way","premiseType":"residential","heightM":3.7,"stories":1,"roof":"gable","yearBuilt":1965,"solar":false,"heatingFuel":"gas"}},{"type":"Feature","id":"B-P-00313","geometry":{"type":"Polygon","coordinates":[[[-80.598303,43.3020537],[-80.5984228,43.3020671],[-80.5984056,43.3021488],[-80.5982859,43.3021354],[-80.598303,43.3020537]]]},"properties":{"premiseId":"P-00313","address":"64 Leeds Way","premiseType":"residential","heightM":3.7,"stories":1,"roof":"gable","yearBuilt":1969,"solar":false,"heatingFuel":"gas"}},{"type":"Feature","id":"B-P-00314","geometry":{"type":"Polygon","coordinates":[[[-80.5982914,43.3021774],[-80.5983962,43.3021884],[-80.5983782,43.3022787],[-80.5982734,43.3022676],[-80.5982914,43.3021774]]]},"properties":{"premiseId":"P-00314","address":"68 Leeds Way","premiseType":"residential","heightM":6.3,"stories":2,"roof":"hip","yearBuilt":1974,"solar":false,"heatingFuel":"gas"}},{"type":"Feature","id":"B-P-00315","geometry":{"type":"Polygon","coordinates":[[[-80.5982361,43.3023624],[-80.598346,43.3023729],[-80.5983283,43.3024704],[-80.5982186,43.3024599],[-80.5982361,43.3023624]]]},"properties":{"premiseId":"P-00315","address":"72 Leeds Way","premiseType":"residential","heightM":3.7,"stories":1,"roof":"gable","yearBuilt":1973,"solar":false,"heatingFuel":"gas"}},{"type":"Feature","id":"B-P-00316","geometry":{"type":"Polygon","coordinates":[[[-80.5982139,43.3025101],[-80.5983367,43.3025199],[-80.5983228,43.3026113],[-80.5982,43.3026014],[-80.5982139,43.3025101]]]},"properties":{"premiseId":"P-00316","address":"74 Leeds Way","premiseType":"residential","heightM":6.3,"stories":2,"roof":"gable","yearBuilt":1981,"solar":false,"heatingFuel":"gas"}},{"type":"Feature","id":"B-P-00317","geometry":{"type":"Polygon","coordinates":[[[-80.5981806,43.3026304],[-80.5983234,43.3026401],[-80.5983107,43.3027396],[-80.5981679,43.30273],[-80.5981806,43.3026304]]]},"properties":{"premiseId":"P-00317","address":"78 Leeds Way","premiseType":"residential","heightM":6.3,"stories":2,"roof":"hip","yearBuilt":1986,"solar":false,"heatingFuel":"gas"}},{"type":"Feature","id":"B-P-00318","geometry":{"type":"Polygon","coordinates":[[[-80.5981433,43.3028159],[-80.5982896,43.3028234],[-80.5982797,43.3029257],[-80.5981334,43.3029183],[-80.5981433,43.3028159]]]},"properties":{"premiseId":"P-00318","address":"82 Leeds Way","premiseType":"residential","heightM":6.3,"stories":2,"roof":"gable","yearBuilt":1992,"solar":false,"heatingFuel":"gas"}},{"type":"Feature","id":"B-P-00319","geometry":{"type":"Polygon","coordinates":[[[-80.5983656,43.2992302],[-80.5983674,43.2993389],[-80.5982537,43.2993399],[-80.5982519,43.2992311],[-80.5983656,43.2992302]]]},"properties":{"premiseId":"P-00319","address":"9 Brant Drive","premiseType":"residential","heightM":6.3,"stories":2,"roof":"gable","yearBuilt":1944,"solar":false,"heatingFuel":"gas"}},{"type":"Feature","id":"B-P-00320","geometry":{"type":"Polygon","coordinates":[[[-80.5983711,43.2990583],[-80.5983756,43.2991605],[-80.5982547,43.2991634],[-80.5982501,43.2990611],[-80.5983711,43.2990583]]]},"properties":{"premiseId":"P-00320","address":"13 Brant Drive","premiseType":"residential","heightM":6.3,"stories":2,"roof":"gable","yearBuilt":1942,"solar":false,"heatingFuel":"heat_pump"}},{"type":"Feature","id":"B-P-00321","geometry":{"type":"Polygon","coordinates":[[[-80.5983345,43.2988991],[-80.5983414,43.2989938],[-80.5982197,43.2989984],[-80.5982129,43.2989038],[-80.5983345,43.2988991]]]},"properties":{"premiseId":"P-00321","address":"17 Brant Drive","premiseType":"residential","heightM":6.3,"stories":2,"roof":"gable","yearBuilt":1945,"solar":true,"heatingFuel":"gas"}},{"type":"Feature","id":"B-P-00322","geometry":{"type":"Polygon","coordinates":[[[-80.5983211,43.2987292],[-80.5983306,43.298828],[-80.598224,43.2988335],[-80.5982144,43.2987346],[-80.5983211,43.2987292]]]},"properties":{"premiseId":"P-00322","address":"21 Brant Drive","premiseType":"residential","heightM":6.3,"stories":2,"roof":"hip","yearBuilt":1952,"solar":false,"heatingFuel":"heat_pump"}},{"type":"Feature","id":"B-P-00323","geometry":{"type":"Polygon","coordinates":[[[-80.5983133,43.2985459],[-80.5983248,43.2986444],[-80.598196,43.2986524],[-80.5981845,43.2985538],[-80.5983133,43.2985459]]]},"properties":{"premiseId":"P-00323","address":"25 Brant Drive","premiseType":"residential","heightM":3.7,"stories":1,"roof":"gable","yearBuilt":1951,"solar":false,"heatingFuel":"heat_pump"}},{"type":"Feature","id":"B-P-00324","geometry":{"type":"Polygon","coordinates":[[[-80.5982918,43.2984082],[-80.5983054,43.2985111],[-80.5981804,43.2985199],[-80.5981668,43.2984169],[-80.5982918,43.2984082]]]},"properties":{"premiseId":"P-00324","address":"29 Brant Drive","premiseType":"residential","heightM":6.3,"stories":2,"roof":"gable","yearBuilt":1955,"solar":false,"heatingFuel":"gas"}},{"type":"Feature","id":"B-P-00325","geometry":{"type":"Polygon","coordinates":[[[-80.598265,43.2982012],[-80.5982808,43.2983129],[-80.5981612,43.2983219],[-80.5981454,43.2982102],[-80.598265,43.2982012]]]},"properties":{"premiseId":"P-00325","address":"33 Brant Drive","premiseType":"residential","heightM":3.7,"stories":1,"roof":"gable","yearBuilt":1964,"solar":false,"heatingFuel":"gas"}},{"type":"Feature","id":"B-P-00326","geometry":{"type":"Polygon","coordinates":[[[-80.5982428,43.2980407],[-80.5982573,43.2981409],[-80.598147,43.2981493],[-80.5981326,43.2980491],[-80.5982428,43.2980407]]]},"properties":{"premiseId":"P-00326","address":"37 Brant Drive","premiseType":"residential","heightM":6.3,"stories":2,"roof":"gable","yearBuilt":1963,"solar":false,"heatingFuel":"gas"}},{"type":"Feature","id":"B-P-00327","geometry":{"type":"Polygon","coordinates":[[[-80.5982086,43.2978801],[-80.5982227,43.2979801],[-80.5980884,43.2979901],[-80.5980743,43.29789],[-80.5982086,43.2978801]]]},"properties":{"premiseId":"P-00327","address":"41 Brant Drive","premiseType":"residential","heightM":3.7,"stories":1,"roof":"hip","yearBuilt":1969,"solar":true,"heatingFuel":"gas"}},{"type":"Feature","id":"B-P-00328","geometry":{"type":"Polygon","coordinates":[[[-80.5981978,43.2977288],[-80.598211,43.2978291],[-80.5980953,43.2978372],[-80.5980821,43.2977369],[-80.5981978,43.2977288]]]},"properties":{"premiseId":"P-00328","address":"45 Brant Drive","premiseType":"residential","heightM":3.7,"stories":1,"roof":"gable","yearBuilt":1972,"solar":false,"heatingFuel":"electric_resistance"}},{"type":"Feature","id":"B-P-00329","geometry":{"type":"Polygon","coordinates":[[[-80.598171,43.2975485],[-80.5981844,43.2976639],[-80.5980524,43.297672],[-80.5980389,43.2975567],[-80.598171,43.2975485]]]},"properties":{"premiseId":"P-00329","address":"49 Brant Drive","premiseType":"residential","heightM":3.7,"stories":1,"roof":"gable","yearBuilt":1977,"solar":false,"heatingFuel":"gas"}},{"type":"Feature","id":"B-P-00330","geometry":{"type":"Polygon","coordinates":[[[-80.5981762,43.2974032],[-80.5981842,43.2974866],[-80.59806,43.297493],[-80.598052,43.2974095],[-80.5981762,43.2974032]]]},"properties":{"premiseId":"P-00330","address":"55 Brant Drive","premiseType":"residential","heightM":3.7,"stories":1,"roof":"hip","yearBuilt":1981,"solar":true,"heatingFuel":"gas"}},{"type":"Feature","id":"B-P-00331","geometry":{"type":"Polygon","coordinates":[[[-80.5981441,43.2972084],[-80.5981529,43.2973299],[-80.5980016,43.2973358],[-80.5979926,43.2972143],[-80.5981441,43.2972084]]]},"properties":{"premiseId":"P-00331","address":"59 Brant Drive","premiseType":"residential","heightM":6.3,"stories":2,"roof":"gable","yearBuilt":1985,"solar":false,"heatingFuel":"gas"}},{"type":"Feature","id":"B-P-00332","geometry":{"type":"Polygon","coordinates":[[[-80.5981513,43.297034],[-80.5981563,43.2971371],[-80.5980098,43.2971408],[-80.598005,43.2970376],[-80.5981513,43.297034]]]},"properties":{"premiseId":"P-00332","address":"63 Brant Drive","premiseType":"residential","heightM":3.7,"stories":1,"roof":"hip","yearBuilt":1991,"solar":false,"heatingFuel":"gas"}},{"type":"Feature","id":"B-P-00333","geometry":{"type":"Polygon","coordinates":[[[-80.5981307,43.2968575],[-80.5981328,43.2969834],[-80.5980047,43.2969845],[-80.5980026,43.2968587],[-80.5981307,43.2968575]]]},"properties":{"premiseId":"P-00333","address":"67 Brant Drive","premiseType":"residential","heightM":6.3,"stories":2,"roof":"hip","yearBuilt":1995,"solar":true,"heatingFuel":"gas"}},{"type":"Feature","id":"B-P-00334","geometry":{"type":"Polygon","coordinates":[[[-80.5981397,43.296691],[-80.5981385,43.2967906],[-80.598015,43.2967898],[-80.5980163,43.2966901],[-80.5981397,43.296691]]]},"properties":{"premiseId":"P-00334","address":"71 Brant Drive","premiseType":"residential","heightM":6.3,"stories":2,"roof":"gable","yearBuilt":1999,"solar":false,"heatingFuel":"heat_pump"}},{"type":"Feature","id":"B-P-00335","geometry":{"type":"Polygon","coordinates":[[[-80.5981437,43.2965457],[-80.5981381,43.2966573],[-80.5979774,43.2966531],[-80.5979829,43.2965416],[-80.5981437,43.2965457]]]},"properties":{"premiseId":"P-00335","address":"75 Brant Drive","premiseType":"residential","heightM":3.7,"stories":1,"roof":"hip","yearBuilt":2004,"solar":false,"heatingFuel":"gas"}},{"type":"Feature","id":"B-P-00336","geometry":{"type":"Polygon","coordinates":[[[-80.5988842,43.2993441],[-80.5987377,43.299345],[-80.5987363,43.2992363],[-80.5988828,43.2992354],[-80.5988842,43.2993441]]]},"properties":{"premiseId":"P-00336","address":"10 Brant Drive","premiseType":"residential","heightM":6.3,"stories":2,"roof":"gable","yearBuilt":1933,"solar":false,"heatingFuel":"gas"}},{"type":"Feature","id":"B-P-00337","geometry":{"type":"Polygon","coordinates":[[[-80.5988835,43.2991639],[-80.5987538,43.2991667],[-80.5987496,43.2990637],[-80.5988794,43.2990609],[-80.5988835,43.2991639]]]},"properties":{"premiseId":"P-00337","address":"14 Brant Drive","premiseType":"residential","heightM":6.3,"stories":2,"roof":"gable","yearBuilt":1937,"solar":false,"heatingFuel":"gas"}},{"type":"Feature","id":"B-P-00338","geometry":{"type":"Polygon","coordinates":[[[-80.5988822,43.2990036],[-80.5987458,43.2990087],[-80.5987381,43.298901],[-80.5988747,43.2988959],[-80.5988822,43.2990036]]]},"properties":{"premiseId":"P-00338","address":"18 Brant Drive","premiseType":"residential","heightM":6.3,"stories":2,"roof":"gable","yearBuilt":1940,"solar":false,"heatingFuel":"gas"}},{"type":"Feature","id":"B-P-00339","geometry":{"type":"Polygon","coordinates":[[[-80.5988502,43.2988149],[-80.5987265,43.2988211],[-80.5987173,43.2987224],[-80.598841,43.2987162],[-80.5988502,43.2988149]]]},"properties":{"premiseId":"P-00339","address":"22 Brant Drive","premiseType":"residential","heightM":6.3,"stories":2,"roof":"gable","yearBuilt":1942,"solar":false,"heatingFuel":"gas"}},{"type":"Feature","id":"B-P-00340","geometry":{"type":"Polygon","coordinates":[[[-80.59883,43.2986687],[-80.5987217,43.2986753],[-80.5987091,43.2985654],[-80.5988174,43.2985588],[-80.59883,43.2986687]]]},"properties":{"premiseId":"P-00340","address":"26 Brant Drive","premiseType":"residential","heightM":6.3,"stories":2,"roof":"gable","yearBuilt":1949,"solar":false,"heatingFuel":"gas"}},{"type":"Feature","id":"B-P-00341","geometry":{"type":"Polygon","coordinates":[[[-80.5988163,43.2984994],[-80.5987019,43.2985072],[-80.5986891,43.2984095],[-80.5988036,43.2984016],[-80.5988163,43.2984994]]]},"properties":{"premiseId":"P-00341","address":"30 Brant Drive","premiseType":"residential","heightM":6.3,"stories":2,"roof":"gable","yearBuilt":1948,"solar":false,"heatingFuel":"gas"}},{"type":"Feature","id":"B-P-00342","geometry":{"type":"Polygon","coordinates":[[[-80.5988055,43.2983232],[-80.5986859,43.2983321],[-80.5986711,43.2982263],[-80.5987909,43.2982174],[-80.5988055,43.2983232]]]},"properties":{"premiseId":"P-00342","address":"34 Brant Drive","premiseType":"residential","heightM":3.7,"stories":1,"roof":"gable","yearBuilt":1955,"solar":true,"heatingFuel":"gas"}},{"type":"Feature","id":"B-P-00343","geometry":{"type":"Polygon","coordinates":[[[-80.5987822,43.298172],[-80.5986728,43.2981804],[-80.5986559,43.2980624],[-80.5987653,43.2980542],[-80.5987822,43.298172]]]},"properties":{"premiseId":"P-00343","address":"38 Brant Drive","premiseType":"residential","heightM":6.3,"stories":2,"roof":"gable","yearBuilt":1960,"solar":false,"heatingFuel":"gas"}},{"type":"Feature","id":"B-P-00344","geometry":{"type":"Polygon","coordinates":[[[-80.5987683,43.297971],[-80.5986417,43.2979805],[-80.5986282,43.2978843],[-80.5987547,43.2978749],[-80.5987683,43.297971]]]},"properties":{"premiseId":"P-00344","address":"42 Brant Drive","premiseType":"residential","heightM":3.7,"stories":1,"roof":"hip","yearBuilt":1963,"solar":false,"heatingFuel":"gas"}},{"type":"Feature","id":"B-P-00345","geometry":{"type":"Polygon","coordinates":[[[-80.5987242,43.2978173],[-80.5986105,43.2978253],[-80.5985962,43.2977177],[-80.5987099,43.2977096],[-80.5987242,43.2978173]]]},"properties":{"premiseId":"P-00345","address":"46 Brant Drive","premiseType":"residential","heightM":6.3,"stories":2,"roof":"gable","yearBuilt":1969,"solar":true,"heatingFuel":"electric_resistance"}},{"type":"Feature","id":"B-P-00346","geometry":{"type":"Polygon","coordinates":[[[-80.5987302,43.2976654],[-80.5986029,43.2976736],[-80.5985906,43.2975719],[-80.598718,43.2975638],[-80.5987302,43.2976654]]]},"properties":{"premiseId":"P-00346","address":"50 Brant Drive","premiseType":"residential","heightM":6.3,"stories":2,"roof":"hip","yearBuilt":1972,"solar":false,"heatingFuel":"electric_resistance"}},{"type":"Feature","id":"B-P-00347","geometry":{"type":"Polygon","coordinates":[[[-80.5986685,43.2975013],[-80.5985619,43.297507],[-80.5985508,43.297397],[-80.5986574,43.2973913],[-80.5986685,43.2975013]]]},"properties":{"premiseId":"P-00347","address":"54 Brant Drive","premiseType":"residential","heightM":3.7,"stories":1,"roof":"gable","yearBuilt":1974,"solar":true,"heatingFuel":"gas"}},{"type":"Feature","id":"B-P-00348","geometry":{"type":"Polygon","coordinates":[[[-80.5986821,43.2973461],[-80.5985553,43.2973513],[-80.5985461,43.2972314],[-80.5986728,43.2972262],[-80.5986821,43.2973461]]]},"properties":{"premiseId":"P-00348","address":"58 Brant Drive","premiseType":"residential","heightM":6.3,"stories":2,"roof":"gable","yearBuilt":1983,"solar":false,"heatingFuel":"gas"}},{"type":"Feature","id":"B-P-00349","geometry":{"type":"Polygon","coordinates":[[[-80.5978157,43.2999882],[-80.5977897,43.2998692],[-80.5979204,43.2998541],[-80.5979464,43.2999731],[-80.5978157,43.2999882]]]},"properties":{"premiseId":"P-00349","address":"9 Huron Avenue","premiseType":"residential","heightM":6.3,"stories":2,"roof":"gable","yearBuilt":1944,"solar":false,"heatingFuel":"gas"}},{"type":"Feature","id":"B-P-00350","geometry":{"type":"Polygon","coordinates":[[[-80.5978472,43.3001504],[-80.5978229,43.3000363],[-80.5979493,43.300022],[-80.5979736,43.3001361],[-80.5978472,43.3001504]]]},"properties":{"premiseId":"P-00350","address":"13 Huron Avenue","premiseType":"residential","heightM":6.3,"stories":2,"roof":"gable","yearBuilt":1941,"solar":false,"heatingFuel":"gas"}},{"type":"Feature","id":"B-P-00351","geometry":{"type":"Polygon","coordinates":[[[-80.5978931,43.3003348],[-80.5978723,43.3002296],[-80.5979868,43.3002176],[-80.5980078,43.3003228],[-80.5978931,43.3003348]]]},"properties":{"premiseId":"P-00351","address":"17 Huron Avenue","premiseType":"residential","heightM":6.3,"stories":2,"roof":"gable","yearBuilt":1942,"solar":false,"heatingFuel":"gas"}},{"type":"Feature","id":"B-P-00352","geometry":{"type":"Polygon","coordinates":[[[-80.5979153,43.300487],[-80.5978968,43.3003831],[-80.5980196,43.3003715],[-80.5980382,43.3004753],[-80.5979153,43.300487]]]},"properties":{"premiseId":"P-00352","address":"21 Huron Avenue","premiseType":"residential","heightM":6.3,"stories":2,"roof":"gable","yearBuilt":1940,"solar":false,"heatingFuel":"gas"}},{"type":"Feature","id":"B-P-00353","geometry":{"type":"Polygon","coordinates":[[[-80.5979418,43.300665],[-80.5979262,43.3005622],[-80.5980668,43.3005509],[-80.5980823,43.3006538],[-80.5979418,43.300665]]]},"properties":{"premiseId":"P-00353","address":"25 Huron Avenue","premiseType":"residential","heightM":3.7,"stories":1,"roof":"gable","yearBuilt":1946,"solar":false,"heatingFuel":"heat_pump"}},{"type":"Feature","id":"B-P-00354","geometry":{"type":"Polygon","coordinates":[[[-80.5979766,43.3008275],[-80.5979667,43.3007419],[-80.5980914,43.3007343],[-80.5981014,43.3008199],[-80.5979766,43.3008275]]]},"properties":{"premiseId":"P-00354","address":"29 Huron Avenue","premiseType":"residential","heightM":6.3,"stories":2,"roof":"gable","yearBuilt":1945,"solar":false,"heatingFuel":"gas"}},{"type":"Feature","id":"B-P-00355","geometry":{"type":"Polygon","coordinates":[[[-80.5980122,43.3010209],[-80.5980015,43.300889],[-80.5981302,43.3008833],[-80.5981411,43.3010154],[-80.5980122,43.3010209]]]},"properties":{"premiseId":"P-00355","address":"33 Huron Avenue","premiseType":"residential","heightM":3.7,"stories":1,"roof":"gable","yearBuilt":1950,"solar":false,"heatingFuel":"gas"}},{"type":"Feature","id":"B-P-00356","geometry":{"type":"Polygon","coordinates":[[[-80.5980219,43.3011829],[-80.5980179,43.3010793],[-80.5981368,43.3010769],[-80.5981407,43.3011805],[-80.5980219,43.3011829]]]},"properties":{"premiseId":"P-00356","address":"37 Huron Avenue","premiseType":"residential","heightM":3.7,"stories":1,"roof":"gable","yearBuilt":1951,"solar":false,"heatingFuel":"gas"}},{"type":"Feature","id":"B-P-00357","geometry":{"type":"Polygon","coordinates":[[[-80.5980145,43.3013306],[-80.5980147,43.3012263],[-80.5981407,43.3012264],[-80.5981406,43.3013307],[-80.5980145,43.3013306]]]},"properties":{"premiseId":"P-00357","address":"43 Huron Avenue","premiseType":"residential","heightM":3.7,"stories":1,"roof":"gable","yearBuilt":1950,"solar":false,"heatingFuel":"gas"}},{"type":"Feature","id":"B-P-00358","geometry":{"type":"Polygon","coordinates":[[[-80.5979962,43.301521],[-80.5980005,43.301421],[-80.5981331,43.301424],[-80.5981288,43.301524],[-80.5979962,43.301521]]]},"properties":{"premiseId":"P-00358","address":"47 Huron Avenue","premiseType":"residential","heightM":6.3,"stories":2,"roof":"gable","yearBuilt":1955,"solar":false,"heatingFuel":"gas"}},{"type":"Feature","id":"B-P-00359","geometry":{"type":"Polygon","coordinates":[[[-80.5979885,43.3016739],[-80.5979956,43.3015858],[-80.5981153,43.3015909],[-80.5981083,43.301679],[-80.5979885,43.3016739]]]},"properties":{"premiseId":"P-00359","address":"51 Huron Avenue","premiseType":"residential","heightM":3.7,"stories":1,"roof":"hip","yearBuilt":1958,"solar":false,"heatingFuel":"gas"}},{"type":"Feature","id":"B-P-00360","geometry":{"type":"Polygon","coordinates":[[[-80.597963,43.301852],[-80.5979779,43.3017255],[-80.5980833,43.3017321],[-80.5980684,43.3018586],[-80.597963,43.301852]]]},"properties":{"premiseId":"P-00360","address":"55 Huron Avenue","premiseType":"residential","heightM":3.7,"stories":1,"roof":"hip","yearBuilt":1963,"solar":false,"heatingFuel":"gas"}},{"type":"Feature","id":"B-P-00361","geometry":{"type":"Polygon","coordinates":[[[-80.5979456,43.3020243],[-80.5979605,43.3019258],[-80.5980674,43.3019344],[-80.5980524,43.3020329],[-80.5979456,43.3020243]]]},"properties":{"premiseId":"P-00361","address":"59 Huron Avenue","premiseType":"residential","heightM":6.3,"stories":2,"roof":"hip","yearBuilt":1970,"solar":false,"heatingFuel":"gas"}},{"type":"Feature","id":"B-P-00362","geometry":{"type":"Polygon","coordinates":[[[-80.5979176,43.3021873],[-80.5979346,43.3020925],[-80.5980496,43.3021035],[-80.5980326,43.3021983],[-80.5979176,43.3021873]]]},"properties":{"premiseId":"P-00362","address":"63 Huron Avenue","premiseType":"residential","heightM":6.3,"stories":2,"roof":"gable","yearBuilt":1975,"solar":false,"heatingFuel":"gas"}},{"type":"Feature","id":"B-P-00363","geometry":{"type":"Polygon","coordinates":[[[-80.5978942,43.3023801],[-80.5979166,43.3022682],[-80.5980205,43.3022793],[-80.5979983,43.302391],[-80.5978942,43.3023801]]]},"properties":{"premiseId":"P-00363","address":"67 Huron Avenue","premiseType":"residential","heightM":3.7,"stories":1,"roof":"gable","yearBuilt":1978,"solar":false,"heatingFuel":"gas"}},{"type":"Feature","id":"B-P-00364","geometry":{"type":"Polygon","coordinates":[[[-80.5978368,43.302562],[-80.5978576,43.3024651],[-80.5980122,43.3024825],[-80.5979916,43.3025794],[-80.5978368,43.302562]]]},"properties":{"premiseId":"P-00364","address":"71 Huron Avenue","premiseType":"residential","heightM":3.7,"stories":1,"roof":"hip","yearBuilt":1982,"solar":false,"heatingFuel":"heat_pump"}},{"type":"Feature","id":"B-P-00365","geometry":{"type":"Polygon","coordinates":[[[-80.5978118,43.3026936],[-80.5978323,43.3026003],[-80.5979945,43.3026191],[-80.597974,43.3027124],[-80.5978118,43.3026936]]]},"properties":{"premiseId":"P-00365","address":"75 Huron Avenue","premiseType":"residential","heightM":6.3,"stories":2,"roof":"hip","yearBuilt":1986,"solar":false,"heatingFuel":"gas"}},{"type":"Feature","id":"B-P-00366","geometry":{"type":"Polygon","coordinates":[[[-80.5972814,43.299769],[-80.5973857,43.299757],[-80.5974064,43.2998528],[-80.5973021,43.2998647],[-80.5972814,43.299769]]]},"properties":{"premiseId":"P-00366","address":"6 Huron Avenue","premiseType":"residential","heightM":3.7,"stories":1,"roof":"hip","yearBuilt":1959,"solar":false,"heatingFuel":"gas"}},{"type":"Feature","id":"B-P-00367","geometry":{"type":"Polygon","coordinates":[[[-80.5972769,43.2999027],[-80.5973988,43.2998885],[-80.5974198,43.2999845],[-80.5972979,43.2999987],[-80.5972769,43.2999027]]]},"properties":{"premiseId":"P-00367","address":"10 Huron Avenue","premiseType":"residential","heightM":3.7,"stories":1,"roof":"gable","yearBuilt":1957,"solar":false,"heatingFuel":"gas"}},{"type":"Feature","id":"B-P-00368","geometry":{"type":"Polygon","coordinates":[[[-80.5973318,43.3000912],[-80.5974467,43.3000782],[-80.5974675,43.3001754],[-80.5973525,43.3001884],[-80.5973318,43.3000912]]]},"properties":{"premiseId":"P-00368","address":"14 Huron Avenue","premiseType":"residential","heightM":3.7,"stories":1,"roof":"hip","yearBuilt":1952,"solar":false,"heatingFuel":"gas"}},{"type":"Feature","id":"B-P-00369","geometry":{"type":"Polygon","coordinates":[[[-80.5973392,43.3002545],[-80.5974733,43.3002403],[-80.5974975,43.3003617],[-80.5973633,43.3003759],[-80.5973392,43.3002545]]]},"properties":{"premiseId":"P-00369","address":"18 Huron Avenue","premiseType":"residential","heightM":6.3,"stories":2,"roof":"gable","yearBuilt":1957,"solar":false,"heatingFuel":"gas"}},{"type":"Feature","id":"B-P-00370","geometry":{"type":"Polygon","coordinates":[[[-80.5973975,43.3004383],[-80.5975136,43.3004273],[-80.5975321,43.3005307],[-80.5974159,43.3005418],[-80.5973975,43.3004383]]]},"properties":{"premiseId":"P-00370","address":"22 Huron Avenue","premiseType":"residential","heightM":3.7,"stories":1,"roof":"hip","yearBuilt":1957,"solar":false,"heatingFuel":"electric_resistance"}},{"type":"Feature","id":"B-P-00371","geometry":{"type":"Polygon","coordinates":[[[-80.5974435,43.3006103],[-80.5975517,43.3006017],[-80.597566,43.3006969],[-80.5974578,43.3007055],[-80.5974435,43.3006103]]]},"properties":{"premiseId":"P-00371","address":"26 Huron Avenue","premiseType":"residential","heightM":3.7,"stories":1,"roof":"gable","yearBuilt":1954,"solar":false,"heatingFuel":"gas"}},{"type":"Feature","id":"B-P-00372","geometry":{"type":"Polygon","coordinates":[[[-80.597449,43.3007325],[-80.597575,43.3007247],[-80.5975874,43.3008299],[-80.5974615,43.3008379],[-80.597449,43.3007325]]]},"properties":{"premiseId":"P-00372","address":"30 Huron Avenue","premiseType":"residential","heightM":3.7,"stories":1,"roof":"hip","yearBuilt":1955,"solar":false,"heatingFuel":"gas"}},{"type":"Feature","id":"B-P-00373","geometry":{"type":"Polygon","coordinates":[[[-80.5974747,43.3009015],[-80.5975852,43.3008968],[-80.5975938,43.301008],[-80.5974833,43.3010126],[-80.5974747,43.3009015]]]},"properties":{"premiseId":"P-00373","address":"34 Huron Avenue","premiseType":"residential","heightM":3.7,"stories":1,"roof":"hip","yearBuilt":1960,"solar":false,"heatingFuel":"gas"}},{"type":"Feature","id":"B-P-00374","geometry":{"type":"Polygon","coordinates":[[[-80.5974818,43.3010795],[-80.5976011,43.3010771],[-80.5976054,43.3011864],[-80.597486,43.3011888],[-80.5974818,43.3010795]]]},"properties":{"premiseId":"P-00374","address":"40 Huron Avenue","premiseType":"residential","heightM":3.7,"stories":1,"roof":"hip","yearBuilt":1958,"solar":false,"heatingFuel":"gas"}},{"type":"Feature","id":"B-P-00375","geometry":{"type":"Polygon","coordinates":[[[-80.5974828,43.3012448],[-80.5975992,43.3012451],[-80.5975985,43.3013706],[-80.5974821,43.3013701],[-80.5974828,43.3012448]]]},"properties":{"premiseId":"P-00375","address":"44 Huron Avenue","premiseType":"residential","heightM":3.7,"stories":1,"roof":"gable","yearBuilt":1962,"solar":false,"heatingFuel":"gas"}},{"type":"Feature","id":"B-P-00376","geometry":{"type":"Polygon","coordinates":[[[-80.597466,43.3014364],[-80.5975963,43.3014398],[-80.5975912,43.3015411],[-80.597461,43.3015375],[-80.597466,43.3014364]]]},"properties":{"premiseId":"P-00376","address":"48 Huron Avenue","premiseType":"residential","heightM":6.3,"stories":2,"roof":"hip","yearBuilt":1964,"solar":false,"heatingFuel":"gas"}},{"type":"Feature","id":"B-P-00377","geometry":{"type":"Polygon","coordinates":[[[-80.5974817,43.3015923],[-80.5975965,43.3015979],[-80.5975887,43.3016842],[-80.5974738,43.3016788],[-80.5974817,43.3015923]]]},"properties":{"premiseId":"P-00377","address":"52 Huron Avenue","premiseType":"residential","heightM":3.7,"stories":1,"roof":"gable","yearBuilt":1972,"solar":false,"heatingFuel":"gas"}},{"type":"Feature","id":"B-P-00378","geometry":{"type":"Polygon","coordinates":[[[-80.5974422,43.3017428],[-80.5975729,43.3017513],[-80.5975599,43.3018578],[-80.597429,43.3018492],[-80.5974422,43.3017428]]]},"properties":{"premiseId":"P-00378","address":"56 Huron Avenue","premiseType":"residential","heightM":3.7,"stories":1,"roof":"gable","yearBuilt":1970,"solar":false,"heatingFuel":"gas"}},{"type":"Feature","id":"B-P-00379","geometry":{"type":"Polygon","coordinates":[[[-80.5974415,43.3019006],[-80.5975685,43.3019112],[-80.5975522,43.3020151],[-80.5974252,43.3020045],[-80.5974415,43.3019006]]]},"properties":{"premiseId":"P-00379","address":"60 Huron Avenue","premiseType":"residential","heightM":6.3,"stories":2,"roof":"gable","yearBuilt":1976,"solar":false,"heatingFuel":"heat_pump"}},{"type":"Feature","id":"B-P-00380","geometry":{"type":"Polygon","coordinates":[[[-80.5973815,43.3020718],[-80.5975442,43.3020876],[-80.5975238,43.3021983],[-80.5973611,43.3021825],[-80.5973815,43.3020718]]]},"properties":{"premiseId":"P-00380","address":"64 Huron Avenue","premiseType":"residential","heightM":6.3,"stories":2,"roof":"gable","yearBuilt":1978,"solar":false,"heatingFuel":"gas"}},{"type":"Feature","id":"B-P-00381","geometry":{"type":"Polygon","coordinates":[[[-80.5973748,43.3022588],[-80.5975046,43.3022727],[-80.5974834,43.3023767],[-80.5973538,43.3023627],[-80.5973748,43.3022588]]]},"properties":{"premiseId":"P-00381","address":"70 Huron Avenue","premiseType":"residential","heightM":6.3,"stories":2,"roof":"hip","yearBuilt":1984,"solar":false,"heatingFuel":"electric_resistance"}},{"type":"Feature","id":"B-P-00382","geometry":{"type":"Polygon","coordinates":[[[-80.5973363,43.3024225],[-80.5974748,43.3024382],[-80.5974506,43.3025507],[-80.5973121,43.3025349],[-80.5973363,43.3024225]]]},"properties":{"premiseId":"P-00382","address":"74 Huron Avenue","premiseType":"residential","heightM":6.3,"stories":2,"roof":"gable","yearBuilt":1991,"solar":true,"heatingFuel":"gas"}},{"type":"Feature","id":"B-P-00383","geometry":{"type":"Polygon","coordinates":[[[-80.5972735,43.3025785],[-80.5974349,43.3025972],[-80.5974152,43.3026875],[-80.5972537,43.3026688],[-80.5972735,43.3025785]]]},"properties":{"premiseId":"P-00383","address":"78 Huron Avenue","premiseType":"residential","heightM":3.7,"stories":1,"roof":"gable","yearBuilt":1991,"solar":true,"heatingFuel":"gas"}},{"type":"Feature","id":"B-P-00384","geometry":{"type":"Polygon","coordinates":[[[-80.5972404,43.3027371],[-80.5973987,43.302755],[-80.597372,43.3028791],[-80.5972139,43.3028611],[-80.5972404,43.3027371]]]},"properties":{"premiseId":"P-00384","address":"82 Huron Avenue","premiseType":"residential","heightM":6.3,"stories":2,"roof":"gable","yearBuilt":1996,"solar":false,"heatingFuel":"electric_resistance"}},{"type":"Feature","id":"B-P-00385","geometry":{"type":"Polygon","coordinates":[[[-80.5972457,43.2992561],[-80.5972574,43.2993549],[-80.5971406,43.2993622],[-80.5971288,43.2992634],[-80.5972457,43.2992561]]]},"properties":{"premiseId":"P-00385","address":"7 Ironwood Street","premiseType":"residential","heightM":3.7,"stories":1,"roof":"gable","yearBuilt":1959,"solar":false,"heatingFuel":"gas"}},{"type":"Feature","id":"B-P-00386","geometry":{"type":"Polygon","coordinates":[[[-80.5972193,43.299097],[-80.5972318,43.2991905],[-80.5970996,43.2991999],[-80.5970871,43.2991064],[-80.5972193,43.299097]]]},"properties":{"premiseId":"P-00386","address":"11 Ironwood Street","premiseType":"residential","heightM":3.7,"stories":1,"roof":"gable","yearBuilt":1964,"solar":false,"heatingFuel":"gas"}},{"type":"Feature","id":"B-P-00387","geometry":{"type":"Polygon","coordinates":[[[-80.5972019,43.298982],[-80.5972134,43.2990629],[-80.5970871,43.2990723],[-80.5970758,43.2989915],[-80.5972019,43.298982]]]},"properties":{"premiseId":"P-00387","address":"15 Ironwood Street","premiseType":"residential","heightM":6.3,"stories":2,"roof":"gable","yearBuilt":1968,"solar":false,"heatingFuel":"gas"}},{"type":"Feature","id":"B-P-00388","geometry":{"type":"Polygon","coordinates":[[[-80.5971851,43.2988095],[-80.5971987,43.2989033],[-80.597074,43.2989128],[-80.5970604,43.298819],[-80.5971851,43.2988095]]]},"properties":{"premiseId":"P-00388","address":"19 Ironwood Street","premiseType":"residential","heightM":3.7,"stories":1,"roof":"gable","yearBuilt":1966,"solar":false,"heatingFuel":"gas"}},{"type":"Feature","id":"B-P-00389","geometry":{"type":"Polygon","coordinates":[[[-80.5971502,43.298635],[-80.5971639,43.2987316],[-80.5970522,43.2987399],[-80.5970385,43.2986434],[-80.5971502,43.298635]]]},"properties":{"premiseId":"P-00389","address":"23 Ironwood Street","premiseType":"residential","heightM":3.7,"stories":1,"roof":"gable","yearBuilt":1972,"solar":true,"heatingFuel":"gas"}},{"type":"Feature","id":"B-P-00390","geometry":{"type":"Polygon","coordinates":[[[-80.597145,43.2985171],[-80.5971577,43.2986113],[-80.597038,43.2986199],[-80.5970253,43.2985257],[-80.597145,43.2985171]]]},"properties":{"premiseId":"P-00390","address":"27 Ironwood Street","premiseType":"residential","heightM":3.7,"stories":1,"roof":"gable","yearBuilt":1976,"solar":false,"heatingFuel":"gas"}},{"type":"Feature","id":"B-P-00391","geometry":{"type":"Polygon","coordinates":[[[-80.5971057,43.2983536],[-80.5971172,43.298446],[-80.5970097,43.2984531],[-80.5969982,43.2983607],[-80.5971057,43.2983536]]]},"properties":{"premiseId":"P-00391","address":"31 Ironwood Street","premiseType":"residential","heightM":6.3,"stories":2,"roof":"gable","yearBuilt":1975,"solar":false,"heatingFuel":"gas"}},{"type":"Feature","id":"B-P-00392","geometry":{"type":"Polygon","coordinates":[[[-80.5971073,43.2982019],[-80.5971175,43.2982941],[-80.5969734,43.2983025],[-80.5969633,43.2982102],[-80.5971073,43.2982019]]]},"properties":{"premiseId":"P-00392","address":"35 Ironwood Street","premiseType":"residential","heightM":6.3,"stories":2,"roof":"gable","yearBuilt":1980,"solar":false,"heatingFuel":"gas"}},{"type":"Feature","id":"B-P-00393","geometry":{"type":"Polygon","coordinates":[[[-80.5970961,43.2980499],[-80.597105,43.2981521],[-80.5969764,43.298158],[-80.5969674,43.2980558],[-80.5970961,43.2980499]]]},"properties":{"premiseId":"P-00393","address":"37 Ironwood Street","premiseType":"residential","heightM":6.3,"stories":2,"roof":"hip","yearBuilt":1982,"solar":false,"heatingFuel":"gas"}},{"type":"Feature","id":"B-P-00394","geometry":{"type":"Polygon","coordinates":[[[-80.5977667,43.2993055],[-80.5976569,43.2993125],[-80.5976451,43.2992143],[-80.597755,43.2992073],[-80.5977667,43.2993055]]]},"properties":{"premiseId":"P-00394","address":"10 Ironwood Street","premiseType":"residential","heightM":6.3,"stories":2,"roof":"gable","yearBuilt":1952,"solar":false,"heatingFuel":"heat_pump"}},{"type":"Feature","id":"B-P-00395","geometry":{"type":"Polygon","coordinates":[[[-80.5977403,43.299154],[-80.5976263,43.2991621],[-80.5976105,43.2990447],[-80.5977245,43.2990366],[-80.5977403,43.299154]]]},"properties":{"premiseId":"P-00395","address":"14 Ironwood Street","premiseType":"residential","heightM":6.3,"stories":2,"roof":"hip","yearBuilt":1955,"solar":false,"heatingFuel":"electric_resistance"}},{"type":"Feature","id":"B-P-00396","geometry":{"type":"Polygon","coordinates":[[[-80.5977243,43.2989925],[-80.597609,43.2990013],[-80.5975921,43.2988823],[-80.5977072,43.2988737],[-80.5977243,43.2989925]]]},"properties":{"premiseId":"P-00396","address":"18 Ironwood Street","premiseType":"residential","heightM":3.7,"stories":1,"roof":"gable","yearBuilt":1953,"solar":false,"heatingFuel":"gas"}},{"type":"Feature","id":"B-P-00397","geometry":{"type":"Polygon","coordinates":[[[-80.5977137,43.2988094],[-80.5975882,43.298819],[-80.5975716,43.2987045],[-80.597697,43.2986949],[-80.5977137,43.2988094]]]},"properties":{"premiseId":"P-00397","address":"22 Ironwood Street","premiseType":"residential","heightM":3.7,"stories":1,"roof":"gable","yearBuilt":1959,"solar":false,"heatingFuel":"gas"}},{"type":"Feature","id":"B-P-00398","geometry":{"type":"Polygon","coordinates":[[[-80.597677,43.2986418],[-80.5975631,43.2986502],[-80.5975499,43.2985561],[-80.5976639,43.2985477],[-80.597677,43.2986418]]]},"properties":{"premiseId":"P-00398","address":"26 Ironwood Street","premiseType":"residential","heightM":6.3,"stories":2,"roof":"hip","yearBuilt":1959,"solar":true,"heatingFuel":"gas"}},{"type":"Feature","id":"B-P-00399","geometry":{"type":"Polygon","coordinates":[[[-80.5976764,43.2984722],[-80.5975427,43.2984813],[-80.5975286,43.2983723],[-80.5976623,43.2983632],[-80.5976764,43.2984722]]]},"properties":{"premiseId":"P-00399","address":"30 Ironwood Street","premiseType":"residential","heightM":3.7,"stories":1,"roof":"gable","yearBuilt":1965,"solar":true,"heatingFuel":"electric_resistance"}},{"type":"Feature","id":"B-P-00400","geometry":{"type":"Polygon","coordinates":[[[-80.5976306,43.2983314],[-80.5975206,43.298338],[-80.5975104,43.2982487],[-80.5976205,43.2982421],[-80.5976306,43.2983314]]]},"properties":{"premiseId":"P-00400","address":"34 Ironwood Street","premiseType":"residential","heightM":3.7,"stories":1,"roof":"gable","yearBuilt":1967,"solar":false,"heatingFuel":"gas"}},{"type":"Feature","id":"B-P-00401","geometry":{"type":"Polygon","coordinates":[[[-80.5976379,43.2981531],[-80.5975055,43.2981595],[-80.5974942,43.2980377],[-80.5976265,43.2980312],[-80.5976379,43.2981531]]]},"properties":{"premiseId":"P-00401","address":"38 Ironwood Street","premiseType":"residential","heightM":3.7,"stories":1,"roof":"hip","yearBuilt":1974,"solar":false,"heatingFuel":"heat_pump"}},{"type":"Feature","id":"B-P-00402","geometry":{"type":"Polygon","coordinates":[[[-80.597604,43.2979784],[-80.5974894,43.2979825],[-80.597482,43.29787],[-80.5975966,43.297866],[-80.597604,43.2979784]]]},"properties":{"premiseId":"P-00402","address":"42 Ironwood Street","premiseType":"residential","heightM":6.3,"stories":2,"roof":"hip","yearBuilt":1975,"solar":false,"heatingFuel":"gas"}},{"type":"Feature","id":"B-P-00403","geometry":{"type":"Polygon","coordinates":[[[-80.5976066,43.2978043],[-80.5974664,43.2978072],[-80.5974625,43.297703],[-80.5976027,43.2977002],[-80.5976066,43.2978043]]]},"properties":{"premiseId":"P-00403","address":"46 Ironwood Street","premiseType":"residential","heightM":3.7,"stories":1,"roof":"gable","yearBuilt":1978,"solar":false,"heatingFuel":"gas"}},{"type":"Feature","id":"B-P-00404","geometry":{"type":"Polygon","coordinates":[[[-80.5975831,43.2976542],[-80.5974519,43.2976548],[-80.5974509,43.297553],[-80.5975821,43.2975524],[-80.5975831,43.2976542]]]},"properties":{"premiseId":"P-00404","address":"50 Ironwood Street","premiseType":"residential","heightM":6.3,"stories":2,"roof":"gable","yearBuilt":1982,"solar":false,"heatingFuel":"heat_pump"}},{"type":"Feature","id":"B-P-00405","geometry":{"type":"Polygon","coordinates":[[[-80.5976143,43.2975029],[-80.5974484,43.2975012],[-80.5974509,43.2973806],[-80.5976168,43.2973824],[-80.5976143,43.2975029]]]},"properties":{"premiseId":"P-00405","address":"54 Ironwood Street","premiseType":"residential","heightM":6.3,"stories":2,"roof":"hip","yearBuilt":1991,"solar":false,"heatingFuel":"gas"}},{"type":"Feature","id":"B-P-00406","geometry":{"type":"Polygon","coordinates":[[[-80.5976128,43.2973515],[-80.5974688,43.2973478],[-80.5974741,43.2972393],[-80.5976181,43.2972431],[-80.5976128,43.2973515]]]},"properties":{"premiseId":"P-00406","address":"58 Ironwood Street","premiseType":"residential","heightM":6.3,"stories":2,"roof":"gable","yearBuilt":1993,"solar":false,"heatingFuel":"gas"}},{"type":"Feature","id":"B-P-00407","geometry":{"type":"Polygon","coordinates":[[[-80.5976092,43.2971699],[-80.597479,43.2971647],[-80.5974868,43.2970603],[-80.597617,43.2970655],[-80.5976092,43.2971699]]]},"properties":{"premiseId":"P-00407","address":"62 Ironwood Street","premiseType":"residential","heightM":3.7,"stories":1,"roof":"gable","yearBuilt":1996,"solar":false,"heatingFuel":"gas"}},{"type":"Feature","id":"B-P-00408","geometry":{"type":"Polygon","coordinates":[[[-80.5976112,43.2970363],[-80.5974681,43.2970287],[-80.5974807,43.2969041],[-80.5976237,43.2969117],[-80.5976112,43.2970363]]]},"properties":{"premiseId":"P-00408","address":"68 Ironwood Street","premiseType":"residential","heightM":6.3,"stories":2,"roof":"hip","yearBuilt":2002,"solar":false,"heatingFuel":"gas"}},{"type":"Feature","id":"B-P-00409","geometry":{"type":"Polygon","coordinates":[[[-80.5978154,43.2967911],[-80.5977293,43.2967858],[-80.5977356,43.296732],[-80.5978217,43.2967374],[-80.5978154,43.2967911]]]},"properties":{"premiseId":"P-00409","address":"72 Ironwood Street","premiseType":"residential","heightM":6.3,"stories":2,"roof":"gable","yearBuilt":2006,"solar":false,"heatingFuel":"electric_resistance"}},{"type":"Feature","id":"B-P-00410","geometry":{"type":"Polygon","coordinates":[[[-80.5966782,43.300217],[-80.5966634,43.300127],[-80.59679,43.3001161],[-80.5968048,43.300206],[-80.5966782,43.300217]]]},"properties":{"premiseId":"P-00410","address":"15 Linden Trail","premiseType":"residential","heightM":6.3,"stories":2,"roof":"gable","yearBuilt":1967,"solar":false,"heatingFuel":"gas"}},{"type":"Feature","id":"B-P-00411","geometry":{"type":"Polygon","coordinates":[[[-80.5966966,43.3003738],[-80.5966782,43.3002824],[-80.5967951,43.3002699],[-80.5968135,43.3003613],[-80.5966966,43.3003738]]]},"properties":{"premiseId":"P-00411","address":"19 Linden Trail","premiseType":"residential","heightM":3.7,"stories":1,"roof":"gable","yearBuilt":1963,"solar":false,"heatingFuel":"gas"}},{"type":"Feature","id":"B-P-00412","geometry":{"type":"Polygon","coordinates":[[[-80.5967284,43.3005031],[-80.5967122,43.300427],[-80.5968242,43.3004143],[-80.5968404,43.3004905],[-80.5967284,43.3005031]]]},"properties":{"premiseId":"P-00412","address":"23 Linden Trail","premiseType":"residential","heightM":3.7,"stories":1,"roof":"gable","yearBuilt":1963,"solar":false,"heatingFuel":"gas"}},{"type":"Feature","id":"B-P-00413","geometry":{"type":"Polygon","coordinates":[[[-80.5967742,43.3006465],[-80.5967519,43.3005443],[-80.5968691,43.3005307],[-80.5968915,43.300633],[-80.5967742,43.3006465]]]},"properties":{"premiseId":"P-00413","address":"25 Linden Trail","premiseType":"residential","heightM":3.7,"stories":1,"roof":"gable","yearBuilt":1964,"solar":false,"heatingFuel":"gas"}},{"type":"Feature","id":"B-P-00414","geometry":{"type":"Polygon","coordinates":[[[-80.5967958,43.30081],[-80.596774,43.3007101],[-80.5968813,43.3006977],[-80.5969031,43.3007976],[-80.5967958,43.30081]]]},"properties":{"premiseId":"P-00414","address":"29 Linden Trail","premiseType":"residential","heightM":3.7,"stories":1,"roof":"hip","yearBuilt":1967,"solar":false,"heatingFuel":"gas"}},{"type":"Feature","id":"B-P-00415","geometry":{"type":"Polygon","coordinates":[[[-80.5968368,43.3009527],[-80.5968149,43.300849],[-80.5969281,43.3008364],[-80.5969498,43.3009401],[-80.5968368,43.3009527]]]},"properties":{"premiseId":"P-00415","address":"33 Linden Trail","premiseType":"residential","heightM":6.3,"stories":2,"roof":"hip","yearBuilt":1967,"solar":false,"heatingFuel":"gas"}},{"type":"Feature","id":"B-P-00416","geometry":{"type":"Polygon","coordinates":[[[-80.5968746,43.3011172],[-80.5968544,43.3010155],[-80.5969722,43.3010032],[-80.5969923,43.301105],[-80.5968746,43.3011172]]]},"properties":{"premiseId":"P-00416","address":"37 Linden Trail","premiseType":"residential","heightM":3.7,"stories":1,"roof":"hip","yearBuilt":1969,"solar":false,"heatingFuel":"gas"}},{"type":"Feature","id":"B-P-00417","geometry":{"type":"Polygon","coordinates":[[[-80.5968957,43.3012599],[-80.5968794,43.3011686],[-80.5970027,43.3011568],[-80.5970191,43.3012481],[-80.5968957,43.3012599]]]},"properties":{"premiseId":"P-00417","address":"41 Linden Trail","premiseType":"residential","heightM":3.7,"stories":1,"roof":"gable","yearBuilt":1968,"solar":false,"heatingFuel":"gas"}},{"type":"Feature","id":"B-P-00418","geometry":{"type":"Polygon","coordinates":[[[-80.5969054,43.3014216],[-80.5968899,43.301322],[-80.5970234,43.301311],[-80.597039,43.3014105],[-80.5969054,43.3014216]]]},"properties":{"premiseId":"P-00418","address":"45 Linden Trail","premiseType":"residential","heightM":6.3,"stories":2,"roof":"gable","yearBuilt":1969,"solar":false,"heatingFuel":"gas"}},{"type":"Feature","id":"B-P-00419","geometry":{"type":"Polygon","coordinates":[[[-80.5969475,43.3015941],[-80.5969345,43.3014934],[-80.5970528,43.3014853],[-80.5970658,43.301586],[-80.5969475,43.3015941]]]},"properties":{"premiseId":"P-00419","address":"49 Linden Trail","premiseType":"residential","heightM":3.7,"stories":1,"roof":"hip","yearBuilt":1974,"solar":false,"heatingFuel":"gas"}},{"type":"Feature","id":"B-P-00420","geometry":{"type":"Polygon","coordinates":[[[-80.596947,43.3017186],[-80.5969385,43.3016257],[-80.5970464,43.3016205],[-80.5970549,43.3017133],[-80.596947,43.3017186]]]},"properties":{"premiseId":"P-00420","address":"53 Linden Trail","premiseType":"residential","heightM":3.7,"stories":1,"roof":"gable","yearBuilt":1976,"solar":false,"heatingFuel":"gas"}},{"type":"Feature","id":"B-P-00421","geometry":{"type":"Polygon","coordinates":[[[-80.5969379,43.3018768],[-80.5969315,43.3017727],[-80.5970908,43.3017676],[-80.5970972,43.3018715],[-80.5969379,43.3018768]]]},"properties":{"premiseId":"P-00421","address":"55 Linden Trail","premiseType":"residential","heightM":6.3,"stories":2,"roof":"hip","yearBuilt":1978,"solar":false,"heatingFuel":"heat_pump"}},{"type":"Feature","id":"B-P-00422","geometry":{"type":"Polygon","coordinates":[[[-80.5969531,43.3020541],[-80.5969507,43.3019544],[-80.597085,43.3019527],[-80.5970874,43.3020524],[-80.5969531,43.3020541]]]},"properties":{"premiseId":"P-00422","address":"59 Linden Trail","premiseType":"residential","heightM":3.7,"stories":1,"roof":"gable","yearBuilt":1982,"solar":true,"heatingFuel":"gas"}},{"type":"Feature","id":"B-P-00423","geometry":{"type":"Polygon","coordinates":[[[-80.5969436,43.3021908],[-80.596945,43.3020918],[-80.5971024,43.3020931],[-80.5971009,43.3021921],[-80.5969436,43.3021908]]]},"properties":{"premiseId":"P-00423","address":"63 Linden Trail","premiseType":"residential","heightM":6.3,"stories":2,"roof":"hip","yearBuilt":1987,"solar":true,"heatingFuel":"gas"}},{"type":"Feature","id":"B-P-00424","geometry":{"type":"Polygon","coordinates":[[[-80.5969513,43.3023442],[-80.5969561,43.3022484],[-80.5970813,43.3022516],[-80.5970766,43.3023476],[-80.5969513,43.3023442]]]},"properties":{"premiseId":"P-00424","address":"67 Linden Trail","premiseType":"residential","heightM":6.3,"stories":2,"roof":"gable","yearBuilt":1989,"solar":false,"heatingFuel":"gas"}},{"type":"Feature","id":"B-P-00425","geometry":{"type":"Polygon","coordinates":[[[-80.5969368,43.3025181],[-80.5969452,43.3024181],[-80.5970697,43.3024236],[-80.5970613,43.3025236],[-80.5969368,43.3025181]]]},"properties":{"premiseId":"P-00425","address":"71 Linden Trail","premiseType":"residential","heightM":6.3,"stories":2,"roof":"hip","yearBuilt":1995,"solar":false,"heatingFuel":"heat_pump"}},{"type":"Feature","id":"B-P-00426","geometry":{"type":"Polygon","coordinates":[[[-80.5969301,43.302629],[-80.5969402,43.3025456],[-80.5970703,43.302554],[-80.5970602,43.3026374],[-80.5969301,43.302629]]]},"properties":{"premiseId":"P-00426","address":"75 Linden Trail","premiseType":"residential","heightM":3.7,"stories":1,"roof":"gable","yearBuilt":1998,"solar":false,"heatingFuel":"gas"}},{"type":"Feature","id":"B-P-00427","geometry":{"type":"Polygon","coordinates":[[[-80.5968937,43.3027908],[-80.5969094,43.3026838],[-80.5970446,43.3026942],[-80.597029,43.3028013],[-80.5968937,43.3027908]]]},"properties":{"premiseId":"P-00427","address":"77 Linden Trail","premiseType":"residential","heightM":6.3,"stories":2,"roof":"hip","yearBuilt":1999,"solar":false,"heatingFuel":"gas"}},{"type":"Feature","id":"B-P-00428","geometry":{"type":"Polygon","coordinates":[[[-80.5961516,43.3003365],[-80.5963002,43.3003208],[-80.5963174,43.3004069],[-80.5961689,43.3004227],[-80.5961516,43.3003365]]]},"properties":{"premiseId":"P-00428","address":"20 Linden Trail","premiseType":"residential","heightM":6.3,"stories":2,"roof":"hip","yearBuilt":1977,"solar":false,"heatingFuel":"heat_pump"}},{"type":"Feature","id":"B-P-00429","geometry":{"type":"Polygon","coordinates":[[[-80.596161,43.3004633],[-80.5963184,43.3004457],[-80.5963402,43.3005486],[-80.5961828,43.3005663],[-80.596161,43.3004633]]]},"properties":{"premiseId":"P-00429","address":"24 Linden Trail","premiseType":"residential","heightM":6.3,"stories":2,"roof":"hip","yearBuilt":1976,"solar":true,"heatingFuel":"heat_pump"}},{"type":"Feature","id":"B-P-00430","geometry":{"type":"Polygon","coordinates":[[[-80.5962081,43.3006298],[-80.5963679,43.3006113],[-80.5963898,43.3007122],[-80.5962301,43.3007306],[-80.5962081,43.3006298]]]},"properties":{"premiseId":"P-00430","address":"26 Linden Trail","premiseType":"residential","heightM":6.3,"stories":2,"roof":"gable","yearBuilt":1976,"solar":false,"heatingFuel":"gas"}},{"type":"Feature","id":"B-P-00431","geometry":{"type":"Polygon","coordinates":[[[-80.5962425,43.3007834],[-80.5963867,43.3007667],[-80.5964059,43.3008543],[-80.5962616,43.300871],[-80.5962425,43.3007834]]]},"properties":{"premiseId":"P-00431","address":"30 Linden Trail","premiseType":"residential","heightM":3.7,"stories":1,"roof":"gable","yearBuilt":1977,"solar":false,"heatingFuel":"electric_resistance"}},{"type":"Feature","id":"B-P-00432","geometry":{"type":"Polygon","coordinates":[[[-80.5962886,43.3009188],[-80.5964318,43.3009028],[-80.5964522,43.3009996],[-80.596309,43.3010155],[-80.5962886,43.3009188]]]},"properties":{"premiseId":"P-00432","address":"34 Linden Trail","premiseType":"residential","heightM":3.7,"stories":1,"roof":"hip","yearBuilt":1978,"solar":false,"heatingFuel":"gas"}},{"type":"Feature","id":"B-P-00433","geometry":{"type":"Polygon","coordinates":[[[-80.5963149,43.3010765],[-80.5964528,43.301062],[-80.5964703,43.3011497],[-80.5963324,43.3011643],[-80.5963149,43.3010765]]]},"properties":{"premiseId":"P-00433","address":"38 Linden Trail","premiseType":"residential","heightM":6.3,"stories":2,"roof":"hip","yearBuilt":1979,"solar":false,"heatingFuel":"gas"}},{"type":"Feature","id":"B-P-00434","geometry":{"type":"Polygon","coordinates":[[[-80.5963456,43.3012086],[-80.596491,43.3011947],[-80.5965075,43.3012852],[-80.5963621,43.3012991],[-80.5963456,43.3012086]]]},"properties":{"premiseId":"P-00434","address":"42 Linden Trail","premiseType":"residential","heightM":6.3,"stories":2,"roof":"hip","yearBuilt":1982,"solar":false,"heatingFuel":"gas"}},{"type":"Feature","id":"B-P-00435","geometry":{"type":"Polygon","coordinates":[[[-80.596387,43.3013681],[-80.5965138,43.3013576],[-80.5965302,43.3014625],[-80.5964035,43.3014731],[-80.596387,43.3013681]]]},"properties":{"premiseId":"P-00435","address":"46 Linden Trail","premiseType":"residential","heightM":3.7,"stories":1,"roof":"hip","yearBuilt":1983,"solar":false,"heatingFuel":"gas"}},{"type":"Feature","id":"B-P-00436","geometry":{"type":"Polygon","coordinates":[[[-80.5963921,43.3015003],[-80.5965333,43.3014906],[-80.596544,43.3015744],[-80.5964028,43.301584],[-80.5963921,43.3015003]]]},"properties":{"premiseId":"P-00436","address":"50 Linden Trail","premiseType":"residential","heightM":3.7,"stories":1,"roof":"gable","yearBuilt":1986,"solar":false,"heatingFuel":"heat_pump"}},{"type":"Feature","id":"B-P-00437","geometry":{"type":"Polygon","coordinates":[[[-80.5964011,43.3016653],[-80.5965517,43.3016578],[-80.5965614,43.3017622],[-80.5964108,43.3017697],[-80.5964011,43.3016653]]]},"properties":{"premiseId":"P-00437","address":"54 Linden Trail","premiseType":"residential","heightM":6.3,"stories":2,"roof":"gable","yearBuilt":1990,"solar":false,"heatingFuel":"gas"}},{"type":"Feature","id":"B-P-00438","geometry":{"type":"Polygon","coordinates":[[[-80.5964256,43.3018136],[-80.5965638,43.3018095],[-80.5965696,43.3019139],[-80.5964316,43.3019181],[-80.5964256,43.3018136]]]},"properties":{"premiseId":"P-00438","address":"58 Linden Trail","premiseType":"residential","heightM":3.7,"stories":1,"roof":"hip","yearBuilt":1988,"solar":false,"heatingFuel":"gas"}},{"type":"Feature","id":"B-P-00439","geometry":{"type":"Polygon","coordinates":[[[-80.5964574,43.3019451],[-80.5965816,43.3019437],[-80.5965836,43.3020393],[-80.5964593,43.3020407],[-80.5964574,43.3019451]]]},"properties":{"premiseId":"P-00439","address":"60 Linden Trail","premiseType":"residential","heightM":6.3,"stories":2,"roof":"gable","yearBuilt":1995,"solar":false,"heatingFuel":"gas"}},{"type":"Feature","id":"B-P-00440","geometry":{"type":"Polygon","coordinates":[[[-80.5964259,43.3021094],[-80.5965677,43.3021107],[-80.5965658,43.3022203],[-80.596424,43.302219],[-80.5964259,43.3021094]]]},"properties":{"premiseId":"P-00440","address":"64 Linden Trail","premiseType":"residential","heightM":6.3,"stories":2,"roof":"hip","yearBuilt":1993,"solar":false,"heatingFuel":"gas"}},{"type":"Feature","id":"B-P-00441","geometry":{"type":"Polygon","coordinates":[[[-80.5964334,43.3022617],[-80.596573,43.3022655],[-80.5965688,43.3023459],[-80.5964292,43.3023422],[-80.5964334,43.3022617]]]},"properties":{"premiseId":"P-00441","address":"68 Linden Trail","premiseType":"residential","heightM":6.3,"stories":2,"roof":"gable","yearBuilt":1999,"solar":false,"heatingFuel":"gas"}},{"type":"Feature","id":"B-P-00442","geometry":{"type":"Polygon","coordinates":[[[-80.5966605,43.2998395],[-80.5965792,43.2998445],[-80.5965677,43.2997467],[-80.5966489,43.2997416],[-80.5966605,43.2998395]]]},"properties":{"premiseId":"P-00442","address":"5 Linden Trail","premiseType":"residential","heightM":6.3,"stories":2,"roof":"hip","yearBuilt":1969,"solar":false,"heatingFuel":"gas"}},{"type":"Feature","id":"B-P-00443","geometry":{"type":"Polygon","coordinates":[[[-80.5961793,43.3001689],[-80.59631,43.3001689],[-80.59631,43.3002636],[-80.5961793,43.3002636],[-80.5961793,43.3001689]]]},"properties":{"premiseId":"P-00443","address":"3 Juniper Trail","premiseType":"residential","heightM":3.7,"stories":1,"roof":"hip","yearBuilt":1979,"solar":false,"heatingFuel":"gas"}},{"type":"Feature","id":"B-P-00444","geometry":{"type":"Polygon","coordinates":[[[-80.5959197,43.3001674],[-80.596068,43.3001674],[-80.596068,43.3002626],[-80.5959197,43.3002626],[-80.5959197,43.3001674]]]},"properties":{"premiseId":"P-00444","address":"7 Juniper Trail","premiseType":"residential","heightM":6.3,"stories":2,"roof":"gable","yearBuilt":1983,"solar":false,"heatingFuel":"gas"}},{"type":"Feature","id":"B-P-00445","geometry":{"type":"Polygon","coordinates":[[[-80.5957347,43.3001622],[-80.5958722,43.3001622],[-80.5958722,43.3002576],[-80.5957347,43.3002576],[-80.5957347,43.3001622]]]},"properties":{"premiseId":"P-00445","address":"11 Juniper Trail","premiseType":"residential","heightM":6.3,"stories":2,"roof":"gable","yearBuilt":1989,"solar":false,"heatingFuel":"gas"}},{"type":"Feature","id":"B-P-00446","geometry":{"type":"Polygon","coordinates":[[[-80.5954843,43.3001719],[-80.5956101,43.3001719],[-80.5956101,43.3002724],[-80.5954843,43.3002724],[-80.5954843,43.3001719]]]},"properties":{"premiseId":"P-00446","address":"17 Juniper Trail","premiseType":"residential","heightM":6.3,"stories":2,"roof":"gable","yearBuilt":1990,"solar":false,"heatingFuel":"gas"}},{"type":"Feature","id":"B-P-00447","geometry":{"type":"Polygon","coordinates":[[[-80.5960634,43.2998483],[-80.5960634,43.2998968],[-80.5959513,43.2998968],[-80.5959513,43.2998483],[-80.5960634,43.2998483]]]},"properties":{"premiseId":"P-00447","address":"10 Juniper Trail","premiseType":"residential","heightM":6.3,"stories":2,"roof":"gable","yearBuilt":1983,"solar":false,"heatingFuel":"gas"}},{"type":"Feature","id":"B-P-00448","geometry":{"type":"Polygon","coordinates":[[[-80.5958452,43.2998497],[-80.5958452,43.2998982],[-80.5957187,43.2998982],[-80.5957187,43.2998497],[-80.5958452,43.2998497]]]},"properties":{"premiseId":"P-00448","address":"12 Juniper Trail","premiseType":"residential","heightM":6.3,"stories":2,"roof":"gable","yearBuilt":1990,"solar":false,"heatingFuel":"gas"}},{"type":"Feature","id":"B-P-00449","geometry":{"type":"Polygon","coordinates":[[[-80.5956308,43.2998463],[-80.5956308,43.2998948],[-80.5954905,43.2998948],[-80.5954905,43.2998463],[-80.5956308,43.2998463]]]},"properties":{"premiseId":"P-00449","address":"16 Juniper Trail","premiseType":"residential","heightM":6.3,"stories":2,"roof":"gable","yearBuilt":1991,"solar":false,"heatingFuel":"gas"}},{"type":"Feature","id":"B-P-00450","geometry":{"type":"Polygon","coordinates":[[[-80.5963816,43.2984299],[-80.5963795,43.2983441],[-80.5965031,43.2983424],[-80.5965052,43.2984283],[-80.5963816,43.2984299]]]},"properties":{"premiseId":"P-00450","address":"30 Colborne Crescent","premiseType":"residential","heightM":3.7,"stories":1,"roof":"gable","yearBuilt":1987,"solar":false,"heatingFuel":"electric_resistance"}},{"type":"Feature","id":"B-P-00451","geometry":{"type":"Polygon","coordinates":[[[-80.596387,43.2985852],[-80.5963817,43.2984745],[-80.5965073,43.2984713],[-80.5965126,43.2985821],[-80.596387,43.2985852]]]},"properties":{"premiseId":"P-00451","address":"28 Colborne Crescent","premiseType":"residential","heightM":6.3,"stories":2,"roof":"hip","yearBuilt":1983,"solar":false,"heatingFuel":"gas"}},{"type":"Feature","id":"B-P-00452","geometry":{"type":"Polygon","coordinates":[[[-80.5964145,43.2987468],[-80.5964071,43.2986456],[-80.5965326,43.2986407],[-80.5965401,43.2987418],[-80.5964145,43.2987468]]]},"properties":{"premiseId":"P-00452","address":"24 Colborne Crescent","premiseType":"residential","heightM":6.3,"stories":2,"roof":"gable","yearBuilt":1980,"solar":false,"heatingFuel":"heat_pump"}},{"type":"Feature","id":"B-P-00453","geometry":{"type":"Polygon","coordinates":[[[-80.5964419,43.2988651],[-80.596435,43.2987901],[-80.5965493,43.2987844],[-80.5965562,43.2988594],[-80.5964419,43.2988651]]]},"properties":{"premiseId":"P-00453","address":"20 Colborne Crescent","premiseType":"residential","heightM":3.7,"stories":1,"roof":"hip","yearBuilt":1980,"solar":false,"heatingFuel":"heat_pump"}},{"type":"Feature","id":"B-P-00454","geometry":{"type":"Polygon","coordinates":[[[-80.5964629,43.2990552],[-80.5964498,43.2989384],[-80.5965714,43.2989312],[-80.5965845,43.299048],[-80.5964629,43.2990552]]]},"properties":{"premiseId":"P-00454","address":"16 Colborne Crescent","premiseType":"residential","heightM":3.7,"stories":1,"roof":"gable","yearBuilt":1976,"solar":false,"heatingFuel":"gas"}},{"type":"Feature","id":"B-P-00455","geometry":{"type":"Polygon","coordinates":[[[-80.5964646,43.2991582],[-80.5964553,43.2990847],[-80.5965704,43.2990769],[-80.5965798,43.2991504],[-80.5964646,43.2991582]]]},"properties":{"premiseId":"P-00455","address":"12 Colborne Crescent","premiseType":"residential","heightM":3.7,"stories":1,"roof":"gable","yearBuilt":1977,"solar":false,"heatingFuel":"gas"}},{"type":"Feature","id":"B-P-00456","geometry":{"type":"Polygon","coordinates":[[[-80.5964799,43.2993453],[-80.5964651,43.2992388],[-80.5965834,43.2992301],[-80.5965981,43.2993367],[-80.5964799,43.2993453]]]},"properties":{"premiseId":"P-00456","address":"8 Colborne Crescent","premiseType":"residential","heightM":3.7,"stories":1,"roof":"hip","yearBuilt":1970,"solar":false,"heatingFuel":"heat_pump"}},{"type":"Feature","id":"B-P-00457","geometry":{"type":"Polygon","coordinates":[[[-80.5958804,43.2985056],[-80.5960229,43.298502],[-80.5960268,43.2985847],[-80.5958845,43.2985883],[-80.5958804,43.2985056]]]},"properties":{"premiseId":"P-00457","address":"27 Colborne Crescent","premiseType":"residential","heightM":3.7,"stories":1,"roof":"hip","yearBuilt":1996,"solar":false,"heatingFuel":"gas"}},{"type":"Feature","id":"B-P-00458","geometry":{"type":"Polygon","coordinates":[[[-80.5958765,43.2986544],[-80.5960271,43.2986488],[-80.5960351,43.2987608],[-80.5958845,43.2987665],[-80.5958765,43.2986544]]]},"properties":{"premiseId":"P-00458","address":"23 Colborne Crescent","premiseType":"residential","heightM":6.3,"stories":2,"roof":"hip","yearBuilt":1994,"solar":false,"heatingFuel":"gas"}},{"type":"Feature","id":"B-P-00459","geometry":{"type":"Polygon","coordinates":[[[-80.5959133,43.2988353],[-80.5960397,43.2988291],[-80.5960482,43.2989209],[-80.5959218,43.2989272],[-80.5959133,43.2988353]]]},"properties":{"premiseId":"P-00459","address":"19 Colborne Crescent","premiseType":"residential","heightM":6.3,"stories":2,"roof":"hip","yearBuilt":1988,"solar":false,"heatingFuel":"gas"}},{"type":"Feature","id":"B-P-00460","geometry":{"type":"Polygon","coordinates":[[[-80.5958966,43.2989804],[-80.5960441,43.2989718],[-80.5960534,43.2990555],[-80.5959059,43.2990641],[-80.5958966,43.2989804]]]},"properties":{"premiseId":"P-00460","address":"15 Colborne Crescent","premiseType":"residential","heightM":6.3,"stories":2,"roof":"hip","yearBuilt":1990,"solar":false,"heatingFuel":"gas"}},{"type":"Feature","id":"B-P-00461","geometry":{"type":"Polygon","coordinates":[[[-80.5959413,43.2991265],[-80.5960762,43.2991173],[-80.5960874,43.2992054],[-80.5959525,43.2992145],[-80.5959413,43.2991265]]]},"properties":{"premiseId":"P-00461","address":"11 Colborne Crescent","premiseType":"residential","heightM":3.7,"stories":1,"roof":"hip","yearBuilt":1990,"solar":false,"heatingFuel":"gas"}},{"type":"Feature","id":"B-P-00462","geometry":{"type":"Polygon","coordinates":[[[-80.5959528,43.2992664],[-80.5960764,43.2992575],[-80.5960895,43.2993524],[-80.5959658,43.2993615],[-80.5959528,43.2992664]]]},"properties":{"premiseId":"P-00462","address":"7 Colborne Crescent","premiseType":"residential","heightM":3.7,"stories":1,"roof":"gable","yearBuilt":1984,"solar":false,"heatingFuel":"gas"}},{"type":"Feature","id":"B-P-00463","geometry":{"type":"Polygon","coordinates":[[[-80.5952829,43.3012012],[-80.5953025,43.3012957],[-80.5951656,43.3013108],[-80.595146,43.3012163],[-80.5952829,43.3012012]]]},"properties":{"premiseId":"P-00463","address":"42 Fraser Drive","premiseType":"residential","heightM":6.3,"stories":2,"roof":"gable","yearBuilt":2004,"solar":false,"heatingFuel":"gas"}},{"type":"Feature","id":"B-P-00464","geometry":{"type":"Polygon","coordinates":[[[-80.5952339,43.3010726],[-80.5952518,43.3011644],[-80.5951087,43.3011792],[-80.5950908,43.3010874],[-80.5952339,43.3010726]]]},"properties":{"premiseId":"P-00464","address":"38 Fraser Drive","premiseType":"residential","heightM":6.3,"stories":2,"roof":"gable","yearBuilt":2007,"solar":false,"heatingFuel":"gas"}},{"type":"Feature","id":"B-P-00465","geometry":{"type":"Polygon","coordinates":[[[-80.5952267,43.3009063],[-80.5952428,43.3009963],[-80.5951172,43.3010082],[-80.5951012,43.3009182],[-80.5952267,43.3009063]]]},"properties":{"premiseId":"P-00465","address":"34 Fraser Drive","premiseType":"residential","heightM":6.3,"stories":2,"roof":"gable","yearBuilt":2008,"solar":false,"heatingFuel":"gas"}},{"type":"Feature","id":"B-P-00466","geometry":{"type":"Polygon","coordinates":[[[-80.5951913,43.3007411],[-80.5952073,43.3008462],[-80.5950548,43.3008586],[-80.5950387,43.3007535],[-80.5951913,43.3007411]]]},"properties":{"premiseId":"P-00466","address":"30 Fraser Drive","premiseType":"residential","heightM":6.3,"stories":2,"roof":"gable","yearBuilt":2004,"solar":false,"heatingFuel":"gas"}},{"type":"Feature","id":"B-P-00467","geometry":{"type":"Polygon","coordinates":[[[-80.5951664,43.3006023],[-80.5951774,43.3006916],[-80.595039,43.3007007],[-80.595028,43.3006113],[-80.5951664,43.3006023]]]},"properties":{"premiseId":"P-00467","address":"26 Fraser Drive","premiseType":"residential","heightM":6.3,"stories":2,"roof":"gable","yearBuilt":2003,"solar":true,"heatingFuel":"gas"}},{"type":"Feature","id":"B-P-00468","geometry":{"type":"Polygon","coordinates":[[[-80.5951491,43.3004636],[-80.595156,43.300543],[-80.5950117,43.3005498],[-80.5950048,43.3004704],[-80.5951491,43.3004636]]]},"properties":{"premiseId":"P-00468","address":"24 Fraser Drive","premiseType":"residential","heightM":6.3,"stories":2,"roof":"hip","yearBuilt":2001,"solar":false,"heatingFuel":"gas"}},{"type":"Feature","id":"B-P-00469","geometry":{"type":"Polygon","coordinates":[[[-80.5951424,43.3003077],[-80.5951477,43.3003983],[-80.5950065,43.3004026],[-80.5950012,43.300312],[-80.5951424,43.3003077]]]},"properties":{"premiseId":"P-00469","address":"20 Fraser Drive","premiseType":"residential","heightM":3.7,"stories":1,"roof":"gable","yearBuilt":2006,"solar":false,"heatingFuel":"gas"}},{"type":"Feature","id":"B-P-00470","geometry":{"type":"Polygon","coordinates":[[[-80.5951421,43.3001238],[-80.5951439,43.3002147],[-80.5949892,43.3002165],[-80.5949873,43.3001256],[-80.5951421,43.3001238]]]},"properties":{"premiseId":"P-00470","address":"16 Fraser Drive","premiseType":"residential","heightM":6.3,"stories":2,"roof":"hip","yearBuilt":2004,"solar":false,"heatingFuel":"gas"}},{"type":"Feature","id":"B-P-00471","geometry":{"type":"Polygon","coordinates":[[[-80.5959293,43.3018502],[-80.5957912,43.3018647],[-80.5957742,43.3017793],[-80.5959124,43.3017647],[-80.5959293,43.3018502]]]},"properties":{"premiseId":"P-00471","address":"57 Fraser Drive","premiseType":"residential","heightM":3.7,"stories":1,"roof":"gable","yearBuilt":1996,"solar":false,"heatingFuel":"electric_resistance"}},{"type":"Feature","id":"B-P-00472","geometry":{"type":"Polygon","coordinates":[[[-80.5959275,43.3017086],[-80.5957803,43.3017253],[-80.5957569,43.3016161],[-80.5959041,43.3015994],[-80.5959275,43.3017086]]]},"properties":{"premiseId":"P-00472","address":"53 Fraser Drive","premiseType":"residential","heightM":6.3,"stories":2,"roof":"gable","yearBuilt":1995,"solar":false,"heatingFuel":"heat_pump"}},{"type":"Feature","id":"B-P-00473","geometry":{"type":"Polygon","coordinates":[[[-80.5958676,43.3015493],[-80.5957302,43.3015653],[-80.5957096,43.3014712],[-80.5958471,43.3014553],[-80.5958676,43.3015493]]]},"properties":{"premiseId":"P-00473","address":"49 Fraser Drive","premiseType":"residential","heightM":6.3,"stories":2,"roof":"gable","yearBuilt":1993,"solar":false,"heatingFuel":"gas"}},{"type":"Feature","id":"B-P-00474","geometry":{"type":"Polygon","coordinates":[[[-80.5958581,43.3013992],[-80.5956964,43.3014178],[-80.5956791,43.3013388],[-80.5958408,43.3013202],[-80.5958581,43.3013992]]]},"properties":{"premiseId":"P-00474","address":"45 Fraser Drive","premiseType":"residential","heightM":6.3,"stories":2,"roof":"gable","yearBuilt":1997,"solar":true,"heatingFuel":"gas"}},{"type":"Feature","id":"B-P-00475","geometry":{"type":"Polygon","coordinates":[[[-80.595823,43.3012722],[-80.5956801,43.3012881],[-80.5956594,43.3011895],[-80.5958022,43.3011735],[-80.595823,43.3012722]]]},"properties":{"premiseId":"P-00475","address":"41 Fraser Drive","premiseType":"residential","heightM":6.3,"stories":2,"roof":"gable","yearBuilt":1991,"solar":false,"heatingFuel":"gas"}},{"type":"Feature","id":"B-P-00476","geometry":{"type":"Polygon","coordinates":[[[-80.5957827,43.3010971],[-80.595631,43.3011131],[-80.5956137,43.3010255],[-80.5957654,43.3010095],[-80.5957827,43.3010971]]]},"properties":{"premiseId":"P-00476","address":"37 Fraser Drive","premiseType":"residential","heightM":6.3,"stories":2,"roof":"gable","yearBuilt":1991,"solar":false,"heatingFuel":"gas"}},{"type":"Feature","id":"B-P-00477","geometry":{"type":"Polygon","coordinates":[[[-80.5957375,43.3009598],[-80.5956048,43.3009724],[-80.5955878,43.3008777],[-80.5957205,43.300865],[-80.5957375,43.3009598]]]},"properties":{"premiseId":"P-00477","address":"33 Fraser Drive","premiseType":"residential","heightM":6.3,"stories":2,"roof":"hip","yearBuilt":1994,"solar":false,"heatingFuel":"gas"}},{"type":"Feature","id":"B-P-00478","geometry":{"type":"Polygon","coordinates":[[[-80.5957419,43.3008149],[-80.595589,43.3008276],[-80.5955772,43.3007521],[-80.5957301,43.3007393],[-80.5957419,43.3008149]]]},"properties":{"premiseId":"P-00478","address":"31 Fraser Drive","premiseType":"residential","heightM":6.3,"stories":2,"roof":"gable","yearBuilt":1988,"solar":false,"heatingFuel":"gas"}},{"type":"Feature","id":"B-P-00479","geometry":{"type":"Polygon","coordinates":[[[-80.5956865,43.3006863],[-80.5955614,43.3006947],[-80.5955505,43.3006093],[-80.5956757,43.300601],[-80.5956865,43.3006863]]]},"properties":{"premiseId":"P-00479","address":"27 Fraser Drive","premiseType":"residential","heightM":6.3,"stories":2,"roof":"gable","yearBuilt":1991,"solar":false,"heatingFuel":"heat_pump"}},{"type":"Feature","id":"B-P-00480","geometry":{"type":"Polygon","coordinates":[[[-80.5956998,43.3005249],[-80.595547,43.3005324],[-80.5955373,43.3004288],[-80.5956902,43.3004212],[-80.5956998,43.3005249]]]},"properties":{"premiseId":"P-00480","address":"23 Fraser Drive","premiseType":"residential","heightM":6.3,"stories":2,"roof":"gable","yearBuilt":1992,"solar":false,"heatingFuel":"gas"}},{"type":"Feature","id":"B-P-00481","geometry":{"type":"Polygon","coordinates":[[[-80.6008793,43.2997664],[-80.6010383,43.2997679],[-80.6010346,43.2999835],[-80.6008756,43.299982],[-80.6008793,43.2997664]]]},"properties":{"premiseId":"P-00481","address":"113 Wheatfield Concession Road","premiseType":"commercial","heightM":4.3,"stories":1,"roof":"flat","yearBuilt":1925,"solar":false,"heatingFuel":"gas"}},{"type":"Feature","id":"B-P-00482","geometry":{"type":"Polygon","coordinates":[[[-80.6010709,43.2992722],[-80.6010674,43.2994662],[-80.6009106,43.2994647],[-80.600914,43.2992708],[-80.6010709,43.2992722]]]},"properties":{"premiseId":"P-00482","address":"112 Wheatfield Concession Road","premiseType":"commercial","heightM":4.3,"stories":1,"roof":"flat","yearBuilt":1933,"solar":false,"heatingFuel":"gas"}},{"type":"Feature","id":"B-P-00483","geometry":{"type":"Polygon","coordinates":[[[-80.6008579,43.2969993],[-80.6008664,43.2968754],[-80.601146,43.2968856],[-80.6011374,43.2970095],[-80.6008579,43.2969993]]]},"properties":{"premiseId":"P-00483","address":"206 Cardinal Concession Road","premiseType":"commercial","heightM":4.3,"stories":1,"roof":"flat","yearBuilt":1989,"solar":false,"heatingFuel":"gas"}},{"type":"Feature","id":"B-P-00484","geometry":{"type":"Polygon","coordinates":[[[-80.6008507,43.297155],[-80.6008598,43.2970172],[-80.6011471,43.2970273],[-80.6011379,43.2971652],[-80.6008507,43.297155]]]},"properties":{"premiseId":"P-00484","address":"202 Cardinal Concession Road","premiseType":"commercial","heightM":4.3,"stories":1,"roof":"flat","yearBuilt":1983,"solar":false,"heatingFuel":"gas"}},{"type":"Feature","id":"B-P-00485","geometry":{"type":"Polygon","coordinates":[[[-80.6008411,43.2972848],[-80.6008482,43.2971721],[-80.6011157,43.2971811],[-80.6011086,43.2972937],[-80.6008411,43.2972848]]]},"properties":{"premiseId":"P-00485","address":"200 Cardinal Concession Road","premiseType":"commercial","heightM":4.3,"stories":1,"roof":"flat","yearBuilt":1980,"solar":false,"heatingFuel":"gas"}},{"type":"Feature","id":"B-P-00486","geometry":{"type":"Polygon","coordinates":[[[-80.600831,43.2974405],[-80.6008395,43.2973018],[-80.6011325,43.2973113],[-80.6011241,43.2974501],[-80.600831,43.2974405]]]},"properties":{"premiseId":"P-00486","address":"196 Cardinal Concession Road","premiseType":"commercial","heightM":6.9,"stories":2,"roof":"flat","yearBuilt":1979,"solar":false,"heatingFuel":"gas"}},{"type":"Feature","id":"B-P-00487","geometry":{"type":"Polygon","coordinates":[[[-80.6008177,43.2975942],[-80.6008256,43.297459],[-80.6010995,43.2974676],[-80.6010915,43.2976028],[-80.6008177,43.2975942]]]},"properties":{"premiseId":"P-00487","address":"192 Cardinal Concession Road","premiseType":"commercial","heightM":6.9,"stories":2,"roof":"flat","yearBuilt":1971,"solar":false,"heatingFuel":"gas"}},{"type":"Feature","id":"B-P-00488","geometry":{"type":"Polygon","coordinates":[[[-80.6008205,43.2977453],[-80.6008279,43.2976128],[-80.601101,43.2976208],[-80.6010936,43.2977533],[-80.6008205,43.2977453]]]},"properties":{"premiseId":"P-00488","address":"188 Cardinal Concession Road","premiseType":"commercial","heightM":6.9,"stories":2,"roof":"flat","yearBuilt":1971,"solar":false,"heatingFuel":"gas"}},{"type":"Feature","id":"B-P-00489","geometry":{"type":"Polygon","coordinates":[[[-80.6008107,43.2978811],[-80.6008169,43.2977623],[-80.6010794,43.2977696],[-80.6010731,43.2978883],[-80.6008107,43.2978811]]]},"properties":{"premiseId":"P-00489","address":"184 Cardinal Concession Road","premiseType":"commercial","heightM":6.9,"stories":2,"roof":"flat","yearBuilt":1963,"solar":false,"heatingFuel":"gas"}},{"type":"Feature","id":"B-P-00490","geometry":{"type":"Polygon","coordinates":[[[-80.6007971,43.298039],[-80.600804,43.2978986],[-80.6010555,43.2979051],[-80.6010486,43.2980455],[-80.6007971,43.298039]]]},"properties":{"premiseId":"P-00490","address":"180 Cardinal Concession Road","premiseType":"commercial","heightM":6.9,"stories":2,"roof":"flat","yearBuilt":1963,"solar":false,"heatingFuel":"gas"}},{"type":"Feature","id":"B-P-00491","geometry":{"type":"Polygon","coordinates":[[[-80.6007995,43.2981805],[-80.6008053,43.2980571],[-80.6010462,43.2980631],[-80.6010405,43.2981864],[-80.6007995,43.2981805]]]},"properties":{"premiseId":"P-00491","address":"178 Cardinal Concession Road","premiseType":"commercial","heightM":4.3,"stories":1,"roof":"flat","yearBuilt":1959,"solar":false,"heatingFuel":"gas"}},{"type":"Feature","id":"B-P-00492","geometry":{"type":"Polygon","coordinates":[[[-80.6007826,43.2983246],[-80.6007881,43.2981973],[-80.6010205,43.2982027],[-80.601015,43.29833],[-80.6007826,43.2983246]]]},"properties":{"premiseId":"P-00492","address":"174 Cardinal Concession Road","premiseType":"commercial","heightM":4.3,"stories":1,"roof":"flat","yearBuilt":1950,"solar":false,"heatingFuel":"gas"}},{"type":"Feature","id":"B-P-00493","geometry":{"type":"Polygon","coordinates":[[[-80.6007848,43.2984788],[-80.6007902,43.2983428],[-80.6010151,43.2983476],[-80.6010097,43.2984836],[-80.6007848,43.2984788]]]},"properties":{"premiseId":"P-00493","address":"170 Cardinal Concession Road","premiseType":"commercial","heightM":6.9,"stories":2,"roof":"flat","yearBuilt":1947,"solar":false,"heatingFuel":"gas"}},{"type":"Feature","id":"B-P-00494","geometry":{"type":"Polygon","coordinates":[[[-80.6007731,43.2986247],[-80.6007779,43.2984967],[-80.6009973,43.298501],[-80.6009925,43.2986291],[-80.6007731,43.2986247]]]},"properties":{"premiseId":"P-00494","address":"166 Cardinal Concession Road","premiseType":"commercial","heightM":6.9,"stories":2,"roof":"flat","yearBuilt":1948,"solar":false,"heatingFuel":"gas"}},{"type":"Feature","id":"B-P-00495","geometry":{"type":"Polygon","coordinates":[[[-80.6007666,43.2987845],[-80.6007713,43.298643],[-80.6009877,43.2986469],[-80.600983,43.2987883],[-80.6007666,43.2987845]]]},"properties":{"premiseId":"P-00495","address":"162 Cardinal Concession Road","premiseType":"commercial","heightM":4.3,"stories":1,"roof":"flat","yearBuilt":1941,"solar":false,"heatingFuel":"gas"}},{"type":"Feature","id":"B-P-00496","geometry":{"type":"Polygon","coordinates":[[[-80.6007681,43.2989382],[-80.6007721,43.2988034],[-80.6009892,43.2988068],[-80.6009852,43.2989416],[-80.6007681,43.2989382]]]},"properties":{"premiseId":"P-00496","address":"158 Cardinal Concession Road","premiseType":"commercial","heightM":6.9,"stories":2,"roof":"flat","yearBuilt":1938,"solar":false,"heatingFuel":"gas"}},{"type":"Feature","id":"B-P-00497","geometry":{"type":"Polygon","coordinates":[[[-80.6007681,43.2990762],[-80.6007712,43.2989556],[-80.6009918,43.2989586],[-80.6009887,43.2990792],[-80.6007681,43.2990762]]]},"properties":{"premiseId":"P-00497","address":"154 Cardinal Concession Road","premiseType":"commercial","heightM":6.9,"stories":2,"roof":"flat","yearBuilt":1936,"solar":false,"heatingFuel":"gas"}},{"type":"Feature","id":"B-P-00498","geometry":{"type":"Polygon","coordinates":[[[-80.6007418,43.2992048],[-80.6007437,43.2991223],[-80.6008775,43.2991238],[-80.6008756,43.2992064],[-80.6007418,43.2992048]]]},"properties":{"premiseId":"P-00498","address":"152 Cardinal Concession Road","premiseType":"commercial","heightM":6.9,"stories":2,"roof":"flat","yearBuilt":1933,"solar":false,"heatingFuel":"gas"}},{"type":"Feature","id":"B-P-00499","geometry":{"type":"Polygon","coordinates":[[[-80.6002192,43.2964007],[-80.6004876,43.2964115],[-80.6004778,43.2965393],[-80.6002096,43.2965285],[-80.6002192,43.2964007]]]},"properties":{"premiseId":"P-00499","address":"217 Cardinal Concession Road","premiseType":"commercial","heightM":4.3,"stories":1,"roof":"flat","yearBuilt":2002,"solar":false,"heatingFuel":"gas"}},{"type":"Feature","id":"B-P-00500","geometry":{"type":"Polygon","coordinates":[[[-80.6002033,43.2965464],[-80.6004752,43.2965569],[-80.6004657,43.2966871],[-80.6001938,43.2966765],[-80.6002033,43.2965464]]]},"properties":{"premiseId":"P-00500","address":"213 Cardinal Concession Road","premiseType":"commercial","heightM":4.3,"stories":1,"roof":"flat","yearBuilt":1997,"solar":false,"heatingFuel":"gas"}},{"type":"Feature","id":"B-P-00501","geometry":{"type":"Polygon","coordinates":[[[-80.6001849,43.2966942],[-80.6004636,43.2967046],[-80.6004546,43.2968314],[-80.6001759,43.296821],[-80.6001849,43.2966942]]]},"properties":{"premiseId":"P-00501","address":"209 Cardinal Concession Road","premiseType":"commercial","heightM":4.3,"stories":1,"roof":"flat","yearBuilt":1994,"solar":false,"heatingFuel":"gas"}},{"type":"Feature","id":"B-P-00502","geometry":{"type":"Polygon","coordinates":[[[-80.6001863,43.2968395],[-80.6004508,43.2968491],[-80.6004415,43.2969833],[-80.600177,43.2969736],[-80.6001863,43.2968395]]]},"properties":{"premiseId":"P-00502","address":"205 Cardinal Concession Road","premiseType":"commercial","heightM":4.3,"stories":1,"roof":"flat","yearBuilt":1986,"solar":false,"heatingFuel":"gas"}},{"type":"Feature","id":"B-P-00503","geometry":{"type":"Polygon","coordinates":[[[-80.6001777,43.2969924],[-80.6004435,43.2970017],[-80.6004346,43.2971366],[-80.6001687,43.2971273],[-80.6001777,43.2969924]]]},"properties":{"premiseId":"P-00503","address":"201 Cardinal Concession Road","premiseType":"commercial","heightM":4.3,"stories":1,"roof":"flat","yearBuilt":1984,"solar":false,"heatingFuel":"gas"}},{"type":"Feature","id":"B-P-00504","geometry":{"type":"Polygon","coordinates":[[[-80.6001417,43.2971449],[-80.6004344,43.2971548],[-80.6004261,43.297285],[-80.6001334,43.2972752],[-80.6001417,43.2971449]]]},"properties":{"premiseId":"P-00504","address":"199 Cardinal Concession Road","premiseType":"commercial","heightM":6.9,"stories":2,"roof":"flat","yearBuilt":1977,"solar":false,"heatingFuel":"gas"}},{"type":"Feature","id":"B-P-00505","geometry":{"type":"Polygon","coordinates":[[[-80.6001327,43.2972935],[-80.6004208,43.2973028],[-80.6004129,43.2974338],[-80.6001247,43.2974245],[-80.6001327,43.2972935]]]},"properties":{"premiseId":"P-00505","address":"195 Cardinal Concession Road","premiseType":"commercial","heightM":6.9,"stories":2,"roof":"flat","yearBuilt":1976,"solar":false,"heatingFuel":"gas"}},{"type":"Feature","id":"B-P-00506","geometry":{"type":"Polygon","coordinates":[[[-80.6001345,43.297443],[-80.6004073,43.2974515],[-80.6003997,43.2975825],[-80.6001269,43.297574],[-80.6001345,43.297443]]]},"properties":{"premiseId":"P-00506","address":"191 Cardinal Concession Road","premiseType":"commercial","heightM":4.3,"stories":1,"roof":"flat","yearBuilt":1968,"solar":false,"heatingFuel":"gas"}},{"type":"Feature","id":"B-P-00507","geometry":{"type":"Polygon","coordinates":[[[-80.6001452,43.2975935],[-80.6004028,43.2976011],[-80.6003951,43.29774],[-80.6001375,43.2977324],[-80.6001452,43.2975935]]]},"properties":{"premiseId":"P-00507","address":"187 Cardinal Concession Road","premiseType":"commercial","heightM":6.9,"stories":2,"roof":"flat","yearBuilt":1964,"solar":false,"heatingFuel":"gas"}},{"type":"Feature","id":"B-P-00508","geometry":{"type":"Polygon","coordinates":[[[-80.6001622,43.2981937],[-80.6003739,43.2981986],[-80.6003687,43.2983161],[-80.600157,43.2983113],[-80.6001622,43.2981937]]]},"properties":{"premiseId":"P-00508","address":"173 Cardinal Concession Road","premiseType":"commercial","heightM":4.3,"stories":1,"roof":"flat","yearBuilt":1952,"solar":false,"heatingFuel":"gas"}},{"type":"Feature","id":"B-P-00509","geometry":{"type":"Polygon","coordinates":[[[-80.6001629,43.2983294],[-80.6003675,43.2983337],[-80.6003619,43.2984746],[-80.6001573,43.2984702],[-80.6001629,43.2983294]]]},"properties":{"premiseId":"P-00509","address":"169 Cardinal Concession Road","premiseType":"commercial","heightM":4.3,"stories":1,"roof":"flat","yearBuilt":1944,"solar":false,"heatingFuel":"gas"}},{"type":"Feature","id":"B-P-00510","geometry":{"type":"Polygon","coordinates":[[[-80.6001654,43.2984898],[-80.6003645,43.2984937],[-80.6003593,43.2986328],[-80.6001602,43.2986289],[-80.6001654,43.2984898]]]},"properties":{"premiseId":"P-00510","address":"165 Cardinal Concession Road","premiseType":"commercial","heightM":6.9,"stories":2,"roof":"flat","yearBuilt":1939,"solar":false,"heatingFuel":"gas"}},{"type":"Feature","id":"B-P-00511","geometry":{"type":"Polygon","coordinates":[[[-80.6001645,43.2986468],[-80.6003608,43.2986503],[-80.6003568,43.2987663],[-80.6001607,43.2987628],[-80.6001645,43.2986468]]]},"properties":{"premiseId":"P-00511","address":"161 Cardinal Concession Road","premiseType":"commercial","heightM":6.9,"stories":2,"roof":"flat","yearBuilt":1938,"solar":false,"heatingFuel":"gas"}},{"type":"Feature","id":"B-P-00512","geometry":{"type":"Polygon","coordinates":[[[-80.6001496,43.29878],[-80.6003455,43.2987831],[-80.6003415,43.2989153],[-80.6001457,43.2989121],[-80.6001496,43.29878]]]},"properties":{"premiseId":"P-00512","address":"157 Cardinal Concession Road","premiseType":"commercial","heightM":6.9,"stories":2,"roof":"flat","yearBuilt":1935,"solar":false,"heatingFuel":"gas"}},{"type":"Feature","id":"B-P-00513","geometry":{"type":"Polygon","coordinates":[[[-80.6001432,43.2989305],[-80.6003408,43.2989333],[-80.6003373,43.2990641],[-80.6001397,43.2990614],[-80.6001432,43.2989305]]]},"properties":{"premiseId":"P-00513","address":"155 Cardinal Concession Road","premiseType":"commercial","heightM":6.9,"stories":2,"roof":"flat","yearBuilt":1932,"solar":false,"heatingFuel":"gas"}},{"type":"Feature","id":"B-P-00514","geometry":{"type":"Polygon","coordinates":[[[-80.6001389,43.2990808],[-80.6003404,43.2990831],[-80.6003371,43.2992286],[-80.6001357,43.2992262],[-80.6001389,43.2990808]]]},"properties":{"premiseId":"P-00514","address":"151 Cardinal Concession Road","premiseType":"commercial","heightM":6.9,"stories":2,"roof":"flat","yearBuilt":1923,"solar":false,"heatingFuel":"gas"}},{"type":"Feature","id":"B-P-00515","geometry":{"type":"Polygon","coordinates":[[[-80.6001322,43.2992448],[-80.6003394,43.2992468],[-80.6003372,43.2993669],[-80.60013,43.2993648],[-80.6001322,43.2992448]]]},"properties":{"premiseId":"P-00515","address":"147 Cardinal Concession Road","premiseType":"commercial","heightM":4.3,"stories":1,"roof":"flat","yearBuilt":1921,"solar":false,"heatingFuel":"gas"}},{"type":"Feature","id":"B-P-00516","geometry":{"type":"Polygon","coordinates":[[[-80.6003252,43.3028821],[-80.6003257,43.3030313],[-80.6000949,43.3030317],[-80.6000944,43.3028824],[-80.6003252,43.3028821]]]},"properties":{"premiseId":"P-00516","address":"57 Cardinal Concession Road","premiseType":"commercial","heightM":4.3,"stories":1,"roof":"flat","yearBuilt":1985,"solar":false,"heatingFuel":"gas"}},{"type":"Feature","id":"B-P-00517","geometry":{"type":"Polygon","coordinates":[[[-80.6003324,43.3027153],[-80.6003328,43.3028618],[-80.6000942,43.3028622],[-80.6000937,43.3027157],[-80.6003324,43.3027153]]]},"properties":{"premiseId":"P-00517","address":"61 Cardinal Concession Road","premiseType":"commercial","heightM":6.9,"stories":2,"roof":"flat","yearBuilt":1976,"solar":false,"heatingFuel":"gas"}},{"type":"Feature","id":"B-P-00518","geometry":{"type":"Polygon","coordinates":[[[-80.6003357,43.3025602],[-80.6003361,43.302696],[-80.6000929,43.3026963],[-80.6000927,43.3025605],[-80.6003357,43.3025602]]]},"properties":{"premiseId":"P-00518","address":"65 Cardinal Concession Road","premiseType":"commercial","heightM":6.9,"stories":2,"roof":"flat","yearBuilt":1973,"solar":false,"heatingFuel":"gas"}},{"type":"Feature","id":"B-P-00519","geometry":{"type":"Polygon","coordinates":[[[-80.600332,43.3023806],[-80.6003323,43.3025401],[-80.6000878,43.3025402],[-80.6000875,43.3023808],[-80.600332,43.3023806]]]},"properties":{"premiseId":"P-00519","address":"69 Cardinal Concession Road","premiseType":"commercial","heightM":6.9,"stories":2,"roof":"flat","yearBuilt":1972,"solar":false,"heatingFuel":"gas"}},{"type":"Feature","id":"B-P-00520","geometry":{"type":"Polygon","coordinates":[[[-80.6003251,43.3022239],[-80.6003254,43.3023605],[-80.6000829,43.3023606],[-80.6000828,43.3022241],[-80.6003251,43.3022239]]]},"properties":{"premiseId":"P-00520","address":"73 Cardinal Concession Road","premiseType":"commercial","heightM":6.9,"stories":2,"roof":"flat","yearBuilt":1965,"solar":false,"heatingFuel":"gas"}},{"type":"Feature","id":"B-P-00521","geometry":{"type":"Polygon","coordinates":[[[-80.6003354,43.3020561],[-80.6003355,43.3022045],[-80.6000984,43.3022046],[-80.6000983,43.3020562],[-80.6003354,43.3020561]]]},"properties":{"premiseId":"P-00521","address":"77 Cardinal Concession Road","premiseType":"commercial","heightM":6.9,"stories":2,"roof":"flat","yearBuilt":1958,"solar":false,"heatingFuel":"gas"}},{"type":"Feature","id":"B-P-00522","geometry":{"type":"Polygon","coordinates":[[[-80.6003238,43.3018752],[-80.6003239,43.3020351],[-80.600096,43.3020351],[-80.6000959,43.3018753],[-80.6003238,43.3018752]]]},"properties":{"premiseId":"P-00522","address":"81 Cardinal Concession Road","premiseType":"commercial","heightM":6.9,"stories":2,"roof":"flat","yearBuilt":1954,"solar":false,"heatingFuel":"gas"}},{"type":"Feature","id":"B-P-00523","geometry":{"type":"Polygon","coordinates":[[[-80.600331,43.3017257],[-80.600331,43.3018556],[-80.6001145,43.3018556],[-80.6001145,43.3017257],[-80.600331,43.3017257]]]},"properties":{"premiseId":"P-00523","address":"85 Cardinal Concession Road","premiseType":"commercial","heightM":4.3,"stories":1,"roof":"flat","yearBuilt":1948,"solar":false,"heatingFuel":"gas"}},{"type":"Feature","id":"B-P-00524","geometry":{"type":"Polygon","coordinates":[[[-80.600332,43.3015543],[-80.600332,43.3017064],[-80.600129,43.3017064],[-80.600129,43.3015543],[-80.600332,43.3015543]]]},"properties":{"premiseId":"P-00524","address":"89 Cardinal Concession Road","premiseType":"commercial","heightM":6.9,"stories":2,"roof":"flat","yearBuilt":1945,"solar":false,"heatingFuel":"gas"}},{"type":"Feature","id":"B-P-00525","geometry":{"type":"Polygon","coordinates":[[[-80.6003299,43.3013761],[-80.6003298,43.3015332],[-80.6001437,43.3015331],[-80.6001438,43.301376],[-80.6003299,43.3013761]]]},"properties":{"premiseId":"P-00525","address":"93 Cardinal Concession Road","premiseType":"commercial","heightM":4.3,"stories":1,"roof":"flat","yearBuilt":1939,"solar":false,"heatingFuel":"gas"}},{"type":"Feature","id":"B-P-00526","geometry":{"type":"Polygon","coordinates":[[[-80.6003273,43.3012022],[-80.6003273,43.301355],[-80.6001596,43.3013549],[-80.6001597,43.3012022],[-80.6003273,43.3012022]]]},"properties":{"premiseId":"P-00526","address":"97 Cardinal Concession Road","premiseType":"commercial","heightM":4.3,"stories":1,"roof":"flat","yearBuilt":1935,"solar":false,"heatingFuel":"gas"}},{"type":"Feature","id":"B-P-00527","geometry":{"type":"Polygon","coordinates":[[[-80.6003267,43.3010514],[-80.6003266,43.3011829],[-80.6001764,43.3011828],[-80.6001765,43.3010514],[-80.6003267,43.3010514]]]},"properties":{"premiseId":"P-00527","address":"101 Cardinal Concession Road","premiseType":"commercial","heightM":4.3,"stories":1,"roof":"flat","yearBuilt":1934,"solar":false,"heatingFuel":"gas"}},{"type":"Feature","id":"B-P-00528","geometry":{"type":"Polygon","coordinates":[[[-80.6003265,43.3008734],[-80.6003264,43.3010317],[-80.6001942,43.3010316],[-80.6001943,43.3008733],[-80.6003265,43.3008734]]]},"properties":{"premiseId":"P-00528","address":"105 Cardinal Concession Road","premiseType":"commercial","heightM":6.9,"stories":2,"roof":"flat","yearBuilt":1931,"solar":false,"heatingFuel":"gas"}},{"type":"Feature","id":"B-P-00529","geometry":{"type":"Polygon","coordinates":[[[-80.6003257,43.3006962],[-80.6003256,43.300852],[-80.6002022,43.300852],[-80.6002023,43.3006961],[-80.6003257,43.3006962]]]},"properties":{"premiseId":"P-00529","address":"111 Cardinal Concession Road","premiseType":"commercial","heightM":6.9,"stories":2,"roof":"flat","yearBuilt":1923,"solar":false,"heatingFuel":"gas"}},{"type":"Feature","id":"B-P-00530","geometry":{"type":"Polygon","coordinates":[[[-80.6003303,43.3005483],[-80.6003303,43.3006768],[-80.6002069,43.3006768],[-80.6002069,43.3005483],[-80.6003303,43.3005483]]]},"properties":{"premiseId":"P-00530","address":"115 Cardinal Concession Road","premiseType":"commercial","heightM":6.9,"stories":2,"roof":"flat","yearBuilt":1921,"solar":false,"heatingFuel":"gas"}},{"type":"Feature","id":"B-P-00531","geometry":{"type":"Polygon","coordinates":[[[-80.6003362,43.3003687],[-80.6003361,43.3005287],[-80.6002127,43.3005286],[-80.6002128,43.3003687],[-80.6003362,43.3003687]]]},"properties":{"premiseId":"P-00531","address":"119 Cardinal Concession Road","premiseType":"commercial","heightM":4.3,"stories":1,"roof":"flat","yearBuilt":1920,"solar":false,"heatingFuel":"gas"}},{"type":"Feature","id":"B-P-00532","geometry":{"type":"Polygon","coordinates":[[[-80.600331,43.3002109],[-80.600331,43.3003485],[-80.6002076,43.3003484],[-80.6002076,43.3002109],[-80.600331,43.3002109]]]},"properties":{"premiseId":"P-00532","address":"123 Cardinal Concession Road","premiseType":"commercial","heightM":4.3,"stories":1,"roof":"flat","yearBuilt":1914,"solar":false,"heatingFuel":"gas"}},{"type":"Feature","id":"B-P-00533","geometry":{"type":"Polygon","coordinates":[[[-80.6003319,43.3000472],[-80.6003319,43.3001917],[-80.6002085,43.3001917],[-80.6002085,43.3000472],[-80.6003319,43.3000472]]]},"properties":{"premiseId":"P-00533","address":"127 Cardinal Concession Road","premiseType":"commercial","heightM":6.9,"stories":2,"roof":"flat","yearBuilt":1913,"solar":false,"heatingFuel":"gas"}},{"type":"Feature","id":"B-P-00534","geometry":{"type":"Polygon","coordinates":[[[-80.6003278,43.2998611],[-80.6003275,43.3000261],[-80.600204,43.3000259],[-80.6002044,43.2998609],[-80.6003278,43.2998611]]]},"properties":{"premiseId":"P-00534","address":"131 Cardinal Concession Road","premiseType":"commercial","heightM":6.9,"stories":2,"roof":"flat","yearBuilt":1910,"solar":false,"heatingFuel":"gas"}},{"type":"Feature","id":"B-P-00535","geometry":{"type":"Polygon","coordinates":[[[-80.600952,43.3030286],[-80.6007539,43.3030289],[-80.6007534,43.3029003],[-80.6009517,43.3028999],[-80.600952,43.3030286]]]},"properties":{"premiseId":"P-00535","address":"58 Cardinal Concession Road","premiseType":"commercial","heightM":4.3,"stories":1,"roof":"flat","yearBuilt":1986,"solar":false,"heatingFuel":"gas"}},{"type":"Feature","id":"B-P-00536","geometry":{"type":"Polygon","coordinates":[[[-80.6009334,43.3028802],[-80.6007489,43.3028804],[-80.6007484,43.302717],[-80.6009329,43.3027168],[-80.6009334,43.3028802]]]},"properties":{"premiseId":"P-00536","address":"62 Cardinal Concession Road","premiseType":"commercial","heightM":4.3,"stories":1,"roof":"flat","yearBuilt":1982,"solar":false,"heatingFuel":"gas"}},{"type":"Feature","id":"B-P-00537","geometry":{"type":"Polygon","coordinates":[[[-80.6009257,43.302696],[-80.6007549,43.3026962],[-80.6007547,43.3025543],[-80.6009255,43.3025542],[-80.6009257,43.302696]]]},"properties":{"premiseId":"P-00537","address":"66 Cardinal Concession Road","premiseType":"commercial","heightM":4.3,"stories":1,"roof":"flat","yearBuilt":1974,"solar":false,"heatingFuel":"gas"}},{"type":"Feature","id":"B-P-00538","geometry":{"type":"Polygon","coordinates":[[[-80.6009085,43.3025351],[-80.6007491,43.3025352],[-80.6007489,43.3023974],[-80.6009082,43.3023972],[-80.6009085,43.3025351]]]},"properties":{"premiseId":"P-00538","address":"70 Cardinal Concession Road","premiseType":"commercial","heightM":4.3,"stories":1,"roof":"flat","yearBuilt":1973,"solar":false,"heatingFuel":"gas"}},{"type":"Feature","id":"B-P-00539","geometry":{"type":"Polygon","coordinates":[[[-80.6008935,43.3023774],[-80.6007444,43.3023775],[-80.6007443,43.3022222],[-80.6008934,43.3022222],[-80.6008935,43.3023774]]]},"properties":{"premiseId":"P-00539","address":"74 Cardinal Concession Road","premiseType":"commercial","heightM":6.9,"stories":2,"roof":"flat","yearBuilt":1965,"solar":false,"heatingFuel":"gas"}},{"type":"Feature","id":"B-P-00540","geometry":{"type":"Polygon","coordinates":[[[-80.6008925,43.302202],[-80.6007515,43.3022021],[-80.6007513,43.3020625],[-80.6008924,43.3020624],[-80.6008925,43.302202]]]},"properties":{"premiseId":"P-00540","address":"78 Cardinal Concession Road","premiseType":"commercial","heightM":6.9,"stories":2,"roof":"flat","yearBuilt":1961,"solar":false,"heatingFuel":"gas"}},{"type":"Feature","id":"B-P-00541","geometry":{"type":"Polygon","coordinates":[[[-80.6008821,43.3020421],[-80.6007465,43.3020422],[-80.6007464,43.3018838],[-80.6008819,43.3018838],[-80.6008821,43.3020421]]]},"properties":{"premiseId":"P-00541","address":"82 Cardinal Concession Road","premiseType":"commercial","heightM":6.9,"stories":2,"roof":"flat","yearBuilt":1956,"solar":false,"heatingFuel":"gas"}},{"type":"Feature","id":"B-P-00542","geometry":{"type":"Polygon","coordinates":[[[-80.6008777,43.3018628],[-80.6007447,43.3018628],[-80.6007447,43.3017143],[-80.6008777,43.3017143],[-80.6008777,43.3018628]]]},"properties":{"premiseId":"P-00542","address":"86 Cardinal Concession Road","premiseType":"commercial","heightM":4.3,"stories":1,"roof":"flat","yearBuilt":1954,"solar":false,"heatingFuel":"gas"}},{"type":"Feature","id":"B-P-00543","geometry":{"type":"Polygon","coordinates":[[[-80.6008785,43.3016948],[-80.600745,43.3016948],[-80.600745,43.301557],[-80.6008786,43.301557],[-80.6008785,43.3016948]]]},"properties":{"premiseId":"P-00543","address":"90 Cardinal Concession Road","premiseType":"commercial","heightM":4.3,"stories":1,"roof":"flat","yearBuilt":1950,"solar":false,"heatingFuel":"gas"}},{"type":"Feature","id":"B-P-00544","geometry":{"type":"Polygon","coordinates":[[[-80.6008855,43.3015364],[-80.6007483,43.3015364],[-80.6007484,43.301371],[-80.6008856,43.3013711],[-80.6008855,43.3015364]]]},"properties":{"premiseId":"P-00544","address":"94 Cardinal Concession Road","premiseType":"commercial","heightM":6.9,"stories":2,"roof":"flat","yearBuilt":1944,"solar":false,"heatingFuel":"gas"}},{"type":"Feature","id":"B-P-00545","geometry":{"type":"Polygon","coordinates":[[[-80.6008927,43.3013503],[-80.6007487,43.3013503],[-80.6007489,43.3012105],[-80.6008928,43.3012106],[-80.6008927,43.3013503]]]},"properties":{"premiseId":"P-00545","address":"98 Cardinal Concession Road","premiseType":"commercial","heightM":4.3,"stories":1,"roof":"flat","yearBuilt":1939,"solar":false,"heatingFuel":"gas"}},{"type":"Feature","id":"B-P-00546","geometry":{"type":"Polygon","coordinates":[[[-80.6008988,43.3011919],[-80.6007464,43.3011918],[-80.6007465,43.3010574],[-80.6008988,43.3010575],[-80.6008988,43.3011919]]]},"properties":{"premiseId":"P-00546","address":"102 Cardinal Concession Road","premiseType":"commercial","heightM":6.9,"stories":2,"roof":"flat","yearBuilt":1937,"solar":false,"heatingFuel":"gas"}},{"type":"Feature","id":"B-P-00547","geometry":{"type":"Polygon","coordinates":[[[-80.6009074,43.3010371],[-80.6007439,43.301037],[-80.6007441,43.300873],[-80.6009075,43.3008731],[-80.6009074,43.3010371]]]},"properties":{"premiseId":"P-00547","address":"106 Cardinal Concession Road","premiseType":"commercial","heightM":4.3,"stories":1,"roof":"flat","yearBuilt":1933,"solar":false,"heatingFuel":"gas"}},{"type":"Feature","id":"B-P-00548","geometry":{"type":"Polygon","coordinates":[[[-80.6009222,43.300852],[-80.6007454,43.300852],[-80.6007455,43.3007071],[-80.6009223,43.3007072],[-80.6009222,43.300852]]]},"properties":{"premiseId":"P-00548","address":"112 Cardinal Concession Road","premiseType":"commercial","heightM":6.9,"stories":2,"roof":"flat","yearBuilt":1930,"solar":false,"heatingFuel":"gas"}},{"type":"Feature","id":"B-P-00549","geometry":{"type":"Polygon","coordinates":[[[-80.600939,43.3006868],[-80.6007483,43.3006868],[-80.6007484,43.3005337],[-80.600939,43.3005337],[-80.600939,43.3006868]]]},"properties":{"premiseId":"P-00549","address":"116 Cardinal Concession Road","premiseType":"commercial","heightM":6.9,"stories":2,"roof":"flat","yearBuilt":1928,"solar":false,"heatingFuel":"gas"}},{"type":"Feature","id":"B-P-00550","geometry":{"type":"Polygon","coordinates":[[[-80.6009582,43.3005141],[-80.6007537,43.300514],[-80.6007537,43.3003786],[-80.6009582,43.3003787],[-80.6009582,43.3005141]]]},"properties":{"premiseId":"P-00550","address":"120 Cardinal Concession Road","premiseType":"commercial","heightM":6.9,"stories":2,"roof":"flat","yearBuilt":1924,"solar":false,"heatingFuel":"gas"}},{"type":"Feature","id":"B-P-00551","geometry":{"type":"Polygon","coordinates":[[[-80.6009701,43.3003596],[-80.6007522,43.3003595],[-80.6007523,43.3002137],[-80.6009702,43.3002138],[-80.6009701,43.3003596]]]},"properties":{"premiseId":"P-00551","address":"124 Cardinal Concession Road","premiseType":"commercial","heightM":6.9,"stories":2,"roof":"flat","yearBuilt":1924,"solar":false,"heatingFuel":"gas"}},{"type":"Feature","id":"B-P-00552","geometry":{"type":"Polygon","coordinates":[[[-80.6009434,43.3001517],[-80.600857,43.3001517],[-80.600857,43.3000978],[-80.6009434,43.3000978],[-80.6009434,43.3001517]]]},"properties":{"premiseId":"P-00552","address":"128 Cardinal Concession Road","premiseType":"commercial","heightM":6.9,"stories":2,"roof":"flat","yearBuilt":1921,"solar":false,"heatingFuel":"gas"}},{"type":"Feature","id":"B-P-00553","geometry":{"type":"Polygon","coordinates":[[[-80.5994662,43.2998325],[-80.5997621,43.2998408],[-80.5997557,43.2999607],[-80.5994597,43.2999524],[-80.5994662,43.2998325]]]},"properties":{"premiseId":"P-00553","address":"8 Wentworth Street","premiseType":"commercial","heightM":4.3,"stories":1,"roof":"flat","yearBuilt":1914,"solar":false,"heatingFuel":"gas"}},{"type":"Feature","id":"B-P-00554","geometry":{"type":"Polygon","coordinates":[[[-80.5994865,43.2999709],[-80.5997512,43.299983],[-80.5997414,43.300095],[-80.5994769,43.3000829],[-80.5994865,43.2999709]]]},"properties":{"premiseId":"P-00554","address":"12 Wentworth Street","premiseType":"commercial","heightM":4.3,"stories":1,"roof":"flat","yearBuilt":1917,"solar":false,"heatingFuel":"gas"}},{"type":"Feature","id":"B-P-00555","geometry":{"type":"Polygon","coordinates":[[[-80.5994633,43.3001016],[-80.5997433,43.300119],[-80.599727,43.3002572],[-80.5994471,43.3002397],[-80.5994633,43.3001016]]]},"properties":{"premiseId":"P-00555","address":"16 Wentworth Street","premiseType":"commercial","heightM":6.9,"stories":2,"roof":"flat","yearBuilt":1915,"solar":false,"heatingFuel":"gas"}},{"type":"Feature","id":"B-P-00556","geometry":{"type":"Polygon","coordinates":[[[-80.5994521,43.3002531],[-80.5997186,43.3002735],[-80.5997022,43.3003872],[-80.5994357,43.3003668],[-80.5994521,43.3002531]]]},"properties":{"premiseId":"P-00556","address":"20 Wentworth Street","premiseType":"commercial","heightM":6.9,"stories":2,"roof":"flat","yearBuilt":1921,"solar":false,"heatingFuel":"gas"}},{"type":"Feature","id":"B-P-00557","geometry":{"type":"Polygon","coordinates":[[[-80.5994527,43.3003811],[-80.5997067,43.3004033],[-80.5996871,43.3005215],[-80.5994332,43.3004992],[-80.5994527,43.3003811]]]},"properties":{"premiseId":"P-00557","address":"22 Wentworth Street","premiseType":"commercial","heightM":4.3,"stories":1,"roof":"flat","yearBuilt":1919,"solar":false,"heatingFuel":"gas"}},{"type":"Feature","id":"B-P-00558","geometry":{"type":"Polygon","coordinates":[[[-80.5994575,43.2992283],[-80.5994423,43.2993674],[-80.5991625,43.2993513],[-80.5991776,43.2992122],[-80.5994575,43.2992283]]]},"properties":{"premiseId":"P-00558","address":"7 Barley Drive","premiseType":"commercial","heightM":4.3,"stories":1,"roof":"flat","yearBuilt":1929,"solar":false,"heatingFuel":"gas"}},{"type":"Feature","id":"B-P-00559","geometry":{"type":"Polygon","coordinates":[[[-80.5994773,43.2990913],[-80.5994669,43.2992113],[-80.5991847,43.2991983],[-80.5991952,43.2990783],[-80.5994773,43.2990913]]]},"properties":{"premiseId":"P-00559","address":"11 Barley Drive","premiseType":"commercial","heightM":6.9,"stories":2,"roof":"flat","yearBuilt":1931,"solar":false,"heatingFuel":"gas"}},{"type":"Feature","id":"B-P-00560","geometry":{"type":"Polygon","coordinates":[[[-80.5994839,43.2989364],[-80.5994752,43.2990738],[-80.5991866,43.299064],[-80.5991953,43.2989266],[-80.5994839,43.2989364]]]},"properties":{"premiseId":"P-00560","address":"15 Barley Drive","premiseType":"commercial","heightM":6.9,"stories":2,"roof":"flat","yearBuilt":1932,"solar":false,"heatingFuel":"gas"}},{"type":"Feature","id":"B-P-00561","geometry":{"type":"Polygon","coordinates":[[[-80.5999288,43.2993883],[-80.599721,43.2993762],[-80.5997352,43.2992471],[-80.599943,43.2992592],[-80.5999288,43.2993883]]]},"properties":{"premiseId":"P-00561","address":"8 Barley Drive","premiseType":"commercial","heightM":6.9,"stories":2,"roof":"flat","yearBuilt":1921,"solar":false,"heatingFuel":"gas"}},{"type":"Feature","id":"B-P-00562","geometry":{"type":"Polygon","coordinates":[[[-80.5999391,43.2992385],[-80.5997372,43.2992292],[-80.5997482,43.2991012],[-80.5999501,43.2991105],[-80.5999391,43.2992385]]]},"properties":{"premiseId":"P-00562","address":"12 Barley Drive","premiseType":"commercial","heightM":6.9,"stories":2,"roof":"flat","yearBuilt":1927,"solar":false,"heatingFuel":"gas"}},{"type":"Feature","id":"B-P-00563","geometry":{"type":"Polygon","coordinates":[[[-80.5980462,43.2992315],[-80.5980457,43.2992944],[-80.5979716,43.2992942],[-80.5979721,43.2992313],[-80.5980462,43.2992315]]]},"properties":{"premiseId":"P-00563","address":"168 Wheatfield Concession Road","premiseType":"commercial","heightM":6.9,"stories":2,"roof":"flat","yearBuilt":1944,"solar":false,"heatingFuel":"gas"}},{"type":"Feature","id":"B-P-00564","geometry":{"type":"Polygon","coordinates":[[[-80.5969124,43.2992681],[-80.596912,43.2993309],[-80.5968379,43.2993306],[-80.5968384,43.2992677],[-80.5969124,43.2992681]]]},"properties":{"premiseId":"P-00564","address":"186 Wheatfield Concession Road","premiseType":"commercial","heightM":6.9,"stories":2,"roof":"flat","yearBuilt":1966,"solar":false,"heatingFuel":"gas"}},{"type":"Feature","id":"B-P-00565","geometry":{"type":"Polygon","coordinates":[[[-80.5959317,43.2997471],[-80.5961343,43.2997483],[-80.5961335,43.2998291],[-80.5959308,43.299828],[-80.5959317,43.2997471]]]},"properties":{"premiseId":"P-00565","address":"201 Wheatfield Concession Road","premiseType":"commercial","heightM":4.3,"stories":1,"roof":"flat","yearBuilt":1984,"solar":false,"heatingFuel":"gas"}},{"type":"Feature","id":"B-P-00566","geometry":{"type":"Polygon","coordinates":[[[-80.5957022,43.2997482],[-80.5958814,43.2997491],[-80.5958807,43.2998299],[-80.5957013,43.2998291],[-80.5957022,43.2997482]]]},"properties":{"premiseId":"P-00566","address":"205 Wheatfield Concession Road","premiseType":"commercial","heightM":4.3,"stories":1,"roof":"flat","yearBuilt":1987,"solar":false,"heatingFuel":"gas"}},{"type":"Feature","id":"B-P-00567","geometry":{"type":"Polygon","coordinates":[[[-80.6010971,43.3046647],[-80.600949,43.3046656],[-80.600947,43.304504],[-80.6010951,43.304503],[-80.6010971,43.3046647]]]},"properties":{"premiseId":"P-00567","address":"16 Cardinal Concession Road","premiseType":"utility","heightM":5.2,"stories":1,"roof":"flat","yearBuilt":2027,"solar":false,"heatingFuel":"heat_pump"}},{"type":"Feature","id":"B-P-00568","geometry":{"type":"Polygon","coordinates":[[[-80.606018,43.3001234],[-80.6065729,43.3001402],[-80.6065601,43.3003646],[-80.6060051,43.3003478],[-80.606018,43.3001234]]]},"properties":{"premiseId":"P-00568","address":"15 Wheatfield Concession Road","premiseType":"utility","heightM":5.2,"stories":1,"roof":"flat","yearBuilt":2025,"solar":false,"heatingFuel":"heat_pump"}},{"type":"Feature","id":"B-P-00569","geometry":{"type":"Polygon","coordinates":[[[-80.5997342,43.2934985],[-80.6004115,43.2935326],[-80.6003348,43.2943392],[-80.5996575,43.2943051],[-80.5997342,43.2934985]]]},"properties":{"premiseId":"P-00569","address":"259 Cardinal Concession Road","premiseType":"industrial","heightM":5.2,"stories":1,"roof":"flat","yearBuilt":2026,"solar":false,"heatingFuel":"gas"}},{"type":"Feature","id":"B-P-00570","geometry":{"type":"Polygon","coordinates":[[[-80.5930873,43.2987706],[-80.5929549,43.2992552],[-80.5918654,43.2990976],[-80.5919977,43.298613],[-80.5930873,43.2987706]]]},"properties":{"premiseId":"P-00570","address":"246 Wheatfield Concession Road","premiseType":"industrial","heightM":5.2,"stories":1,"roof":"flat","yearBuilt":2024,"solar":false,"heatingFuel":"gas"}}]}