{"type":"FeatureCollection","name":"electric_services","crs_note":"EPSG:4326","features":[{"type":"Feature","id":"electric-E218","geometry":{"type":"LineString","coordinates":[[-80.6047711,43.2998478],[-80.6048828,43.2998568],[-80.6048046,43.2999161]]},"properties":{"kind":"service","tier":"service","placement":"underground","from":"electric-TX-00001","to":"electric-N-P-00001","lengthM":18.24,"voltageKV":0.24,"phase":"A","phases":1,"conductor":"4/0 AL URD triplex","feeder":"F1-01","feederId":"F1-01","designRole":"service","designKVA":5.66}},{"type":"Feature","id":"electric-E219","geometry":{"type":"LineString","coordinates":[[-80.6047711,43.2998478],[-80.6046595,43.2998568],[-80.6045971,43.2999096]]},"properties":{"kind":"service","tier":"service","placement":"underground","from":"electric-TX-00001","to":"electric-N-P-00002","lengthM":16.85,"voltageKV":0.24,"phase":"A","phases":1,"conductor":"4/0 AL URD triplex","feeder":"F1-01","feederId":"F1-01","designRole":"service","designKVA":5.94}},{"type":"Feature","id":"electric-E221","geometry":{"type":"LineString","coordinates":[[-80.604787,43.2990561],[-80.6047727,43.299374],[-80.6047067,43.2993142]]},"properties":{"kind":"service","tier":"service","placement":"underground","from":"electric-TX-00002","to":"electric-N-P-00003","lengthM":43.95,"voltageKV":0.24,"phase":"C","phases":1,"conductor":"4/0 AL URD triplex","feeder":"F1-01","feederId":"F1-01","designRole":"service","designKVA":10.86}},{"type":"Feature","id":"electric-E222","geometry":{"type":"LineString","coordinates":[[-80.604787,43.2990561],[-80.604777,43.2992135],[-80.6047105,43.2991769]]},"properties":{"kind":"service","tier":"service","placement":"underground","from":"electric-TX-00002","to":"electric-N-P-00004","lengthM":24.3,"voltageKV":0.24,"phase":"C","phases":1,"conductor":"4/0 AL URD triplex","feeder":"F1-01","feederId":"F1-01","designRole":"service","designKVA":5.68}},{"type":"Feature","id":"electric-E223","geometry":{"type":"LineString","coordinates":[[-80.604787,43.2990561],[-80.6047734,43.2990565],[-80.604702,43.299021]]},"properties":{"kind":"service","tier":"service","placement":"underground","from":"electric-TX-00002","to":"electric-N-P-00005","lengthM":8.11,"voltageKV":0.24,"phase":"C","phases":1,"conductor":"4/0 AL URD triplex","feeder":"F1-01","feederId":"F1-01","designRole":"service","designKVA":5.7}},{"type":"Feature","id":"electric-E224","geometry":{"type":"LineString","coordinates":[[-80.604787,43.2990561],[-80.6047628,43.298896],[-80.6046766,43.2988734]]},"properties":{"kind":"service","tier":"service","placement":"underground","from":"electric-TX-00002","to":"electric-N-P-00006","lengthM":25.35,"voltageKV":0.24,"phase":"C","phases":1,"conductor":"4/0 AL URD triplex","feeder":"F1-01","feederId":"F1-01","designRole":"service","designKVA":1.06}},{"type":"Feature","id":"electric-E225","geometry":{"type":"LineString","coordinates":[[-80.604787,43.2990561],[-80.6047461,43.2987413],[-80.6046769,43.2987256]]},"properties":{"kind":"service","tier":"service","placement":"underground","from":"electric-TX-00002","to":"electric-N-P-00007","lengthM":41.07,"voltageKV":0.24,"phase":"C","phases":1,"conductor":"4/0 AL URD triplex","feeder":"F1-01","feederId":"F1-01","designRole":"service","designKVA":5.71}},{"type":"Feature","id":"electric-E227","geometry":{"type":"LineString","coordinates":[[-80.6046916,43.2983352],[-80.6047221,43.2985773],[-80.6046441,43.2985336]]},"properties":{"kind":"service","tier":"service","placement":"underground","from":"electric-TX-00003","to":"electric-N-P-00008","lengthM":35.03,"voltageKV":0.24,"phase":"C","phases":1,"conductor":"4/0 AL URD triplex","feeder":"F1-01","feederId":"F1-01","designRole":"service","designKVA":6.18}},{"type":"Feature","id":"electric-E228","geometry":{"type":"LineString","coordinates":[[-80.6046916,43.2983352],[-80.6046935,43.2984126],[-80.604613,43.2983874]]},"properties":{"kind":"service","tier":"service","placement":"underground","from":"electric-TX-00003","to":"electric-N-P-00009","lengthM":15.72,"voltageKV":0.24,"phase":"C","phases":1,"conductor":"4/0 AL URD triplex","feeder":"F1-01","feederId":"F1-01","designRole":"service","designKVA":13.38}},{"type":"Feature","id":"electric-E229","geometry":{"type":"LineString","coordinates":[[-80.6046916,43.2983352],[-80.6046639,43.2982595],[-80.6045722,43.2982202]]},"properties":{"kind":"service","tier":"service","placement":"underground","from":"electric-TX-00003","to":"electric-N-P-00010","lengthM":17.34,"voltageKV":0.24,"phase":"C","phases":1,"conductor":"4/0 AL URD triplex","feeder":"F1-01","feederId":"F1-01","designRole":"service","designKVA":5.64}},{"type":"Feature","id":"electric-E230","geometry":{"type":"LineString","coordinates":[[-80.6046916,43.2983352],[-80.6046328,43.2981068],[-80.6045391,43.2980594]]},"properties":{"kind":"service","tier":"service","placement":"underground","from":"electric-TX-00003","to":"electric-N-P-00011","lengthM":35.11,"voltageKV":0.24,"phase":"C","phases":1,"conductor":"4/0 AL URD triplex","feeder":"F1-01","feederId":"F1-01","designRole":"service","designKVA":4.66}},{"type":"Feature","id":"electric-E232","geometry":{"type":"LineString","coordinates":[[-80.6044761,43.3009143],[-80.6045434,43.3014336],[-80.6044737,43.3013996]]},"properties":{"kind":"service","tier":"service","placement":"underground","from":"electric-TX-00004","to":"electric-N-P-00012","lengthM":64.88,"voltageKV":0.24,"phase":"A","phases":1,"conductor":"4/0 AL URD triplex","feeder":"F1-01","feederId":"F1-01","designRole":"service","designKVA":5.45}},{"type":"Feature","id":"electric-E233","geometry":{"type":"LineString","coordinates":[[-80.6044761,43.3009143],[-80.6045215,43.301274],[-80.6044396,43.3012311]]},"properties":{"kind":"service","tier":"service","placement":"underground","from":"electric-TX-00004","to":"electric-N-P-00013","lengthM":48.39,"voltageKV":0.24,"phase":"A","phases":1,"conductor":"4/0 AL URD triplex","feeder":"F1-01","feederId":"F1-01","designRole":"service","designKVA":2.37}},{"type":"Feature","id":"electric-E234","geometry":{"type":"LineString","coordinates":[[-80.6044761,43.3009143],[-80.6044982,43.3011221],[-80.6044061,43.3010861]]},"properties":{"kind":"service","tier":"service","placement":"underground","from":"electric-TX-00004","to":"electric-N-P-00014","lengthM":31.67,"voltageKV":0.24,"phase":"A","phases":1,"conductor":"4/0 AL URD triplex","feeder":"F1-01","feederId":"F1-01","designRole":"service","designKVA":1.22}},{"type":"Feature","id":"electric-E235","geometry":{"type":"LineString","coordinates":[[-80.6044761,43.3009143],[-80.6044747,43.3009796],[-80.6044036,43.3009488]]},"properties":{"kind":"service","tier":"service","placement":"underground","from":"electric-TX-00004","to":"electric-N-P-00015","lengthM":13.97,"voltageKV":0.24,"phase":"A","phases":1,"conductor":"4/0 AL URD triplex","feeder":"F1-01","feederId":"F1-01","designRole":"service","designKVA":4.63}},{"type":"Feature","id":"electric-E236","geometry":{"type":"LineString","coordinates":[[-80.6044761,43.3009143],[-80.6046734,43.3008313],[-80.6047383,43.3008002]]},"properties":{"kind":"service","tier":"service","placement":"underground","from":"electric-TX-00004","to":"electric-N-P-00023","lengthM":24.75,"voltageKV":0.24,"phase":"A","phases":1,"conductor":"4/0 AL URD triplex","feeder":"F1-01","feederId":"F1-01","designRole":"service","designKVA":5.81}},{"type":"Feature","id":"electric-E237","geometry":{"type":"LineString","coordinates":[[-80.6044761,43.3009143],[-80.6044502,43.3008354],[-80.6043642,43.3008118]]},"properties":{"kind":"service","tier":"service","placement":"underground","from":"electric-TX-00004","to":"electric-N-P-00016","lengthM":16.48,"voltageKV":0.24,"phase":"A","phases":1,"conductor":"4/0 AL URD triplex","feeder":"F1-01","feederId":"F1-01","designRole":"service","designKVA":10.74}},{"type":"Feature","id":"electric-E238","geometry":{"type":"LineString","coordinates":[[-80.6044761,43.3009143],[-80.6046482,43.3006819],[-80.6047124,43.3006269]]},"properties":{"kind":"service","tier":"service","placement":"underground","from":"electric-TX-00004","to":"electric-N-P-00024","lengthM":37.42,"voltageKV":0.24,"phase":"A","phases":1,"conductor":"4/0 AL URD triplex","feeder":"F1-01","feederId":"F1-01","designRole":"service","designKVA":4.75}},{"type":"Feature","id":"electric-E239","geometry":{"type":"LineString","coordinates":[[-80.6044761,43.3009143],[-80.6044244,43.3006819],[-80.6043325,43.3006597]]},"properties":{"kind":"service","tier":"service","placement":"underground","from":"electric-TX-00004","to":"electric-N-P-00017","lengthM":34.05,"voltageKV":0.24,"phase":"A","phases":1,"conductor":"4/0 AL URD triplex","feeder":"F1-01","feederId":"F1-01","designRole":"service","designKVA":6.16}},{"type":"Feature","id":"electric-E241","geometry":{"type":"LineString","coordinates":[[-80.6043817,43.3003171],[-80.6046234,43.3005278],[-80.6046855,43.3004663]]},"properties":{"kind":"service","tier":"service","placement":"underground","from":"electric-TX-00005","to":"electric-N-P-00025","lengthM":39.06,"voltageKV":0.24,"phase":"A","phases":1,"conductor":"4/0 AL URD triplex","feeder":"F1-01","feederId":"F1-01","designRole":"service","designKVA":10.79}},{"type":"Feature","id":"electric-E242","geometry":{"type":"LineString","coordinates":[[-80.6043817,43.3003171],[-80.6044001,43.3005303],[-80.6043307,43.3005038]]},"properties":{"kind":"service","tier":"service","placement":"underground","from":"electric-TX-00005","to":"electric-N-P-00018","lengthM":30.13,"voltageKV":0.24,"phase":"A","phases":1,"conductor":"4/0 AL URD triplex","feeder":"F1-01","feederId":"F1-01","designRole":"service","designKVA":11.8}},{"type":"Feature","id":"electric-E243","geometry":{"type":"LineString","coordinates":[[-80.6043817,43.3003171],[-80.6046013,43.3003799],[-80.6046839,43.3003568]]},"properties":{"kind":"service","tier":"service","placement":"underground","from":"electric-TX-00005","to":"electric-N-P-00026","lengthM":26.28,"voltageKV":0.24,"phase":"A","phases":1,"conductor":"4/0 AL URD triplex","feeder":"F1-01","feederId":"F1-01","designRole":"service","designKVA":10.63}},{"type":"Feature","id":"electric-E244","geometry":{"type":"LineString","coordinates":[[-80.6043817,43.3003171],[-80.6043791,43.3003871],[-80.6043112,43.3003676]]},"properties":{"kind":"service","tier":"service","placement":"underground","from":"electric-TX-00005","to":"electric-N-P-00019","lengthM":13.71,"voltageKV":0.24,"phase":"A","phases":1,"conductor":"4/0 AL URD triplex","feeder":"F1-01","feederId":"F1-01","designRole":"service","designKVA":16.83}},{"type":"Feature","id":"electric-E245","geometry":{"type":"LineString","coordinates":[[-80.6043817,43.3003171],[-80.6045824,43.3002352],[-80.6046549,43.3001912]]},"properties":{"kind":"service","tier":"service","placement":"underground","from":"electric-TX-00005","to":"electric-N-P-00027","lengthM":26.29,"voltageKV":0.24,"phase":"A","phases":1,"conductor":"4/0 AL URD triplex","feeder":"F1-01","feederId":"F1-01","designRole":"service","designKVA":12.7}},{"type":"Feature","id":"electric-E246","geometry":{"type":"LineString","coordinates":[[-80.6043817,43.3003171],[-80.604359,43.30023],[-80.6042682,43.3002027]]},"properties":{"kind":"service","tier":"service","placement":"underground","from":"electric-TX-00005","to":"electric-N-P-00020","lengthM":17.82,"voltageKV":0.24,"phase":"A","phases":1,"conductor":"4/0 AL URD triplex","feeder":"F1-01","feederId":"F1-01","designRole":"service","designKVA":4.9}},{"type":"Feature","id":"electric-E247","geometry":{"type":"LineString","coordinates":[[-80.6043817,43.3003171],[-80.6043429,43.3000819],[-80.6042569,43.3000502]]},"properties":{"kind":"service","tier":"service","placement":"underground","from":"electric-TX-00005","to":"electric-N-P-00021","lengthM":34.18,"voltageKV":0.24,"phase":"A","phases":1,"conductor":"4/0 AL URD triplex","feeder":"F1-01","feederId":"F1-01","designRole":"service","designKVA":4.43}},{"type":"Feature","id":"electric-E248","geometry":{"type":"LineString","coordinates":[[-80.6043817,43.3003171],[-80.6043317,43.2999376],[-80.604258,43.2999083]]},"properties":{"kind":"service","tier":"service","placement":"underground","from":"electric-TX-00005","to":"electric-N-P-00022","lengthM":49.24,"voltageKV":0.24,"phase":"A","phases":1,"conductor":"4/0 AL URD triplex","feeder":"F1-01","feederId":"F1-01","designRole":"service","designKVA":12.86}},{"type":"Feature","id":"electric-E250","geometry":{"type":"LineString","coordinates":[[-80.6039194,43.2993624],[-80.6036331,43.299342]]},"properties":{"kind":"service","tier":"service","placement":"overhead","from":"electric-TX-00006","to":"electric-N-P-00028","lengthM":23.3,"voltageKV":0.24,"phase":"C","phases":1,"conductor":"1/0 AL triplex","feeder":"F1-01","feederId":"F1-01","designRole":"service","designKVA":4.22}},{"type":"Feature","id":"electric-E252","geometry":{"type":"LineString","coordinates":[[-80.6039326,43.2993497],[-80.6039449,43.2993489],[-80.6040192,43.2992973]]},"properties":{"kind":"service","tier":"service","placement":"underground","from":"electric-TX-00007","to":"electric-N-P-00037","lengthM":9.32,"voltageKV":0.24,"phase":"C","phases":1,"conductor":"4/0 AL URD triplex","feeder":"F1-01","feederId":"F1-01","designRole":"service","designKVA":12.87}},{"type":"Feature","id":"electric-E254","geometry":{"type":"LineString","coordinates":[[-80.6038991,43.2992175],[-80.6036014,43.2991953]]},"properties":{"kind":"service","tier":"service","placement":"overhead","from":"electric-TX-00008","to":"electric-N-P-00029","lengthM":24.24,"voltageKV":0.24,"phase":"C","phases":1,"conductor":"1/0 AL triplex","feeder":"F1-01","feederId":"F1-01","designRole":"service","designKVA":4.57}},{"type":"Feature","id":"electric-E256","geometry":{"type":"LineString","coordinates":[[-80.60391,43.2991935],[-80.603922,43.2991924],[-80.6039988,43.2991438]]},"properties":{"kind":"service","tier":"service","placement":"underground","from":"electric-TX-00009","to":"electric-N-P-00038","lengthM":9.23,"voltageKV":0.24,"phase":"C","phases":1,"conductor":"4/0 AL URD triplex","feeder":"F1-01","feederId":"F1-01","designRole":"service","designKVA":5.8}},{"type":"Feature","id":"electric-E258","geometry":{"type":"LineString","coordinates":[[-80.6038725,43.2990606],[-80.6035838,43.2990612]]},"properties":{"kind":"service","tier":"service","placement":"overhead","from":"electric-TX-00010","to":"electric-N-P-00030","lengthM":23.39,"voltageKV":0.24,"phase":"C","phases":1,"conductor":"1/0 AL triplex","feeder":"F1-01","feederId":"F1-01","designRole":"service","designKVA":1.88}},{"type":"Feature","id":"electric-E260","geometry":{"type":"LineString","coordinates":[[-80.6038827,43.2990357],[-80.6038945,43.2990345],[-80.6039501,43.2989885]]},"properties":{"kind":"service","tier":"service","placement":"underground","from":"electric-TX-00011","to":"electric-N-P-00039","lengthM":7.78,"voltageKV":0.24,"phase":"C","phases":1,"conductor":"4/0 AL URD triplex","feeder":"F1-01","feederId":"F1-01","designRole":"service","designKVA":12.91}},{"type":"Feature","id":"electric-E262","geometry":{"type":"LineString","coordinates":[[-80.6038436,43.2989098],[-80.6035496,43.2988897]]},"properties":{"kind":"service","tier":"service","placement":"overhead","from":"electric-TX-00012","to":"electric-N-P-00031","lengthM":23.93,"voltageKV":0.24,"phase":"C","phases":1,"conductor":"1/0 AL triplex","feeder":"F1-01","feederId":"F1-01","designRole":"service","designKVA":1.62}},{"type":"Feature","id":"electric-E264","geometry":{"type":"LineString","coordinates":[[-80.6035829,43.2985352],[-80.603864,43.2988765],[-80.6039177,43.2988178]]},"properties":{"kind":"service","tier":"service","placement":"underground","from":"electric-TX-00013","to":"electric-N-P-00040","lengthM":52.15,"voltageKV":0.24,"phase":"C","phases":1,"conductor":"4/0 AL URD triplex","feeder":"F1-01","feederId":"F1-01","designRole":"service","designKVA":6.1}},{"type":"Feature","id":"electric-E265","geometry":{"type":"LineString","coordinates":[[-80.6035829,43.2985352],[-80.6036215,43.298787],[-80.6035241,43.2987676]]},"properties":{"kind":"service","tier":"service","placement":"underground","from":"electric-TX-00013","to":"electric-N-P-00032","lengthM":36.39,"voltageKV":0.24,"phase":"C","phases":1,"conductor":"4/0 AL URD triplex","feeder":"F1-01","feederId":"F1-01","designRole":"service","designKVA":4.37}},{"type":"Feature","id":"electric-E266","geometry":{"type":"LineString","coordinates":[[-80.6035829,43.2985352],[-80.6038321,43.2987184],[-80.6039002,43.2986699]]},"properties":{"kind":"service","tier":"service","placement":"underground","from":"electric-TX-00013","to":"electric-N-P-00041","lengthM":36.42,"voltageKV":0.24,"phase":"C","phases":1,"conductor":"4/0 AL URD triplex","feeder":"F1-01","feederId":"F1-01","designRole":"service","designKVA":13.69}},{"type":"Feature","id":"electric-E267","geometry":{"type":"LineString","coordinates":[[-80.6035829,43.2985352],[-80.6035917,43.2986414],[-80.6035039,43.2986086]]},"properties":{"kind":"service","tier":"service","placement":"underground","from":"electric-TX-00013","to":"electric-N-P-00033","lengthM":19.84,"voltageKV":0.24,"phase":"C","phases":1,"conductor":"4/0 AL URD triplex","feeder":"F1-01","feederId":"F1-01","designRole":"service","designKVA":5.94}},{"type":"Feature","id":"electric-E268","geometry":{"type":"LineString","coordinates":[[-80.6035829,43.2985352],[-80.6037996,43.2985574],[-80.6038589,43.2985097]]},"properties":{"kind":"service","tier":"service","placement":"underground","from":"electric-TX-00013","to":"electric-N-P-00042","lengthM":24.9,"voltageKV":0.24,"phase":"C","phases":1,"conductor":"4/0 AL URD triplex","feeder":"F1-01","feederId":"F1-01","designRole":"service","designKVA":4.79}},{"type":"Feature","id":"electric-E269","geometry":{"type":"LineString","coordinates":[[-80.6035829,43.2985352],[-80.6035624,43.2984925],[-80.603484,43.2984696]]},"properties":{"kind":"service","tier":"service","placement":"underground","from":"electric-TX-00013","to":"electric-N-P-00034","lengthM":11.87,"voltageKV":0.24,"phase":"C","phases":1,"conductor":"4/0 AL URD triplex","feeder":"F1-01","feederId":"F1-01","designRole":"service","designKVA":6.01}},{"type":"Feature","id":"electric-E270","geometry":{"type":"LineString","coordinates":[[-80.6035829,43.2985352],[-80.6037685,43.2983938],[-80.6038377,43.2983498]]},"properties":{"kind":"service","tier":"service","placement":"underground","from":"electric-TX-00013","to":"electric-N-P-00043","lengthM":29.21,"voltageKV":0.24,"phase":"C","phases":1,"conductor":"4/0 AL URD triplex","feeder":"F1-01","feederId":"F1-01","designRole":"service","designKVA":4.97}},{"type":"Feature","id":"electric-E271","geometry":{"type":"LineString","coordinates":[[-80.6035829,43.2985352],[-80.6035348,43.2983393],[-80.6034586,43.2983006]]},"properties":{"kind":"service","tier":"service","placement":"underground","from":"electric-TX-00013","to":"electric-N-P-00035","lengthM":29.68,"voltageKV":0.24,"phase":"C","phases":1,"conductor":"4/0 AL URD triplex","feeder":"F1-01","feederId":"F1-01","designRole":"service","designKVA":2.88}},{"type":"Feature","id":"electric-E272","geometry":{"type":"LineString","coordinates":[[-80.6035829,43.2985352],[-80.6037409,43.2982299],[-80.6038019,43.2981883]]},"properties":{"kind":"service","tier":"service","placement":"underground","from":"electric-TX-00013","to":"electric-N-P-00044","lengthM":43.09,"voltageKV":0.24,"phase":"C","phases":1,"conductor":"4/0 AL URD triplex","feeder":"F1-01","feederId":"F1-01","designRole":"service","designKVA":5.66}},{"type":"Feature","id":"electric-E273","geometry":{"type":"LineString","coordinates":[[-80.6035829,43.2985352],[-80.603511,43.298186],[-80.6034232,43.2981363]]},"properties":{"kind":"service","tier":"service","placement":"underground","from":"electric-TX-00013","to":"electric-N-P-00036","lengthM":48.32,"voltageKV":0.24,"phase":"C","phases":1,"conductor":"4/0 AL URD triplex","feeder":"F1-01","feederId":"F1-01","designRole":"service","designKVA":1.17}},{"type":"Feature","id":"electric-E275","geometry":{"type":"LineString","coordinates":[[-80.6036972,43.2979974],[-80.6037189,43.2980744],[-80.6037784,43.2980195]]},"properties":{"kind":"service","tier":"service","placement":"underground","from":"electric-TX-00014","to":"electric-N-P-00045","lengthM":16.54,"voltageKV":0.24,"phase":"C","phases":1,"conductor":"4/0 AL URD triplex","feeder":"F1-01","feederId":"F1-01","designRole":"service","designKVA":5.35}},{"type":"Feature","id":"electric-E276","geometry":{"type":"LineString","coordinates":[[-80.6036972,43.2979974],[-80.6037032,43.2979169],[-80.603781,43.29787]]},"properties":{"kind":"service","tier":"service","placement":"underground","from":"electric-TX-00014","to":"electric-N-P-00046","lengthM":17.16,"voltageKV":0.24,"phase":"C","phases":1,"conductor":"4/0 AL URD triplex","feeder":"F1-01","feederId":"F1-01","designRole":"service","designKVA":5.88}},{"type":"Feature","id":"electric-E278","geometry":{"type":"LineString","coordinates":[[-80.6036826,43.297506],[-80.6034778,43.2974269],[-80.6033927,43.2974768]]},"properties":{"kind":"service","tier":"service","placement":"underground","from":"electric-TX-00015","to":"electric-N-P-00048","lengthM":27.64,"voltageKV":0.24,"phase":"C","phases":1,"conductor":"4/0 AL URD triplex","feeder":"F1-01","feederId":"F1-01","designRole":"service","designKVA":13.07}},{"type":"Feature","id":"electric-E279","geometry":{"type":"LineString","coordinates":[[-80.6036826,43.297506],[-80.6036939,43.2975794],[-80.6037801,43.2976269]]},"properties":{"kind":"service","tier":"service","placement":"underground","from":"electric-TX-00015","to":"electric-N-P-00047","lengthM":16.98,"voltageKV":0.24,"phase":"C","phases":1,"conductor":"4/0 AL URD triplex","feeder":"F1-01","feederId":"F1-01","designRole":"service","designKVA":4.78}},{"type":"Feature","id":"electric-E281","geometry":{"type":"LineString","coordinates":[[-80.6029639,43.2976763],[-80.6033471,43.2976674],[-80.603293,43.2976141]]},"properties":{"kind":"service","tier":"service","placement":"underground","from":"electric-TX-00016","to":"electric-N-P-00050","lengthM":38.43,"voltageKV":0.24,"phase":"A","phases":1,"conductor":"4/0 AL URD triplex","feeder":"F1-01","feederId":"F1-01","designRole":"service","designKVA":5.79}},{"type":"Feature","id":"electric-E282","geometry":{"type":"LineString","coordinates":[[-80.6029639,43.2976763],[-80.6030823,43.2976674],[-80.6030175,43.2976198]]},"properties":{"kind":"service","tier":"service","placement":"underground","from":"electric-TX-00016","to":"electric-N-P-00051","lengthM":17.1,"voltageKV":0.24,"phase":"A","phases":1,"conductor":"4/0 AL URD triplex","feeder":"F1-01","feederId":"F1-01","designRole":"service","designKVA":11.79}},{"type":"Feature","id":"electric-E283","geometry":{"type":"LineString","coordinates":[[-80.6029639,43.2976763],[-80.6028455,43.2978291],[-80.6027978,43.2978847]]},"properties":{"kind":"service","tier":"service","placement":"underground","from":"electric-TX-00016","to":"electric-N-P-00049","lengthM":26.82,"voltageKV":0.24,"phase":"A","phases":1,"conductor":"4/0 AL URD triplex","feeder":"F1-01","feederId":"F1-01","designRole":"service","designKVA":20.74}},{"type":"Feature","id":"electric-E284","geometry":{"type":"LineString","coordinates":[[-80.6029639,43.2976763],[-80.6028283,43.2976674],[-80.6027704,43.2976252]]},"properties":{"kind":"service","tier":"service","placement":"underground","from":"electric-TX-00016","to":"electric-N-P-00052","lengthM":17.66,"voltageKV":0.24,"phase":"A","phases":1,"conductor":"4/0 AL URD triplex","feeder":"F1-01","feederId":"F1-01","designRole":"service","designKVA":10.46}},{"type":"Feature","id":"electric-E286","geometry":{"type":"LineString","coordinates":[[-80.603326,43.3001095],[-80.6036189,43.299983]]},"properties":{"kind":"service","tier":"service","placement":"overhead","from":"electric-TX-00017","to":"electric-N-P-00053","lengthM":27.59,"voltageKV":0.24,"phase":"B","phases":1,"conductor":"1/0 AL triplex","feeder":"F1-01","feederId":"F1-01","designRole":"service","designKVA":4.37}},{"type":"Feature","id":"electric-E287","geometry":{"type":"LineString","coordinates":[[-80.603326,43.3001095],[-80.6032152,43.2999934]]},"properties":{"kind":"service","tier":"service","placement":"overhead","from":"electric-TX-00017","to":"electric-N-P-00067","lengthM":15.73,"voltageKV":0.24,"phase":"B","phases":1,"conductor":"1/0 AL triplex","feeder":"F1-01","feederId":"F1-01","designRole":"service","designKVA":4.44}},{"type":"Feature","id":"electric-E288","geometry":{"type":"LineString","coordinates":[[-80.603326,43.3001095],[-80.6036156,43.300153]]},"properties":{"kind":"service","tier":"service","placement":"overhead","from":"electric-TX-00017","to":"electric-N-P-00054","lengthM":23.96,"voltageKV":0.24,"phase":"B","phases":1,"conductor":"1/0 AL triplex","feeder":"F1-01","feederId":"F1-01","designRole":"service","designKVA":4.47}},{"type":"Feature","id":"electric-E289","geometry":{"type":"LineString","coordinates":[[-80.603326,43.3001095],[-80.6032192,43.300147]]},"properties":{"kind":"service","tier":"service","placement":"overhead","from":"electric-TX-00017","to":"electric-N-P-00068","lengthM":9.6,"voltageKV":0.24,"phase":"B","phases":1,"conductor":"1/0 AL triplex","feeder":"F1-01","feederId":"F1-01","designRole":"service","designKVA":4.56}},{"type":"Feature","id":"electric-E290","geometry":{"type":"LineString","coordinates":[[-80.603326,43.3001095],[-80.6032099,43.3002595]]},"properties":{"kind":"service","tier":"service","placement":"overhead","from":"electric-TX-00017","to":"electric-N-P-00069","lengthM":19.17,"voltageKV":0.24,"phase":"B","phases":1,"conductor":"1/0 AL triplex","feeder":"F1-01","feederId":"F1-01","designRole":"service","designKVA":4.23}},{"type":"Feature","id":"electric-E291","geometry":{"type":"LineString","coordinates":[[-80.603326,43.3001095],[-80.6036018,43.3003109]]},"properties":{"kind":"service","tier":"service","placement":"overhead","from":"electric-TX-00017","to":"electric-N-P-00055","lengthM":31.65,"voltageKV":0.24,"phase":"B","phases":1,"conductor":"1/0 AL triplex","feeder":"F1-01","feederId":"F1-01","designRole":"service","designKVA":5.12}},{"type":"Feature","id":"electric-E293","geometry":{"type":"LineString","coordinates":[[-80.6033215,43.3004204],[-80.6032008,43.3004474]]},"properties":{"kind":"service","tier":"service","placement":"overhead","from":"electric-TX-00018","to":"electric-N-P-00070","lengthM":10.23,"voltageKV":0.24,"phase":"B","phases":1,"conductor":"1/0 AL triplex","feeder":"F1-01","feederId":"F1-01","designRole":"service","designKVA":4.68}},{"type":"Feature","id":"electric-E294","geometry":{"type":"LineString","coordinates":[[-80.6033215,43.3004204],[-80.6036115,43.3004414]]},"properties":{"kind":"service","tier":"service","placement":"overhead","from":"electric-TX-00018","to":"electric-N-P-00056","lengthM":23.61,"voltageKV":0.24,"phase":"B","phases":1,"conductor":"1/0 AL triplex","feeder":"F1-01","feederId":"F1-01","designRole":"service","designKVA":4.32}},{"type":"Feature","id":"electric-E295","geometry":{"type":"LineString","coordinates":[[-80.6033215,43.3004204],[-80.6032129,43.300574]]},"properties":{"kind":"service","tier":"service","placement":"overhead","from":"electric-TX-00018","to":"electric-N-P-00071","lengthM":19.23,"voltageKV":0.24,"phase":"B","phases":1,"conductor":"1/0 AL triplex","feeder":"F1-01","feederId":"F1-01","designRole":"service","designKVA":4.48}},{"type":"Feature","id":"electric-E297","geometry":{"type":"LineString","coordinates":[[-80.6035086,43.3005595],[-80.6035218,43.300559],[-80.6036156,43.3005965]]},"properties":{"kind":"service","tier":"service","placement":"underground","from":"electric-TX-00019","to":"electric-N-P-00057","lengthM":9.74,"voltageKV":0.24,"phase":"B","phases":1,"conductor":"4/0 AL URD triplex","feeder":"F1-01","feederId":"F1-01","designRole":"service","designKVA":12.33}},{"type":"Feature","id":"electric-E299","geometry":{"type":"LineString","coordinates":[[-80.6033343,43.3006932],[-80.6032239,43.3007448]]},"properties":{"kind":"service","tier":"service","placement":"overhead","from":"electric-TX-00020","to":"electric-N-P-00072","lengthM":10.63,"voltageKV":0.24,"phase":"B","phases":1,"conductor":"1/0 AL triplex","feeder":"F1-01","feederId":"F1-01","designRole":"service","designKVA":4.46}},{"type":"Feature","id":"electric-E301","geometry":{"type":"LineString","coordinates":[[-80.6035176,43.3006999],[-80.6035309,43.3006995],[-80.6036172,43.3007272]]},"properties":{"kind":"service","tier":"service","placement":"underground","from":"electric-TX-00021","to":"electric-N-P-00058","lengthM":8.72,"voltageKV":0.24,"phase":"B","phases":1,"conductor":"4/0 AL URD triplex","feeder":"F1-01","feederId":"F1-01","designRole":"service","designKVA":5.59}},{"type":"Feature","id":"electric-E303","geometry":{"type":"LineString","coordinates":[[-80.6033481,43.3008451],[-80.6032388,43.3008921]]},"properties":{"kind":"service","tier":"service","placement":"overhead","from":"electric-TX-00022","to":"electric-N-P-00073","lengthM":10.29,"voltageKV":0.24,"phase":"B","phases":1,"conductor":"1/0 AL triplex","feeder":"F1-01","feederId":"F1-01","designRole":"service","designKVA":0.97}},{"type":"Feature","id":"electric-E305","geometry":{"type":"LineString","coordinates":[[-80.6035322,43.3008547],[-80.6035451,43.300854],[-80.6036221,43.30088]]},"properties":{"kind":"service","tier":"service","placement":"underground","from":"electric-TX-00023","to":"electric-N-P-00059","lengthM":7.92,"voltageKV":0.24,"phase":"B","phases":1,"conductor":"4/0 AL URD triplex","feeder":"F1-01","feederId":"F1-01","designRole":"service","designKVA":13.63}},{"type":"Feature","id":"electric-E307","geometry":{"type":"LineString","coordinates":[[-80.6033664,43.3010018],[-80.6032596,43.3010419]]},"properties":{"kind":"service","tier":"service","placement":"overhead","from":"electric-TX-00024","to":"electric-N-P-00074","lengthM":9.74,"voltageKV":0.24,"phase":"B","phases":1,"conductor":"1/0 AL triplex","feeder":"F1-01","feederId":"F1-01","designRole":"service","designKVA":4.57}},{"type":"Feature","id":"electric-E309","geometry":{"type":"LineString","coordinates":[[-80.6035506,43.3010075],[-80.6035629,43.3010067],[-80.6036336,43.3010514]]},"properties":{"kind":"service","tier":"service","placement":"underground","from":"electric-TX-00025","to":"electric-N-P-00060","lengthM":8.59,"voltageKV":0.24,"phase":"B","phases":1,"conductor":"4/0 AL URD triplex","feeder":"F1-01","feederId":"F1-01","designRole":"service","designKVA":2.11}},{"type":"Feature","id":"electric-E311","geometry":{"type":"LineString","coordinates":[[-80.6033861,43.3011453],[-80.6032896,43.3012003]]},"properties":{"kind":"service","tier":"service","placement":"overhead","from":"electric-TX-00026","to":"electric-N-P-00075","lengthM":9.93,"voltageKV":0.24,"phase":"B","phases":1,"conductor":"1/0 AL triplex","feeder":"F1-01","feederId":"F1-01","designRole":"service","designKVA":0.77}},{"type":"Feature","id":"electric-E313","geometry":{"type":"LineString","coordinates":[[-80.603572,43.3011599],[-80.6035843,43.3011589],[-80.6036726,43.301199]]},"properties":{"kind":"service","tier":"service","placement":"underground","from":"electric-TX-00027","to":"electric-N-P-00061","lengthM":9.43,"voltageKV":0.24,"phase":"B","phases":1,"conductor":"4/0 AL URD triplex","feeder":"F1-01","feederId":"F1-01","designRole":"service","designKVA":4.51}},{"type":"Feature","id":"electric-E315","geometry":{"type":"LineString","coordinates":[[-80.6034092,43.3012965],[-80.6033023,43.3013569]]},"properties":{"kind":"service","tier":"service","placement":"overhead","from":"electric-TX-00028","to":"electric-N-P-00076","lengthM":10.96,"voltageKV":0.24,"phase":"B","phases":1,"conductor":"1/0 AL triplex","feeder":"F1-01","feederId":"F1-01","designRole":"service","designKVA":4.57}},{"type":"Feature","id":"electric-E317","geometry":{"type":"LineString","coordinates":[[-80.6035954,43.3013098],[-80.6036078,43.3013087],[-80.6036826,43.3013454]]},"properties":{"kind":"service","tier":"service","placement":"underground","from":"electric-TX-00029","to":"electric-N-P-00062","lengthM":8.31,"voltageKV":0.24,"phase":"B","phases":1,"conductor":"4/0 AL URD triplex","feeder":"F1-01","feederId":"F1-01","designRole":"service","designKVA":5.29}},{"type":"Feature","id":"electric-E319","geometry":{"type":"LineString","coordinates":[[-80.6034341,43.3014473],[-80.6033226,43.3015072]]},"properties":{"kind":"service","tier":"service","placement":"overhead","from":"electric-TX-00030","to":"electric-N-P-00077","lengthM":11.23,"voltageKV":0.24,"phase":"B","phases":1,"conductor":"1/0 AL triplex","feeder":"F1-01","feederId":"F1-01","designRole":"service","designKVA":5.18}},{"type":"Feature","id":"electric-E321","geometry":{"type":"LineString","coordinates":[[-80.6034736,43.3017676],[-80.6036322,43.3014553],[-80.6037075,43.3014882]]},"properties":{"kind":"service","tier":"service","placement":"underground","from":"electric-TX-00031","to":"electric-N-P-00063","lengthM":44.17,"voltageKV":0.24,"phase":"B","phases":1,"conductor":"4/0 AL URD triplex","feeder":"F1-01","feederId":"F1-01","designRole":"service","designKVA":4.88}},{"type":"Feature","id":"electric-E322","geometry":{"type":"LineString","coordinates":[[-80.6034736,43.3017676],[-80.6034323,43.3015968],[-80.6033613,43.3016321]]},"properties":{"kind":"service","tier":"service","placement":"underground","from":"electric-TX-00031","to":"electric-N-P-00078","lengthM":26.26,"voltageKV":0.24,"phase":"B","phases":1,"conductor":"4/0 AL URD triplex","feeder":"F1-01","feederId":"F1-01","designRole":"service","designKVA":10.59}},{"type":"Feature","id":"electric-E323","geometry":{"type":"LineString","coordinates":[[-80.6034736,43.3017676],[-80.6036578,43.3016064],[-80.6037414,43.3016363]]},"properties":{"kind":"service","tier":"service","placement":"underground","from":"electric-TX-00031","to":"electric-N-P-00064","lengthM":30.88,"voltageKV":0.24,"phase":"B","phases":1,"conductor":"4/0 AL URD triplex","feeder":"F1-01","feederId":"F1-01","designRole":"service","designKVA":5.55}},{"type":"Feature","id":"electric-E324","geometry":{"type":"LineString","coordinates":[[-80.6034736,43.3017676],[-80.6034581,43.3017503],[-80.6033942,43.3018094]]},"properties":{"kind":"service","tier":"service","placement":"underground","from":"electric-TX-00031","to":"electric-N-P-00079","lengthM":10.67,"voltageKV":0.24,"phase":"B","phases":1,"conductor":"4/0 AL URD triplex","feeder":"F1-01","feederId":"F1-01","designRole":"service","designKVA":10.86}},{"type":"Feature","id":"electric-E325","geometry":{"type":"LineString","coordinates":[[-80.6034736,43.3017676],[-80.6036817,43.301749],[-80.6037531,43.3017592]]},"properties":{"kind":"service","tier":"service","placement":"underground","from":"electric-TX-00031","to":"electric-N-P-00065","lengthM":22.88,"voltageKV":0.24,"phase":"B","phases":1,"conductor":"4/0 AL URD triplex","feeder":"F1-01","feederId":"F1-01","designRole":"service","designKVA":0.86}},{"type":"Feature","id":"electric-E326","geometry":{"type":"LineString","coordinates":[[-80.6034736,43.3017676],[-80.6034812,43.3018924],[-80.6034147,43.3019411]]},"properties":{"kind":"service","tier":"service","placement":"underground","from":"electric-TX-00031","to":"electric-N-P-00080","lengthM":21.55,"voltageKV":0.24,"phase":"B","phases":1,"conductor":"4/0 AL URD triplex","feeder":"F1-01","feederId":"F1-01","designRole":"service","designKVA":1.94}},{"type":"Feature","id":"electric-E327","geometry":{"type":"LineString","coordinates":[[-80.6034736,43.3017676],[-80.6037057,43.3018989],[-80.6037832,43.3019502]]},"properties":{"kind":"service","tier":"service","placement":"underground","from":"electric-TX-00031","to":"electric-N-P-00066","lengthM":32.31,"voltageKV":0.24,"phase":"B","phases":1,"conductor":"4/0 AL URD triplex","feeder":"F1-01","feederId":"F1-01","designRole":"service","designKVA":12.62}},{"type":"Feature","id":"electric-E328","geometry":{"type":"LineString","coordinates":[[-80.6034736,43.3017676],[-80.6035017,43.302031],[-80.6034329,43.3020546]]},"properties":{"kind":"service","tier":"service","placement":"underground","from":"electric-TX-00031","to":"electric-N-P-00081","lengthM":35.58,"voltageKV":0.24,"phase":"B","phases":1,"conductor":"4/0 AL URD triplex","feeder":"F1-01","feederId":"F1-01","designRole":"service","designKVA":4.57}},{"type":"Feature","id":"electric-E329","geometry":{"type":"LineString","coordinates":[[-80.6034736,43.3017676],[-80.6035218,43.302187],[-80.6034577,43.3022397]]},"properties":{"kind":"service","tier":"service","placement":"underground","from":"electric-TX-00031","to":"electric-N-P-00082","lengthM":54.68,"voltageKV":0.24,"phase":"B","phases":1,"conductor":"4/0 AL URD triplex","feeder":"F1-01","feederId":"F1-01","designRole":"service","designKVA":6.5}},{"type":"Feature","id":"electric-E331","geometry":{"type":"LineString","coordinates":[[-80.6035671,43.302559],[-80.6035386,43.3023451],[-80.603459,43.30237]]},"properties":{"kind":"service","tier":"service","placement":"underground","from":"electric-TX-00032","to":"electric-N-P-00083","lengthM":30.95,"voltageKV":0.24,"phase":"B","phases":1,"conductor":"4/0 AL URD triplex","feeder":"F1-01","feederId":"F1-01","designRole":"service","designKVA":5.48}},{"type":"Feature","id":"electric-E332","geometry":{"type":"LineString","coordinates":[[-80.6035671,43.302559],[-80.6035499,43.3024848],[-80.6034885,43.3025247]]},"properties":{"kind":"service","tier":"service","placement":"underground","from":"electric-TX-00032","to":"electric-N-P-00084","lengthM":15.06,"voltageKV":0.24,"phase":"B","phases":1,"conductor":"4/0 AL URD triplex","feeder":"F1-01","feederId":"F1-01","designRole":"service","designKVA":5.33}},{"type":"Feature","id":"electric-E333","geometry":{"type":"LineString","coordinates":[[-80.6035671,43.302559],[-80.6035573,43.302636],[-80.6034854,43.3026975]]},"properties":{"kind":"service","tier":"service","placement":"underground","from":"electric-TX-00032","to":"electric-N-P-00085","lengthM":17.59,"voltageKV":0.24,"phase":"B","phases":1,"conductor":"4/0 AL URD triplex","feeder":"F1-01","feederId":"F1-01","designRole":"service","designKVA":4.75}},{"type":"Feature","id":"electric-E334","geometry":{"type":"LineString","coordinates":[[-80.6035671,43.302559],[-80.6035602,43.3027861],[-80.60349,43.3028132]]},"properties":{"kind":"service","tier":"service","placement":"underground","from":"electric-TX-00032","to":"electric-N-P-00086","lengthM":31.72,"voltageKV":0.24,"phase":"B","phases":1,"conductor":"4/0 AL URD triplex","feeder":"F1-01","feederId":"F1-01","designRole":"service","designKVA":11.5}},{"type":"Feature","id":"electric-E336","geometry":{"type":"LineString","coordinates":[[-80.602755,43.2992113],[-80.6028756,43.2994324]]},"properties":{"kind":"service","tier":"service","placement":"overhead","from":"electric-TX-00033","to":"electric-N-P-00094","lengthM":26.48,"voltageKV":0.24,"phase":"A","phases":1,"conductor":"1/0 AL triplex","feeder":"F1-01","feederId":"F1-01","designRole":"service","designKVA":2.12}},{"type":"Feature","id":"electric-E337","geometry":{"type":"LineString","coordinates":[[-80.602755,43.2992113],[-80.6028818,43.2992559]]},"properties":{"kind":"service","tier":"service","placement":"overhead","from":"electric-TX-00033","to":"electric-N-P-00095","lengthM":11.41,"voltageKV":0.24,"phase":"A","phases":1,"conductor":"1/0 AL triplex","feeder":"F1-01","feederId":"F1-01","designRole":"service","designKVA":4.5}},{"type":"Feature","id":"electric-E338","geometry":{"type":"LineString","coordinates":[[-80.602755,43.2992113],[-80.6024784,43.2992692]]},"properties":{"kind":"service","tier":"service","placement":"overhead","from":"electric-TX-00033","to":"electric-N-P-00087","lengthM":23.32,"voltageKV":0.24,"phase":"A","phases":1,"conductor":"1/0 AL triplex","feeder":"F1-01","feederId":"F1-01","designRole":"service","designKVA":5.82}},{"type":"Feature","id":"electric-E339","geometry":{"type":"LineString","coordinates":[[-80.602755,43.2992113],[-80.602841,43.2990732]]},"properties":{"kind":"service","tier":"service","placement":"overhead","from":"electric-TX-00033","to":"electric-N-P-00096","lengthM":16.87,"voltageKV":0.24,"phase":"A","phases":1,"conductor":"1/0 AL triplex","feeder":"F1-01","feederId":"F1-01","designRole":"service","designKVA":4.63}},{"type":"Feature","id":"electric-E340","geometry":{"type":"LineString","coordinates":[[-80.602755,43.2992113],[-80.6024404,43.2991068]]},"properties":{"kind":"service","tier":"service","placement":"overhead","from":"electric-TX-00033","to":"electric-N-P-00088","lengthM":28.01,"voltageKV":0.24,"phase":"A","phases":1,"conductor":"1/0 AL triplex","feeder":"F1-01","feederId":"F1-01","designRole":"service","designKVA":9.59}},{"type":"Feature","id":"electric-E341","geometry":{"type":"LineString","coordinates":[[-80.602755,43.2992113],[-80.6028204,43.2988792]]},"properties":{"kind":"service","tier":"service","placement":"overhead","from":"electric-TX-00033","to":"electric-N-P-00097","lengthM":37.34,"voltageKV":0.24,"phase":"A","phases":1,"conductor":"1/0 AL triplex","feeder":"F1-01","feederId":"F1-01","designRole":"service","designKVA":4.57}},{"type":"Feature","id":"electric-E343","geometry":{"type":"LineString","coordinates":[[-80.6026669,43.2986842],[-80.6024253,43.2989149]]},"properties":{"kind":"service","tier":"service","placement":"overhead","from":"electric-TX-00034","to":"electric-N-P-00089","lengthM":32.3,"voltageKV":0.24,"phase":"A","phases":1,"conductor":"1/0 AL triplex","feeder":"F1-01","feederId":"F1-01","designRole":"service","designKVA":1.4}},{"type":"Feature","id":"electric-E344","geometry":{"type":"LineString","coordinates":[[-80.6026669,43.2986842],[-80.6027882,43.2987343]]},"properties":{"kind":"service","tier":"service","placement":"overhead","from":"electric-TX-00034","to":"electric-N-P-00098","lengthM":11.3,"voltageKV":0.24,"phase":"A","phases":1,"conductor":"1/0 AL triplex","feeder":"F1-01","feederId":"F1-01","designRole":"service","designKVA":11.88}},{"type":"Feature","id":"electric-E345","geometry":{"type":"LineString","coordinates":[[-80.6026669,43.2986842],[-80.6023872,43.2987224]]},"properties":{"kind":"service","tier":"service","placement":"overhead","from":"electric-TX-00034","to":"electric-N-P-00090","lengthM":23.06,"voltageKV":0.24,"phase":"A","phases":1,"conductor":"1/0 AL triplex","feeder":"F1-01","feederId":"F1-01","designRole":"service","designKVA":0.95}},{"type":"Feature","id":"electric-E346","geometry":{"type":"LineString","coordinates":[[-80.6026669,43.2986842],[-80.6027664,43.2985593]]},"properties":{"kind":"service","tier":"service","placement":"overhead","from":"electric-TX-00034","to":"electric-N-P-00099","lengthM":16.07,"voltageKV":0.24,"phase":"A","phases":1,"conductor":"1/0 AL triplex","feeder":"F1-01","feederId":"F1-01","designRole":"service","designKVA":8.51}},{"type":"Feature","id":"electric-E347","geometry":{"type":"LineString","coordinates":[[-80.6026669,43.2986842],[-80.6023816,43.2985619]]},"properties":{"kind":"service","tier":"service","placement":"overhead","from":"electric-TX-00034","to":"electric-N-P-00091","lengthM":26.83,"voltageKV":0.24,"phase":"A","phases":1,"conductor":"1/0 AL triplex","feeder":"F1-01","feederId":"F1-01","designRole":"service","designKVA":10.27}},{"type":"Feature","id":"electric-E348","geometry":{"type":"LineString","coordinates":[[-80.6026669,43.2986842],[-80.6027582,43.2983807]]},"properties":{"kind":"service","tier":"service","placement":"overhead","from":"electric-TX-00034","to":"electric-N-P-00100","lengthM":34.58,"voltageKV":0.24,"phase":"A","phases":1,"conductor":"1/0 AL triplex","feeder":"F1-01","feederId":"F1-01","designRole":"service","designKVA":4.58}},{"type":"Feature","id":"electric-E350","geometry":{"type":"LineString","coordinates":[[-80.6026425,43.2982533],[-80.6023618,43.2983672]]},"properties":{"kind":"service","tier":"service","placement":"overhead","from":"electric-TX-00035","to":"electric-N-P-00092","lengthM":26.04,"voltageKV":0.24,"phase":"A","phases":1,"conductor":"1/0 AL triplex","feeder":"F1-01","feederId":"F1-01","designRole":"service","designKVA":6.12}},{"type":"Feature","id":"electric-E351","geometry":{"type":"LineString","coordinates":[[-80.6026425,43.2982533],[-80.6027691,43.2981964]]},"properties":{"kind":"service","tier":"service","placement":"overhead","from":"electric-TX-00035","to":"electric-N-P-00101","lengthM":12.06,"voltageKV":0.24,"phase":"A","phases":1,"conductor":"1/0 AL triplex","feeder":"F1-01","feederId":"F1-01","designRole":"service","designKVA":5.78}},{"type":"Feature","id":"electric-E352","geometry":{"type":"LineString","coordinates":[[-80.6026425,43.2982533],[-80.6023485,43.2982178]]},"properties":{"kind":"service","tier":"service","placement":"overhead","from":"electric-TX-00035","to":"electric-N-P-00093","lengthM":24.14,"voltageKV":0.24,"phase":"A","phases":1,"conductor":"1/0 AL triplex","feeder":"F1-01","feederId":"F1-01","designRole":"service","designKVA":4.45}},{"type":"Feature","id":"electric-E354","geometry":{"type":"LineString","coordinates":[[-80.6025821,43.2972729],[-80.6028227,43.297134],[-80.6028807,43.2971899]]},"properties":{"kind":"service","tier":"service","placement":"underground","from":"electric-TX-00036","to":"electric-N-P-00102","lengthM":32.67,"voltageKV":0.24,"phase":"A","phases":1,"conductor":"4/0 AL URD triplex","feeder":"F1-01","feederId":"F1-01","designRole":"service","designKVA":4.8}},{"type":"Feature","id":"electric-E355","geometry":{"type":"LineString","coordinates":[[-80.6025821,43.2972729],[-80.6025991,43.2971295],[-80.6025115,43.2971751]]},"properties":{"kind":"service","tier":"service","placement":"underground","from":"electric-TX-00036","to":"electric-N-P-00104","lengthM":24.73,"voltageKV":0.24,"phase":"A","phases":1,"conductor":"4/0 AL URD triplex","feeder":"F1-01","feederId":"F1-01","designRole":"service","designKVA":2.37}},{"type":"Feature","id":"electric-E356","geometry":{"type":"LineString","coordinates":[[-80.6025821,43.2972729],[-80.6027916,43.2972875],[-80.6028359,43.2973348]]},"properties":{"kind":"service","tier":"service","placement":"underground","from":"electric-TX-00036","to":"electric-N-P-00103","lengthM":23.42,"voltageKV":0.24,"phase":"A","phases":1,"conductor":"4/0 AL URD triplex","feeder":"F1-01","feederId":"F1-01","designRole":"service","designKVA":5.26}},{"type":"Feature","id":"electric-E357","geometry":{"type":"LineString","coordinates":[[-80.6025821,43.2972729],[-80.6025685,43.2972801],[-80.6024814,43.2973033]]},"properties":{"kind":"service","tier":"service","placement":"underground","from":"electric-TX-00036","to":"electric-N-P-00105","lengthM":8.87,"voltageKV":0.24,"phase":"A","phases":1,"conductor":"4/0 AL URD triplex","feeder":"F1-01","feederId":"F1-01","designRole":"service","designKVA":9.88}},{"type":"Feature","id":"electric-E358","geometry":{"type":"LineString","coordinates":[[-80.6025821,43.2972729],[-80.6025392,43.297429],[-80.6024549,43.2974535]]},"properties":{"kind":"service","tier":"service","placement":"underground","from":"electric-TX-00036","to":"electric-N-P-00106","lengthM":25.08,"voltageKV":0.24,"phase":"A","phases":1,"conductor":"4/0 AL URD triplex","feeder":"F1-01","feederId":"F1-01","designRole":"service","designKVA":2.0}},{"type":"Feature","id":"electric-E359","geometry":{"type":"LineString","coordinates":[[-80.6025821,43.2972729],[-80.6025117,43.2975807],[-80.6024274,43.2976185]]},"properties":{"kind":"service","tier":"service","placement":"underground","from":"electric-TX-00036","to":"electric-N-P-00107","lengthM":42.76,"voltageKV":0.24,"phase":"A","phases":1,"conductor":"4/0 AL URD triplex","feeder":"F1-01","feederId":"F1-01","designRole":"service","designKVA":5.46}},{"type":"Feature","id":"electric-E361","geometry":{"type":"LineString","coordinates":[[-80.6023657,43.2978195],[-80.6023657,43.2978105],[-80.60231,43.297772]]},"properties":{"kind":"service","tier":"service","placement":"underground","from":"electric-TX-00037","to":"electric-N-P-00111","lengthM":7.22,"voltageKV":0.24,"phase":"A","phases":1,"conductor":"4/0 AL URD triplex","feeder":"F1-01","feederId":"F1-01","designRole":"service","designKVA":5.75}},{"type":"Feature","id":"electric-E363","geometry":{"type":"LineString","coordinates":[[-80.6023536,43.2978303],[-80.6022897,43.2980414]]},"properties":{"kind":"service","tier":"service","placement":"overhead","from":"electric-TX-00038","to":"electric-N-P-00108","lengthM":24.06,"voltageKV":0.24,"phase":"A","phases":1,"conductor":"1/0 AL triplex","feeder":"F1-01","feederId":"F1-01","designRole":"service","designKVA":12.69}},{"type":"Feature","id":"electric-E365","geometry":{"type":"LineString","coordinates":[[-80.6021308,43.2978195],[-80.6021308,43.2978105],[-80.6020862,43.297763]]},"properties":{"kind":"service","tier":"service","placement":"underground","from":"electric-TX-00039","to":"electric-N-P-00112","lengthM":7.41,"voltageKV":0.24,"phase":"A","phases":1,"conductor":"4/0 AL URD triplex","feeder":"F1-01","feederId":"F1-01","designRole":"service","designKVA":5.74}},{"type":"Feature","id":"electric-E367","geometry":{"type":"LineString","coordinates":[[-80.6018955,43.2978303],[-80.6020795,43.2980395]]},"properties":{"kind":"service","tier":"service","placement":"overhead","from":"electric-TX-00040","to":"electric-N-P-00109","lengthM":27.64,"voltageKV":0.24,"phase":"A","phases":1,"conductor":"1/0 AL triplex","feeder":"F1-01","feederId":"F1-01","designRole":"service","designKVA":4.49}},{"type":"Feature","id":"electric-E368","geometry":{"type":"LineString","coordinates":[[-80.6018955,43.2978303],[-80.6018285,43.2980364]]},"properties":{"kind":"service","tier":"service","placement":"overhead","from":"electric-TX-00040","to":"electric-N-P-00110","lengthM":23.57,"voltageKV":0.24,"phase":"A","phases":1,"conductor":"1/0 AL triplex","feeder":"F1-01","feederId":"F1-01","designRole":"service","designKVA":6.16}},{"type":"Feature","id":"electric-E369","geometry":{"type":"LineString","coordinates":[[-80.6018955,43.2978303],[-80.6018401,43.2977627]]},"properties":{"kind":"service","tier":"service","placement":"overhead","from":"electric-TX-00040","to":"electric-N-P-00113","lengthM":8.77,"voltageKV":0.24,"phase":"A","phases":1,"conductor":"1/0 AL triplex","feeder":"F1-01","feederId":"F1-01","designRole":"service","designKVA":4.26}},{"type":"Feature","id":"electric-E371","geometry":{"type":"LineString","coordinates":[[-80.6023767,43.300102],[-80.6026725,43.2999896]]},"properties":{"kind":"service","tier":"service","placement":"overhead","from":"electric-TX-00041","to":"electric-N-P-00114","lengthM":27.04,"voltageKV":0.24,"phase":"C","phases":1,"conductor":"1/0 AL triplex","feeder":"F1-01","feederId":"F1-01","designRole":"service","designKVA":4.3}},{"type":"Feature","id":"electric-E372","geometry":{"type":"LineString","coordinates":[[-80.6023767,43.300102],[-80.6022804,43.3000017]]},"properties":{"kind":"service","tier":"service","placement":"overhead","from":"electric-TX-00041","to":"electric-N-P-00136","lengthM":13.62,"voltageKV":0.24,"phase":"C","phases":1,"conductor":"1/0 AL triplex","feeder":"F1-01","feederId":"F1-01","designRole":"service","designKVA":4.37}},{"type":"Feature","id":"electric-E373","geometry":{"type":"LineString","coordinates":[[-80.6023767,43.300102],[-80.6026544,43.3001369]]},"properties":{"kind":"service","tier":"service","placement":"overhead","from":"electric-TX-00041","to":"electric-N-P-00115","lengthM":22.83,"voltageKV":0.24,"phase":"C","phases":1,"conductor":"1/0 AL triplex","feeder":"F1-01","feederId":"F1-01","designRole":"service","designKVA":4.42}},{"type":"Feature","id":"electric-E374","geometry":{"type":"LineString","coordinates":[[-80.6023767,43.300102],[-80.6022599,43.3001602]]},"properties":{"kind":"service","tier":"service","placement":"overhead","from":"electric-TX-00041","to":"electric-N-P-00137","lengthM":11.47,"voltageKV":0.24,"phase":"C","phases":1,"conductor":"1/0 AL triplex","feeder":"F1-01","feederId":"F1-01","designRole":"service","designKVA":4.48}},{"type":"Feature","id":"electric-E375","geometry":{"type":"LineString","coordinates":[[-80.6023767,43.300102],[-80.6026265,43.3002886]]},"properties":{"kind":"service","tier":"service","placement":"overhead","from":"electric-TX-00041","to":"electric-N-P-00116","lengthM":29.0,"voltageKV":0.24,"phase":"C","phases":1,"conductor":"1/0 AL triplex","feeder":"F1-01","feederId":"F1-01","designRole":"service","designKVA":9.46}},{"type":"Feature","id":"electric-E376","geometry":{"type":"LineString","coordinates":[[-80.6023767,43.300102],[-80.6022222,43.3003215]]},"properties":{"kind":"service","tier":"service","placement":"overhead","from":"electric-TX-00041","to":"electric-N-P-00138","lengthM":27.46,"voltageKV":0.24,"phase":"C","phases":1,"conductor":"1/0 AL triplex","feeder":"F1-01","feederId":"F1-01","designRole":"service","designKVA":4.5}},{"type":"Feature","id":"electric-E378","geometry":{"type":"LineString","coordinates":[[-80.6023143,43.3005842],[-80.6026258,43.3004278]]},"properties":{"kind":"service","tier":"service","placement":"overhead","from":"electric-TX-00042","to":"electric-N-P-00117","lengthM":30.66,"voltageKV":0.24,"phase":"C","phases":1,"conductor":"1/0 AL triplex","feeder":"F1-01","feederId":"F1-01","designRole":"service","designKVA":5.42}},{"type":"Feature","id":"electric-E379","geometry":{"type":"LineString","coordinates":[[-80.6023143,43.3005842],[-80.6022071,43.3005266]]},"properties":{"kind":"service","tier":"service","placement":"overhead","from":"electric-TX-00042","to":"electric-N-P-00139","lengthM":10.79,"voltageKV":0.24,"phase":"C","phases":1,"conductor":"1/0 AL triplex","feeder":"F1-01","feederId":"F1-01","designRole":"service","designKVA":4.57}},{"type":"Feature","id":"electric-E380","geometry":{"type":"LineString","coordinates":[[-80.6023143,43.3005842],[-80.6026081,43.3005839]]},"properties":{"kind":"service","tier":"service","placement":"overhead","from":"electric-TX-00042","to":"electric-N-P-00118","lengthM":23.81,"voltageKV":0.24,"phase":"C","phases":1,"conductor":"1/0 AL triplex","feeder":"F1-01","feederId":"F1-01","designRole":"service","designKVA":9.54}},{"type":"Feature","id":"electric-E381","geometry":{"type":"LineString","coordinates":[[-80.6023143,43.3005842],[-80.6021894,43.3006838]]},"properties":{"kind":"service","tier":"service","placement":"overhead","from":"electric-TX-00042","to":"electric-N-P-00140","lengthM":15.01,"voltageKV":0.24,"phase":"C","phases":1,"conductor":"1/0 AL triplex","feeder":"F1-01","feederId":"F1-01","designRole":"service","designKVA":11.88}},{"type":"Feature","id":"electric-E382","geometry":{"type":"LineString","coordinates":[[-80.6023143,43.3005842],[-80.6025841,43.3007436]]},"properties":{"kind":"service","tier":"service","placement":"overhead","from":"electric-TX-00042","to":"electric-N-P-00119","lengthM":28.16,"voltageKV":0.24,"phase":"C","phases":1,"conductor":"1/0 AL triplex","feeder":"F1-01","feederId":"F1-01","designRole":"service","designKVA":7.98}},{"type":"Feature","id":"electric-E383","geometry":{"type":"LineString","coordinates":[[-80.6023143,43.3005842],[-80.6021842,43.3008565]]},"properties":{"kind":"service","tier":"service","placement":"overhead","from":"electric-TX-00042","to":"electric-N-P-00141","lengthM":32.09,"voltageKV":0.24,"phase":"C","phases":1,"conductor":"1/0 AL triplex","feeder":"F1-01","feederId":"F1-01","designRole":"service","designKVA":8.74}},{"type":"Feature","id":"electric-E385","geometry":{"type":"LineString","coordinates":[[-80.6022925,43.301064],[-80.6025766,43.3008728]]},"properties":{"kind":"service","tier":"service","placement":"overhead","from":"electric-TX-00043","to":"electric-N-P-00120","lengthM":31.35,"voltageKV":0.24,"phase":"C","phases":1,"conductor":"1/0 AL triplex","feeder":"F1-01","feederId":"F1-01","designRole":"service","designKVA":5.22}},{"type":"Feature","id":"electric-E386","geometry":{"type":"LineString","coordinates":[[-80.6022925,43.301064],[-80.6021815,43.3010279]]},"properties":{"kind":"service","tier":"service","placement":"overhead","from":"electric-TX-00043","to":"electric-N-P-00142","lengthM":9.85,"voltageKV":0.24,"phase":"C","phases":1,"conductor":"1/0 AL triplex","feeder":"F1-01","feederId":"F1-01","designRole":"service","designKVA":1.03}},{"type":"Feature","id":"electric-E387","geometry":{"type":"LineString","coordinates":[[-80.6022925,43.301064],[-80.6025687,43.3010229]]},"properties":{"kind":"service","tier":"service","placement":"overhead","from":"electric-TX-00043","to":"electric-N-P-00121","lengthM":22.84,"voltageKV":0.24,"phase":"C","phases":1,"conductor":"1/0 AL triplex","feeder":"F1-01","feederId":"F1-01","designRole":"service","designKVA":5.34}},{"type":"Feature","id":"electric-E388","geometry":{"type":"LineString","coordinates":[[-80.6022925,43.301064],[-80.602585,43.3011836]]},"properties":{"kind":"service","tier":"service","placement":"overhead","from":"electric-TX-00043","to":"electric-N-P-00122","lengthM":27.17,"voltageKV":0.24,"phase":"C","phases":1,"conductor":"1/0 AL triplex","feeder":"F1-01","feederId":"F1-01","designRole":"service","designKVA":4.59}},{"type":"Feature","id":"electric-E389","geometry":{"type":"LineString","coordinates":[[-80.6022925,43.301064],[-80.6021922,43.3011981]]},"properties":{"kind":"service","tier":"service","placement":"overhead","from":"electric-TX-00043","to":"electric-N-P-00143","lengthM":17.0,"voltageKV":0.24,"phase":"C","phases":1,"conductor":"1/0 AL triplex","feeder":"F1-01","feederId":"F1-01","designRole":"service","designKVA":1.34}},{"type":"Feature","id":"electric-E390","geometry":{"type":"LineString","coordinates":[[-80.6022925,43.301064],[-80.6025834,43.3013228]]},"properties":{"kind":"service","tier":"service","placement":"overhead","from":"electric-TX-00043","to":"electric-N-P-00123","lengthM":37.22,"voltageKV":0.24,"phase":"C","phases":1,"conductor":"1/0 AL triplex","feeder":"F1-01","feederId":"F1-01","designRole":"service","designKVA":4.3}},{"type":"Feature","id":"electric-E392","geometry":{"type":"LineString","coordinates":[[-80.6023207,43.3015508],[-80.6021963,43.3013612]]},"properties":{"kind":"service","tier":"service","placement":"overhead","from":"electric-TX-00044","to":"electric-N-P-00144","lengthM":23.39,"voltageKV":0.24,"phase":"C","phases":1,"conductor":"1/0 AL triplex","feeder":"F1-01","feederId":"F1-01","designRole":"service","designKVA":1.12}},{"type":"Feature","id":"electric-E393","geometry":{"type":"LineString","coordinates":[[-80.6023207,43.3015508],[-80.6025894,43.3014893]]},"properties":{"kind":"service","tier":"service","placement":"overhead","from":"electric-TX-00044","to":"electric-N-P-00124","lengthM":22.83,"voltageKV":0.24,"phase":"C","phases":1,"conductor":"1/0 AL triplex","feeder":"F1-01","feederId":"F1-01","designRole":"service","designKVA":9.19}},{"type":"Feature","id":"electric-E394","geometry":{"type":"LineString","coordinates":[[-80.6023207,43.3015508],[-80.6021978,43.3015395]]},"properties":{"kind":"service","tier":"service","placement":"overhead","from":"electric-TX-00044","to":"electric-N-P-00145","lengthM":10.04,"voltageKV":0.24,"phase":"C","phases":1,"conductor":"1/0 AL triplex","feeder":"F1-01","feederId":"F1-01","designRole":"service","designKVA":5.43}},{"type":"Feature","id":"electric-E395","geometry":{"type":"LineString","coordinates":[[-80.6023207,43.3015508],[-80.602606,43.3016544]]},"properties":{"kind":"service","tier":"service","placement":"overhead","from":"electric-TX-00044","to":"electric-N-P-00125","lengthM":25.83,"voltageKV":0.24,"phase":"C","phases":1,"conductor":"1/0 AL triplex","feeder":"F1-01","feederId":"F1-01","designRole":"service","designKVA":4.46}},{"type":"Feature","id":"electric-E396","geometry":{"type":"LineString","coordinates":[[-80.6023207,43.3015508],[-80.6022179,43.3016982]]},"properties":{"kind":"service","tier":"service","placement":"overhead","from":"electric-TX-00044","to":"electric-N-P-00146","lengthM":18.4,"voltageKV":0.24,"phase":"C","phases":1,"conductor":"1/0 AL triplex","feeder":"F1-01","feederId":"F1-01","designRole":"service","designKVA":4.6}},{"type":"Feature","id":"electric-E397","geometry":{"type":"LineString","coordinates":[[-80.6023207,43.3015508],[-80.6026243,43.3017876]]},"properties":{"kind":"service","tier":"service","placement":"overhead","from":"electric-TX-00044","to":"electric-N-P-00126","lengthM":36.06,"voltageKV":0.24,"phase":"C","phases":1,"conductor":"1/0 AL triplex","feeder":"F1-01","feederId":"F1-01","designRole":"service","designKVA":1.52}},{"type":"Feature","id":"electric-E399","geometry":{"type":"LineString","coordinates":[[-80.6023676,43.3019103],[-80.6022466,43.3018646]]},"properties":{"kind":"service","tier":"service","placement":"overhead","from":"electric-TX-00045","to":"electric-N-P-00147","lengthM":11.04,"voltageKV":0.24,"phase":"C","phases":1,"conductor":"1/0 AL triplex","feeder":"F1-01","feederId":"F1-01","designRole":"service","designKVA":8.07}},{"type":"Feature","id":"electric-E400","geometry":{"type":"LineString","coordinates":[[-80.6023676,43.3019103],[-80.6026449,43.3019199]]},"properties":{"kind":"service","tier":"service","placement":"overhead","from":"electric-TX-00045","to":"electric-N-P-00127","lengthM":22.5,"voltageKV":0.24,"phase":"C","phases":1,"conductor":"1/0 AL triplex","feeder":"F1-01","feederId":"F1-01","designRole":"service","designKVA":4.44}},{"type":"Feature","id":"electric-E401","geometry":{"type":"LineString","coordinates":[[-80.6023676,43.3019103],[-80.6022759,43.3020625]]},"properties":{"kind":"service","tier":"service","placement":"overhead","from":"electric-TX-00045","to":"electric-N-P-00148","lengthM":18.5,"voltageKV":0.24,"phase":"C","phases":1,"conductor":"1/0 AL triplex","feeder":"F1-01","feederId":"F1-01","designRole":"service","designKVA":4.73}},{"type":"Feature","id":"electric-E403","geometry":{"type":"LineString","coordinates":[[-80.602573,43.3020458],[-80.6025853,43.3020447],[-80.6026692,43.3020872]]},"properties":{"kind":"service","tier":"service","placement":"underground","from":"electric-TX-00046","to":"electric-N-P-00128","lengthM":9.28,"voltageKV":0.24,"phase":"C","phases":1,"conductor":"4/0 AL URD triplex","feeder":"F1-01","feederId":"F1-01","designRole":"service","designKVA":2.33}},{"type":"Feature","id":"electric-E405","geometry":{"type":"LineString","coordinates":[[-80.6024109,43.3021771],[-80.6022955,43.302237]]},"properties":{"kind":"service","tier":"service","placement":"overhead","from":"electric-TX-00047","to":"electric-N-P-00149","lengthM":11.48,"voltageKV":0.24,"phase":"C","phases":1,"conductor":"1/0 AL triplex","feeder":"F1-01","feederId":"F1-01","designRole":"service","designKVA":4.56}},{"type":"Feature","id":"electric-E407","geometry":{"type":"LineString","coordinates":[[-80.60266,43.3025665],[-80.6026111,43.3021978],[-80.6027045,43.3022282]]},"properties":{"kind":"service","tier":"service","placement":"underground","from":"electric-TX-00048","to":"electric-N-P-00129","lengthM":49.52,"voltageKV":0.24,"phase":"C","phases":1,"conductor":"4/0 AL URD triplex","feeder":"F1-01","feederId":"F1-01","designRole":"service","designKVA":5.97}},{"type":"Feature","id":"electric-E408","geometry":{"type":"LineString","coordinates":[[-80.60266,43.3025665],[-80.6024121,43.3023446],[-80.6023426,43.3023938]]},"properties":{"kind":"service","tier":"service","placement":"underground","from":"electric-TX-00048","to":"electric-N-P-00150","lengthM":39.7,"voltageKV":0.24,"phase":"C","phases":1,"conductor":"4/0 AL URD triplex","feeder":"F1-01","feederId":"F1-01","designRole":"service","designKVA":12.56}},{"type":"Feature","id":"electric-E409","geometry":{"type":"LineString","coordinates":[[-80.60266,43.3025665],[-80.6026365,43.3023478],[-80.6027198,43.3023914]]},"properties":{"kind":"service","tier":"service","placement":"underground","from":"electric-TX-00048","to":"electric-N-P-00130","lengthM":32.73,"voltageKV":0.24,"phase":"C","phases":1,"conductor":"4/0 AL URD triplex","feeder":"F1-01","feederId":"F1-01","designRole":"service","designKVA":5.55}},{"type":"Feature","id":"electric-E410","geometry":{"type":"LineString","coordinates":[[-80.60266,43.3025665],[-80.6026598,43.3024885],[-80.6027371,43.3025141]]},"properties":{"kind":"service","tier":"service","placement":"underground","from":"electric-TX-00048","to":"electric-N-P-00131","lengthM":15.56,"voltageKV":0.24,"phase":"C","phases":1,"conductor":"4/0 AL URD triplex","feeder":"F1-01","feederId":"F1-01","designRole":"service","designKVA":5.81}},{"type":"Feature","id":"electric-E411","geometry":{"type":"LineString","coordinates":[[-80.60266,43.3025665],[-80.6024396,43.3025108],[-80.6023794,43.3025767]]},"properties":{"kind":"service","tier":"service","placement":"underground","from":"electric-TX-00048","to":"electric-N-P-00151","lengthM":27.72,"voltageKV":0.24,"phase":"C","phases":1,"conductor":"4/0 AL URD triplex","feeder":"F1-01","feederId":"F1-01","designRole":"service","designKVA":12.33}},{"type":"Feature","id":"electric-E412","geometry":{"type":"LineString","coordinates":[[-80.60266,43.3025665],[-80.6026834,43.3026392],[-80.6027682,43.3026905]]},"properties":{"kind":"service","tier":"service","placement":"underground","from":"electric-TX-00048","to":"electric-N-P-00132","lengthM":17.24,"voltageKV":0.24,"phase":"C","phases":1,"conductor":"4/0 AL URD triplex","feeder":"F1-01","feederId":"F1-01","designRole":"service","designKVA":20.34}},{"type":"Feature","id":"electric-E413","geometry":{"type":"LineString","coordinates":[[-80.60266,43.3025665],[-80.6024664,43.3026839],[-80.6023907,43.3027422]]},"properties":{"kind":"service","tier":"service","placement":"underground","from":"electric-TX-00048","to":"electric-N-P-00152","lengthM":29.34,"voltageKV":0.24,"phase":"C","phases":1,"conductor":"4/0 AL URD triplex","feeder":"F1-01","feederId":"F1-01","designRole":"service","designKVA":11.84}},{"type":"Feature","id":"electric-E414","geometry":{"type":"LineString","coordinates":[[-80.60266,43.3025665],[-80.6027054,43.3027929],[-80.6027945,43.3028188]]},"properties":{"kind":"service","tier":"service","placement":"underground","from":"electric-TX-00048","to":"electric-N-P-00133","lengthM":33.24,"voltageKV":0.24,"phase":"C","phases":1,"conductor":"4/0 AL URD triplex","feeder":"F1-01","feederId":"F1-01","designRole":"service","designKVA":12.05}},{"type":"Feature","id":"electric-E415","geometry":{"type":"LineString","coordinates":[[-80.60266,43.3025665],[-80.6024889,43.3028474],[-80.6024153,43.3028782]]},"properties":{"kind":"service","tier":"service","placement":"underground","from":"electric-TX-00048","to":"electric-N-P-00153","lengthM":41.08,"voltageKV":0.24,"phase":"C","phases":1,"conductor":"4/0 AL URD triplex","feeder":"F1-01","feederId":"F1-01","designRole":"service","designKVA":5.51}},{"type":"Feature","id":"electric-E416","geometry":{"type":"LineString","coordinates":[[-80.60266,43.3025665],[-80.6027232,43.3029405],[-80.6028074,43.3029724]]},"properties":{"kind":"service","tier":"service","placement":"underground","from":"electric-TX-00048","to":"electric-N-P-00134","lengthM":49.64,"voltageKV":0.24,"phase":"C","phases":1,"conductor":"4/0 AL URD triplex","feeder":"F1-01","feederId":"F1-01","designRole":"service","designKVA":5.79}},{"type":"Feature","id":"electric-E418","geometry":{"type":"LineString","coordinates":[[-80.6027223,43.3030475],[-80.6025077,43.3030161],[-80.6024283,43.3030688]]},"properties":{"kind":"service","tier":"service","placement":"underground","from":"electric-TX-00049","to":"electric-N-P-00154","lengthM":26.44,"voltageKV":0.24,"phase":"C","phases":1,"conductor":"4/0 AL URD triplex","feeder":"F1-01","feederId":"F1-01","designRole":"service","designKVA":11.05}},{"type":"Feature","id":"electric-E419","geometry":{"type":"LineString","coordinates":[[-80.6027223,43.3030475],[-80.6027374,43.3030911],[-80.6028131,43.30312]]},"properties":{"kind":"service","tier":"service","placement":"underground","from":"electric-TX-00049","to":"electric-N-P-00135","lengthM":11.93,"voltageKV":0.24,"phase":"C","phases":1,"conductor":"4/0 AL URD triplex","feeder":"F1-01","feederId":"F1-01","designRole":"service","designKVA":2.57}},{"type":"Feature","id":"electric-E421","geometry":{"type":"LineString","coordinates":[[-80.6014977,43.2983181],[-80.6014272,43.2980953]]},"properties":{"kind":"service","tier":"service","placement":"overhead","from":"electric-TX-00050","to":"electric-N-P-00163","lengthM":25.45,"voltageKV":0.24,"phase":"A","phases":1,"conductor":"1/0 AL triplex","feeder":"F1-01","feederId":"F1-01","designRole":"service","designKVA":2.21}},{"type":"Feature","id":"electric-E422","geometry":{"type":"LineString","coordinates":[[-80.6014977,43.2983181],[-80.6013997,43.2982645]]},"properties":{"kind":"service","tier":"service","placement":"overhead","from":"electric-TX-00050","to":"electric-N-P-00164","lengthM":9.92,"voltageKV":0.24,"phase":"A","phases":1,"conductor":"1/0 AL triplex","feeder":"F1-01","feederId":"F1-01","designRole":"service","designKVA":4.39}},{"type":"Feature","id":"electric-E423","geometry":{"type":"LineString","coordinates":[[-80.6014977,43.2983181],[-80.6016903,43.2982346]]},"properties":{"kind":"service","tier":"service","placement":"overhead","from":"electric-TX-00050","to":"electric-N-P-00155","lengthM":18.16,"voltageKV":0.24,"phase":"A","phases":1,"conductor":"1/0 AL triplex","feeder":"F1-01","feederId":"F1-01","designRole":"service","designKVA":3.89}},{"type":"Feature","id":"electric-E424","geometry":{"type":"LineString","coordinates":[[-80.6014977,43.2983181],[-80.6013774,43.2984465]]},"properties":{"kind":"service","tier":"service","placement":"overhead","from":"electric-TX-00050","to":"electric-N-P-00165","lengthM":17.3,"voltageKV":0.24,"phase":"A","phases":1,"conductor":"1/0 AL triplex","feeder":"F1-01","feederId":"F1-01","designRole":"service","designKVA":5.72}},{"type":"Feature","id":"electric-E425","geometry":{"type":"LineString","coordinates":[[-80.6014977,43.2983181],[-80.601759,43.2984563]]},"properties":{"kind":"service","tier":"service","placement":"overhead","from":"electric-TX-00050","to":"electric-N-P-00156","lengthM":26.18,"voltageKV":0.24,"phase":"A","phases":1,"conductor":"1/0 AL triplex","feeder":"F1-01","feederId":"F1-01","designRole":"service","designKVA":5.93}},{"type":"Feature","id":"electric-E426","geometry":{"type":"LineString","coordinates":[[-80.6014977,43.2983181],[-80.6017448,43.2986365]]},"properties":{"kind":"service","tier":"service","placement":"overhead","from":"electric-TX-00050","to":"electric-N-P-00157","lengthM":40.71,"voltageKV":0.24,"phase":"A","phases":1,"conductor":"1/0 AL triplex","feeder":"F1-01","feederId":"F1-01","designRole":"service","designKVA":4.36}},{"type":"Feature","id":"electric-E428","geometry":{"type":"LineString","coordinates":[[-80.6014544,43.2990287],[-80.6013474,43.2986058]]},"properties":{"kind":"service","tier":"service","placement":"overhead","from":"electric-TX-00051","to":"electric-N-P-00166","lengthM":47.87,"voltageKV":0.24,"phase":"A","phases":1,"conductor":"1/0 AL triplex","feeder":"F1-01","feederId":"F1-01","designRole":"service","designKVA":4.4}},{"type":"Feature","id":"electric-E429","geometry":{"type":"LineString","coordinates":[[-80.6014544,43.2990287],[-80.6017327,43.2988197]]},"properties":{"kind":"service","tier":"service","placement":"overhead","from":"electric-TX-00051","to":"electric-N-P-00158","lengthM":32.4,"voltageKV":0.24,"phase":"A","phases":1,"conductor":"1/0 AL triplex","feeder":"F1-01","feederId":"F1-01","designRole":"service","designKVA":4.67}},{"type":"Feature","id":"electric-E430","geometry":{"type":"LineString","coordinates":[[-80.6014544,43.2990287],[-80.6017473,43.2989571]]},"properties":{"kind":"service","tier":"service","placement":"overhead","from":"electric-TX-00051","to":"electric-N-P-00159","lengthM":25.04,"voltageKV":0.24,"phase":"A","phases":1,"conductor":"1/0 AL triplex","feeder":"F1-01","feederId":"F1-01","designRole":"service","designKVA":5.74}},{"type":"Feature","id":"electric-E431","geometry":{"type":"LineString","coordinates":[[-80.6014544,43.2990287],[-80.60175,43.2991644]]},"properties":{"kind":"service","tier":"service","placement":"overhead","from":"electric-TX-00051","to":"electric-N-P-00160","lengthM":28.32,"voltageKV":0.24,"phase":"A","phases":1,"conductor":"1/0 AL triplex","feeder":"F1-01","feederId":"F1-01","designRole":"service","designKVA":2.49}},{"type":"Feature","id":"electric-E432","geometry":{"type":"LineString","coordinates":[[-80.6014544,43.2990287],[-80.6013798,43.2993214]]},"properties":{"kind":"service","tier":"service","placement":"overhead","from":"electric-TX-00051","to":"electric-N-P-00167","lengthM":33.14,"voltageKV":0.24,"phase":"A","phases":1,"conductor":"1/0 AL triplex","feeder":"F1-01","feederId":"F1-01","designRole":"service","designKVA":2.28}},{"type":"Feature","id":"electric-E433","geometry":{"type":"LineString","coordinates":[[-80.6014544,43.2990287],[-80.6017399,43.2993234]]},"properties":{"kind":"service","tier":"service","placement":"overhead","from":"electric-TX-00051","to":"electric-N-P-00161","lengthM":40.14,"voltageKV":0.24,"phase":"A","phases":1,"conductor":"1/0 AL triplex","feeder":"F1-01","feederId":"F1-01","designRole":"service","designKVA":5.86}},{"type":"Feature","id":"electric-E435","geometry":{"type":"LineString","coordinates":[[-80.6014967,43.2994697],[-80.6017088,43.2994737]]},"properties":{"kind":"service","tier":"service","placement":"overhead","from":"electric-TX-00052","to":"electric-N-P-00162","lengthM":17.19,"voltageKV":0.24,"phase":"A","phases":1,"conductor":"1/0 AL triplex","feeder":"F1-01","feederId":"F1-01","designRole":"service","designKVA":0.36}},{"type":"Feature","id":"electric-E437","geometry":{"type":"LineString","coordinates":[[-80.6016249,43.2976514],[-80.6015024,43.2976708]]},"properties":{"kind":"service","tier":"service","placement":"overhead","from":"electric-TX-00053","to":"electric-N-P-00168","lengthM":10.16,"voltageKV":0.24,"phase":"A","phases":1,"conductor":"1/0 AL triplex","feeder":"F1-01","feederId":"F1-01","designRole":"service","designKVA":5.48}},{"type":"Feature","id":"electric-E438","geometry":{"type":"LineString","coordinates":[[-80.6016249,43.2976514],[-80.60153,43.2975022]]},"properties":{"kind":"service","tier":"service","placement":"overhead","from":"electric-TX-00053","to":"electric-N-P-00169","lengthM":18.3,"voltageKV":0.24,"phase":"A","phases":1,"conductor":"1/0 AL triplex","feeder":"F1-01","feederId":"F1-01","designRole":"service","designKVA":4.66}},{"type":"Feature","id":"electric-E440","geometry":{"type":"LineString","coordinates":[[-80.6018745,43.2972887],[-80.6018595,43.2974504],[-80.6018967,43.2974262]]},"properties":{"kind":"service","tier":"service","placement":"underground","from":"electric-TX-00054","to":"electric-N-P-00173","lengthM":22.08,"voltageKV":0.24,"phase":"A","phases":1,"conductor":"4/0 AL URD triplex","feeder":"F1-01","feederId":"F1-01","designRole":"service","designKVA":4.65}},{"type":"Feature","id":"electric-E441","geometry":{"type":"LineString","coordinates":[[-80.6018745,43.2972887],[-80.6016407,43.2974216],[-80.6015748,43.2973893]]},"properties":{"kind":"service","tier":"service","placement":"underground","from":"electric-TX-00054","to":"electric-N-P-00170","lengthM":30.47,"voltageKV":0.24,"phase":"A","phases":1,"conductor":"4/0 AL URD triplex","feeder":"F1-01","feederId":"F1-01","designRole":"service","designKVA":6.95}},{"type":"Feature","id":"electric-E442","geometry":{"type":"LineString","coordinates":[[-80.6018745,43.2972887],[-80.6018851,43.2972929],[-80.6019673,43.2972638]]},"properties":{"kind":"service","tier":"service","placement":"underground","from":"electric-TX-00054","to":"electric-N-P-00174","lengthM":8.38,"voltageKV":0.24,"phase":"A","phases":1,"conductor":"4/0 AL URD triplex","feeder":"F1-01","feederId":"F1-01","designRole":"service","designKVA":4.58}},{"type":"Feature","id":"electric-E443","geometry":{"type":"LineString","coordinates":[[-80.6018745,43.2972887],[-80.6016644,43.2972739],[-80.6015973,43.297218]]},"properties":{"kind":"service","tier":"service","placement":"underground","from":"electric-TX-00054","to":"electric-N-P-00171","lengthM":25.36,"voltageKV":0.24,"phase":"A","phases":1,"conductor":"4/0 AL URD triplex","feeder":"F1-01","feederId":"F1-01","designRole":"service","designKVA":5.51}},{"type":"Feature","id":"electric-E444","geometry":{"type":"LineString","coordinates":[[-80.6018745,43.2972887],[-80.6016847,43.2971209],[-80.6016189,43.2970649]]},"properties":{"kind":"service","tier":"service","placement":"underground","from":"electric-TX-00054","to":"electric-N-P-00172","lengthM":32.39,"voltageKV":0.24,"phase":"A","phases":1,"conductor":"4/0 AL URD triplex","feeder":"F1-01","feederId":"F1-01","designRole":"service","designKVA":5.79}},{"type":"Feature","id":"electric-E445","geometry":{"type":"LineString","coordinates":[[-80.6018745,43.2972887],[-80.6019059,43.2971348],[-80.6019811,43.2970943]]},"properties":{"kind":"service","tier":"service","placement":"underground","from":"electric-TX-00054","to":"electric-N-P-00175","lengthM":24.89,"voltageKV":0.24,"phase":"A","phases":1,"conductor":"4/0 AL URD triplex","feeder":"F1-01","feederId":"F1-01","designRole":"service","designKVA":4.82}},{"type":"Feature","id":"electric-E446","geometry":{"type":"LineString","coordinates":[[-80.6018745,43.2972887],[-80.601921,43.2969791],[-80.6020075,43.2969338]]},"properties":{"kind":"service","tier":"service","placement":"underground","from":"electric-TX-00054","to":"electric-N-P-00176","lengthM":43.3,"voltageKV":0.24,"phase":"A","phases":1,"conductor":"4/0 AL URD triplex","feeder":"F1-01","feederId":"F1-01","designRole":"service","designKVA":8.32}},{"type":"Feature","id":"electric-E448","geometry":{"type":"LineString","coordinates":[[-80.6014624,43.3001172],[-80.6013826,43.2999739]]},"properties":{"kind":"service","tier":"service","placement":"overhead","from":"electric-TX-00055","to":"electric-N-P-00197","lengthM":17.21,"voltageKV":0.24,"phase":"B","phases":1,"conductor":"1/0 AL triplex","feeder":"F1-01","feederId":"F1-01","designRole":"service","designKVA":4.71}},{"type":"Feature","id":"electric-E449","geometry":{"type":"LineString","coordinates":[[-80.6014624,43.3001172],[-80.6017374,43.3000038]]},"properties":{"kind":"service","tier":"service","placement":"overhead","from":"electric-TX-00055","to":"electric-N-P-00177","lengthM":25.6,"voltageKV":0.24,"phase":"B","phases":1,"conductor":"1/0 AL triplex","feeder":"F1-01","feederId":"F1-01","designRole":"service","designKVA":10.53}},{"type":"Feature","id":"electric-E450","geometry":{"type":"LineString","coordinates":[[-80.6014624,43.3001172],[-80.6013582,43.3001628]]},"properties":{"kind":"service","tier":"service","placement":"overhead","from":"electric-TX-00055","to":"electric-N-P-00198","lengthM":9.86,"voltageKV":0.24,"phase":"B","phases":1,"conductor":"1/0 AL triplex","feeder":"F1-01","feederId":"F1-01","designRole":"service","designKVA":5.75}},{"type":"Feature","id":"electric-E451","geometry":{"type":"LineString","coordinates":[[-80.6014624,43.3001172],[-80.6017201,43.3001999]]},"properties":{"kind":"service","tier":"service","placement":"overhead","from":"electric-TX-00055","to":"electric-N-P-00178","lengthM":22.81,"voltageKV":0.24,"phase":"B","phases":1,"conductor":"1/0 AL triplex","feeder":"F1-01","feederId":"F1-01","designRole":"service","designKVA":2.58}},{"type":"Feature","id":"electric-E452","geometry":{"type":"LineString","coordinates":[[-80.6014624,43.3001172],[-80.6013465,43.3002953]]},"properties":{"kind":"service","tier":"service","placement":"overhead","from":"electric-TX-00055","to":"electric-N-P-00199","lengthM":21.94,"voltageKV":0.24,"phase":"B","phases":1,"conductor":"1/0 AL triplex","feeder":"F1-01","feederId":"F1-01","designRole":"service","designKVA":5.49}},{"type":"Feature","id":"electric-E453","geometry":{"type":"LineString","coordinates":[[-80.6014624,43.3001172],[-80.6016814,43.3003508]]},"properties":{"kind":"service","tier":"service","placement":"overhead","from":"electric-TX-00055","to":"electric-N-P-00179","lengthM":31.49,"voltageKV":0.24,"phase":"B","phases":1,"conductor":"1/0 AL triplex","feeder":"F1-01","feederId":"F1-01","designRole":"service","designKVA":2.52}},{"type":"Feature","id":"electric-E455","geometry":{"type":"LineString","coordinates":[[-80.601379,43.3006226],[-80.6013043,43.3004736]]},"properties":{"kind":"service","tier":"service","placement":"overhead","from":"electric-TX-00056","to":"electric-N-P-00200","lengthM":17.66,"voltageKV":0.24,"phase":"B","phases":1,"conductor":"1/0 AL triplex","feeder":"F1-01","feederId":"F1-01","designRole":"service","designKVA":12.66}},{"type":"Feature","id":"electric-E456","geometry":{"type":"LineString","coordinates":[[-80.601379,43.3006226],[-80.6016634,43.300513]]},"properties":{"kind":"service","tier":"service","placement":"overhead","from":"electric-TX-00056","to":"electric-N-P-00180","lengthM":26.07,"voltageKV":0.24,"phase":"B","phases":1,"conductor":"1/0 AL triplex","feeder":"F1-01","feederId":"F1-01","designRole":"service","designKVA":6.0}},{"type":"Feature","id":"electric-E457","geometry":{"type":"LineString","coordinates":[[-80.601379,43.3006226],[-80.6016254,43.3007128]]},"properties":{"kind":"service","tier":"service","placement":"overhead","from":"electric-TX-00056","to":"electric-N-P-00181","lengthM":22.34,"voltageKV":0.24,"phase":"B","phases":1,"conductor":"1/0 AL triplex","feeder":"F1-01","feederId":"F1-01","designRole":"service","designKVA":2.79}},{"type":"Feature","id":"electric-E458","geometry":{"type":"LineString","coordinates":[[-80.601379,43.3006226],[-80.601278,43.3006742]]},"properties":{"kind":"service","tier":"service","placement":"overhead","from":"electric-TX-00056","to":"electric-N-P-00201","lengthM":9.99,"voltageKV":0.24,"phase":"B","phases":1,"conductor":"1/0 AL triplex","feeder":"F1-01","feederId":"F1-01","designRole":"service","designKVA":4.71}},{"type":"Feature","id":"electric-E459","geometry":{"type":"LineString","coordinates":[[-80.601379,43.3006226],[-80.6015952,43.3008683]]},"properties":{"kind":"service","tier":"service","placement":"overhead","from":"electric-TX-00056","to":"electric-N-P-00182","lengthM":32.48,"voltageKV":0.24,"phase":"B","phases":1,"conductor":"1/0 AL triplex","feeder":"F1-01","feederId":"F1-01","designRole":"service","designKVA":4.71}},{"type":"Feature","id":"electric-E460","geometry":{"type":"LineString","coordinates":[[-80.601379,43.3006226],[-80.6012548,43.3008335]]},"properties":{"kind":"service","tier":"service","placement":"overhead","from":"electric-TX-00056","to":"electric-N-P-00202","lengthM":25.54,"voltageKV":0.24,"phase":"B","phases":1,"conductor":"1/0 AL triplex","feeder":"F1-01","feederId":"F1-01","designRole":"service","designKVA":6.15}},{"type":"Feature","id":"electric-E462","geometry":{"type":"LineString","coordinates":[[-80.6013039,43.3011255],[-80.6012374,43.3009826]]},"properties":{"kind":"service","tier":"service","placement":"overhead","from":"electric-TX-00057","to":"electric-N-P-00203","lengthM":16.8,"voltageKV":0.24,"phase":"B","phases":1,"conductor":"1/0 AL triplex","feeder":"F1-01","feederId":"F1-01","designRole":"service","designKVA":4.6}},{"type":"Feature","id":"electric-E463","geometry":{"type":"LineString","coordinates":[[-80.6013039,43.3011255],[-80.6015897,43.3010285]]},"properties":{"kind":"service","tier":"service","placement":"overhead","from":"electric-TX-00057","to":"electric-N-P-00183","lengthM":25.54,"voltageKV":0.24,"phase":"B","phases":1,"conductor":"1/0 AL triplex","feeder":"F1-01","feederId":"F1-01","designRole":"service","designKVA":5.84}},{"type":"Feature","id":"electric-E464","geometry":{"type":"LineString","coordinates":[[-80.6013039,43.3011255],[-80.6011959,43.3011584]]},"properties":{"kind":"service","tier":"service","placement":"overhead","from":"electric-TX-00057","to":"electric-N-P-00204","lengthM":9.49,"voltageKV":0.24,"phase":"B","phases":1,"conductor":"1/0 AL triplex","feeder":"F1-01","feederId":"F1-01","designRole":"service","designKVA":5.24}},{"type":"Feature","id":"electric-E465","geometry":{"type":"LineString","coordinates":[[-80.6013039,43.3011255],[-80.6015733,43.3012018]]},"properties":{"kind":"service","tier":"service","placement":"overhead","from":"electric-TX-00057","to":"electric-N-P-00184","lengthM":23.42,"voltageKV":0.24,"phase":"B","phases":1,"conductor":"1/0 AL triplex","feeder":"F1-01","feederId":"F1-01","designRole":"service","designKVA":11.5}},{"type":"Feature","id":"electric-E466","geometry":{"type":"LineString","coordinates":[[-80.6013039,43.3011255],[-80.6011929,43.3013199]]},"properties":{"kind":"service","tier":"service","placement":"overhead","from":"electric-TX-00057","to":"electric-N-P-00205","lengthM":23.44,"voltageKV":0.24,"phase":"B","phases":1,"conductor":"1/0 AL triplex","feeder":"F1-01","feederId":"F1-01","designRole":"service","designKVA":5.49}},{"type":"Feature","id":"electric-E467","geometry":{"type":"LineString","coordinates":[[-80.6013039,43.3011255],[-80.6015755,43.301351]]},"properties":{"kind":"service","tier":"service","placement":"overhead","from":"electric-TX-00057","to":"electric-N-P-00185","lengthM":33.38,"voltageKV":0.24,"phase":"B","phases":1,"conductor":"1/0 AL triplex","feeder":"F1-01","feederId":"F1-01","designRole":"service","designKVA":6.22}},{"type":"Feature","id":"electric-E469","geometry":{"type":"LineString","coordinates":[[-80.6012659,43.3016391],[-80.6011694,43.3014938]]},"properties":{"kind":"service","tier":"service","placement":"overhead","from":"electric-TX-00058","to":"electric-N-P-00206","lengthM":17.97,"voltageKV":0.24,"phase":"B","phases":1,"conductor":"1/0 AL triplex","feeder":"F1-01","feederId":"F1-01","designRole":"service","designKVA":4.91}},{"type":"Feature","id":"electric-E470","geometry":{"type":"LineString","coordinates":[[-80.6012659,43.3016391],[-80.60155,43.3015309]]},"properties":{"kind":"service","tier":"service","placement":"overhead","from":"electric-TX-00058","to":"electric-N-P-00186","lengthM":25.97,"voltageKV":0.24,"phase":"B","phases":1,"conductor":"1/0 AL triplex","feeder":"F1-01","feederId":"F1-01","designRole":"service","designKVA":6.05}},{"type":"Feature","id":"electric-E471","geometry":{"type":"LineString","coordinates":[[-80.6012659,43.3016391],[-80.6011514,43.3016589]]},"properties":{"kind":"service","tier":"service","placement":"overhead","from":"electric-TX-00058","to":"electric-N-P-00207","lengthM":9.53,"voltageKV":0.24,"phase":"B","phases":1,"conductor":"1/0 AL triplex","feeder":"F1-01","feederId":"F1-01","designRole":"service","designKVA":4.21}},{"type":"Feature","id":"electric-E472","geometry":{"type":"LineString","coordinates":[[-80.6012659,43.3016391],[-80.6015417,43.3016891]]},"properties":{"kind":"service","tier":"service","placement":"overhead","from":"electric-TX-00058","to":"electric-N-P-00187","lengthM":23.02,"voltageKV":0.24,"phase":"B","phases":1,"conductor":"1/0 AL triplex","feeder":"F1-01","feederId":"F1-01","designRole":"service","designKVA":11.62}},{"type":"Feature","id":"electric-E473","geometry":{"type":"LineString","coordinates":[[-80.6012659,43.3016391],[-80.6011445,43.3018383]]},"properties":{"kind":"service","tier":"service","placement":"overhead","from":"electric-TX-00058","to":"electric-N-P-00208","lengthM":24.26,"voltageKV":0.24,"phase":"B","phases":1,"conductor":"1/0 AL triplex","feeder":"F1-01","feederId":"F1-01","designRole":"service","designKVA":4.16}},{"type":"Feature","id":"electric-E474","geometry":{"type":"LineString","coordinates":[[-80.6012659,43.3016391],[-80.6015598,43.3018674]]},"properties":{"kind":"service","tier":"service","placement":"overhead","from":"electric-TX-00058","to":"electric-N-P-00188","lengthM":34.83,"voltageKV":0.24,"phase":"B","phases":1,"conductor":"1/0 AL triplex","feeder":"F1-01","feederId":"F1-01","designRole":"service","designKVA":11.5}},{"type":"Feature","id":"electric-E476","geometry":{"type":"LineString","coordinates":[[-80.6012822,43.3021447],[-80.6011594,43.3020157]]},"properties":{"kind":"service","tier":"service","placement":"overhead","from":"electric-TX-00059","to":"electric-N-P-00209","lengthM":17.47,"voltageKV":0.24,"phase":"B","phases":1,"conductor":"1/0 AL triplex","feeder":"F1-01","feederId":"F1-01","designRole":"service","designKVA":4.25}},{"type":"Feature","id":"electric-E477","geometry":{"type":"LineString","coordinates":[[-80.6012822,43.3021447],[-80.6015553,43.3020136]]},"properties":{"kind":"service","tier":"service","placement":"overhead","from":"electric-TX-00059","to":"electric-N-P-00189","lengthM":26.51,"voltageKV":0.24,"phase":"B","phases":1,"conductor":"1/0 AL triplex","feeder":"F1-01","feederId":"F1-01","designRole":"service","designKVA":4.46}},{"type":"Feature","id":"electric-E478","geometry":{"type":"LineString","coordinates":[[-80.6012822,43.3021447],[-80.6011593,43.3021823]]},"properties":{"kind":"service","tier":"service","placement":"overhead","from":"electric-TX-00059","to":"electric-N-P-00210","lengthM":10.8,"voltageKV":0.24,"phase":"B","phases":1,"conductor":"1/0 AL triplex","feeder":"F1-01","feederId":"F1-01","designRole":"service","designKVA":4.28}},{"type":"Feature","id":"electric-E479","geometry":{"type":"LineString","coordinates":[[-80.6012822,43.3021447],[-80.6015592,43.3021847]]},"properties":{"kind":"service","tier":"service","placement":"overhead","from":"electric-TX-00059","to":"electric-N-P-00190","lengthM":22.88,"voltageKV":0.24,"phase":"B","phases":1,"conductor":"1/0 AL triplex","feeder":"F1-01","feederId":"F1-01","designRole":"service","designKVA":8.92}},{"type":"Feature","id":"electric-E480","geometry":{"type":"LineString","coordinates":[[-80.6012822,43.3021447],[-80.6011982,43.3023412]]},"properties":{"kind":"service","tier":"service","placement":"overhead","from":"electric-TX-00059","to":"electric-N-P-00211","lengthM":22.91,"voltageKV":0.24,"phase":"B","phases":1,"conductor":"1/0 AL triplex","feeder":"F1-01","feederId":"F1-01","designRole":"service","designKVA":12.31}},{"type":"Feature","id":"electric-E481","geometry":{"type":"LineString","coordinates":[[-80.6012822,43.3021447],[-80.6015817,43.302359]]},"properties":{"kind":"service","tier":"service","placement":"overhead","from":"electric-TX-00059","to":"electric-N-P-00191","lengthM":34.03,"voltageKV":0.24,"phase":"B","phases":1,"conductor":"1/0 AL triplex","feeder":"F1-01","feederId":"F1-01","designRole":"service","designKVA":4.78}},{"type":"Feature","id":"electric-E483","geometry":{"type":"LineString","coordinates":[[-80.6013174,43.3024585],[-80.6012054,43.3025309]]},"properties":{"kind":"service","tier":"service","placement":"overhead","from":"electric-TX-00060","to":"electric-N-P-00212","lengthM":12.14,"voltageKV":0.24,"phase":"B","phases":1,"conductor":"1/0 AL triplex","feeder":"F1-01","feederId":"F1-01","designRole":"service","designKVA":5.65}},{"type":"Feature","id":"electric-E485","geometry":{"type":"LineString","coordinates":[[-80.6015506,43.3027816],[-80.6015176,43.3024868],[-80.6016011,43.3025025]]},"properties":{"kind":"service","tier":"service","placement":"underground","from":"electric-TX-00061","to":"electric-N-P-00192","lengthM":39.9,"voltageKV":0.24,"phase":"B","phases":1,"conductor":"4/0 AL URD triplex","feeder":"F1-01","feederId":"F1-01","designRole":"service","designKVA":4.38}},{"type":"Feature","id":"electric-E486","geometry":{"type":"LineString","coordinates":[[-80.6015506,43.3027816],[-80.6013158,43.3026346],[-80.6012441,43.3026768]]},"properties":{"kind":"service","tier":"service","placement":"underground","from":"electric-TX-00061","to":"electric-N-P-00213","lengthM":32.56,"voltageKV":0.24,"phase":"B","phases":1,"conductor":"4/0 AL URD triplex","feeder":"F1-01","feederId":"F1-01","designRole":"service","designKVA":4.4}},{"type":"Feature","id":"electric-E487","geometry":{"type":"LineString","coordinates":[[-80.6015506,43.3027816],[-80.6015424,43.3026525],[-80.6016195,43.302699]]},"properties":{"kind":"service","tier":"service","placement":"underground","from":"electric-TX-00061","to":"electric-N-P-00193","lengthM":22.5,"voltageKV":0.24,"phase":"B","phases":1,"conductor":"4/0 AL URD triplex","feeder":"F1-01","feederId":"F1-01","designRole":"service","designKVA":6.08}},{"type":"Feature","id":"electric-E488","geometry":{"type":"LineString","coordinates":[[-80.6015506,43.3027816],[-80.6013423,43.3027999],[-80.6012848,43.3028691]]},"properties":{"kind":"service","tier":"service","placement":"underground","from":"electric-TX-00061","to":"electric-N-P-00214","lengthM":26.01,"voltageKV":0.24,"phase":"B","phases":1,"conductor":"4/0 AL URD triplex","feeder":"F1-01","feederId":"F1-01","designRole":"service","designKVA":6.1}},{"type":"Feature","id":"electric-E489","geometry":{"type":"LineString","coordinates":[[-80.6015506,43.3027816],[-80.6015693,43.3028187],[-80.6016512,43.3028363]]},"properties":{"kind":"service","tier":"service","placement":"underground","from":"electric-TX-00061","to":"electric-N-P-00194","lengthM":11.32,"voltageKV":0.24,"phase":"B","phases":1,"conductor":"4/0 AL URD triplex","feeder":"F1-01","feederId":"F1-01","designRole":"service","designKVA":4.47}},{"type":"Feature","id":"electric-E490","geometry":{"type":"LineString","coordinates":[[-80.6015506,43.3027816],[-80.6015958,43.3029753],[-80.6016768,43.3030131]]},"properties":{"kind":"service","tier":"service","placement":"underground","from":"electric-TX-00061","to":"electric-N-P-00195","lengthM":29.67,"voltageKV":0.24,"phase":"B","phases":1,"conductor":"4/0 AL URD triplex","feeder":"F1-01","feederId":"F1-01","designRole":"service","designKVA":6.23}},{"type":"Feature","id":"electric-E491","geometry":{"type":"LineString","coordinates":[[-80.6015506,43.3027816],[-80.601625,43.303149],[-80.6017098,43.3031903]]},"properties":{"kind":"service","tier":"service","placement":"underground","from":"electric-TX-00061","to":"electric-N-P-00196","lengthM":49.61,"voltageKV":0.24,"phase":"B","phases":1,"conductor":"4/0 AL URD triplex","feeder":"F1-01","feederId":"F1-01","designRole":"service","designKVA":6.05}},{"type":"Feature","id":"electric-E493","geometry":{"type":"LineString","coordinates":[[-80.5997749,43.3002487],[-80.6000568,43.2999378]]},"properties":{"kind":"service","tier":"service","placement":"overhead","from":"electric-TX-00062","to":"electric-N-P-00215","lengthM":41.46,"voltageKV":0.24,"phase":"ABC","phases":1,"conductor":"1/0 AL triplex","feeder":"F1-02","feederId":"F1-02","designRole":"service","designKVA":4.07}},{"type":"Feature","id":"electric-E494","geometry":{"type":"LineString","coordinates":[[-80.5997749,43.3002487],[-80.6000562,43.3000969]]},"properties":{"kind":"service","tier":"service","placement":"overhead","from":"electric-TX-00062","to":"electric-N-P-00216","lengthM":28.37,"voltageKV":0.24,"phase":"ABC","phases":1,"conductor":"1/0 AL triplex","feeder":"F1-02","feederId":"F1-02","designRole":"service","designKVA":4.09}},{"type":"Feature","id":"electric-E495","geometry":{"type":"LineString","coordinates":[[-80.5997749,43.3002487],[-80.6000373,43.3002489]]},"properties":{"kind":"service","tier":"service","placement":"overhead","from":"electric-TX-00062","to":"electric-N-P-00217","lengthM":21.26,"voltageKV":0.24,"phase":"ABC","phases":1,"conductor":"1/0 AL triplex","feeder":"F1-02","feederId":"F1-02","designRole":"service","designKVA":4.07}},{"type":"Feature","id":"electric-E496","geometry":{"type":"LineString","coordinates":[[-80.5997749,43.3002487],[-80.600015,43.3003681]]},"properties":{"kind":"service","tier":"service","placement":"overhead","from":"electric-TX-00062","to":"electric-N-P-00218","lengthM":23.56,"voltageKV":0.24,"phase":"ABC","phases":1,"conductor":"1/0 AL triplex","feeder":"F1-02","feederId":"F1-02","designRole":"service","designKVA":4.42}},{"type":"Feature","id":"electric-E497","geometry":{"type":"LineString","coordinates":[[-80.5997749,43.3002487],[-80.5999874,43.3005263]]},"properties":{"kind":"service","tier":"service","placement":"overhead","from":"electric-TX-00062","to":"electric-N-P-00219","lengthM":35.37,"voltageKV":0.24,"phase":"ABC","phases":1,"conductor":"1/0 AL triplex","feeder":"F1-02","feederId":"F1-02","designRole":"service","designKVA":1.19}},{"type":"Feature","id":"electric-E498","geometry":{"type":"LineString","coordinates":[[-80.5997749,43.3002487],[-80.5999826,43.3006498]]},"properties":{"kind":"service","tier":"service","placement":"overhead","from":"electric-TX-00062","to":"electric-N-P-00220","lengthM":47.72,"voltageKV":0.24,"phase":"ABC","phases":1,"conductor":"1/0 AL triplex","feeder":"F1-02","feederId":"F1-02","designRole":"service","designKVA":8.15}},{"type":"Feature","id":"electric-E500","geometry":{"type":"LineString","coordinates":[[-80.5997168,43.3006088],[-80.5996029,43.3006378]]},"properties":{"kind":"service","tier":"service","placement":"overhead","from":"electric-TX-00063","to":"electric-N-P-00221","lengthM":9.78,"voltageKV":0.24,"phase":"C","phases":1,"conductor":"1/0 AL triplex","feeder":"F1-02","feederId":"F1-02","designRole":"service","designKVA":4.37}},{"type":"Feature","id":"electric-E502","geometry":{"type":"LineString","coordinates":[[-80.5994365,43.302952],[-80.5994621,43.3032235],[-80.5993767,43.3032065]]},"properties":{"kind":"service","tier":"service","placement":"underground","from":"electric-TX-00064","to":"electric-N-P-00222","lengthM":37.47,"voltageKV":0.24,"phase":"C","phases":1,"conductor":"4/0 AL URD triplex","feeder":"F1-02","feederId":"F1-02","designRole":"service","designKVA":13.29}},{"type":"Feature","id":"electric-E503","geometry":{"type":"LineString","coordinates":[[-80.5994365,43.302952],[-80.599438,43.3030616],[-80.599354,43.3030264]]},"properties":{"kind":"service","tier":"service","placement":"underground","from":"electric-TX-00064","to":"electric-N-P-00223","lengthM":20.06,"voltageKV":0.24,"phase":"C","phases":1,"conductor":"4/0 AL URD triplex","feeder":"F1-02","feederId":"F1-02","designRole":"service","designKVA":5.98}},{"type":"Feature","id":"electric-E504","geometry":{"type":"LineString","coordinates":[[-80.5994365,43.302952],[-80.5996512,43.3029842],[-80.5997296,43.3029248]]},"properties":{"kind":"service","tier":"service","placement":"underground","from":"electric-TX-00064","to":"electric-N-P-00236","lengthM":26.93,"voltageKV":0.24,"phase":"C","phases":1,"conductor":"4/0 AL URD triplex","feeder":"F1-02","feederId":"F1-02","designRole":"service","designKVA":5.91}},{"type":"Feature","id":"electric-E505","geometry":{"type":"LineString","coordinates":[[-80.5994365,43.302952],[-80.5994201,43.3029077],[-80.5993421,43.3028514]]},"properties":{"kind":"service","tier":"service","placement":"underground","from":"electric-TX-00064","to":"electric-N-P-00224","lengthM":14.01,"voltageKV":0.24,"phase":"C","phases":1,"conductor":"4/0 AL URD triplex","feeder":"F1-02","feederId":"F1-02","designRole":"service","designKVA":3.03}},{"type":"Feature","id":"electric-E506","geometry":{"type":"LineString","coordinates":[[-80.5994365,43.302952],[-80.5996332,43.302804],[-80.5997107,43.3027559]]},"properties":{"kind":"service","tier":"service","placement":"underground","from":"electric-TX-00064","to":"electric-N-P-00237","lengthM":31.18,"voltageKV":0.24,"phase":"C","phases":1,"conductor":"4/0 AL URD triplex","feeder":"F1-02","feederId":"F1-02","designRole":"service","designKVA":11.26}},{"type":"Feature","id":"electric-E507","geometry":{"type":"LineString","coordinates":[[-80.5994365,43.302952],[-80.5994063,43.30274],[-80.5993204,43.3027105]]},"properties":{"kind":"service","tier":"service","placement":"underground","from":"electric-TX-00064","to":"electric-N-P-00225","lengthM":31.42,"voltageKV":0.24,"phase":"C","phases":1,"conductor":"4/0 AL URD triplex","feeder":"F1-02","feederId":"F1-02","designRole":"service","designKVA":4.82}},{"type":"Feature","id":"electric-E509","geometry":{"type":"LineString","coordinates":[[-80.5994246,43.3024271],[-80.5996987,43.3026093]]},"properties":{"kind":"service","tier":"service","placement":"overhead","from":"electric-TX-00065","to":"electric-N-P-00238","lengthM":30.07,"voltageKV":0.24,"phase":"C","phases":1,"conductor":"1/0 AL triplex","feeder":"F1-02","feederId":"F1-02","designRole":"service","designKVA":4.49}},{"type":"Feature","id":"electric-E510","geometry":{"type":"LineString","coordinates":[[-80.5994246,43.3024271],[-80.5993133,43.3025009]]},"properties":{"kind":"service","tier":"service","placement":"overhead","from":"electric-TX-00065","to":"electric-N-P-00226","lengthM":12.21,"voltageKV":0.24,"phase":"C","phases":1,"conductor":"1/0 AL triplex","feeder":"F1-02","feederId":"F1-02","designRole":"service","designKVA":4.67}},{"type":"Feature","id":"electric-E511","geometry":{"type":"LineString","coordinates":[[-80.5994246,43.3024271],[-80.5997065,43.3024237]]},"properties":{"kind":"service","tier":"service","placement":"overhead","from":"electric-TX-00065","to":"electric-N-P-00239","lengthM":22.84,"voltageKV":0.24,"phase":"C","phases":1,"conductor":"1/0 AL triplex","feeder":"F1-02","feederId":"F1-02","designRole":"service","designKVA":4.58}},{"type":"Feature","id":"electric-E512","geometry":{"type":"LineString","coordinates":[[-80.5994246,43.3024271],[-80.5993151,43.302351]]},"properties":{"kind":"service","tier":"service","placement":"overhead","from":"electric-TX-00065","to":"electric-N-P-00227","lengthM":12.26,"voltageKV":0.24,"phase":"C","phases":1,"conductor":"1/0 AL triplex","feeder":"F1-02","feederId":"F1-02","designRole":"service","designKVA":4.58}},{"type":"Feature","id":"electric-E513","geometry":{"type":"LineString","coordinates":[[-80.5994246,43.3024271],[-80.5997178,43.302266]]},"properties":{"kind":"service","tier":"service","placement":"overhead","from":"electric-TX-00065","to":"electric-N-P-00240","lengthM":29.76,"voltageKV":0.24,"phase":"C","phases":1,"conductor":"1/0 AL triplex","feeder":"F1-02","feederId":"F1-02","designRole":"service","designKVA":4.55}},{"type":"Feature","id":"electric-E514","geometry":{"type":"LineString","coordinates":[[-80.5994246,43.3024271],[-80.599318,43.302187]]},"properties":{"kind":"service","tier":"service","placement":"overhead","from":"electric-TX-00065","to":"electric-N-P-00228","lengthM":28.09,"voltageKV":0.24,"phase":"C","phases":1,"conductor":"1/0 AL triplex","feeder":"F1-02","feederId":"F1-02","designRole":"service","designKVA":4.26}},{"type":"Feature","id":"electric-E516","geometry":{"type":"LineString","coordinates":[[-80.5994609,43.3019191],[-80.5997292,43.3020811]]},"properties":{"kind":"service","tier":"service","placement":"overhead","from":"electric-TX-00066","to":"electric-N-P-00241","lengthM":28.24,"voltageKV":0.24,"phase":"C","phases":1,"conductor":"1/0 AL triplex","feeder":"F1-02","feederId":"F1-02","designRole":"service","designKVA":13.23}},{"type":"Feature","id":"electric-E517","geometry":{"type":"LineString","coordinates":[[-80.5994609,43.3019191],[-80.5993311,43.3020368]]},"properties":{"kind":"service","tier":"service","placement":"overhead","from":"electric-TX-00066","to":"electric-N-P-00229","lengthM":16.8,"voltageKV":0.24,"phase":"C","phases":1,"conductor":"1/0 AL triplex","feeder":"F1-02","feederId":"F1-02","designRole":"service","designKVA":11.61}},{"type":"Feature","id":"electric-E518","geometry":{"type":"LineString","coordinates":[[-80.5994609,43.3019191],[-80.5997447,43.3019157]]},"properties":{"kind":"service","tier":"service","placement":"overhead","from":"electric-TX-00066","to":"electric-N-P-00242","lengthM":22.99,"voltageKV":0.24,"phase":"C","phases":1,"conductor":"1/0 AL triplex","feeder":"F1-02","feederId":"F1-02","designRole":"service","designKVA":5.78}},{"type":"Feature","id":"electric-E519","geometry":{"type":"LineString","coordinates":[[-80.5994609,43.3019191],[-80.5993659,43.301861]]},"properties":{"kind":"service","tier":"service","placement":"overhead","from":"electric-TX-00066","to":"electric-N-P-00230","lengthM":10.06,"voltageKV":0.24,"phase":"C","phases":1,"conductor":"1/0 AL triplex","feeder":"F1-02","feederId":"F1-02","designRole":"service","designKVA":4.71}},{"type":"Feature","id":"electric-E520","geometry":{"type":"LineString","coordinates":[[-80.5994609,43.3019191],[-80.5997835,43.3017225]]},"properties":{"kind":"service","tier":"service","placement":"overhead","from":"electric-TX-00066","to":"electric-N-P-00243","lengthM":34.08,"voltageKV":0.24,"phase":"C","phases":1,"conductor":"1/0 AL triplex","feeder":"F1-02","feederId":"F1-02","designRole":"service","designKVA":5.79}},{"type":"Feature","id":"electric-E521","geometry":{"type":"LineString","coordinates":[[-80.5994609,43.3019191],[-80.5993898,43.3016837]]},"properties":{"kind":"service","tier":"service","placement":"overhead","from":"electric-TX-00066","to":"electric-N-P-00231","lengthM":26.84,"voltageKV":0.24,"phase":"C","phases":1,"conductor":"1/0 AL triplex","feeder":"F1-02","feederId":"F1-02","designRole":"service","designKVA":4.48}},{"type":"Feature","id":"electric-E523","geometry":{"type":"LineString","coordinates":[[-80.5995457,43.3014188],[-80.5997976,43.3015708]]},"properties":{"kind":"service","tier":"service","placement":"overhead","from":"electric-TX-00067","to":"electric-N-P-00244","lengthM":26.51,"voltageKV":0.24,"phase":"C","phases":1,"conductor":"1/0 AL triplex","feeder":"F1-02","feederId":"F1-02","designRole":"service","designKVA":4.33}},{"type":"Feature","id":"electric-E524","geometry":{"type":"LineString","coordinates":[[-80.5995457,43.3014188],[-80.599418,43.3014962]]},"properties":{"kind":"service","tier":"service","placement":"overhead","from":"electric-TX-00067","to":"electric-N-P-00232","lengthM":13.46,"voltageKV":0.24,"phase":"C","phases":1,"conductor":"1/0 AL triplex","feeder":"F1-02","feederId":"F1-02","designRole":"service","designKVA":4.51}},{"type":"Feature","id":"electric-E525","geometry":{"type":"LineString","coordinates":[[-80.5995457,43.3014188],[-80.5998055,43.301418]]},"properties":{"kind":"service","tier":"service","placement":"overhead","from":"electric-TX-00067","to":"electric-N-P-00245","lengthM":21.05,"voltageKV":0.24,"phase":"C","phases":1,"conductor":"1/0 AL triplex","feeder":"F1-02","feederId":"F1-02","designRole":"service","designKVA":12.84}},{"type":"Feature","id":"electric-E526","geometry":{"type":"LineString","coordinates":[[-80.5995457,43.3014188],[-80.5994653,43.3013563]]},"properties":{"kind":"service","tier":"service","placement":"overhead","from":"electric-TX-00067","to":"electric-N-P-00233","lengthM":9.53,"voltageKV":0.24,"phase":"C","phases":1,"conductor":"1/0 AL triplex","feeder":"F1-02","feederId":"F1-02","designRole":"service","designKVA":5.46}},{"type":"Feature","id":"electric-E527","geometry":{"type":"LineString","coordinates":[[-80.5995457,43.3014188],[-80.5998605,43.3012322]]},"properties":{"kind":"service","tier":"service","placement":"overhead","from":"electric-TX-00067","to":"electric-N-P-00246","lengthM":32.9,"voltageKV":0.24,"phase":"C","phases":1,"conductor":"1/0 AL triplex","feeder":"F1-02","feederId":"F1-02","designRole":"service","designKVA":9.32}},{"type":"Feature","id":"electric-E528","geometry":{"type":"LineString","coordinates":[[-80.5995457,43.3014188],[-80.5994946,43.3011646]]},"properties":{"kind":"service","tier":"service","placement":"overhead","from":"electric-TX-00067","to":"electric-N-P-00234","lengthM":28.6,"voltageKV":0.24,"phase":"C","phases":1,"conductor":"1/0 AL triplex","feeder":"F1-02","feederId":"F1-02","designRole":"service","designKVA":2.31}},{"type":"Feature","id":"electric-E530","geometry":{"type":"LineString","coordinates":[[-80.5996202,43.301071],[-80.5998874,43.301081]]},"properties":{"kind":"service","tier":"service","placement":"overhead","from":"electric-TX-00068","to":"electric-N-P-00247","lengthM":21.68,"voltageKV":0.24,"phase":"C","phases":1,"conductor":"1/0 AL triplex","feeder":"F1-02","feederId":"F1-02","designRole":"service","designKVA":1.86}},{"type":"Feature","id":"electric-E531","geometry":{"type":"LineString","coordinates":[[-80.5996202,43.301071],[-80.5995421,43.3010106]]},"properties":{"kind":"service","tier":"service","placement":"overhead","from":"electric-TX-00068","to":"electric-N-P-00235","lengthM":9.24,"voltageKV":0.24,"phase":"C","phases":1,"conductor":"1/0 AL triplex","feeder":"F1-02","feederId":"F1-02","designRole":"service","designKVA":5.86}},{"type":"Feature","id":"electric-E532","geometry":{"type":"LineString","coordinates":[[-80.5996202,43.301071],[-80.5999193,43.3008899]]},"properties":{"kind":"service","tier":"service","placement":"overhead","from":"electric-TX-00068","to":"electric-N-P-00248","lengthM":31.52,"voltageKV":0.24,"phase":"C","phases":1,"conductor":"1/0 AL triplex","feeder":"F1-02","feederId":"F1-02","designRole":"service","designKVA":5.23}},{"type":"Feature","id":"electric-E534","geometry":{"type":"LineString","coordinates":[[-80.5991925,43.3007032],[-80.5992401,43.3006044]]},"properties":{"kind":"service","tier":"service","placement":"overhead","from":"electric-TX-00069","to":"electric-N-P-00251","lengthM":11.66,"voltageKV":0.24,"phase":"A","phases":1,"conductor":"1/0 AL triplex","feeder":"F1-02","feederId":"F1-02","designRole":"service","designKVA":4.27}},{"type":"Feature","id":"electric-E535","geometry":{"type":"LineString","coordinates":[[-80.5991925,43.3007032],[-80.5992647,43.3008681]]},"properties":{"kind":"service","tier":"service","placement":"overhead","from":"electric-TX-00069","to":"electric-N-P-00249","lengthM":19.26,"voltageKV":0.24,"phase":"A","phases":1,"conductor":"1/0 AL triplex","feeder":"F1-02","feederId":"F1-02","designRole":"service","designKVA":4.73}},{"type":"Feature","id":"electric-E536","geometry":{"type":"LineString","coordinates":[[-80.5991925,43.3007032],[-80.5989985,43.3006416]]},"properties":{"kind":"service","tier":"service","placement":"overhead","from":"electric-TX-00069","to":"electric-N-P-00252","lengthM":17.15,"voltageKV":0.24,"phase":"A","phases":1,"conductor":"1/0 AL triplex","feeder":"F1-02","feederId":"F1-02","designRole":"service","designKVA":4.9}},{"type":"Feature","id":"electric-E537","geometry":{"type":"LineString","coordinates":[[-80.5991925,43.3007032],[-80.5990265,43.3008999]]},"properties":{"kind":"service","tier":"service","placement":"overhead","from":"electric-TX-00069","to":"electric-N-P-00250","lengthM":25.7,"voltageKV":0.24,"phase":"A","phases":1,"conductor":"1/0 AL triplex","feeder":"F1-02","feederId":"F1-02","designRole":"service","designKVA":0.97}},{"type":"Feature","id":"electric-E539","geometry":{"type":"LineString","coordinates":[[-80.5997091,43.2987855],[-80.5997936,43.2989877]]},"properties":{"kind":"service","tier":"service","placement":"overhead","from":"electric-TX-00070","to":"electric-N-P-00266","lengthM":23.53,"voltageKV":0.24,"phase":"C","phases":1,"conductor":"1/0 AL triplex","feeder":"F1-02","feederId":"F1-02","designRole":"service","designKVA":1.14}},{"type":"Feature","id":"electric-E540","geometry":{"type":"LineString","coordinates":[[-80.5997091,43.2987855],[-80.5997936,43.2988487]]},"properties":{"kind":"service","tier":"service","placement":"overhead","from":"electric-TX-00070","to":"electric-N-P-00267","lengthM":9.82,"voltageKV":0.24,"phase":"C","phases":1,"conductor":"1/0 AL triplex","feeder":"F1-02","feederId":"F1-02","designRole":"service","designKVA":5.31}},{"type":"Feature","id":"electric-E541","geometry":{"type":"LineString","coordinates":[[-80.5997091,43.2987855],[-80.5994386,43.2988166]]},"properties":{"kind":"service","tier":"service","placement":"overhead","from":"electric-TX-00070","to":"electric-N-P-00253","lengthM":22.18,"voltageKV":0.24,"phase":"C","phases":1,"conductor":"1/0 AL triplex","feeder":"F1-02","feederId":"F1-02","designRole":"service","designKVA":4.53}},{"type":"Feature","id":"electric-E542","geometry":{"type":"LineString","coordinates":[[-80.5997091,43.2987855],[-80.5998148,43.2986959]]},"properties":{"kind":"service","tier":"service","placement":"overhead","from":"electric-TX-00070","to":"electric-N-P-00268","lengthM":13.15,"voltageKV":0.24,"phase":"C","phases":1,"conductor":"1/0 AL triplex","feeder":"F1-02","feederId":"F1-02","designRole":"service","designKVA":0.94}},{"type":"Feature","id":"electric-E543","geometry":{"type":"LineString","coordinates":[[-80.5997091,43.2987855],[-80.5994364,43.298643]]},"properties":{"kind":"service","tier":"service","placement":"overhead","from":"electric-TX-00070","to":"electric-N-P-00254","lengthM":27.2,"voltageKV":0.24,"phase":"C","phases":1,"conductor":"1/0 AL triplex","feeder":"F1-02","feederId":"F1-02","designRole":"service","designKVA":5.9}},{"type":"Feature","id":"electric-E544","geometry":{"type":"LineString","coordinates":[[-80.5997091,43.2987855],[-80.5997963,43.2985114]]},"properties":{"kind":"service","tier":"service","placement":"overhead","from":"electric-TX-00070","to":"electric-N-P-00269","lengthM":31.31,"voltageKV":0.24,"phase":"C","phases":1,"conductor":"1/0 AL triplex","feeder":"F1-02","feederId":"F1-02","designRole":"service","designKVA":10.92}},{"type":"Feature","id":"electric-E546","geometry":{"type":"LineString","coordinates":[[-80.599704,43.298335],[-80.5994547,43.298508]]},"properties":{"kind":"service","tier":"service","placement":"overhead","from":"electric-TX-00071","to":"electric-N-P-00255","lengthM":27.91,"voltageKV":0.24,"phase":"C","phases":1,"conductor":"1/0 AL triplex","feeder":"F1-02","feederId":"F1-02","designRole":"service","designKVA":5.22}},{"type":"Feature","id":"electric-E547","geometry":{"type":"LineString","coordinates":[[-80.599704,43.298335],[-80.5998097,43.2983763]]},"properties":{"kind":"service","tier":"service","placement":"overhead","from":"electric-TX-00071","to":"electric-N-P-00270","lengthM":9.72,"voltageKV":0.24,"phase":"C","phases":1,"conductor":"1/0 AL triplex","feeder":"F1-02","feederId":"F1-02","designRole":"service","designKVA":4.27}},{"type":"Feature","id":"electric-E548","geometry":{"type":"LineString","coordinates":[[-80.599704,43.298335],[-80.5994176,43.2983652]]},"properties":{"kind":"service","tier":"service","placement":"overhead","from":"electric-TX-00071","to":"electric-N-P-00256","lengthM":23.44,"voltageKV":0.24,"phase":"C","phases":1,"conductor":"1/0 AL triplex","feeder":"F1-02","feederId":"F1-02","designRole":"service","designKVA":4.4}},{"type":"Feature","id":"electric-E549","geometry":{"type":"LineString","coordinates":[[-80.599704,43.298335],[-80.599822,43.298223]]},"properties":{"kind":"service","tier":"service","placement":"overhead","from":"electric-TX-00071","to":"electric-N-P-00271","lengthM":15.71,"voltageKV":0.24,"phase":"C","phases":1,"conductor":"1/0 AL triplex","feeder":"F1-02","feederId":"F1-02","designRole":"service","designKVA":5.2}},{"type":"Feature","id":"electric-E550","geometry":{"type":"LineString","coordinates":[[-80.599704,43.298335],[-80.5994244,43.2982329]]},"properties":{"kind":"service","tier":"service","placement":"overhead","from":"electric-TX-00071","to":"electric-N-P-00257","lengthM":25.35,"voltageKV":0.24,"phase":"C","phases":1,"conductor":"1/0 AL triplex","feeder":"F1-02","feederId":"F1-02","designRole":"service","designKVA":4.5}},{"type":"Feature","id":"electric-E551","geometry":{"type":"LineString","coordinates":[[-80.599704,43.298335],[-80.5993981,43.2980835]]},"properties":{"kind":"service","tier":"service","placement":"overhead","from":"electric-TX-00071","to":"electric-N-P-00258","lengthM":37.39,"voltageKV":0.24,"phase":"C","phases":1,"conductor":"1/0 AL triplex","feeder":"F1-02","feederId":"F1-02","designRole":"service","designKVA":4.59}},{"type":"Feature","id":"electric-E553","geometry":{"type":"LineString","coordinates":[[-80.5996265,43.2975875],[-80.5993894,43.297916]]},"properties":{"kind":"service","tier":"service","placement":"overhead","from":"electric-TX-00072","to":"electric-N-P-00259","lengthM":41.3,"voltageKV":0.24,"phase":"C","phases":1,"conductor":"1/0 AL triplex","feeder":"F1-02","feederId":"F1-02","designRole":"service","designKVA":4.47}},{"type":"Feature","id":"electric-E554","geometry":{"type":"LineString","coordinates":[[-80.5996265,43.2975875],[-80.5993667,43.2977756]]},"properties":{"kind":"service","tier":"service","placement":"overhead","from":"electric-TX-00072","to":"electric-N-P-00260","lengthM":29.69,"voltageKV":0.24,"phase":"C","phases":1,"conductor":"1/0 AL triplex","feeder":"F1-02","feederId":"F1-02","designRole":"service","designKVA":1.11}},{"type":"Feature","id":"electric-E555","geometry":{"type":"LineString","coordinates":[[-80.5996265,43.2975875],[-80.5993583,43.2976352]]},"properties":{"kind":"service","tier":"service","placement":"overhead","from":"electric-TX-00072","to":"electric-N-P-00261","lengthM":22.37,"voltageKV":0.24,"phase":"C","phases":1,"conductor":"1/0 AL triplex","feeder":"F1-02","feederId":"F1-02","designRole":"service","designKVA":5.64}},{"type":"Feature","id":"electric-E556","geometry":{"type":"LineString","coordinates":[[-80.5996265,43.2975875],[-80.5997368,43.2974794]]},"properties":{"kind":"service","tier":"service","placement":"overhead","from":"electric-TX-00072","to":"electric-N-P-00272","lengthM":14.99,"voltageKV":0.24,"phase":"C","phases":1,"conductor":"1/0 AL triplex","feeder":"F1-02","feederId":"F1-02","designRole":"service","designKVA":9.27}},{"type":"Feature","id":"electric-E557","geometry":{"type":"LineString","coordinates":[[-80.5996265,43.2975875],[-80.599321,43.2974899]]},"properties":{"kind":"service","tier":"service","placement":"overhead","from":"electric-TX-00072","to":"electric-N-P-00262","lengthM":27.04,"voltageKV":0.24,"phase":"C","phases":1,"conductor":"1/0 AL triplex","feeder":"F1-02","feederId":"F1-02","designRole":"service","designKVA":4.42}},{"type":"Feature","id":"electric-E558","geometry":{"type":"LineString","coordinates":[[-80.5996265,43.2975875],[-80.5996983,43.2973414]]},"properties":{"kind":"service","tier":"service","placement":"overhead","from":"electric-TX-00072","to":"electric-N-P-00273","lengthM":28.01,"voltageKV":0.24,"phase":"C","phases":1,"conductor":"1/0 AL triplex","feeder":"F1-02","feederId":"F1-02","designRole":"service","designKVA":0.83}},{"type":"Feature","id":"electric-E560","geometry":{"type":"LineString","coordinates":[[-80.5995919,43.297345],[-80.5993128,43.2973315]]},"properties":{"kind":"service","tier":"service","placement":"overhead","from":"electric-TX-00073","to":"electric-N-P-00263","lengthM":22.66,"voltageKV":0.24,"phase":"C","phases":1,"conductor":"1/0 AL triplex","feeder":"F1-02","feederId":"F1-02","designRole":"service","designKVA":4.44}},{"type":"Feature","id":"electric-E562","geometry":{"type":"LineString","coordinates":[[-80.5995577,43.2969915],[-80.5996023,43.2972269],[-80.5996922,43.2971853]]},"properties":{"kind":"service","tier":"service","placement":"underground","from":"electric-TX-00074","to":"electric-N-P-00274","lengthM":35.08,"voltageKV":0.24,"phase":"C","phases":1,"conductor":"4/0 AL URD triplex","feeder":"F1-02","feederId":"F1-02","designRole":"service","designKVA":0.88}},{"type":"Feature","id":"electric-E563","geometry":{"type":"LineString","coordinates":[[-80.5995577,43.2969915],[-80.5993767,43.2972116],[-80.5993063,43.2971813]]},"properties":{"kind":"service","tier":"service","placement":"underground","from":"electric-TX-00074","to":"electric-N-P-00264","lengthM":35.18,"voltageKV":0.24,"phase":"C","phases":1,"conductor":"4/0 AL URD triplex","feeder":"F1-02","feederId":"F1-02","designRole":"service","designKVA":5.37}},{"type":"Feature","id":"electric-E564","geometry":{"type":"LineString","coordinates":[[-80.5995577,43.2969915],[-80.5995808,43.2970715],[-80.5996547,43.2970286]]},"properties":{"kind":"service","tier":"service","placement":"underground","from":"electric-TX-00074","to":"electric-N-P-00275","lengthM":16.76,"voltageKV":0.24,"phase":"C","phases":1,"conductor":"4/0 AL URD triplex","feeder":"F1-02","feederId":"F1-02","designRole":"service","designKVA":2.35}},{"type":"Feature","id":"electric-E565","geometry":{"type":"LineString","coordinates":[[-80.5995577,43.2969915],[-80.5993567,43.2970645],[-80.5992663,43.2970161]]},"properties":{"kind":"service","tier":"service","placement":"underground","from":"electric-TX-00074","to":"electric-N-P-00265","lengthM":27.3,"voltageKV":0.24,"phase":"C","phases":1,"conductor":"4/0 AL URD triplex","feeder":"F1-02","feederId":"F1-02","designRole":"service","designKVA":17.16}},{"type":"Feature","id":"electric-E566","geometry":{"type":"LineString","coordinates":[[-80.5995577,43.2969915],[-80.5995627,43.2969318],[-80.5996405,43.296911]]},"properties":{"kind":"service","tier":"service","placement":"underground","from":"electric-TX-00074","to":"electric-N-P-00276","lengthM":13.37,"voltageKV":0.24,"phase":"C","phases":1,"conductor":"4/0 AL URD triplex","feeder":"F1-02","feederId":"F1-02","designRole":"service","designKVA":5.38}},{"type":"Feature","id":"electric-E567","geometry":{"type":"LineString","coordinates":[[-80.5995577,43.2969915],[-80.5995454,43.2967828],[-80.5996115,43.29676]]},"properties":{"kind":"service","tier":"service","placement":"underground","from":"electric-TX-00074","to":"electric-N-P-00277","lengthM":29.18,"voltageKV":0.24,"phase":"C","phases":1,"conductor":"4/0 AL URD triplex","feeder":"F1-02","feederId":"F1-02","designRole":"service","designKVA":4.7}},{"type":"Feature","id":"electric-E568","geometry":{"type":"LineString","coordinates":[[-80.5995577,43.2969915],[-80.5995303,43.2966292],[-80.5996755,43.2966046]]},"properties":{"kind":"service","tier":"service","placement":"underground","from":"electric-TX-00074","to":"electric-N-P-00278","lengthM":52.47,"voltageKV":0.24,"phase":"C","phases":1,"conductor":"4/0 AL URD triplex","feeder":"F1-02","feederId":"F1-02","designRole":"service","designKVA":3.89}},{"type":"Feature","id":"electric-E569","geometry":{"type":"LineString","coordinates":[[-80.5995577,43.2969915],[-80.5995191,43.2964781],[-80.5995844,43.2964253]]},"properties":{"kind":"service","tier":"service","placement":"underground","from":"electric-TX-00074","to":"electric-N-P-00279","lengthM":65.15,"voltageKV":0.24,"phase":"C","phases":1,"conductor":"4/0 AL URD triplex","feeder":"F1-02","feederId":"F1-02","designRole":"service","designKVA":2.4}},{"type":"Feature","id":"electric-E571","geometry":{"type":"LineString","coordinates":[[-80.5994986,43.2963333],[-80.5995116,43.2963331],[-80.599584,43.2962996]]},"properties":{"kind":"service","tier":"service","placement":"underground","from":"electric-TX-00075","to":"electric-N-P-00280","lengthM":8.0,"voltageKV":0.24,"phase":"C","phases":1,"conductor":"4/0 AL URD triplex","feeder":"F1-02","feederId":"F1-02","designRole":"service","designKVA":10.86}},{"type":"Feature","id":"electric-E573","geometry":{"type":"LineString","coordinates":[[-80.5987618,43.3002661],[-80.598662,43.3005874]]},"properties":{"kind":"service","tier":"service","placement":"overhead","from":"electric-TX-00076","to":"electric-N-P-00281","lengthM":36.67,"voltageKV":0.24,"phase":"A","phases":1,"conductor":"1/0 AL triplex","feeder":"F1-02","feederId":"F1-02","designRole":"service","designKVA":5.45}},{"type":"Feature","id":"electric-E574","geometry":{"type":"LineString","coordinates":[[-80.5987618,43.3002661],[-80.5986701,43.300454]]},"properties":{"kind":"service","tier":"service","placement":"overhead","from":"electric-TX-00076","to":"electric-N-P-00282","lengthM":22.2,"voltageKV":0.24,"phase":"A","phases":1,"conductor":"1/0 AL triplex","feeder":"F1-02","feederId":"F1-02","designRole":"service","designKVA":5.47}},{"type":"Feature","id":"electric-E575","geometry":{"type":"LineString","coordinates":[[-80.5987618,43.3002661],[-80.5986572,43.3003158]]},"properties":{"kind":"service","tier":"service","placement":"overhead","from":"electric-TX-00076","to":"electric-N-P-00283","lengthM":10.12,"voltageKV":0.24,"phase":"A","phases":1,"conductor":"1/0 AL triplex","feeder":"F1-02","feederId":"F1-02","designRole":"service","designKVA":1.8}},{"type":"Feature","id":"electric-E576","geometry":{"type":"LineString","coordinates":[[-80.5987618,43.3002661],[-80.5986559,43.3001634]]},"properties":{"kind":"service","tier":"service","placement":"overhead","from":"electric-TX-00076","to":"electric-N-P-00284","lengthM":14.29,"voltageKV":0.24,"phase":"A","phases":1,"conductor":"1/0 AL triplex","feeder":"F1-02","feederId":"F1-02","designRole":"service","designKVA":0.91}},{"type":"Feature","id":"electric-E577","geometry":{"type":"LineString","coordinates":[[-80.5987618,43.3002661],[-80.5990229,43.3001371]]},"properties":{"kind":"service","tier":"service","placement":"overhead","from":"electric-TX-00076","to":"electric-N-P-00288","lengthM":25.56,"voltageKV":0.24,"phase":"A","phases":1,"conductor":"1/0 AL triplex","feeder":"F1-02","feederId":"F1-02","designRole":"service","designKVA":4.55}},{"type":"Feature","id":"electric-E578","geometry":{"type":"LineString","coordinates":[[-80.5987618,43.3002661],[-80.598636,43.3000269]]},"properties":{"kind":"service","tier":"service","placement":"overhead","from":"electric-TX-00076","to":"electric-N-P-00285","lengthM":28.51,"voltageKV":0.24,"phase":"A","phases":1,"conductor":"1/0 AL triplex","feeder":"F1-02","feederId":"F1-02","designRole":"service","designKVA":4.46}},{"type":"Feature","id":"electric-E580","geometry":{"type":"LineString","coordinates":[[-80.5987275,43.2999118],[-80.598994,43.2999871]]},"properties":{"kind":"service","tier":"service","placement":"overhead","from":"electric-TX-00077","to":"electric-N-P-00289","lengthM":23.15,"voltageKV":0.24,"phase":"A","phases":1,"conductor":"1/0 AL triplex","feeder":"F1-02","feederId":"F1-02","designRole":"service","designKVA":5.39}},{"type":"Feature","id":"electric-E581","geometry":{"type":"LineString","coordinates":[[-80.5987275,43.2999118],[-80.5986393,43.2998972]]},"properties":{"kind":"service","tier":"service","placement":"overhead","from":"electric-TX-00077","to":"electric-N-P-00286","lengthM":7.33,"voltageKV":0.24,"phase":"A","phases":1,"conductor":"1/0 AL triplex","feeder":"F1-02","feederId":"F1-02","designRole":"service","designKVA":5.21}},{"type":"Feature","id":"electric-E582","geometry":{"type":"LineString","coordinates":[[-80.5987275,43.2999118],[-80.5989956,43.2998635]]},"properties":{"kind":"service","tier":"service","placement":"overhead","from":"electric-TX-00077","to":"electric-N-P-00290","lengthM":22.37,"voltageKV":0.24,"phase":"A","phases":1,"conductor":"1/0 AL triplex","feeder":"F1-02","feederId":"F1-02","designRole":"service","designKVA":5.46}},{"type":"Feature","id":"electric-E583","geometry":{"type":"LineString","coordinates":[[-80.5987275,43.2999118],[-80.5986561,43.2997553]]},"properties":{"kind":"service","tier":"service","placement":"overhead","from":"electric-TX-00077","to":"electric-N-P-00287","lengthM":18.36,"voltageKV":0.24,"phase":"A","phases":1,"conductor":"1/0 AL triplex","feeder":"F1-02","feederId":"F1-02","designRole":"service","designKVA":0.85}},{"type":"Feature","id":"electric-E585","geometry":{"type":"LineString","coordinates":[[-80.598707,43.3012122],[-80.5986457,43.3009396]]},"properties":{"kind":"service","tier":"service","placement":"overhead","from":"electric-TX-00078","to":"electric-N-P-00305","lengthM":30.74,"voltageKV":0.24,"phase":"A","phases":1,"conductor":"1/0 AL triplex","feeder":"F1-02","feederId":"F1-02","designRole":"service","designKVA":1.71}},{"type":"Feature","id":"electric-E586","geometry":{"type":"LineString","coordinates":[[-80.598707,43.3012122],[-80.5986159,43.3011094]]},"properties":{"kind":"service","tier":"service","placement":"overhead","from":"electric-TX-00078","to":"electric-N-P-00306","lengthM":13.61,"voltageKV":0.24,"phase":"A","phases":1,"conductor":"1/0 AL triplex","feeder":"F1-02","feederId":"F1-02","designRole":"service","designKVA":6.06}},{"type":"Feature","id":"electric-E587","geometry":{"type":"LineString","coordinates":[[-80.598707,43.3012122],[-80.5989632,43.3012551]]},"properties":{"kind":"service","tier":"service","placement":"overhead","from":"electric-TX-00078","to":"electric-N-P-00291","lengthM":21.3,"voltageKV":0.24,"phase":"A","phases":1,"conductor":"1/0 AL triplex","feeder":"F1-02","feederId":"F1-02","designRole":"service","designKVA":1.72}},{"type":"Feature","id":"electric-E588","geometry":{"type":"LineString","coordinates":[[-80.598707,43.3012122],[-80.5985815,43.3012382]]},"properties":{"kind":"service","tier":"service","placement":"overhead","from":"electric-TX-00078","to":"electric-N-P-00307","lengthM":10.58,"voltageKV":0.24,"phase":"A","phases":1,"conductor":"1/0 AL triplex","feeder":"F1-02","feederId":"F1-02","designRole":"service","designKVA":4.51}},{"type":"Feature","id":"electric-E589","geometry":{"type":"LineString","coordinates":[[-80.598707,43.3012122],[-80.5989388,43.3014216]]},"properties":{"kind":"service","tier":"service","placement":"overhead","from":"electric-TX-00078","to":"electric-N-P-00292","lengthM":29.94,"voltageKV":0.24,"phase":"A","phases":1,"conductor":"1/0 AL triplex","feeder":"F1-02","feederId":"F1-02","designRole":"service","designKVA":0.98}},{"type":"Feature","id":"electric-E590","geometry":{"type":"LineString","coordinates":[[-80.598707,43.3012122],[-80.5985512,43.3014046]]},"properties":{"kind":"service","tier":"service","placement":"overhead","from":"electric-TX-00078","to":"electric-N-P-00308","lengthM":24.86,"voltageKV":0.24,"phase":"A","phases":1,"conductor":"1/0 AL triplex","feeder":"F1-02","feederId":"F1-02","designRole":"service","designKVA":4.54}},{"type":"Feature","id":"electric-E592","geometry":{"type":"LineString","coordinates":[[-80.5986235,43.3016509],[-80.5989373,43.3015602]]},"properties":{"kind":"service","tier":"service","placement":"overhead","from":"electric-TX-00079","to":"electric-N-P-00293","lengthM":27.36,"voltageKV":0.24,"phase":"A","phases":1,"conductor":"1/0 AL triplex","feeder":"F1-02","feederId":"F1-02","designRole":"service","designKVA":4.36}},{"type":"Feature","id":"electric-E593","geometry":{"type":"LineString","coordinates":[[-80.5986235,43.3016509],[-80.5985358,43.3015548]]},"properties":{"kind":"service","tier":"service","placement":"overhead","from":"electric-TX-00079","to":"electric-N-P-00309","lengthM":12.84,"voltageKV":0.24,"phase":"A","phases":1,"conductor":"1/0 AL triplex","feeder":"F1-02","feederId":"F1-02","designRole":"service","designKVA":4.38}},{"type":"Feature","id":"electric-E594","geometry":{"type":"LineString","coordinates":[[-80.5986235,43.3016509],[-80.5988901,43.3016915]]},"properties":{"kind":"service","tier":"service","placement":"overhead","from":"electric-TX-00079","to":"electric-N-P-00294","lengthM":22.07,"voltageKV":0.24,"phase":"A","phases":1,"conductor":"1/0 AL triplex","feeder":"F1-02","feederId":"F1-02","designRole":"service","designKVA":8.34}},{"type":"Feature","id":"electric-E595","geometry":{"type":"LineString","coordinates":[[-80.5986235,43.3016509],[-80.5984917,43.3016802]]},"properties":{"kind":"service","tier":"service","placement":"overhead","from":"electric-TX-00079","to":"electric-N-P-00310","lengthM":11.16,"voltageKV":0.24,"phase":"A","phases":1,"conductor":"1/0 AL triplex","feeder":"F1-02","feederId":"F1-02","designRole":"service","designKVA":12.65}},{"type":"Feature","id":"electric-E596","geometry":{"type":"LineString","coordinates":[[-80.5986235,43.3016509],[-80.5988567,43.3018461]]},"properties":{"kind":"service","tier":"service","placement":"overhead","from":"electric-TX-00079","to":"electric-N-P-00295","lengthM":28.8,"voltageKV":0.24,"phase":"A","phases":1,"conductor":"1/0 AL triplex","feeder":"F1-02","feederId":"F1-02","designRole":"service","designKVA":9.43}},{"type":"Feature","id":"electric-E597","geometry":{"type":"LineString","coordinates":[[-80.5986235,43.3016509],[-80.5984747,43.3018262]]},"properties":{"kind":"service","tier":"service","placement":"overhead","from":"electric-TX-00079","to":"electric-N-P-00311","lengthM":22.94,"voltageKV":0.24,"phase":"A","phases":1,"conductor":"1/0 AL triplex","feeder":"F1-02","feederId":"F1-02","designRole":"service","designKVA":5.61}},{"type":"Feature","id":"electric-E599","geometry":{"type":"LineString","coordinates":[[-80.5985254,43.302103],[-80.5988285,43.3020121]]},"properties":{"kind":"service","tier":"service","placement":"overhead","from":"electric-TX-00080","to":"electric-N-P-00296","lengthM":26.56,"voltageKV":0.24,"phase":"A","phases":1,"conductor":"1/0 AL triplex","feeder":"F1-02","feederId":"F1-02","designRole":"service","designKVA":4.39}},{"type":"Feature","id":"electric-E600","geometry":{"type":"LineString","coordinates":[[-80.5985254,43.302103],[-80.5984328,43.302019]]},"properties":{"kind":"service","tier":"service","placement":"overhead","from":"electric-TX-00080","to":"electric-N-P-00312","lengthM":11.99,"voltageKV":0.24,"phase":"A","phases":1,"conductor":"1/0 AL triplex","feeder":"F1-02","feederId":"F1-02","designRole":"service","designKVA":4.79}},{"type":"Feature","id":"electric-E601","geometry":{"type":"LineString","coordinates":[[-80.5985254,43.302103],[-80.5988003,43.3021543]]},"properties":{"kind":"service","tier":"service","placement":"overhead","from":"electric-TX-00080","to":"electric-N-P-00297","lengthM":22.99,"voltageKV":0.24,"phase":"A","phases":1,"conductor":"1/0 AL triplex","feeder":"F1-02","feederId":"F1-02","designRole":"service","designKVA":0.92}},{"type":"Feature","id":"electric-E602","geometry":{"type":"LineString","coordinates":[[-80.5985254,43.302103],[-80.5984123,43.3021404]]},"properties":{"kind":"service","tier":"service","placement":"overhead","from":"electric-TX-00080","to":"electric-N-P-00313","lengthM":10.06,"voltageKV":0.24,"phase":"A","phases":1,"conductor":"1/0 AL triplex","feeder":"F1-02","feederId":"F1-02","designRole":"service","designKVA":4.33}},{"type":"Feature","id":"electric-E603","geometry":{"type":"LineString","coordinates":[[-80.5985254,43.302103],[-80.59876,43.3022936]]},"properties":{"kind":"service","tier":"service","placement":"overhead","from":"electric-TX-00080","to":"electric-N-P-00298","lengthM":28.48,"voltageKV":0.24,"phase":"A","phases":1,"conductor":"1/0 AL triplex","feeder":"F1-02","feederId":"F1-02","designRole":"service","designKVA":9.39}},{"type":"Feature","id":"electric-E604","geometry":{"type":"LineString","coordinates":[[-80.5985254,43.302103],[-80.5983849,43.3022702]]},"properties":{"kind":"service","tier":"service","placement":"overhead","from":"electric-TX-00080","to":"electric-N-P-00314","lengthM":21.82,"voltageKV":0.24,"phase":"A","phases":1,"conductor":"1/0 AL triplex","feeder":"F1-02","feederId":"F1-02","designRole":"service","designKVA":1.6}},{"type":"Feature","id":"electric-E606","geometry":{"type":"LineString","coordinates":[[-80.5984628,43.302421],[-80.5987351,43.3024488]]},"properties":{"kind":"service","tier":"service","placement":"overhead","from":"electric-TX-00081","to":"electric-N-P-00299","lengthM":22.28,"voltageKV":0.24,"phase":"A","phases":1,"conductor":"1/0 AL triplex","feeder":"F1-02","feederId":"F1-02","designRole":"service","designKVA":11.53}},{"type":"Feature","id":"electric-E607","geometry":{"type":"LineString","coordinates":[[-80.5984628,43.302421],[-80.5983349,43.3024619]]},"properties":{"kind":"service","tier":"service","placement":"overhead","from":"electric-TX-00081","to":"electric-N-P-00315","lengthM":11.32,"voltageKV":0.24,"phase":"A","phases":1,"conductor":"1/0 AL triplex","feeder":"F1-02","feederId":"F1-02","designRole":"service","designKVA":4.4}},{"type":"Feature","id":"electric-E608","geometry":{"type":"LineString","coordinates":[[-80.5984628,43.302421],[-80.5987309,43.3025971]]},"properties":{"kind":"service","tier":"service","placement":"overhead","from":"electric-TX-00081","to":"electric-N-P-00300","lengthM":29.26,"voltageKV":0.24,"phase":"A","phases":1,"conductor":"1/0 AL triplex","feeder":"F1-02","feederId":"F1-02","designRole":"service","designKVA":4.49}},{"type":"Feature","id":"electric-E610","geometry":{"type":"LineString","coordinates":[[-80.5985833,43.3028626],[-80.5984119,43.3025623],[-80.5983291,43.3026028]]},"properties":{"kind":"service","tier":"service","placement":"underground","from":"electric-TX-00082","to":"electric-N-P-00316","lengthM":44.28,"voltageKV":0.24,"phase":"A","phases":1,"conductor":"4/0 AL URD triplex","feeder":"F1-02","feederId":"F1-02","designRole":"service","designKVA":5.38}},{"type":"Feature","id":"electric-E611","geometry":{"type":"LineString","coordinates":[[-80.5985833,43.3028626],[-80.5986146,43.3027093],[-80.5986827,43.3027478]]},"properties":{"kind":"service","tier":"service","placement":"underground","from":"electric-TX-00082","to":"electric-N-P-00301","lengthM":24.25,"voltageKV":0.24,"phase":"A","phases":1,"conductor":"4/0 AL URD triplex","feeder":"F1-02","feederId":"F1-02","designRole":"service","designKVA":6.04}},{"type":"Feature","id":"electric-E612","geometry":{"type":"LineString","coordinates":[[-80.5985833,43.3028626],[-80.5983915,43.3027087],[-80.5983167,43.302731]]},"properties":{"kind":"service","tier":"service","placement":"underground","from":"electric-TX-00082","to":"electric-N-P-00317","lengthM":29.67,"voltageKV":0.24,"phase":"A","phases":1,"conductor":"4/0 AL URD triplex","feeder":"F1-02","feederId":"F1-02","designRole":"service","designKVA":5.88}},{"type":"Feature","id":"electric-E613","geometry":{"type":"LineString","coordinates":[[-80.5985833,43.3028626],[-80.5985969,43.3028634],[-80.5986781,43.3029073]]},"properties":{"kind":"service","tier":"service","placement":"underground","from":"electric-TX-00082","to":"electric-N-P-00302","lengthM":9.3,"voltageKV":0.24,"phase":"A","phases":1,"conductor":"4/0 AL URD triplex","feeder":"F1-02","feederId":"F1-02","designRole":"service","designKVA":10.74}},{"type":"Feature","id":"electric-E614","geometry":{"type":"LineString","coordinates":[[-80.5985833,43.3028626],[-80.598374,43.3028648],[-80.5982855,43.302917]]},"properties":{"kind":"service","tier":"service","placement":"underground","from":"electric-TX-00082","to":"electric-N-P-00318","lengthM":26.2,"voltageKV":0.24,"phase":"A","phases":1,"conductor":"4/0 AL URD triplex","feeder":"F1-02","feederId":"F1-02","designRole":"service","designKVA":6.0}},{"type":"Feature","id":"electric-E615","geometry":{"type":"LineString","coordinates":[[-80.5985833,43.3028626],[-80.5985842,43.3030171],[-80.5986639,43.3030616]]},"properties":{"kind":"service","tier":"service","placement":"underground","from":"electric-TX-00082","to":"electric-N-P-00303","lengthM":25.33,"voltageKV":0.24,"phase":"A","phases":1,"conductor":"4/0 AL URD triplex","feeder":"F1-02","feederId":"F1-02","designRole":"service","designKVA":6.13}},{"type":"Feature","id":"electric-E616","geometry":{"type":"LineString","coordinates":[[-80.5985833,43.3028626],[-80.598577,43.3031647],[-80.5986443,43.3031789]]},"properties":{"kind":"service","tier":"service","placement":"underground","from":"electric-TX-00082","to":"electric-N-P-00304","lengthM":39.31,"voltageKV":0.24,"phase":"A","phases":1,"conductor":"4/0 AL URD triplex","feeder":"F1-02","feederId":"F1-02","designRole":"service","designKVA":5.53}},{"type":"Feature","id":"electric-E618","geometry":{"type":"LineString","coordinates":[[-80.5986402,43.2991067],[-80.5987315,43.2992453]]},"properties":{"kind":"service","tier":"service","placement":"overhead","from":"electric-TX-00083","to":"electric-N-P-00336","lengthM":17.12,"voltageKV":0.24,"phase":"B","phases":1,"conductor":"1/0 AL triplex","feeder":"F1-02","feederId":"F1-02","designRole":"service","designKVA":6.14}},{"type":"Feature","id":"electric-E619","geometry":{"type":"LineString","coordinates":[[-80.5986402,43.2991067],[-80.5983707,43.2992391]]},"properties":{"kind":"service","tier":"service","placement":"overhead","from":"electric-TX-00083","to":"electric-N-P-00319","lengthM":26.34,"voltageKV":0.24,"phase":"B","phases":1,"conductor":"1/0 AL triplex","feeder":"F1-02","feederId":"F1-02","designRole":"service","designKVA":5.55}},{"type":"Feature","id":"electric-E620","geometry":{"type":"LineString","coordinates":[[-80.5986402,43.2991067],[-80.598745,43.2990728]]},"properties":{"kind":"service","tier":"service","placement":"overhead","from":"electric-TX-00083","to":"electric-N-P-00337","lengthM":9.3,"voltageKV":0.24,"phase":"B","phases":1,"conductor":"1/0 AL triplex","feeder":"F1-02","feederId":"F1-02","designRole":"service","designKVA":2.22}},{"type":"Feature","id":"electric-E621","geometry":{"type":"LineString","coordinates":[[-80.5986402,43.2991067],[-80.5983764,43.2990671]]},"properties":{"kind":"service","tier":"service","placement":"overhead","from":"electric-TX-00083","to":"electric-N-P-00320","lengthM":21.82,"voltageKV":0.24,"phase":"B","phases":1,"conductor":"1/0 AL triplex","feeder":"F1-02","feederId":"F1-02","designRole":"service","designKVA":9.55}},{"type":"Feature","id":"electric-E622","geometry":{"type":"LineString","coordinates":[[-80.5986402,43.2991067],[-80.5987339,43.2989101]]},"properties":{"kind":"service","tier":"service","placement":"overhead","from":"electric-TX-00083","to":"electric-N-P-00338","lengthM":23.16,"voltageKV":0.24,"phase":"B","phases":1,"conductor":"1/0 AL triplex","feeder":"F1-02","feederId":"F1-02","designRole":"service","designKVA":2.44}},{"type":"Feature","id":"electric-E623","geometry":{"type":"LineString","coordinates":[[-80.5986402,43.2991067],[-80.5983401,43.2989079]]},"properties":{"kind":"service","tier":"service","placement":"overhead","from":"electric-TX-00083","to":"electric-N-P-00321","lengthM":32.87,"voltageKV":0.24,"phase":"B","phases":1,"conductor":"1/0 AL triplex","feeder":"F1-02","feederId":"F1-02","designRole":"service","designKVA":6.92}},{"type":"Feature","id":"electric-E625","geometry":{"type":"LineString","coordinates":[[-80.598599,43.2986067],[-80.5987132,43.2987316]]},"properties":{"kind":"service","tier":"service","placement":"overhead","from":"electric-TX-00084","to":"electric-N-P-00339","lengthM":16.71,"voltageKV":0.24,"phase":"B","phases":1,"conductor":"1/0 AL triplex","feeder":"F1-02","feederId":"F1-02","designRole":"service","designKVA":5.54}},{"type":"Feature","id":"electric-E626","geometry":{"type":"LineString","coordinates":[[-80.598599,43.2986067],[-80.5983268,43.2987378]]},"properties":{"kind":"service","tier":"service","placement":"overhead","from":"electric-TX-00084","to":"electric-N-P-00322","lengthM":26.45,"voltageKV":0.24,"phase":"B","phases":1,"conductor":"1/0 AL triplex","feeder":"F1-02","feederId":"F1-02","designRole":"service","designKVA":10.26}},{"type":"Feature","id":"electric-E627","geometry":{"type":"LineString","coordinates":[[-80.598599,43.2986067],[-80.5987053,43.2985747]]},"properties":{"kind":"service","tier":"service","placement":"overhead","from":"electric-TX-00084","to":"electric-N-P-00340","lengthM":9.32,"voltageKV":0.24,"phase":"B","phases":1,"conductor":"1/0 AL triplex","feeder":"F1-02","feederId":"F1-02","designRole":"service","designKVA":5.49}},{"type":"Feature","id":"electric-E628","geometry":{"type":"LineString","coordinates":[[-80.598599,43.2986067],[-80.5983193,43.2985545]]},"properties":{"kind":"service","tier":"service","placement":"overhead","from":"electric-TX-00084","to":"electric-N-P-00323","lengthM":23.39,"voltageKV":0.24,"phase":"B","phases":1,"conductor":"1/0 AL triplex","feeder":"F1-02","feederId":"F1-02","designRole":"service","designKVA":6.06}},{"type":"Feature","id":"electric-E629","geometry":{"type":"LineString","coordinates":[[-80.598599,43.2986067],[-80.5986854,43.2984188]]},"properties":{"kind":"service","tier":"service","placement":"overhead","from":"electric-TX-00084","to":"electric-N-P-00341","lengthM":22.05,"voltageKV":0.24,"phase":"B","phases":1,"conductor":"1/0 AL triplex","feeder":"F1-02","feederId":"F1-02","designRole":"service","designKVA":5.37}},{"type":"Feature","id":"electric-E630","geometry":{"type":"LineString","coordinates":[[-80.598599,43.2986067],[-80.5982979,43.2984168]]},"properties":{"kind":"service","tier":"service","placement":"overhead","from":"electric-TX-00084","to":"electric-N-P-00324","lengthM":32.27,"voltageKV":0.24,"phase":"B","phases":1,"conductor":"1/0 AL triplex","feeder":"F1-02","feederId":"F1-02","designRole":"service","designKVA":5.66}},{"type":"Feature","id":"electric-E632","geometry":{"type":"LineString","coordinates":[[-80.5985305,43.2980969],[-80.5986675,43.2982355]]},"properties":{"kind":"service","tier":"service","placement":"overhead","from":"electric-TX-00085","to":"electric-N-P-00342","lengthM":19.01,"voltageKV":0.24,"phase":"B","phases":1,"conductor":"1/0 AL triplex","feeder":"F1-02","feederId":"F1-02","designRole":"service","designKVA":4.56}},{"type":"Feature","id":"electric-E633","geometry":{"type":"LineString","coordinates":[[-80.5985305,43.2980969],[-80.5982712,43.2982098]]},"properties":{"kind":"service","tier":"service","placement":"overhead","from":"electric-TX-00085","to":"electric-N-P-00325","lengthM":24.49,"voltageKV":0.24,"phase":"B","phases":1,"conductor":"1/0 AL triplex","feeder":"F1-02","feederId":"F1-02","designRole":"service","designKVA":4.62}},{"type":"Feature","id":"electric-E634","geometry":{"type":"LineString","coordinates":[[-80.5985305,43.2980969],[-80.5986523,43.2980718]]},"properties":{"kind":"service","tier":"service","placement":"overhead","from":"electric-TX-00085","to":"electric-N-P-00343","lengthM":10.25,"voltageKV":0.24,"phase":"B","phases":1,"conductor":"1/0 AL triplex","feeder":"F1-02","feederId":"F1-02","designRole":"service","designKVA":5.66}},{"type":"Feature","id":"electric-E635","geometry":{"type":"LineString","coordinates":[[-80.5985305,43.2980969],[-80.598249,43.2980492]]},"properties":{"kind":"service","tier":"service","placement":"overhead","from":"electric-TX-00085","to":"electric-N-P-00326","lengthM":23.42,"voltageKV":0.24,"phase":"B","phases":1,"conductor":"1/0 AL triplex","feeder":"F1-02","feederId":"F1-02","designRole":"service","designKVA":5.35}},{"type":"Feature","id":"electric-E636","geometry":{"type":"LineString","coordinates":[[-80.5985305,43.2980969],[-80.5986245,43.2978936]]},"properties":{"kind":"service","tier":"service","placement":"overhead","from":"electric-TX-00085","to":"electric-N-P-00344","lengthM":23.87,"voltageKV":0.24,"phase":"B","phases":1,"conductor":"1/0 AL triplex","feeder":"F1-02","feederId":"F1-02","designRole":"service","designKVA":11.72}},{"type":"Feature","id":"electric-E637","geometry":{"type":"LineString","coordinates":[[-80.5985305,43.2980969],[-80.5982148,43.2978886]]},"properties":{"kind":"service","tier":"service","placement":"overhead","from":"electric-TX-00085","to":"electric-N-P-00327","lengthM":34.52,"voltageKV":0.24,"phase":"B","phases":1,"conductor":"1/0 AL triplex","feeder":"F1-02","feederId":"F1-02","designRole":"service","designKVA":11.83}},{"type":"Feature","id":"electric-E639","geometry":{"type":"LineString","coordinates":[[-80.5984831,43.2977592],[-80.5985925,43.2977269]]},"properties":{"kind":"service","tier":"service","placement":"overhead","from":"electric-TX-00086","to":"electric-N-P-00345","lengthM":9.56,"voltageKV":0.24,"phase":"B","phases":1,"conductor":"1/0 AL triplex","feeder":"F1-02","feederId":"F1-02","designRole":"service","designKVA":19.75}},{"type":"Feature","id":"electric-E640","geometry":{"type":"LineString","coordinates":[[-80.5984831,43.2977592],[-80.5982038,43.2977374]]},"properties":{"kind":"service","tier":"service","placement":"overhead","from":"electric-TX-00086","to":"electric-N-P-00328","lengthM":22.75,"voltageKV":0.24,"phase":"B","phases":1,"conductor":"1/0 AL triplex","feeder":"F1-02","feederId":"F1-02","designRole":"service","designKVA":17.67}},{"type":"Feature","id":"electric-E641","geometry":{"type":"LineString","coordinates":[[-80.5984831,43.2977592],[-80.5985868,43.2975811]]},"properties":{"kind":"service","tier":"service","placement":"overhead","from":"electric-TX-00086","to":"electric-N-P-00346","lengthM":21.53,"voltageKV":0.24,"phase":"B","phases":1,"conductor":"1/0 AL triplex","feeder":"F1-02","feederId":"F1-02","designRole":"service","designKVA":12.66}},{"type":"Feature","id":"electric-E643","geometry":{"type":"LineString","coordinates":[[-80.5982794,43.2975983],[-80.5982677,43.2975989],[-80.5981769,43.2975572]]},"properties":{"kind":"service","tier":"service","placement":"underground","from":"electric-TX-00087","to":"electric-N-P-00329","lengthM":9.65,"voltageKV":0.24,"phase":"B","phases":1,"conductor":"4/0 AL URD triplex","feeder":"F1-02","feederId":"F1-02","designRole":"service","designKVA":4.77}},{"type":"Feature","id":"electric-E645","geometry":{"type":"LineString","coordinates":[[-80.5984472,43.2974575],[-80.5985467,43.2974062]]},"properties":{"kind":"service","tier":"service","placement":"overhead","from":"electric-TX-00088","to":"electric-N-P-00347","lengthM":9.88,"voltageKV":0.24,"phase":"B","phases":1,"conductor":"1/0 AL triplex","feeder":"F1-02","feederId":"F1-02","designRole":"service","designKVA":0.98}},{"type":"Feature","id":"electric-E647","geometry":{"type":"LineString","coordinates":[[-80.5982421,43.2971827],[-80.59825,43.2974344],[-80.5981819,43.2974119]]},"properties":{"kind":"service","tier":"service","placement":"underground","from":"electric-TX-00089","to":"electric-N-P-00330","lengthM":34.07,"voltageKV":0.24,"phase":"B","phases":1,"conductor":"4/0 AL URD triplex","feeder":"F1-02","feederId":"F1-02","designRole":"service","designKVA":4.36}},{"type":"Feature","id":"electric-E648","geometry":{"type":"LineString","coordinates":[[-80.5982421,43.2971827],[-80.5984597,43.2972844],[-80.5985418,43.2972406]]},"properties":{"kind":"service","tier":"service","placement":"underground","from":"electric-TX-00089","to":"electric-N-P-00348","lengthM":29.21,"voltageKV":0.24,"phase":"B","phases":1,"conductor":"4/0 AL URD triplex","feeder":"F1-02","feederId":"F1-02","designRole":"service","designKVA":2.53}},{"type":"Feature","id":"electric-E649","geometry":{"type":"LineString","coordinates":[[-80.5982421,43.2971827],[-80.5982362,43.2972691],[-80.5981497,43.2972172]]},"properties":{"kind":"service","tier":"service","placement":"underground","from":"electric-TX-00089","to":"electric-N-P-00331","lengthM":18.7,"voltageKV":0.24,"phase":"B","phases":1,"conductor":"4/0 AL URD triplex","feeder":"F1-02","feederId":"F1-02","designRole":"service","designKVA":6.56}},{"type":"Feature","id":"electric-E650","geometry":{"type":"LineString","coordinates":[[-80.5982421,43.2971827],[-80.5982257,43.2970987],[-80.5981567,43.2970428]]},"properties":{"kind":"service","tier":"service","placement":"underground","from":"electric-TX-00089","to":"electric-N-P-00332","lengthM":17.81,"voltageKV":0.24,"phase":"B","phases":1,"conductor":"4/0 AL URD triplex","feeder":"F1-02","feederId":"F1-02","designRole":"service","designKVA":4.75}},{"type":"Feature","id":"electric-E651","geometry":{"type":"LineString","coordinates":[[-80.5982421,43.2971827],[-80.5982206,43.2969312],[-80.5981358,43.2968664]]},"properties":{"kind":"service","tier":"service","placement":"underground","from":"electric-TX-00089","to":"electric-N-P-00333","lengthM":38.01,"voltageKV":0.24,"phase":"B","phases":1,"conductor":"4/0 AL URD triplex","feeder":"F1-02","feederId":"F1-02","designRole":"service","designKVA":6.18}},{"type":"Feature","id":"electric-E652","geometry":{"type":"LineString","coordinates":[[-80.5982421,43.2971827],[-80.5982201,43.2967584],[-80.5981446,43.2967]]},"properties":{"kind":"service","tier":"service","placement":"underground","from":"electric-TX-00089","to":"electric-N-P-00334","lengthM":56.2,"voltageKV":0.24,"phase":"B","phases":1,"conductor":"4/0 AL URD triplex","feeder":"F1-02","feederId":"F1-02","designRole":"service","designKVA":10.54}},{"type":"Feature","id":"electric-E654","geometry":{"type":"LineString","coordinates":[[-80.5982364,43.2965954],[-80.5982251,43.2965952],[-80.5981481,43.2965549]]},"properties":{"kind":"service","tier":"service","placement":"underground","from":"electric-TX-00090","to":"electric-N-P-00335","lengthM":8.6,"voltageKV":0.24,"phase":"B","phases":1,"conductor":"4/0 AL URD triplex","feeder":"F1-02","feederId":"F1-02","designRole":"service","designKVA":1.49}},{"type":"Feature","id":"electric-E656","geometry":{"type":"LineString","coordinates":[[-80.5975574,43.3000258],[-80.5974094,43.2998433]]},"properties":{"kind":"service","tier":"service","placement":"overhead","from":"electric-TX-00091","to":"electric-N-P-00366","lengthM":23.59,"voltageKV":0.24,"phase":"A","phases":1,"conductor":"1/0 AL triplex","feeder":"F1-02","feederId":"F1-02","designRole":"service","designKVA":4.35}},{"type":"Feature","id":"electric-E657","geometry":{"type":"LineString","coordinates":[[-80.5975574,43.3000258],[-80.597809,43.29998]]},"properties":{"kind":"service","tier":"service","placement":"overhead","from":"electric-TX-00091","to":"electric-N-P-00349","lengthM":21.01,"voltageKV":0.24,"phase":"A","phases":1,"conductor":"1/0 AL triplex","feeder":"F1-02","feederId":"F1-02","designRole":"service","designKVA":6.15}},{"type":"Feature","id":"electric-E658","geometry":{"type":"LineString","coordinates":[[-80.5975574,43.3000258],[-80.5974227,43.2999751]]},"properties":{"kind":"service","tier":"service","placement":"overhead","from":"electric-TX-00091","to":"electric-N-P-00367","lengthM":12.28,"voltageKV":0.24,"phase":"A","phases":1,"conductor":"1/0 AL triplex","feeder":"F1-02","feederId":"F1-02","designRole":"service","designKVA":4.49}},{"type":"Feature","id":"electric-E659","geometry":{"type":"LineString","coordinates":[[-80.5975574,43.3000258],[-80.5974705,43.3001659]]},"properties":{"kind":"service","tier":"service","placement":"overhead","from":"electric-TX-00091","to":"electric-N-P-00368","lengthM":17.11,"voltageKV":0.24,"phase":"A","phases":1,"conductor":"1/0 AL triplex","feeder":"F1-02","feederId":"F1-02","designRole":"service","designKVA":4.45}},{"type":"Feature","id":"electric-E660","geometry":{"type":"LineString","coordinates":[[-80.5975574,43.3000258],[-80.5978404,43.300142]]},"properties":{"kind":"service","tier":"service","placement":"overhead","from":"electric-TX-00091","to":"electric-N-P-00350","lengthM":26.33,"voltageKV":0.24,"phase":"A","phases":1,"conductor":"1/0 AL triplex","feeder":"F1-02","feederId":"F1-02","designRole":"service","designKVA":5.95}},{"type":"Feature","id":"electric-E661","geometry":{"type":"LineString","coordinates":[[-80.5975574,43.3000258],[-80.5975006,43.3003523]]},"properties":{"kind":"service","tier":"service","placement":"overhead","from":"electric-TX-00091","to":"electric-N-P-00369","lengthM":36.64,"voltageKV":0.24,"phase":"A","phases":1,"conductor":"1/0 AL triplex","feeder":"F1-02","feederId":"F1-02","designRole":"service","designKVA":6.26}},{"type":"Feature","id":"electric-E663","geometry":{"type":"LineString","coordinates":[[-80.5976593,43.3005419],[-80.5978865,43.3003265]]},"properties":{"kind":"service","tier":"service","placement":"overhead","from":"electric-TX-00092","to":"electric-N-P-00351","lengthM":30.24,"voltageKV":0.24,"phase":"A","phases":1,"conductor":"1/0 AL triplex","feeder":"F1-02","feederId":"F1-02","designRole":"service","designKVA":5.54}},{"type":"Feature","id":"electric-E664","geometry":{"type":"LineString","coordinates":[[-80.5976593,43.3005419],[-80.5979089,43.3004785]]},"properties":{"kind":"service","tier":"service","placement":"overhead","from":"electric-TX-00092","to":"electric-N-P-00352","lengthM":21.42,"voltageKV":0.24,"phase":"A","phases":1,"conductor":"1/0 AL triplex","feeder":"F1-02","feederId":"F1-02","designRole":"service","designKVA":2.15}},{"type":"Feature","id":"electric-E665","geometry":{"type":"LineString","coordinates":[[-80.5976593,43.3005419],[-80.5975354,43.3005214]]},"properties":{"kind":"service","tier":"service","placement":"overhead","from":"electric-TX-00092","to":"electric-N-P-00370","lengthM":10.3,"voltageKV":0.24,"phase":"A","phases":1,"conductor":"1/0 AL triplex","feeder":"F1-02","feederId":"F1-02","designRole":"service","designKVA":11.51}},{"type":"Feature","id":"electric-E666","geometry":{"type":"LineString","coordinates":[[-80.5976593,43.3005419],[-80.5975696,43.3006876]]},"properties":{"kind":"service","tier":"service","placement":"overhead","from":"electric-TX-00092","to":"electric-N-P-00371","lengthM":17.77,"voltageKV":0.24,"phase":"A","phases":1,"conductor":"1/0 AL triplex","feeder":"F1-02","feederId":"F1-02","designRole":"service","designKVA":4.37}},{"type":"Feature","id":"electric-E667","geometry":{"type":"LineString","coordinates":[[-80.5976593,43.3005419],[-80.5979355,43.3006565]]},"properties":{"kind":"service","tier":"service","placement":"overhead","from":"electric-TX-00092","to":"electric-N-P-00353","lengthM":25.76,"voltageKV":0.24,"phase":"A","phases":1,"conductor":"1/0 AL triplex","feeder":"F1-02","feederId":"F1-02","designRole":"service","designKVA":9.71}},{"type":"Feature","id":"electric-E668","geometry":{"type":"LineString","coordinates":[[-80.5976593,43.3005419],[-80.5979706,43.3008189]]},"properties":{"kind":"service","tier":"service","placement":"overhead","from":"electric-TX-00092","to":"electric-N-P-00354","lengthM":39.84,"voltageKV":0.24,"phase":"A","phases":1,"conductor":"1/0 AL triplex","feeder":"F1-02","feederId":"F1-02","designRole":"service","designKVA":1.78}},{"type":"Feature","id":"electric-E670","geometry":{"type":"LineString","coordinates":[[-80.5977172,43.3010448],[-80.5975913,43.3008207]]},"properties":{"kind":"service","tier":"service","placement":"overhead","from":"electric-TX-00093","to":"electric-N-P-00372","lengthM":26.95,"voltageKV":0.24,"phase":"A","phases":1,"conductor":"1/0 AL triplex","feeder":"F1-02","feederId":"F1-02","designRole":"service","designKVA":4.61}},{"type":"Feature","id":"electric-E671","geometry":{"type":"LineString","coordinates":[[-80.5977172,43.3010448],[-80.5980066,43.3010122]]},"properties":{"kind":"service","tier":"service","placement":"overhead","from":"electric-TX-00093","to":"electric-N-P-00355","lengthM":23.72,"voltageKV":0.24,"phase":"A","phases":1,"conductor":"1/0 AL triplex","feeder":"F1-02","feederId":"F1-02","designRole":"service","designKVA":4.92}},{"type":"Feature","id":"electric-E672","geometry":{"type":"LineString","coordinates":[[-80.5977172,43.3010448],[-80.5975981,43.3009989]]},"properties":{"kind":"service","tier":"service","placement":"overhead","from":"electric-TX-00093","to":"electric-N-P-00373","lengthM":10.93,"voltageKV":0.24,"phase":"A","phases":1,"conductor":"1/0 AL triplex","feeder":"F1-02","feederId":"F1-02","designRole":"service","designKVA":4.52}},{"type":"Feature","id":"electric-E673","geometry":{"type":"LineString","coordinates":[[-80.5977172,43.3010448],[-80.5980166,43.301174]]},"properties":{"kind":"service","tier":"service","placement":"overhead","from":"electric-TX-00093","to":"electric-N-P-00356","lengthM":28.2,"voltageKV":0.24,"phase":"A","phases":1,"conductor":"1/0 AL triplex","feeder":"F1-02","feederId":"F1-02","designRole":"service","designKVA":4.52}},{"type":"Feature","id":"electric-E674","geometry":{"type":"LineString","coordinates":[[-80.5977172,43.3010448],[-80.59761,43.3011773]]},"properties":{"kind":"service","tier":"service","placement":"overhead","from":"electric-TX-00093","to":"electric-N-P-00374","lengthM":17.12,"voltageKV":0.24,"phase":"A","phases":1,"conductor":"1/0 AL triplex","feeder":"F1-02","feederId":"F1-02","designRole":"service","designKVA":4.58}},{"type":"Feature","id":"electric-E675","geometry":{"type":"LineString","coordinates":[[-80.5977172,43.3010448],[-80.5980096,43.3013216]]},"properties":{"kind":"service","tier":"service","placement":"overhead","from":"electric-TX-00093","to":"electric-N-P-00357","lengthM":38.86,"voltageKV":0.24,"phase":"A","phases":1,"conductor":"1/0 AL triplex","feeder":"F1-02","feederId":"F1-02","designRole":"service","designKVA":4.59}},{"type":"Feature","id":"electric-E677","geometry":{"type":"LineString","coordinates":[[-80.5977156,43.3015541],[-80.5976034,43.3013616]]},"properties":{"kind":"service","tier":"service","placement":"overhead","from":"electric-TX-00094","to":"electric-N-P-00375","lengthM":23.28,"voltageKV":0.24,"phase":"A","phases":1,"conductor":"1/0 AL triplex","feeder":"F1-02","feederId":"F1-02","designRole":"service","designKVA":1.21}},{"type":"Feature","id":"electric-E678","geometry":{"type":"LineString","coordinates":[[-80.5977156,43.3015541],[-80.5979916,43.3015119]]},"properties":{"kind":"service","tier":"service","placement":"overhead","from":"electric-TX-00094","to":"electric-N-P-00358","lengthM":22.85,"voltageKV":0.24,"phase":"A","phases":1,"conductor":"1/0 AL triplex","feeder":"F1-02","feederId":"F1-02","designRole":"service","designKVA":5.7}},{"type":"Feature","id":"electric-E679","geometry":{"type":"LineString","coordinates":[[-80.5977156,43.3015541],[-80.5975966,43.3015322]]},"properties":{"kind":"service","tier":"service","placement":"overhead","from":"electric-TX-00094","to":"electric-N-P-00376","lengthM":9.95,"voltageKV":0.24,"phase":"A","phases":1,"conductor":"1/0 AL triplex","feeder":"F1-02","feederId":"F1-02","designRole":"service","designKVA":5.69}},{"type":"Feature","id":"electric-E680","geometry":{"type":"LineString","coordinates":[[-80.5977156,43.3015541],[-80.5979843,43.3016647]]},"properties":{"kind":"service","tier":"service","placement":"overhead","from":"electric-TX-00094","to":"electric-N-P-00359","lengthM":25.01,"voltageKV":0.24,"phase":"A","phases":1,"conductor":"1/0 AL triplex","feeder":"F1-02","feederId":"F1-02","designRole":"service","designKVA":0.88}},{"type":"Feature","id":"electric-E681","geometry":{"type":"LineString","coordinates":[[-80.5977156,43.3015541],[-80.5975945,43.3016755]]},"properties":{"kind":"service","tier":"service","placement":"overhead","from":"electric-TX-00094","to":"electric-N-P-00377","lengthM":16.71,"voltageKV":0.24,"phase":"A","phases":1,"conductor":"1/0 AL triplex","feeder":"F1-02","feederId":"F1-02","designRole":"service","designKVA":0.83}},{"type":"Feature","id":"electric-E682","geometry":{"type":"LineString","coordinates":[[-80.5977156,43.3015541],[-80.5979591,43.3018427]]},"properties":{"kind":"service","tier":"service","placement":"overhead","from":"electric-TX-00094","to":"electric-N-P-00360","lengthM":37.7,"voltageKV":0.24,"phase":"A","phases":1,"conductor":"1/0 AL triplex","feeder":"F1-02","feederId":"F1-02","designRole":"service","designKVA":4.61}},{"type":"Feature","id":"electric-E684","geometry":{"type":"LineString","coordinates":[[-80.5976683,43.3019785],[-80.5975659,43.3018492]]},"properties":{"kind":"service","tier":"service","placement":"overhead","from":"electric-TX-00095","to":"electric-N-P-00378","lengthM":16.62,"voltageKV":0.24,"phase":"A","phases":1,"conductor":"1/0 AL triplex","feeder":"F1-02","feederId":"F1-02","designRole":"service","designKVA":4.66}},{"type":"Feature","id":"electric-E685","geometry":{"type":"LineString","coordinates":[[-80.5976683,43.3019785],[-80.597942,43.3020149]]},"properties":{"kind":"service","tier":"service","placement":"overhead","from":"electric-TX-00095","to":"electric-N-P-00361","lengthM":22.54,"voltageKV":0.24,"phase":"A","phases":1,"conductor":"1/0 AL triplex","feeder":"F1-02","feederId":"F1-02","designRole":"service","designKVA":12.47}},{"type":"Feature","id":"electric-E686","geometry":{"type":"LineString","coordinates":[[-80.5976683,43.3019785],[-80.5975585,43.3020065]]},"properties":{"kind":"service","tier":"service","placement":"overhead","from":"electric-TX-00095","to":"electric-N-P-00379","lengthM":9.43,"voltageKV":0.24,"phase":"A","phases":1,"conductor":"1/0 AL triplex","feeder":"F1-02","feederId":"F1-02","designRole":"service","designKVA":10.72}},{"type":"Feature","id":"electric-E687","geometry":{"type":"LineString","coordinates":[[-80.5976683,43.3019785],[-80.5979143,43.302178]]},"properties":{"kind":"service","tier":"service","placement":"overhead","from":"electric-TX-00095","to":"electric-N-P-00362","lengthM":29.83,"voltageKV":0.24,"phase":"A","phases":1,"conductor":"1/0 AL triplex","feeder":"F1-02","feederId":"F1-02","designRole":"service","designKVA":5.34}},{"type":"Feature","id":"electric-E689","geometry":{"type":"LineString","coordinates":[[-80.5975564,43.3024865],[-80.5976092,43.3021591],[-80.5975303,43.3021899]]},"properties":{"kind":"service","tier":"service","placement":"underground","from":"electric-TX-00096","to":"electric-N-P-00380","lengthM":43.96,"voltageKV":0.24,"phase":"A","phases":1,"conductor":"4/0 AL URD triplex","feeder":"F1-02","feederId":"F1-02","designRole":"service","designKVA":6.54}},{"type":"Feature","id":"electric-E690","geometry":{"type":"LineString","coordinates":[[-80.5975564,43.3024865],[-80.597803,43.3023189],[-80.5978912,43.3023707]]},"properties":{"kind":"service","tier":"service","placement":"underground","from":"electric-TX-00096","to":"electric-N-P-00363","lengthM":36.51,"voltageKV":0.24,"phase":"A","phases":1,"conductor":"4/0 AL URD triplex","feeder":"F1-02","feederId":"F1-02","designRole":"service","designKVA":4.49}},{"type":"Feature","id":"electric-E691","geometry":{"type":"LineString","coordinates":[[-80.5975564,43.3024865],[-80.5975762,43.3023301],[-80.5974901,43.3023683]]},"properties":{"kind":"service","tier":"service","placement":"underground","from":"electric-TX-00096","to":"electric-N-P-00381","lengthM":25.65,"voltageKV":0.24,"phase":"A","phases":1,"conductor":"4/0 AL URD triplex","feeder":"F1-02","feederId":"F1-02","designRole":"service","designKVA":12.79}},{"type":"Feature","id":"electric-E692","geometry":{"type":"LineString","coordinates":[[-80.5975564,43.3024865],[-80.5977674,43.3024916],[-80.5978339,43.3025526]]},"properties":{"kind":"service","tier":"service","placement":"underground","from":"electric-TX-00096","to":"electric-N-P-00364","lengthM":25.77,"voltageKV":0.24,"phase":"A","phases":1,"conductor":"4/0 AL URD triplex","feeder":"F1-02","feederId":"F1-02","designRole":"service","designKVA":9.77}},{"type":"Feature","id":"electric-E693","geometry":{"type":"LineString","coordinates":[[-80.5975564,43.3024865],[-80.5975402,43.3025027],[-80.5974574,43.3025423]]},"properties":{"kind":"service","tier":"service","placement":"underground","from":"electric-TX-00096","to":"electric-N-P-00382","lengthM":10.25,"voltageKV":0.24,"phase":"A","phases":1,"conductor":"4/0 AL URD triplex","feeder":"F1-02","feederId":"F1-02","designRole":"service","designKVA":13.35}},{"type":"Feature","id":"electric-E694","geometry":{"type":"LineString","coordinates":[[-80.5975564,43.3024865],[-80.5977334,43.3026494],[-80.5978089,43.3026841]]},"properties":{"kind":"service","tier":"service","placement":"underground","from":"electric-TX-00096","to":"electric-N-P-00365","lengthM":30.35,"voltageKV":0.24,"phase":"A","phases":1,"conductor":"4/0 AL URD triplex","feeder":"F1-02","feederId":"F1-02","designRole":"service","designKVA":6.08}},{"type":"Feature","id":"electric-E695","geometry":{"type":"LineString","coordinates":[[-80.5975564,43.3024865],[-80.5975042,43.3026688],[-80.597422,43.3026792]]},"properties":{"kind":"service","tier":"service","placement":"underground","from":"electric-TX-00096","to":"electric-N-P-00383","lengthM":27.48,"voltageKV":0.24,"phase":"A","phases":1,"conductor":"4/0 AL URD triplex","feeder":"F1-02","feederId":"F1-02","designRole":"service","designKVA":4.74}},{"type":"Feature","id":"electric-E696","geometry":{"type":"LineString","coordinates":[[-80.5975564,43.3024865],[-80.5974668,43.3028414],[-80.5973788,43.3028708]]},"properties":{"kind":"service","tier":"service","placement":"underground","from":"electric-TX-00096","to":"electric-N-P-00384","lengthM":48.01,"voltageKV":0.24,"phase":"A","phases":1,"conductor":"4/0 AL URD triplex","feeder":"F1-02","feederId":"F1-02","designRole":"service","designKVA":12.84}},{"type":"Feature","id":"electric-E698","geometry":{"type":"LineString","coordinates":[[-80.5975078,43.2991241],[-80.5972517,43.2992647]]},"properties":{"kind":"service","tier":"service","placement":"overhead","from":"electric-TX-00097","to":"electric-N-P-00385","lengthM":25.99,"voltageKV":0.24,"phase":"B","phases":1,"conductor":"1/0 AL triplex","feeder":"F1-02","feederId":"F1-02","designRole":"service","designKVA":4.46}},{"type":"Feature","id":"electric-E699","geometry":{"type":"LineString","coordinates":[[-80.5975078,43.2991241],[-80.5976413,43.2992236]]},"properties":{"kind":"service","tier":"service","placement":"overhead","from":"electric-TX-00097","to":"electric-N-P-00394","lengthM":15.48,"voltageKV":0.24,"phase":"B","phases":1,"conductor":"1/0 AL triplex","feeder":"F1-02","feederId":"F1-02","designRole":"service","designKVA":10.3}},{"type":"Feature","id":"electric-E700","geometry":{"type":"LineString","coordinates":[[-80.5975078,43.2991241],[-80.5972254,43.2991056]]},"properties":{"kind":"service","tier":"service","placement":"overhead","from":"electric-TX-00097","to":"electric-N-P-00386","lengthM":22.97,"voltageKV":0.24,"phase":"B","phases":1,"conductor":"1/0 AL triplex","feeder":"F1-02","feederId":"F1-02","designRole":"service","designKVA":4.54}},{"type":"Feature","id":"electric-E701","geometry":{"type":"LineString","coordinates":[[-80.5975078,43.2991241],[-80.5976068,43.299054]]},"properties":{"kind":"service","tier":"service","placement":"overhead","from":"electric-TX-00097","to":"electric-N-P-00395","lengthM":11.19,"voltageKV":0.24,"phase":"B","phases":1,"conductor":"1/0 AL triplex","feeder":"F1-02","feederId":"F1-02","designRole":"service","designKVA":12.74}},{"type":"Feature","id":"electric-E702","geometry":{"type":"LineString","coordinates":[[-80.5975078,43.2991241],[-80.5972081,43.2989906]]},"properties":{"kind":"service","tier":"service","placement":"overhead","from":"electric-TX-00097","to":"electric-N-P-00387","lengthM":28.47,"voltageKV":0.24,"phase":"B","phases":1,"conductor":"1/0 AL triplex","feeder":"F1-02","feederId":"F1-02","designRole":"service","designKVA":5.21}},{"type":"Feature","id":"electric-E703","geometry":{"type":"LineString","coordinates":[[-80.5975078,43.2991241],[-80.5975884,43.2988917]]},"properties":{"kind":"service","tier":"service","placement":"overhead","from":"electric-TX-00097","to":"electric-N-P-00396","lengthM":26.69,"voltageKV":0.24,"phase":"B","phases":1,"conductor":"1/0 AL triplex","feeder":"F1-02","feederId":"F1-02","designRole":"service","designKVA":1.15}},{"type":"Feature","id":"electric-E705","geometry":{"type":"LineString","coordinates":[[-80.5974398,43.2986444],[-80.5971913,43.298818]]},"properties":{"kind":"service","tier":"service","placement":"overhead","from":"electric-TX-00098","to":"electric-N-P-00388","lengthM":27.91,"voltageKV":0.24,"phase":"B","phases":1,"conductor":"1/0 AL triplex","feeder":"F1-02","feederId":"F1-02","designRole":"service","designKVA":4.48}},{"type":"Feature","id":"electric-E706","geometry":{"type":"LineString","coordinates":[[-80.5974398,43.2986444],[-80.597568,43.2987139]]},"properties":{"kind":"service","tier":"service","placement":"overhead","from":"electric-TX-00098","to":"electric-N-P-00397","lengthM":12.95,"voltageKV":0.24,"phase":"B","phases":1,"conductor":"1/0 AL triplex","feeder":"F1-02","feederId":"F1-02","designRole":"service","designKVA":4.7}},{"type":"Feature","id":"electric-E707","geometry":{"type":"LineString","coordinates":[[-80.5974398,43.2986444],[-80.5971563,43.2986436]]},"properties":{"kind":"service","tier":"service","placement":"overhead","from":"electric-TX-00098","to":"electric-N-P-00389","lengthM":22.97,"voltageKV":0.24,"phase":"B","phases":1,"conductor":"1/0 AL triplex","feeder":"F1-02","feederId":"F1-02","designRole":"service","designKVA":11.61}},{"type":"Feature","id":"electric-E708","geometry":{"type":"LineString","coordinates":[[-80.5974398,43.2986444],[-80.5975462,43.2985655]]},"properties":{"kind":"service","tier":"service","placement":"overhead","from":"electric-TX-00098","to":"electric-N-P-00398","lengthM":12.31,"voltageKV":0.24,"phase":"B","phases":1,"conductor":"1/0 AL triplex","feeder":"F1-02","feederId":"F1-02","designRole":"service","designKVA":12.5}},{"type":"Feature","id":"electric-E709","geometry":{"type":"LineString","coordinates":[[-80.5974398,43.2986444],[-80.5971512,43.2985257]]},"properties":{"kind":"service","tier":"service","placement":"overhead","from":"electric-TX-00098","to":"electric-N-P-00390","lengthM":26.86,"voltageKV":0.24,"phase":"B","phases":1,"conductor":"1/0 AL triplex","feeder":"F1-02","feederId":"F1-02","designRole":"service","designKVA":4.45}},{"type":"Feature","id":"electric-E710","geometry":{"type":"LineString","coordinates":[[-80.5974398,43.2986444],[-80.5975248,43.2983817]]},"properties":{"kind":"service","tier":"service","placement":"overhead","from":"electric-TX-00098","to":"electric-N-P-00399","lengthM":30.04,"voltageKV":0.24,"phase":"B","phases":1,"conductor":"1/0 AL triplex","feeder":"F1-02","feederId":"F1-02","designRole":"service","designKVA":10.72}},{"type":"Feature","id":"electric-E712","geometry":{"type":"LineString","coordinates":[[-80.5973984,43.298332],[-80.5971117,43.2983622]]},"properties":{"kind":"service","tier":"service","placement":"overhead","from":"electric-TX-00099","to":"electric-N-P-00391","lengthM":23.46,"voltageKV":0.24,"phase":"B","phases":1,"conductor":"1/0 AL triplex","feeder":"F1-02","feederId":"F1-02","designRole":"service","designKVA":5.16}},{"type":"Feature","id":"electric-E713","geometry":{"type":"LineString","coordinates":[[-80.5973984,43.298332],[-80.5975065,43.2982579]]},"properties":{"kind":"service","tier":"service","placement":"overhead","from":"electric-TX-00099","to":"electric-N-P-00400","lengthM":12.03,"voltageKV":0.24,"phase":"B","phases":1,"conductor":"1/0 AL triplex","feeder":"F1-02","feederId":"F1-02","designRole":"service","designKVA":0.82}},{"type":"Feature","id":"electric-E715","geometry":{"type":"LineString","coordinates":[[-80.5972054,43.2982441],[-80.5971931,43.2982448],[-80.5971132,43.2982105]]},"properties":{"kind":"service","tier":"service","placement":"underground","from":"electric-TX-00100","to":"electric-N-P-00392","lengthM":8.52,"voltageKV":0.24,"phase":"B","phases":1,"conductor":"4/0 AL URD triplex","feeder":"F1-02","feederId":"F1-02","designRole":"service","designKVA":2.22}},{"type":"Feature","id":"electric-E717","geometry":{"type":"LineString","coordinates":[[-80.5973752,43.2981135],[-80.5974901,43.2980469]]},"properties":{"kind":"service","tier":"service","placement":"overhead","from":"electric-TX-00101","to":"electric-N-P-00401","lengthM":11.9,"voltageKV":0.24,"phase":"B","phases":1,"conductor":"1/0 AL triplex","feeder":"F1-02","feederId":"F1-02","designRole":"service","designKVA":11.34}},{"type":"Feature","id":"electric-E719","geometry":{"type":"LineString","coordinates":[[-80.5971907,43.2980955],[-80.5971785,43.298096],[-80.5971018,43.2980586]]},"properties":{"kind":"service","tier":"service","placement":"underground","from":"electric-TX-00102","to":"electric-N-P-00393","lengthM":8.47,"voltageKV":0.24,"phase":"B","phases":1,"conductor":"4/0 AL URD triplex","feeder":"F1-02","feederId":"F1-02","designRole":"service","designKVA":5.69}},{"type":"Feature","id":"electric-E721","geometry":{"type":"LineString","coordinates":[[-80.5973612,43.2979391],[-80.5974776,43.2978791]]},"properties":{"kind":"service","tier":"service","placement":"overhead","from":"electric-TX-00103","to":"electric-N-P-00402","lengthM":11.55,"voltageKV":0.24,"phase":"B","phases":1,"conductor":"1/0 AL triplex","feeder":"F1-02","feederId":"F1-02","designRole":"service","designKVA":5.64}},{"type":"Feature","id":"electric-E723","geometry":{"type":"LineString","coordinates":[[-80.5973639,43.2974452],[-80.5973804,43.2977725],[-80.5974579,43.2977121]]},"properties":{"kind":"service","tier":"service","placement":"underground","from":"electric-TX-00104","to":"electric-N-P-00403","lengthM":45.66,"voltageKV":0.24,"phase":"B","phases":1,"conductor":"4/0 AL URD triplex","feeder":"F1-02","feederId":"F1-02","designRole":"service","designKVA":4.71}},{"type":"Feature","id":"electric-E724","geometry":{"type":"LineString","coordinates":[[-80.5973639,43.2974452],[-80.5973766,43.2976111],[-80.597446,43.2975621]]},"properties":{"kind":"service","tier":"service","placement":"underground","from":"electric-TX-00104","to":"electric-N-P-00404","lengthM":26.34,"voltageKV":0.24,"phase":"B","phases":1,"conductor":"4/0 AL URD triplex","feeder":"F1-02","feederId":"F1-02","designRole":"service","designKVA":10.72}},{"type":"Feature","id":"electric-E725","geometry":{"type":"LineString","coordinates":[[-80.5973639,43.2974452],[-80.5973775,43.297445],[-80.5974458,43.2973896]]},"properties":{"kind":"service","tier":"service","placement":"underground","from":"electric-TX-00104","to":"electric-N-P-00405","lengthM":9.39,"voltageKV":0.24,"phase":"B","phases":1,"conductor":"4/0 AL URD triplex","feeder":"F1-02","feederId":"F1-02","designRole":"service","designKVA":14.02}},{"type":"Feature","id":"electric-E726","geometry":{"type":"LineString","coordinates":[[-80.5973639,43.2974452],[-80.5973833,43.2972775],[-80.5974687,43.2972481]]},"properties":{"kind":"service","tier":"service","placement":"underground","from":"electric-TX-00104","to":"electric-N-P-00406","lengthM":26.39,"voltageKV":0.24,"phase":"B","phases":1,"conductor":"4/0 AL URD triplex","feeder":"F1-02","feederId":"F1-02","designRole":"service","designKVA":6.1}},{"type":"Feature","id":"electric-E727","geometry":{"type":"LineString","coordinates":[[-80.5973639,43.2974452],[-80.5973933,43.2971166],[-80.5974812,43.2970691]]},"properties":{"kind":"service","tier":"service","placement":"underground","from":"electric-TX-00104","to":"electric-N-P-00407","lengthM":45.53,"voltageKV":0.24,"phase":"B","phases":1,"conductor":"4/0 AL URD triplex","feeder":"F1-02","feederId":"F1-02","designRole":"service","designKVA":4.63}},{"type":"Feature","id":"electric-E729","geometry":{"type":"LineString","coordinates":[[-80.5974043,43.2968615],[-80.5974085,43.2969447],[-80.5974749,43.2969128]]},"properties":{"kind":"service","tier":"service","placement":"underground","from":"electric-TX-00105","to":"electric-N-P-00408","lengthM":15.72,"voltageKV":0.24,"phase":"B","phases":1,"conductor":"4/0 AL URD triplex","feeder":"F1-02","feederId":"F1-02","designRole":"service","designKVA":6.47}},{"type":"Feature","id":"electric-E730","geometry":{"type":"LineString","coordinates":[[-80.5974043,43.2968615],[-80.5974265,43.2967786],[-80.5977297,43.2967407]]},"properties":{"kind":"service","tier":"service","placement":"underground","from":"electric-TX-00105","to":"electric-N-P-00409","lengthM":34.32,"voltageKV":0.24,"phase":"B","phases":1,"conductor":"4/0 AL URD triplex","feeder":"F1-02","feederId":"F1-02","designRole":"service","designKVA":7.77}},{"type":"Feature","id":"electric-E732","geometry":{"type":"LineString","coordinates":[[-80.5965491,43.3001835],[-80.5966718,43.3002085]]},"properties":{"kind":"service","tier":"service","placement":"overhead","from":"electric-TX-00106","to":"electric-N-P-00410","lengthM":10.33,"voltageKV":0.24,"phase":"C","phases":1,"conductor":"1/0 AL triplex","feeder":"F1-02","feederId":"F1-02","designRole":"service","designKVA":5.42}},{"type":"Feature","id":"electric-E734","geometry":{"type":"LineString","coordinates":[[-80.5963961,43.3003454],[-80.5963842,43.3003467],[-80.5963205,43.3003975]]},"properties":{"kind":"service","tier":"service","placement":"underground","from":"electric-TX-00107","to":"electric-N-P-00428","lengthM":8.63,"voltageKV":0.24,"phase":"C","phases":1,"conductor":"4/0 AL URD triplex","feeder":"F1-02","feederId":"F1-02","designRole":"service","designKVA":10.67}},{"type":"Feature","id":"electric-E736","geometry":{"type":"LineString","coordinates":[[-80.5965793,43.3003391],[-80.5966899,43.3003654]]},"properties":{"kind":"service","tier":"service","placement":"overhead","from":"electric-TX-00108","to":"electric-N-P-00411","lengthM":9.43,"voltageKV":0.24,"phase":"C","phases":1,"conductor":"1/0 AL triplex","feeder":"F1-02","feederId":"F1-02","designRole":"service","designKVA":4.41}},{"type":"Feature","id":"electric-E738","geometry":{"type":"LineString","coordinates":[[-80.5964269,43.300493],[-80.5964148,43.3004944],[-80.5963432,43.3005391]]},"properties":{"kind":"service","tier":"service","placement":"underground","from":"electric-TX-00109","to":"electric-N-P-00429","lengthM":8.64,"voltageKV":0.24,"phase":"C","phases":1,"conductor":"4/0 AL URD triplex","feeder":"F1-02","feederId":"F1-02","designRole":"service","designKVA":11.25}},{"type":"Feature","id":"electric-E740","geometry":{"type":"LineString","coordinates":[[-80.5966241,43.300551],[-80.5967217,43.3004948]]},"properties":{"kind":"service","tier":"service","placement":"overhead","from":"electric-TX-00110","to":"electric-N-P-00412","lengthM":10.08,"voltageKV":0.24,"phase":"C","phases":1,"conductor":"1/0 AL triplex","feeder":"F1-02","feederId":"F1-02","designRole":"service","designKVA":4.22}},{"type":"Feature","id":"electric-E741","geometry":{"type":"LineString","coordinates":[[-80.5966241,43.300551],[-80.5967674,43.3006382]]},"properties":{"kind":"service","tier":"service","placement":"overhead","from":"electric-TX-00110","to":"electric-N-P-00413","lengthM":15.13,"voltageKV":0.24,"phase":"C","phases":1,"conductor":"1/0 AL triplex","feeder":"F1-02","feederId":"F1-02","designRole":"service","designKVA":4.52}},{"type":"Feature","id":"electric-E743","geometry":{"type":"LineString","coordinates":[[-80.5964594,43.3006437],[-80.5964472,43.3006451],[-80.5963928,43.3007027]]},"properties":{"kind":"service","tier":"service","placement":"underground","from":"electric-TX-00111","to":"electric-N-P-00430","lengthM":8.79,"voltageKV":0.24,"phase":"C","phases":1,"conductor":"4/0 AL URD triplex","feeder":"F1-02","feederId":"F1-02","designRole":"service","designKVA":6.24}},{"type":"Feature","id":"electric-E745","geometry":{"type":"LineString","coordinates":[[-80.5966718,43.3007691],[-80.5967889,43.3008017]]},"properties":{"kind":"service","tier":"service","placement":"overhead","from":"electric-TX-00112","to":"electric-N-P-00414","lengthM":10.16,"voltageKV":0.24,"phase":"C","phases":1,"conductor":"1/0 AL triplex","feeder":"F1-02","feederId":"F1-02","designRole":"service","designKVA":4.41}},{"type":"Feature","id":"electric-E747","geometry":{"type":"LineString","coordinates":[[-80.5965078,43.3008652],[-80.5964797,43.3007935],[-80.5964088,43.3008449]]},"properties":{"kind":"service","tier":"service","placement":"underground","from":"electric-TX-00113","to":"electric-N-P-00431","lengthM":16.4,"voltageKV":0.24,"phase":"C","phases":1,"conductor":"4/0 AL URD triplex","feeder":"F1-02","feederId":"F1-02","designRole":"service","designKVA":7.08}},{"type":"Feature","id":"electric-E748","geometry":{"type":"LineString","coordinates":[[-80.5965078,43.3008652],[-80.5965109,43.3009391],[-80.5964552,43.3009901]]},"properties":{"kind":"service","tier":"service","placement":"underground","from":"electric-TX-00113","to":"electric-N-P-00432","lengthM":15.49,"voltageKV":0.24,"phase":"C","phases":1,"conductor":"4/0 AL URD triplex","feeder":"F1-02","feederId":"F1-02","designRole":"service","designKVA":4.68}},{"type":"Feature","id":"electric-E750","geometry":{"type":"LineString","coordinates":[[-80.5967047,43.3009214],[-80.59683,43.3009444]]},"properties":{"kind":"service","tier":"service","placement":"overhead","from":"electric-TX-00114","to":"electric-N-P-00415","lengthM":10.47,"voltageKV":0.24,"phase":"C","phases":1,"conductor":"1/0 AL triplex","feeder":"F1-02","feederId":"F1-02","designRole":"service","designKVA":1.99}},{"type":"Feature","id":"electric-E752","geometry":{"type":"LineString","coordinates":[[-80.5965532,43.3010817],[-80.5965404,43.3010833],[-80.5964734,43.3011403]]},"properties":{"kind":"service","tier":"service","placement":"underground","from":"electric-TX-00115","to":"electric-N-P-00433","lengthM":9.4,"voltageKV":0.24,"phase":"C","phases":1,"conductor":"4/0 AL URD triplex","feeder":"F1-02","feederId":"F1-02","designRole":"service","designKVA":12.75}},{"type":"Feature","id":"electric-E754","geometry":{"type":"LineString","coordinates":[[-80.5967374,43.3010803],[-80.5968679,43.3011089]]},"properties":{"kind":"service","tier":"service","placement":"overhead","from":"electric-TX-00116","to":"electric-N-P-00416","lengthM":11.04,"voltageKV":0.24,"phase":"C","phases":1,"conductor":"1/0 AL triplex","feeder":"F1-02","feederId":"F1-02","designRole":"service","designKVA":4.51}},{"type":"Feature","id":"electric-E756","geometry":{"type":"LineString","coordinates":[[-80.5965823,43.3012348],[-80.5965695,43.301236],[-80.5965107,43.3012758]]},"properties":{"kind":"service","tier":"service","placement":"underground","from":"electric-TX-00117","to":"electric-N-P-00434","lengthM":7.55,"voltageKV":0.24,"phase":"C","phases":1,"conductor":"4/0 AL URD triplex","feeder":"F1-02","feederId":"F1-02","designRole":"service","designKVA":5.72}},{"type":"Feature","id":"electric-E758","geometry":{"type":"LineString","coordinates":[[-80.596766,43.301231],[-80.5968892,43.3012514]]},"properties":{"kind":"service","tier":"service","placement":"overhead","from":"electric-TX-00118","to":"electric-N-P-00417","lengthM":10.24,"voltageKV":0.24,"phase":"C","phases":1,"conductor":"1/0 AL triplex","feeder":"F1-02","feederId":"F1-02","designRole":"service","designKVA":4.45}},{"type":"Feature","id":"electric-E760","geometry":{"type":"LineString","coordinates":[[-80.5966088,43.3013924],[-80.5965961,43.3013935],[-80.5965337,43.3014532]]},"properties":{"kind":"service","tier":"service","placement":"underground","from":"electric-TX-00119","to":"electric-N-P-00435","lengthM":9.39,"voltageKV":0.24,"phase":"C","phases":1,"conductor":"4/0 AL URD triplex","feeder":"F1-02","feederId":"F1-02","designRole":"service","designKVA":4.62}},{"type":"Feature","id":"electric-E762","geometry":{"type":"LineString","coordinates":[[-80.5967911,43.3013819],[-80.5968991,43.3014131]]},"properties":{"kind":"service","tier":"service","placement":"overhead","from":"electric-TX-00120","to":"electric-N-P-00418","lengthM":9.41,"voltageKV":0.24,"phase":"C","phases":1,"conductor":"1/0 AL triplex","feeder":"F1-02","feederId":"F1-02","designRole":"service","designKVA":5.73}},{"type":"Feature","id":"electric-E764","geometry":{"type":"LineString","coordinates":[[-80.5966298,43.3015412],[-80.5966175,43.3015421],[-80.5965478,43.3015651]]},"properties":{"kind":"service","tier":"service","placement":"underground","from":"electric-TX-00121","to":"electric-N-P-00436","lengthM":7.2,"voltageKV":0.24,"phase":"C","phases":1,"conductor":"4/0 AL URD triplex","feeder":"F1-02","feederId":"F1-02","designRole":"service","designKVA":8.49}},{"type":"Feature","id":"electric-E766","geometry":{"type":"LineString","coordinates":[[-80.5968219,43.3016085],[-80.5969414,43.3015854]]},"properties":{"kind":"service","tier":"service","placement":"overhead","from":"electric-TX-00122","to":"electric-N-P-00419","lengthM":10.01,"voltageKV":0.24,"phase":"C","phases":1,"conductor":"1/0 AL triplex","feeder":"F1-02","feederId":"F1-02","designRole":"service","designKVA":1.0}},{"type":"Feature","id":"electric-E767","geometry":{"type":"LineString","coordinates":[[-80.5968219,43.3016085],[-80.5969412,43.3017098]]},"properties":{"kind":"service","tier":"service","placement":"overhead","from":"electric-TX-00122","to":"electric-N-P-00420","lengthM":14.86,"voltageKV":0.24,"phase":"C","phases":1,"conductor":"1/0 AL triplex","feeder":"F1-02","feederId":"F1-02","designRole":"service","designKVA":4.33}},{"type":"Feature","id":"electric-E769","geometry":{"type":"LineString","coordinates":[[-80.5968631,43.3020736],[-80.5966341,43.3016933],[-80.5965655,43.301753]]},"properties":{"kind":"service","tier":"service","placement":"underground","from":"electric-TX-00123","to":"electric-N-P-00437","lengthM":54.88,"voltageKV":0.24,"phase":"C","phases":1,"conductor":"4/0 AL URD triplex","feeder":"F1-02","feederId":"F1-02","designRole":"service","designKVA":6.12}},{"type":"Feature","id":"electric-E770","geometry":{"type":"LineString","coordinates":[[-80.5968631,43.3020736],[-80.5968666,43.3018247],[-80.5969324,43.301868]]},"properties":{"kind":"service","tier":"service","placement":"underground","from":"electric-TX-00123","to":"electric-N-P-00421","lengthM":34.88,"voltageKV":0.24,"phase":"C","phases":1,"conductor":"4/0 AL URD triplex","feeder":"F1-02","feederId":"F1-02","designRole":"service","designKVA":10.26}},{"type":"Feature","id":"electric-E771","geometry":{"type":"LineString","coordinates":[[-80.5968631,43.3020736],[-80.596646,43.3018508],[-80.596574,43.3019049]]},"properties":{"kind":"service","tier":"service","placement":"underground","from":"electric-TX-00123","to":"electric-N-P-00438","lengthM":38.79,"voltageKV":0.24,"phase":"C","phases":1,"conductor":"4/0 AL URD triplex","feeder":"F1-02","feederId":"F1-02","designRole":"service","designKVA":4.7}},{"type":"Feature","id":"electric-E772","geometry":{"type":"LineString","coordinates":[[-80.5968631,43.3020736],[-80.5968735,43.3019881],[-80.596948,43.3020451]]},"properties":{"kind":"service","tier":"service","placement":"underground","from":"electric-TX-00123","to":"electric-N-P-00422","lengthM":18.31,"voltageKV":0.24,"phase":"C","phases":1,"conductor":"4/0 AL URD triplex","feeder":"F1-02","feederId":"F1-02","designRole":"service","designKVA":4.61}},{"type":"Feature","id":"electric-E773","geometry":{"type":"LineString","coordinates":[[-80.5968631,43.3020736],[-80.5966518,43.3019996],[-80.5965884,43.3020303]]},"properties":{"kind":"service","tier":"service","placement":"underground","from":"electric-TX-00123","to":"electric-N-P-00439","lengthM":25.17,"voltageKV":0.24,"phase":"C","phases":1,"conductor":"4/0 AL URD triplex","feeder":"F1-02","feederId":"F1-02","designRole":"service","designKVA":5.47}},{"type":"Feature","id":"electric-E774","geometry":{"type":"LineString","coordinates":[[-80.5968631,43.3020736],[-80.5968743,43.3021482],[-80.5969387,43.3021818]]},"properties":{"kind":"service","tier":"service","placement":"underground","from":"electric-TX-00123","to":"electric-N-P-00423","lengthM":14.77,"voltageKV":0.24,"phase":"C","phases":1,"conductor":"4/0 AL URD triplex","feeder":"F1-02","feederId":"F1-02","designRole":"service","designKVA":6.09}},{"type":"Feature","id":"electric-E775","geometry":{"type":"LineString","coordinates":[[-80.5968631,43.3020736],[-80.5966519,43.3021525],[-80.5965709,43.3022113]]},"properties":{"kind":"service","tier":"service","placement":"underground","from":"electric-TX-00123","to":"electric-N-P-00440","lengthM":28.5,"voltageKV":0.24,"phase":"C","phases":1,"conductor":"4/0 AL URD triplex","feeder":"F1-02","feederId":"F1-02","designRole":"service","designKVA":9.78}},{"type":"Feature","id":"electric-E776","geometry":{"type":"LineString","coordinates":[[-80.5968631,43.3020736],[-80.5968696,43.3022975],[-80.5969469,43.3023351]]},"properties":{"kind":"service","tier":"service","placement":"underground","from":"electric-TX-00123","to":"electric-N-P-00424","lengthM":32.47,"voltageKV":0.24,"phase":"C","phases":1,"conductor":"4/0 AL URD triplex","feeder":"F1-02","feederId":"F1-02","designRole":"service","designKVA":5.5}},{"type":"Feature","id":"electric-E777","geometry":{"type":"LineString","coordinates":[[-80.5968631,43.3020736],[-80.5966471,43.3023001],[-80.5965742,43.3023371]]},"properties":{"kind":"service","tier":"service","placement":"underground","from":"electric-TX-00123","to":"electric-N-P-00441","lengthM":37.9,"voltageKV":0.24,"phase":"C","phases":1,"conductor":"4/0 AL URD triplex","feeder":"F1-02","feederId":"F1-02","designRole":"service","designKVA":5.37}},{"type":"Feature","id":"electric-E778","geometry":{"type":"LineString","coordinates":[[-80.5968631,43.3020736],[-80.5968595,43.3024486],[-80.5969326,43.302509]]},"properties":{"kind":"service","tier":"service","placement":"underground","from":"electric-TX-00123","to":"electric-N-P-00425","lengthM":50.71,"voltageKV":0.24,"phase":"C","phases":1,"conductor":"4/0 AL URD triplex","feeder":"F1-02","feederId":"F1-02","designRole":"service","designKVA":10.57}},{"type":"Feature","id":"electric-E780","geometry":{"type":"LineString","coordinates":[[-80.5968239,43.3026633],[-80.596845,43.3025919],[-80.5969262,43.3026197]]},"properties":{"kind":"service","tier":"service","placement":"underground","from":"electric-TX-00124","to":"electric-N-P-00426","lengthM":15.39,"voltageKV":0.24,"phase":"C","phases":1,"conductor":"4/0 AL URD triplex","feeder":"F1-02","feederId":"F1-02","designRole":"service","designKVA":0.91}},{"type":"Feature","id":"electric-E781","geometry":{"type":"LineString","coordinates":[[-80.5968239,43.3026633],[-80.5968252,43.3027381],[-80.5968901,43.3027814]]},"properties":{"kind":"service","tier":"service","placement":"underground","from":"electric-TX-00124","to":"electric-N-P-00427","lengthM":15.46,"voltageKV":0.24,"phase":"C","phases":1,"conductor":"4/0 AL URD triplex","feeder":"F1-02","feederId":"F1-02","designRole":"service","designKVA":2.43}},{"type":"Feature","id":"electric-E783","geometry":{"type":"LineString","coordinates":[[-80.5964903,43.2998023],[-80.5965638,43.2997559]]},"properties":{"kind":"service","tier":"service","placement":"overhead","from":"electric-TX-00125","to":"electric-N-P-00442","lengthM":7.88,"voltageKV":0.24,"phase":"C","phases":1,"conductor":"1/0 AL triplex","feeder":"F1-02","feederId":"F1-02","designRole":"service","designKVA":4.83}},{"type":"Feature","id":"electric-E785","geometry":{"type":"LineString","coordinates":[[-80.5962253,43.299967],[-80.5961917,43.3001653]]},"properties":{"kind":"service","tier":"service","placement":"overhead","from":"electric-TX-00126","to":"electric-N-P-00443","lengthM":22.24,"voltageKV":0.24,"phase":"C","phases":1,"conductor":"1/0 AL triplex","feeder":"F1-02","feederId":"F1-02","designRole":"service","designKVA":8.23}},{"type":"Feature","id":"electric-E787","geometry":{"type":"LineString","coordinates":[[-80.5957812,43.3001],[-80.5960057,43.300109],[-80.595932,43.3001638]]},"properties":{"kind":"service","tier":"service","placement":"underground","from":"electric-TX-00127","to":"electric-N-P-00444","lengthM":26.76,"voltageKV":0.24,"phase":"A","phases":1,"conductor":"4/0 AL URD triplex","feeder":"F1-02","feederId":"F1-02","designRole":"service","designKVA":5.84}},{"type":"Feature","id":"electric-E788","geometry":{"type":"LineString","coordinates":[[-80.5957812,43.3001],[-80.5959948,43.2999473],[-80.5959636,43.2999003]]},"properties":{"kind":"service","tier":"service","placement":"underground","from":"electric-TX-00127","to":"electric-N-P-00447","lengthM":30.06,"voltageKV":0.24,"phase":"A","phases":1,"conductor":"4/0 AL URD triplex","feeder":"F1-02","feederId":"F1-02","designRole":"service","designKVA":11.6}},{"type":"Feature","id":"electric-E789","geometry":{"type":"LineString","coordinates":[[-80.5957812,43.3001],[-80.5957835,43.2999473],[-80.5957311,43.2999018]]},"properties":{"kind":"service","tier":"service","placement":"underground","from":"electric-TX-00127","to":"electric-N-P-00448","lengthM":23.6,"voltageKV":0.24,"phase":"A","phases":1,"conductor":"4/0 AL URD triplex","feeder":"F1-02","feederId":"F1-02","designRole":"service","designKVA":1.02}},{"type":"Feature","id":"electric-E790","geometry":{"type":"LineString","coordinates":[[-80.5957812,43.3001],[-80.5957789,43.300109],[-80.595747,43.3001586]]},"properties":{"kind":"service","tier":"service","placement":"underground","from":"electric-TX-00127","to":"electric-N-P-00445","lengthM":7.12,"voltageKV":0.24,"phase":"A","phases":1,"conductor":"4/0 AL URD triplex","feeder":"F1-02","feederId":"F1-02","designRole":"service","designKVA":5.68}},{"type":"Feature","id":"electric-E791","geometry":{"type":"LineString","coordinates":[[-80.5957812,43.3001],[-80.5955631,43.2999473],[-80.5955028,43.2998984]]},"properties":{"kind":"service","tier":"service","placement":"underground","from":"electric-TX-00127","to":"electric-N-P-00449","lengthM":31.83,"voltageKV":0.24,"phase":"A","phases":1,"conductor":"4/0 AL URD triplex","feeder":"F1-02","feederId":"F1-02","designRole":"service","designKVA":1.13}},{"type":"Feature","id":"electric-E792","geometry":{"type":"LineString","coordinates":[[-80.5957812,43.3001],[-80.5955537,43.300109],[-80.5954966,43.3001684]]},"properties":{"kind":"service","tier":"service","placement":"underground","from":"electric-TX-00127","to":"electric-N-P-00446","lengthM":26.52,"voltageKV":0.24,"phase":"A","phases":1,"conductor":"4/0 AL URD triplex","feeder":"F1-02","feederId":"F1-02","designRole":"service","designKVA":5.6}},{"type":"Feature","id":"electric-E794","geometry":{"type":"LineString","coordinates":[[-80.5963128,43.2986984],[-80.5963114,43.2983948],[-80.5963764,43.298421]]},"properties":{"kind":"service","tier":"service","placement":"underground","from":"electric-TX-00128","to":"electric-N-P-00450","lengthM":39.83,"voltageKV":0.24,"phase":"B","phases":1,"conductor":"4/0 AL URD triplex","feeder":"F1-02","feederId":"F1-02","designRole":"service","designKVA":17.58}},{"type":"Feature","id":"electric-E795","geometry":{"type":"LineString","coordinates":[[-80.5963128,43.2986984],[-80.5960946,43.2985467],[-80.5960313,43.2985756]]},"properties":{"kind":"service","tier":"service","placement":"underground","from":"electric-TX-00128","to":"electric-N-P-00457","lengthM":30.49,"voltageKV":0.24,"phase":"B","phases":1,"conductor":"4/0 AL URD triplex","feeder":"F1-02","feederId":"F1-02","designRole":"service","designKVA":4.48}},{"type":"Feature","id":"electric-E796","geometry":{"type":"LineString","coordinates":[[-80.5963128,43.2986984],[-80.596317,43.298546],[-80.5963816,43.2985764]]},"properties":{"kind":"service","tier":"service","placement":"underground","from":"electric-TX-00128","to":"electric-N-P-00451","lengthM":23.2,"voltageKV":0.24,"phase":"B","phases":1,"conductor":"4/0 AL URD triplex","feeder":"F1-02","feederId":"F1-02","designRole":"service","designKVA":13.01}},{"type":"Feature","id":"electric-E797","geometry":{"type":"LineString","coordinates":[[-80.5963128,43.2986984],[-80.5961039,43.2987017],[-80.5960394,43.2987517]]},"properties":{"kind":"service","tier":"service","placement":"underground","from":"electric-TX-00128","to":"electric-N-P-00458","lengthM":24.55,"voltageKV":0.24,"phase":"B","phases":1,"conductor":"4/0 AL URD triplex","feeder":"F1-02","feederId":"F1-02","designRole":"service","designKVA":6.31}},{"type":"Feature","id":"electric-E798","geometry":{"type":"LineString","coordinates":[[-80.5963128,43.2986984],[-80.5963265,43.2987036],[-80.5964089,43.298738]]},"properties":{"kind":"service","tier":"service","placement":"underground","from":"electric-TX-00128","to":"electric-N-P-00452","lengthM":8.95,"voltageKV":0.24,"phase":"B","phases":1,"conductor":"4/0 AL URD triplex","feeder":"F1-02","feederId":"F1-02","designRole":"service","designKVA":10.61}},{"type":"Feature","id":"electric-E799","geometry":{"type":"LineString","coordinates":[[-80.5963128,43.2986984],[-80.5963379,43.2988428],[-80.5964361,43.2988563]]},"properties":{"kind":"service","tier":"service","placement":"underground","from":"electric-TX-00128","to":"electric-N-P-00453","lengthM":24.3,"voltageKV":0.24,"phase":"B","phases":1,"conductor":"4/0 AL URD triplex","feeder":"F1-02","feederId":"F1-02","designRole":"service","designKVA":9.21}},{"type":"Feature","id":"electric-E800","geometry":{"type":"LineString","coordinates":[[-80.5963128,43.2986984],[-80.5961166,43.2988572],[-80.5960523,43.2989117]]},"properties":{"kind":"service","tier":"service","placement":"underground","from":"electric-TX-00128","to":"electric-N-P-00459","lengthM":31.77,"voltageKV":0.24,"phase":"B","phases":1,"conductor":"4/0 AL URD triplex","feeder":"F1-02","feederId":"F1-02","designRole":"service","designKVA":5.44}},{"type":"Feature","id":"electric-E801","geometry":{"type":"LineString","coordinates":[[-80.5963128,43.2986984],[-80.5961312,43.2990006],[-80.5960573,43.2990463]]},"properties":{"kind":"service","tier":"service","placement":"underground","from":"electric-TX-00128","to":"electric-N-P-00460","lengthM":44.57,"voltageKV":0.24,"phase":"B","phases":1,"conductor":"4/0 AL URD triplex","feeder":"F1-02","feederId":"F1-02","designRole":"service","designKVA":5.56}},{"type":"Feature","id":"electric-E803","geometry":{"type":"LineString","coordinates":[[-80.5961585,43.2990015],[-80.596457,43.2990465]]},"properties":{"kind":"service","tier":"service","placement":"overhead","from":"electric-TX-00129","to":"electric-N-P-00454","lengthM":24.7,"voltageKV":0.24,"phase":"B","phases":1,"conductor":"1/0 AL triplex","feeder":"F1-02","feederId":"F1-02","designRole":"service","designKVA":4.69}},{"type":"Feature","id":"electric-E805","geometry":{"type":"LineString","coordinates":[[-80.5961607,43.2991441],[-80.5961485,43.299145],[-80.5960912,43.2991961]]},"properties":{"kind":"service","tier":"service","placement":"underground","from":"electric-TX-00130","to":"electric-N-P-00461","lengthM":8.34,"voltageKV":0.24,"phase":"B","phases":1,"conductor":"4/0 AL URD triplex","feeder":"F1-02","feederId":"F1-02","designRole":"service","designKVA":0.99}},{"type":"Feature","id":"electric-E807","geometry":{"type":"LineString","coordinates":[[-80.5961768,43.2991533],[-80.5964586,43.2991496]]},"properties":{"kind":"service","tier":"service","placement":"overhead","from":"electric-TX-00131","to":"electric-N-P-00455","lengthM":22.83,"voltageKV":0.24,"phase":"B","phases":1,"conductor":"1/0 AL triplex","feeder":"F1-02","feederId":"F1-02","designRole":"service","designKVA":4.21}},{"type":"Feature","id":"electric-E809","geometry":{"type":"LineString","coordinates":[[-80.5961817,43.2993026],[-80.5961696,43.2993035],[-80.5960932,43.2993431]]},"properties":{"kind":"service","tier":"service","placement":"underground","from":"electric-TX-00132","to":"electric-N-P-00462","lengthM":8.59,"voltageKV":0.24,"phase":"B","phases":1,"conductor":"4/0 AL URD triplex","feeder":"F1-02","feederId":"F1-02","designRole":"service","designKVA":4.49}},{"type":"Feature","id":"electric-E811","geometry":{"type":"LineString","coordinates":[[-80.5961967,43.2993035],[-80.5964738,43.2993368]]},"properties":{"kind":"service","tier":"service","placement":"overhead","from":"electric-TX-00133","to":"electric-N-P-00456","lengthM":22.75,"voltageKV":0.24,"phase":"B","phases":1,"conductor":"1/0 AL triplex","feeder":"F1-02","feederId":"F1-02","designRole":"service","designKVA":6.05}},{"type":"Feature","id":"electric-E813","geometry":{"type":"LineString","coordinates":[[-80.5955886,43.3013165],[-80.595714,43.3018431],[-80.5957711,43.3017887]]},"properties":{"kind":"service","tier":"service","placement":"underground","from":"electric-TX-00134","to":"electric-N-P-00471","lengthM":67.12,"voltageKV":0.24,"phase":"A","phases":1,"conductor":"4/0 AL URD triplex","feeder":"F1-02","feederId":"F1-02","designRole":"service","designKVA":11.5}},{"type":"Feature","id":"electric-E814","geometry":{"type":"LineString","coordinates":[[-80.5955886,43.3013165],[-80.5956835,43.3016955],[-80.5957539,43.3016255]]},"properties":{"kind":"service","tier":"service","placement":"underground","from":"electric-TX-00134","to":"electric-N-P-00472","lengthM":52.55,"voltageKV":0.24,"phase":"A","phases":1,"conductor":"4/0 AL URD triplex","feeder":"F1-02","feederId":"F1-02","designRole":"service","designKVA":11.23}},{"type":"Feature","id":"electric-E815","geometry":{"type":"LineString","coordinates":[[-80.5955886,43.3013165],[-80.5956491,43.3015365],[-80.5957067,43.3014806]]},"properties":{"kind":"service","tier":"service","placement":"underground","from":"electric-TX-00134","to":"electric-N-P-00473","lengthM":32.75,"voltageKV":0.24,"phase":"A","phases":1,"conductor":"4/0 AL URD triplex","feeder":"F1-02","feederId":"F1-02","designRole":"service","designKVA":5.7}},{"type":"Feature","id":"electric-E816","geometry":{"type":"LineString","coordinates":[[-80.5955886,43.3013165],[-80.5956166,43.3013877],[-80.5956762,43.3013483]]},"properties":{"kind":"service","tier":"service","placement":"underground","from":"electric-TX-00134","to":"electric-N-P-00474","lengthM":14.77,"voltageKV":0.24,"phase":"A","phases":1,"conductor":"4/0 AL URD triplex","feeder":"F1-02","feederId":"F1-02","designRole":"service","designKVA":5.67}},{"type":"Feature","id":"electric-E817","geometry":{"type":"LineString","coordinates":[[-80.5955886,43.3013165],[-80.5955857,43.3012432],[-80.5956563,43.3011988]]},"properties":{"kind":"service","tier":"service","placement":"underground","from":"electric-TX-00134","to":"electric-N-P-00475","lengthM":15.73,"voltageKV":0.24,"phase":"A","phases":1,"conductor":"4/0 AL URD triplex","feeder":"F1-02","feederId":"F1-02","designRole":"service","designKVA":5.89}},{"type":"Feature","id":"electric-E818","geometry":{"type":"LineString","coordinates":[[-80.5955886,43.3013165],[-80.5953592,43.3012355],[-80.5952896,43.3012095]]},"properties":{"kind":"service","tier":"service","placement":"underground","from":"electric-TX-00134","to":"electric-N-P-00463","lengthM":27.0,"voltageKV":0.24,"phase":"A","phases":1,"conductor":"4/0 AL URD triplex","feeder":"F1-02","feederId":"F1-02","designRole":"service","designKVA":5.7}},{"type":"Feature","id":"electric-E819","geometry":{"type":"LineString","coordinates":[[-80.5955886,43.3013165],[-80.5955545,43.3010907],[-80.5956105,43.3010349]]},"properties":{"kind":"service","tier":"service","placement":"underground","from":"electric-TX-00134","to":"electric-N-P-00476","lengthM":32.98,"voltageKV":0.24,"phase":"A","phases":1,"conductor":"4/0 AL URD triplex","feeder":"F1-02","feederId":"F1-02","designRole":"service","designKVA":2.25}},{"type":"Feature","id":"electric-E820","geometry":{"type":"LineString","coordinates":[[-80.5955886,43.3013165],[-80.5953304,43.3010925],[-80.5952405,43.301081]]},"properties":{"kind":"service","tier":"service","placement":"underground","from":"electric-TX-00134","to":"electric-N-P-00464","lengthM":39.95,"voltageKV":0.24,"phase":"A","phases":1,"conductor":"4/0 AL URD triplex","feeder":"F1-02","feederId":"F1-02","designRole":"service","designKVA":5.72}},{"type":"Feature","id":"electric-E822","geometry":{"type":"LineString","coordinates":[[-80.5952695,43.3006466],[-80.5955251,43.300935],[-80.5955844,43.300887]]},"properties":{"kind":"service","tier":"service","placement":"underground","from":"electric-TX-00135","to":"electric-N-P-00477","lengthM":45.39,"voltageKV":0.24,"phase":"A","phases":1,"conductor":"4/0 AL URD triplex","feeder":"F1-02","feederId":"F1-02","designRole":"service","designKVA":2.12}},{"type":"Feature","id":"electric-E823","geometry":{"type":"LineString","coordinates":[[-80.5952695,43.3006466],[-80.5953032,43.3009471],[-80.5952332,43.3009147]]},"properties":{"kind":"service","tier":"service","placement":"underground","from":"electric-TX-00135","to":"electric-N-P-00465","lengthM":40.28,"voltageKV":0.24,"phase":"A","phases":1,"conductor":"4/0 AL URD triplex","feeder":"F1-02","feederId":"F1-02","designRole":"service","designKVA":5.41}},{"type":"Feature","id":"electric-E824","geometry":{"type":"LineString","coordinates":[[-80.5952695,43.3006466],[-80.5955008,43.3007917],[-80.5955736,43.3007614]]},"properties":{"kind":"service","tier":"service","placement":"underground","from":"electric-TX-00135","to":"electric-N-P-00478","lengthM":31.54,"voltageKV":0.24,"phase":"A","phases":1,"conductor":"4/0 AL URD triplex","feeder":"F1-02","feederId":"F1-02","designRole":"service","designKVA":5.44}},{"type":"Feature","id":"electric-E825","geometry":{"type":"LineString","coordinates":[[-80.5952695,43.3006466],[-80.5952774,43.3007907],[-80.5951975,43.3007497]]},"properties":{"kind":"service","tier":"service","placement":"underground","from":"electric-TX-00135","to":"electric-N-P-00466","lengthM":23.98,"voltageKV":0.24,"phase":"A","phases":1,"conductor":"4/0 AL URD triplex","feeder":"F1-02","feederId":"F1-02","designRole":"service","designKVA":6.19}},{"type":"Feature","id":"electric-E826","geometry":{"type":"LineString","coordinates":[[-80.5952695,43.3006466],[-80.5954807,43.3006486],[-80.5955468,43.3006186]]},"properties":{"kind":"service","tier":"service","placement":"underground","from":"electric-TX-00135","to":"electric-N-P-00479","lengthM":23.42,"voltageKV":0.24,"phase":"A","phases":1,"conductor":"4/0 AL URD triplex","feeder":"F1-02","feederId":"F1-02","designRole":"service","designKVA":10.29}},{"type":"Feature","id":"electric-E827","geometry":{"type":"LineString","coordinates":[[-80.5952695,43.3006466],[-80.5952553,43.3006318],[-80.5951723,43.3006109]]},"properties":{"kind":"service","tier":"service","placement":"underground","from":"electric-TX-00135","to":"electric-N-P-00467","lengthM":9.12,"voltageKV":0.24,"phase":"A","phases":1,"conductor":"4/0 AL URD triplex","feeder":"F1-02","feederId":"F1-02","designRole":"service","designKVA":5.57}},{"type":"Feature","id":"electric-E828","geometry":{"type":"LineString","coordinates":[[-80.5952695,43.3006466],[-80.5954633,43.3004892],[-80.5955332,43.3004379]]},"properties":{"kind":"service","tier":"service","placement":"underground","from":"electric-TX-00135","to":"electric-N-P-00480","lengthM":31.57,"voltageKV":0.24,"phase":"A","phases":1,"conductor":"4/0 AL URD triplex","feeder":"F1-02","feederId":"F1-02","designRole":"service","designKVA":6.14}},{"type":"Feature","id":"electric-E829","geometry":{"type":"LineString","coordinates":[[-80.5952695,43.3006466],[-80.5952403,43.3004905],[-80.5951547,43.3004724]]},"properties":{"kind":"service","tier":"service","placement":"underground","from":"electric-TX-00135","to":"electric-N-P-00468","lengthM":24.76,"voltageKV":0.24,"phase":"A","phases":1,"conductor":"4/0 AL URD triplex","feeder":"F1-02","feederId":"F1-02","designRole":"service","designKVA":5.41}},{"type":"Feature","id":"electric-E830","geometry":{"type":"LineString","coordinates":[[-80.5952695,43.3006466],[-80.5952298,43.3003439],[-80.5951479,43.3003165]]},"properties":{"kind":"service","tier":"service","placement":"underground","from":"electric-TX-00135","to":"electric-N-P-00469","lengthM":41.15,"voltageKV":0.24,"phase":"A","phases":1,"conductor":"4/0 AL URD triplex","feeder":"F1-02","feederId":"F1-02","designRole":"service","designKVA":1.06}},{"type":"Feature","id":"electric-E831","geometry":{"type":"LineString","coordinates":[[-80.5952695,43.3006466],[-80.5952235,43.3001867],[-80.5951471,43.3001327]]},"properties":{"kind":"service","tier":"service","placement":"underground","from":"electric-TX-00135","to":"electric-N-P-00470","lengthM":59.96,"voltageKV":0.24,"phase":"A","phases":1,"conductor":"4/0 AL URD triplex","feeder":"F1-02","feederId":"F1-02","designRole":"service","designKVA":13.04}},{"type":"Feature","id":"electric-E833","geometry":{"type":"LineString","coordinates":[[-80.6009717,43.2997398],[-80.6009888,43.2994795],[-80.6009229,43.2994684]]},"properties":{"kind":"service","tier":"service","placement":"underground","from":"electric-TX-00136","to":"electric-N-P-00482","lengthM":34.49,"voltageKV":0.208,"phase":"ABC","phases":3,"conductor":"4/0 AL URD triplex","feeder":"F1-01","feederId":"F1-01","designRole":"service","designKVA":21.37}},{"type":"Feature","id":"electric-E834","geometry":{"type":"LineString","coordinates":[[-80.6009717,43.2997398],[-80.6009591,43.2997487],[-80.6008917,43.299763]]},"properties":{"kind":"service","tier":"service","placement":"underground","from":"electric-TX-00136","to":"electric-N-P-00481","lengthM":7.11,"voltageKV":0.208,"phase":"ABC","phases":3,"conductor":"4/0 AL URD triplex","feeder":"F1-01","feederId":"F1-01","designRole":"service","designKVA":22.8}},{"type":"Feature","id":"electric-E836","geometry":{"type":"LineString","coordinates":[[-80.6005043,43.2966233],[-80.6005029,43.2964763],[-80.6004834,43.2965306]]},"properties":{"kind":"service","tier":"service","placement":"underground","from":"electric-TX-00137","to":"electric-N-P-00499","lengthM":22.62,"voltageKV":0.208,"phase":"ABC","phases":3,"conductor":"4/0 AL URD triplex","feeder":"F1-01","feederId":"F1-01","designRole":"service","designKVA":22.84}},{"type":"Feature","id":"electric-E837","geometry":{"type":"LineString","coordinates":[[-80.6005043,43.2966233],[-80.6004919,43.2966228],[-80.6004712,43.2966783]]},"properties":{"kind":"service","tier":"service","placement":"underground","from":"electric-TX-00137","to":"electric-N-P-00500","lengthM":7.4,"voltageKV":0.208,"phase":"ABC","phases":3,"conductor":"4/0 AL URD triplex","feeder":"F1-01","feederId":"F1-01","designRole":"service","designKVA":23.26}},{"type":"Feature","id":"electric-E838","geometry":{"type":"LineString","coordinates":[[-80.6005043,43.2966233],[-80.6004814,43.2967689],[-80.6004602,43.2968226]]},"properties":{"kind":"service","tier":"service","placement":"underground","from":"electric-TX-00137","to":"electric-N-P-00501","lengthM":22.53,"voltageKV":0.208,"phase":"ABC","phases":3,"conductor":"4/0 AL URD triplex","feeder":"F1-01","feederId":"F1-01","designRole":"service","designKVA":23.23}},{"type":"Feature","id":"electric-E840","geometry":{"type":"LineString","coordinates":[[-80.6004829,43.2969237],[-80.6004711,43.2969171],[-80.6004471,43.2969745]]},"properties":{"kind":"service","tier":"service","placement":"underground","from":"electric-TX-00138","to":"electric-N-P-00502","lengthM":7.88,"voltageKV":0.208,"phase":"ABC","phases":3,"conductor":"4/0 AL URD triplex","feeder":"F1-01","feederId":"F1-01","designRole":"service","designKVA":23.28}},{"type":"Feature","id":"electric-E841","geometry":{"type":"LineString","coordinates":[[-80.6004829,43.2969237],[-80.6008405,43.2969366],[-80.6008536,43.2969902]]},"properties":{"kind":"service","tier":"service","placement":"underground","from":"electric-TX-00138","to":"electric-N-P-00483","lengthM":35.06,"voltageKV":0.208,"phase":"ABC","phases":3,"conductor":"4/0 AL URD triplex","feeder":"F1-01","feederId":"F1-01","designRole":"service","designKVA":22.96}},{"type":"Feature","id":"electric-E842","geometry":{"type":"LineString","coordinates":[[-80.6004829,43.2969237],[-80.6004607,43.29707],[-80.6004401,43.2971278]]},"properties":{"kind":"service","tier":"service","placement":"underground","from":"electric-TX-00138","to":"electric-N-P-00503","lengthM":23.04,"voltageKV":0.208,"phase":"ABC","phases":3,"conductor":"4/0 AL URD triplex","feeder":"F1-01","feederId":"F1-01","designRole":"service","designKVA":23.42}},{"type":"Feature","id":"electric-E844","geometry":{"type":"LineString","coordinates":[[-80.6008089,43.2972272],[-80.6008305,43.2970853],[-80.6008463,43.2971459]]},"properties":{"kind":"service","tier":"service","placement":"underground","from":"electric-TX-00139","to":"electric-N-P-00484","lengthM":22.77,"voltageKV":0.208,"phase":"ABC","phases":3,"conductor":"4/0 AL URD triplex","feeder":"F1-01","feederId":"F1-01","designRole":"service","designKVA":24.82}},{"type":"Feature","id":"electric-E845","geometry":{"type":"LineString","coordinates":[[-80.6008089,43.2972272],[-80.6008212,43.2972276],[-80.6008367,43.2972756]]},"properties":{"kind":"service","tier":"service","placement":"underground","from":"electric-TX-00139","to":"electric-N-P-00485","lengthM":6.49,"voltageKV":0.208,"phase":"ABC","phases":3,"conductor":"4/0 AL URD triplex","feeder":"F1-01","feederId":"F1-01","designRole":"service","designKVA":21.27}},{"type":"Feature","id":"electric-E846","geometry":{"type":"LineString","coordinates":[[-80.6008089,43.2972272],[-80.600451,43.2972206],[-80.6004316,43.2972763]]},"properties":{"kind":"service","tier":"service","placement":"underground","from":"electric-TX-00139","to":"electric-N-P-00504","lengthM":35.39,"voltageKV":0.208,"phase":"ABC","phases":3,"conductor":"4/0 AL URD triplex","feeder":"F1-01","feederId":"F1-01","designRole":"service","designKVA":38.54}},{"type":"Feature","id":"electric-E848","geometry":{"type":"LineString","coordinates":[[-80.6007993,43.2973807],[-80.6008123,43.2973704],[-80.6008266,43.2974314]]},"properties":{"kind":"service","tier":"service","placement":"underground","from":"electric-TX-00140","to":"electric-N-P-00486","lengthM":8.44,"voltageKV":0.208,"phase":"ABC","phases":3,"conductor":"4/0 AL URD triplex","feeder":"F1-01","feederId":"F1-01","designRole":"service","designKVA":40.42}},{"type":"Feature","id":"electric-E849","geometry":{"type":"LineString","coordinates":[[-80.6007993,43.2973807],[-80.6004417,43.2973691],[-80.6004183,43.297425]]},"properties":{"kind":"service","tier":"service","placement":"underground","from":"electric-TX-00140","to":"electric-N-P-00505","lengthM":35.5,"voltageKV":0.208,"phase":"ABC","phases":3,"conductor":"4/0 AL URD triplex","feeder":"F1-01","feederId":"F1-01","designRole":"service","designKVA":38.24}},{"type":"Feature","id":"electric-E850","geometry":{"type":"LineString","coordinates":[[-80.6007993,43.2973807],[-80.600803,43.2975261],[-80.6008133,43.2975851]]},"properties":{"kind":"service","tier":"service","placement":"underground","from":"electric-TX-00140","to":"electric-N-P-00487","lengthM":22.81,"voltageKV":0.208,"phase":"ABC","phases":3,"conductor":"4/0 AL URD triplex","feeder":"F1-01","feederId":"F1-01","designRole":"service","designKVA":37.7}},{"type":"Feature","id":"electric-E852","geometry":{"type":"LineString","coordinates":[[-80.6004366,43.2976673],[-80.6004328,43.2975179],[-80.6004052,43.2975737]]},"properties":{"kind":"service","tier":"service","placement":"underground","from":"electric-TX-00141","to":"electric-N-P-00506","lengthM":23.24,"voltageKV":0.208,"phase":"ABC","phases":3,"conductor":"4/0 AL URD triplex","feeder":"F1-01","feederId":"F1-01","designRole":"service","designKVA":23.36}},{"type":"Feature","id":"electric-E853","geometry":{"type":"LineString","coordinates":[[-80.6004366,43.2976673],[-80.6007943,43.2976782],[-80.6008161,43.2977362]]},"properties":{"kind":"service","tier":"service","placement":"underground","from":"electric-TX-00141","to":"electric-N-P-00488","lengthM":35.7,"voltageKV":0.208,"phase":"ABC","phases":3,"conductor":"4/0 AL URD triplex","feeder":"F1-01","feederId":"F1-01","designRole":"service","designKVA":37.07}},{"type":"Feature","id":"electric-E854","geometry":{"type":"LineString","coordinates":[[-80.6004366,43.2976673],[-80.6004241,43.2976713],[-80.6004005,43.2977312]]},"properties":{"kind":"service","tier":"service","placement":"underground","from":"electric-TX-00141","to":"electric-N-P-00507","lengthM":8.04,"voltageKV":0.208,"phase":"ABC","phases":3,"conductor":"4/0 AL URD triplex","feeder":"F1-01","feederId":"F1-01","designRole":"service","designKVA":36.77}},{"type":"Feature","id":"electric-E856","geometry":{"type":"LineString","coordinates":[[-80.6007667,43.297968],[-80.6007866,43.2978209],[-80.6008062,43.297872]]},"properties":{"kind":"service","tier":"service","placement":"underground","from":"electric-TX-00142","to":"electric-N-P-00489","lengthM":22.35,"voltageKV":0.208,"phase":"ABC","phases":3,"conductor":"4/0 AL URD triplex","feeder":"F1-01","feederId":"F1-01","designRole":"service","designKVA":33.31}},{"type":"Feature","id":"electric-E857","geometry":{"type":"LineString","coordinates":[[-80.6007667,43.297968],[-80.6007791,43.2979682],[-80.6007926,43.2980299]]},"properties":{"kind":"service","tier":"service","placement":"underground","from":"electric-TX-00142","to":"electric-N-P-00490","lengthM":7.96,"voltageKV":0.208,"phase":"ABC","phases":3,"conductor":"4/0 AL URD triplex","feeder":"F1-01","feederId":"F1-01","designRole":"service","designKVA":36.4}},{"type":"Feature","id":"electric-E858","geometry":{"type":"LineString","coordinates":[[-80.6007667,43.297968],[-80.6007719,43.2981181],[-80.600795,43.2981714]]},"properties":{"kind":"service","tier":"service","placement":"underground","from":"electric-TX-00142","to":"electric-N-P-00491","lengthM":22.94,"voltageKV":0.208,"phase":"ABC","phases":3,"conductor":"4/0 AL URD triplex","feeder":"F1-01","feederId":"F1-01","designRole":"service","designKVA":21.11}},{"type":"Feature","id":"electric-E860","geometry":{"type":"LineString","coordinates":[[-80.6007529,43.2982662],[-80.6007655,43.2982605],[-80.6007781,43.2983156]]},"properties":{"kind":"service","tier":"service","placement":"underground","from":"electric-TX-00143","to":"electric-N-P-00492","lengthM":7.42,"voltageKV":0.208,"phase":"ABC","phases":3,"conductor":"4/0 AL URD triplex","feeder":"F1-01","feederId":"F1-01","designRole":"service","designKVA":21.07}},{"type":"Feature","id":"electric-E861","geometry":{"type":"LineString","coordinates":[[-80.6007529,43.2982662],[-80.6003951,43.2982579],[-80.600374,43.2983072]]},"properties":{"kind":"service","tier":"service","placement":"underground","from":"electric-TX-00143","to":"electric-N-P-00508","lengthM":34.75,"voltageKV":0.208,"phase":"ABC","phases":3,"conductor":"4/0 AL URD triplex","feeder":"F1-01","feederId":"F1-01","designRole":"service","designKVA":19.3}},{"type":"Feature","id":"electric-E862","geometry":{"type":"LineString","coordinates":[[-80.6007529,43.2982662],[-80.6007593,43.2984102],[-80.6007802,43.2984698]]},"properties":{"kind":"service","tier":"service","placement":"underground","from":"electric-TX-00143","to":"electric-N-P-00493","lengthM":22.88,"voltageKV":0.208,"phase":"ABC","phases":3,"conductor":"4/0 AL URD triplex","feeder":"F1-01","feederId":"F1-01","designRole":"service","designKVA":32.86}},{"type":"Feature","id":"electric-E864","geometry":{"type":"LineString","coordinates":[[-80.6003955,43.2985532],[-80.600389,43.2984047],[-80.6003671,43.2984657]]},"properties":{"kind":"service","tier":"service","placement":"underground","from":"electric-TX-00144","to":"electric-N-P-00509","lengthM":23.56,"voltageKV":0.208,"phase":"ABC","phases":3,"conductor":"4/0 AL URD triplex","feeder":"F1-01","feederId":"F1-01","designRole":"service","designKVA":20.76}},{"type":"Feature","id":"electric-E865","geometry":{"type":"LineString","coordinates":[[-80.6003955,43.2985532],[-80.6007535,43.2985603],[-80.6007685,43.2986156]]},"properties":{"kind":"service","tier":"service","placement":"underground","from":"electric-TX-00144","to":"electric-N-P-00494","lengthM":35.29,"voltageKV":0.208,"phase":"ABC","phases":3,"conductor":"4/0 AL URD triplex","feeder":"F1-01","feederId":"F1-01","designRole":"service","designKVA":31.0}},{"type":"Feature","id":"electric-E866","geometry":{"type":"LineString","coordinates":[[-80.6003955,43.2985532],[-80.6003829,43.2985637],[-80.6003646,43.2986239]]},"properties":{"kind":"service","tier":"service","placement":"underground","from":"electric-TX-00144","to":"electric-N-P-00510","lengthM":8.42,"voltageKV":0.208,"phase":"ABC","phases":3,"conductor":"4/0 AL URD triplex","feeder":"F1-01","feederId":"F1-01","designRole":"service","designKVA":30.69}},{"type":"Feature","id":"electric-E868","geometry":{"type":"LineString","coordinates":[[-80.6003901,43.2987089],[-80.6007481,43.2987134],[-80.600762,43.2987754]]},"properties":{"kind":"service","tier":"service","placement":"underground","from":"electric-TX-00145","to":"electric-N-P-00495","lengthM":36.0,"voltageKV":0.208,"phase":"ABC","phases":3,"conductor":"4/0 AL URD triplex","feeder":"F1-01","feederId":"F1-01","designRole":"service","designKVA":21.43}},{"type":"Feature","id":"electric-E869","geometry":{"type":"LineString","coordinates":[[-80.6003901,43.2987089],[-80.6003778,43.2987086],[-80.6003621,43.2987574]]},"properties":{"kind":"service","tier":"service","placement":"underground","from":"electric-TX-00145","to":"electric-N-P-00511","lengthM":6.58,"voltageKV":0.208,"phase":"ABC","phases":3,"conductor":"4/0 AL URD triplex","feeder":"F1-01","feederId":"F1-01","designRole":"service","designKVA":27.0}},{"type":"Feature","id":"electric-E870","geometry":{"type":"LineString","coordinates":[[-80.6003901,43.2987089],[-80.6003734,43.2988496],[-80.6003467,43.2989064]]},"properties":{"kind":"service","tier":"service","placement":"underground","from":"electric-TX-00145","to":"electric-N-P-00512","lengthM":22.4,"voltageKV":0.208,"phase":"ABC","phases":3,"conductor":"4/0 AL URD triplex","feeder":"F1-01","feederId":"F1-01","designRole":"service","designKVA":29.34}},{"type":"Feature","id":"electric-E872","geometry":{"type":"LineString","coordinates":[[-80.600727,43.2990041],[-80.6007431,43.2988703],[-80.6007634,43.2989291]]},"properties":{"kind":"service","tier":"service","placement":"underground","from":"electric-TX-00146","to":"electric-N-P-00496","lengthM":21.7,"voltageKV":0.208,"phase":"ABC","phases":3,"conductor":"4/0 AL URD triplex","feeder":"F1-01","feederId":"F1-01","designRole":"service","designKVA":31.87}},{"type":"Feature","id":"electric-E873","geometry":{"type":"LineString","coordinates":[[-80.600727,43.2990041],[-80.6003692,43.2989991],[-80.6003425,43.2990552]]},"properties":{"kind":"service","tier":"service","placement":"underground","from":"electric-TX-00146","to":"electric-N-P-00513","lengthM":35.6,"voltageKV":0.208,"phase":"ABC","phases":3,"conductor":"4/0 AL URD triplex","feeder":"F1-01","feederId":"F1-01","designRole":"service","designKVA":29.32}},{"type":"Feature","id":"electric-E874","geometry":{"type":"LineString","coordinates":[[-80.600727,43.2990041],[-80.6007391,43.2990155],[-80.6007634,43.2990671]]},"properties":{"kind":"service","tier":"service","placement":"underground","from":"electric-TX-00146","to":"electric-N-P-00497","lengthM":7.68,"voltageKV":0.208,"phase":"ABC","phases":3,"conductor":"4/0 AL URD triplex","feeder":"F1-01","feederId":"F1-01","designRole":"service","designKVA":29.87}},{"type":"Feature","id":"electric-E876","geometry":{"type":"LineString","coordinates":[[-80.6003775,43.2991593],[-80.6003654,43.2991562],[-80.6003423,43.2992197]]},"properties":{"kind":"service","tier":"service","placement":"underground","from":"electric-TX-00147","to":"electric-N-P-00514","lengthM":8.36,"voltageKV":0.208,"phase":"ABC","phases":3,"conductor":"4/0 AL URD triplex","feeder":"F1-01","feederId":"F1-01","designRole":"service","designKVA":31.9}},{"type":"Feature","id":"electric-E877","geometry":{"type":"LineString","coordinates":[[-80.6003775,43.2991593],[-80.6007356,43.2991635],[-80.6007371,43.2991958]]},"properties":{"kind":"service","tier":"service","placement":"underground","from":"electric-TX-00147","to":"electric-N-P-00498","lengthM":32.61,"voltageKV":0.208,"phase":"ABC","phases":3,"conductor":"4/0 AL URD triplex","feeder":"F1-01","feederId":"F1-01","designRole":"service","designKVA":18.25}},{"type":"Feature","id":"electric-E878","geometry":{"type":"LineString","coordinates":[[-80.6003775,43.2991593],[-80.6003623,43.2993071],[-80.6003423,43.2993579]]},"properties":{"kind":"service","tier":"service","placement":"underground","from":"electric-TX-00147","to":"electric-N-P-00515","lengthM":22.38,"voltageKV":0.208,"phase":"ABC","phases":3,"conductor":"4/0 AL URD triplex","feeder":"F1-01","feederId":"F1-01","designRole":"service","designKVA":19.29}},{"type":"Feature","id":"electric-E880","geometry":{"type":"LineString","coordinates":[[-80.6007142,43.3029561],[-80.6007266,43.3029647],[-80.6007485,43.3029093]]},"properties":{"kind":"service","tier":"service","placement":"underground","from":"electric-TX-00148","to":"electric-N-P-00535","lengthM":7.8,"voltageKV":0.208,"phase":"ABC","phases":3,"conductor":"4/0 AL URD triplex","feeder":"F1-01","feederId":"F1-01","designRole":"service","designKVA":19.52}},{"type":"Feature","id":"electric-E881","geometry":{"type":"LineString","coordinates":[[-80.6007142,43.3029561],[-80.6003563,43.3029566],[-80.6003303,43.302891]]},"properties":{"kind":"service","tier":"service","placement":"underground","from":"electric-TX-00148","to":"electric-N-P-00516","lengthM":36.6,"voltageKV":0.208,"phase":"ABC","phases":3,"conductor":"4/0 AL URD triplex","feeder":"F1-01","feederId":"F1-01","designRole":"service","designKVA":22.86}},{"type":"Feature","id":"electric-E882","geometry":{"type":"LineString","coordinates":[[-80.6007142,43.3029561],[-80.6007261,43.3027987],[-80.6007435,43.302726]]},"properties":{"kind":"service","tier":"service","placement":"underground","from":"electric-TX-00148","to":"electric-N-P-00536","lengthM":25.76,"voltageKV":0.208,"phase":"ABC","phases":3,"conductor":"4/0 AL URD triplex","feeder":"F1-01","feederId":"F1-01","designRole":"service","designKVA":21.26}},{"type":"Feature","id":"electric-E884","geometry":{"type":"LineString","coordinates":[[-80.6003677,43.3026281],[-80.6003558,43.3027885],[-80.6003374,43.3027243]]},"properties":{"kind":"service","tier":"service","placement":"underground","from":"electric-TX-00149","to":"electric-N-P-00517","lengthM":25.19,"voltageKV":0.208,"phase":"ABC","phases":3,"conductor":"4/0 AL URD triplex","feeder":"F1-01","feederId":"F1-01","designRole":"service","designKVA":36.11}},{"type":"Feature","id":"electric-E885","geometry":{"type":"LineString","coordinates":[[-80.6003677,43.3026281],[-80.6003554,43.3026281],[-80.6003407,43.3025692]]},"properties":{"kind":"service","tier":"service","placement":"underground","from":"electric-TX-00149","to":"electric-N-P-00518","lengthM":7.66,"voltageKV":0.208,"phase":"ABC","phases":3,"conductor":"4/0 AL URD triplex","feeder":"F1-01","feederId":"F1-01","designRole":"service","designKVA":34.66}},{"type":"Feature","id":"electric-E886","geometry":{"type":"LineString","coordinates":[[-80.6003677,43.3026281],[-80.6007257,43.3026253],[-80.6007497,43.3025633]]},"properties":{"kind":"service","tier":"service","placement":"underground","from":"electric-TX-00149","to":"electric-N-P-00537","lengthM":36.17,"voltageKV":0.208,"phase":"ABC","phases":3,"conductor":"4/0 AL URD triplex","feeder":"F1-01","feederId":"F1-01","designRole":"service","designKVA":19.05}},{"type":"Feature","id":"electric-E888","geometry":{"type":"LineString","coordinates":[[-80.6007131,43.3024599],[-80.6007254,43.3024663],[-80.6007439,43.3024064]]},"properties":{"kind":"service","tier":"service","placement":"underground","from":"electric-TX-00150","to":"electric-N-P-00538","lengthM":8.07,"voltageKV":0.208,"phase":"ABC","phases":3,"conductor":"4/0 AL URD triplex","feeder":"F1-01","feederId":"F1-01","designRole":"service","designKVA":18.2}},{"type":"Feature","id":"electric-E889","geometry":{"type":"LineString","coordinates":[[-80.6007131,43.3024599],[-80.6003551,43.3024604],[-80.600337,43.3023896]]},"properties":{"kind":"service","tier":"service","placement":"underground","from":"electric-TX-00150","to":"electric-N-P-00519","lengthM":37.01,"voltageKV":0.208,"phase":"ABC","phases":3,"conductor":"4/0 AL URD triplex","feeder":"F1-01","feederId":"F1-01","designRole":"service","designKVA":39.12}},{"type":"Feature","id":"electric-E890","geometry":{"type":"LineString","coordinates":[[-80.6007131,43.3024599],[-80.6007252,43.3022998],[-80.6007393,43.3022312]]},"properties":{"kind":"service","tier":"service","placement":"underground","from":"electric-TX-00150","to":"electric-N-P-00539","lengthM":25.58,"voltageKV":0.208,"phase":"ABC","phases":3,"conductor":"4/0 AL URD triplex","feeder":"F1-01","feederId":"F1-01","designRole":"service","designKVA":27.28}},{"type":"Feature","id":"electric-E892","geometry":{"type":"LineString","coordinates":[[-80.6003671,43.3021323],[-80.6003549,43.3022922],[-80.6003301,43.302233]]},"properties":{"kind":"service","tier":"service","placement":"underground","from":"electric-TX-00151","to":"electric-N-P-00520","lengthM":24.72,"voltageKV":0.208,"phase":"ABC","phases":3,"conductor":"4/0 AL URD triplex","feeder":"F1-01","feederId":"F1-01","designRole":"service","designKVA":34.7}},{"type":"Feature","id":"electric-E893","geometry":{"type":"LineString","coordinates":[[-80.6003671,43.3021323],[-80.6007251,43.3021323],[-80.6007464,43.3020715]]},"properties":{"kind":"service","tier":"service","placement":"underground","from":"electric-TX-00151","to":"electric-N-P-00540","lengthM":35.99,"voltageKV":0.208,"phase":"ABC","phases":3,"conductor":"4/0 AL URD triplex","feeder":"F1-01","feederId":"F1-01","designRole":"service","designKVA":24.71}},{"type":"Feature","id":"electric-E894","geometry":{"type":"LineString","coordinates":[[-80.6003671,43.3021323],[-80.6003548,43.3021303],[-80.6003403,43.3020651]]},"properties":{"kind":"service","tier":"service","placement":"underground","from":"electric-TX-00151","to":"electric-N-P-00521","lengthM":8.38,"voltageKV":0.208,"phase":"ABC","phases":3,"conductor":"4/0 AL URD triplex","feeder":"F1-01","feederId":"F1-01","designRole":"service","designKVA":36.28}},{"type":"Feature","id":"electric-E896","geometry":{"type":"LineString","coordinates":[[-80.600367,43.3019552],[-80.600725,43.301963],[-80.6007414,43.3018928]]},"properties":{"kind":"service","tier":"service","placement":"underground","from":"electric-TX-00152","to":"electric-N-P-00541","lengthM":36.95,"voltageKV":0.208,"phase":"ABC","phases":3,"conductor":"4/0 AL URD triplex","feeder":"F1-01","feederId":"F1-01","designRole":"service","designKVA":26.03}},{"type":"Feature","id":"electric-E897","geometry":{"type":"LineString","coordinates":[[-80.600367,43.3019552],[-80.6003547,43.3019552],[-80.6003287,43.3018842]]},"properties":{"kind":"service","tier":"service","placement":"underground","from":"electric-TX-00152","to":"electric-N-P-00522","lengthM":9.17,"voltageKV":0.208,"phase":"ABC","phases":3,"conductor":"4/0 AL URD triplex","feeder":"F1-01","feederId":"F1-01","designRole":"service","designKVA":37.2}},{"type":"Feature","id":"electric-E898","geometry":{"type":"LineString","coordinates":[[-80.600367,43.3019552],[-80.6003546,43.3017906],[-80.600336,43.3017347]]},"properties":{"kind":"service","tier":"service","placement":"underground","from":"electric-TX-00152","to":"electric-N-P-00523","lengthM":24.75,"voltageKV":0.208,"phase":"ABC","phases":3,"conductor":"4/0 AL URD triplex","feeder":"F1-01","feederId":"F1-01","designRole":"service","designKVA":20.5}},{"type":"Feature","id":"electric-E900","geometry":{"type":"LineString","coordinates":[[-80.6007126,43.3016304],[-80.6007249,43.3017886],[-80.6007398,43.3017233]]},"properties":{"kind":"service","tier":"service","placement":"underground","from":"electric-TX-00153","to":"electric-N-P-00542","lengthM":25.01,"voltageKV":0.208,"phase":"ABC","phases":3,"conductor":"4/0 AL URD triplex","feeder":"F1-01","feederId":"F1-01","designRole":"service","designKVA":17.38}},{"type":"Feature","id":"electric-E901","geometry":{"type":"LineString","coordinates":[[-80.6007126,43.3016304],[-80.6003546,43.3016304],[-80.600337,43.3015633]]},"properties":{"kind":"service","tier":"service","placement":"underground","from":"electric-TX-00153","to":"electric-N-P-00524","lengthM":36.6,"voltageKV":0.208,"phase":"ABC","phases":3,"conductor":"4/0 AL URD triplex","feeder":"F1-01","feederId":"F1-01","designRole":"service","designKVA":33.06}},{"type":"Feature","id":"electric-E902","geometry":{"type":"LineString","coordinates":[[-80.6007126,43.3016304],[-80.6007249,43.3016259],[-80.6007401,43.301566]]},"properties":{"kind":"service","tier":"service","placement":"underground","from":"electric-TX-00153","to":"electric-N-P-00543","lengthM":7.9,"voltageKV":0.208,"phase":"ABC","phases":3,"conductor":"4/0 AL URD triplex","feeder":"F1-01","feederId":"F1-01","designRole":"service","designKVA":16.87}},{"type":"Feature","id":"electric-E904","geometry":{"type":"LineString","coordinates":[[-80.6007127,43.3014537],[-80.6003547,43.3014547],[-80.6003348,43.3013851]]},"properties":{"kind":"service","tier":"service","placement":"underground","from":"electric-TX-00154","to":"electric-N-P-00525","lengthM":36.92,"voltageKV":0.208,"phase":"ABC","phases":3,"conductor":"4/0 AL URD triplex","feeder":"F1-01","feederId":"F1-01","designRole":"service","designKVA":20.92}},{"type":"Feature","id":"electric-E905","geometry":{"type":"LineString","coordinates":[[-80.6007127,43.3014537],[-80.600725,43.3014537],[-80.6007434,43.30138]]},"properties":{"kind":"service","tier":"service","placement":"underground","from":"electric-TX-00154","to":"electric-N-P-00544","lengthM":9.33,"voltageKV":0.208,"phase":"ABC","phases":3,"conductor":"4/0 AL URD triplex","feeder":"F1-01","feederId":"F1-01","designRole":"service","designKVA":26.95}},{"type":"Feature","id":"electric-E906","geometry":{"type":"LineString","coordinates":[[-80.6007127,43.3014537],[-80.6007251,43.3012804],[-80.6007439,43.3012195]]},"properties":{"kind":"service","tier":"service","placement":"underground","from":"electric-TX-00154","to":"electric-N-P-00545","lengthM":26.27,"voltageKV":0.208,"phase":"ABC","phases":3,"conductor":"4/0 AL URD triplex","feeder":"F1-01","feederId":"F1-01","designRole":"service","designKVA":17.51}},{"type":"Feature","id":"electric-E908","geometry":{"type":"LineString","coordinates":[[-80.6003672,43.3011246],[-80.6003548,43.3012786],[-80.6003323,43.3012112]]},"properties":{"kind":"service","tier":"service","placement":"underground","from":"electric-TX-00155","to":"electric-N-P-00526","lengthM":24.9,"voltageKV":0.208,"phase":"ABC","phases":3,"conductor":"4/0 AL URD triplex","feeder":"F1-01","feederId":"F1-01","designRole":"service","designKVA":19.56}},{"type":"Feature","id":"electric-E909","geometry":{"type":"LineString","coordinates":[[-80.6003672,43.3011246],[-80.6007252,43.3011246],[-80.6007416,43.3010664]]},"properties":{"kind":"service","tier":"service","placement":"underground","from":"electric-TX-00155","to":"electric-N-P-00546","lengthM":35.62,"voltageKV":0.208,"phase":"ABC","phases":3,"conductor":"4/0 AL URD triplex","feeder":"F1-01","feederId":"F1-01","designRole":"service","designKVA":25.29}},{"type":"Feature","id":"electric-E910","geometry":{"type":"LineString","coordinates":[[-80.6003672,43.3011246],[-80.6003549,43.3011172],[-80.6003316,43.3010604]]},"properties":{"kind":"service","tier":"service","placement":"underground","from":"electric-TX-00155","to":"electric-N-P-00527","lengthM":7.89,"voltageKV":0.208,"phase":"ABC","phases":3,"conductor":"4/0 AL URD triplex","feeder":"F1-01","feederId":"F1-01","designRole":"service","designKVA":17.38}},{"type":"Feature","id":"electric-E912","geometry":{"type":"LineString","coordinates":[[-80.6007129,43.3009525],[-80.6007254,43.300955],[-80.6007391,43.300882]]},"properties":{"kind":"service","tier":"service","placement":"underground","from":"electric-TX-00156","to":"electric-N-P-00547","lengthM":9.25,"voltageKV":0.208,"phase":"ABC","phases":3,"conductor":"4/0 AL URD triplex","feeder":"F1-01","feederId":"F1-01","designRole":"service","designKVA":20.01}},{"type":"Feature","id":"electric-E913","geometry":{"type":"LineString","coordinates":[[-80.6007129,43.3009525],[-80.6003551,43.3009525],[-80.6003314,43.3008824]]},"properties":{"kind":"service","tier":"service","placement":"underground","from":"electric-TX-00156","to":"electric-N-P-00528","lengthM":37.04,"voltageKV":0.208,"phase":"ABC","phases":3,"conductor":"4/0 AL URD triplex","feeder":"F1-01","feederId":"F1-01","designRole":"service","designKVA":25.62}},{"type":"Feature","id":"electric-E914","geometry":{"type":"LineString","coordinates":[[-80.6007129,43.3009525],[-80.6007255,43.3007795],[-80.6007406,43.3007161]]},"properties":{"kind":"service","tier":"service","placement":"underground","from":"electric-TX-00156","to":"electric-N-P-00548","lengthM":26.46,"voltageKV":0.208,"phase":"ABC","phases":3,"conductor":"4/0 AL URD triplex","feeder":"F1-01","feederId":"F1-01","designRole":"service","designKVA":29.12}},{"type":"Feature","id":"electric-E916","geometry":{"type":"LineString","coordinates":[[-80.6003676,43.3006125],[-80.6003552,43.3007741],[-80.6003307,43.3007051]]},"properties":{"kind":"service","tier":"service","placement":"underground","from":"electric-TX-00157","to":"electric-N-P-00529","lengthM":25.94,"voltageKV":0.208,"phase":"ABC","phases":3,"conductor":"4/0 AL URD triplex","feeder":"F1-01","feederId":"F1-01","designRole":"service","designKVA":24.36}},{"type":"Feature","id":"electric-E917","geometry":{"type":"LineString","coordinates":[[-80.6003676,43.3006125],[-80.6003552,43.3006125],[-80.6003353,43.3005573]]},"properties":{"kind":"service","tier":"service","placement":"underground","from":"electric-TX-00157","to":"electric-N-P-00530","lengthM":7.36,"voltageKV":0.208,"phase":"ABC","phases":3,"conductor":"4/0 AL URD triplex","feeder":"F1-01","feederId":"F1-01","designRole":"service","designKVA":21.84}},{"type":"Feature","id":"electric-E918","geometry":{"type":"LineString","coordinates":[[-80.6003676,43.3006125],[-80.6007256,43.3006102],[-80.6007434,43.3005427]]},"properties":{"kind":"service","tier":"service","placement":"underground","from":"electric-TX-00157","to":"electric-N-P-00549","lengthM":36.66,"voltageKV":0.208,"phase":"ABC","phases":3,"conductor":"4/0 AL URD triplex","feeder":"F1-01","feederId":"F1-01","designRole":"service","designKVA":31.8}},{"type":"Feature","id":"electric-E920","geometry":{"type":"LineString","coordinates":[[-80.6007133,43.3004463],[-80.6003553,43.3004487],[-80.6003411,43.3003777]]},"properties":{"kind":"service","tier":"service","placement":"underground","from":"electric-TX-00158","to":"electric-N-P-00531","lengthM":36.99,"voltageKV":0.208,"phase":"ABC","phases":3,"conductor":"4/0 AL URD triplex","feeder":"F1-01","feederId":"F1-01","designRole":"service","designKVA":17.37}},{"type":"Feature","id":"electric-E921","geometry":{"type":"LineString","coordinates":[[-80.6007133,43.3004463],[-80.6007256,43.3004463],[-80.6007488,43.3003876]]},"properties":{"kind":"service","tier":"service","placement":"underground","from":"electric-TX-00158","to":"electric-N-P-00550","lengthM":7.79,"voltageKV":0.208,"phase":"ABC","phases":3,"conductor":"4/0 AL URD triplex","feeder":"F1-01","feederId":"F1-01","designRole":"service","designKVA":30.68}},{"type":"Feature","id":"electric-E922","geometry":{"type":"LineString","coordinates":[[-80.6007133,43.3004463],[-80.6007257,43.3002866],[-80.6007474,43.3002227]]},"properties":{"kind":"service","tier":"service","placement":"underground","from":"electric-TX-00158","to":"electric-N-P-00551","lengthM":25.14,"voltageKV":0.208,"phase":"ABC","phases":3,"conductor":"4/0 AL URD triplex","feeder":"F1-01","feederId":"F1-01","designRole":"service","designKVA":33.72}},{"type":"Feature","id":"electric-E924","geometry":{"type":"LineString","coordinates":[[-80.6003678,43.3001195],[-80.6003554,43.3002797],[-80.600336,43.3002199]]},"properties":{"kind":"service","tier":"service","placement":"underground","from":"electric-TX-00159","to":"electric-N-P-00532","lengthM":24.7,"voltageKV":0.208,"phase":"ABC","phases":3,"conductor":"4/0 AL URD triplex","feeder":"F1-01","feederId":"F1-01","designRole":"service","designKVA":16.34}},{"type":"Feature","id":"electric-E925","geometry":{"type":"LineString","coordinates":[[-80.6003678,43.3001195],[-80.6003555,43.3001195],[-80.6003368,43.3000562]]},"properties":{"kind":"service","tier":"service","placement":"underground","from":"electric-TX-00159","to":"electric-N-P-00533","lengthM":8.21,"voltageKV":0.208,"phase":"ABC","phases":3,"conductor":"4/0 AL URD triplex","feeder":"F1-01","feederId":"F1-01","designRole":"service","designKVA":23.32}},{"type":"Feature","id":"electric-E926","geometry":{"type":"LineString","coordinates":[[-80.6003678,43.3001195],[-80.6007258,43.3001159],[-80.6008521,43.3001068]]},"properties":{"kind":"service","tier":"service","placement":"underground","from":"electric-TX-00159","to":"electric-N-P-00552","lengthM":39.28,"voltageKV":0.208,"phase":"ABC","phases":3,"conductor":"4/0 AL URD triplex","feeder":"F1-01","feederId":"F1-01","designRole":"service","designKVA":13.48}},{"type":"Feature","id":"electric-E928","geometry":{"type":"LineString","coordinates":[[-80.600368,43.2999436],[-80.6003557,43.2999436],[-80.6003328,43.2998701]]},"properties":{"kind":"service","tier":"service","placement":"underground","from":"electric-TX-00160","to":"electric-N-P-00534","lengthM":9.39,"voltageKV":0.208,"phase":"ABC","phases":3,"conductor":"4/0 AL URD triplex","feeder":"F1-01","feederId":"F1-01","designRole":"service","designKVA":25.2}},{"type":"Feature","id":"electric-E930","geometry":{"type":"LineString","coordinates":[[-80.5997825,43.3000408],[-80.5997794,43.2999013],[-80.5997612,43.2999518]]},"properties":{"kind":"service","tier":"service","placement":"underground","from":"electric-TX-00161","to":"electric-N-P-00553","lengthM":21.34,"voltageKV":0.208,"phase":"ABC","phases":3,"conductor":"4/0 AL URD triplex","feeder":"F1-02","feederId":"F1-02","designRole":"service","designKVA":23.27}},{"type":"Feature","id":"electric-E931","geometry":{"type":"LineString","coordinates":[[-80.5997825,43.3000408],[-80.5997697,43.3000401],[-80.5997472,43.3000863]]},"properties":{"kind":"service","tier":"service","placement":"underground","from":"electric-TX-00161","to":"electric-N-P-00554","lengthM":6.5,"voltageKV":0.208,"phase":"ABC","phases":3,"conductor":"4/0 AL URD triplex","feeder":"F1-02","feederId":"F1-02","designRole":"service","designKVA":21.11}},{"type":"Feature","id":"electric-E932","geometry":{"type":"LineString","coordinates":[[-80.5997825,43.3000408],[-80.5997543,43.3001893],[-80.599733,43.3002485]]},"properties":{"kind":"service","tier":"service","placement":"underground","from":"electric-TX-00161","to":"electric-N-P-00555","lengthM":23.5,"voltageKV":0.208,"phase":"ABC","phases":3,"conductor":"4/0 AL URD triplex","feeder":"F1-02","feederId":"F1-02","designRole":"service","designKVA":39.08}},{"type":"Feature","id":"electric-E934","geometry":{"type":"LineString","coordinates":[[-80.5997386,43.3003983],[-80.5997357,43.3003323],[-80.5997083,43.3003786]]},"properties":{"kind":"service","tier":"service","placement":"underground","from":"electric-TX-00162","to":"electric-N-P-00556","lengthM":12.97,"voltageKV":0.208,"phase":"ABC","phases":3,"conductor":"4/0 AL URD triplex","feeder":"F1-02","feederId":"F1-02","designRole":"service","designKVA":32.86}},{"type":"Feature","id":"electric-E935","geometry":{"type":"LineString","coordinates":[[-80.5997386,43.3003983],[-80.5997153,43.300464],[-80.5996935,43.3005129]]},"properties":{"kind":"service","tier":"service","placement":"underground","from":"electric-TX-00162","to":"electric-N-P-00557","lengthM":13.28,"voltageKV":0.208,"phase":"ABC","phases":3,"conductor":"4/0 AL URD triplex","feeder":"F1-02","feederId":"F1-02","designRole":"service","designKVA":21.36}},{"type":"Feature","id":"electric-E937","geometry":{"type":"LineString","coordinates":[[-80.5996876,43.2993093],[-80.5994781,43.2992995],[-80.5994614,43.2992375]]},"properties":{"kind":"service","tier":"service","placement":"underground","from":"electric-TX-00163","to":"electric-N-P-00558","lengthM":24.04,"voltageKV":0.208,"phase":"ABC","phases":3,"conductor":"4/0 AL URD triplex","feeder":"F1-02","feederId":"F1-02","designRole":"service","designKVA":24.63}},{"type":"Feature","id":"electric-E938","geometry":{"type":"LineString","coordinates":[[-80.5996876,43.2993093],[-80.5996998,43.29931],[-80.5997293,43.2992558]]},"properties":{"kind":"service","tier":"service","placement":"underground","from":"electric-TX-00163","to":"electric-N-P-00561","lengthM":7.49,"voltageKV":0.208,"phase":"ABC","phases":3,"conductor":"4/0 AL URD triplex","feeder":"F1-02","feederId":"F1-02","designRole":"service","designKVA":30.15}},{"type":"Feature","id":"electric-E939","geometry":{"type":"LineString","coordinates":[[-80.5996876,43.2993093],[-80.5997142,43.2991639],[-80.5997425,43.29911]]},"properties":{"kind":"service","tier":"service","placement":"underground","from":"electric-TX-00163","to":"electric-N-P-00562","lengthM":22.76,"voltageKV":0.208,"phase":"ABC","phases":3,"conductor":"4/0 AL URD triplex","feeder":"F1-02","feederId":"F1-02","designRole":"service","designKVA":29.38}},{"type":"Feature","id":"electric-E941","geometry":{"type":"LineString","coordinates":[[-80.5995113,43.2990788],[-80.5994926,43.2991522],[-80.5994814,43.2991004]]},"properties":{"kind":"service","tier":"service","placement":"underground","from":"electric-TX-00164","to":"electric-N-P-00559","lengthM":14.14,"voltageKV":0.208,"phase":"ABC","phases":3,"conductor":"4/0 AL URD triplex","feeder":"F1-02","feederId":"F1-02","designRole":"service","designKVA":35.38}},{"type":"Feature","id":"electric-E942","geometry":{"type":"LineString","coordinates":[[-80.5995113,43.2990788],[-80.5995034,43.2990059],[-80.5994883,43.2989455]]},"properties":{"kind":"service","tier":"service","placement":"underground","from":"electric-TX-00164","to":"electric-N-P-00560","lengthM":14.98,"voltageKV":0.208,"phase":"ABC","phases":3,"conductor":"4/0 AL URD triplex","feeder":"F1-02","feederId":"F1-02","designRole":"service","designKVA":39.68}},{"type":"Feature","id":"electric-E944","geometry":{"type":"LineString","coordinates":[[-80.5979546,43.2994797],[-80.5979547,43.2994708],[-80.597984,43.2992978]]},"properties":{"kind":"service","tier":"service","placement":"underground","from":"electric-TX-00165","to":"electric-N-P-00563","lengthM":20.4,"voltageKV":0.208,"phase":"ABC","phases":3,"conductor":"4/0 AL URD triplex","feeder":"F1-02","feederId":"F1-02","designRole":"service","designKVA":13.48}},{"type":"Feature","id":"electric-E946","geometry":{"type":"LineString","coordinates":[[-80.5969504,43.2994756],[-80.5969505,43.2994666],[-80.5968502,43.2993342]]},"properties":{"kind":"service","tier":"service","placement":"underground","from":"electric-TX-00166","to":"electric-N-P-00564","lengthM":17.83,"voltageKV":0.208,"phase":"ABC","phases":3,"conductor":"4/0 AL URD triplex","feeder":"F1-02","feederId":"F1-02","designRole":"service","designKVA":13.48}},{"type":"Feature","id":"electric-E948","geometry":{"type":"LineString","coordinates":[[-80.5959124,43.2997219],[-80.5960332,43.2997316],[-80.595944,43.2997436]]},"properties":{"kind":"service","tier":"service","placement":"underground","from":"electric-TX-00167","to":"electric-N-P-00565","lengthM":17.19,"voltageKV":0.208,"phase":"ABC","phases":3,"conductor":"4/0 AL URD triplex","feeder":"F1-02","feederId":"F1-02","designRole":"service","designKVA":16.12}},{"type":"Feature","id":"electric-E949","geometry":{"type":"LineString","coordinates":[[-80.5959124,43.2997219],[-80.595792,43.2997303],[-80.5957146,43.2997446]]},"properties":{"kind":"service","tier":"service","placement":"underground","from":"electric-TX-00167","to":"electric-N-P-00566","lengthM":16.27,"voltageKV":0.208,"phase":"ABC","phases":3,"conductor":"4/0 AL URD triplex","feeder":"F1-02","feederId":"F1-02","designRole":"service","designKVA":15.41}},{"type":"Feature","id":"electric-E951","geometry":{"type":"LineString","coordinates":[[-80.6063106,43.2998671],[-80.6063116,43.2998491],[-80.6060305,43.3001202]]},"properties":{"kind":"service","tier":"service","placement":"underground","from":"electric-TX-00168","to":"electric-N-P-00568","lengthM":39.81,"voltageKV":0.208,"phase":"ABC","phases":3,"conductor":"4/0 AL URD triplex","feeder":"F1-01","feederId":"F1-01","designRole":"service","designKVA":41.05}},{"type":"Feature","id":"electric-E953","geometry":{"type":"LineString","coordinates":[[-80.6006639,43.2947586],[-80.6006885,43.2947599],[-80.6003405,43.2943305]]},"properties":{"kind":"service","tier":"service","placement":"underground","from":"electric-TX-00169","to":"electric-N-P-00569","lengthM":57.5,"voltageKV":0.6,"phase":"ABC","phases":3,"conductor":"2 × 350 kcmil AL URD","feeder":"F1-01","feederId":"F1-01","designRole":"service","designKVA":374.35,"circuits":2}},{"type":"Feature","id":"electric-E955","geometry":{"type":"LineString","coordinates":[[-80.6007258,43.3045862],[-80.6007011,43.3045864],[-80.6009421,43.304513]]},"properties":{"kind":"service","tier":"service","placement":"underground","from":"electric-TX-00170","to":"electric-N-P-00567","lengthM":23.17,"voltageKV":0.208,"phase":"ABC","phases":3,"conductor":"4/0 AL URD triplex","feeder":"F1-01","feederId":"F1-01","designRole":"service","designKVA":15.96}},{"type":"Feature","id":"electric-E957","geometry":{"type":"LineString","coordinates":[[-80.5936146,43.2994544],[-80.5936097,43.299472],[-80.5918765,43.2991028]]},"properties":{"kind":"service","tier":"service","placement":"underground","from":"electric-TX-00171","to":"electric-N-P-00570","lengthM":148.31,"voltageKV":0.6,"phase":"ABC","phases":3,"conductor":"2 × 350 kcmil AL URD","feeder":"F1-02","feederId":"F1-02","designRole":"service","designKVA":374.3,"circuits":2}}]}