{"type":"FeatureCollection","name":"electric_primary","crs_note":"EPSG:4326","features":[{"type":"Feature","id":"electric-E1","geometry":{"type":"LineString","coordinates":[[-80.6001469,43.2954002],[-80.6006913,43.2954262]]},"properties":{"kind":"trunk","tier":"primary_main","placement":"overhead","from":"electric-station","to":"electric-J-T226","lengthM":44.2,"voltageKV":13.8,"phases":3,"phase":"ABC","feeder":"F1-01","feederId":"F1-01","designRole":"getaway","conductor":"1000 kcmil AL 15 kV XLPE (substation exit)","capacityKVA":12907.2,"designKVA":1344.4,"customers":289}},{"type":"Feature","id":"electric-E2","geometry":{"type":"LineString","coordinates":[[-80.6001469,43.2954002],[-80.6006728,43.2954253]]},"properties":{"kind":"trunk","tier":"primary_main","placement":"overhead","from":"electric-station","to":"electric-J-T226-F1-02","lengthM":42.7,"voltageKV":13.8,"phases":3,"phase":"ABC","feeder":"F1-02","feederId":"F1-02","designRole":"getaway","conductor":"1000 kcmil AL 15 kV XLPE (substation exit)","capacityKVA":12907.2,"designKVA":856.4,"customers":281}},{"type":"Feature","id":"electric-E3","geometry":{"type":"LineString","coordinates":[[-80.6006913,43.2954262],[-80.6006908,43.2954315],[-80.6006857,43.2954877],[-80.6006808,43.2955439],[-80.600676,43.2956001],[-80.600671,43.2956562],[-80.6006566,43.2958248],[-80.6006519,43.2958809],[-80.6006472,43.2959371],[-80.6006425,43.2959933],[-80.6006379,43.2960495],[-80.6006334,43.2961056],[-80.6006288,43.2961618],[-80.6006154,43.2963303],[-80.6006111,43.2963865],[-80.6006068,43.2964427],[-80.6006026,43.2964989],[-80.6005983,43.2965551],[-80.6005942,43.2966113],[-80.600593,43.2966268]]},"properties":{"kind":"distribution","tier":"primary_main","placement":"overhead","from":"electric-J-T226","to":"electric-T-191","lengthM":133.89,"voltageKV":13.8,"phases":3,"phase":"ABC","feeder":"F1-01","feederId":"F1-01","designRole":"trunk","corridorId":"C-002","conductor":"#2 ACSR","capacityKVA":4302.4,"designKVA":1206.4,"customers":288,"roadEdge":27,"rOhmKm":1.05,"xOhmKm":0.435}},{"type":"Feature","id":"electric-E4","geometry":{"type":"LineString","coordinates":[[-80.6006913,43.2954262],[-80.6006958,43.2953754],[-80.6007009,43.2953192],[-80.600706,43.2952631],[-80.600711,43.2952069],[-80.6007266,43.2950383],[-80.6007319,43.2949822],[-80.6007371,43.2949261],[-80.6007424,43.2948699],[-80.6007477,43.2948137],[-80.6007525,43.2947631]]},"properties":{"kind":"distribution","tier":"primary_main","placement":"overhead","from":"electric-J-T226","to":"electric-T-223","lengthM":73.98,"voltageKV":13.8,"phases":3,"phase":"ABC","feeder":"F1-01","feederId":"F1-01","designRole":"trunk","corridorId":"C-002","conductor":"#2 ACSR","capacityKVA":4302.4,"designKVA":374.4,"customers":1,"roadEdge":27,"rOhmKm":1.05,"xOhmKm":0.435}},{"type":"Feature","id":"electric-E5","geometry":{"type":"LineString","coordinates":[[-80.600593,43.2966268],[-80.60059,43.2966674],[-80.6005859,43.2967237],[-80.6005741,43.2968922],[-80.6005717,43.2969269]]},"properties":{"kind":"distribution","tier":"primary_main","placement":"overhead","from":"electric-T-191","to":"electric-T-192","lengthM":33.45,"voltageKV":13.8,"phases":3,"phase":"ABC","feeder":"F1-01","feederId":"F1-01","designRole":"trunk","corridorId":"C-002","conductor":"#2 ACSR","capacityKVA":4302.4,"designKVA":1181.4,"customers":285,"roadEdge":27,"rOhmKm":1.05,"xOhmKm":0.435}},{"type":"Feature","id":"electric-E6","geometry":{"type":"LineString","coordinates":[[-80.6005717,43.2969269],[-80.6005702,43.2969484],[-80.6005626,43.2970607],[-80.6005589,43.297117],[-80.6005553,43.2971731],[-80.6005524,43.2972186]]},"properties":{"kind":"distribution","tier":"primary_main","placement":"overhead","from":"electric-T-192","to":"electric-T-193","lengthM":32.51,"voltageKV":13.8,"phases":3,"phase":"ABC","feeder":"F1-01","feederId":"F1-01","designRole":"trunk","corridorId":"C-002","conductor":"#2 ACSR","capacityKVA":4302.4,"designKVA":1156.3,"customers":282,"roadEdge":27,"rOhmKm":1.05,"xOhmKm":0.435}},{"type":"Feature","id":"electric-E7","geometry":{"type":"LineString","coordinates":[[-80.6005524,43.2972186],[-80.6005517,43.2972293],[-80.6005481,43.2972855],[-80.6005447,43.2973417],[-80.6005428,43.2973724]]},"properties":{"kind":"distribution","tier":"primary_main","placement":"overhead","from":"electric-T-193","to":"electric-T-194","lengthM":17.14,"voltageKV":13.8,"phases":3,"phase":"ABC","feeder":"F1-01","feederId":"F1-01","designRole":"trunk","corridorId":"C-002","conductor":"#2 ACSR","capacityKVA":4302.4,"designKVA":1125.7,"customers":279,"roadEdge":27,"rOhmKm":1.05,"xOhmKm":0.435}},{"type":"Feature","id":"electric-E8","geometry":{"type":"LineString","coordinates":[[-80.6005428,43.2973724],[-80.6005412,43.2973979],[-80.6005379,43.2974541],[-80.6005345,43.2975102],[-80.6005312,43.2975665],[-80.6005281,43.2976226],[-80.6005254,43.29767]]},"properties":{"kind":"distribution","tier":"primary_main","placement":"overhead","from":"electric-T-194","to":"electric-T-195","lengthM":33.17,"voltageKV":13.8,"phases":3,"phase":"ABC","feeder":"F1-01","feederId":"F1-01","designRole":"trunk","corridorId":"C-002","conductor":"#2 ACSR","capacityKVA":4302.4,"designKVA":1083.2,"customers":276,"roadEdge":27,"rOhmKm":1.05,"xOhmKm":0.435}},{"type":"Feature","id":"electric-E9","geometry":{"type":"LineString","coordinates":[[-80.6005254,43.29767],[-80.6005249,43.2976788],[-80.6005218,43.297735],[-80.6005189,43.2977912],[-80.6005159,43.2978474],[-80.600513,43.2979036],[-80.6005102,43.2979598],[-80.6005101,43.2979613]]},"properties":{"kind":"distribution","tier":"primary_main","placement":"overhead","from":"electric-T-195","to":"electric-T-196","lengthM":32.45,"voltageKV":13.8,"phases":3,"phase":"ABC","feeder":"F1-01","feederId":"F1-01","designRole":"trunk","corridorId":"C-002","conductor":"#2 ACSR","capacityKVA":4302.4,"designKVA":1047.9,"customers":273,"roadEdge":27,"rOhmKm":1.05,"xOhmKm":0.435}},{"type":"Feature","id":"electric-E10","geometry":{"type":"LineString","coordinates":[[-80.6005101,43.2979613],[-80.6005075,43.298016],[-80.6005048,43.2980722],[-80.6005022,43.2981284],[-80.6004996,43.2981846],[-80.6004971,43.2982408],[-80.6004963,43.2982603]]},"properties":{"kind":"distribution","tier":"primary_main","placement":"overhead","from":"electric-T-196","to":"electric-T-197","lengthM":33.3,"voltageKV":13.8,"phases":3,"phase":"ABC","feeder":"F1-01","feederId":"F1-01","designRole":"trunk","corridorId":"C-002","conductor":"#2 ACSR","capacityKVA":4302.4,"designKVA":1014.8,"customers":270,"roadEdge":27,"rOhmKm":1.05,"xOhmKm":0.435}},{"type":"Feature","id":"electric-E11","geometry":{"type":"LineString","coordinates":[[-80.6004963,43.2982603],[-80.6004946,43.298297],[-80.6004899,43.2984094],[-80.6004878,43.2984656],[-80.6004856,43.2985217],[-80.6004844,43.2985549]]},"properties":{"kind":"distribution","tier":"primary_main","placement":"overhead","from":"electric-T-197","to":"electric-T-198","lengthM":32.82,"voltageKV":13.8,"phases":3,"phase":"ABC","feeder":"F1-01","feederId":"F1-01","designRole":"trunk","corridorId":"C-002","conductor":"#2 ACSR","capacityKVA":4302.4,"designKVA":988.3,"customers":267,"roadEdge":27,"rOhmKm":1.05,"xOhmKm":0.435}},{"type":"Feature","id":"electric-E12","geometry":{"type":"LineString","coordinates":[[-80.6004844,43.2985549],[-80.6004835,43.298578],[-80.6004815,43.2986342],[-80.6004797,43.2986904],[-80.600479,43.2987105]]},"properties":{"kind":"distribution","tier":"primary_main","placement":"overhead","from":"electric-T-198","to":"electric-T-199","lengthM":17.32,"voltageKV":13.8,"phases":3,"phase":"ABC","feeder":"F1-01","feederId":"F1-01","designRole":"trunk","corridorId":"C-002","conductor":"#2 ACSR","capacityKVA":4302.4,"designKVA":958.3,"customers":264,"roadEdge":27,"rOhmKm":1.05,"xOhmKm":0.435}},{"type":"Feature","id":"electric-E13","geometry":{"type":"LineString","coordinates":[[-80.600479,43.2987105],[-80.6004777,43.2987466],[-80.6004742,43.298859],[-80.6004726,43.2989152],[-80.600471,43.2989714],[-80.6004703,43.2990005]]},"properties":{"kind":"distribution","tier":"primary_main","placement":"overhead","from":"electric-T-199","to":"electric-T-200","lengthM":32.29,"voltageKV":13.8,"phases":3,"phase":"ABC","feeder":"F1-01","feederId":"F1-01","designRole":"trunk","corridorId":"C-002","conductor":"#2 ACSR","capacityKVA":4302.4,"designKVA":930.0,"customers":261,"roadEdge":27,"rOhmKm":1.05,"xOhmKm":0.435}},{"type":"Feature","id":"electric-E14","geometry":{"type":"LineString","coordinates":[[-80.6004703,43.2990005],[-80.6004696,43.2990276],[-80.6004682,43.2990838],[-80.6004668,43.29914],[-80.6004664,43.2991603]]},"properties":{"kind":"distribution","tier":"primary_main","placement":"overhead","from":"electric-T-200","to":"electric-T-201","lengthM":17.79,"voltageKV":13.8,"phases":3,"phase":"ABC","feeder":"F1-01","feederId":"F1-01","designRole":"trunk","corridorId":"C-002","conductor":"#2 ACSR","capacityKVA":4302.4,"designKVA":896.7,"customers":258,"roadEdge":27,"rOhmKm":1.05,"xOhmKm":0.435}},{"type":"Feature","id":"electric-E15","geometry":{"type":"LineString","coordinates":[[-80.6004664,43.2991603],[-80.6004656,43.2991963],[-80.6004645,43.2992524],[-80.6004634,43.2993086],[-80.6004624,43.2993649],[-80.6004615,43.2994211],[-80.6004607,43.2994773],[-80.6004599,43.2995335],[-80.6004592,43.2995897],[-80.6004589,43.2996104]]},"properties":{"kind":"distribution","tier":"primary_main","placement":"overhead","from":"electric-T-201","to":"electric-J-26","lengthM":50.11,"voltageKV":13.8,"phases":3,"phase":"ABC","feeder":"F1-01","feederId":"F1-01","designRole":"trunk","corridorId":"C-002","conductor":"#2 ACSR","capacityKVA":4302.4,"designKVA":871.5,"customers":255,"roadEdge":27,"rOhmKm":1.05,"xOhmKm":0.435}},{"type":"Feature","id":"electric-E16","geometry":{"type":"LineString","coordinates":[[-80.6004589,43.2996104],[-80.6005637,43.2995499],[-80.600641,43.2995504],[-80.6007182,43.2995509],[-80.6007954,43.2995515],[-80.6009498,43.2995527],[-80.600975,43.299553]]},"properties":{"kind":"distribution","tier":"primary_main","placement":"overhead","from":"electric-J-26","to":"electric-T-190","lengthM":44.16,"voltageKV":13.8,"phases":3,"phase":"ABC","feeder":"F1-01","feederId":"F1-01","designRole":"trunk","corridorId":"C-001","conductor":"#2 ACSR","capacityKVA":4302.4,"designKVA":526.4,"customers":217,"roadEdge":26,"rOhmKm":1.05,"xOhmKm":0.435,"switch":"sectionalising","switchId":"SW-F1-01-01"}},{"type":"Feature","id":"electric-E17","geometry":{"type":"LineString","coordinates":[[-80.6004589,43.2996104],[-80.6004586,43.2996459],[-80.6004581,43.2997021],[-80.6004577,43.2997583],[-80.6004573,43.2998145],[-80.6004571,43.2998708],[-80.6004569,43.299927],[-80.6004569,43.2999437]]},"properties":{"kind":"distribution","tier":"primary_main","placement":"overhead","from":"electric-J-26","to":"electric-T-214","lengthM":37.11,"voltageKV":13.8,"phases":3,"phase":"ABC","feeder":"F1-01","feederId":"F1-01","designRole":"trunk","corridorId":"C-002","conductor":"#2 ACSR","capacityKVA":4302.4,"designKVA":412.9,"customers":38,"roadEdge":28,"rOhmKm":1.05,"xOhmKm":0.435}},{"type":"Feature","id":"electric-E18","geometry":{"type":"LineString","coordinates":[[-80.600975,43.299553],[-80.6010271,43.2995535],[-80.6011043,43.2995543],[-80.6011815,43.2995551],[-80.6012588,43.299556],[-80.601336,43.2995569],[-80.6014904,43.2995588],[-80.601575,43.29956],[-80.6016234,43.299567]]},"properties":{"kind":"distribution","tier":"primary_main","placement":"overhead","from":"electric-T-190","to":"electric-J-21","lengthM":52.61,"voltageKV":13.8,"phases":3,"phase":"ABC","feeder":"F1-01","feederId":"F1-01","designRole":"trunk","corridorId":"C-001","conductor":"#2 ACSR","capacityKVA":4302.4,"designKVA":510.1,"customers":215,"roadEdge":26,"rOhmKm":1.05,"xOhmKm":0.435}},{"type":"Feature","id":"electric-E19","geometry":{"type":"LineString","coordinates":[[-80.6004569,43.2999437],[-80.6004568,43.2999831],[-80.6004567,43.3000393],[-80.6004567,43.3001195]]},"properties":{"kind":"distribution","tier":"primary_main","placement":"overhead","from":"electric-T-214","to":"electric-T-213","lengthM":19.56,"voltageKV":13.8,"phases":3,"phase":"ABC","feeder":"F1-01","feederId":"F1-01","designRole":"trunk","corridorId":"C-002","conductor":"#2 ACSR","capacityKVA":4302.4,"designKVA":403.2,"customers":37,"roadEdge":28,"rOhmKm":1.05,"xOhmKm":0.435}},{"type":"Feature","id":"electric-E20","geometry":{"type":"LineString","coordinates":[[-80.6016234,43.299567],[-80.6016363,43.2995609],[-80.601722,43.2995622],[-80.6017992,43.2995633],[-80.6018765,43.2995645],[-80.6019537,43.2995659],[-80.6020308,43.2995671],[-80.6021081,43.2995685],[-80.6021853,43.2995699],[-80.6022625,43.2995713],[-80.6023397,43.2995728],[-80.6024169,43.2995743],[-80.6024876,43.2995757],[-80.6025294,43.2995719]]},"properties":{"kind":"distribution","tier":"primary_main","placement":"overhead","from":"electric-J-21","to":"electric-J-18","lengthM":73.65,"voltageKV":13.8,"phases":3,"phase":"ABC","feeder":"F1-01","feederId":"F1-01","designRole":"trunk","corridorId":"C-001","conductor":"#2 ACSR","capacityKVA":4302.4,"designKVA":385.2,"customers":151,"roadEdge":22,"rOhmKm":1.05,"xOhmKm":0.435,"switch":"sectionalising","switchId":"SW-F1-01-02"}},{"type":"Feature","id":"electric-E21","geometry":{"type":"LineString","coordinates":[[-80.6016234,43.299567],[-80.6014967,43.2994697]]},"properties":{"kind":"distribution","tier":"primary_lateral","placement":"overhead","from":"electric-J-21","to":"electric-T-106","lengthM":14.92,"voltageKV":13.8,"phases":1,"phase":"A","feeder":"F1-01","feederId":"F1-01","designRole":"lateral","conductor":"#2 ACSR","capacityKVA":1434.1,"designKVA":57.1,"customers":26,"roadEdge":23,"rOhmKm":1.05,"xOhmKm":0.435}},{"type":"Feature","id":"electric-E22","geometry":{"type":"LineString","coordinates":[[-80.6016234,43.299567],[-80.6015194,43.2996348],[-80.6015023,43.2998177],[-80.6014802,43.2999962],[-80.6014624,43.3001172]]},"properties":{"kind":"distribution","tier":"primary_lateral","placement":"overhead","from":"electric-J-21","to":"electric-T-109","lengthM":65.21,"voltageKV":13.8,"phases":1,"phase":"B","feeder":"F1-01","feederId":"F1-01","designRole":"lateral","conductor":"#2 ACSR","capacityKVA":1434.1,"designKVA":101.9,"customers":38,"roadEdge":25,"rOhmKm":1.05,"xOhmKm":0.435}},{"type":"Feature","id":"electric-E23","geometry":{"type":"LineString","coordinates":[[-80.6004567,43.3001195],[-80.6004567,43.3002639],[-80.6004566,43.30032],[-80.6004566,43.3004463]]},"properties":{"kind":"distribution","tier":"primary_main","placement":"overhead","from":"electric-T-213","to":"electric-T-212","lengthM":36.39,"voltageKV":13.8,"phases":3,"phase":"ABC","feeder":"F1-01","feederId":"F1-01","designRole":"trunk","corridorId":"C-002","conductor":"#2 ACSR","capacityKVA":4302.4,"designKVA":383.9,"customers":34,"roadEdge":28,"rOhmKm":1.05,"xOhmKm":0.435}},{"type":"Feature","id":"electric-E24","geometry":{"type":"LineString","coordinates":[[-80.6025294,43.2995719],[-80.6025818,43.2995777],[-80.6027343,43.2995809],[-80.6027777,43.2995885]]},"properties":{"kind":"distribution","tier":"primary_main","placement":"overhead","from":"electric-J-18","to":"electric-J-14","lengthM":20.27,"voltageKV":13.8,"phases":3,"phase":"ABC","feeder":"F1-01","feederId":"F1-01","designRole":"trunk","corridorId":"C-001","conductor":"#2 ACSR","capacityKVA":4302.4,"designKVA":290.8,"customers":110,"roadEdge":17,"rOhmKm":1.05,"xOhmKm":0.435}},{"type":"Feature","id":"electric-E25","geometry":{"type":"LineString","coordinates":[[-80.6025294,43.2995719],[-80.6024549,43.2996356],[-80.6024244,43.299815],[-80.6023938,43.2999949],[-80.6023767,43.300102]]},"properties":{"kind":"distribution","tier":"primary_lateral","placement":"overhead","from":"electric-J-18","to":"electric-T-95","lengthM":61.62,"voltageKV":13.8,"phases":1,"phase":"C","feeder":"F1-01","feederId":"F1-01","designRole":"lateral","conductor":"#2 ACSR","capacityKVA":1434.1,"designKVA":114.4,"customers":41,"roadEdge":21,"rOhmKm":1.05,"xOhmKm":0.435}},{"type":"Feature","id":"electric-E26","geometry":{"type":"LineString","coordinates":[[-80.6014967,43.2994697],[-80.6014939,43.2994527],[-80.6014709,43.2992712],[-80.6014562,43.2990894],[-80.6014544,43.2990287]]},"properties":{"kind":"distribution","tier":"primary_lateral","placement":"overhead","from":"electric-T-106","to":"electric-T-105","lengthM":49.23,"voltageKV":13.8,"phases":1,"phase":"A","feeder":"F1-01","feederId":"F1-01","designRole":"lateral","conductor":"#2 ACSR","capacityKVA":1434.1,"designKVA":57.2,"customers":25,"roadEdge":23,"rOhmKm":1.05,"xOhmKm":0.435}},{"type":"Feature","id":"electric-E27","geometry":{"type":"LineString","coordinates":[[-80.6014624,43.3001172],[-80.601454,43.300175],[-80.6014247,43.3003541],[-80.6013941,43.3005337],[-80.601379,43.3006226]]},"properties":{"kind":"distribution","tier":"primary_lateral","placement":"overhead","from":"electric-T-109","to":"electric-T-110","lengthM":56.68,"voltageKV":13.8,"phases":1,"phase":"B","feeder":"F1-01","feederId":"F1-01","designRole":"lateral","conductor":"#2 ACSR","capacityKVA":1434.1,"designKVA":90.0,"customers":32,"roadEdge":25,"rOhmKm":1.05,"xOhmKm":0.435}},{"type":"Feature","id":"electric-E28","geometry":{"type":"LineString","coordinates":[[-80.6004566,43.3004463],[-80.6004566,43.3004885],[-80.6004565,43.3005446],[-80.6004565,43.3006125]]},"properties":{"kind":"distribution","tier":"primary_main","placement":"overhead","from":"electric-T-212","to":"electric-T-211","lengthM":18.5,"voltageKV":13.8,"phases":3,"phase":"ABC","feeder":"F1-01","feederId":"F1-01","designRole":"trunk","corridorId":"C-002","conductor":"#2 ACSR","capacityKVA":4302.4,"designKVA":351.8,"customers":31,"roadEdge":28,"rOhmKm":1.05,"xOhmKm":0.435}},{"type":"Feature","id":"electric-E29","geometry":{"type":"LineString","coordinates":[[-80.6027777,43.2995885],[-80.6027956,43.2995822],[-80.6029572,43.2995858],[-80.6031116,43.2995894],[-80.6031888,43.2995912],[-80.6034113,43.2995967],[-80.6034362,43.2995933]]},"properties":{"kind":"distribution","tier":"primary_main","placement":"overhead","from":"electric-J-14","to":"electric-J-12","lengthM":53.57,"voltageKV":13.8,"phases":3,"phase":"ABC","feeder":"F1-01","feederId":"F1-01","designRole":"trunk","corridorId":"C-001","conductor":"#2 ACSR","capacityKVA":4302.4,"designKVA":224.4,"customers":83,"roadEdge":15,"rOhmKm":1.05,"xOhmKm":0.435,"switch":"sectionalising","switchId":"SW-F1-01-03"}},{"type":"Feature","id":"electric-E30","geometry":{"type":"LineString","coordinates":[[-80.6027777,43.2995885],[-80.6028373,43.2996176],[-80.6028013,43.2994374],[-80.6027642,43.2992577],[-80.602755,43.2992113]]},"properties":{"kind":"distribution","tier":"primary_lateral","placement":"overhead","from":"electric-J-14","to":"electric-T-87","lengthM":51.53,"voltageKV":13.8,"phases":1,"phase":"A","feeder":"F1-01","feederId":"F1-01","designRole":"lateral","conductor":"#2 ACSR","capacityKVA":1434.1,"designKVA":83.6,"customers":27,"roadEdge":16,"rOhmKm":1.05,"xOhmKm":0.435}},{"type":"Feature","id":"electric-E31","geometry":{"type":"LineString","coordinates":[[-80.6023767,43.300102],[-80.602365,43.3001751],[-80.6023393,43.3003558],[-80.6023183,43.3005367],[-80.6023143,43.3005842]]},"properties":{"kind":"distribution","tier":"primary_lateral","placement":"overhead","from":"electric-T-95","to":"electric-T-96","lengthM":53.92,"voltageKV":13.8,"phases":1,"phase":"C","feeder":"F1-01","feederId":"F1-01","designRole":"lateral","conductor":"#2 ACSR","capacityKVA":1434.1,"designKVA":102.7,"customers":35,"roadEdge":21,"rOhmKm":1.05,"xOhmKm":0.435}},{"type":"Feature","id":"electric-E32","geometry":{"type":"LineString","coordinates":[[-80.6014544,43.2990287],[-80.6014507,43.2989074],[-80.6014549,43.2987255],[-80.6014686,43.2985436],[-80.6014906,43.2983621],[-80.6014977,43.2983181]]},"properties":{"kind":"distribution","tier":"primary_lateral","placement":"overhead","from":"electric-T-105","to":"electric-T-104","lengthM":79.26,"voltageKV":13.8,"phases":1,"phase":"A","feeder":"F1-01","feederId":"F1-01","designRole":"lateral","conductor":"#2 ACSR","capacityKVA":1434.1,"designKVA":47.4,"customers":19,"roadEdge":23,"rOhmKm":1.05,"xOhmKm":0.435}},{"type":"Feature","id":"electric-E33","geometry":{"type":"LineString","coordinates":[[-80.601379,43.3006226],[-80.6013637,43.3007136],[-80.601335,43.3008939],[-80.6013097,43.3010745],[-80.6013039,43.3011255]]},"properties":{"kind":"distribution","tier":"primary_lateral","placement":"overhead","from":"electric-T-110","to":"electric-T-111","lengthM":56.31,"voltageKV":13.8,"phases":1,"phase":"B","feeder":"F1-01","feederId":"F1-01","designRole":"lateral","conductor":"#2 ACSR","capacityKVA":1434.1,"designKVA":75.5,"customers":26,"roadEdge":25,"rOhmKm":1.05,"xOhmKm":0.435}},{"type":"Feature","id":"electric-E34","geometry":{"type":"LineString","coordinates":[[-80.6004565,43.3006125],[-80.6004565,43.300713],[-80.6004563,43.3007692],[-80.6004563,43.3008815],[-80.6004562,43.3009376],[-80.6004562,43.3009525]]},"properties":{"kind":"distribution","tier":"primary_main","placement":"overhead","from":"electric-T-211","to":"electric-T-210","lengthM":37.85,"voltageKV":13.8,"phases":3,"phase":"ABC","feeder":"F1-01","feederId":"F1-01","designRole":"trunk","corridorId":"C-002","conductor":"#2 ACSR","capacityKVA":4302.4,"designKVA":321.0,"customers":28,"roadEdge":28,"rOhmKm":1.05,"xOhmKm":0.435}},{"type":"Feature","id":"electric-E35","geometry":{"type":"LineString","coordinates":[[-80.6034362,43.2995933],[-80.6035046,43.299599],[-80.6037291,43.2996048],[-80.6038115,43.299607],[-80.603876,43.2996146]]},"properties":{"kind":"distribution","tier":"primary_main","placement":"overhead","from":"electric-J-12","to":"electric-J-9","lengthM":35.75,"voltageKV":13.8,"phases":3,"phase":"ABC","feeder":"F1-01","feederId":"F1-01","designRole":"trunk","corridorId":"C-001","conductor":"#2 ACSR","capacityKVA":4302.4,"designKVA":155.9,"customers":49,"roadEdge":11,"rOhmKm":1.05,"xOhmKm":0.435}},{"type":"Feature","id":"electric-E36","geometry":{"type":"LineString","coordinates":[[-80.6034362,43.2995933],[-80.6035076,43.2998267],[-80.6034919,43.300005],[-80.6034863,43.3001138]]},"properties":{"kind":"distribution","tier":"primary_lateral","placement":"underground","from":"electric-J-12","to":"electric-T-71","lengthM":58.63,"voltageKV":13.8,"phases":1,"phase":"B","feeder":"F1-01","feederId":"F1-01","designRole":"lateral","conductor":"1/0 AL 15 kV XLPE","capacityKVA":1394.3,"designKVA":84.6,"customers":34,"roadEdge":14,"rOhmKm":0.641,"xOhmKm":0.14}},{"type":"Feature","id":"electric-E37","geometry":{"type":"LineString","coordinates":[[-80.602755,43.2992113],[-80.6027287,43.2990787],[-80.6026968,43.2989001],[-80.6026709,43.2987221],[-80.6026669,43.2986842]]},"properties":{"kind":"distribution","tier":"primary_lateral","placement":"overhead","from":"electric-T-87","to":"electric-T-88","lengthM":59.12,"voltageKV":13.8,"phases":1,"phase":"A","feeder":"F1-01","feederId":"F1-01","designRole":"lateral","conductor":"#2 ACSR","capacityKVA":1434.1,"designKVA":71.9,"customers":21,"roadEdge":16,"rOhmKm":1.05,"xOhmKm":0.435}},{"type":"Feature","id":"electric-E38","geometry":{"type":"LineString","coordinates":[[-80.6023143,43.3005842],[-80.602303,43.3007178],[-80.6022941,43.3008992],[-80.6022925,43.301064]]},"properties":{"kind":"distribution","tier":"primary_lateral","placement":"overhead","from":"electric-T-96","to":"electric-T-97","lengthM":53.46,"voltageKV":13.8,"phases":1,"phase":"C","feeder":"F1-01","feederId":"F1-01","designRole":"lateral","conductor":"#2 ACSR","capacityKVA":1434.1,"designKVA":83.4,"customers":29,"roadEdge":21,"rOhmKm":1.05,"xOhmKm":0.435}},{"type":"Feature","id":"electric-E39","geometry":{"type":"LineString","coordinates":[[-80.6014977,43.2983181],[-80.6015196,43.298181],[-80.6015536,43.2980004],[-80.6015776,43.2978824]]},"properties":{"kind":"distribution","tier":"primary_lateral","placement":"overhead","from":"electric-T-104","to":"electric-J-20","lengthM":48.93,"voltageKV":13.8,"phases":1,"phase":"A","feeder":"F1-01","feederId":"F1-01","designRole":"lateral","conductor":"#2 ACSR","capacityKVA":1434.1,"designKVA":36.8,"customers":13,"roadEdge":23,"rOhmKm":1.05,"xOhmKm":0.435}},{"type":"Feature","id":"electric-E40","geometry":{"type":"LineString","coordinates":[[-80.6013039,43.3011255],[-80.6012891,43.3012555],[-80.6012743,43.3014366],[-80.6012661,43.301618],[-80.6012659,43.3016391]]},"properties":{"kind":"distribution","tier":"primary_lateral","placement":"overhead","from":"electric-T-111","to":"electric-T-112","lengthM":57.27,"voltageKV":13.8,"phases":1,"phase":"B","feeder":"F1-01","feederId":"F1-01","designRole":"lateral","conductor":"#2 ACSR","capacityKVA":1434.1,"designKVA":59.9,"customers":20,"roadEdge":25,"rOhmKm":1.05,"xOhmKm":0.435}},{"type":"Feature","id":"electric-E41","geometry":{"type":"LineString","coordinates":[[-80.6004562,43.3009525],[-80.6004562,43.3010499],[-80.6004561,43.301106],[-80.6004561,43.3011246]]},"properties":{"kind":"distribution","tier":"primary_main","placement":"overhead","from":"electric-T-210","to":"electric-T-209","lengthM":19.15,"voltageKV":13.8,"phases":3,"phase":"ABC","feeder":"F1-01","feederId":"F1-01","designRole":"trunk","corridorId":"C-002","conductor":"#2 ACSR","capacityKVA":4302.4,"designKVA":291.6,"customers":25,"roadEdge":28,"rOhmKm":1.05,"xOhmKm":0.435}},{"type":"Feature","id":"electric-E42","geometry":{"type":"LineString","coordinates":[[-80.603876,43.2996146],[-80.6038664,43.2996085],[-80.6039606,43.299611],[-80.6040378,43.2996131],[-80.6041922,43.2996174],[-80.6042693,43.2996195],[-80.6044237,43.2996238],[-80.6044359,43.2996242]]},"properties":{"kind":"distribution","tier":"primary_main","placement":"overhead","from":"electric-J-9","to":"electric-J-8","lengthM":47.21,"voltageKV":13.8,"phases":3,"phase":"ABC","feeder":"F1-01","feederId":"F1-01","designRole":"trunk","corridorId":"C-001","conductor":"#2 ACSR","capacityKVA":4302.4,"designKVA":108.5,"customers":28,"roadEdge":9,"rOhmKm":1.05,"xOhmKm":0.435}},{"type":"Feature","id":"electric-E43","geometry":{"type":"LineString","coordinates":[[-80.603876,43.2996146],[-80.6037845,43.2996283],[-80.6037696,43.2994506],[-80.6037596,43.2993733]]},"properties":{"kind":"distribution","tier":"primary_lateral","placement":"underground","from":"electric-J-9","to":"electric-T-60","lengthM":36.03,"voltageKV":13.8,"phases":1,"phase":"C","feeder":"F1-01","feederId":"F1-01","designRole":"lateral","conductor":"1/0 AL 15 kV XLPE","capacityKVA":1394.3,"designKVA":61.2,"customers":21,"roadEdge":10,"rOhmKm":0.641,"xOhmKm":0.14}},{"type":"Feature","id":"electric-E44","geometry":{"type":"LineString","coordinates":[[-80.6034863,43.3001138],[-80.6034828,43.3001831],[-80.6034804,43.3003612],[-80.6034819,43.3004182]]},"properties":{"kind":"distribution","tier":"primary_lateral","placement":"underground","from":"electric-T-71","to":"electric-T-72","lengthM":33.88,"voltageKV":13.8,"phases":1,"phase":"B","feeder":"F1-01","feederId":"F1-01","designRole":"lateral","conductor":"1/0 AL 15 kV XLPE","capacityKVA":1394.3,"designKVA":74.4,"customers":28,"roadEdge":14,"rOhmKm":0.641,"xOhmKm":0.14}},{"type":"Feature","id":"electric-E45","geometry":{"type":"LineString","coordinates":[[-80.6026669,43.2986842],[-80.6026524,43.2985444],[-80.6026427,43.298367],[-80.6026425,43.2982533]]},"properties":{"kind":"distribution","tier":"primary_lateral","placement":"overhead","from":"electric-T-88","to":"electric-T-89","lengthM":48.03,"voltageKV":13.8,"phases":1,"phase":"A","feeder":"F1-01","feederId":"F1-01","designRole":"lateral","conductor":"#2 ACSR","capacityKVA":1434.1,"designKVA":57.0,"customers":15,"roadEdge":16,"rOhmKm":1.05,"xOhmKm":0.435}},{"type":"Feature","id":"electric-E46","geometry":{"type":"LineString","coordinates":[[-80.6022925,43.301064],[-80.6022924,43.3010806],[-80.6022977,43.3012619],[-80.6023098,43.3014432],[-80.6023207,43.3015508]]},"properties":{"kind":"distribution","tier":"primary_lateral","placement":"overhead","from":"electric-T-97","to":"electric-T-98","lengthM":54.25,"voltageKV":13.8,"phases":1,"phase":"C","feeder":"F1-01","feederId":"F1-01","designRole":"lateral","conductor":"#2 ACSR","capacityKVA":1434.1,"designKVA":76.0,"customers":23,"roadEdge":21,"rOhmKm":1.05,"xOhmKm":0.435}},{"type":"Feature","id":"electric-E47","geometry":{"type":"LineString","coordinates":[[-80.6015776,43.2978824],[-80.6018955,43.2978303]]},"properties":{"kind":"distribution","tier":"primary_lateral","placement":"overhead","from":"electric-J-20","to":"electric-T-94","lengthM":26.4,"voltageKV":13.8,"phases":1,"phase":"A","feeder":"F1-01","feederId":"F1-01","designRole":"lateral","conductor":"#2 ACSR","capacityKVA":1434.1,"designKVA":13.7,"customers":4,"roadEdge":20,"rOhmKm":1.05,"xOhmKm":0.435}},{"type":"Feature","id":"electric-E48","geometry":{"type":"LineString","coordinates":[[-80.6015776,43.2978824],[-80.601749,43.2978375],[-80.6017836,43.2976687]]},"properties":{"kind":"distribution","tier":"primary_lateral","placement":"underground","from":"electric-J-20","to":"electric-T-107","lengthM":33.76,"voltageKV":13.8,"phases":1,"phase":"A","feeder":"F1-01","feederId":"F1-01","designRole":"lateral","conductor":"1/0 AL 15 kV XLPE","capacityKVA":1394.3,"designKVA":28.1,"customers":9,"roadEdge":24,"rOhmKm":0.641,"xOhmKm":0.14}},{"type":"Feature","id":"electric-E49","geometry":{"type":"LineString","coordinates":[[-80.6012659,43.3016391],[-80.6012648,43.3017994],[-80.6012708,43.3019807],[-80.6012822,43.3021447]]},"properties":{"kind":"distribution","tier":"primary_lateral","placement":"overhead","from":"electric-T-112","to":"electric-T-113","lengthM":56.32,"voltageKV":13.8,"phases":1,"phase":"B","feeder":"F1-01","feederId":"F1-01","designRole":"lateral","conductor":"#2 ACSR","capacityKVA":1434.1,"designKVA":41.9,"customers":14,"roadEdge":25,"rOhmKm":1.05,"xOhmKm":0.435}},{"type":"Feature","id":"electric-E50","geometry":{"type":"LineString","coordinates":[[-80.6004561,43.3011246],[-80.6004561,43.3012183],[-80.600456,43.3012745],[-80.600456,43.3014537]]},"properties":{"kind":"distribution","tier":"primary_main","placement":"overhead","from":"electric-T-209","to":"electric-T-208","lengthM":36.64,"voltageKV":13.8,"phases":3,"phase":"ABC","feeder":"F1-01","feederId":"F1-01","designRole":"trunk","corridorId":"C-002","conductor":"#2 ACSR","capacityKVA":4302.4,"designKVA":267.7,"customers":22,"roadEdge":28,"rOhmKm":1.05,"xOhmKm":0.435}},{"type":"Feature","id":"electric-E51","geometry":{"type":"LineString","coordinates":[[-80.6044359,43.2996242],[-80.6045008,43.2996261],[-80.604578,43.2996282],[-80.6048094,43.299635],[-80.6048571,43.2996363]]},"properties":{"kind":"distribution","tier":"primary_main","placement":"overhead","from":"electric-J-8","to":"electric-J-4","lengthM":34.15,"voltageKV":13.8,"phases":3,"phase":"ABC","feeder":"F1-01","feederId":"F1-01","designRole":"lateral","corridorId":"C-001","conductor":"#2 ACSR","capacityKVA":4302.4,"designKVA":54.1,"customers":10,"roadEdge":6,"rOhmKm":1.05,"xOhmKm":0.435}},{"type":"Feature","id":"electric-E52","geometry":{"type":"LineString","coordinates":[[-80.6044359,43.2996242],[-80.6043581,43.2997769]]},"properties":{"kind":"distribution","tier":"primary_lateral","placement":"underground","from":"electric-J-8","to":"electric-J-7","lengthM":18.13,"voltageKV":13.8,"phases":1,"phase":"A","feeder":"F1-01","feederId":"F1-01","designRole":"lateral","conductor":"1/0 AL 15 kV XLPE","capacityKVA":1394.3,"designKVA":67.2,"customers":18,"roadEdge":8,"rOhmKm":0.641,"xOhmKm":0.14}},{"type":"Feature","id":"electric-E53","geometry":{"type":"LineString","coordinates":[[-80.6037596,43.2993733],[-80.6037581,43.2993617]]},"properties":{"kind":"distribution","tier":"primary_lateral","placement":"underground","from":"electric-T-60","to":"electric-T-61","lengthM":1.3,"voltageKV":13.8,"phases":1,"phase":"C","feeder":"F1-01","feederId":"F1-01","designRole":"lateral","conductor":"1/0 AL 15 kV XLPE","capacityKVA":1394.3,"designKVA":59.6,"customers":20,"roadEdge":10,"rOhmKm":0.641,"xOhmKm":0.14}},{"type":"Feature","id":"electric-E54","geometry":{"type":"LineString","coordinates":[[-80.6034819,43.3004182],[-80.6034851,43.3005393],[-80.6034864,43.3005602]]},"properties":{"kind":"distribution","tier":"primary_lateral","placement":"underground","from":"electric-T-72","to":"electric-T-73","lengthM":15.82,"voltageKV":13.8,"phases":1,"phase":"B","feeder":"F1-01","feederId":"F1-01","designRole":"lateral","conductor":"1/0 AL 15 kV XLPE","capacityKVA":1394.3,"designKVA":69.3,"customers":25,"roadEdge":14,"rOhmKm":0.641,"xOhmKm":0.14}},{"type":"Feature","id":"electric-E55","geometry":{"type":"LineString","coordinates":[[-80.6026425,43.2982533],[-80.6026423,43.2981897],[-80.6026513,43.2980136],[-80.6026692,43.2978983]]},"properties":{"kind":"distribution","tier":"primary_lateral","placement":"overhead","from":"electric-T-89","to":"electric-J-17","lengthM":39.62,"voltageKV":13.8,"phases":1,"phase":"A","feeder":"F1-01","feederId":"F1-01","designRole":"lateral","conductor":"#2 ACSR","capacityKVA":1434.1,"designKVA":50.8,"customers":12,"roadEdge":16,"rOhmKm":1.05,"xOhmKm":0.435}},{"type":"Feature","id":"electric-E56","geometry":{"type":"LineString","coordinates":[[-80.6023207,43.3015508],[-80.6023281,43.3016242],[-80.6023516,43.301805],[-80.6023676,43.3019103]]},"properties":{"kind":"distribution","tier":"primary_lateral","placement":"overhead","from":"electric-T-98","to":"electric-T-99","lengthM":40.21,"voltageKV":13.8,"phases":1,"phase":"C","feeder":"F1-01","feederId":"F1-01","designRole":"lateral","conductor":"#2 ACSR","capacityKVA":1434.1,"designKVA":66.7,"customers":17,"roadEdge":21,"rOhmKm":1.05,"xOhmKm":0.435}},{"type":"Feature","id":"electric-E57","geometry":{"type":"LineString","coordinates":[[-80.6018955,43.2978303],[-80.6021308,43.2978303]]},"properties":{"kind":"distribution","tier":"primary_lateral","placement":"overhead","from":"electric-T-94","to":"electric-T-93","lengthM":19.06,"voltageKV":13.8,"phases":1,"phase":"A","feeder":"F1-01","feederId":"F1-01","designRole":"lateral","conductor":"#2 ACSR","capacityKVA":1434.1,"designKVA":5.7,"customers":1,"roadEdge":20,"rOhmKm":1.05,"xOhmKm":0.435}},{"type":"Feature","id":"electric-E58","geometry":{"type":"LineString","coordinates":[[-80.6017836,43.2976687],[-80.6017859,43.2976577],[-80.6018207,43.2974773],[-80.6018512,43.2972964],[-80.6018524,43.2972871]]},"properties":{"kind":"distribution","tier":"primary_lateral","placement":"underground","from":"electric-T-107","to":"electric-T-108","lengthM":42.84,"voltageKV":13.8,"phases":1,"phase":"A","feeder":"F1-01","feederId":"F1-01","designRole":"lateral","conductor":"1/0 AL 15 kV XLPE","capacityKVA":1394.3,"designKVA":23.7,"customers":7,"roadEdge":24,"rOhmKm":0.641,"xOhmKm":0.14}},{"type":"Feature","id":"electric-E59","geometry":{"type":"LineString","coordinates":[[-80.6012822,43.3021447],[-80.6012834,43.3021619],[-80.6013021,43.302343],[-80.6013174,43.3024585]]},"properties":{"kind":"distribution","tier":"primary_lateral","placement":"overhead","from":"electric-T-113","to":"electric-T-114","lengthM":35.05,"voltageKV":13.8,"phases":1,"phase":"B","feeder":"F1-01","feederId":"F1-01","designRole":"lateral","conductor":"#2 ACSR","capacityKVA":1434.1,"designKVA":24.6,"customers":8,"roadEdge":25,"rOhmKm":1.05,"xOhmKm":0.435}},{"type":"Feature","id":"electric-E60","geometry":{"type":"LineString","coordinates":[[-80.600456,43.3014537],[-80.600456,43.3014991],[-80.6004558,43.3015552],[-80.6004558,43.3016304]]},"properties":{"kind":"distribution","tier":"primary_main","placement":"overhead","from":"electric-T-208","to":"electric-T-207","lengthM":19.67,"voltageKV":13.8,"phases":3,"phase":"ABC","feeder":"F1-01","feederId":"F1-01","designRole":"trunk","corridorId":"C-002","conductor":"#2 ACSR","capacityKVA":4302.4,"designKVA":242.2,"customers":19,"roadEdge":28,"rOhmKm":1.05,"xOhmKm":0.435}},{"type":"Feature","id":"electric-E61","geometry":{"type":"LineString","coordinates":[[-80.6048571,43.2996363],[-80.6048801,43.2997539],[-80.6049573,43.2997562],[-80.6050344,43.2997585],[-80.6051116,43.2997608],[-80.6051887,43.2997631],[-80.6052658,43.2997654],[-80.6053429,43.2997677],[-80.6054202,43.2997701],[-80.6054972,43.2997723],[-80.6055197,43.299773]]},"properties":{"kind":"distribution","tier":"primary_main","placement":"underground","from":"electric-J-4","to":"electric-J-3","lengthM":65.08,"voltageKV":13.8,"phases":3,"phase":"ABC","feeder":"F1-01","feederId":"F1-01","designRole":"lateral","corridorId":"C-001","conductor":"1/0 AL 15 kV XLPE","capacityKVA":4182.9,"designKVA":41.0,"customers":1,"roadEdge":4,"rOhmKm":0.641,"xOhmKm":0.14}},{"type":"Feature","id":"electric-E62","geometry":{"type":"LineString","coordinates":[[-80.6048571,43.2996363],[-80.6047876,43.2996212],[-80.6048046,43.2994434],[-80.6048126,43.2992659],[-80.6048112,43.2990883],[-80.6048092,43.2990554]]},"properties":{"kind":"distribution","tier":"primary_lateral","placement":"underground","from":"electric-J-4","to":"electric-T-56","lengthM":68.92,"voltageKV":13.8,"phases":1,"phase":"C","feeder":"F1-01","feederId":"F1-01","designRole":"lateral","conductor":"1/0 AL 15 kV XLPE","capacityKVA":1394.3,"designKVA":32.6,"customers":9,"roadEdge":5,"rOhmKm":0.641,"xOhmKm":0.14}},{"type":"Feature","id":"electric-E63","geometry":{"type":"LineString","coordinates":[[-80.6043581,43.2997769],[-80.6047711,43.2998317]]},"properties":{"kind":"distribution","tier":"primary_lateral","placement":"underground","from":"electric-J-7","to":"electric-T-55","lengthM":34.02,"voltageKV":13.8,"phases":1,"phase":"A","feeder":"F1-01","feederId":"F1-01","designRole":"lateral","conductor":"1/0 AL 15 kV XLPE","capacityKVA":1394.3,"designKVA":9.3,"customers":2,"roadEdge":3,"rOhmKm":0.641,"xOhmKm":0.14}},{"type":"Feature","id":"electric-E64","geometry":{"type":"LineString","coordinates":[[-80.6043581,43.2997769],[-80.6043592,43.2998242],[-80.6043703,43.3000053],[-80.6043875,43.3001863],[-80.6044038,43.3003156]]},"properties":{"kind":"distribution","tier":"primary_lateral","placement":"underground","from":"electric-J-7","to":"electric-T-59","lengthM":60.1,"voltageKV":13.8,"phases":1,"phase":"A","feeder":"F1-01","feederId":"F1-01","designRole":"lateral","conductor":"1/0 AL 15 kV XLPE","capacityKVA":1394.3,"designKVA":62.7,"customers":16,"roadEdge":7,"rOhmKm":0.641,"xOhmKm":0.14}},{"type":"Feature","id":"electric-E65","geometry":{"type":"LineString","coordinates":[[-80.6037581,43.2993617],[-80.6037466,43.2992726],[-80.6037398,43.2992315]]},"properties":{"kind":"distribution","tier":"primary_lateral","placement":"underground","from":"electric-T-61","to":"electric-T-62","lengthM":14.56,"voltageKV":13.8,"phases":1,"phase":"C","feeder":"F1-01","feederId":"F1-01","designRole":"lateral","conductor":"1/0 AL 15 kV XLPE","capacityKVA":1394.3,"designKVA":53.9,"customers":19,"roadEdge":10,"rOhmKm":0.641,"xOhmKm":0.14}},{"type":"Feature","id":"electric-E66","geometry":{"type":"LineString","coordinates":[[-80.6034864,43.3005602],[-80.6034946,43.3006878]]},"properties":{"kind":"distribution","tier":"primary_lateral","placement":"underground","from":"electric-T-73","to":"electric-T-74","lengthM":14.22,"voltageKV":13.8,"phases":1,"phase":"B","feeder":"F1-01","feederId":"F1-01","designRole":"lateral","conductor":"1/0 AL 15 kV XLPE","capacityKVA":1394.3,"designKVA":64.0,"customers":24,"roadEdge":14,"rOhmKm":0.641,"xOhmKm":0.14}},{"type":"Feature","id":"electric-E67","geometry":{"type":"LineString","coordinates":[[-80.6026692,43.2978983],[-80.6026695,43.2978324],[-80.6026806,43.2977545]]},"properties":{"kind":"distribution","tier":"primary_lateral","placement":"overhead","from":"electric-J-17","to":"electric-J-16","lengthM":16.05,"voltageKV":13.8,"phases":1,"phase":"A","feeder":"F1-01","feederId":"F1-01","designRole":"lateral","conductor":"#2 ACSR","capacityKVA":1434.1,"designKVA":42.6,"customers":10,"roadEdge":19,"rOhmKm":1.05,"xOhmKm":0.435}},{"type":"Feature","id":"electric-E68","geometry":{"type":"LineString","coordinates":[[-80.6026692,43.2978983],[-80.6023657,43.2978303]]},"properties":{"kind":"distribution","tier":"primary_lateral","placement":"overhead","from":"electric-J-17","to":"electric-T-91","lengthM":25.73,"voltageKV":13.8,"phases":1,"phase":"A","feeder":"F1-01","feederId":"F1-01","designRole":"lateral","conductor":"#2 ACSR","capacityKVA":1434.1,"designKVA":14.8,"customers":2,"roadEdge":20,"rOhmKm":1.05,"xOhmKm":0.435}},{"type":"Feature","id":"electric-E69","geometry":{"type":"LineString","coordinates":[[-80.6023676,43.3019103],[-80.602379,43.3019855],[-80.6023917,43.3020618]]},"properties":{"kind":"distribution","tier":"primary_lateral","placement":"overhead","from":"electric-T-99","to":"electric-T-100","lengthM":16.97,"voltageKV":13.8,"phases":1,"phase":"C","feeder":"F1-01","feederId":"F1-01","designRole":"lateral","conductor":"#2 ACSR","capacityKVA":1434.1,"designKVA":60.2,"customers":14,"roadEdge":21,"rOhmKm":1.05,"xOhmKm":0.435}},{"type":"Feature","id":"electric-E70","geometry":{"type":"LineString","coordinates":[[-80.6013174,43.3024585],[-80.601326,43.3025237],[-80.6013538,43.3027042],[-80.6013693,43.3027975]]},"properties":{"kind":"distribution","tier":"primary_lateral","placement":"overhead","from":"electric-T-114","to":"electric-T-115","lengthM":37.98,"voltageKV":13.8,"phases":1,"phase":"B","feeder":"F1-01","feederId":"F1-01","designRole":"lateral","conductor":"#2 ACSR","capacityKVA":1434.1,"designKVA":22.0,"customers":7,"roadEdge":25,"rOhmKm":1.05,"xOhmKm":0.435}},{"type":"Feature","id":"electric-E71","geometry":{"type":"LineString","coordinates":[[-80.6004558,43.3016304],[-80.6004558,43.3019552]]},"properties":{"kind":"distribution","tier":"primary_main","placement":"overhead","from":"electric-T-207","to":"electric-T-206","lengthM":36.15,"voltageKV":13.8,"phases":3,"phase":"ABC","feeder":"F1-01","feederId":"F1-01","designRole":"trunk","corridorId":"C-002","conductor":"#2 ACSR","capacityKVA":4302.4,"designKVA":215.6,"customers":16,"roadEdge":28,"rOhmKm":1.05,"xOhmKm":0.435}},{"type":"Feature","id":"electric-E72","geometry":{"type":"LineString","coordinates":[[-80.6055197,43.299773],[-80.6055744,43.2997747],[-80.6056515,43.299777],[-80.6057286,43.2997793],[-80.6057542,43.2997801]]},"properties":{"kind":"distribution","tier":"primary_main","placement":"underground","from":"electric-J-3","to":"electric-J-1","lengthM":19.02,"voltageKV":13.8,"phases":3,"phase":"ABC","feeder":"F1-01","feederId":"F1-01","designRole":"lateral","corridorId":"C-001","conductor":"1/0 AL 15 kV XLPE","capacityKVA":4182.9,"designKVA":41.0,"customers":1,"roadEdge":1,"rOhmKm":0.641,"xOhmKm":0.14}},{"type":"Feature","id":"electric-E73","geometry":{"type":"LineString","coordinates":[[-80.6048092,43.2990554],[-80.6048006,43.2989107],[-80.6047813,43.2987328],[-80.6047546,43.2985546],[-80.6047222,43.298376],[-80.6047135,43.2983329]]},"properties":{"kind":"distribution","tier":"primary_lateral","placement":"underground","from":"electric-T-56","to":"electric-T-57","lengthM":80.85,"voltageKV":13.8,"phases":1,"phase":"C","feeder":"F1-01","feederId":"F1-01","designRole":"lateral","conductor":"1/0 AL 15 kV XLPE","capacityKVA":1394.3,"designKVA":19.9,"customers":4,"roadEdge":5,"rOhmKm":0.641,"xOhmKm":0.14}},{"type":"Feature","id":"electric-E74","geometry":{"type":"LineString","coordinates":[[-80.6044038,43.3003156],[-80.6044103,43.300367],[-80.604437,43.3005474],[-80.6044666,43.3007275],[-80.6044974,43.3009073],[-80.6044982,43.3009123]]},"properties":{"kind":"distribution","tier":"primary_lateral","placement":"underground","from":"electric-T-59","to":"electric-T-58","lengthM":66.86,"voltageKV":13.8,"phases":1,"phase":"A","feeder":"F1-01","feederId":"F1-01","designRole":"lateral","conductor":"1/0 AL 15 kV XLPE","capacityKVA":1394.3,"designKVA":23.3,"customers":8,"roadEdge":7,"rOhmKm":0.641,"xOhmKm":0.14}},{"type":"Feature","id":"electric-E75","geometry":{"type":"LineString","coordinates":[[-80.6037398,43.2992315],[-80.603736,43.2992088]]},"properties":{"kind":"distribution","tier":"primary_lateral","placement":"underground","from":"electric-T-62","to":"electric-T-63","lengthM":2.55,"voltageKV":13.8,"phases":1,"phase":"C","feeder":"F1-01","feederId":"F1-01","designRole":"lateral","conductor":"1/0 AL 15 kV XLPE","capacityKVA":1394.3,"designKVA":52.1,"customers":18,"roadEdge":10,"rOhmKm":0.641,"xOhmKm":0.14}},{"type":"Feature","id":"electric-E76","geometry":{"type":"LineString","coordinates":[[-80.6034946,43.3006878],[-80.6034954,43.3007007]]},"properties":{"kind":"distribution","tier":"primary_lateral","placement":"underground","from":"electric-T-74","to":"electric-T-75","lengthM":1.43,"voltageKV":13.8,"phases":1,"phase":"B","feeder":"F1-01","feederId":"F1-01","designRole":"lateral","conductor":"1/0 AL 15 kV XLPE","capacityKVA":1394.3,"designKVA":62.3,"customers":23,"roadEdge":14,"rOhmKm":0.641,"xOhmKm":0.14}},{"type":"Feature","id":"electric-E77","geometry":{"type":"LineString","coordinates":[[-80.6026806,43.2977545],[-80.6029639,43.2978039]]},"properties":{"kind":"distribution","tier":"primary_lateral","placement":"underground","from":"electric-J-16","to":"electric-T-70","lengthM":23.6,"voltageKV":13.8,"phases":1,"phase":"A","feeder":"F1-01","feederId":"F1-01","designRole":"lateral","conductor":"1/0 AL 15 kV XLPE","capacityKVA":1394.3,"designKVA":32.4,"customers":4,"roadEdge":13,"rOhmKm":0.641,"xOhmKm":0.14}},{"type":"Feature","id":"electric-E78","geometry":{"type":"LineString","coordinates":[[-80.6026806,43.2977545],[-80.6025352,43.2976432],[-80.6025671,43.2974625],[-80.6026027,43.2972822],[-80.6026041,43.2972752]]},"properties":{"kind":"distribution","tier":"primary_lateral","placement":"underground","from":"electric-J-16","to":"electric-T-90","lengthM":58.44,"voltageKV":13.8,"phases":1,"phase":"A","feeder":"F1-01","feederId":"F1-01","designRole":"lateral","conductor":"1/0 AL 15 kV XLPE","capacityKVA":1394.3,"designKVA":18.0,"customers":6,"roadEdge":18,"rOhmKm":0.641,"xOhmKm":0.14}},{"type":"Feature","id":"electric-E79","geometry":{"type":"LineString","coordinates":[[-80.6023657,43.2978303],[-80.6023536,43.2978303]]},"properties":{"kind":"distribution","tier":"primary_lateral","placement":"overhead","from":"electric-T-91","to":"electric-T-92","lengthM":0.98,"voltageKV":13.8,"phases":1,"phase":"A","feeder":"F1-01","feederId":"F1-01","designRole":"lateral","conductor":"#2 ACSR","capacityKVA":1434.1,"designKVA":12.7,"customers":1,"roadEdge":20,"rOhmKm":1.05,"xOhmKm":0.435}},{"type":"Feature","id":"electric-E80","geometry":{"type":"LineString","coordinates":[[-80.6023917,43.3020618],[-80.6024089,43.3021655],[-80.6024109,43.3021771]]},"properties":{"kind":"distribution","tier":"primary_lateral","placement":"overhead","from":"electric-T-100","to":"electric-T-101","lengthM":12.93,"voltageKV":13.8,"phases":1,"phase":"C","feeder":"F1-01","feederId":"F1-01","designRole":"lateral","conductor":"#2 ACSR","capacityKVA":1434.1,"designKVA":59.8,"customers":13,"roadEdge":21,"rOhmKm":1.05,"xOhmKm":0.435}},{"type":"Feature","id":"electric-E81","geometry":{"type":"LineString","coordinates":[[-80.6004558,43.3019552],[-80.6004558,43.3020045],[-80.600456,43.3020606],[-80.600456,43.3021323]]},"properties":{"kind":"distribution","tier":"primary_main","placement":"overhead","from":"electric-T-206","to":"electric-T-205","lengthM":19.72,"voltageKV":13.8,"phases":3,"phase":"ABC","feeder":"F1-01","feederId":"F1-01","designRole":"trunk","corridorId":"C-002","conductor":"#2 ACSR","capacityKVA":4302.4,"designKVA":180.4,"customers":13,"roadEdge":28,"rOhmKm":1.05,"xOhmKm":0.435}},{"type":"Feature","id":"electric-E82","geometry":{"type":"LineString","coordinates":[[-80.6057542,43.2997801],[-80.6058059,43.2997817],[-80.605883,43.299784],[-80.6059601,43.2997863],[-80.6060373,43.2997887],[-80.6061144,43.299791],[-80.6061915,43.2997933],[-80.6062687,43.2997957],[-80.6063146,43.2997971]]},"properties":{"kind":"distribution","tier":"primary_main","placement":"underground","from":"electric-J-1","to":"electric-T-222","lengthM":45.44,"voltageKV":13.8,"phases":3,"phase":"ABC","feeder":"F1-01","feederId":"F1-01","designRole":"lateral","corridorId":"C-001","conductor":"1/0 AL 15 kV XLPE","capacityKVA":4182.9,"designKVA":41.0,"customers":1,"roadEdge":0,"rOhmKm":0.641,"xOhmKm":0.14}},{"type":"Feature","id":"electric-E83","geometry":{"type":"LineString","coordinates":[[-80.603736,43.2992088],[-80.603717,43.2990941],[-80.6037136,43.2990767]]},"properties":{"kind":"distribution","tier":"primary_lateral","placement":"underground","from":"electric-T-63","to":"electric-T-64","lengthM":14.81,"voltageKV":13.8,"phases":1,"phase":"C","feeder":"F1-01","feederId":"F1-01","designRole":"lateral","conductor":"1/0 AL 15 kV XLPE","capacityKVA":1394.3,"designKVA":49.8,"customers":17,"roadEdge":10,"rOhmKm":0.641,"xOhmKm":0.14}},{"type":"Feature","id":"electric-E84","geometry":{"type":"LineString","coordinates":[[-80.6034954,43.3007007],[-80.6034965,43.3007175],[-80.6035082,43.3008367]]},"properties":{"kind":"distribution","tier":"primary_lateral","placement":"underground","from":"electric-T-75","to":"electric-T-76","lengthM":15.18,"voltageKV":13.8,"phases":1,"phase":"B","feeder":"F1-01","feederId":"F1-01","designRole":"lateral","conductor":"1/0 AL 15 kV XLPE","capacityKVA":1394.3,"designKVA":60.1,"customers":22,"roadEdge":14,"rOhmKm":0.641,"xOhmKm":0.14}},{"type":"Feature","id":"electric-E85","geometry":{"type":"LineString","coordinates":[[-80.6024109,43.3021771],[-80.6024397,43.3023452],[-80.6024697,43.3025245],[-80.6024785,43.3025814]]},"properties":{"kind":"distribution","tier":"primary_lateral","placement":"overhead","from":"electric-T-101","to":"electric-T-102","lengthM":45.34,"voltageKV":13.8,"phases":1,"phase":"C","feeder":"F1-01","feederId":"F1-01","designRole":"lateral","conductor":"#2 ACSR","capacityKVA":1434.1,"designKVA":58.3,"customers":12,"roadEdge":21,"rOhmKm":1.05,"xOhmKm":0.435}},{"type":"Feature","id":"electric-E86","geometry":{"type":"LineString","coordinates":[[-80.600456,43.3021323],[-80.600456,43.3021729],[-80.6004561,43.302229],[-80.6004561,43.3022852],[-80.6004562,43.3023413],[-80.6004562,43.3023975],[-80.6004563,43.3024537],[-80.6004563,43.3024602]]},"properties":{"kind":"distribution","tier":"primary_main","placement":"overhead","from":"electric-T-205","to":"electric-T-204","lengthM":36.5,"voltageKV":13.8,"phases":3,"phase":"ABC","feeder":"F1-01","feederId":"F1-01","designRole":"trunk","corridorId":"C-002","conductor":"#2 ACSR","capacityKVA":4302.4,"designKVA":137.6,"customers":10,"roadEdge":28,"rOhmKm":1.05,"xOhmKm":0.435}},{"type":"Feature","id":"electric-E87","geometry":{"type":"LineString","coordinates":[[-80.6037136,43.2990767],[-80.6037091,43.2990533]]},"properties":{"kind":"distribution","tier":"primary_lateral","placement":"underground","from":"electric-T-64","to":"electric-T-65","lengthM":2.63,"voltageKV":13.8,"phases":1,"phase":"C","feeder":"F1-01","feederId":"F1-01","designRole":"lateral","conductor":"1/0 AL 15 kV XLPE","capacityKVA":1394.3,"designKVA":49.3,"customers":16,"roadEdge":10,"rOhmKm":0.641,"xOhmKm":0.14}},{"type":"Feature","id":"electric-E88","geometry":{"type":"LineString","coordinates":[[-80.6035082,43.3008367],[-80.6035101,43.3008558]]},"properties":{"kind":"distribution","tier":"primary_lateral","placement":"underground","from":"electric-T-76","to":"electric-T-77","lengthM":2.13,"voltageKV":13.8,"phases":1,"phase":"B","feeder":"F1-01","feederId":"F1-01","designRole":"lateral","conductor":"1/0 AL 15 kV XLPE","capacityKVA":1394.3,"designKVA":60.0,"customers":21,"roadEdge":14,"rOhmKm":0.641,"xOhmKm":0.14}},{"type":"Feature","id":"electric-E89","geometry":{"type":"LineString","coordinates":[[-80.6024785,43.3025814],[-80.6024974,43.3027035],[-80.6025214,43.3028821],[-80.6025401,43.3030573]]},"properties":{"kind":"distribution","tier":"primary_lateral","placement":"overhead","from":"electric-T-102","to":"electric-T-103","lengthM":53.22,"voltageKV":13.8,"phases":1,"phase":"C","feeder":"F1-01","feederId":"F1-01","designRole":"lateral","conductor":"#2 ACSR","capacityKVA":1434.1,"designKVA":10.9,"customers":2,"roadEdge":21,"rOhmKm":1.05,"xOhmKm":0.435}},{"type":"Feature","id":"electric-E90","geometry":{"type":"LineString","coordinates":[[-80.6004563,43.3024602],[-80.6004565,43.3025098],[-80.6004565,43.3025659],[-80.6004566,43.3026221],[-80.6004566,43.302628]]},"properties":{"kind":"distribution","tier":"primary_main","placement":"overhead","from":"electric-T-204","to":"electric-T-203","lengthM":18.67,"voltageKV":13.8,"phases":3,"phase":"ABC","feeder":"F1-01","feederId":"F1-01","designRole":"trunk","corridorId":"C-002","conductor":"#2 ACSR","capacityKVA":4302.4,"designKVA":98.8,"customers":7,"roadEdge":28,"rOhmKm":1.05,"xOhmKm":0.435}},{"type":"Feature","id":"electric-E91","geometry":{"type":"LineString","coordinates":[[-80.6037091,43.2990533],[-80.6036847,43.298926]]},"properties":{"kind":"distribution","tier":"primary_lateral","placement":"underground","from":"electric-T-65","to":"electric-T-66","lengthM":14.31,"voltageKV":13.8,"phases":1,"phase":"C","feeder":"F1-01","feederId":"F1-01","designRole":"lateral","conductor":"1/0 AL 15 kV XLPE","capacityKVA":1394.3,"designKVA":43.4,"customers":15,"roadEdge":10,"rOhmKm":0.641,"xOhmKm":0.14}},{"type":"Feature","id":"electric-E92","geometry":{"type":"LineString","coordinates":[[-80.6035101,43.3008558],[-80.603514,43.3008959],[-80.6035262,43.300991]]},"properties":{"kind":"distribution","tier":"primary_lateral","placement":"underground","from":"electric-T-77","to":"electric-T-78","lengthM":15.11,"voltageKV":13.8,"phases":1,"phase":"B","feeder":"F1-01","feederId":"F1-01","designRole":"lateral","conductor":"1/0 AL 15 kV XLPE","capacityKVA":1394.3,"designKVA":54.0,"customers":20,"roadEdge":14,"rOhmKm":0.641,"xOhmKm":0.14}},{"type":"Feature","id":"electric-E93","geometry":{"type":"LineString","coordinates":[[-80.6004566,43.302628],[-80.6004567,43.3026782],[-80.6004568,43.3027344],[-80.6004571,43.3027906],[-80.6004572,43.3028467],[-80.6004573,43.3029028],[-80.6004574,43.3029565]]},"properties":{"kind":"distribution","tier":"primary_main","placement":"overhead","from":"electric-T-203","to":"electric-T-202","lengthM":36.57,"voltageKV":13.8,"phases":3,"phase":"ABC","feeder":"F1-01","feederId":"F1-01","designRole":"lateral","corridorId":"C-002","conductor":"#2 ACSR","capacityKVA":4302.4,"designKVA":52.9,"customers":4,"roadEdge":28,"rOhmKm":1.05,"xOhmKm":0.435}},{"type":"Feature","id":"electric-E94","geometry":{"type":"LineString","coordinates":[[-80.6036847,43.298926],[-80.6036827,43.2989152],[-80.6036459,43.2987358],[-80.6036092,43.2985559],[-80.6036049,43.298533]]},"properties":{"kind":"distribution","tier":"primary_lateral","placement":"underground","from":"electric-T-66","to":"electric-T-67","lengthM":44.22,"voltageKV":13.8,"phases":1,"phase":"C","feeder":"F1-01","feederId":"F1-01","designRole":"lateral","conductor":"1/0 AL 15 kV XLPE","capacityKVA":1394.3,"designKVA":43.1,"customers":14,"roadEdge":10,"rOhmKm":0.641,"xOhmKm":0.14}},{"type":"Feature","id":"electric-E95","geometry":{"type":"LineString","coordinates":[[-80.6035262,43.300991],[-80.6035285,43.301009]]},"properties":{"kind":"distribution","tier":"primary_lateral","placement":"underground","from":"electric-T-78","to":"electric-T-79","lengthM":2.01,"voltageKV":13.8,"phases":1,"phase":"B","feeder":"F1-01","feederId":"F1-01","designRole":"lateral","conductor":"1/0 AL 15 kV XLPE","capacityKVA":1394.3,"designKVA":52.2,"customers":19,"roadEdge":14,"rOhmKm":0.641,"xOhmKm":0.14}},{"type":"Feature","id":"electric-E96","geometry":{"type":"LineString","coordinates":[[-80.6004574,43.3029565],[-80.6004574,43.302959],[-80.6004577,43.3030152],[-80.6004579,43.3030713],[-80.6004581,43.3031274],[-80.6004586,43.3032398],[-80.6004588,43.3032959],[-80.600459,43.3033521],[-80.6004593,43.3034083],[-80.6004597,43.3034644],[-80.6004599,43.3035205],[-80.6004603,43.3035767],[-80.6004607,43.3036329],[-80.6004625,43.3039137],[-80.6004635,43.3040259],[-80.6004639,43.3040821],[-80.6004644,43.3041383],[-80.600465,43.3041945],[-80.600466,43.3043068],[-80.6004666,43.304363],[-80.6004672,43.3044191],[-80.6004678,43.3044752],[-80.600469,43.3045876],[-80.6004691,43.3045879]]},"properties":{"kind":"distribution","tier":"primary_main","placement":"overhead","from":"electric-T-202","to":"electric-T-224","lengthM":181.61,"voltageKV":13.8,"phases":3,"phase":"ABC","feeder":"F1-01","feederId":"F1-01","designRole":"lateral","corridorId":"C-002","conductor":"#2 ACSR","capacityKVA":4302.4,"designKVA":16.0,"customers":1,"roadEdge":28,"rOhmKm":1.05,"xOhmKm":0.435}},{"type":"Feature","id":"electric-E97","geometry":{"type":"LineString","coordinates":[[-80.6036049,43.298533],[-80.603575,43.2983754],[-80.6035455,43.2981944],[-80.6035228,43.2980131],[-80.6035222,43.2980049]]},"properties":{"kind":"distribution","tier":"primary_lateral","placement":"underground","from":"electric-T-67","to":"electric-T-68","lengthM":59.18,"voltageKV":13.8,"phases":1,"phase":"C","feeder":"F1-01","feederId":"F1-01","designRole":"lateral","conductor":"1/0 AL 15 kV XLPE","capacityKVA":1394.3,"designKVA":19.3,"customers":4,"roadEdge":10,"rOhmKm":0.641,"xOhmKm":0.14}},{"type":"Feature","id":"electric-E98","geometry":{"type":"LineString","coordinates":[[-80.6035285,43.301009],[-80.6035368,43.3010745],[-80.6035456,43.3011326]]},"properties":{"kind":"distribution","tier":"primary_lateral","placement":"underground","from":"electric-T-79","to":"electric-T-80","lengthM":13.83,"voltageKV":13.8,"phases":1,"phase":"B","feeder":"F1-01","feederId":"F1-01","designRole":"lateral","conductor":"1/0 AL 15 kV XLPE","capacityKVA":1394.3,"designKVA":51.6,"customers":18,"roadEdge":14,"rOhmKm":0.641,"xOhmKm":0.14}},{"type":"Feature","id":"electric-E99","geometry":{"type":"LineString","coordinates":[[-80.6035222,43.2980049],[-80.6035085,43.2978299],[-80.6035126,43.2977462]]},"properties":{"kind":"distribution","tier":"primary_lateral","placement":"underground","from":"electric-T-68","to":"electric-J-11","lengthM":28.83,"voltageKV":13.8,"phases":1,"phase":"C","feeder":"F1-01","feederId":"F1-01","designRole":"lateral","conductor":"1/0 AL 15 kV XLPE","capacityKVA":1394.3,"designKVA":14.3,"customers":2,"roadEdge":10,"rOhmKm":0.641,"xOhmKm":0.14}},{"type":"Feature","id":"electric-E100","geometry":{"type":"LineString","coordinates":[[-80.6035456,43.3011326],[-80.6035499,43.3011617]]},"properties":{"kind":"distribution","tier":"primary_lateral","placement":"underground","from":"electric-T-80","to":"electric-T-81","lengthM":3.25,"voltageKV":13.8,"phases":1,"phase":"B","feeder":"F1-01","feederId":"F1-01","designRole":"lateral","conductor":"1/0 AL 15 kV XLPE","capacityKVA":1394.3,"designKVA":51.7,"customers":17,"roadEdge":14,"rOhmKm":0.641,"xOhmKm":0.14}},{"type":"Feature","id":"electric-E101","geometry":{"type":"LineString","coordinates":[[-80.6035126,43.2977462],[-80.6035036,43.297651],[-80.6035073,43.2975036]]},"properties":{"kind":"distribution","tier":"primary_lateral","placement":"underground","from":"electric-J-11","to":"electric-T-69","lengthM":27.03,"voltageKV":13.8,"phases":1,"phase":"C","feeder":"F1-01","feederId":"F1-01","designRole":"lateral","conductor":"1/0 AL 15 kV XLPE","capacityKVA":1394.3,"designKVA":14.3,"customers":2,"roadEdge":12,"rOhmKm":0.641,"xOhmKm":0.14}},{"type":"Feature","id":"electric-E102","geometry":{"type":"LineString","coordinates":[[-80.6035499,43.3011617],[-80.6035638,43.3012534],[-80.6035686,43.3012826]]},"properties":{"kind":"distribution","tier":"primary_lateral","placement":"underground","from":"electric-T-81","to":"electric-T-82","lengthM":13.55,"voltageKV":13.8,"phases":1,"phase":"B","feeder":"F1-01","feederId":"F1-01","designRole":"lateral","conductor":"1/0 AL 15 kV XLPE","capacityKVA":1394.3,"designKVA":50.0,"customers":16,"roadEdge":14,"rOhmKm":0.641,"xOhmKm":0.14}},{"type":"Feature","id":"electric-E103","geometry":{"type":"LineString","coordinates":[[-80.6035686,43.3012826],[-80.6035734,43.3013117]]},"properties":{"kind":"distribution","tier":"primary_lateral","placement":"underground","from":"electric-T-82","to":"electric-T-83","lengthM":3.27,"voltageKV":13.8,"phases":1,"phase":"B","feeder":"F1-01","feederId":"F1-01","designRole":"lateral","conductor":"1/0 AL 15 kV XLPE","capacityKVA":1394.3,"designKVA":48.2,"customers":15,"roadEdge":14,"rOhmKm":0.641,"xOhmKm":0.14}},{"type":"Feature","id":"electric-E104","geometry":{"type":"LineString","coordinates":[[-80.6035734,43.3013117],[-80.6035933,43.3014327],[-80.6035934,43.301433]]},"properties":{"kind":"distribution","tier":"primary_lateral","placement":"underground","from":"electric-T-83","to":"electric-T-84","lengthM":13.59,"voltageKV":13.8,"phases":1,"phase":"B","feeder":"F1-01","feederId":"F1-01","designRole":"lateral","conductor":"1/0 AL 15 kV XLPE","capacityKVA":1394.3,"designKVA":46.1,"customers":14,"roadEdge":14,"rOhmKm":0.641,"xOhmKm":0.14}},{"type":"Feature","id":"electric-E105","geometry":{"type":"LineString","coordinates":[[-80.6035934,43.301433],[-80.603624,43.3016123],[-80.6036476,43.3017521]]},"properties":{"kind":"distribution","tier":"primary_lateral","placement":"underground","from":"electric-T-84","to":"electric-T-85","lengthM":35.79,"voltageKV":13.8,"phases":1,"phase":"B","feeder":"F1-01","feederId":"F1-01","designRole":"lateral","conductor":"1/0 AL 15 kV XLPE","capacityKVA":1394.3,"designKVA":44.1,"customers":13,"roadEdge":14,"rOhmKm":0.641,"xOhmKm":0.14}},{"type":"Feature","id":"electric-E106","geometry":{"type":"LineString","coordinates":[[-80.6036476,43.3017521],[-80.6036543,43.3017922],[-80.6036826,43.3019725],[-80.6037071,43.3021532],[-80.6037269,43.302334],[-80.6037407,43.3025151],[-80.6037423,43.3025554]]},"properties":{"kind":"distribution","tier":"primary_lateral","placement":"underground","from":"electric-T-85","to":"electric-T-86","lengthM":89.78,"voltageKV":13.8,"phases":1,"phase":"B","feeder":"F1-01","feederId":"F1-01","designRole":"lateral","conductor":"1/0 AL 15 kV XLPE","capacityKVA":1394.3,"designKVA":18.0,"customers":4,"roadEdge":14,"rOhmKm":0.641,"xOhmKm":0.14}},{"type":"Feature","id":"electric-E107","geometry":{"type":"LineString","coordinates":[[-80.6006728,43.2954253],[-80.6006723,43.2954306],[-80.6006672,43.2954868],[-80.6006623,43.2955431],[-80.6006575,43.2955992],[-80.6006525,43.2956554],[-80.6006381,43.2958239],[-80.6006334,43.2958801],[-80.6006287,43.2959363],[-80.600624,43.2959925],[-80.6006194,43.2960487],[-80.6006149,43.2961048],[-80.6006103,43.296161],[-80.600597,43.2963296],[-80.6005926,43.2963858],[-80.6005883,43.296442],[-80.6005841,43.2964981],[-80.6005798,43.2965543],[-80.6005757,43.2966105],[-80.6005746,43.2966261]]},"properties":{"kind":"distribution","tier":"primary_main","placement":"overhead","from":"electric-J-T226-F1-02","to":"electric-X-F1-02-191","lengthM":133.91,"voltageKV":13.8,"phases":3,"phase":"ABC","feeder":"F1-02","feederId":"F1-02","designRole":"express","corridorId":"C-002","conductor":"#2 ACSR","capacityKVA":4302.4,"designKVA":856.4,"customers":281,"roadEdge":27,"rOhmKm":1.05,"xOhmKm":0.435}},{"type":"Feature","id":"electric-E108","geometry":{"type":"LineString","coordinates":[[-80.6005746,43.2966261],[-80.6005715,43.2966667],[-80.6005674,43.296723],[-80.6005556,43.2968915],[-80.6005532,43.2969262]]},"properties":{"kind":"distribution","tier":"primary_main","placement":"overhead","from":"electric-X-F1-02-191","to":"electric-X-F1-02-192","lengthM":33.45,"voltageKV":13.8,"phases":3,"phase":"ABC","feeder":"F1-02","feederId":"F1-02","designRole":"express","corridorId":"C-002","conductor":"#2 ACSR","capacityKVA":4302.4,"designKVA":856.4,"customers":281,"roadEdge":27,"rOhmKm":1.05,"xOhmKm":0.435}},{"type":"Feature","id":"electric-E109","geometry":{"type":"LineString","coordinates":[[-80.6005532,43.2969262],[-80.6005517,43.2969477],[-80.6005441,43.2970601],[-80.6005404,43.2971163],[-80.6005368,43.2971725],[-80.6005339,43.2972179]]},"properties":{"kind":"distribution","tier":"primary_main","placement":"overhead","from":"electric-X-F1-02-192","to":"electric-X-F1-02-193","lengthM":32.51,"voltageKV":13.8,"phases":3,"phase":"ABC","feeder":"F1-02","feederId":"F1-02","designRole":"express","corridorId":"C-002","conductor":"#2 ACSR","capacityKVA":4302.4,"designKVA":856.4,"customers":281,"roadEdge":27,"rOhmKm":1.05,"xOhmKm":0.435}},{"type":"Feature","id":"electric-E110","geometry":{"type":"LineString","coordinates":[[-80.6005339,43.2972179],[-80.6005332,43.2972287],[-80.6005296,43.2972849],[-80.6005262,43.2973411],[-80.6005243,43.2973718]]},"properties":{"kind":"distribution","tier":"primary_main","placement":"overhead","from":"electric-X-F1-02-193","to":"electric-X-F1-02-194","lengthM":17.14,"voltageKV":13.8,"phases":3,"phase":"ABC","feeder":"F1-02","feederId":"F1-02","designRole":"express","corridorId":"C-002","conductor":"#2 ACSR","capacityKVA":4302.4,"designKVA":856.4,"customers":281,"roadEdge":27,"rOhmKm":1.05,"xOhmKm":0.435}},{"type":"Feature","id":"electric-E111","geometry":{"type":"LineString","coordinates":[[-80.6005243,43.2973718],[-80.6005227,43.2973973],[-80.6005194,43.2974535],[-80.600516,43.2975096],[-80.6005127,43.2975659],[-80.6005096,43.2976221],[-80.6005069,43.2976695]]},"properties":{"kind":"distribution","tier":"primary_main","placement":"overhead","from":"electric-X-F1-02-194","to":"electric-X-F1-02-195","lengthM":33.17,"voltageKV":13.8,"phases":3,"phase":"ABC","feeder":"F1-02","feederId":"F1-02","designRole":"express","corridorId":"C-002","conductor":"#2 ACSR","capacityKVA":4302.4,"designKVA":856.4,"customers":281,"roadEdge":27,"rOhmKm":1.05,"xOhmKm":0.435}},{"type":"Feature","id":"electric-E112","geometry":{"type":"LineString","coordinates":[[-80.6005069,43.2976695],[-80.6005064,43.2976782],[-80.6005033,43.2977345],[-80.6005003,43.2977907],[-80.6004974,43.2978469],[-80.6004945,43.2979031],[-80.6004917,43.2979593],[-80.6004916,43.2979608]]},"properties":{"kind":"distribution","tier":"primary_main","placement":"overhead","from":"electric-X-F1-02-195","to":"electric-X-F1-02-196","lengthM":32.46,"voltageKV":13.8,"phases":3,"phase":"ABC","feeder":"F1-02","feederId":"F1-02","designRole":"express","corridorId":"C-002","conductor":"#2 ACSR","capacityKVA":4302.4,"designKVA":856.4,"customers":281,"roadEdge":27,"rOhmKm":1.05,"xOhmKm":0.435}},{"type":"Feature","id":"electric-E113","geometry":{"type":"LineString","coordinates":[[-80.6004916,43.2979608],[-80.600489,43.2980155],[-80.6004863,43.2980717],[-80.6004837,43.2981279],[-80.6004811,43.2981841],[-80.6004786,43.2982403],[-80.6004777,43.2982598]]},"properties":{"kind":"distribution","tier":"primary_main","placement":"overhead","from":"electric-X-F1-02-196","to":"electric-X-F1-02-197","lengthM":33.3,"voltageKV":13.8,"phases":3,"phase":"ABC","feeder":"F1-02","feederId":"F1-02","designRole":"express","corridorId":"C-002","conductor":"#2 ACSR","capacityKVA":4302.4,"designKVA":856.4,"customers":281,"roadEdge":27,"rOhmKm":1.05,"xOhmKm":0.435}},{"type":"Feature","id":"electric-E114","geometry":{"type":"LineString","coordinates":[[-80.6004777,43.2982598],[-80.6004761,43.2982965],[-80.6004714,43.298409],[-80.6004693,43.2984652],[-80.6004671,43.2985214],[-80.6004659,43.2985546]]},"properties":{"kind":"distribution","tier":"primary_main","placement":"overhead","from":"electric-X-F1-02-197","to":"electric-X-F1-02-198","lengthM":32.83,"voltageKV":13.8,"phases":3,"phase":"ABC","feeder":"F1-02","feederId":"F1-02","designRole":"express","corridorId":"C-002","conductor":"#2 ACSR","capacityKVA":4302.4,"designKVA":856.4,"customers":281,"roadEdge":27,"rOhmKm":1.05,"xOhmKm":0.435}},{"type":"Feature","id":"electric-E115","geometry":{"type":"LineString","coordinates":[[-80.6004659,43.2985546],[-80.600465,43.2985776],[-80.600463,43.2986339],[-80.6004612,43.29869],[-80.6004605,43.2987102]]},"properties":{"kind":"distribution","tier":"primary_main","placement":"overhead","from":"electric-X-F1-02-198","to":"electric-X-F1-02-199","lengthM":17.33,"voltageKV":13.8,"phases":3,"phase":"ABC","feeder":"F1-02","feederId":"F1-02","designRole":"express","corridorId":"C-002","conductor":"#2 ACSR","capacityKVA":4302.4,"designKVA":856.4,"customers":281,"roadEdge":27,"rOhmKm":1.05,"xOhmKm":0.435}},{"type":"Feature","id":"electric-E116","geometry":{"type":"LineString","coordinates":[[-80.6004605,43.2987102],[-80.6004592,43.2987462],[-80.6004557,43.2988587],[-80.6004541,43.2989149],[-80.6004525,43.2989711],[-80.6004518,43.2990003]]},"properties":{"kind":"distribution","tier":"primary_main","placement":"overhead","from":"electric-X-F1-02-199","to":"electric-X-F1-02-200","lengthM":32.3,"voltageKV":13.8,"phases":3,"phase":"ABC","feeder":"F1-02","feederId":"F1-02","designRole":"express","corridorId":"C-002","conductor":"#2 ACSR","capacityKVA":4302.4,"designKVA":856.4,"customers":281,"roadEdge":27,"rOhmKm":1.05,"xOhmKm":0.435}},{"type":"Feature","id":"electric-E117","geometry":{"type":"LineString","coordinates":[[-80.6004518,43.2990003],[-80.600451,43.2990274],[-80.6004497,43.2990836],[-80.6004483,43.2991398],[-80.6004479,43.2991601]]},"properties":{"kind":"distribution","tier":"primary_main","placement":"overhead","from":"electric-X-F1-02-200","to":"electric-X-F1-02-201","lengthM":17.79,"voltageKV":13.8,"phases":3,"phase":"ABC","feeder":"F1-02","feederId":"F1-02","designRole":"express","corridorId":"C-002","conductor":"#2 ACSR","capacityKVA":4302.4,"designKVA":856.4,"customers":281,"roadEdge":27,"rOhmKm":1.05,"xOhmKm":0.435}},{"type":"Feature","id":"electric-E118","geometry":{"type":"LineString","coordinates":[[-80.6004479,43.2991601],[-80.6004471,43.299196],[-80.600446,43.2992523],[-80.6004449,43.2993085],[-80.6004439,43.2993647],[-80.600443,43.2994209],[-80.6004421,43.2994771],[-80.6004414,43.2995333],[-80.6004407,43.2995895],[-80.6004404,43.2996103]]},"properties":{"kind":"distribution","tier":"primary_main","placement":"overhead","from":"electric-X-F1-02-201","to":"electric-X-F1-02-26","lengthM":50.12,"voltageKV":13.8,"phases":3,"phase":"ABC","feeder":"F1-02","feederId":"F1-02","designRole":"express","corridorId":"C-002","conductor":"#2 ACSR","capacityKVA":4302.4,"designKVA":856.4,"customers":281,"roadEdge":27,"rOhmKm":1.05,"xOhmKm":0.435}},{"type":"Feature","id":"electric-E119","geometry":{"type":"LineString","coordinates":[[-80.6004404,43.2996103],[-80.6004865,43.2995496],[-80.6004093,43.2995492],[-80.6003321,43.299549],[-80.6002549,43.2995487],[-80.6001776,43.2995485],[-80.6001004,43.2995484],[-80.6000231,43.2995483],[-80.599946,43.2995483],[-80.5998957,43.2995482]]},"properties":{"kind":"distribution","tier":"primary_main","placement":"overhead","from":"electric-X-F1-02-26","to":"electric-J-27","lengthM":55.59,"voltageKV":13.8,"phases":3,"phase":"ABC","feeder":"F1-02","feederId":"F1-02","designRole":"trunk","corridorId":"C-001","conductor":"#2 ACSR","capacityKVA":4302.4,"designKVA":856.4,"customers":281,"roadEdge":29,"rOhmKm":1.05,"xOhmKm":0.435,"switch":"sectionalising","switchId":"SW-F1-02-01"}},{"type":"Feature","id":"electric-E120","geometry":{"type":"LineString","coordinates":[[-80.5998957,43.2995482],[-80.5998689,43.2995482],[-80.5997917,43.2995481],[-80.5997146,43.2995481],[-80.5996374,43.2995481],[-80.5995519,43.2995481]]},"properties":{"kind":"distribution","tier":"primary_main","placement":"overhead","from":"electric-J-27","to":"electric-J-30","lengthM":27.85,"voltageKV":13.8,"phases":3,"phase":"ABC","feeder":"F1-02","feederId":"F1-02","designRole":"trunk","corridorId":"C-001","conductor":"#2 ACSR","capacityKVA":4302.4,"designKVA":738.0,"customers":242,"roadEdge":31,"rOhmKm":1.05,"xOhmKm":0.435,"switch":"sectionalising","switchId":"SW-F1-02-02"}},{"type":"Feature","id":"electric-E121","geometry":{"type":"LineString","coordinates":[[-80.5998957,43.2995482],[-80.5998125,43.2996398],[-80.599811,43.2998175],[-80.5998016,43.2999953],[-80.5997973,43.3000415]]},"properties":{"kind":"distribution","tier":"primary_main","placement":"overhead","from":"electric-J-27","to":"electric-T-215","lengthM":56.96,"voltageKV":13.8,"phases":3,"phase":"ABC","feeder":"F1-02","feederId":"F1-02","designRole":"lateral","conductor":"#2 ACSR","capacityKVA":4302.4,"designKVA":147.3,"customers":39,"roadEdge":30,"rOhmKm":1.05,"xOhmKm":0.435}},{"type":"Feature","id":"electric-E122","geometry":{"type":"LineString","coordinates":[[-80.5995519,43.2995481],[-80.5994832,43.299548],[-80.5992518,43.2995477],[-80.5991747,43.2995475],[-80.5990975,43.2995474],[-80.5990204,43.2995473],[-80.5989432,43.2995472],[-80.5988662,43.299547],[-80.5987891,43.2995468],[-80.5987639,43.2995467]]},"properties":{"kind":"distribution","tier":"primary_main","placement":"overhead","from":"electric-J-30","to":"electric-J-33","lengthM":63.85,"voltageKV":13.8,"phases":3,"phase":"ABC","feeder":"F1-02","feederId":"F1-02","designRole":"trunk","corridorId":"C-001","conductor":"#2 ACSR","capacityKVA":4302.4,"designKVA":631.8,"customers":209,"roadEdge":35,"rOhmKm":1.05,"xOhmKm":0.435}},{"type":"Feature","id":"electric-E123","geometry":{"type":"LineString","coordinates":[[-80.5995519,43.2995481],[-80.5994779,43.2995885],[-80.5995008,43.2994093],[-80.5995129,43.2992991]]},"properties":{"kind":"distribution","tier":"primary_main","placement":"underground","from":"electric-J-30","to":"electric-T-217","lengthM":39.83,"voltageKV":13.8,"phases":3,"phase":"ABC","feeder":"F1-02","feederId":"F1-02","designRole":"lateral","conductor":"1/0 AL 15 kV XLPE","capacityKVA":4182.9,"designKVA":133.7,"customers":33,"roadEdge":34,"rOhmKm":0.641,"xOhmKm":0.14}},{"type":"Feature","id":"electric-E124","geometry":{"type":"LineString","coordinates":[[-80.5997973,43.3000415],[-80.5997849,43.3001732],[-80.5997749,43.3002487]]},"properties":{"kind":"distribution","tier":"primary_main","placement":"overhead","from":"electric-T-215","to":"electric-T-116","lengthM":23.14,"voltageKV":13.8,"phases":3,"phase":"ABC","feeder":"F1-02","feederId":"F1-02","designRole":"lateral","conductor":"#2 ACSR","capacityKVA":4302.4,"designKVA":111.9,"customers":36,"roadEdge":30,"rOhmKm":1.05,"xOhmKm":0.435}},{"type":"Feature","id":"electric-E125","geometry":{"type":"LineString","coordinates":[[-80.5987639,43.2995467],[-80.5987118,43.2995466],[-80.5986347,43.2995464],[-80.5985575,43.2995463],[-80.5985565,43.2995463]]},"properties":{"kind":"distribution","tier":"primary_main","placement":"overhead","from":"electric-J-33","to":"electric-J-36","lengthM":16.8,"voltageKV":13.8,"phases":3,"phase":"ABC","feeder":"F1-02","feederId":"F1-02","designRole":"trunk","corridorId":"C-001","conductor":"#2 ACSR","capacityKVA":4302.4,"designKVA":560.7,"customers":167,"roadEdge":38,"rOhmKm":1.05,"xOhmKm":0.435,"switch":"sectionalising","switchId":"SW-F1-02-03"}},{"type":"Feature","id":"electric-E126","geometry":{"type":"LineString","coordinates":[[-80.5987639,43.2995467],[-80.5986863,43.2996471],[-80.5987159,43.2998255],[-80.5987275,43.2999118]]},"properties":{"kind":"distribution","tier":"primary_lateral","placement":"overhead","from":"electric-J-33","to":"electric-T-131","lengthM":42.48,"voltageKV":13.8,"phases":1,"phase":"A","feeder":"F1-02","feederId":"F1-02","designRole":"lateral","conductor":"#2 ACSR","capacityKVA":1434.1,"designKVA":91.1,"customers":42,"roadEdge":36,"rOhmKm":1.05,"xOhmKm":0.435}},{"type":"Feature","id":"electric-E127","geometry":{"type":"LineString","coordinates":[[-80.5995129,43.2992991],[-80.5995204,43.2992305],[-80.5995335,43.2990798]]},"properties":{"kind":"distribution","tier":"primary_main","placement":"underground","from":"electric-T-217","to":"electric-T-218","lengthM":24.47,"voltageKV":13.8,"phases":3,"phase":"ABC","feeder":"F1-02","feederId":"F1-02","designRole":"lateral","conductor":"1/0 AL 15 kV XLPE","capacityKVA":4182.9,"designKVA":97.3,"customers":30,"roadEdge":34,"rOhmKm":0.641,"xOhmKm":0.14}},{"type":"Feature","id":"electric-E128","geometry":{"type":"LineString","coordinates":[[-80.5997749,43.3002487],[-80.5997613,43.3003513],[-80.5997533,43.3003996]]},"properties":{"kind":"distribution","tier":"primary_main","placement":"overhead","from":"electric-T-116","to":"electric-T-216","lengthM":16.89,"voltageKV":13.8,"phases":3,"phase":"ABC","feeder":"F1-02","feederId":"F1-02","designRole":"lateral","conductor":"#2 ACSR","capacityKVA":4302.4,"designKVA":102.8,"customers":30,"roadEdge":30,"rOhmKm":1.05,"xOhmKm":0.435}},{"type":"Feature","id":"electric-E129","geometry":{"type":"LineString","coordinates":[[-80.5985565,43.2995463],[-80.5986411,43.2995956],[-80.5986459,43.2994146],[-80.5986449,43.2992335],[-80.5986402,43.2991067]]},"properties":{"kind":"distribution","tier":"primary_lateral","placement":"overhead","from":"electric-J-36","to":"electric-T-137","lengthM":63.22,"voltageKV":13.8,"phases":1,"phase":"B","feeder":"F1-02","feederId":"F1-02","designRole":"lateral","conductor":"#2 ACSR","capacityKVA":1434.1,"designKVA":93.7,"customers":30,"roadEdge":41,"rOhmKm":1.05,"xOhmKm":0.435}},{"type":"Feature","id":"electric-E130","geometry":{"type":"LineString","coordinates":[[-80.5985565,43.2995463],[-80.5984805,43.2995461],[-80.5984034,43.2995458],[-80.5983262,43.2995456],[-80.5981719,43.2995451],[-80.5980948,43.2995449],[-80.5980177,43.2995446],[-80.5979542,43.2995444]]},"properties":{"kind":"distribution","tier":"primary_main","placement":"overhead","from":"electric-J-36","to":"electric-T-219","lengthM":48.79,"voltageKV":13.8,"phases":3,"phase":"ABC","feeder":"F1-02","feederId":"F1-02","designRole":"trunk","corridorId":"C-001","conductor":"#2 ACSR","capacityKVA":4302.4,"designKVA":488.4,"customers":137,"roadEdge":42,"rOhmKm":1.05,"xOhmKm":0.435}},{"type":"Feature","id":"electric-E131","geometry":{"type":"LineString","coordinates":[[-80.5987275,43.2999118],[-80.5987399,43.3000037],[-80.5987571,43.3001816],[-80.5987618,43.3002661]]},"properties":{"kind":"distribution","tier":"primary_lateral","placement":"overhead","from":"electric-T-131","to":"electric-T-130","lengthM":39.54,"voltageKV":13.8,"phases":1,"phase":"A","feeder":"F1-02","feederId":"F1-02","designRole":"lateral","conductor":"#2 ACSR","capacityKVA":1434.1,"designKVA":84.8,"customers":38,"roadEdge":36,"rOhmKm":1.05,"xOhmKm":0.435}},{"type":"Feature","id":"electric-E132","geometry":{"type":"LineString","coordinates":[[-80.5995335,43.2990798],[-80.5995359,43.2990519],[-80.5995462,43.2988734],[-80.5995487,43.2987831]]},"properties":{"kind":"distribution","tier":"primary_lateral","placement":"underground","from":"electric-T-218","to":"electric-T-124","lengthM":33.05,"voltageKV":13.8,"phases":1,"phase":"C","feeder":"F1-02","feederId":"F1-02","designRole":"lateral","conductor":"1/0 AL 15 kV XLPE","capacityKVA":1394.3,"designKVA":64.0,"customers":28,"roadEdge":34,"rOhmKm":0.641,"xOhmKm":0.14}},{"type":"Feature","id":"electric-E133","geometry":{"type":"LineString","coordinates":[[-80.5997533,43.3003996],[-80.5997319,43.3005297],[-80.5997168,43.3006088]]},"properties":{"kind":"distribution","tier":"primary_lateral","placement":"overhead","from":"electric-T-216","to":"electric-T-117","lengthM":23.47,"voltageKV":13.8,"phases":1,"phase":"C","feeder":"F1-02","feederId":"F1-02","designRole":"lateral","conductor":"#2 ACSR","capacityKVA":1434.1,"designKVA":79.0,"customers":28,"roadEdge":30,"rOhmKm":1.05,"xOhmKm":0.435}},{"type":"Feature","id":"electric-E134","geometry":{"type":"LineString","coordinates":[[-80.5986402,43.2991067],[-80.5986381,43.2990524],[-80.5986258,43.2988715],[-80.5986088,43.2986908],[-80.598599,43.2986067]]},"properties":{"kind":"distribution","tier":"primary_lateral","placement":"overhead","from":"electric-T-137","to":"electric-T-138","lengthM":55.77,"voltageKV":13.8,"phases":1,"phase":"B","feeder":"F1-02","feederId":"F1-02","designRole":"lateral","conductor":"#2 ACSR","capacityKVA":1434.1,"designKVA":81.4,"customers":24,"roadEdge":41,"rOhmKm":1.05,"xOhmKm":0.435}},{"type":"Feature","id":"electric-E135","geometry":{"type":"LineString","coordinates":[[-80.5979542,43.2995444],[-80.5979406,43.2995444],[-80.5978634,43.2995441],[-80.5977863,43.2995438],[-80.5977092,43.2995435],[-80.597632,43.2995432],[-80.5975546,43.2995429],[-80.5975511,43.2995429]]},"properties":{"kind":"distribution","tier":"primary_main","placement":"overhead","from":"electric-T-219","to":"electric-J-38","lengthM":32.66,"voltageKV":13.8,"phases":3,"phase":"ABC","feeder":"F1-02","feederId":"F1-02","designRole":"trunk","corridorId":"C-001","conductor":"#2 ACSR","capacityKVA":4302.4,"designKVA":483.5,"customers":136,"roadEdge":42,"rOhmKm":1.05,"xOhmKm":0.435}},{"type":"Feature","id":"electric-E136","geometry":{"type":"LineString","coordinates":[[-80.5987618,43.3002661],[-80.5987669,43.3003593],[-80.5987687,43.300537],[-80.5987629,43.3007148],[-80.5987594,43.3007609]]},"properties":{"kind":"distribution","tier":"primary_lateral","placement":"overhead","from":"electric-T-130","to":"electric-J-32","lengthM":55.11,"voltageKV":13.8,"phases":1,"phase":"A","feeder":"F1-02","feederId":"F1-02","designRole":"lateral","conductor":"#2 ACSR","capacityKVA":1434.1,"designKVA":76.6,"customers":32,"roadEdge":36,"rOhmKm":1.05,"xOhmKm":0.435}},{"type":"Feature","id":"electric-E137","geometry":{"type":"LineString","coordinates":[[-80.5995487,43.2987831],[-80.5995511,43.298695],[-80.5995501,43.2985167],[-80.5995436,43.2983387]]},"properties":{"kind":"distribution","tier":"primary_lateral","placement":"underground","from":"electric-T-124","to":"electric-T-125","lengthM":49.48,"voltageKV":13.8,"phases":1,"phase":"C","feeder":"F1-02","feederId":"F1-02","designRole":"lateral","conductor":"1/0 AL 15 kV XLPE","capacityKVA":1394.3,"designKVA":52.6,"customers":22,"roadEdge":34,"rOhmKm":0.641,"xOhmKm":0.14}},{"type":"Feature","id":"electric-E138","geometry":{"type":"LineString","coordinates":[[-80.5997168,43.3006088],[-80.599697,43.3007119],[-80.5996947,43.3007622]]},"properties":{"kind":"distribution","tier":"primary_lateral","placement":"overhead","from":"electric-T-117","to":"electric-J-29","lengthM":17.19,"voltageKV":13.8,"phases":1,"phase":"C","feeder":"F1-02","feederId":"F1-02","designRole":"lateral","conductor":"#2 ACSR","capacityKVA":1434.1,"designKVA":77.4,"customers":27,"roadEdge":30,"rOhmKm":1.05,"xOhmKm":0.435}},{"type":"Feature","id":"electric-E139","geometry":{"type":"LineString","coordinates":[[-80.598599,43.2986067],[-80.5985877,43.2985103],[-80.5985638,43.2983301],[-80.5985382,43.2981502],[-80.5985305,43.2980969]]},"properties":{"kind":"distribution","tier":"primary_lateral","placement":"overhead","from":"electric-T-138","to":"electric-T-139","lengthM":57.02,"voltageKV":13.8,"phases":1,"phase":"B","feeder":"F1-02","feederId":"F1-02","designRole":"lateral","conductor":"#2 ACSR","capacityKVA":1434.1,"designKVA":66.4,"customers":18,"roadEdge":41,"rOhmKm":1.05,"xOhmKm":0.435}},{"type":"Feature","id":"electric-E140","geometry":{"type":"LineString","coordinates":[[-80.5975511,43.2995429],[-80.5973947,43.2995422],[-80.5973932,43.299608]]},"properties":{"kind":"distribution","tier":"primary_main","placement":"overhead","from":"electric-J-38","to":"electric-J-39","lengthM":20.0,"voltageKV":13.8,"phases":3,"phase":"ABC","feeder":"F1-02","feederId":"F1-02","designRole":"trunk","corridorId":"C-001","conductor":"#2 ACSR","capacityKVA":4302.4,"designKVA":409.2,"customers":100,"roadEdge":44,"rOhmKm":1.05,"xOhmKm":0.435,"switch":"sectionalising","switchId":"SW-F1-02-04"}},{"type":"Feature","id":"electric-E141","geometry":{"type":"LineString","coordinates":[[-80.5975511,43.2995429],[-80.5974753,43.2996484],[-80.5975141,43.2998285],[-80.5975536,43.3000081],[-80.5975574,43.3000258]]},"properties":{"kind":"distribution","tier":"primary_lateral","placement":"overhead","from":"electric-J-38","to":"electric-T-145","lengthM":55.78,"voltageKV":13.8,"phases":1,"phase":"A","feeder":"F1-02","feederId":"F1-02","designRole":"lateral","conductor":"#2 ACSR","capacityKVA":1434.1,"designKVA":95.9,"customers":36,"roadEdge":45,"rOhmKm":1.05,"xOhmKm":0.435}},{"type":"Feature","id":"electric-E142","geometry":{"type":"LineString","coordinates":[[-80.5987594,43.3007609],[-80.5991925,43.3007032]]},"properties":{"kind":"distribution","tier":"primary_lateral","placement":"overhead","from":"electric-J-32","to":"electric-T-123","lengthM":35.68,"voltageKV":13.8,"phases":1,"phase":"A","feeder":"F1-02","feederId":"F1-02","designRole":"lateral","conductor":"#2 ACSR","capacityKVA":1434.1,"designKVA":9.9,"customers":4,"roadEdge":33,"rOhmKm":1.05,"xOhmKm":0.435}},{"type":"Feature","id":"electric-E143","geometry":{"type":"LineString","coordinates":[[-80.5987594,43.3007609],[-80.5989093,43.3009008],[-80.5988883,43.3010819],[-80.5988665,43.301225]]},"properties":{"kind":"distribution","tier":"primary_lateral","placement":"underground","from":"electric-J-32","to":"electric-T-132","lengthM":56.01,"voltageKV":13.8,"phases":1,"phase":"A","feeder":"F1-02","feederId":"F1-02","designRole":"lateral","conductor":"1/0 AL 15 kV XLPE","capacityKVA":1394.3,"designKVA":71.2,"customers":28,"roadEdge":37,"rOhmKm":0.641,"xOhmKm":0.14}},{"type":"Feature","id":"electric-E144","geometry":{"type":"LineString","coordinates":[[-80.5995436,43.2983387],[-80.5995436,43.2983382],[-80.5995316,43.2981598],[-80.5995148,43.2979811],[-80.599494,43.2978022],[-80.5994702,43.297623],[-80.5994669,43.2975995]]},"properties":{"kind":"distribution","tier":"primary_lateral","placement":"underground","from":"electric-T-125","to":"electric-T-126","lengthM":82.53,"voltageKV":13.8,"phases":1,"phase":"C","feeder":"F1-02","feederId":"F1-02","designRole":"lateral","conductor":"1/0 AL 15 kV XLPE","capacityKVA":1394.3,"designKVA":41.4,"customers":16,"roadEdge":34,"rOhmKm":0.641,"xOhmKm":0.14}},{"type":"Feature","id":"electric-E145","geometry":{"type":"LineString","coordinates":[[-80.5996947,43.3007622],[-80.5996606,43.3008863],[-80.5996211,43.3010669],[-80.5996202,43.301071]]},"properties":{"kind":"distribution","tier":"primary_lateral","placement":"overhead","from":"electric-J-29","to":"electric-T-122","lengthM":34.91,"voltageKV":13.8,"phases":1,"phase":"C","feeder":"F1-02","feederId":"F1-02","designRole":"lateral","conductor":"#2 ACSR","capacityKVA":1434.1,"designKVA":77.4,"customers":27,"roadEdge":32,"rOhmKm":1.05,"xOhmKm":0.435}},{"type":"Feature","id":"electric-E146","geometry":{"type":"LineString","coordinates":[[-80.5985305,43.2980969],[-80.5985123,43.2979705],[-80.5984872,43.2977912],[-80.5984831,43.2977592]]},"properties":{"kind":"distribution","tier":"primary_lateral","placement":"overhead","from":"electric-T-139","to":"electric-T-140","lengthM":37.79,"voltageKV":13.8,"phases":1,"phase":"B","feeder":"F1-02","feederId":"F1-02","designRole":"lateral","conductor":"#2 ACSR","capacityKVA":1434.1,"designKVA":48.3,"customers":12,"roadEdge":41,"rOhmKm":1.05,"xOhmKm":0.435}},{"type":"Feature","id":"electric-E147","geometry":{"type":"LineString","coordinates":[[-80.5973932,43.299608],[-80.59756,43.2995902],[-80.5975428,43.2994094],[-80.5975217,43.2992289],[-80.5975078,43.2991241]]},"properties":{"kind":"distribution","tier":"primary_lateral","placement":"overhead","from":"electric-J-39","to":"electric-T-151","lengthM":65.71,"voltageKV":13.8,"phases":1,"phase":"B","feeder":"F1-02","feederId":"F1-02","designRole":"lateral","conductor":"#2 ACSR","capacityKVA":1434.1,"designKVA":79.9,"customers":25,"roadEdge":46,"rOhmKm":1.05,"xOhmKm":0.435}},{"type":"Feature","id":"electric-E148","geometry":{"type":"LineString","coordinates":[[-80.5973932,43.299608],[-80.5974046,43.2995423],[-80.5972463,43.2995416],[-80.5971692,43.2995413],[-80.5970921,43.299541],[-80.5970149,43.2995406],[-80.5969498,43.2995403]]},"properties":{"kind":"distribution","tier":"primary_main","placement":"overhead","from":"electric-J-39","to":"electric-T-220","lengthM":44.22,"voltageKV":13.8,"phases":3,"phase":"ABC","feeder":"F1-02","feederId":"F1-02","designRole":"trunk","corridorId":"C-001","conductor":"#2 ACSR","capacityKVA":4302.4,"designKVA":349.7,"customers":75,"roadEdge":47,"rOhmKm":1.05,"xOhmKm":0.435}},{"type":"Feature","id":"electric-E149","geometry":{"type":"LineString","coordinates":[[-80.5975574,43.3000258],[-80.597592,43.3001873],[-80.5976279,43.3003662],[-80.5976594,43.3005423]]},"properties":{"kind":"distribution","tier":"primary_lateral","placement":"overhead","from":"electric-T-145","to":"electric-T-146","lengthM":58.1,"voltageKV":13.8,"phases":1,"phase":"A","feeder":"F1-02","feederId":"F1-02","designRole":"lateral","conductor":"#2 ACSR","capacityKVA":1434.1,"designKVA":83.9,"customers":30,"roadEdge":45,"rOhmKm":1.05,"xOhmKm":0.435}},{"type":"Feature","id":"electric-E150","geometry":{"type":"LineString","coordinates":[[-80.5988665,43.301225],[-80.5988608,43.3012629],[-80.5988281,43.3014435],[-80.5987917,43.3016239],[-80.598782,43.3016689]]},"properties":{"kind":"distribution","tier":"primary_lateral","placement":"underground","from":"electric-T-132","to":"electric-T-133","lengthM":49.9,"voltageKV":13.8,"phases":1,"phase":"A","feeder":"F1-02","feederId":"F1-02","designRole":"lateral","conductor":"1/0 AL 15 kV XLPE","capacityKVA":1394.3,"designKVA":64.5,"customers":22,"roadEdge":37,"rOhmKm":0.641,"xOhmKm":0.14}},{"type":"Feature","id":"electric-E151","geometry":{"type":"LineString","coordinates":[[-80.5994669,43.2975995],[-80.5994448,43.2974436],[-80.5994323,43.2973572]]},"properties":{"kind":"distribution","tier":"primary_lateral","placement":"underground","from":"electric-T-126","to":"electric-T-127","lengthM":27.12,"voltageKV":13.8,"phases":1,"phase":"C","feeder":"F1-02","feederId":"F1-02","designRole":"lateral","conductor":"1/0 AL 15 kV XLPE","capacityKVA":1394.3,"designKVA":31.1,"customers":10,"roadEdge":34,"rOhmKm":0.641,"xOhmKm":0.14}},{"type":"Feature","id":"electric-E152","geometry":{"type":"LineString","coordinates":[[-80.5996202,43.301071],[-80.5995818,43.3012468],[-80.5995457,43.3014187]]},"properties":{"kind":"distribution","tier":"primary_lateral","placement":"overhead","from":"electric-T-122","to":"electric-T-121","lengthM":39.18,"voltageKV":13.8,"phases":1,"phase":"C","feeder":"F1-02","feederId":"F1-02","designRole":"lateral","conductor":"#2 ACSR","capacityKVA":1434.1,"designKVA":72.7,"customers":24,"roadEdge":32,"rOhmKm":1.05,"xOhmKm":0.435}},{"type":"Feature","id":"electric-E153","geometry":{"type":"LineString","coordinates":[[-80.5984831,43.2977592],[-80.5984642,43.2976122],[-80.5984615,43.2975877]]},"properties":{"kind":"distribution","tier":"primary_lateral","placement":"overhead","from":"electric-T-140","to":"electric-T-141","lengthM":19.17,"voltageKV":13.8,"phases":1,"phase":"B","feeder":"F1-02","feederId":"F1-02","designRole":"lateral","conductor":"#2 ACSR","capacityKVA":1434.1,"designKVA":23.3,"customers":9,"roadEdge":41,"rOhmKm":1.05,"xOhmKm":0.435}},{"type":"Feature","id":"electric-E154","geometry":{"type":"LineString","coordinates":[[-80.5975078,43.2991241],[-80.5974977,43.2990487],[-80.5974721,43.2988688],[-80.5974461,43.2986892],[-80.5974398,43.2986444]]},"properties":{"kind":"distribution","tier":"primary_lateral","placement":"overhead","from":"electric-T-151","to":"electric-T-152","lengthM":53.69,"voltageKV":13.8,"phases":1,"phase":"B","feeder":"F1-02","feederId":"F1-02","designRole":"lateral","conductor":"#2 ACSR","capacityKVA":1434.1,"designKVA":64.7,"customers":19,"roadEdge":46,"rOhmKm":1.05,"xOhmKm":0.435}},{"type":"Feature","id":"electric-E155","geometry":{"type":"LineString","coordinates":[[-80.5969498,43.2995403],[-80.5969378,43.2995402],[-80.5966293,43.2995388],[-80.5965521,43.2995384],[-80.596398,43.2995376],[-80.5963883,43.2995376]]},"properties":{"kind":"distribution","tier":"primary_main","placement":"overhead","from":"electric-T-220","to":"electric-J-45","lengthM":45.49,"voltageKV":13.8,"phases":3,"phase":"ABC","feeder":"F1-02","feederId":"F1-02","designRole":"trunk","corridorId":"C-001","conductor":"#2 ACSR","capacityKVA":4302.4,"designKVA":344.7,"customers":74,"roadEdge":47,"rOhmKm":1.05,"xOhmKm":0.435}},{"type":"Feature","id":"electric-E156","geometry":{"type":"LineString","coordinates":[[-80.5976594,43.3005423],[-80.5976598,43.3005448],[-80.5976865,43.300723],[-80.5977067,43.300901],[-80.5977172,43.3010448]]},"properties":{"kind":"distribution","tier":"primary_lateral","placement":"overhead","from":"electric-T-146","to":"electric-T-147","lengthM":56.14,"voltageKV":13.8,"phases":1,"phase":"A","feeder":"F1-02","feederId":"F1-02","designRole":"lateral","conductor":"#2 ACSR","capacityKVA":1434.1,"designKVA":70.2,"customers":24,"roadEdge":45,"rOhmKm":1.05,"xOhmKm":0.435}},{"type":"Feature","id":"electric-E157","geometry":{"type":"LineString","coordinates":[[-80.598782,43.3016689],[-80.598753,43.3018039],[-80.5987135,43.3019836],[-80.5986839,43.3021211]]},"properties":{"kind":"distribution","tier":"primary_lateral","placement":"underground","from":"electric-T-133","to":"electric-T-134","lengthM":50.96,"voltageKV":13.8,"phases":1,"phase":"A","feeder":"F1-02","feederId":"F1-02","designRole":"lateral","conductor":"1/0 AL 15 kV XLPE","capacityKVA":1394.3,"designKVA":45.5,"customers":16,"roadEdge":37,"rOhmKm":0.641,"xOhmKm":0.14}},{"type":"Feature","id":"electric-E158","geometry":{"type":"LineString","coordinates":[[-80.5994323,43.2973572],[-80.5994188,43.2972639],[-80.5993936,43.2970839],[-80.5993832,43.2970034]]},"properties":{"kind":"distribution","tier":"primary_lateral","placement":"underground","from":"electric-T-127","to":"electric-T-128","lengthM":39.59,"voltageKV":13.8,"phases":1,"phase":"C","feeder":"F1-02","feederId":"F1-02","designRole":"lateral","conductor":"1/0 AL 15 kV XLPE","capacityKVA":1394.3,"designKVA":29.3,"customers":9,"roadEdge":34,"rOhmKm":0.641,"xOhmKm":0.14}},{"type":"Feature","id":"electric-E159","geometry":{"type":"LineString","coordinates":[[-80.5995457,43.3014187],[-80.5995439,43.301427],[-80.5995091,43.3016076],[-80.5994786,43.3017885],[-80.5994609,43.3019191]]},"properties":{"kind":"distribution","tier":"primary_lateral","placement":"overhead","from":"electric-T-121","to":"electric-T-120","lengthM":56.13,"voltageKV":13.8,"phases":1,"phase":"C","feeder":"F1-02","feederId":"F1-02","designRole":"lateral","conductor":"#2 ACSR","capacityKVA":1434.1,"designKVA":57.1,"customers":18,"roadEdge":32,"rOhmKm":1.05,"xOhmKm":0.435}},{"type":"Feature","id":"electric-E160","geometry":{"type":"LineString","coordinates":[[-80.5984615,43.2975877],[-80.5984472,43.2974575]]},"properties":{"kind":"distribution","tier":"primary_lateral","placement":"overhead","from":"electric-T-141","to":"electric-T-142","lengthM":14.53,"voltageKV":13.8,"phases":1,"phase":"B","feeder":"F1-02","feederId":"F1-02","designRole":"lateral","conductor":"#2 ACSR","capacityKVA":1434.1,"designKVA":21.2,"customers":8,"roadEdge":41,"rOhmKm":1.05,"xOhmKm":0.435}},{"type":"Feature","id":"electric-E161","geometry":{"type":"LineString","coordinates":[[-80.5974398,43.2986444],[-80.5974211,43.2985099],[-80.5973983,43.2983317]]},"properties":{"kind":"distribution","tier":"primary_lateral","placement":"overhead","from":"electric-T-152","to":"electric-T-153","lengthM":34.97,"voltageKV":13.8,"phases":1,"phase":"B","feeder":"F1-02","feederId":"F1-02","designRole":"lateral","conductor":"#2 ACSR","capacityKVA":1434.1,"designKVA":44.0,"customers":13,"roadEdge":46,"rOhmKm":1.05,"xOhmKm":0.435}},{"type":"Feature","id":"electric-E162","geometry":{"type":"LineString","coordinates":[[-80.5963883,43.2995376],[-80.5963147,43.299543]]},"properties":{"kind":"distribution","tier":"primary_main","placement":"overhead","from":"electric-J-45","to":"electric-J-46","lengthM":6.0,"voltageKV":13.8,"phases":3,"phase":"ABC","feeder":"F1-02","feederId":"F1-02","designRole":"trunk","corridorId":"C-001","conductor":"#2 ACSR","capacityKVA":4302.4,"designKVA":280.6,"customers":40,"roadEdge":52,"rOhmKm":1.05,"xOhmKm":0.435}},{"type":"Feature","id":"electric-E163","geometry":{"type":"LineString","coordinates":[[-80.5963883,43.2995376],[-80.5964734,43.2996357],[-80.5964903,43.2998023]]},"properties":{"kind":"distribution","tier":"primary_lateral","placement":"overhead","from":"electric-J-45","to":"electric-T-179","lengthM":31.51,"voltageKV":13.8,"phases":1,"phase":"C","feeder":"F1-02","feederId":"F1-02","designRole":"lateral","conductor":"#2 ACSR","capacityKVA":1434.1,"designKVA":89.6,"customers":34,"roadEdge":49,"rOhmKm":1.05,"xOhmKm":0.435}},{"type":"Feature","id":"electric-E164","geometry":{"type":"LineString","coordinates":[[-80.5977172,43.3010448],[-80.5977197,43.3010788],[-80.5977251,43.3012565],[-80.5977226,43.3014343],[-80.5977156,43.3015541]]},"properties":{"kind":"distribution","tier":"primary_lateral","placement":"overhead","from":"electric-T-147","to":"electric-T-148","lengthM":56.72,"voltageKV":13.8,"phases":1,"phase":"A","feeder":"F1-02","feederId":"F1-02","designRole":"lateral","conductor":"#2 ACSR","capacityKVA":1434.1,"designKVA":59.9,"customers":18,"roadEdge":45,"rOhmKm":1.05,"xOhmKm":0.435}},{"type":"Feature","id":"electric-E165","geometry":{"type":"LineString","coordinates":[[-80.5986839,43.3021211],[-80.5986749,43.3021629],[-80.5986389,43.3023418],[-80.5986219,43.3024362]]},"properties":{"kind":"distribution","tier":"primary_lateral","placement":"underground","from":"electric-T-134","to":"electric-T-135","lengthM":35.44,"voltageKV":13.8,"phases":1,"phase":"A","feeder":"F1-02","feederId":"F1-02","designRole":"lateral","conductor":"1/0 AL 15 kV XLPE","capacityKVA":1394.3,"designKVA":35.8,"customers":10,"roadEdge":37,"rOhmKm":0.641,"xOhmKm":0.14}},{"type":"Feature","id":"electric-E166","geometry":{"type":"LineString","coordinates":[[-80.5993832,43.2970034],[-80.5993704,43.2969037],[-80.5993504,43.2967232],[-80.5993348,43.2965425],[-80.5993241,43.2963616],[-80.5993234,43.2963359]]},"properties":{"kind":"distribution","tier":"primary_lateral","placement":"underground","from":"electric-T-128","to":"electric-T-129","lengthM":74.48,"voltageKV":13.8,"phases":1,"phase":"C","feeder":"F1-02","feederId":"F1-02","designRole":"lateral","conductor":"1/0 AL 15 kV XLPE","capacityKVA":1394.3,"designKVA":10.9,"customers":1,"roadEdge":34,"rOhmKm":0.641,"xOhmKm":0.14}},{"type":"Feature","id":"electric-E167","geometry":{"type":"LineString","coordinates":[[-80.5994609,43.3019191],[-80.5994541,43.3019697],[-80.5994362,43.302151],[-80.5994258,43.3023326],[-80.5994246,43.3024271]]},"properties":{"kind":"distribution","tier":"primary_lateral","placement":"overhead","from":"electric-T-120","to":"electric-T-119","lengthM":56.64,"voltageKV":13.8,"phases":1,"phase":"C","feeder":"F1-02","feederId":"F1-02","designRole":"lateral","conductor":"#2 ACSR","capacityKVA":1434.1,"designKVA":37.4,"customers":12,"roadEdge":32,"rOhmKm":1.05,"xOhmKm":0.435}},{"type":"Feature","id":"electric-E168","geometry":{"type":"LineString","coordinates":[[-80.5984472,43.2974575],[-80.5984445,43.2974335],[-80.5984292,43.297255],[-80.5984246,43.297177]]},"properties":{"kind":"distribution","tier":"primary_lateral","placement":"overhead","from":"electric-T-142","to":"electric-T-143","lengthM":31.28,"voltageKV":13.8,"phases":1,"phase":"B","feeder":"F1-02","feederId":"F1-02","designRole":"lateral","conductor":"#2 ACSR","capacityKVA":1434.1,"designKVA":21.2,"customers":7,"roadEdge":41,"rOhmKm":1.05,"xOhmKm":0.435}},{"type":"Feature","id":"electric-E169","geometry":{"type":"LineString","coordinates":[[-80.5973983,43.2983317],[-80.5973982,43.2983309],[-80.5973875,43.2982335]]},"properties":{"kind":"distribution","tier":"primary_lateral","placement":"overhead","from":"electric-T-153","to":"electric-T-154","lengthM":10.96,"voltageKV":13.8,"phases":1,"phase":"B","feeder":"F1-02","feederId":"F1-02","designRole":"lateral","conductor":"#2 ACSR","capacityKVA":1434.1,"designKVA":42.2,"customers":11,"roadEdge":46,"rOhmKm":1.05,"xOhmKm":0.435}},{"type":"Feature","id":"electric-E170","geometry":{"type":"LineString","coordinates":[[-80.5963147,43.299543],[-80.5963987,43.2995881],[-80.5963726,43.2994084],[-80.5963564,43.2992917]]},"properties":{"kind":"distribution","tier":"primary_lateral","placement":"underground","from":"electric-J-46","to":"electric-T-187","lengthM":41.64,"voltageKV":13.8,"phases":1,"phase":"B","feeder":"F1-02","feederId":"F1-02","designRole":"lateral","conductor":"1/0 AL 15 kV XLPE","capacityKVA":1394.3,"designKVA":47.8,"customers":13,"roadEdge":51,"rOhmKm":0.641,"xOhmKm":0.14}},{"type":"Feature","id":"electric-E171","geometry":{"type":"LineString","coordinates":[[-80.5963147,43.299543],[-80.5963714,43.2995376],[-80.5962436,43.2995368],[-80.5961664,43.2995365],[-80.5960893,43.299536],[-80.5960121,43.2995357],[-80.595935,43.2995352],[-80.5959144,43.2995351]]},"properties":{"kind":"distribution","tier":"primary_main","placement":"overhead","from":"electric-J-46","to":"electric-T-221","lengthM":41.66,"voltageKV":13.8,"phases":3,"phase":"ABC","feeder":"F1-02","feederId":"F1-02","designRole":"trunk","corridorId":"C-001","conductor":"#2 ACSR","capacityKVA":4302.4,"designKVA":252.9,"customers":27,"roadEdge":53,"rOhmKm":1.05,"xOhmKm":0.435}},{"type":"Feature","id":"electric-E172","geometry":{"type":"LineString","coordinates":[[-80.5964903,43.2998023],[-80.5964915,43.2998136],[-80.5965154,43.2999867],[-80.5965252,43.3000107]]},"properties":{"kind":"distribution","tier":"primary_lateral","placement":"overhead","from":"electric-T-179","to":"electric-J-42","lengthM":23.42,"voltageKV":13.8,"phases":1,"phase":"C","feeder":"F1-02","feederId":"F1-02","designRole":"lateral","conductor":"#2 ACSR","capacityKVA":1434.1,"designKVA":87.8,"customers":33,"roadEdge":49,"rOhmKm":1.05,"xOhmKm":0.435}},{"type":"Feature","id":"electric-E173","geometry":{"type":"LineString","coordinates":[[-80.5977156,43.3015541],[-80.5977123,43.301612],[-80.5976945,43.3017899],[-80.5976701,43.3019681],[-80.5976683,43.3019785]]},"properties":{"kind":"distribution","tier":"primary_lateral","placement":"overhead","from":"electric-T-148","to":"electric-T-149","lengthM":47.41,"voltageKV":13.8,"phases":1,"phase":"A","feeder":"F1-02","feederId":"F1-02","designRole":"lateral","conductor":"#2 ACSR","capacityKVA":1434.1,"designKVA":54.3,"customers":12,"roadEdge":45,"rOhmKm":1.05,"xOhmKm":0.435}},{"type":"Feature","id":"electric-E174","geometry":{"type":"LineString","coordinates":[[-80.5986219,43.3024362],[-80.5986068,43.3025205],[-80.5985799,43.3026989],[-80.5985612,43.3028613]]},"properties":{"kind":"distribution","tier":"primary_lateral","placement":"underground","from":"electric-T-135","to":"electric-T-136","lengthM":47.58,"voltageKV":13.8,"phases":1,"phase":"A","feeder":"F1-02","feederId":"F1-02","designRole":"lateral","conductor":"1/0 AL 15 kV XLPE","capacityKVA":1394.3,"designKVA":26.7,"customers":7,"roadEdge":37,"rOhmKm":0.641,"xOhmKm":0.14}},{"type":"Feature","id":"electric-E175","geometry":{"type":"LineString","coordinates":[[-80.5994246,43.3024271],[-80.5994236,43.3025143],[-80.5994293,43.3026958],[-80.5994428,43.3028773],[-80.5994512,43.3029511]]},"properties":{"kind":"distribution","tier":"primary_lateral","placement":"overhead","from":"electric-T-119","to":"electric-T-118","lengthM":58.4,"voltageKV":13.8,"phases":1,"phase":"C","feeder":"F1-02","feederId":"F1-02","designRole":"lateral","conductor":"#2 ACSR","capacityKVA":1434.1,"designKVA":26.7,"customers":6,"roadEdge":32,"rOhmKm":1.05,"xOhmKm":0.435}},{"type":"Feature","id":"electric-E176","geometry":{"type":"LineString","coordinates":[[-80.5984246,43.297177],[-80.5984187,43.2970766],[-80.5984138,43.2968983],[-80.5984146,43.2967201],[-80.598419,43.2965989]]},"properties":{"kind":"distribution","tier":"primary_lateral","placement":"overhead","from":"electric-T-143","to":"electric-T-144","lengthM":64.38,"voltageKV":13.8,"phases":1,"phase":"B","feeder":"F1-02","feederId":"F1-02","designRole":"lateral","conductor":"#2 ACSR","capacityKVA":1434.1,"designKVA":1.5,"customers":1,"roadEdge":41,"rOhmKm":1.05,"xOhmKm":0.435}},{"type":"Feature","id":"electric-E177","geometry":{"type":"LineString","coordinates":[[-80.5973875,43.2982335],[-80.5973786,43.2981521],[-80.5973752,43.2981135]]},"properties":{"kind":"distribution","tier":"primary_lateral","placement":"overhead","from":"electric-T-154","to":"electric-T-155","lengthM":13.4,"voltageKV":13.8,"phases":1,"phase":"B","feeder":"F1-02","feederId":"F1-02","designRole":"lateral","conductor":"#2 ACSR","capacityKVA":1434.1,"designKVA":41.8,"customers":10,"roadEdge":46,"rOhmKm":1.05,"xOhmKm":0.435}},{"type":"Feature","id":"electric-E178","geometry":{"type":"LineString","coordinates":[[-80.5963564,43.2992917],[-80.5963561,43.2992897]]},"properties":{"kind":"distribution","tier":"primary_lateral","placement":"underground","from":"electric-T-187","to":"electric-T-186","lengthM":0.21,"voltageKV":13.8,"phases":1,"phase":"B","feeder":"F1-02","feederId":"F1-02","designRole":"lateral","conductor":"1/0 AL 15 kV XLPE","capacityKVA":1394.3,"designKVA":45.3,"customers":12,"roadEdge":51,"rOhmKm":0.641,"xOhmKm":0.14}},{"type":"Feature","id":"electric-E179","geometry":{"type":"LineString","coordinates":[[-80.5959144,43.2995351],[-80.5958578,43.2995348],[-80.5957807,43.2995344],[-80.5957036,43.299534],[-80.5956264,43.2995335],[-80.5955492,43.2995331],[-80.5954722,43.2995327],[-80.5954053,43.2995323],[-80.5953853,43.2995286]]},"properties":{"kind":"distribution","tier":"primary_main","placement":"overhead","from":"electric-T-221","to":"electric-J-47","lengthM":42.92,"voltageKV":13.8,"phases":3,"phase":"ABC","feeder":"F1-02","feederId":"F1-02","designRole":"trunk","corridorId":"C-001","conductor":"#2 ACSR","capacityKVA":4302.4,"designKVA":241.1,"customers":25,"roadEdge":53,"rOhmKm":1.05,"xOhmKm":0.435}},{"type":"Feature","id":"electric-E180","geometry":{"type":"LineString","coordinates":[[-80.5965252,43.3000107],[-80.5963872,43.3001846],[-80.5963902,43.3001999]]},"properties":{"kind":"distribution","tier":"primary_lateral","placement":"underground","from":"electric-J-42","to":"electric-T-160","lengthM":24.08,"voltageKV":13.8,"phases":1,"phase":"C","feeder":"F1-02","feederId":"F1-02","designRole":"lateral","conductor":"1/0 AL 15 kV XLPE","capacityKVA":1394.3,"designKVA":84.4,"customers":32,"roadEdge":48,"rOhmKm":0.641,"xOhmKm":0.14}},{"type":"Feature","id":"electric-E181","geometry":{"type":"LineString","coordinates":[[-80.5965252,43.3000107],[-80.5962253,43.3000838]]},"properties":{"kind":"distribution","tier":"primary_lateral","placement":"underground","from":"electric-J-42","to":"electric-T-180","lengthM":25.63,"voltageKV":13.8,"phases":1,"phase":"C","feeder":"F1-02","feederId":"F1-02","designRole":"lateral","conductor":"1/0 AL 15 kV XLPE","capacityKVA":1394.3,"designKVA":8.2,"customers":1,"roadEdge":50,"rOhmKm":0.641,"xOhmKm":0.14}},{"type":"Feature","id":"electric-E182","geometry":{"type":"LineString","coordinates":[[-80.5976683,43.3019785],[-80.5976399,43.3021465],[-80.5976053,43.3023253],[-80.5975711,43.3024882]]},"properties":{"kind":"distribution","tier":"primary_lateral","placement":"overhead","from":"electric-T-149","to":"electric-T-150","lengthM":57.29,"voltageKV":13.8,"phases":1,"phase":"A","feeder":"F1-02","feederId":"F1-02","designRole":"lateral","conductor":"#2 ACSR","capacityKVA":1434.1,"designKVA":40.0,"customers":8,"roadEdge":45,"rOhmKm":1.05,"xOhmKm":0.435}},{"type":"Feature","id":"electric-E183","geometry":{"type":"LineString","coordinates":[[-80.5973752,43.2981135],[-80.597373,43.2980872]]},"properties":{"kind":"distribution","tier":"primary_lateral","placement":"overhead","from":"electric-T-155","to":"electric-T-156","lengthM":2.94,"voltageKV":13.8,"phases":1,"phase":"B","feeder":"F1-02","feederId":"F1-02","designRole":"lateral","conductor":"#2 ACSR","capacityKVA":1434.1,"designKVA":36.4,"customers":9,"roadEdge":46,"rOhmKm":1.05,"xOhmKm":0.435}},{"type":"Feature","id":"electric-E184","geometry":{"type":"LineString","coordinates":[[-80.5963561,43.2992897],[-80.5963476,43.2992291],[-80.5963366,43.2991425]]},"properties":{"kind":"distribution","tier":"primary_lateral","placement":"underground","from":"electric-T-186","to":"electric-T-185","lengthM":16.47,"voltageKV":13.8,"phases":1,"phase":"B","feeder":"F1-02","feederId":"F1-02","designRole":"lateral","conductor":"1/0 AL 15 kV XLPE","capacityKVA":1394.3,"designKVA":43.7,"customers":11,"roadEdge":51,"rOhmKm":0.641,"xOhmKm":0.14}},{"type":"Feature","id":"electric-E185","geometry":{"type":"LineString","coordinates":[[-80.5953853,43.2995286],[-80.5954342,43.2996436],[-80.5954182,43.2998217],[-80.5954098,43.2999996],[-80.5954097,43.3000283]]},"properties":{"kind":"distribution","tier":"primary_lateral","placement":"underground","from":"electric-J-47","to":"electric-J-49","lengthM":56.28,"voltageKV":13.8,"phases":1,"phase":"A","feeder":"F1-02","feederId":"F1-02","designRole":"lateral","conductor":"1/0 AL 15 kV XLPE","capacityKVA":1394.3,"designKVA":67.8,"customers":24,"roadEdge":54,"rOhmKm":0.641,"xOhmKm":0.14}},{"type":"Feature","id":"electric-E186","geometry":{"type":"LineString","coordinates":[[-80.5953853,43.2995286],[-80.5953113,43.2995318],[-80.5952407,43.2995314],[-80.5950731,43.2995305],[-80.5950797,43.2996015]]},"properties":{"kind":"distribution","tier":"primary_main","placement":"overhead","from":"electric-J-47","to":"electric-J-50","lengthM":33.23,"voltageKV":13.8,"phases":3,"phase":"ABC","feeder":"F1-02","feederId":"F1-02","designRole":"trunk","corridorId":"C-001","conductor":"#2 ACSR","capacityKVA":4302.4,"designKVA":374.3,"customers":1,"roadEdge":55,"rOhmKm":1.05,"xOhmKm":0.435}},{"type":"Feature","id":"electric-E187","geometry":{"type":"LineString","coordinates":[[-80.5963902,43.3001999],[-80.5964181,43.3003432]]},"properties":{"kind":"distribution","tier":"primary_lateral","placement":"underground","from":"electric-T-160","to":"electric-T-161","lengthM":16.11,"voltageKV":13.8,"phases":1,"phase":"C","feeder":"F1-02","feederId":"F1-02","designRole":"lateral","conductor":"1/0 AL 15 kV XLPE","capacityKVA":1394.3,"designKVA":82.4,"customers":31,"roadEdge":48,"rOhmKm":0.641,"xOhmKm":0.14}},{"type":"Feature","id":"electric-E188","geometry":{"type":"LineString","coordinates":[[-80.597373,43.2980872],[-80.5973632,43.2979736],[-80.5973612,43.2979391]]},"properties":{"kind":"distribution","tier":"primary_lateral","placement":"overhead","from":"electric-T-156","to":"electric-T-157","lengthM":16.51,"voltageKV":13.8,"phases":1,"phase":"B","feeder":"F1-02","feederId":"F1-02","designRole":"lateral","conductor":"#2 ACSR","capacityKVA":1434.1,"designKVA":34.0,"customers":8,"roadEdge":46,"rOhmKm":1.05,"xOhmKm":0.435}},{"type":"Feature","id":"electric-E189","geometry":{"type":"LineString","coordinates":[[-80.5963366,43.2991425],[-80.5963353,43.2991323]]},"properties":{"kind":"distribution","tier":"primary_lateral","placement":"underground","from":"electric-T-185","to":"electric-T-184","lengthM":1.13,"voltageKV":13.8,"phases":1,"phase":"B","feeder":"F1-02","feederId":"F1-02","designRole":"lateral","conductor":"1/0 AL 15 kV XLPE","capacityKVA":1394.3,"designKVA":42.2,"customers":10,"roadEdge":51,"rOhmKm":0.641,"xOhmKm":0.14}},{"type":"Feature","id":"electric-E190","geometry":{"type":"LineString","coordinates":[[-80.5954097,43.3000283],[-80.5957812,43.3000838]]},"properties":{"kind":"distribution","tier":"primary_lateral","placement":"underground","from":"electric-J-49","to":"electric-T-181","lengthM":30.73,"voltageKV":13.8,"phases":1,"phase":"A","feeder":"F1-02","feederId":"F1-02","designRole":"lateral","conductor":"1/0 AL 15 kV XLPE","capacityKVA":1394.3,"designKVA":18.6,"customers":6,"roadEdge":50,"rOhmKm":0.641,"xOhmKm":0.14}},{"type":"Feature","id":"electric-E191","geometry":{"type":"LineString","coordinates":[[-80.5954097,43.3000283],[-80.5954093,43.3001774],[-80.5954166,43.3003554],[-80.5954315,43.3005334],[-80.5954441,43.3006352]]},"properties":{"kind":"distribution","tier":"primary_lateral","placement":"underground","from":"electric-J-49","to":"electric-T-189","lengthM":67.66,"voltageKV":13.8,"phases":1,"phase":"A","feeder":"F1-02","feederId":"F1-02","designRole":"lateral","conductor":"1/0 AL 15 kV XLPE","capacityKVA":1394.3,"designKVA":55.8,"customers":18,"roadEdge":56,"rOhmKm":0.641,"xOhmKm":0.14}},{"type":"Feature","id":"electric-E192","geometry":{"type":"LineString","coordinates":[[-80.5950797,43.2996015],[-80.5950815,43.2996473],[-80.595008,43.2996469],[-80.5949309,43.2996464],[-80.5947766,43.2996455],[-80.5946995,43.2996452],[-80.5945451,43.2996443],[-80.5944115,43.2996435],[-80.5943931,43.2995987]]},"properties":{"kind":"distribution","tier":"primary_main","placement":"underground","from":"electric-J-50","to":"electric-J-51","lengthM":64.58,"voltageKV":13.8,"phases":3,"phase":"ABC","feeder":"F1-02","feederId":"F1-02","designRole":"trunk","corridorId":"C-001","conductor":"1/0 AL 15 kV XLPE","capacityKVA":4182.9,"designKVA":374.3,"customers":1,"roadEdge":57,"rOhmKm":0.641,"xOhmKm":0.14}},{"type":"Feature","id":"electric-E193","geometry":{"type":"LineString","coordinates":[[-80.5964181,43.3003432],[-80.5964205,43.3003555]]},"properties":{"kind":"distribution","tier":"primary_lateral","placement":"underground","from":"electric-T-161","to":"electric-T-162","lengthM":1.38,"voltageKV":13.8,"phases":1,"phase":"C","feeder":"F1-02","feederId":"F1-02","designRole":"lateral","conductor":"1/0 AL 15 kV XLPE","capacityKVA":1394.3,"designKVA":77.9,"customers":30,"roadEdge":48,"rOhmKm":0.641,"xOhmKm":0.14}},{"type":"Feature","id":"electric-E194","geometry":{"type":"LineString","coordinates":[[-80.5973612,43.2979391],[-80.5973529,43.2977953],[-80.5973482,43.297617],[-80.5973491,43.297445]]},"properties":{"kind":"distribution","tier":"primary_lateral","placement":"overhead","from":"electric-T-157","to":"electric-T-158","lengthM":55.03,"voltageKV":13.8,"phases":1,"phase":"B","feeder":"F1-02","feederId":"F1-02","designRole":"lateral","conductor":"#2 ACSR","capacityKVA":1434.1,"designKVA":31.7,"customers":7,"roadEdge":46,"rOhmKm":1.05,"xOhmKm":0.435}},{"type":"Feature","id":"electric-E195","geometry":{"type":"LineString","coordinates":[[-80.5963353,43.2991323],[-80.5963248,43.29905],[-80.5963184,43.2989922]]},"properties":{"kind":"distribution","tier":"primary_lateral","placement":"underground","from":"electric-T-184","to":"electric-T-183","lengthM":15.65,"voltageKV":13.8,"phases":1,"phase":"B","feeder":"F1-02","feederId":"F1-02","designRole":"lateral","conductor":"1/0 AL 15 kV XLPE","capacityKVA":1394.3,"designKVA":42.5,"customers":9,"roadEdge":51,"rOhmKm":0.641,"xOhmKm":0.14}},{"type":"Feature","id":"electric-E196","geometry":{"type":"LineString","coordinates":[[-80.5954441,43.3006352],[-80.5954535,43.3007116],[-80.5954815,43.30089],[-80.5955146,43.3010687],[-80.5955512,43.3012477],[-80.5955667,43.301319]]},"properties":{"kind":"distribution","tier":"primary_lateral","placement":"underground","from":"electric-T-189","to":"electric-T-188","lengthM":76.78,"voltageKV":13.8,"phases":1,"phase":"A","feeder":"F1-02","feederId":"F1-02","designRole":"lateral","conductor":"1/0 AL 15 kV XLPE","capacityKVA":1394.3,"designKVA":30.4,"customers":8,"roadEdge":56,"rOhmKm":0.641,"xOhmKm":0.14}},{"type":"Feature","id":"electric-E197","geometry":{"type":"LineString","coordinates":[[-80.5943931,43.2995987],[-80.5943946,43.2996434],[-80.5943137,43.2996429],[-80.5941595,43.299642],[-80.5940823,43.2996417],[-80.5940682,43.2996416]]},"properties":{"kind":"distribution","tier":"primary_main","placement":"underground","from":"electric-J-51","to":"electric-J-52","lengthM":31.41,"voltageKV":13.8,"phases":3,"phase":"ABC","feeder":"F1-02","feederId":"F1-02","designRole":"trunk","corridorId":"C-001","conductor":"1/0 AL 15 kV XLPE","capacityKVA":4182.9,"designKVA":374.3,"customers":1,"roadEdge":58,"rOhmKm":0.641,"xOhmKm":0.14}},{"type":"Feature","id":"electric-E198","geometry":{"type":"LineString","coordinates":[[-80.5964205,43.3003555],[-80.5964225,43.300366],[-80.5964489,43.3004906]]},"properties":{"kind":"distribution","tier":"primary_lateral","placement":"underground","from":"electric-T-162","to":"electric-T-163","lengthM":15.21,"voltageKV":13.8,"phases":1,"phase":"C","feeder":"F1-02","feederId":"F1-02","designRole":"lateral","conductor":"1/0 AL 15 kV XLPE","capacityKVA":1394.3,"designKVA":76.3,"customers":29,"roadEdge":48,"rOhmKm":0.641,"xOhmKm":0.14}},{"type":"Feature","id":"electric-E199","geometry":{"type":"LineString","coordinates":[[-80.5973491,43.297445],[-80.5973492,43.2974388],[-80.5973558,43.2972605],[-80.5973678,43.2970821],[-80.5973846,43.2969035],[-80.5973896,43.2968606]]},"properties":{"kind":"distribution","tier":"primary_lateral","placement":"overhead","from":"electric-T-158","to":"electric-T-159","lengthM":65.15,"voltageKV":13.8,"phases":1,"phase":"B","feeder":"F1-02","feederId":"F1-02","designRole":"lateral","conductor":"#2 ACSR","capacityKVA":1434.1,"designKVA":11.4,"customers":2,"roadEdge":46,"rOhmKm":1.05,"xOhmKm":0.435}},{"type":"Feature","id":"electric-E200","geometry":{"type":"LineString","coordinates":[[-80.5963184,43.2989922],[-80.5963052,43.2988712],[-80.5962906,43.2986993]]},"properties":{"kind":"distribution","tier":"primary_lateral","placement":"underground","from":"electric-T-183","to":"electric-T-182","lengthM":32.69,"voltageKV":13.8,"phases":1,"phase":"B","feeder":"F1-02","feederId":"F1-02","designRole":"lateral","conductor":"1/0 AL 15 kV XLPE","capacityKVA":1394.3,"designKVA":40.9,"customers":8,"roadEdge":51,"rOhmKm":0.641,"xOhmKm":0.14}},{"type":"Feature","id":"electric-E201","geometry":{"type":"LineString","coordinates":[[-80.5940682,43.2996416],[-80.5940051,43.2996412],[-80.593928,43.2996408],[-80.5938508,43.2996403],[-80.5937737,43.2996399],[-80.5936966,43.2996394],[-80.5936122,43.299639],[-80.593566,43.2996323]]},"properties":{"kind":"distribution","tier":"primary_main","placement":"underground","from":"electric-J-52","to":"electric-T-225","lengthM":40.77,"voltageKV":13.8,"phases":3,"phase":"ABC","feeder":"F1-02","feederId":"F1-02","designRole":"trunk","corridorId":"C-001","conductor":"1/0 AL 15 kV XLPE","capacityKVA":4182.9,"designKVA":374.3,"customers":1,"roadEdge":59,"rOhmKm":0.641,"xOhmKm":0.14}},{"type":"Feature","id":"electric-E202","geometry":{"type":"LineString","coordinates":[[-80.5964489,43.3004906],[-80.5964606,43.3005462],[-80.5964657,43.3005693]]},"properties":{"kind":"distribution","tier":"primary_lateral","placement":"underground","from":"electric-T-163","to":"electric-T-164","lengthM":8.87,"voltageKV":13.8,"phases":1,"phase":"C","feeder":"F1-02","feederId":"F1-02","designRole":"lateral","conductor":"1/0 AL 15 kV XLPE","capacityKVA":1394.3,"designKVA":71.5,"customers":28,"roadEdge":48,"rOhmKm":0.641,"xOhmKm":0.14}},{"type":"Feature","id":"electric-E203","geometry":{"type":"LineString","coordinates":[[-80.5964657,43.3005693],[-80.5964814,43.3006411]]},"properties":{"kind":"distribution","tier":"primary_lateral","placement":"underground","from":"electric-T-164","to":"electric-T-165","lengthM":8.09,"voltageKV":13.8,"phases":1,"phase":"C","feeder":"F1-02","feederId":"F1-02","designRole":"lateral","conductor":"1/0 AL 15 kV XLPE","capacityKVA":1394.3,"designKVA":68.2,"customers":26,"roadEdge":48,"rOhmKm":0.641,"xOhmKm":0.14}},{"type":"Feature","id":"electric-E204","geometry":{"type":"LineString","coordinates":[[-80.5964814,43.3006411],[-80.5964999,43.300726],[-80.5965133,43.3007874]]},"properties":{"kind":"distribution","tier":"primary_lateral","placement":"underground","from":"electric-T-165","to":"electric-T-166","lengthM":16.49,"voltageKV":13.8,"phases":1,"phase":"C","feeder":"F1-02","feederId":"F1-02","designRole":"lateral","conductor":"1/0 AL 15 kV XLPE","capacityKVA":1394.3,"designKVA":65.7,"customers":25,"roadEdge":48,"rOhmKm":0.641,"xOhmKm":0.14}},{"type":"Feature","id":"electric-E205","geometry":{"type":"LineString","coordinates":[[-80.5965133,43.3007874],[-80.5965298,43.3008627]]},"properties":{"kind":"distribution","tier":"primary_lateral","placement":"underground","from":"electric-T-166","to":"electric-T-167","lengthM":8.48,"voltageKV":13.8,"phases":1,"phase":"C","feeder":"F1-02","feederId":"F1-02","designRole":"lateral","conductor":"1/0 AL 15 kV XLPE","capacityKVA":1394.3,"designKVA":64.0,"customers":24,"roadEdge":48,"rOhmKm":0.641,"xOhmKm":0.14}},{"type":"Feature","id":"electric-E206","geometry":{"type":"LineString","coordinates":[[-80.5965298,43.3008627],[-80.5965391,43.3009054],[-80.596546,43.3009388]]},"properties":{"kind":"distribution","tier":"primary_lateral","placement":"underground","from":"electric-T-167","to":"electric-T-168","lengthM":8.58,"voltageKV":13.8,"phases":1,"phase":"C","feeder":"F1-02","feederId":"F1-02","designRole":"lateral","conductor":"1/0 AL 15 kV XLPE","capacityKVA":1394.3,"designKVA":59.3,"customers":22,"roadEdge":48,"rOhmKm":0.641,"xOhmKm":0.14}},{"type":"Feature","id":"electric-E207","geometry":{"type":"LineString","coordinates":[[-80.596546,43.3009388],[-80.5965752,43.3010795]]},"properties":{"kind":"distribution","tier":"primary_lateral","placement":"underground","from":"electric-T-168","to":"electric-T-169","lengthM":15.84,"voltageKV":13.8,"phases":1,"phase":"C","feeder":"F1-02","feederId":"F1-02","designRole":"lateral","conductor":"1/0 AL 15 kV XLPE","capacityKVA":1394.3,"designKVA":58.8,"customers":21,"roadEdge":48,"rOhmKm":0.641,"xOhmKm":0.14}},{"type":"Feature","id":"electric-E208","geometry":{"type":"LineString","coordinates":[[-80.5965752,43.3010795],[-80.5965763,43.3010845],[-80.5965785,43.3010962]]},"properties":{"kind":"distribution","tier":"primary_lateral","placement":"underground","from":"electric-T-169","to":"electric-T-170","lengthM":1.88,"voltageKV":13.8,"phases":1,"phase":"C","feeder":"F1-02","feederId":"F1-02","designRole":"lateral","conductor":"1/0 AL 15 kV XLPE","capacityKVA":1394.3,"designKVA":53.1,"customers":20,"roadEdge":48,"rOhmKm":0.641,"xOhmKm":0.14}},{"type":"Feature","id":"electric-E209","geometry":{"type":"LineString","coordinates":[[-80.5965785,43.3010962],[-80.5966043,43.3012325]]},"properties":{"kind":"distribution","tier":"primary_lateral","placement":"underground","from":"electric-T-170","to":"electric-T-171","lengthM":15.32,"voltageKV":13.8,"phases":1,"phase":"C","feeder":"F1-02","feederId":"F1-02","designRole":"lateral","conductor":"1/0 AL 15 kV XLPE","capacityKVA":1394.3,"designKVA":51.3,"customers":19,"roadEdge":48,"rOhmKm":0.641,"xOhmKm":0.14}},{"type":"Feature","id":"electric-E210","geometry":{"type":"LineString","coordinates":[[-80.5966043,43.3012325],[-80.5966071,43.3012469]]},"properties":{"kind":"distribution","tier":"primary_lateral","placement":"underground","from":"electric-T-171","to":"electric-T-172","lengthM":1.62,"voltageKV":13.8,"phases":1,"phase":"C","feeder":"F1-02","feederId":"F1-02","designRole":"lateral","conductor":"1/0 AL 15 kV XLPE","capacityKVA":1394.3,"designKVA":49.0,"customers":18,"roadEdge":48,"rOhmKm":0.641,"xOhmKm":0.14}},{"type":"Feature","id":"electric-E211","geometry":{"type":"LineString","coordinates":[[-80.5966071,43.3012469],[-80.5966102,43.3012633],[-80.5966309,43.3013905]]},"properties":{"kind":"distribution","tier":"primary_lateral","placement":"underground","from":"electric-T-172","to":"electric-T-173","lengthM":16.1,"voltageKV":13.8,"phases":1,"phase":"C","feeder":"F1-02","feederId":"F1-02","designRole":"lateral","conductor":"1/0 AL 15 kV XLPE","capacityKVA":1394.3,"designKVA":47.3,"customers":17,"roadEdge":48,"rOhmKm":0.641,"xOhmKm":0.14}},{"type":"Feature","id":"electric-E212","geometry":{"type":"LineString","coordinates":[[-80.5966309,43.3013905],[-80.5966317,43.3013957]]},"properties":{"kind":"distribution","tier":"primary_lateral","placement":"underground","from":"electric-T-173","to":"electric-T-174","lengthM":0.58,"voltageKV":13.8,"phases":1,"phase":"C","feeder":"F1-02","feederId":"F1-02","designRole":"lateral","conductor":"1/0 AL 15 kV XLPE","capacityKVA":1394.3,"designKVA":45.4,"customers":16,"roadEdge":48,"rOhmKm":0.641,"xOhmKm":0.14}},{"type":"Feature","id":"electric-E213","geometry":{"type":"LineString","coordinates":[[-80.5966317,43.3013957],[-80.5966392,43.3014417],[-80.5966519,43.3015397]]},"properties":{"kind":"distribution","tier":"primary_lateral","placement":"underground","from":"electric-T-174","to":"electric-T-175","lengthM":16.12,"voltageKV":13.8,"phases":1,"phase":"C","feeder":"F1-02","feederId":"F1-02","designRole":"lateral","conductor":"1/0 AL 15 kV XLPE","capacityKVA":1394.3,"designKVA":43.1,"customers":15,"roadEdge":48,"rOhmKm":0.641,"xOhmKm":0.14}},{"type":"Feature","id":"electric-E214","geometry":{"type":"LineString","coordinates":[[-80.5966519,43.3015397],[-80.5966621,43.3016188]]},"properties":{"kind":"distribution","tier":"primary_lateral","placement":"underground","from":"electric-T-175","to":"electric-T-176","lengthM":8.84,"voltageKV":13.8,"phases":1,"phase":"C","feeder":"F1-02","feederId":"F1-02","designRole":"lateral","conductor":"1/0 AL 15 kV XLPE","capacityKVA":1394.3,"designKVA":39.3,"customers":14,"roadEdge":48,"rOhmKm":0.641,"xOhmKm":0.14}},{"type":"Feature","id":"electric-E215","geometry":{"type":"LineString","coordinates":[[-80.5966621,43.3016188],[-80.5966622,43.30162],[-80.5966785,43.301798],[-80.5966873,43.301976],[-80.5966879,43.3020741]]},"properties":{"kind":"distribution","tier":"primary_lateral","placement":"underground","from":"electric-T-176","to":"electric-T-177","lengthM":50.74,"voltageKV":13.8,"phases":1,"phase":"C","feeder":"F1-02","feederId":"F1-02","designRole":"lateral","conductor":"1/0 AL 15 kV XLPE","capacityKVA":1394.3,"designKVA":37.6,"customers":12,"roadEdge":48,"rOhmKm":0.641,"xOhmKm":0.14}},{"type":"Feature","id":"electric-E216","geometry":{"type":"LineString","coordinates":[[-80.5966879,43.3020741],[-80.5966883,43.3021538],[-80.5966812,43.3023317],[-80.5966666,43.3025097],[-80.5966493,43.3026521]]},"properties":{"kind":"distribution","tier":"primary_lateral","placement":"underground","from":"electric-T-177","to":"electric-T-178","lengthM":64.44,"voltageKV":13.8,"phases":1,"phase":"C","feeder":"F1-02","feederId":"F1-02","designRole":"lateral","conductor":"1/0 AL 15 kV XLPE","capacityKVA":1394.3,"designKVA":2.7,"customers":2,"roadEdge":48,"rOhmKm":0.641,"xOhmKm":0.14}},{"type":"Feature","id":"electric-E958","geometry":{"type":"LineString","coordinates":[[-80.6004589,43.2996104],[-80.6004865,43.2995496],[-80.6004093,43.2995492],[-80.6003321,43.299549],[-80.6002549,43.2995487],[-80.6001776,43.2995485],[-80.6001004,43.2995484],[-80.6000231,43.2995483],[-80.599946,43.2995483],[-80.5998957,43.2995482]]},"properties":{"kind":"distribution","tier":"primary_main","placement":"overhead","from":"electric-J-26","to":"electric-J-27","lengthM":55.0,"voltageKV":13.8,"phases":3,"phase":"ABC","switch":"tie","switchId":"TIE-F1-01-F1-02","designRole":"tie","corridorId":"C-001"}},{"type":"Feature","id":"electric-E959","geometry":{"type":"LineString","coordinates":[[-80.6004589,43.2996104],[-80.6004866,43.2995361],[-80.6004094,43.2995358],[-80.6003322,43.2995355],[-80.6002549,43.2995352],[-80.6001776,43.299535],[-80.6001004,43.2995349],[-80.6000232,43.2995349],[-80.5999461,43.2995349],[-80.5998957,43.2995348],[-80.5998689,43.2995348],[-80.5997917,43.2995347],[-80.5997146,43.2995347],[-80.5996374,43.2995346],[-80.5995519,43.2995346],[-80.5994832,43.2995345],[-80.5992519,43.2995342],[-80.5991747,43.299534],[-80.5990976,43.299534],[-80.5990204,43.2995338],[-80.5989433,43.2995337],[-80.5988662,43.2995335],[-80.5987892,43.2995333],[-80.5987639,43.2995332],[-80.5987119,43.2995331],[-80.5986348,43.299533],[-80.5985575,43.2995328],[-80.5985565,43.2995328],[-80.5984806,43.2995326],[-80.5984034,43.2995323],[-80.5983263,43.2995322],[-80.598172,43.2995316],[-80.5980949,43.2995314],[-80.5980178,43.2995312],[-80.5979543,43.299531],[-80.5979406,43.2995309],[-80.5978635,43.2995306],[-80.5977864,43.2995304],[-80.5977093,43.29953],[-80.5976321,43.2995297],[-80.5975547,43.2995295],[-80.5975511,43.2995295],[-80.5973765,43.2995286],[-80.5973932,43.299608]]},"properties":{"kind":"distribution","tier":"primary_main","placement":"overhead","from":"electric-J-26","to":"electric-J-39","lengthM":269.48,"voltageKV":13.8,"phases":3,"phase":"ABC","switch":"tie","switchId":"TIE-F1-01-F1-02-2","designRole":"tie","corridorId":"C-001","newLine":true}},{"type":"Feature","id":"electric-E960","geometry":{"type":"LineString","coordinates":[[-80.6034362,43.2995933],[-80.6034099,43.2995831],[-80.6031894,43.2995777],[-80.6031122,43.2995759],[-80.6029578,43.2995724],[-80.6027946,43.2995687],[-80.6027436,43.2995741],[-80.6027368,43.2995674],[-80.6025846,43.2995643],[-80.602568,43.2995608],[-80.6024867,43.2995622],[-80.6024174,43.2995608],[-80.6023402,43.2995593],[-80.6022629,43.2995579],[-80.6021858,43.2995564],[-80.6021086,43.299555],[-80.6020312,43.2995536],[-80.6019541,43.2995524],[-80.6018769,43.299551],[-80.6017996,43.2995499],[-80.6017224,43.2995487],[-80.6016348,43.2995474],[-80.6015885,43.2995536],[-80.601577,43.2995466],[-80.6014907,43.2995454],[-80.6013363,43.2995434],[-80.6012591,43.2995425],[-80.6011818,43.2995416],[-80.6011046,43.2995408],[-80.6010274,43.29954],[-80.6009753,43.2995395],[-80.6009501,43.2995393],[-80.6007956,43.299538],[-80.6007184,43.2995375],[-80.6006411,43.2995369],[-80.6005638,43.2995365],[-80.6005435,43.2995364],[-80.6004866,43.2995361],[-80.6004094,43.2995358],[-80.6003322,43.2995355],[-80.6002549,43.2995352],[-80.6001776,43.299535],[-80.6001004,43.2995349],[-80.6000232,43.2995349],[-80.5999461,43.2995349],[-80.5998957,43.2995482]]},"properties":{"kind":"distribution","tier":"primary_main","placement":"overhead","from":"electric-J-12","to":"electric-J-27","lengthM":288.26,"voltageKV":13.8,"phases":3,"phase":"ABC","switch":"tie","switchId":"TIE-F1-01-F1-02-3","designRole":"tie","corridorId":"C-001","newLine":true}}]}