{"type":"FeatureCollection","name":"electric_equipment","crs_note":"EPSG:4326","features":[{"type":"Feature","id":"RCL-F1-01","geometry":{"type":"Point","coordinates":[-80.6006913,43.2954262]},"properties":{"kind":"recloser","nodeId":"electric-J-T226","feeder":"F1-01"}},{"type":"Feature","id":"RCL-F1-02","geometry":{"type":"Point","coordinates":[-80.6006728,43.2954253]},"properties":{"kind":"recloser","nodeId":"electric-J-T226-F1-02","feeder":"F1-02"}},{"type":"Feature","id":"SW-F1-01-01","geometry":{"type":"Point","coordinates":[-80.6005637,43.2995499]},"properties":{"kind":"sectionalising_switch","edgeId":"electric-E16","feeder":"F1-01","normally":"closed","mount":"pole"}},{"type":"Feature","id":"SW-F1-01-02","geometry":{"type":"Point","coordinates":[-80.6016363,43.2995609]},"properties":{"kind":"sectionalising_switch","edgeId":"electric-E20","feeder":"F1-01","normally":"closed","mount":"pole"}},{"type":"Feature","id":"FUSE-00004","geometry":{"type":"Point","coordinates":[-80.6014967,43.2994697]},"properties":{"kind":"fuse","edgeId":"electric-E21","feeder":"F1-01"}},{"type":"Feature","id":"FUSE-00005","geometry":{"type":"Point","coordinates":[-80.6015194,43.2996348]},"properties":{"kind":"fuse","edgeId":"electric-E22","feeder":"F1-01"}},{"type":"Feature","id":"FUSE-00006","geometry":{"type":"Point","coordinates":[-80.6024549,43.2996356]},"properties":{"kind":"fuse","edgeId":"electric-E25","feeder":"F1-01"}},{"type":"Feature","id":"SW-F1-01-03","geometry":{"type":"Point","coordinates":[-80.6027956,43.2995822]},"properties":{"kind":"sectionalising_switch","edgeId":"electric-E29","feeder":"F1-01","normally":"closed","mount":"pole"}},{"type":"Feature","id":"FUSE-00008","geometry":{"type":"Point","coordinates":[-80.6028373,43.2996176]},"properties":{"kind":"fuse","edgeId":"electric-E30","feeder":"F1-01"}},{"type":"Feature","id":"FUSE-00009","geometry":{"type":"Point","coordinates":[-80.6035076,43.2998267]},"properties":{"kind":"fuse","edgeId":"electric-E36","feeder":"F1-01"}},{"type":"Feature","id":"RISER-00001","geometry":{"type":"Point","coordinates":[-80.6034362,43.2995933]},"properties":{"kind":"riser","nodeId":"electric-J-12","edgeId":"electric-E36","feeder":"F1-01","from":"overhead","to":"underground"}},{"type":"Feature","id":"FUSE-00011","geometry":{"type":"Point","coordinates":[-80.6037845,43.2996283]},"properties":{"kind":"fuse","edgeId":"electric-E43","feeder":"F1-01"}},{"type":"Feature","id":"RISER-00002","geometry":{"type":"Point","coordinates":[-80.603876,43.2996146]},"properties":{"kind":"riser","nodeId":"electric-J-9","edgeId":"electric-E43","feeder":"F1-01","from":"overhead","to":"underground"}},{"type":"Feature","id":"RISER-00003","geometry":{"type":"Point","coordinates":[-80.6015776,43.2978824]},"properties":{"kind":"riser","nodeId":"electric-J-20","edgeId":"electric-E48","feeder":"F1-01","from":"overhead","to":"underground"}},{"type":"Feature","id":"FUSE-00014","geometry":{"type":"Point","coordinates":[-80.6043581,43.2997769]},"properties":{"kind":"fuse","edgeId":"electric-E52","feeder":"F1-01"}},{"type":"Feature","id":"RISER-00004","geometry":{"type":"Point","coordinates":[-80.6044359,43.2996242]},"properties":{"kind":"riser","nodeId":"electric-J-8","edgeId":"electric-E52","feeder":"F1-01","from":"overhead","to":"underground"}},{"type":"Feature","id":"RISER-00005","geometry":{"type":"Point","coordinates":[-80.6048571,43.2996363]},"properties":{"kind":"riser","nodeId":"electric-J-4","edgeId":"electric-E61","feeder":"F1-01","from":"overhead","to":"underground"}},{"type":"Feature","id":"FUSE-00017","geometry":{"type":"Point","coordinates":[-80.6047876,43.2996212]},"properties":{"kind":"fuse","edgeId":"electric-E62","feeder":"F1-01"}},{"type":"Feature","id":"RISER-00006","geometry":{"type":"Point","coordinates":[-80.6048571,43.2996363]},"properties":{"kind":"riser","nodeId":"electric-J-4","edgeId":"electric-E62","feeder":"F1-01","from":"overhead","to":"underground"}},{"type":"Feature","id":"RISER-00007","geometry":{"type":"Point","coordinates":[-80.6026806,43.2977545]},"properties":{"kind":"riser","nodeId":"electric-J-16","edgeId":"electric-E77","feeder":"F1-01","from":"overhead","to":"underground"}},{"type":"Feature","id":"RISER-00008","geometry":{"type":"Point","coordinates":[-80.6026806,43.2977545]},"properties":{"kind":"riser","nodeId":"electric-J-16","edgeId":"electric-E78","feeder":"F1-01","from":"overhead","to":"underground"}},{"type":"Feature","id":"SW-F1-02-01","geometry":{"type":"Point","coordinates":[-80.6004865,43.2995496]},"properties":{"kind":"sectionalising_switch","edgeId":"electric-E119","feeder":"F1-02","normally":"closed","mount":"pole"}},{"type":"Feature","id":"SW-F1-02-02","geometry":{"type":"Point","coordinates":[-80.5998689,43.2995482]},"properties":{"kind":"sectionalising_switch","edgeId":"electric-E120","feeder":"F1-02","normally":"closed","mount":"pole"}},{"type":"Feature","id":"RISER-00009","geometry":{"type":"Point","coordinates":[-80.5995519,43.2995481]},"properties":{"kind":"riser","nodeId":"electric-J-30","edgeId":"electric-E123","feeder":"F1-02","from":"overhead","to":"underground"}},{"type":"Feature","id":"SW-F1-02-03","geometry":{"type":"Point","coordinates":[-80.5987118,43.2995466]},"properties":{"kind":"sectionalising_switch","edgeId":"electric-E125","feeder":"F1-02","normally":"closed","mount":"pole"}},{"type":"Feature","id":"FUSE-00025","geometry":{"type":"Point","coordinates":[-80.5986863,43.2996471]},"properties":{"kind":"fuse","edgeId":"electric-E126","feeder":"F1-02"}},{"type":"Feature","id":"FUSE-00026","geometry":{"type":"Point","coordinates":[-80.5986411,43.2995956]},"properties":{"kind":"fuse","edgeId":"electric-E129","feeder":"F1-02"}},{"type":"Feature","id":"FUSE-00027","geometry":{"type":"Point","coordinates":[-80.5995359,43.2990519]},"properties":{"kind":"fuse","edgeId":"electric-E132","feeder":"F1-02"}},{"type":"Feature","id":"FUSE-00028","geometry":{"type":"Point","coordinates":[-80.5997319,43.3005297]},"properties":{"kind":"fuse","edgeId":"electric-E133","feeder":"F1-02"}},{"type":"Feature","id":"SW-F1-02-04","geometry":{"type":"Point","coordinates":[-80.5973947,43.2995422]},"properties":{"kind":"sectionalising_switch","edgeId":"electric-E140","feeder":"F1-02","normally":"closed","mount":"pole"}},{"type":"Feature","id":"FUSE-00030","geometry":{"type":"Point","coordinates":[-80.5974753,43.2996484]},"properties":{"kind":"fuse","edgeId":"electric-E141","feeder":"F1-02"}},{"type":"Feature","id":"RISER-00010","geometry":{"type":"Point","coordinates":[-80.5987594,43.3007609]},"properties":{"kind":"riser","nodeId":"electric-J-32","edgeId":"electric-E143","feeder":"F1-02","from":"overhead","to":"underground"}},{"type":"Feature","id":"FUSE-00032","geometry":{"type":"Point","coordinates":[-80.59756,43.2995902]},"properties":{"kind":"fuse","edgeId":"electric-E147","feeder":"F1-02"}},{"type":"Feature","id":"FUSE-00033","geometry":{"type":"Point","coordinates":[-80.5964734,43.2996357]},"properties":{"kind":"fuse","edgeId":"electric-E163","feeder":"F1-02"}},{"type":"Feature","id":"FUSE-00034","geometry":{"type":"Point","coordinates":[-80.5963987,43.2995881]},"properties":{"kind":"fuse","edgeId":"electric-E170","feeder":"F1-02"}},{"type":"Feature","id":"RISER-00011","geometry":{"type":"Point","coordinates":[-80.5963147,43.299543]},"properties":{"kind":"riser","nodeId":"electric-J-46","edgeId":"electric-E170","feeder":"F1-02","from":"overhead","to":"underground"}},{"type":"Feature","id":"RISER-00012","geometry":{"type":"Point","coordinates":[-80.5965252,43.3000107]},"properties":{"kind":"riser","nodeId":"electric-J-42","edgeId":"electric-E180","feeder":"F1-02","from":"overhead","to":"underground"}},{"type":"Feature","id":"RISER-00013","geometry":{"type":"Point","coordinates":[-80.5965252,43.3000107]},"properties":{"kind":"riser","nodeId":"electric-J-42","edgeId":"electric-E181","feeder":"F1-02","from":"overhead","to":"underground"}},{"type":"Feature","id":"FUSE-00038","geometry":{"type":"Point","coordinates":[-80.5954342,43.2996436]},"properties":{"kind":"fuse","edgeId":"electric-E185","feeder":"F1-02"}},{"type":"Feature","id":"RISER-00014","geometry":{"type":"Point","coordinates":[-80.5953853,43.2995286]},"properties":{"kind":"riser","nodeId":"electric-J-47","edgeId":"electric-E185","feeder":"F1-02","from":"overhead","to":"underground"}},{"type":"Feature","id":"RISER-00015","geometry":{"type":"Point","coordinates":[-80.5950797,43.2996015]},"properties":{"kind":"riser","nodeId":"electric-J-50","edgeId":"electric-E192","feeder":"F1-02","from":"overhead","to":"underground"}},{"type":"Feature","id":"TIE-F1-01-F1-02","geometry":{"type":"Point","coordinates":[-80.6001776,43.2995485]},"properties":{"kind":"tie_switch","edgeId":"electric-E958","normally":"open","feeders":["F1-01","F1-02"]}},{"type":"Feature","id":"TIE-F1-01-F1-02-2","geometry":{"type":"Point","coordinates":[-80.5987892,43.2995333]},"properties":{"kind":"tie_switch","edgeId":"electric-E959","normally":"open","feeders":["F1-01","F1-02"]}},{"type":"Feature","id":"TIE-F1-01-F1-02-3","geometry":{"type":"Point","coordinates":[-80.601577,43.2995466]},"properties":{"kind":"tie_switch","edgeId":"electric-E960","normally":"open","feeders":["F1-01","F1-02"]}},{"type":"Feature","id":"POLE-00001","geometry":{"type":"Point","coordinates":[-80.6001469,43.2954002]},"properties":{"kind":"pole","edgeId":"electric-E1","heightM":12.2}},{"type":"Feature","id":"POLE-00002","geometry":{"type":"Point","coordinates":[-80.6006913,43.2954262]},"properties":{"kind":"pole","edgeId":"electric-E1","heightM":12.2}},{"type":"Feature","id":"POLE-00003","geometry":{"type":"Point","coordinates":[-80.6006728,43.2954253]},"properties":{"kind":"pole","edgeId":"electric-E2","heightM":12.2}},{"type":"Feature","id":"POLE-00004","geometry":{"type":"Point","coordinates":[-80.6006908,43.2954315]},"properties":{"kind":"pole","edgeId":"electric-E3","heightM":12.2}},{"type":"Feature","id":"POLE-00005","geometry":{"type":"Point","coordinates":[-80.6006857,43.2954877]},"properties":{"kind":"pole","edgeId":"electric-E3","heightM":12.2}},{"type":"Feature","id":"POLE-00006","geometry":{"type":"Point","coordinates":[-80.6006808,43.2955439]},"properties":{"kind":"pole","edgeId":"electric-E3","heightM":12.2}},{"type":"Feature","id":"POLE-00007","geometry":{"type":"Point","coordinates":[-80.600676,43.2956001]},"properties":{"kind":"pole","edgeId":"electric-E3","heightM":12.2}},{"type":"Feature","id":"POLE-00008","geometry":{"type":"Point","coordinates":[-80.600671,43.2956562]},"properties":{"kind":"pole","edgeId":"electric-E3","heightM":12.2}},{"type":"Feature","id":"POLE-00009","geometry":{"type":"Point","coordinates":[-80.6006566,43.2958248]},"properties":{"kind":"pole","edgeId":"electric-E3","heightM":12.2}},{"type":"Feature","id":"POLE-00010","geometry":{"type":"Point","coordinates":[-80.6006519,43.2958809]},"properties":{"kind":"pole","edgeId":"electric-E3","heightM":12.2}},{"type":"Feature","id":"POLE-00011","geometry":{"type":"Point","coordinates":[-80.6006472,43.2959371]},"properties":{"kind":"pole","edgeId":"electric-E3","heightM":12.2}},{"type":"Feature","id":"POLE-00012","geometry":{"type":"Point","coordinates":[-80.6006425,43.2959933]},"properties":{"kind":"pole","edgeId":"electric-E3","heightM":12.2}},{"type":"Feature","id":"POLE-00013","geometry":{"type":"Point","coordinates":[-80.6006379,43.2960495]},"properties":{"kind":"pole","edgeId":"electric-E3","heightM":12.2}},{"type":"Feature","id":"POLE-00014","geometry":{"type":"Point","coordinates":[-80.6006334,43.2961056]},"properties":{"kind":"pole","edgeId":"electric-E3","heightM":12.2}},{"type":"Feature","id":"POLE-00015","geometry":{"type":"Point","coordinates":[-80.6006288,43.2961618]},"properties":{"kind":"pole","edgeId":"electric-E3","heightM":12.2}},{"type":"Feature","id":"POLE-00016","geometry":{"type":"Point","coordinates":[-80.6006154,43.2963303]},"properties":{"kind":"pole","edgeId":"electric-E3","heightM":12.2}},{"type":"Feature","id":"POLE-00017","geometry":{"type":"Point","coordinates":[-80.6006111,43.2963865]},"properties":{"kind":"pole","edgeId":"electric-E3","heightM":12.2}},{"type":"Feature","id":"POLE-00018","geometry":{"type":"Point","coordinates":[-80.6006068,43.2964427]},"properties":{"kind":"pole","edgeId":"electric-E3","heightM":12.2}},{"type":"Feature","id":"POLE-00019","geometry":{"type":"Point","coordinates":[-80.6006026,43.2964989]},"properties":{"kind":"pole","edgeId":"electric-E3","heightM":12.2}},{"type":"Feature","id":"POLE-00020","geometry":{"type":"Point","coordinates":[-80.6005983,43.2965551]},"properties":{"kind":"pole","edgeId":"electric-E3","heightM":12.2}},{"type":"Feature","id":"POLE-00021","geometry":{"type":"Point","coordinates":[-80.6005942,43.2966113]},"properties":{"kind":"pole","edgeId":"electric-E3","heightM":12.2}},{"type":"Feature","id":"POLE-00022","geometry":{"type":"Point","coordinates":[-80.600593,43.2966268]},"properties":{"kind":"pole","edgeId":"electric-E3","heightM":12.2}},{"type":"Feature","id":"POLE-00023","geometry":{"type":"Point","coordinates":[-80.6006958,43.2953754]},"properties":{"kind":"pole","edgeId":"electric-E4","heightM":12.2}},{"type":"Feature","id":"POLE-00024","geometry":{"type":"Point","coordinates":[-80.6007009,43.2953192]},"properties":{"kind":"pole","edgeId":"electric-E4","heightM":12.2}},{"type":"Feature","id":"POLE-00025","geometry":{"type":"Point","coordinates":[-80.600706,43.2952631]},"properties":{"kind":"pole","edgeId":"electric-E4","heightM":12.2}},{"type":"Feature","id":"POLE-00026","geometry":{"type":"Point","coordinates":[-80.600711,43.2952069]},"properties":{"kind":"pole","edgeId":"electric-E4","heightM":12.2}},{"type":"Feature","id":"POLE-00027","geometry":{"type":"Point","coordinates":[-80.6007266,43.2950383]},"properties":{"kind":"pole","edgeId":"electric-E4","heightM":12.2}},{"type":"Feature","id":"POLE-00028","geometry":{"type":"Point","coordinates":[-80.6007319,43.2949822]},"properties":{"kind":"pole","edgeId":"electric-E4","heightM":12.2}},{"type":"Feature","id":"POLE-00029","geometry":{"type":"Point","coordinates":[-80.6007371,43.2949261]},"properties":{"kind":"pole","edgeId":"electric-E4","heightM":12.2}},{"type":"Feature","id":"POLE-00030","geometry":{"type":"Point","coordinates":[-80.6007424,43.2948699]},"properties":{"kind":"pole","edgeId":"electric-E4","heightM":12.2}},{"type":"Feature","id":"POLE-00031","geometry":{"type":"Point","coordinates":[-80.6007477,43.2948137]},"properties":{"kind":"pole","edgeId":"electric-E4","heightM":12.2}},{"type":"Feature","id":"POLE-00032","geometry":{"type":"Point","coordinates":[-80.6007525,43.2947631]},"properties":{"kind":"pole","edgeId":"electric-E4","heightM":12.2}},{"type":"Feature","id":"POLE-00033","geometry":{"type":"Point","coordinates":[-80.60059,43.2966674]},"properties":{"kind":"pole","edgeId":"electric-E5","heightM":12.2}},{"type":"Feature","id":"POLE-00034","geometry":{"type":"Point","coordinates":[-80.6005859,43.2967237]},"properties":{"kind":"pole","edgeId":"electric-E5","heightM":12.2}},{"type":"Feature","id":"POLE-00035","geometry":{"type":"Point","coordinates":[-80.6005741,43.2968922]},"properties":{"kind":"pole","edgeId":"electric-E5","heightM":12.2}},{"type":"Feature","id":"POLE-00036","geometry":{"type":"Point","coordinates":[-80.6005717,43.2969269]},"properties":{"kind":"pole","edgeId":"electric-E5","heightM":12.2}},{"type":"Feature","id":"POLE-00037","geometry":{"type":"Point","coordinates":[-80.6005702,43.2969484]},"properties":{"kind":"pole","edgeId":"electric-E6","heightM":12.2}},{"type":"Feature","id":"POLE-00038","geometry":{"type":"Point","coordinates":[-80.6005626,43.2970607]},"properties":{"kind":"pole","edgeId":"electric-E6","heightM":12.2}},{"type":"Feature","id":"POLE-00039","geometry":{"type":"Point","coordinates":[-80.6005589,43.297117]},"properties":{"kind":"pole","edgeId":"electric-E6","heightM":12.2}},{"type":"Feature","id":"POLE-00040","geometry":{"type":"Point","coordinates":[-80.6005553,43.2971731]},"properties":{"kind":"pole","edgeId":"electric-E6","heightM":12.2}},{"type":"Feature","id":"POLE-00041","geometry":{"type":"Point","coordinates":[-80.6005524,43.2972186]},"properties":{"kind":"pole","edgeId":"electric-E6","heightM":12.2}},{"type":"Feature","id":"POLE-00042","geometry":{"type":"Point","coordinates":[-80.6005517,43.2972293]},"properties":{"kind":"pole","edgeId":"electric-E7","heightM":12.2}},{"type":"Feature","id":"POLE-00043","geometry":{"type":"Point","coordinates":[-80.6005481,43.2972855]},"properties":{"kind":"pole","edgeId":"electric-E7","heightM":12.2}},{"type":"Feature","id":"POLE-00044","geometry":{"type":"Point","coordinates":[-80.6005447,43.2973417]},"properties":{"kind":"pole","edgeId":"electric-E7","heightM":12.2}},{"type":"Feature","id":"POLE-00045","geometry":{"type":"Point","coordinates":[-80.6005428,43.2973724]},"properties":{"kind":"pole","edgeId":"electric-E7","heightM":12.2}},{"type":"Feature","id":"POLE-00046","geometry":{"type":"Point","coordinates":[-80.6005412,43.2973979]},"properties":{"kind":"pole","edgeId":"electric-E8","heightM":12.2}},{"type":"Feature","id":"POLE-00047","geometry":{"type":"Point","coordinates":[-80.6005379,43.2974541]},"properties":{"kind":"pole","edgeId":"electric-E8","heightM":12.2}},{"type":"Feature","id":"POLE-00048","geometry":{"type":"Point","coordinates":[-80.6005345,43.2975102]},"properties":{"kind":"pole","edgeId":"electric-E8","heightM":12.2}},{"type":"Feature","id":"POLE-00049","geometry":{"type":"Point","coordinates":[-80.6005312,43.2975665]},"properties":{"kind":"pole","edgeId":"electric-E8","heightM":12.2}},{"type":"Feature","id":"POLE-00050","geometry":{"type":"Point","coordinates":[-80.6005281,43.2976226]},"properties":{"kind":"pole","edgeId":"electric-E8","heightM":12.2}},{"type":"Feature","id":"POLE-00051","geometry":{"type":"Point","coordinates":[-80.6005254,43.29767]},"properties":{"kind":"pole","edgeId":"electric-E8","heightM":12.2}},{"type":"Feature","id":"POLE-00052","geometry":{"type":"Point","coordinates":[-80.6005249,43.2976788]},"properties":{"kind":"pole","edgeId":"electric-E9","heightM":12.2}},{"type":"Feature","id":"POLE-00053","geometry":{"type":"Point","coordinates":[-80.6005218,43.297735]},"properties":{"kind":"pole","edgeId":"electric-E9","heightM":12.2}},{"type":"Feature","id":"POLE-00054","geometry":{"type":"Point","coordinates":[-80.6005189,43.2977912]},"properties":{"kind":"pole","edgeId":"electric-E9","heightM":12.2}},{"type":"Feature","id":"POLE-00055","geometry":{"type":"Point","coordinates":[-80.6005159,43.2978474]},"properties":{"kind":"pole","edgeId":"electric-E9","heightM":12.2}},{"type":"Feature","id":"POLE-00056","geometry":{"type":"Point","coordinates":[-80.600513,43.2979036]},"properties":{"kind":"pole","edgeId":"electric-E9","heightM":12.2}},{"type":"Feature","id":"POLE-00057","geometry":{"type":"Point","coordinates":[-80.6005102,43.2979598]},"properties":{"kind":"pole","edgeId":"electric-E9","heightM":12.2}},{"type":"Feature","id":"POLE-00058","geometry":{"type":"Point","coordinates":[-80.6005075,43.298016]},"properties":{"kind":"pole","edgeId":"electric-E10","heightM":12.2}},{"type":"Feature","id":"POLE-00059","geometry":{"type":"Point","coordinates":[-80.6005048,43.2980722]},"properties":{"kind":"pole","edgeId":"electric-E10","heightM":12.2}},{"type":"Feature","id":"POLE-00060","geometry":{"type":"Point","coordinates":[-80.6005022,43.2981284]},"properties":{"kind":"pole","edgeId":"electric-E10","heightM":12.2}},{"type":"Feature","id":"POLE-00061","geometry":{"type":"Point","coordinates":[-80.6004996,43.2981846]},"properties":{"kind":"pole","edgeId":"electric-E10","heightM":12.2}},{"type":"Feature","id":"POLE-00062","geometry":{"type":"Point","coordinates":[-80.6004971,43.2982408]},"properties":{"kind":"pole","edgeId":"electric-E10","heightM":12.2}},{"type":"Feature","id":"POLE-00063","geometry":{"type":"Point","coordinates":[-80.6004963,43.2982603]},"properties":{"kind":"pole","edgeId":"electric-E10","heightM":12.2}},{"type":"Feature","id":"POLE-00064","geometry":{"type":"Point","coordinates":[-80.6004946,43.298297]},"properties":{"kind":"pole","edgeId":"electric-E11","heightM":12.2}},{"type":"Feature","id":"POLE-00065","geometry":{"type":"Point","coordinates":[-80.6004899,43.2984094]},"properties":{"kind":"pole","edgeId":"electric-E11","heightM":12.2}},{"type":"Feature","id":"POLE-00066","geometry":{"type":"Point","coordinates":[-80.6004878,43.2984656]},"properties":{"kind":"pole","edgeId":"electric-E11","heightM":12.2}},{"type":"Feature","id":"POLE-00067","geometry":{"type":"Point","coordinates":[-80.6004856,43.2985217]},"properties":{"kind":"pole","edgeId":"electric-E11","heightM":12.2}},{"type":"Feature","id":"POLE-00068","geometry":{"type":"Point","coordinates":[-80.6004844,43.2985549]},"properties":{"kind":"pole","edgeId":"electric-E11","heightM":12.2}},{"type":"Feature","id":"POLE-00069","geometry":{"type":"Point","coordinates":[-80.6004835,43.298578]},"properties":{"kind":"pole","edgeId":"electric-E12","heightM":12.2}},{"type":"Feature","id":"POLE-00070","geometry":{"type":"Point","coordinates":[-80.6004815,43.2986342]},"properties":{"kind":"pole","edgeId":"electric-E12","heightM":12.2}},{"type":"Feature","id":"POLE-00071","geometry":{"type":"Point","coordinates":[-80.6004797,43.2986904]},"properties":{"kind":"pole","edgeId":"electric-E12","heightM":12.2}},{"type":"Feature","id":"POLE-00072","geometry":{"type":"Point","coordinates":[-80.600479,43.2987105]},"properties":{"kind":"pole","edgeId":"electric-E12","heightM":12.2}},{"type":"Feature","id":"POLE-00073","geometry":{"type":"Point","coordinates":[-80.6004777,43.2987466]},"properties":{"kind":"pole","edgeId":"electric-E13","heightM":12.2}},{"type":"Feature","id":"POLE-00074","geometry":{"type":"Point","coordinates":[-80.6004742,43.298859]},"properties":{"kind":"pole","edgeId":"electric-E13","heightM":12.2}},{"type":"Feature","id":"POLE-00075","geometry":{"type":"Point","coordinates":[-80.6004726,43.2989152]},"properties":{"kind":"pole","edgeId":"electric-E13","heightM":12.2}},{"type":"Feature","id":"POLE-00076","geometry":{"type":"Point","coordinates":[-80.600471,43.2989714]},"properties":{"kind":"pole","edgeId":"electric-E13","heightM":12.2}},{"type":"Feature","id":"POLE-00077","geometry":{"type":"Point","coordinates":[-80.6004703,43.2990005]},"properties":{"kind":"pole","edgeId":"electric-E13","heightM":12.2}},{"type":"Feature","id":"POLE-00078","geometry":{"type":"Point","coordinates":[-80.6004696,43.2990276]},"properties":{"kind":"pole","edgeId":"electric-E14","heightM":12.2}},{"type":"Feature","id":"POLE-00079","geometry":{"type":"Point","coordinates":[-80.6004682,43.2990838]},"properties":{"kind":"pole","edgeId":"electric-E14","heightM":12.2}},{"type":"Feature","id":"POLE-00080","geometry":{"type":"Point","coordinates":[-80.6004668,43.29914]},"properties":{"kind":"pole","edgeId":"electric-E14","heightM":12.2}},{"type":"Feature","id":"POLE-00081","geometry":{"type":"Point","coordinates":[-80.6004664,43.2991603]},"properties":{"kind":"pole","edgeId":"electric-E14","heightM":12.2}},{"type":"Feature","id":"POLE-00082","geometry":{"type":"Point","coordinates":[-80.6004656,43.2991963]},"properties":{"kind":"pole","edgeId":"electric-E15","heightM":12.2}},{"type":"Feature","id":"POLE-00083","geometry":{"type":"Point","coordinates":[-80.6004645,43.2992524]},"properties":{"kind":"pole","edgeId":"electric-E15","heightM":12.2}},{"type":"Feature","id":"POLE-00084","geometry":{"type":"Point","coordinates":[-80.6004634,43.2993086]},"properties":{"kind":"pole","edgeId":"electric-E15","heightM":12.2}},{"type":"Feature","id":"POLE-00085","geometry":{"type":"Point","coordinates":[-80.6004624,43.2993649]},"properties":{"kind":"pole","edgeId":"electric-E15","heightM":12.2}},{"type":"Feature","id":"POLE-00086","geometry":{"type":"Point","coordinates":[-80.6004615,43.2994211]},"properties":{"kind":"pole","edgeId":"electric-E15","heightM":12.2}},{"type":"Feature","id":"POLE-00087","geometry":{"type":"Point","coordinates":[-80.6004607,43.2994773]},"properties":{"kind":"pole","edgeId":"electric-E15","heightM":12.2}},{"type":"Feature","id":"POLE-00088","geometry":{"type":"Point","coordinates":[-80.6004599,43.2995335]},"properties":{"kind":"pole","edgeId":"electric-E15","heightM":12.2}},{"type":"Feature","id":"POLE-00089","geometry":{"type":"Point","coordinates":[-80.6004592,43.2995897]},"properties":{"kind":"pole","edgeId":"electric-E15","heightM":12.2}},{"type":"Feature","id":"POLE-00090","geometry":{"type":"Point","coordinates":[-80.6004589,43.2996104]},"properties":{"kind":"pole","edgeId":"electric-E15","heightM":12.2}},{"type":"Feature","id":"POLE-00091","geometry":{"type":"Point","coordinates":[-80.6005637,43.2995499]},"properties":{"kind":"pole","edgeId":"electric-E16","heightM":12.2}},{"type":"Feature","id":"POLE-00092","geometry":{"type":"Point","coordinates":[-80.600641,43.2995504]},"properties":{"kind":"pole","edgeId":"electric-E16","heightM":12.2}},{"type":"Feature","id":"POLE-00093","geometry":{"type":"Point","coordinates":[-80.6007182,43.2995509]},"properties":{"kind":"pole","edgeId":"electric-E16","heightM":12.2}},{"type":"Feature","id":"POLE-00094","geometry":{"type":"Point","coordinates":[-80.6007954,43.2995515]},"properties":{"kind":"pole","edgeId":"electric-E16","heightM":12.2}},{"type":"Feature","id":"POLE-00095","geometry":{"type":"Point","coordinates":[-80.6009498,43.2995527]},"properties":{"kind":"pole","edgeId":"electric-E16","heightM":12.2}},{"type":"Feature","id":"POLE-00096","geometry":{"type":"Point","coordinates":[-80.600975,43.299553]},"properties":{"kind":"pole","edgeId":"electric-E16","heightM":12.2}},{"type":"Feature","id":"POLE-00097","geometry":{"type":"Point","coordinates":[-80.6004586,43.2996459]},"properties":{"kind":"pole","edgeId":"electric-E17","heightM":12.2}},{"type":"Feature","id":"POLE-00098","geometry":{"type":"Point","coordinates":[-80.6004581,43.2997021]},"properties":{"kind":"pole","edgeId":"electric-E17","heightM":12.2}},{"type":"Feature","id":"POLE-00099","geometry":{"type":"Point","coordinates":[-80.6004577,43.2997583]},"properties":{"kind":"pole","edgeId":"electric-E17","heightM":12.2}},{"type":"Feature","id":"POLE-00100","geometry":{"type":"Point","coordinates":[-80.6004573,43.2998145]},"properties":{"kind":"pole","edgeId":"electric-E17","heightM":12.2}},{"type":"Feature","id":"POLE-00101","geometry":{"type":"Point","coordinates":[-80.6004571,43.2998708]},"properties":{"kind":"pole","edgeId":"electric-E17","heightM":12.2}},{"type":"Feature","id":"POLE-00102","geometry":{"type":"Point","coordinates":[-80.6004569,43.299927]},"properties":{"kind":"pole","edgeId":"electric-E17","heightM":12.2}},{"type":"Feature","id":"POLE-00103","geometry":{"type":"Point","coordinates":[-80.6004569,43.2999437]},"properties":{"kind":"pole","edgeId":"electric-E17","heightM":12.2}},{"type":"Feature","id":"POLE-00104","geometry":{"type":"Point","coordinates":[-80.6010271,43.2995535]},"properties":{"kind":"pole","edgeId":"electric-E18","heightM":12.2}},{"type":"Feature","id":"POLE-00105","geometry":{"type":"Point","coordinates":[-80.6011043,43.2995543]},"properties":{"kind":"pole","edgeId":"electric-E18","heightM":12.2}},{"type":"Feature","id":"POLE-00106","geometry":{"type":"Point","coordinates":[-80.6011815,43.2995551]},"properties":{"kind":"pole","edgeId":"electric-E18","heightM":12.2}},{"type":"Feature","id":"POLE-00107","geometry":{"type":"Point","coordinates":[-80.6012588,43.299556]},"properties":{"kind":"pole","edgeId":"electric-E18","heightM":12.2}},{"type":"Feature","id":"POLE-00108","geometry":{"type":"Point","coordinates":[-80.601336,43.2995569]},"properties":{"kind":"pole","edgeId":"electric-E18","heightM":12.2}},{"type":"Feature","id":"POLE-00109","geometry":{"type":"Point","coordinates":[-80.6014904,43.2995588]},"properties":{"kind":"pole","edgeId":"electric-E18","heightM":12.2}},{"type":"Feature","id":"POLE-00110","geometry":{"type":"Point","coordinates":[-80.601575,43.29956]},"properties":{"kind":"pole","edgeId":"electric-E18","heightM":12.2}},{"type":"Feature","id":"POLE-00111","geometry":{"type":"Point","coordinates":[-80.6016234,43.299567]},"properties":{"kind":"pole","edgeId":"electric-E18","heightM":12.2}},{"type":"Feature","id":"POLE-00112","geometry":{"type":"Point","coordinates":[-80.6004568,43.2999831]},"properties":{"kind":"pole","edgeId":"electric-E19","heightM":12.2}},{"type":"Feature","id":"POLE-00113","geometry":{"type":"Point","coordinates":[-80.6004567,43.3000393]},"properties":{"kind":"pole","edgeId":"electric-E19","heightM":12.2}},{"type":"Feature","id":"POLE-00114","geometry":{"type":"Point","coordinates":[-80.6004567,43.3001195]},"properties":{"kind":"pole","edgeId":"electric-E19","heightM":12.2}},{"type":"Feature","id":"POLE-00115","geometry":{"type":"Point","coordinates":[-80.6016363,43.2995609]},"properties":{"kind":"pole","edgeId":"electric-E20","heightM":12.2}},{"type":"Feature","id":"POLE-00116","geometry":{"type":"Point","coordinates":[-80.601722,43.2995622]},"properties":{"kind":"pole","edgeId":"electric-E20","heightM":12.2}},{"type":"Feature","id":"POLE-00117","geometry":{"type":"Point","coordinates":[-80.6017992,43.2995633]},"properties":{"kind":"pole","edgeId":"electric-E20","heightM":12.2}},{"type":"Feature","id":"POLE-00118","geometry":{"type":"Point","coordinates":[-80.6018765,43.2995645]},"properties":{"kind":"pole","edgeId":"electric-E20","heightM":12.2}},{"type":"Feature","id":"POLE-00119","geometry":{"type":"Point","coordinates":[-80.6019537,43.2995659]},"properties":{"kind":"pole","edgeId":"electric-E20","heightM":12.2}},{"type":"Feature","id":"POLE-00120","geometry":{"type":"Point","coordinates":[-80.6020308,43.2995671]},"properties":{"kind":"pole","edgeId":"electric-E20","heightM":12.2}},{"type":"Feature","id":"POLE-00121","geometry":{"type":"Point","coordinates":[-80.6021081,43.2995685]},"properties":{"kind":"pole","edgeId":"electric-E20","heightM":12.2}},{"type":"Feature","id":"POLE-00122","geometry":{"type":"Point","coordinates":[-80.6021853,43.2995699]},"properties":{"kind":"pole","edgeId":"electric-E20","heightM":12.2}},{"type":"Feature","id":"POLE-00123","geometry":{"type":"Point","coordinates":[-80.6022625,43.2995713]},"properties":{"kind":"pole","edgeId":"electric-E20","heightM":12.2}},{"type":"Feature","id":"POLE-00124","geometry":{"type":"Point","coordinates":[-80.6023397,43.2995728]},"properties":{"kind":"pole","edgeId":"electric-E20","heightM":12.2}},{"type":"Feature","id":"POLE-00125","geometry":{"type":"Point","coordinates":[-80.6024169,43.2995743]},"properties":{"kind":"pole","edgeId":"electric-E20","heightM":12.2}},{"type":"Feature","id":"POLE-00126","geometry":{"type":"Point","coordinates":[-80.6024876,43.2995757]},"properties":{"kind":"pole","edgeId":"electric-E20","heightM":12.2}},{"type":"Feature","id":"POLE-00127","geometry":{"type":"Point","coordinates":[-80.6025294,43.2995719]},"properties":{"kind":"pole","edgeId":"electric-E20","heightM":12.2}},{"type":"Feature","id":"POLE-00128","geometry":{"type":"Point","coordinates":[-80.6014967,43.2994697]},"properties":{"kind":"pole","edgeId":"electric-E21","heightM":12.2}},{"type":"Feature","id":"POLE-00129","geometry":{"type":"Point","coordinates":[-80.6015194,43.2996348]},"properties":{"kind":"pole","edgeId":"electric-E22","heightM":12.2}},{"type":"Feature","id":"POLE-00130","geometry":{"type":"Point","coordinates":[-80.6015023,43.2998177]},"properties":{"kind":"pole","edgeId":"electric-E22","heightM":12.2}},{"type":"Feature","id":"POLE-00131","geometry":{"type":"Point","coordinates":[-80.6014802,43.2999962]},"properties":{"kind":"pole","edgeId":"electric-E22","heightM":12.2}},{"type":"Feature","id":"POLE-00132","geometry":{"type":"Point","coordinates":[-80.6014624,43.3001172]},"properties":{"kind":"pole","edgeId":"electric-E22","heightM":12.2}},{"type":"Feature","id":"POLE-00133","geometry":{"type":"Point","coordinates":[-80.6004567,43.3002639]},"properties":{"kind":"pole","edgeId":"electric-E23","heightM":12.2}},{"type":"Feature","id":"POLE-00134","geometry":{"type":"Point","coordinates":[-80.6004566,43.30032]},"properties":{"kind":"pole","edgeId":"electric-E23","heightM":12.2}},{"type":"Feature","id":"POLE-00135","geometry":{"type":"Point","coordinates":[-80.6004566,43.3004463]},"properties":{"kind":"pole","edgeId":"electric-E23","heightM":12.2}},{"type":"Feature","id":"POLE-00136","geometry":{"type":"Point","coordinates":[-80.6025818,43.2995777]},"properties":{"kind":"pole","edgeId":"electric-E24","heightM":12.2}},{"type":"Feature","id":"POLE-00137","geometry":{"type":"Point","coordinates":[-80.6027343,43.2995809]},"properties":{"kind":"pole","edgeId":"electric-E24","heightM":12.2}},{"type":"Feature","id":"POLE-00138","geometry":{"type":"Point","coordinates":[-80.6027777,43.2995885]},"properties":{"kind":"pole","edgeId":"electric-E24","heightM":12.2}},{"type":"Feature","id":"POLE-00139","geometry":{"type":"Point","coordinates":[-80.6024549,43.2996356]},"properties":{"kind":"pole","edgeId":"electric-E25","heightM":12.2}},{"type":"Feature","id":"POLE-00140","geometry":{"type":"Point","coordinates":[-80.6024244,43.299815]},"properties":{"kind":"pole","edgeId":"electric-E25","heightM":12.2}},{"type":"Feature","id":"POLE-00141","geometry":{"type":"Point","coordinates":[-80.6023938,43.2999949]},"properties":{"kind":"pole","edgeId":"electric-E25","heightM":12.2}},{"type":"Feature","id":"POLE-00142","geometry":{"type":"Point","coordinates":[-80.6023767,43.300102]},"properties":{"kind":"pole","edgeId":"electric-E25","heightM":12.2}},{"type":"Feature","id":"POLE-00143","geometry":{"type":"Point","coordinates":[-80.6014939,43.2994527]},"properties":{"kind":"pole","edgeId":"electric-E26","heightM":12.2}},{"type":"Feature","id":"POLE-00144","geometry":{"type":"Point","coordinates":[-80.6014709,43.2992712]},"properties":{"kind":"pole","edgeId":"electric-E26","heightM":12.2}},{"type":"Feature","id":"POLE-00145","geometry":{"type":"Point","coordinates":[-80.6014562,43.2990894]},"properties":{"kind":"pole","edgeId":"electric-E26","heightM":12.2}},{"type":"Feature","id":"POLE-00146","geometry":{"type":"Point","coordinates":[-80.6014544,43.2990287]},"properties":{"kind":"pole","edgeId":"electric-E26","heightM":12.2}},{"type":"Feature","id":"POLE-00147","geometry":{"type":"Point","coordinates":[-80.601454,43.300175]},"properties":{"kind":"pole","edgeId":"electric-E27","heightM":12.2}},{"type":"Feature","id":"POLE-00148","geometry":{"type":"Point","coordinates":[-80.6014247,43.3003541]},"properties":{"kind":"pole","edgeId":"electric-E27","heightM":12.2}},{"type":"Feature","id":"POLE-00149","geometry":{"type":"Point","coordinates":[-80.6013941,43.3005337]},"properties":{"kind":"pole","edgeId":"electric-E27","heightM":12.2}},{"type":"Feature","id":"POLE-00150","geometry":{"type":"Point","coordinates":[-80.601379,43.3006226]},"properties":{"kind":"pole","edgeId":"electric-E27","heightM":12.2}},{"type":"Feature","id":"POLE-00151","geometry":{"type":"Point","coordinates":[-80.6004566,43.3004885]},"properties":{"kind":"pole","edgeId":"electric-E28","heightM":12.2}},{"type":"Feature","id":"POLE-00152","geometry":{"type":"Point","coordinates":[-80.6004565,43.3005446]},"properties":{"kind":"pole","edgeId":"electric-E28","heightM":12.2}},{"type":"Feature","id":"POLE-00153","geometry":{"type":"Point","coordinates":[-80.6004565,43.3006125]},"properties":{"kind":"pole","edgeId":"electric-E28","heightM":12.2}},{"type":"Feature","id":"POLE-00154","geometry":{"type":"Point","coordinates":[-80.6027956,43.2995822]},"properties":{"kind":"pole","edgeId":"electric-E29","heightM":12.2}},{"type":"Feature","id":"POLE-00155","geometry":{"type":"Point","coordinates":[-80.6029572,43.2995858]},"properties":{"kind":"pole","edgeId":"electric-E29","heightM":12.2}},{"type":"Feature","id":"POLE-00156","geometry":{"type":"Point","coordinates":[-80.6031116,43.2995894]},"properties":{"kind":"pole","edgeId":"electric-E29","heightM":12.2}},{"type":"Feature","id":"POLE-00157","geometry":{"type":"Point","coordinates":[-80.6031888,43.2995912]},"properties":{"kind":"pole","edgeId":"electric-E29","heightM":12.2}},{"type":"Feature","id":"POLE-00158","geometry":{"type":"Point","coordinates":[-80.6034113,43.2995967]},"properties":{"kind":"pole","edgeId":"electric-E29","heightM":12.2}},{"type":"Feature","id":"POLE-00159","geometry":{"type":"Point","coordinates":[-80.6034362,43.2995933]},"properties":{"kind":"pole","edgeId":"electric-E29","heightM":12.2}},{"type":"Feature","id":"POLE-00160","geometry":{"type":"Point","coordinates":[-80.6028373,43.2996176]},"properties":{"kind":"pole","edgeId":"electric-E30","heightM":12.2}},{"type":"Feature","id":"POLE-00161","geometry":{"type":"Point","coordinates":[-80.6028013,43.2994374]},"properties":{"kind":"pole","edgeId":"electric-E30","heightM":12.2}},{"type":"Feature","id":"POLE-00162","geometry":{"type":"Point","coordinates":[-80.6027642,43.2992577]},"properties":{"kind":"pole","edgeId":"electric-E30","heightM":12.2}},{"type":"Feature","id":"POLE-00163","geometry":{"type":"Point","coordinates":[-80.602755,43.2992113]},"properties":{"kind":"pole","edgeId":"electric-E30","heightM":12.2}},{"type":"Feature","id":"POLE-00164","geometry":{"type":"Point","coordinates":[-80.602365,43.3001751]},"properties":{"kind":"pole","edgeId":"electric-E31","heightM":12.2}},{"type":"Feature","id":"POLE-00165","geometry":{"type":"Point","coordinates":[-80.6023393,43.3003558]},"properties":{"kind":"pole","edgeId":"electric-E31","heightM":12.2}},{"type":"Feature","id":"POLE-00166","geometry":{"type":"Point","coordinates":[-80.6023183,43.3005367]},"properties":{"kind":"pole","edgeId":"electric-E31","heightM":12.2}},{"type":"Feature","id":"POLE-00167","geometry":{"type":"Point","coordinates":[-80.6023143,43.3005842]},"properties":{"kind":"pole","edgeId":"electric-E31","heightM":12.2}},{"type":"Feature","id":"POLE-00168","geometry":{"type":"Point","coordinates":[-80.6014507,43.2989074]},"properties":{"kind":"pole","edgeId":"electric-E32","heightM":12.2}},{"type":"Feature","id":"POLE-00169","geometry":{"type":"Point","coordinates":[-80.6014549,43.2987255]},"properties":{"kind":"pole","edgeId":"electric-E32","heightM":12.2}},{"type":"Feature","id":"POLE-00170","geometry":{"type":"Point","coordinates":[-80.6014686,43.2985436]},"properties":{"kind":"pole","edgeId":"electric-E32","heightM":12.2}},{"type":"Feature","id":"POLE-00171","geometry":{"type":"Point","coordinates":[-80.6014906,43.2983621]},"properties":{"kind":"pole","edgeId":"electric-E32","heightM":12.2}},{"type":"Feature","id":"POLE-00172","geometry":{"type":"Point","coordinates":[-80.6014977,43.2983181]},"properties":{"kind":"pole","edgeId":"electric-E32","heightM":12.2}},{"type":"Feature","id":"POLE-00173","geometry":{"type":"Point","coordinates":[-80.6013637,43.3007136]},"properties":{"kind":"pole","edgeId":"electric-E33","heightM":12.2}},{"type":"Feature","id":"POLE-00174","geometry":{"type":"Point","coordinates":[-80.601335,43.3008939]},"properties":{"kind":"pole","edgeId":"electric-E33","heightM":12.2}},{"type":"Feature","id":"POLE-00175","geometry":{"type":"Point","coordinates":[-80.6013097,43.3010745]},"properties":{"kind":"pole","edgeId":"electric-E33","heightM":12.2}},{"type":"Feature","id":"POLE-00176","geometry":{"type":"Point","coordinates":[-80.6013039,43.3011255]},"properties":{"kind":"pole","edgeId":"electric-E33","heightM":12.2}},{"type":"Feature","id":"POLE-00177","geometry":{"type":"Point","coordinates":[-80.6004565,43.300713]},"properties":{"kind":"pole","edgeId":"electric-E34","heightM":12.2}},{"type":"Feature","id":"POLE-00178","geometry":{"type":"Point","coordinates":[-80.6004563,43.3007692]},"properties":{"kind":"pole","edgeId":"electric-E34","heightM":12.2}},{"type":"Feature","id":"POLE-00179","geometry":{"type":"Point","coordinates":[-80.6004563,43.3008815]},"properties":{"kind":"pole","edgeId":"electric-E34","heightM":12.2}},{"type":"Feature","id":"POLE-00180","geometry":{"type":"Point","coordinates":[-80.6004562,43.3009376]},"properties":{"kind":"pole","edgeId":"electric-E34","heightM":12.2}},{"type":"Feature","id":"POLE-00181","geometry":{"type":"Point","coordinates":[-80.6004562,43.3009525]},"properties":{"kind":"pole","edgeId":"electric-E34","heightM":12.2}},{"type":"Feature","id":"POLE-00182","geometry":{"type":"Point","coordinates":[-80.6035046,43.299599]},"properties":{"kind":"pole","edgeId":"electric-E35","heightM":12.2}},{"type":"Feature","id":"POLE-00183","geometry":{"type":"Point","coordinates":[-80.6037291,43.2996048]},"properties":{"kind":"pole","edgeId":"electric-E35","heightM":12.2}},{"type":"Feature","id":"POLE-00184","geometry":{"type":"Point","coordinates":[-80.6038115,43.299607]},"properties":{"kind":"pole","edgeId":"electric-E35","heightM":12.2}},{"type":"Feature","id":"POLE-00185","geometry":{"type":"Point","coordinates":[-80.603876,43.2996146]},"properties":{"kind":"pole","edgeId":"electric-E35","heightM":12.2}},{"type":"Feature","id":"POLE-00186","geometry":{"type":"Point","coordinates":[-80.6027287,43.2990787]},"properties":{"kind":"pole","edgeId":"electric-E37","heightM":12.2}},{"type":"Feature","id":"POLE-00187","geometry":{"type":"Point","coordinates":[-80.6026968,43.2989001]},"properties":{"kind":"pole","edgeId":"electric-E37","heightM":12.2}},{"type":"Feature","id":"POLE-00188","geometry":{"type":"Point","coordinates":[-80.6026709,43.2987221]},"properties":{"kind":"pole","edgeId":"electric-E37","heightM":12.2}},{"type":"Feature","id":"POLE-00189","geometry":{"type":"Point","coordinates":[-80.6026669,43.2986842]},"properties":{"kind":"pole","edgeId":"electric-E37","heightM":12.2}},{"type":"Feature","id":"POLE-00190","geometry":{"type":"Point","coordinates":[-80.602303,43.3007178]},"properties":{"kind":"pole","edgeId":"electric-E38","heightM":12.2}},{"type":"Feature","id":"POLE-00191","geometry":{"type":"Point","coordinates":[-80.6022941,43.3008992]},"properties":{"kind":"pole","edgeId":"electric-E38","heightM":12.2}},{"type":"Feature","id":"POLE-00192","geometry":{"type":"Point","coordinates":[-80.6022925,43.301064]},"properties":{"kind":"pole","edgeId":"electric-E38","heightM":12.2}},{"type":"Feature","id":"POLE-00193","geometry":{"type":"Point","coordinates":[-80.6015196,43.298181]},"properties":{"kind":"pole","edgeId":"electric-E39","heightM":12.2}},{"type":"Feature","id":"POLE-00194","geometry":{"type":"Point","coordinates":[-80.6015536,43.2980004]},"properties":{"kind":"pole","edgeId":"electric-E39","heightM":12.2}},{"type":"Feature","id":"POLE-00195","geometry":{"type":"Point","coordinates":[-80.6015776,43.2978824]},"properties":{"kind":"pole","edgeId":"electric-E39","heightM":12.2}},{"type":"Feature","id":"POLE-00196","geometry":{"type":"Point","coordinates":[-80.6012891,43.3012555]},"properties":{"kind":"pole","edgeId":"electric-E40","heightM":12.2}},{"type":"Feature","id":"POLE-00197","geometry":{"type":"Point","coordinates":[-80.6012743,43.3014366]},"properties":{"kind":"pole","edgeId":"electric-E40","heightM":12.2}},{"type":"Feature","id":"POLE-00198","geometry":{"type":"Point","coordinates":[-80.6012661,43.301618]},"properties":{"kind":"pole","edgeId":"electric-E40","heightM":12.2}},{"type":"Feature","id":"POLE-00199","geometry":{"type":"Point","coordinates":[-80.6012659,43.3016391]},"properties":{"kind":"pole","edgeId":"electric-E40","heightM":12.2}},{"type":"Feature","id":"POLE-00200","geometry":{"type":"Point","coordinates":[-80.6004562,43.3010499]},"properties":{"kind":"pole","edgeId":"electric-E41","heightM":12.2}},{"type":"Feature","id":"POLE-00201","geometry":{"type":"Point","coordinates":[-80.6004561,43.301106]},"properties":{"kind":"pole","edgeId":"electric-E41","heightM":12.2}},{"type":"Feature","id":"POLE-00202","geometry":{"type":"Point","coordinates":[-80.6004561,43.3011246]},"properties":{"kind":"pole","edgeId":"electric-E41","heightM":12.2}},{"type":"Feature","id":"POLE-00203","geometry":{"type":"Point","coordinates":[-80.6038664,43.2996085]},"properties":{"kind":"pole","edgeId":"electric-E42","heightM":12.2}},{"type":"Feature","id":"POLE-00204","geometry":{"type":"Point","coordinates":[-80.6039606,43.299611]},"properties":{"kind":"pole","edgeId":"electric-E42","heightM":12.2}},{"type":"Feature","id":"POLE-00205","geometry":{"type":"Point","coordinates":[-80.6040378,43.2996131]},"properties":{"kind":"pole","edgeId":"electric-E42","heightM":12.2}},{"type":"Feature","id":"POLE-00206","geometry":{"type":"Point","coordinates":[-80.6041922,43.2996174]},"properties":{"kind":"pole","edgeId":"electric-E42","heightM":12.2}},{"type":"Feature","id":"POLE-00207","geometry":{"type":"Point","coordinates":[-80.6042693,43.2996195]},"properties":{"kind":"pole","edgeId":"electric-E42","heightM":12.2}},{"type":"Feature","id":"POLE-00208","geometry":{"type":"Point","coordinates":[-80.6044237,43.2996238]},"properties":{"kind":"pole","edgeId":"electric-E42","heightM":12.2}},{"type":"Feature","id":"POLE-00209","geometry":{"type":"Point","coordinates":[-80.6044359,43.2996242]},"properties":{"kind":"pole","edgeId":"electric-E42","heightM":12.2}},{"type":"Feature","id":"POLE-00210","geometry":{"type":"Point","coordinates":[-80.6026524,43.2985444]},"properties":{"kind":"pole","edgeId":"electric-E45","heightM":12.2}},{"type":"Feature","id":"POLE-00211","geometry":{"type":"Point","coordinates":[-80.6026427,43.298367]},"properties":{"kind":"pole","edgeId":"electric-E45","heightM":12.2}},{"type":"Feature","id":"POLE-00212","geometry":{"type":"Point","coordinates":[-80.6026425,43.2982533]},"properties":{"kind":"pole","edgeId":"electric-E45","heightM":12.2}},{"type":"Feature","id":"POLE-00213","geometry":{"type":"Point","coordinates":[-80.6022924,43.3010806]},"properties":{"kind":"pole","edgeId":"electric-E46","heightM":12.2}},{"type":"Feature","id":"POLE-00214","geometry":{"type":"Point","coordinates":[-80.6022977,43.3012619]},"properties":{"kind":"pole","edgeId":"electric-E46","heightM":12.2}},{"type":"Feature","id":"POLE-00215","geometry":{"type":"Point","coordinates":[-80.6023098,43.3014432]},"properties":{"kind":"pole","edgeId":"electric-E46","heightM":12.2}},{"type":"Feature","id":"POLE-00216","geometry":{"type":"Point","coordinates":[-80.6023207,43.3015508]},"properties":{"kind":"pole","edgeId":"electric-E46","heightM":12.2}},{"type":"Feature","id":"POLE-00217","geometry":{"type":"Point","coordinates":[-80.6018955,43.2978303]},"properties":{"kind":"pole","edgeId":"electric-E47","heightM":12.2}},{"type":"Feature","id":"POLE-00218","geometry":{"type":"Point","coordinates":[-80.6012648,43.3017994]},"properties":{"kind":"pole","edgeId":"electric-E49","heightM":12.2}},{"type":"Feature","id":"POLE-00219","geometry":{"type":"Point","coordinates":[-80.6012708,43.3019807]},"properties":{"kind":"pole","edgeId":"electric-E49","heightM":12.2}},{"type":"Feature","id":"POLE-00220","geometry":{"type":"Point","coordinates":[-80.6012822,43.3021447]},"properties":{"kind":"pole","edgeId":"electric-E49","heightM":12.2}},{"type":"Feature","id":"POLE-00221","geometry":{"type":"Point","coordinates":[-80.6004561,43.3012183]},"properties":{"kind":"pole","edgeId":"electric-E50","heightM":12.2}},{"type":"Feature","id":"POLE-00222","geometry":{"type":"Point","coordinates":[-80.600456,43.3012745]},"properties":{"kind":"pole","edgeId":"electric-E50","heightM":12.2}},{"type":"Feature","id":"POLE-00223","geometry":{"type":"Point","coordinates":[-80.600456,43.3014537]},"properties":{"kind":"pole","edgeId":"electric-E50","heightM":12.2}},{"type":"Feature","id":"POLE-00224","geometry":{"type":"Point","coordinates":[-80.6045008,43.2996261]},"properties":{"kind":"pole","edgeId":"electric-E51","heightM":12.2}},{"type":"Feature","id":"POLE-00225","geometry":{"type":"Point","coordinates":[-80.604578,43.2996282]},"properties":{"kind":"pole","edgeId":"electric-E51","heightM":12.2}},{"type":"Feature","id":"POLE-00226","geometry":{"type":"Point","coordinates":[-80.6048094,43.299635]},"properties":{"kind":"pole","edgeId":"electric-E51","heightM":12.2}},{"type":"Feature","id":"POLE-00227","geometry":{"type":"Point","coordinates":[-80.6048571,43.2996363]},"properties":{"kind":"pole","edgeId":"electric-E51","heightM":12.2}},{"type":"Feature","id":"POLE-00228","geometry":{"type":"Point","coordinates":[-80.6026423,43.2981897]},"properties":{"kind":"pole","edgeId":"electric-E55","heightM":12.2}},{"type":"Feature","id":"POLE-00229","geometry":{"type":"Point","coordinates":[-80.6026513,43.2980136]},"properties":{"kind":"pole","edgeId":"electric-E55","heightM":12.2}},{"type":"Feature","id":"POLE-00230","geometry":{"type":"Point","coordinates":[-80.6026692,43.2978983]},"properties":{"kind":"pole","edgeId":"electric-E55","heightM":12.2}},{"type":"Feature","id":"POLE-00231","geometry":{"type":"Point","coordinates":[-80.6023281,43.3016242]},"properties":{"kind":"pole","edgeId":"electric-E56","heightM":12.2}},{"type":"Feature","id":"POLE-00232","geometry":{"type":"Point","coordinates":[-80.6023516,43.301805]},"properties":{"kind":"pole","edgeId":"electric-E56","heightM":12.2}},{"type":"Feature","id":"POLE-00233","geometry":{"type":"Point","coordinates":[-80.6023676,43.3019103]},"properties":{"kind":"pole","edgeId":"electric-E56","heightM":12.2}},{"type":"Feature","id":"POLE-00234","geometry":{"type":"Point","coordinates":[-80.6021308,43.2978303]},"properties":{"kind":"pole","edgeId":"electric-E57","heightM":12.2}},{"type":"Feature","id":"POLE-00235","geometry":{"type":"Point","coordinates":[-80.6012834,43.3021619]},"properties":{"kind":"pole","edgeId":"electric-E59","heightM":12.2}},{"type":"Feature","id":"POLE-00236","geometry":{"type":"Point","coordinates":[-80.6013021,43.302343]},"properties":{"kind":"pole","edgeId":"electric-E59","heightM":12.2}},{"type":"Feature","id":"POLE-00237","geometry":{"type":"Point","coordinates":[-80.6013174,43.3024585]},"properties":{"kind":"pole","edgeId":"electric-E59","heightM":12.2}},{"type":"Feature","id":"POLE-00238","geometry":{"type":"Point","coordinates":[-80.600456,43.3014991]},"properties":{"kind":"pole","edgeId":"electric-E60","heightM":12.2}},{"type":"Feature","id":"POLE-00239","geometry":{"type":"Point","coordinates":[-80.6004558,43.3015552]},"properties":{"kind":"pole","edgeId":"electric-E60","heightM":12.2}},{"type":"Feature","id":"POLE-00240","geometry":{"type":"Point","coordinates":[-80.6004558,43.3016304]},"properties":{"kind":"pole","edgeId":"electric-E60","heightM":12.2}},{"type":"Feature","id":"POLE-00241","geometry":{"type":"Point","coordinates":[-80.6026695,43.2978324]},"properties":{"kind":"pole","edgeId":"electric-E67","heightM":12.2}},{"type":"Feature","id":"POLE-00242","geometry":{"type":"Point","coordinates":[-80.6026806,43.2977545]},"properties":{"kind":"pole","edgeId":"electric-E67","heightM":12.2}},{"type":"Feature","id":"POLE-00243","geometry":{"type":"Point","coordinates":[-80.6023657,43.2978303]},"properties":{"kind":"pole","edgeId":"electric-E68","heightM":12.2}},{"type":"Feature","id":"POLE-00244","geometry":{"type":"Point","coordinates":[-80.602379,43.3019855]},"properties":{"kind":"pole","edgeId":"electric-E69","heightM":12.2}},{"type":"Feature","id":"POLE-00245","geometry":{"type":"Point","coordinates":[-80.6023917,43.3020618]},"properties":{"kind":"pole","edgeId":"electric-E69","heightM":12.2}},{"type":"Feature","id":"POLE-00246","geometry":{"type":"Point","coordinates":[-80.601326,43.3025237]},"properties":{"kind":"pole","edgeId":"electric-E70","heightM":12.2}},{"type":"Feature","id":"POLE-00247","geometry":{"type":"Point","coordinates":[-80.6013538,43.3027042]},"properties":{"kind":"pole","edgeId":"electric-E70","heightM":12.2}},{"type":"Feature","id":"POLE-00248","geometry":{"type":"Point","coordinates":[-80.6013693,43.3027975]},"properties":{"kind":"pole","edgeId":"electric-E70","heightM":12.2}},{"type":"Feature","id":"POLE-00249","geometry":{"type":"Point","coordinates":[-80.6004558,43.3019552]},"properties":{"kind":"pole","edgeId":"electric-E71","heightM":12.2}},{"type":"Feature","id":"POLE-00250","geometry":{"type":"Point","coordinates":[-80.6023536,43.2978303]},"properties":{"kind":"pole","edgeId":"electric-E79","heightM":12.2}},{"type":"Feature","id":"POLE-00251","geometry":{"type":"Point","coordinates":[-80.6024089,43.3021655]},"properties":{"kind":"pole","edgeId":"electric-E80","heightM":12.2}},{"type":"Feature","id":"POLE-00252","geometry":{"type":"Point","coordinates":[-80.6024109,43.3021771]},"properties":{"kind":"pole","edgeId":"electric-E80","heightM":12.2}},{"type":"Feature","id":"POLE-00253","geometry":{"type":"Point","coordinates":[-80.6004558,43.3020045]},"properties":{"kind":"pole","edgeId":"electric-E81","heightM":12.2}},{"type":"Feature","id":"POLE-00254","geometry":{"type":"Point","coordinates":[-80.600456,43.3020606]},"properties":{"kind":"pole","edgeId":"electric-E81","heightM":12.2}},{"type":"Feature","id":"POLE-00255","geometry":{"type":"Point","coordinates":[-80.600456,43.3021323]},"properties":{"kind":"pole","edgeId":"electric-E81","heightM":12.2}},{"type":"Feature","id":"POLE-00256","geometry":{"type":"Point","coordinates":[-80.6024397,43.3023452]},"properties":{"kind":"pole","edgeId":"electric-E85","heightM":12.2}},{"type":"Feature","id":"POLE-00257","geometry":{"type":"Point","coordinates":[-80.6024697,43.3025245]},"properties":{"kind":"pole","edgeId":"electric-E85","heightM":12.2}},{"type":"Feature","id":"POLE-00258","geometry":{"type":"Point","coordinates":[-80.6024785,43.3025814]},"properties":{"kind":"pole","edgeId":"electric-E85","heightM":12.2}},{"type":"Feature","id":"POLE-00259","geometry":{"type":"Point","coordinates":[-80.600456,43.3021729]},"properties":{"kind":"pole","edgeId":"electric-E86","heightM":12.2}},{"type":"Feature","id":"POLE-00260","geometry":{"type":"Point","coordinates":[-80.6004561,43.302229]},"properties":{"kind":"pole","edgeId":"electric-E86","heightM":12.2}},{"type":"Feature","id":"POLE-00261","geometry":{"type":"Point","coordinates":[-80.6004561,43.3022852]},"properties":{"kind":"pole","edgeId":"electric-E86","heightM":12.2}},{"type":"Feature","id":"POLE-00262","geometry":{"type":"Point","coordinates":[-80.6004562,43.3023413]},"properties":{"kind":"pole","edgeId":"electric-E86","heightM":12.2}},{"type":"Feature","id":"POLE-00263","geometry":{"type":"Point","coordinates":[-80.6004562,43.3023975]},"properties":{"kind":"pole","edgeId":"electric-E86","heightM":12.2}},{"type":"Feature","id":"POLE-00264","geometry":{"type":"Point","coordinates":[-80.6004563,43.3024537]},"properties":{"kind":"pole","edgeId":"electric-E86","heightM":12.2}},{"type":"Feature","id":"POLE-00265","geometry":{"type":"Point","coordinates":[-80.6004563,43.3024602]},"properties":{"kind":"pole","edgeId":"electric-E86","heightM":12.2}},{"type":"Feature","id":"POLE-00266","geometry":{"type":"Point","coordinates":[-80.6024974,43.3027035]},"properties":{"kind":"pole","edgeId":"electric-E89","heightM":12.2}},{"type":"Feature","id":"POLE-00267","geometry":{"type":"Point","coordinates":[-80.6025214,43.3028821]},"properties":{"kind":"pole","edgeId":"electric-E89","heightM":12.2}},{"type":"Feature","id":"POLE-00268","geometry":{"type":"Point","coordinates":[-80.6025401,43.3030573]},"properties":{"kind":"pole","edgeId":"electric-E89","heightM":12.2}},{"type":"Feature","id":"POLE-00269","geometry":{"type":"Point","coordinates":[-80.6004565,43.3025098]},"properties":{"kind":"pole","edgeId":"electric-E90","heightM":12.2}},{"type":"Feature","id":"POLE-00270","geometry":{"type":"Point","coordinates":[-80.6004565,43.3025659]},"properties":{"kind":"pole","edgeId":"electric-E90","heightM":12.2}},{"type":"Feature","id":"POLE-00271","geometry":{"type":"Point","coordinates":[-80.6004566,43.3026221]},"properties":{"kind":"pole","edgeId":"electric-E90","heightM":12.2}},{"type":"Feature","id":"POLE-00272","geometry":{"type":"Point","coordinates":[-80.6004566,43.302628]},"properties":{"kind":"pole","edgeId":"electric-E90","heightM":12.2}},{"type":"Feature","id":"POLE-00273","geometry":{"type":"Point","coordinates":[-80.6004567,43.3026782]},"properties":{"kind":"pole","edgeId":"electric-E93","heightM":12.2}},{"type":"Feature","id":"POLE-00274","geometry":{"type":"Point","coordinates":[-80.6004568,43.3027344]},"properties":{"kind":"pole","edgeId":"electric-E93","heightM":12.2}},{"type":"Feature","id":"POLE-00275","geometry":{"type":"Point","coordinates":[-80.6004571,43.3027906]},"properties":{"kind":"pole","edgeId":"electric-E93","heightM":12.2}},{"type":"Feature","id":"POLE-00276","geometry":{"type":"Point","coordinates":[-80.6004572,43.3028467]},"properties":{"kind":"pole","edgeId":"electric-E93","heightM":12.2}},{"type":"Feature","id":"POLE-00277","geometry":{"type":"Point","coordinates":[-80.6004573,43.3029028]},"properties":{"kind":"pole","edgeId":"electric-E93","heightM":12.2}},{"type":"Feature","id":"POLE-00278","geometry":{"type":"Point","coordinates":[-80.6004574,43.3029565]},"properties":{"kind":"pole","edgeId":"electric-E93","heightM":12.2}},{"type":"Feature","id":"POLE-00279","geometry":{"type":"Point","coordinates":[-80.6004574,43.302959]},"properties":{"kind":"pole","edgeId":"electric-E96","heightM":12.2}},{"type":"Feature","id":"POLE-00280","geometry":{"type":"Point","coordinates":[-80.6004577,43.3030152]},"properties":{"kind":"pole","edgeId":"electric-E96","heightM":12.2}},{"type":"Feature","id":"POLE-00281","geometry":{"type":"Point","coordinates":[-80.6004579,43.3030713]},"properties":{"kind":"pole","edgeId":"electric-E96","heightM":12.2}},{"type":"Feature","id":"POLE-00282","geometry":{"type":"Point","coordinates":[-80.6004581,43.3031274]},"properties":{"kind":"pole","edgeId":"electric-E96","heightM":12.2}},{"type":"Feature","id":"POLE-00283","geometry":{"type":"Point","coordinates":[-80.6004586,43.3032398]},"properties":{"kind":"pole","edgeId":"electric-E96","heightM":12.2}},{"type":"Feature","id":"POLE-00284","geometry":{"type":"Point","coordinates":[-80.6004588,43.3032959]},"properties":{"kind":"pole","edgeId":"electric-E96","heightM":12.2}},{"type":"Feature","id":"POLE-00285","geometry":{"type":"Point","coordinates":[-80.600459,43.3033521]},"properties":{"kind":"pole","edgeId":"electric-E96","heightM":12.2}},{"type":"Feature","id":"POLE-00286","geometry":{"type":"Point","coordinates":[-80.6004593,43.3034083]},"properties":{"kind":"pole","edgeId":"electric-E96","heightM":12.2}},{"type":"Feature","id":"POLE-00287","geometry":{"type":"Point","coordinates":[-80.6004597,43.3034644]},"properties":{"kind":"pole","edgeId":"electric-E96","heightM":12.2}},{"type":"Feature","id":"POLE-00288","geometry":{"type":"Point","coordinates":[-80.6004599,43.3035205]},"properties":{"kind":"pole","edgeId":"electric-E96","heightM":12.2}},{"type":"Feature","id":"POLE-00289","geometry":{"type":"Point","coordinates":[-80.6004603,43.3035767]},"properties":{"kind":"pole","edgeId":"electric-E96","heightM":12.2}},{"type":"Feature","id":"POLE-00290","geometry":{"type":"Point","coordinates":[-80.6004607,43.3036329]},"properties":{"kind":"pole","edgeId":"electric-E96","heightM":12.2}},{"type":"Feature","id":"POLE-00291","geometry":{"type":"Point","coordinates":[-80.6004625,43.3039137]},"properties":{"kind":"pole","edgeId":"electric-E96","heightM":12.2}},{"type":"Feature","id":"POLE-00292","geometry":{"type":"Point","coordinates":[-80.6004635,43.3040259]},"properties":{"kind":"pole","edgeId":"electric-E96","heightM":12.2}},{"type":"Feature","id":"POLE-00293","geometry":{"type":"Point","coordinates":[-80.6004639,43.3040821]},"properties":{"kind":"pole","edgeId":"electric-E96","heightM":12.2}},{"type":"Feature","id":"POLE-00294","geometry":{"type":"Point","coordinates":[-80.6004644,43.3041383]},"properties":{"kind":"pole","edgeId":"electric-E96","heightM":12.2}},{"type":"Feature","id":"POLE-00295","geometry":{"type":"Point","coordinates":[-80.600465,43.3041945]},"properties":{"kind":"pole","edgeId":"electric-E96","heightM":12.2}},{"type":"Feature","id":"POLE-00296","geometry":{"type":"Point","coordinates":[-80.600466,43.3043068]},"properties":{"kind":"pole","edgeId":"electric-E96","heightM":12.2}},{"type":"Feature","id":"POLE-00297","geometry":{"type":"Point","coordinates":[-80.6004666,43.304363]},"properties":{"kind":"pole","edgeId":"electric-E96","heightM":12.2}},{"type":"Feature","id":"POLE-00298","geometry":{"type":"Point","coordinates":[-80.6004672,43.3044191]},"properties":{"kind":"pole","edgeId":"electric-E96","heightM":12.2}},{"type":"Feature","id":"POLE-00299","geometry":{"type":"Point","coordinates":[-80.6004678,43.3044752]},"properties":{"kind":"pole","edgeId":"electric-E96","heightM":12.2}},{"type":"Feature","id":"POLE-00300","geometry":{"type":"Point","coordinates":[-80.600469,43.3045876]},"properties":{"kind":"pole","edgeId":"electric-E96","heightM":12.2}},{"type":"Feature","id":"POLE-00301","geometry":{"type":"Point","coordinates":[-80.6004404,43.2996103]},"properties":{"kind":"pole","edgeId":"electric-E119","heightM":12.2}},{"type":"Feature","id":"POLE-00302","geometry":{"type":"Point","coordinates":[-80.6004865,43.2995496]},"properties":{"kind":"pole","edgeId":"electric-E119","heightM":12.2}},{"type":"Feature","id":"POLE-00303","geometry":{"type":"Point","coordinates":[-80.6004093,43.2995492]},"properties":{"kind":"pole","edgeId":"electric-E119","heightM":12.2}},{"type":"Feature","id":"POLE-00304","geometry":{"type":"Point","coordinates":[-80.6003321,43.299549]},"properties":{"kind":"pole","edgeId":"electric-E119","heightM":12.2}},{"type":"Feature","id":"POLE-00305","geometry":{"type":"Point","coordinates":[-80.6002549,43.2995487]},"properties":{"kind":"pole","edgeId":"electric-E119","heightM":12.2}},{"type":"Feature","id":"POLE-00306","geometry":{"type":"Point","coordinates":[-80.6001776,43.2995485]},"properties":{"kind":"pole","edgeId":"electric-E119","heightM":12.2}},{"type":"Feature","id":"POLE-00307","geometry":{"type":"Point","coordinates":[-80.6001004,43.2995484]},"properties":{"kind":"pole","edgeId":"electric-E119","heightM":12.2}},{"type":"Feature","id":"POLE-00308","geometry":{"type":"Point","coordinates":[-80.6000231,43.2995483]},"properties":{"kind":"pole","edgeId":"electric-E119","heightM":12.2}},{"type":"Feature","id":"POLE-00309","geometry":{"type":"Point","coordinates":[-80.599946,43.2995483]},"properties":{"kind":"pole","edgeId":"electric-E119","heightM":12.2}},{"type":"Feature","id":"POLE-00310","geometry":{"type":"Point","coordinates":[-80.5998957,43.2995482]},"properties":{"kind":"pole","edgeId":"electric-E119","heightM":12.2}},{"type":"Feature","id":"POLE-00311","geometry":{"type":"Point","coordinates":[-80.5998689,43.2995482]},"properties":{"kind":"pole","edgeId":"electric-E120","heightM":12.2}},{"type":"Feature","id":"POLE-00312","geometry":{"type":"Point","coordinates":[-80.5997917,43.2995481]},"properties":{"kind":"pole","edgeId":"electric-E120","heightM":12.2}},{"type":"Feature","id":"POLE-00313","geometry":{"type":"Point","coordinates":[-80.5997146,43.2995481]},"properties":{"kind":"pole","edgeId":"electric-E120","heightM":12.2}},{"type":"Feature","id":"POLE-00314","geometry":{"type":"Point","coordinates":[-80.5996374,43.2995481]},"properties":{"kind":"pole","edgeId":"electric-E120","heightM":12.2}},{"type":"Feature","id":"POLE-00315","geometry":{"type":"Point","coordinates":[-80.5995519,43.2995481]},"properties":{"kind":"pole","edgeId":"electric-E120","heightM":12.2}},{"type":"Feature","id":"POLE-00316","geometry":{"type":"Point","coordinates":[-80.5998125,43.2996398]},"properties":{"kind":"pole","edgeId":"electric-E121","heightM":12.2}},{"type":"Feature","id":"POLE-00317","geometry":{"type":"Point","coordinates":[-80.599811,43.2998175]},"properties":{"kind":"pole","edgeId":"electric-E121","heightM":12.2}},{"type":"Feature","id":"POLE-00318","geometry":{"type":"Point","coordinates":[-80.5998016,43.2999953]},"properties":{"kind":"pole","edgeId":"electric-E121","heightM":12.2}},{"type":"Feature","id":"POLE-00319","geometry":{"type":"Point","coordinates":[-80.5997973,43.3000415]},"properties":{"kind":"pole","edgeId":"electric-E121","heightM":12.2}},{"type":"Feature","id":"POLE-00320","geometry":{"type":"Point","coordinates":[-80.5994832,43.299548]},"properties":{"kind":"pole","edgeId":"electric-E122","heightM":12.2}},{"type":"Feature","id":"POLE-00321","geometry":{"type":"Point","coordinates":[-80.5992518,43.2995477]},"properties":{"kind":"pole","edgeId":"electric-E122","heightM":12.2}},{"type":"Feature","id":"POLE-00322","geometry":{"type":"Point","coordinates":[-80.5991747,43.2995475]},"properties":{"kind":"pole","edgeId":"electric-E122","heightM":12.2}},{"type":"Feature","id":"POLE-00323","geometry":{"type":"Point","coordinates":[-80.5990975,43.2995474]},"properties":{"kind":"pole","edgeId":"electric-E122","heightM":12.2}},{"type":"Feature","id":"POLE-00324","geometry":{"type":"Point","coordinates":[-80.5990204,43.2995473]},"properties":{"kind":"pole","edgeId":"electric-E122","heightM":12.2}},{"type":"Feature","id":"POLE-00325","geometry":{"type":"Point","coordinates":[-80.5989432,43.2995472]},"properties":{"kind":"pole","edgeId":"electric-E122","heightM":12.2}},{"type":"Feature","id":"POLE-00326","geometry":{"type":"Point","coordinates":[-80.5988662,43.299547]},"properties":{"kind":"pole","edgeId":"electric-E122","heightM":12.2}},{"type":"Feature","id":"POLE-00327","geometry":{"type":"Point","coordinates":[-80.5987891,43.2995468]},"properties":{"kind":"pole","edgeId":"electric-E122","heightM":12.2}},{"type":"Feature","id":"POLE-00328","geometry":{"type":"Point","coordinates":[-80.5987639,43.2995467]},"properties":{"kind":"pole","edgeId":"electric-E122","heightM":12.2}},{"type":"Feature","id":"POLE-00329","geometry":{"type":"Point","coordinates":[-80.5997849,43.3001732]},"properties":{"kind":"pole","edgeId":"electric-E124","heightM":12.2}},{"type":"Feature","id":"POLE-00330","geometry":{"type":"Point","coordinates":[-80.5997749,43.3002487]},"properties":{"kind":"pole","edgeId":"electric-E124","heightM":12.2}},{"type":"Feature","id":"POLE-00331","geometry":{"type":"Point","coordinates":[-80.5987118,43.2995466]},"properties":{"kind":"pole","edgeId":"electric-E125","heightM":12.2}},{"type":"Feature","id":"POLE-00332","geometry":{"type":"Point","coordinates":[-80.5986347,43.2995464]},"properties":{"kind":"pole","edgeId":"electric-E125","heightM":12.2}},{"type":"Feature","id":"POLE-00333","geometry":{"type":"Point","coordinates":[-80.5985575,43.2995463]},"properties":{"kind":"pole","edgeId":"electric-E125","heightM":12.2}},{"type":"Feature","id":"POLE-00334","geometry":{"type":"Point","coordinates":[-80.5986863,43.2996471]},"properties":{"kind":"pole","edgeId":"electric-E126","heightM":12.2}},{"type":"Feature","id":"POLE-00335","geometry":{"type":"Point","coordinates":[-80.5987159,43.2998255]},"properties":{"kind":"pole","edgeId":"electric-E126","heightM":12.2}},{"type":"Feature","id":"POLE-00336","geometry":{"type":"Point","coordinates":[-80.5987275,43.2999118]},"properties":{"kind":"pole","edgeId":"electric-E126","heightM":12.2}},{"type":"Feature","id":"POLE-00337","geometry":{"type":"Point","coordinates":[-80.5997613,43.3003513]},"properties":{"kind":"pole","edgeId":"electric-E128","heightM":12.2}},{"type":"Feature","id":"POLE-00338","geometry":{"type":"Point","coordinates":[-80.5997533,43.3003996]},"properties":{"kind":"pole","edgeId":"electric-E128","heightM":12.2}},{"type":"Feature","id":"POLE-00339","geometry":{"type":"Point","coordinates":[-80.5986411,43.2995956]},"properties":{"kind":"pole","edgeId":"electric-E129","heightM":12.2}},{"type":"Feature","id":"POLE-00340","geometry":{"type":"Point","coordinates":[-80.5986459,43.2994146]},"properties":{"kind":"pole","edgeId":"electric-E129","heightM":12.2}},{"type":"Feature","id":"POLE-00341","geometry":{"type":"Point","coordinates":[-80.5986449,43.2992335]},"properties":{"kind":"pole","edgeId":"electric-E129","heightM":12.2}},{"type":"Feature","id":"POLE-00342","geometry":{"type":"Point","coordinates":[-80.5986402,43.2991067]},"properties":{"kind":"pole","edgeId":"electric-E129","heightM":12.2}},{"type":"Feature","id":"POLE-00343","geometry":{"type":"Point","coordinates":[-80.5984805,43.2995461]},"properties":{"kind":"pole","edgeId":"electric-E130","heightM":12.2}},{"type":"Feature","id":"POLE-00344","geometry":{"type":"Point","coordinates":[-80.5984034,43.2995458]},"properties":{"kind":"pole","edgeId":"electric-E130","heightM":12.2}},{"type":"Feature","id":"POLE-00345","geometry":{"type":"Point","coordinates":[-80.5983262,43.2995456]},"properties":{"kind":"pole","edgeId":"electric-E130","heightM":12.2}},{"type":"Feature","id":"POLE-00346","geometry":{"type":"Point","coordinates":[-80.5981719,43.2995451]},"properties":{"kind":"pole","edgeId":"electric-E130","heightM":12.2}},{"type":"Feature","id":"POLE-00347","geometry":{"type":"Point","coordinates":[-80.5980948,43.2995449]},"properties":{"kind":"pole","edgeId":"electric-E130","heightM":12.2}},{"type":"Feature","id":"POLE-00348","geometry":{"type":"Point","coordinates":[-80.5980177,43.2995446]},"properties":{"kind":"pole","edgeId":"electric-E130","heightM":12.2}},{"type":"Feature","id":"POLE-00349","geometry":{"type":"Point","coordinates":[-80.5979542,43.2995444]},"properties":{"kind":"pole","edgeId":"electric-E130","heightM":12.2}},{"type":"Feature","id":"POLE-00350","geometry":{"type":"Point","coordinates":[-80.5987399,43.3000037]},"properties":{"kind":"pole","edgeId":"electric-E131","heightM":12.2}},{"type":"Feature","id":"POLE-00351","geometry":{"type":"Point","coordinates":[-80.5987571,43.3001816]},"properties":{"kind":"pole","edgeId":"electric-E131","heightM":12.2}},{"type":"Feature","id":"POLE-00352","geometry":{"type":"Point","coordinates":[-80.5987618,43.3002661]},"properties":{"kind":"pole","edgeId":"electric-E131","heightM":12.2}},{"type":"Feature","id":"POLE-00353","geometry":{"type":"Point","coordinates":[-80.5997319,43.3005297]},"properties":{"kind":"pole","edgeId":"electric-E133","heightM":12.2}},{"type":"Feature","id":"POLE-00354","geometry":{"type":"Point","coordinates":[-80.5997168,43.3006088]},"properties":{"kind":"pole","edgeId":"electric-E133","heightM":12.2}},{"type":"Feature","id":"POLE-00355","geometry":{"type":"Point","coordinates":[-80.5986381,43.2990524]},"properties":{"kind":"pole","edgeId":"electric-E134","heightM":12.2}},{"type":"Feature","id":"POLE-00356","geometry":{"type":"Point","coordinates":[-80.5986258,43.2988715]},"properties":{"kind":"pole","edgeId":"electric-E134","heightM":12.2}},{"type":"Feature","id":"POLE-00357","geometry":{"type":"Point","coordinates":[-80.5986088,43.2986908]},"properties":{"kind":"pole","edgeId":"electric-E134","heightM":12.2}},{"type":"Feature","id":"POLE-00358","geometry":{"type":"Point","coordinates":[-80.598599,43.2986067]},"properties":{"kind":"pole","edgeId":"electric-E134","heightM":12.2}},{"type":"Feature","id":"POLE-00359","geometry":{"type":"Point","coordinates":[-80.5979406,43.2995444]},"properties":{"kind":"pole","edgeId":"electric-E135","heightM":12.2}},{"type":"Feature","id":"POLE-00360","geometry":{"type":"Point","coordinates":[-80.5978634,43.2995441]},"properties":{"kind":"pole","edgeId":"electric-E135","heightM":12.2}},{"type":"Feature","id":"POLE-00361","geometry":{"type":"Point","coordinates":[-80.5977863,43.2995438]},"properties":{"kind":"pole","edgeId":"electric-E135","heightM":12.2}},{"type":"Feature","id":"POLE-00362","geometry":{"type":"Point","coordinates":[-80.5977092,43.2995435]},"properties":{"kind":"pole","edgeId":"electric-E135","heightM":12.2}},{"type":"Feature","id":"POLE-00363","geometry":{"type":"Point","coordinates":[-80.597632,43.2995432]},"properties":{"kind":"pole","edgeId":"electric-E135","heightM":12.2}},{"type":"Feature","id":"POLE-00364","geometry":{"type":"Point","coordinates":[-80.5975546,43.2995429]},"properties":{"kind":"pole","edgeId":"electric-E135","heightM":12.2}},{"type":"Feature","id":"POLE-00365","geometry":{"type":"Point","coordinates":[-80.5975511,43.2995429]},"properties":{"kind":"pole","edgeId":"electric-E135","heightM":12.2}},{"type":"Feature","id":"POLE-00366","geometry":{"type":"Point","coordinates":[-80.5987669,43.3003593]},"properties":{"kind":"pole","edgeId":"electric-E136","heightM":12.2}},{"type":"Feature","id":"POLE-00367","geometry":{"type":"Point","coordinates":[-80.5987687,43.300537]},"properties":{"kind":"pole","edgeId":"electric-E136","heightM":12.2}},{"type":"Feature","id":"POLE-00368","geometry":{"type":"Point","coordinates":[-80.5987629,43.3007148]},"properties":{"kind":"pole","edgeId":"electric-E136","heightM":12.2}},{"type":"Feature","id":"POLE-00369","geometry":{"type":"Point","coordinates":[-80.5987594,43.3007609]},"properties":{"kind":"pole","edgeId":"electric-E136","heightM":12.2}},{"type":"Feature","id":"POLE-00370","geometry":{"type":"Point","coordinates":[-80.599697,43.3007119]},"properties":{"kind":"pole","edgeId":"electric-E138","heightM":12.2}},{"type":"Feature","id":"POLE-00371","geometry":{"type":"Point","coordinates":[-80.5996947,43.3007622]},"properties":{"kind":"pole","edgeId":"electric-E138","heightM":12.2}},{"type":"Feature","id":"POLE-00372","geometry":{"type":"Point","coordinates":[-80.5985877,43.2985103]},"properties":{"kind":"pole","edgeId":"electric-E139","heightM":12.2}},{"type":"Feature","id":"POLE-00373","geometry":{"type":"Point","coordinates":[-80.5985638,43.2983301]},"properties":{"kind":"pole","edgeId":"electric-E139","heightM":12.2}},{"type":"Feature","id":"POLE-00374","geometry":{"type":"Point","coordinates":[-80.5985382,43.2981502]},"properties":{"kind":"pole","edgeId":"electric-E139","heightM":12.2}},{"type":"Feature","id":"POLE-00375","geometry":{"type":"Point","coordinates":[-80.5985305,43.2980969]},"properties":{"kind":"pole","edgeId":"electric-E139","heightM":12.2}},{"type":"Feature","id":"POLE-00376","geometry":{"type":"Point","coordinates":[-80.5973947,43.2995422]},"properties":{"kind":"pole","edgeId":"electric-E140","heightM":12.2}},{"type":"Feature","id":"POLE-00377","geometry":{"type":"Point","coordinates":[-80.5973932,43.299608]},"properties":{"kind":"pole","edgeId":"electric-E140","heightM":12.2}},{"type":"Feature","id":"POLE-00378","geometry":{"type":"Point","coordinates":[-80.5974753,43.2996484]},"properties":{"kind":"pole","edgeId":"electric-E141","heightM":12.2}},{"type":"Feature","id":"POLE-00379","geometry":{"type":"Point","coordinates":[-80.5975141,43.2998285]},"properties":{"kind":"pole","edgeId":"electric-E141","heightM":12.2}},{"type":"Feature","id":"POLE-00380","geometry":{"type":"Point","coordinates":[-80.5975536,43.3000081]},"properties":{"kind":"pole","edgeId":"electric-E141","heightM":12.2}},{"type":"Feature","id":"POLE-00381","geometry":{"type":"Point","coordinates":[-80.5975574,43.3000258]},"properties":{"kind":"pole","edgeId":"electric-E141","heightM":12.2}},{"type":"Feature","id":"POLE-00382","geometry":{"type":"Point","coordinates":[-80.5991925,43.3007032]},"properties":{"kind":"pole","edgeId":"electric-E142","heightM":12.2}},{"type":"Feature","id":"POLE-00383","geometry":{"type":"Point","coordinates":[-80.5996606,43.3008863]},"properties":{"kind":"pole","edgeId":"electric-E145","heightM":12.2}},{"type":"Feature","id":"POLE-00384","geometry":{"type":"Point","coordinates":[-80.5996211,43.3010669]},"properties":{"kind":"pole","edgeId":"electric-E145","heightM":12.2}},{"type":"Feature","id":"POLE-00385","geometry":{"type":"Point","coordinates":[-80.5996202,43.301071]},"properties":{"kind":"pole","edgeId":"electric-E145","heightM":12.2}},{"type":"Feature","id":"POLE-00386","geometry":{"type":"Point","coordinates":[-80.5985123,43.2979705]},"properties":{"kind":"pole","edgeId":"electric-E146","heightM":12.2}},{"type":"Feature","id":"POLE-00387","geometry":{"type":"Point","coordinates":[-80.5984872,43.2977912]},"properties":{"kind":"pole","edgeId":"electric-E146","heightM":12.2}},{"type":"Feature","id":"POLE-00388","geometry":{"type":"Point","coordinates":[-80.5984831,43.2977592]},"properties":{"kind":"pole","edgeId":"electric-E146","heightM":12.2}},{"type":"Feature","id":"POLE-00389","geometry":{"type":"Point","coordinates":[-80.59756,43.2995902]},"properties":{"kind":"pole","edgeId":"electric-E147","heightM":12.2}},{"type":"Feature","id":"POLE-00390","geometry":{"type":"Point","coordinates":[-80.5975428,43.2994094]},"properties":{"kind":"pole","edgeId":"electric-E147","heightM":12.2}},{"type":"Feature","id":"POLE-00391","geometry":{"type":"Point","coordinates":[-80.5975217,43.2992289]},"properties":{"kind":"pole","edgeId":"electric-E147","heightM":12.2}},{"type":"Feature","id":"POLE-00392","geometry":{"type":"Point","coordinates":[-80.5975078,43.2991241]},"properties":{"kind":"pole","edgeId":"electric-E147","heightM":12.2}},{"type":"Feature","id":"POLE-00393","geometry":{"type":"Point","coordinates":[-80.5974046,43.2995423]},"properties":{"kind":"pole","edgeId":"electric-E148","heightM":12.2}},{"type":"Feature","id":"POLE-00394","geometry":{"type":"Point","coordinates":[-80.5972463,43.2995416]},"properties":{"kind":"pole","edgeId":"electric-E148","heightM":12.2}},{"type":"Feature","id":"POLE-00395","geometry":{"type":"Point","coordinates":[-80.5971692,43.2995413]},"properties":{"kind":"pole","edgeId":"electric-E148","heightM":12.2}},{"type":"Feature","id":"POLE-00396","geometry":{"type":"Point","coordinates":[-80.5970921,43.299541]},"properties":{"kind":"pole","edgeId":"electric-E148","heightM":12.2}},{"type":"Feature","id":"POLE-00397","geometry":{"type":"Point","coordinates":[-80.5970149,43.2995406]},"properties":{"kind":"pole","edgeId":"electric-E148","heightM":12.2}},{"type":"Feature","id":"POLE-00398","geometry":{"type":"Point","coordinates":[-80.5969498,43.2995403]},"properties":{"kind":"pole","edgeId":"electric-E148","heightM":12.2}},{"type":"Feature","id":"POLE-00399","geometry":{"type":"Point","coordinates":[-80.597592,43.3001873]},"properties":{"kind":"pole","edgeId":"electric-E149","heightM":12.2}},{"type":"Feature","id":"POLE-00400","geometry":{"type":"Point","coordinates":[-80.5976279,43.3003662]},"properties":{"kind":"pole","edgeId":"electric-E149","heightM":12.2}},{"type":"Feature","id":"POLE-00401","geometry":{"type":"Point","coordinates":[-80.5976594,43.3005423]},"properties":{"kind":"pole","edgeId":"electric-E149","heightM":12.2}},{"type":"Feature","id":"POLE-00402","geometry":{"type":"Point","coordinates":[-80.5995818,43.3012468]},"properties":{"kind":"pole","edgeId":"electric-E152","heightM":12.2}},{"type":"Feature","id":"POLE-00403","geometry":{"type":"Point","coordinates":[-80.5995457,43.3014187]},"properties":{"kind":"pole","edgeId":"electric-E152","heightM":12.2}},{"type":"Feature","id":"POLE-00404","geometry":{"type":"Point","coordinates":[-80.5984642,43.2976122]},"properties":{"kind":"pole","edgeId":"electric-E153","heightM":12.2}},{"type":"Feature","id":"POLE-00405","geometry":{"type":"Point","coordinates":[-80.5984615,43.2975877]},"properties":{"kind":"pole","edgeId":"electric-E153","heightM":12.2}},{"type":"Feature","id":"POLE-00406","geometry":{"type":"Point","coordinates":[-80.5974977,43.2990487]},"properties":{"kind":"pole","edgeId":"electric-E154","heightM":12.2}},{"type":"Feature","id":"POLE-00407","geometry":{"type":"Point","coordinates":[-80.5974721,43.2988688]},"properties":{"kind":"pole","edgeId":"electric-E154","heightM":12.2}},{"type":"Feature","id":"POLE-00408","geometry":{"type":"Point","coordinates":[-80.5974461,43.2986892]},"properties":{"kind":"pole","edgeId":"electric-E154","heightM":12.2}},{"type":"Feature","id":"POLE-00409","geometry":{"type":"Point","coordinates":[-80.5974398,43.2986444]},"properties":{"kind":"pole","edgeId":"electric-E154","heightM":12.2}},{"type":"Feature","id":"POLE-00410","geometry":{"type":"Point","coordinates":[-80.5969378,43.2995402]},"properties":{"kind":"pole","edgeId":"electric-E155","heightM":12.2}},{"type":"Feature","id":"POLE-00411","geometry":{"type":"Point","coordinates":[-80.5966293,43.2995388]},"properties":{"kind":"pole","edgeId":"electric-E155","heightM":12.2}},{"type":"Feature","id":"POLE-00412","geometry":{"type":"Point","coordinates":[-80.5965521,43.2995384]},"properties":{"kind":"pole","edgeId":"electric-E155","heightM":12.2}},{"type":"Feature","id":"POLE-00413","geometry":{"type":"Point","coordinates":[-80.596398,43.2995376]},"properties":{"kind":"pole","edgeId":"electric-E155","heightM":12.2}},{"type":"Feature","id":"POLE-00414","geometry":{"type":"Point","coordinates":[-80.5963883,43.2995376]},"properties":{"kind":"pole","edgeId":"electric-E155","heightM":12.2}},{"type":"Feature","id":"POLE-00415","geometry":{"type":"Point","coordinates":[-80.5976865,43.300723]},"properties":{"kind":"pole","edgeId":"electric-E156","heightM":12.2}},{"type":"Feature","id":"POLE-00416","geometry":{"type":"Point","coordinates":[-80.5977067,43.300901]},"properties":{"kind":"pole","edgeId":"electric-E156","heightM":12.2}},{"type":"Feature","id":"POLE-00417","geometry":{"type":"Point","coordinates":[-80.5977172,43.3010448]},"properties":{"kind":"pole","edgeId":"electric-E156","heightM":12.2}},{"type":"Feature","id":"POLE-00418","geometry":{"type":"Point","coordinates":[-80.5995439,43.301427]},"properties":{"kind":"pole","edgeId":"electric-E159","heightM":12.2}},{"type":"Feature","id":"POLE-00419","geometry":{"type":"Point","coordinates":[-80.5995091,43.3016076]},"properties":{"kind":"pole","edgeId":"electric-E159","heightM":12.2}},{"type":"Feature","id":"POLE-00420","geometry":{"type":"Point","coordinates":[-80.5994786,43.3017885]},"properties":{"kind":"pole","edgeId":"electric-E159","heightM":12.2}},{"type":"Feature","id":"POLE-00421","geometry":{"type":"Point","coordinates":[-80.5994609,43.3019191]},"properties":{"kind":"pole","edgeId":"electric-E159","heightM":12.2}},{"type":"Feature","id":"POLE-00422","geometry":{"type":"Point","coordinates":[-80.5984472,43.2974575]},"properties":{"kind":"pole","edgeId":"electric-E160","heightM":12.2}},{"type":"Feature","id":"POLE-00423","geometry":{"type":"Point","coordinates":[-80.5974211,43.2985099]},"properties":{"kind":"pole","edgeId":"electric-E161","heightM":12.2}},{"type":"Feature","id":"POLE-00424","geometry":{"type":"Point","coordinates":[-80.5973983,43.2983317]},"properties":{"kind":"pole","edgeId":"electric-E161","heightM":12.2}},{"type":"Feature","id":"POLE-00425","geometry":{"type":"Point","coordinates":[-80.5963147,43.299543]},"properties":{"kind":"pole","edgeId":"electric-E162","heightM":12.2}},{"type":"Feature","id":"POLE-00426","geometry":{"type":"Point","coordinates":[-80.5964734,43.2996357]},"properties":{"kind":"pole","edgeId":"electric-E163","heightM":12.2}},{"type":"Feature","id":"POLE-00427","geometry":{"type":"Point","coordinates":[-80.5964903,43.2998023]},"properties":{"kind":"pole","edgeId":"electric-E163","heightM":12.2}},{"type":"Feature","id":"POLE-00428","geometry":{"type":"Point","coordinates":[-80.5977197,43.3010788]},"properties":{"kind":"pole","edgeId":"electric-E164","heightM":12.2}},{"type":"Feature","id":"POLE-00429","geometry":{"type":"Point","coordinates":[-80.5977251,43.3012565]},"properties":{"kind":"pole","edgeId":"electric-E164","heightM":12.2}},{"type":"Feature","id":"POLE-00430","geometry":{"type":"Point","coordinates":[-80.5977226,43.3014343]},"properties":{"kind":"pole","edgeId":"electric-E164","heightM":12.2}},{"type":"Feature","id":"POLE-00431","geometry":{"type":"Point","coordinates":[-80.5977156,43.3015541]},"properties":{"kind":"pole","edgeId":"electric-E164","heightM":12.2}},{"type":"Feature","id":"POLE-00432","geometry":{"type":"Point","coordinates":[-80.5994541,43.3019697]},"properties":{"kind":"pole","edgeId":"electric-E167","heightM":12.2}},{"type":"Feature","id":"POLE-00433","geometry":{"type":"Point","coordinates":[-80.5994362,43.302151]},"properties":{"kind":"pole","edgeId":"electric-E167","heightM":12.2}},{"type":"Feature","id":"POLE-00434","geometry":{"type":"Point","coordinates":[-80.5994258,43.3023326]},"properties":{"kind":"pole","edgeId":"electric-E167","heightM":12.2}},{"type":"Feature","id":"POLE-00435","geometry":{"type":"Point","coordinates":[-80.5994246,43.3024271]},"properties":{"kind":"pole","edgeId":"electric-E167","heightM":12.2}},{"type":"Feature","id":"POLE-00436","geometry":{"type":"Point","coordinates":[-80.5984445,43.2974335]},"properties":{"kind":"pole","edgeId":"electric-E168","heightM":12.2}},{"type":"Feature","id":"POLE-00437","geometry":{"type":"Point","coordinates":[-80.5984292,43.297255]},"properties":{"kind":"pole","edgeId":"electric-E168","heightM":12.2}},{"type":"Feature","id":"POLE-00438","geometry":{"type":"Point","coordinates":[-80.5984246,43.297177]},"properties":{"kind":"pole","edgeId":"electric-E168","heightM":12.2}},{"type":"Feature","id":"POLE-00439","geometry":{"type":"Point","coordinates":[-80.5973982,43.2983309]},"properties":{"kind":"pole","edgeId":"electric-E169","heightM":12.2}},{"type":"Feature","id":"POLE-00440","geometry":{"type":"Point","coordinates":[-80.5973875,43.2982335]},"properties":{"kind":"pole","edgeId":"electric-E169","heightM":12.2}},{"type":"Feature","id":"POLE-00441","geometry":{"type":"Point","coordinates":[-80.5963714,43.2995376]},"properties":{"kind":"pole","edgeId":"electric-E171","heightM":12.2}},{"type":"Feature","id":"POLE-00442","geometry":{"type":"Point","coordinates":[-80.5962436,43.2995368]},"properties":{"kind":"pole","edgeId":"electric-E171","heightM":12.2}},{"type":"Feature","id":"POLE-00443","geometry":{"type":"Point","coordinates":[-80.5961664,43.2995365]},"properties":{"kind":"pole","edgeId":"electric-E171","heightM":12.2}},{"type":"Feature","id":"POLE-00444","geometry":{"type":"Point","coordinates":[-80.5960893,43.299536]},"properties":{"kind":"pole","edgeId":"electric-E171","heightM":12.2}},{"type":"Feature","id":"POLE-00445","geometry":{"type":"Point","coordinates":[-80.5960121,43.2995357]},"properties":{"kind":"pole","edgeId":"electric-E171","heightM":12.2}},{"type":"Feature","id":"POLE-00446","geometry":{"type":"Point","coordinates":[-80.595935,43.2995352]},"properties":{"kind":"pole","edgeId":"electric-E171","heightM":12.2}},{"type":"Feature","id":"POLE-00447","geometry":{"type":"Point","coordinates":[-80.5959144,43.2995351]},"properties":{"kind":"pole","edgeId":"electric-E171","heightM":12.2}},{"type":"Feature","id":"POLE-00448","geometry":{"type":"Point","coordinates":[-80.5964915,43.2998136]},"properties":{"kind":"pole","edgeId":"electric-E172","heightM":12.2}},{"type":"Feature","id":"POLE-00449","geometry":{"type":"Point","coordinates":[-80.5965154,43.2999867]},"properties":{"kind":"pole","edgeId":"electric-E172","heightM":12.2}},{"type":"Feature","id":"POLE-00450","geometry":{"type":"Point","coordinates":[-80.5965252,43.3000107]},"properties":{"kind":"pole","edgeId":"electric-E172","heightM":12.2}},{"type":"Feature","id":"POLE-00451","geometry":{"type":"Point","coordinates":[-80.5977123,43.301612]},"properties":{"kind":"pole","edgeId":"electric-E173","heightM":12.2}},{"type":"Feature","id":"POLE-00452","geometry":{"type":"Point","coordinates":[-80.5976945,43.3017899]},"properties":{"kind":"pole","edgeId":"electric-E173","heightM":12.2}},{"type":"Feature","id":"POLE-00453","geometry":{"type":"Point","coordinates":[-80.5976701,43.3019681]},"properties":{"kind":"pole","edgeId":"electric-E173","heightM":12.2}},{"type":"Feature","id":"POLE-00454","geometry":{"type":"Point","coordinates":[-80.5976683,43.3019785]},"properties":{"kind":"pole","edgeId":"electric-E173","heightM":12.2}},{"type":"Feature","id":"POLE-00455","geometry":{"type":"Point","coordinates":[-80.5994236,43.3025143]},"properties":{"kind":"pole","edgeId":"electric-E175","heightM":12.2}},{"type":"Feature","id":"POLE-00456","geometry":{"type":"Point","coordinates":[-80.5994293,43.3026958]},"properties":{"kind":"pole","edgeId":"electric-E175","heightM":12.2}},{"type":"Feature","id":"POLE-00457","geometry":{"type":"Point","coordinates":[-80.5994428,43.3028773]},"properties":{"kind":"pole","edgeId":"electric-E175","heightM":12.2}},{"type":"Feature","id":"POLE-00458","geometry":{"type":"Point","coordinates":[-80.5994512,43.3029511]},"properties":{"kind":"pole","edgeId":"electric-E175","heightM":12.2}},{"type":"Feature","id":"POLE-00459","geometry":{"type":"Point","coordinates":[-80.5984187,43.2970766]},"properties":{"kind":"pole","edgeId":"electric-E176","heightM":12.2}},{"type":"Feature","id":"POLE-00460","geometry":{"type":"Point","coordinates":[-80.5984138,43.2968983]},"properties":{"kind":"pole","edgeId":"electric-E176","heightM":12.2}},{"type":"Feature","id":"POLE-00461","geometry":{"type":"Point","coordinates":[-80.5984146,43.2967201]},"properties":{"kind":"pole","edgeId":"electric-E176","heightM":12.2}},{"type":"Feature","id":"POLE-00462","geometry":{"type":"Point","coordinates":[-80.598419,43.2965989]},"properties":{"kind":"pole","edgeId":"electric-E176","heightM":12.2}},{"type":"Feature","id":"POLE-00463","geometry":{"type":"Point","coordinates":[-80.5973786,43.2981521]},"properties":{"kind":"pole","edgeId":"electric-E177","heightM":12.2}},{"type":"Feature","id":"POLE-00464","geometry":{"type":"Point","coordinates":[-80.5973752,43.2981135]},"properties":{"kind":"pole","edgeId":"electric-E177","heightM":12.2}},{"type":"Feature","id":"POLE-00465","geometry":{"type":"Point","coordinates":[-80.5958578,43.2995348]},"properties":{"kind":"pole","edgeId":"electric-E179","heightM":12.2}},{"type":"Feature","id":"POLE-00466","geometry":{"type":"Point","coordinates":[-80.5957807,43.2995344]},"properties":{"kind":"pole","edgeId":"electric-E179","heightM":12.2}},{"type":"Feature","id":"POLE-00467","geometry":{"type":"Point","coordinates":[-80.5957036,43.299534]},"properties":{"kind":"pole","edgeId":"electric-E179","heightM":12.2}},{"type":"Feature","id":"POLE-00468","geometry":{"type":"Point","coordinates":[-80.5956264,43.2995335]},"properties":{"kind":"pole","edgeId":"electric-E179","heightM":12.2}},{"type":"Feature","id":"POLE-00469","geometry":{"type":"Point","coordinates":[-80.5955492,43.2995331]},"properties":{"kind":"pole","edgeId":"electric-E179","heightM":12.2}},{"type":"Feature","id":"POLE-00470","geometry":{"type":"Point","coordinates":[-80.5954722,43.2995327]},"properties":{"kind":"pole","edgeId":"electric-E179","heightM":12.2}},{"type":"Feature","id":"POLE-00471","geometry":{"type":"Point","coordinates":[-80.5954053,43.2995323]},"properties":{"kind":"pole","edgeId":"electric-E179","heightM":12.2}},{"type":"Feature","id":"POLE-00472","geometry":{"type":"Point","coordinates":[-80.5953853,43.2995286]},"properties":{"kind":"pole","edgeId":"electric-E179","heightM":12.2}},{"type":"Feature","id":"POLE-00473","geometry":{"type":"Point","coordinates":[-80.5976399,43.3021465]},"properties":{"kind":"pole","edgeId":"electric-E182","heightM":12.2}},{"type":"Feature","id":"POLE-00474","geometry":{"type":"Point","coordinates":[-80.5976053,43.3023253]},"properties":{"kind":"pole","edgeId":"electric-E182","heightM":12.2}},{"type":"Feature","id":"POLE-00475","geometry":{"type":"Point","coordinates":[-80.5975711,43.3024882]},"properties":{"kind":"pole","edgeId":"electric-E182","heightM":12.2}},{"type":"Feature","id":"POLE-00476","geometry":{"type":"Point","coordinates":[-80.597373,43.2980872]},"properties":{"kind":"pole","edgeId":"electric-E183","heightM":12.2}},{"type":"Feature","id":"POLE-00477","geometry":{"type":"Point","coordinates":[-80.5953113,43.2995318]},"properties":{"kind":"pole","edgeId":"electric-E186","heightM":12.2}},{"type":"Feature","id":"POLE-00478","geometry":{"type":"Point","coordinates":[-80.5952407,43.2995314]},"properties":{"kind":"pole","edgeId":"electric-E186","heightM":12.2}},{"type":"Feature","id":"POLE-00479","geometry":{"type":"Point","coordinates":[-80.5950731,43.2995305]},"properties":{"kind":"pole","edgeId":"electric-E186","heightM":12.2}},{"type":"Feature","id":"POLE-00480","geometry":{"type":"Point","coordinates":[-80.5950797,43.2996015]},"properties":{"kind":"pole","edgeId":"electric-E186","heightM":12.2}},{"type":"Feature","id":"POLE-00481","geometry":{"type":"Point","coordinates":[-80.5973632,43.2979736]},"properties":{"kind":"pole","edgeId":"electric-E188","heightM":12.2}},{"type":"Feature","id":"POLE-00482","geometry":{"type":"Point","coordinates":[-80.5973612,43.2979391]},"properties":{"kind":"pole","edgeId":"electric-E188","heightM":12.2}},{"type":"Feature","id":"POLE-00483","geometry":{"type":"Point","coordinates":[-80.5973529,43.2977953]},"properties":{"kind":"pole","edgeId":"electric-E194","heightM":12.2}},{"type":"Feature","id":"POLE-00484","geometry":{"type":"Point","coordinates":[-80.5973482,43.297617]},"properties":{"kind":"pole","edgeId":"electric-E194","heightM":12.2}},{"type":"Feature","id":"POLE-00485","geometry":{"type":"Point","coordinates":[-80.5973491,43.297445]},"properties":{"kind":"pole","edgeId":"electric-E194","heightM":12.2}},{"type":"Feature","id":"POLE-00486","geometry":{"type":"Point","coordinates":[-80.5973492,43.2974388]},"properties":{"kind":"pole","edgeId":"electric-E199","heightM":12.2}},{"type":"Feature","id":"POLE-00487","geometry":{"type":"Point","coordinates":[-80.5973558,43.2972605]},"properties":{"kind":"pole","edgeId":"electric-E199","heightM":12.2}},{"type":"Feature","id":"POLE-00488","geometry":{"type":"Point","coordinates":[-80.5973678,43.2970821]},"properties":{"kind":"pole","edgeId":"electric-E199","heightM":12.2}},{"type":"Feature","id":"POLE-00489","geometry":{"type":"Point","coordinates":[-80.5973846,43.2969035]},"properties":{"kind":"pole","edgeId":"electric-E199","heightM":12.2}},{"type":"Feature","id":"POLE-00490","geometry":{"type":"Point","coordinates":[-80.5973896,43.2968606]},"properties":{"kind":"pole","edgeId":"electric-E199","heightM":12.2}},{"type":"Feature","id":"POLE-00491","geometry":{"type":"Point","coordinates":[-80.6005434,43.2995499]},"properties":{"kind":"pole","edgeId":"electric-E959","heightM":12.2}},{"type":"Feature","id":"POLE-00492","geometry":{"type":"Point","coordinates":[-80.6027462,43.2995874]},"properties":{"kind":"pole","edgeId":"electric-E960","heightM":12.2}},{"type":"Feature","id":"POLE-00493","geometry":{"type":"Point","coordinates":[-80.6025629,43.2995738]},"properties":{"kind":"pole","edgeId":"electric-E960","heightM":12.2}},{"type":"Feature","id":"POLE-00494","geometry":{"type":"Point","coordinates":[-80.6015918,43.2995669]},"properties":{"kind":"pole","edgeId":"electric-E960","heightM":12.2}},{"type":"Feature","id":"electric-supply","geometry":{"type":"Point","coordinates":[-80.6001469,43.292184]},"properties":{"kind":"external_supply","label":"Regional grid · 115 kV (off-map)","elevationM":79.439}},{"type":"Feature","id":"electric-station","geometry":{"type":"Point","coordinates":[-80.6001469,43.2954002]},"properties":{"kind":"substation","label":"Substation 1","facilityId":"SUB-01","ratingMVA":10.0,"primaryKV":115.0,"secondaryKV":13.8,"feeders":2,"designKVA":2132.0,"elevationM":86.852}},{"type":"Feature","id":"electric-TX-00001","geometry":{"type":"Point","coordinates":[-80.6047711,43.2998478]},"properties":{"kind":"transformer","label":"Pad-mount transformer","ratingKVA":25.0,"primaryKV":13.8,"secondaryKV":0.24,"phases":1,"phase":"A","feeder":"F1-01","mount":"pad","customers":2,"designKVA":9.32,"loadingPct":37.3,"elevationM":89.506}},{"type":"Feature","id":"electric-TX-00002","geometry":{"type":"Point","coordinates":[-80.604787,43.2990561]},"properties":{"kind":"transformer","label":"Pad-mount transformer","ratingKVA":25.0,"primaryKV":13.8,"secondaryKV":0.24,"phases":1,"phase":"C","feeder":"F1-01","mount":"pad","customers":5,"designKVA":18.26,"loadingPct":73.0,"elevationM":88.396}},{"type":"Feature","id":"electric-TX-00003","geometry":{"type":"Point","coordinates":[-80.6046916,43.2983352]},"properties":{"kind":"transformer","label":"Pad-mount transformer","ratingKVA":25.0,"primaryKV":13.8,"secondaryKV":0.24,"phases":1,"phase":"C","feeder":"F1-01","mount":"pad","customers":4,"designKVA":19.86,"loadingPct":79.4,"elevationM":86.77}},{"type":"Feature","id":"electric-TX-00004","geometry":{"type":"Point","coordinates":[-80.6044761,43.3009143]},"properties":{"kind":"transformer","label":"Pad-mount transformer","ratingKVA":25.0,"primaryKV":13.8,"secondaryKV":0.24,"phases":1,"phase":"A","feeder":"F1-01","mount":"pad","customers":8,"designKVA":23.32,"loadingPct":93.3,"elevationM":89.509}},{"type":"Feature","id":"electric-TX-00005","geometry":{"type":"Point","coordinates":[-80.6043817,43.3003171]},"properties":{"kind":"transformer","label":"Pad-mount transformer","ratingKVA":50.0,"primaryKV":13.8,"secondaryKV":0.24,"phases":1,"phase":"A","feeder":"F1-01","mount":"pad","customers":8,"designKVA":48.15,"loadingPct":96.3,"elevationM":89.861}},{"type":"Feature","id":"electric-TX-00006","geometry":{"type":"Point","coordinates":[-80.6039194,43.2993624]},"properties":{"kind":"transformer","label":"Pole-mount transformer","ratingKVA":25.0,"primaryKV":13.8,"secondaryKV":0.24,"phases":1,"phase":"C","feeder":"F1-01","mount":"pole","customers":1,"designKVA":4.22,"loadingPct":16.9,"elevationM":89.732}},{"type":"Feature","id":"electric-TX-00007","geometry":{"type":"Point","coordinates":[-80.6039326,43.2993497]},"properties":{"kind":"transformer","label":"Pad-mount transformer","ratingKVA":25.0,"primaryKV":13.8,"secondaryKV":0.24,"phases":1,"phase":"C","feeder":"F1-01","mount":"pad","customers":1,"designKVA":12.87,"loadingPct":51.5,"elevationM":89.7}},{"type":"Feature","id":"electric-TX-00008","geometry":{"type":"Point","coordinates":[-80.6038991,43.2992175]},"properties":{"kind":"transformer","label":"Pole-mount transformer","ratingKVA":25.0,"primaryKV":13.8,"secondaryKV":0.24,"phases":1,"phase":"C","feeder":"F1-01","mount":"pole","customers":1,"designKVA":4.57,"loadingPct":18.3,"elevationM":89.482}},{"type":"Feature","id":"electric-TX-00009","geometry":{"type":"Point","coordinates":[-80.60391,43.2991935]},"properties":{"kind":"transformer","label":"Pad-mount transformer","ratingKVA":25.0,"primaryKV":13.8,"secondaryKV":0.24,"phases":1,"phase":"C","feeder":"F1-01","mount":"pad","customers":1,"designKVA":5.8,"loadingPct":23.2,"elevationM":89.426}},{"type":"Feature","id":"electric-TX-00010","geometry":{"type":"Point","coordinates":[-80.6038725,43.2990606]},"properties":{"kind":"transformer","label":"Pole-mount transformer","ratingKVA":25.0,"primaryKV":13.8,"secondaryKV":0.24,"phases":1,"phase":"C","feeder":"F1-01","mount":"pole","customers":1,"designKVA":1.88,"loadingPct":7.5,"elevationM":89.178}},{"type":"Feature","id":"electric-TX-00011","geometry":{"type":"Point","coordinates":[-80.6038827,43.2990357]},"properties":{"kind":"transformer","label":"Pad-mount transformer","ratingKVA":25.0,"primaryKV":13.8,"secondaryKV":0.24,"phases":1,"phase":"C","feeder":"F1-01","mount":"pad","customers":1,"designKVA":12.91,"loadingPct":51.6,"elevationM":89.116}},{"type":"Feature","id":"electric-TX-00012","geometry":{"type":"Point","coordinates":[-80.6038436,43.2989098]},"properties":{"kind":"transformer","label":"Pole-mount transformer","ratingKVA":25.0,"primaryKV":13.8,"secondaryKV":0.24,"phases":1,"phase":"C","feeder":"F1-01","mount":"pole","customers":1,"designKVA":1.62,"loadingPct":6.5,"elevationM":88.862}},{"type":"Feature","id":"electric-TX-00013","geometry":{"type":"Point","coordinates":[-80.6035829,43.2985352]},"properties":{"kind":"transformer","label":"Pad-mount transformer","ratingKVA":25.0,"primaryKV":13.8,"secondaryKV":0.24,"phases":1,"phase":"C","feeder":"F1-01","mount":"pad","customers":10,"designKVA":30.12,"loadingPct":120.5,"elevationM":88.172}},{"type":"Feature","id":"electric-TX-00014","geometry":{"type":"Point","coordinates":[-80.6036972,43.2979974]},"properties":{"kind":"transformer","label":"Pad-mount transformer","ratingKVA":25.0,"primaryKV":13.8,"secondaryKV":0.24,"phases":1,"phase":"C","feeder":"F1-01","mount":"pad","customers":2,"designKVA":9.03,"loadingPct":36.1,"elevationM":86.934}},{"type":"Feature","id":"electric-TX-00015","geometry":{"type":"Point","coordinates":[-80.6036826,43.297506]},"properties":{"kind":"transformer","label":"Pad-mount transformer","ratingKVA":25.0,"primaryKV":13.8,"secondaryKV":0.24,"phases":1,"phase":"C","feeder":"F1-01","mount":"pad","customers":2,"designKVA":14.34,"loadingPct":57.4,"elevationM":86.28}},{"type":"Feature","id":"electric-TX-00016","geometry":{"type":"Point","coordinates":[-80.6029639,43.2976763]},"properties":{"kind":"transformer","label":"Pad-mount transformer","ratingKVA":25.0,"primaryKV":13.8,"secondaryKV":0.24,"phases":1,"phase":"A","feeder":"F1-01","mount":"pad","customers":4,"designKVA":32.44,"loadingPct":129.7,"elevationM":87.233}},{"type":"Feature","id":"electric-TX-00017","geometry":{"type":"Point","coordinates":[-80.603326,43.3001095]},"properties":{"kind":"transformer","label":"Pole-mount transformer","ratingKVA":25.0,"primaryKV":13.8,"secondaryKV":0.24,"phases":1,"phase":"B","feeder":"F1-01","mount":"pole","customers":6,"designKVA":16.41,"loadingPct":65.6,"elevationM":90.657}},{"type":"Feature","id":"electric-TX-00018","geometry":{"type":"Point","coordinates":[-80.6033215,43.3004204]},"properties":{"kind":"transformer","label":"Pole-mount transformer","ratingKVA":25.0,"primaryKV":13.8,"secondaryKV":0.24,"phases":1,"phase":"B","feeder":"F1-01","mount":"pole","customers":3,"designKVA":9.66,"loadingPct":38.6,"elevationM":90.384}},{"type":"Feature","id":"electric-TX-00019","geometry":{"type":"Point","coordinates":[-80.6035086,43.3005595]},"properties":{"kind":"transformer","label":"Pad-mount transformer","ratingKVA":25.0,"primaryKV":13.8,"secondaryKV":0.24,"phases":1,"phase":"B","feeder":"F1-01","mount":"pad","customers":1,"designKVA":12.33,"loadingPct":49.3,"elevationM":90.153}},{"type":"Feature","id":"electric-TX-00020","geometry":{"type":"Point","coordinates":[-80.6033343,43.3006932]},"properties":{"kind":"transformer","label":"Pole-mount transformer","ratingKVA":25.0,"primaryKV":13.8,"secondaryKV":0.24,"phases":1,"phase":"B","feeder":"F1-01","mount":"pole","customers":1,"designKVA":4.46,"loadingPct":17.8,"elevationM":89.949}},{"type":"Feature","id":"electric-TX-00021","geometry":{"type":"Point","coordinates":[-80.6035176,43.3006999]},"properties":{"kind":"transformer","label":"Pad-mount transformer","ratingKVA":25.0,"primaryKV":13.8,"secondaryKV":0.24,"phases":1,"phase":"B","feeder":"F1-01","mount":"pad","customers":1,"designKVA":5.59,"loadingPct":22.4,"elevationM":89.933}},{"type":"Feature","id":"electric-TX-00022","geometry":{"type":"Point","coordinates":[-80.6033481,43.3008451]},"properties":{"kind":"transformer","label":"Pole-mount transformer","ratingKVA":25.0,"primaryKV":13.8,"secondaryKV":0.24,"phases":1,"phase":"B","feeder":"F1-01","mount":"pole","customers":1,"designKVA":0.97,"loadingPct":3.9,"elevationM":89.659}},{"type":"Feature","id":"electric-TX-00023","geometry":{"type":"Point","coordinates":[-80.6035322,43.3008547]},"properties":{"kind":"transformer","label":"Pad-mount transformer","ratingKVA":25.0,"primaryKV":13.8,"secondaryKV":0.24,"phases":1,"phase":"B","feeder":"F1-01","mount":"pad","customers":1,"designKVA":13.63,"loadingPct":54.5,"elevationM":89.664}},{"type":"Feature","id":"electric-TX-00024","geometry":{"type":"Point","coordinates":[-80.6033664,43.3010018]},"properties":{"kind":"transformer","label":"Pole-mount transformer","ratingKVA":25.0,"primaryKV":13.8,"secondaryKV":0.24,"phases":1,"phase":"B","feeder":"F1-01","mount":"pole","customers":1,"designKVA":4.57,"loadingPct":18.3,"elevationM":89.342}},{"type":"Feature","id":"electric-TX-00025","geometry":{"type":"Point","coordinates":[-80.6035506,43.3010075]},"properties":{"kind":"transformer","label":"Pad-mount transformer","ratingKVA":25.0,"primaryKV":13.8,"secondaryKV":0.24,"phases":1,"phase":"B","feeder":"F1-01","mount":"pad","customers":1,"designKVA":2.11,"loadingPct":8.4,"elevationM":89.386}},{"type":"Feature","id":"electric-TX-00026","geometry":{"type":"Point","coordinates":[-80.6033861,43.3011453]},"properties":{"kind":"transformer","label":"Pole-mount transformer","ratingKVA":25.0,"primaryKV":13.8,"secondaryKV":0.24,"phases":1,"phase":"B","feeder":"F1-01","mount":"pole","customers":1,"designKVA":0.77,"loadingPct":3.1,"elevationM":89.05}},{"type":"Feature","id":"electric-TX-00027","geometry":{"type":"Point","coordinates":[-80.603572,43.3011599]},"properties":{"kind":"transformer","label":"Pad-mount transformer","ratingKVA":25.0,"primaryKV":13.8,"secondaryKV":0.24,"phases":1,"phase":"B","feeder":"F1-01","mount":"pad","customers":1,"designKVA":4.51,"loadingPct":18.0,"elevationM":89.108}},{"type":"Feature","id":"electric-TX-00028","geometry":{"type":"Point","coordinates":[-80.6034092,43.3012965]},"properties":{"kind":"transformer","label":"Pole-mount transformer","ratingKVA":25.0,"primaryKV":13.8,"secondaryKV":0.24,"phases":1,"phase":"B","feeder":"F1-01","mount":"pole","customers":1,"designKVA":4.57,"loadingPct":18.3,"elevationM":88.752}},{"type":"Feature","id":"electric-TX-00029","geometry":{"type":"Point","coordinates":[-80.6035954,43.3013098]},"properties":{"kind":"transformer","label":"Pad-mount transformer","ratingKVA":25.0,"primaryKV":13.8,"secondaryKV":0.24,"phases":1,"phase":"B","feeder":"F1-01","mount":"pad","customers":1,"designKVA":5.29,"loadingPct":21.1,"elevationM":88.847}},{"type":"Feature","id":"electric-TX-00030","geometry":{"type":"Point","coordinates":[-80.6034341,43.3014473]},"properties":{"kind":"transformer","label":"Pole-mount transformer","ratingKVA":25.0,"primaryKV":13.8,"secondaryKV":0.24,"phases":1,"phase":"B","feeder":"F1-01","mount":"pole","customers":1,"designKVA":5.18,"loadingPct":20.7,"elevationM":88.476}},{"type":"Feature","id":"electric-TX-00031","geometry":{"type":"Point","coordinates":[-80.6034736,43.3017676]},"properties":{"kind":"transformer","label":"Pad-mount transformer","ratingKVA":25.0,"primaryKV":13.8,"secondaryKV":0.24,"phases":1,"phase":"B","feeder":"F1-01","mount":"pad","customers":9,"designKVA":32.3,"loadingPct":129.2,"elevationM":87.993}},{"type":"Feature","id":"electric-TX-00032","geometry":{"type":"Point","coordinates":[-80.6035671,43.302559]},"properties":{"kind":"transformer","label":"Pad-mount transformer","ratingKVA":25.0,"primaryKV":13.8,"secondaryKV":0.24,"phases":1,"phase":"B","feeder":"F1-01","mount":"pad","customers":4,"designKVA":18.0,"loadingPct":72.0,"elevationM":87.999}},{"type":"Feature","id":"electric-TX-00033","geometry":{"type":"Point","coordinates":[-80.602755,43.2992113]},"properties":{"kind":"transformer","label":"Pole-mount transformer","ratingKVA":25.0,"primaryKV":13.8,"secondaryKV":0.24,"phases":1,"phase":"A","feeder":"F1-01","mount":"pole","customers":6,"designKVA":18.85,"loadingPct":75.4,"elevationM":89.877}},{"type":"Feature","id":"electric-TX-00034","geometry":{"type":"Point","coordinates":[-80.6026669,43.2986842]},"properties":{"kind":"transformer","label":"Pole-mount transformer","ratingKVA":25.0,"primaryKV":13.8,"secondaryKV":0.24,"phases":1,"phase":"A","feeder":"F1-01","mount":"pole","customers":6,"designKVA":22.68,"loadingPct":90.7,"elevationM":88.885}},{"type":"Feature","id":"electric-TX-00035","geometry":{"type":"Point","coordinates":[-80.6026425,43.2982533]},"properties":{"kind":"transformer","label":"Pole-mount transformer","ratingKVA":25.0,"primaryKV":13.8,"secondaryKV":0.24,"phases":1,"phase":"A","feeder":"F1-01","mount":"pole","customers":3,"designKVA":11.72,"loadingPct":46.9,"elevationM":88.138}},{"type":"Feature","id":"electric-TX-00036","geometry":{"type":"Point","coordinates":[-80.6025821,43.2972729]},"properties":{"kind":"transformer","label":"Pad-mount transformer","ratingKVA":25.0,"primaryKV":13.8,"secondaryKV":0.24,"phases":1,"phase":"A","feeder":"F1-01","mount":"pad","customers":6,"designKVA":17.96,"loadingPct":71.9,"elevationM":87.415}},{"type":"Feature","id":"electric-TX-00037","geometry":{"type":"Point","coordinates":[-80.6023657,43.2978195]},"properties":{"kind":"transformer","label":"Pad-mount transformer","ratingKVA":25.0,"primaryKV":13.8,"secondaryKV":0.24,"phases":1,"phase":"A","feeder":"F1-01","mount":"pad","customers":1,"designKVA":5.75,"loadingPct":23.0,"elevationM":87.929}},{"type":"Feature","id":"electric-TX-00038","geometry":{"type":"Point","coordinates":[-80.6023536,43.2978303]},"properties":{"kind":"transformer","label":"Pole-mount transformer","ratingKVA":25.0,"primaryKV":13.8,"secondaryKV":0.24,"phases":1,"phase":"A","feeder":"F1-01","mount":"pole","customers":1,"designKVA":12.69,"loadingPct":50.8,"elevationM":87.951}},{"type":"Feature","id":"electric-TX-00039","geometry":{"type":"Point","coordinates":[-80.6021308,43.2978195]},"properties":{"kind":"transformer","label":"Pad-mount transformer","ratingKVA":25.0,"primaryKV":13.8,"secondaryKV":0.24,"phases":1,"phase":"A","feeder":"F1-01","mount":"pad","customers":1,"designKVA":5.74,"loadingPct":23.0,"elevationM":88.243}},{"type":"Feature","id":"electric-TX-00040","geometry":{"type":"Point","coordinates":[-80.6018955,43.2978303]},"properties":{"kind":"transformer","label":"Pole-mount transformer","ratingKVA":25.0,"primaryKV":13.8,"secondaryKV":0.24,"phases":1,"phase":"A","feeder":"F1-01","mount":"pole","customers":3,"designKVA":10.69,"loadingPct":42.7,"elevationM":88.599}},{"type":"Feature","id":"electric-TX-00041","geometry":{"type":"Point","coordinates":[-80.6023767,43.300102]},"properties":{"kind":"transformer","label":"Pole-mount transformer","ratingKVA":25.0,"primaryKV":13.8,"secondaryKV":0.24,"phases":1,"phase":"C","feeder":"F1-01","mount":"pole","customers":6,"designKVA":19.03,"loadingPct":76.1,"elevationM":90.384}},{"type":"Feature","id":"electric-TX-00042","geometry":{"type":"Point","coordinates":[-80.6023143,43.3005842]},"properties":{"kind":"transformer","label":"Pole-mount transformer","ratingKVA":25.0,"primaryKV":13.8,"secondaryKV":0.24,"phases":1,"phase":"C","feeder":"F1-01","mount":"pole","customers":6,"designKVA":29.05,"loadingPct":116.2,"elevationM":89.729}},{"type":"Feature","id":"electric-TX-00043","geometry":{"type":"Point","coordinates":[-80.6022925,43.301064]},"properties":{"kind":"transformer","label":"Pole-mount transformer","ratingKVA":25.0,"primaryKV":13.8,"secondaryKV":0.24,"phases":1,"phase":"C","feeder":"F1-01","mount":"pole","customers":6,"designKVA":13.17,"loadingPct":52.7,"elevationM":88.613}},{"type":"Feature","id":"electric-TX-00044","geometry":{"type":"Point","coordinates":[-80.6023207,43.3015508]},"properties":{"kind":"transformer","label":"Pole-mount transformer","ratingKVA":25.0,"primaryKV":13.8,"secondaryKV":0.24,"phases":1,"phase":"C","feeder":"F1-01","mount":"pole","customers":6,"designKVA":15.89,"loadingPct":63.5,"elevationM":87.399}},{"type":"Feature","id":"electric-TX-00045","geometry":{"type":"Point","coordinates":[-80.6023676,43.3019103]},"properties":{"kind":"transformer","label":"Pole-mount transformer","ratingKVA":25.0,"primaryKV":13.8,"secondaryKV":0.24,"phases":1,"phase":"C","feeder":"F1-01","mount":"pole","customers":3,"designKVA":12.36,"loadingPct":49.4,"elevationM":86.685}},{"type":"Feature","id":"electric-TX-00046","geometry":{"type":"Point","coordinates":[-80.602573,43.3020458]},"properties":{"kind":"transformer","label":"Pad-mount transformer","ratingKVA":25.0,"primaryKV":13.8,"secondaryKV":0.24,"phases":1,"phase":"C","feeder":"F1-01","mount":"pad","customers":1,"designKVA":2.33,"loadingPct":9.3,"elevationM":86.634}},{"type":"Feature","id":"electric-TX-00047","geometry":{"type":"Point","coordinates":[-80.6024109,43.3021771]},"properties":{"kind":"transformer","label":"Pole-mount transformer","ratingKVA":25.0,"primaryKV":13.8,"secondaryKV":0.24,"phases":1,"phase":"C","feeder":"F1-01","mount":"pole","customers":1,"designKVA":4.56,"loadingPct":18.3,"elevationM":86.396}},{"type":"Feature","id":"electric-TX-00048","geometry":{"type":"Point","coordinates":[-80.60266,43.3025665]},"properties":{"kind":"transformer","label":"Pad-mount transformer","ratingKVA":50.0,"primaryKV":13.8,"secondaryKV":0.24,"phases":1,"phase":"C","feeder":"F1-01","mount":"pad","customers":10,"designKVA":52.96,"loadingPct":105.9,"elevationM":86.695}},{"type":"Feature","id":"electric-TX-00049","geometry":{"type":"Point","coordinates":[-80.6027223,43.3030475]},"properties":{"kind":"transformer","label":"Pad-mount transformer","ratingKVA":25.0,"primaryKV":13.8,"secondaryKV":0.24,"phases":1,"phase":"C","feeder":"F1-01","mount":"pad","customers":2,"designKVA":10.95,"loadingPct":43.8,"elevationM":87.346}},{"type":"Feature","id":"electric-TX-00050","geometry":{"type":"Point","coordinates":[-80.6014977,43.2983181]},"properties":{"kind":"transformer","label":"Pole-mount transformer","ratingKVA":25.0,"primaryKV":13.8,"secondaryKV":0.24,"phases":1,"phase":"A","feeder":"F1-01","mount":"pole","customers":6,"designKVA":15.99,"loadingPct":64.0,"elevationM":89.349}},{"type":"Feature","id":"electric-TX-00051","geometry":{"type":"Point","coordinates":[-80.6014544,43.2990287]},"properties":{"kind":"transformer","label":"Pole-mount transformer","ratingKVA":25.0,"primaryKV":13.8,"secondaryKV":0.24,"phases":1,"phase":"A","feeder":"F1-01","mount":"pole","customers":6,"designKVA":15.35,"loadingPct":61.4,"elevationM":89.355}},{"type":"Feature","id":"electric-TX-00052","geometry":{"type":"Point","coordinates":[-80.6014967,43.2994697]},"properties":{"kind":"transformer","label":"Pole-mount transformer","ratingKVA":25.0,"primaryKV":13.8,"secondaryKV":0.24,"phases":1,"phase":"A","feeder":"F1-01","mount":"pole","customers":1,"designKVA":0.36,"loadingPct":1.4,"elevationM":89.329}},{"type":"Feature","id":"electric-TX-00053","geometry":{"type":"Point","coordinates":[-80.6016249,43.2976514]},"properties":{"kind":"transformer","label":"Pole-mount transformer","ratingKVA":25.0,"primaryKV":13.8,"secondaryKV":0.24,"phases":1,"phase":"A","feeder":"F1-01","mount":"pole","customers":2,"designKVA":8.15,"loadingPct":32.6,"elevationM":88.943}},{"type":"Feature","id":"electric-TX-00054","geometry":{"type":"Point","coordinates":[-80.6018745,43.2972887]},"properties":{"kind":"transformer","label":"Pad-mount transformer","ratingKVA":25.0,"primaryKV":13.8,"secondaryKV":0.24,"phases":1,"phase":"A","feeder":"F1-01","mount":"pad","customers":7,"designKVA":23.7,"loadingPct":94.8,"elevationM":88.378}},{"type":"Feature","id":"electric-TX-00055","geometry":{"type":"Point","coordinates":[-80.6014624,43.3001172]},"properties":{"kind":"transformer","label":"Pole-mount transformer","ratingKVA":25.0,"primaryKV":13.8,"secondaryKV":0.24,"phases":1,"phase":"B","feeder":"F1-01","mount":"pole","customers":6,"designKVA":19.06,"loadingPct":76.3,"elevationM":89.239}},{"type":"Feature","id":"electric-TX-00056","geometry":{"type":"Point","coordinates":[-80.601379,43.3006226]},"properties":{"kind":"transformer","label":"Pole-mount transformer","ratingKVA":25.0,"primaryKV":13.8,"secondaryKV":0.24,"phases":1,"phase":"B","feeder":"F1-01","mount":"pole","customers":6,"designKVA":22.34,"loadingPct":89.4,"elevationM":88.747}},{"type":"Feature","id":"electric-TX-00057","geometry":{"type":"Point","coordinates":[-80.6013039,43.3011255]},"properties":{"kind":"transformer","label":"Pole-mount transformer","ratingKVA":25.0,"primaryKV":13.8,"secondaryKV":0.24,"phases":1,"phase":"B","feeder":"F1-01","mount":"pole","customers":6,"designKVA":23.47,"loadingPct":93.9,"elevationM":87.982}},{"type":"Feature","id":"electric-TX-00058","geometry":{"type":"Point","coordinates":[-80.6012659,43.3016391]},"properties":{"kind":"transformer","label":"Pole-mount transformer","ratingKVA":25.0,"primaryKV":13.8,"secondaryKV":0.24,"phases":1,"phase":"B","feeder":"F1-01","mount":"pole","customers":6,"designKVA":25.62,"loadingPct":102.5,"elevationM":87.083}},{"type":"Feature","id":"electric-TX-00059","geometry":{"type":"Point","coordinates":[-80.6012822,43.3021447]},"properties":{"kind":"transformer","label":"Pole-mount transformer","ratingKVA":25.0,"primaryKV":13.8,"secondaryKV":0.24,"phases":1,"phase":"B","feeder":"F1-01","mount":"pole","customers":6,"designKVA":23.54,"loadingPct":94.2,"elevationM":86.172}},{"type":"Feature","id":"electric-TX-00060","geometry":{"type":"Point","coordinates":[-80.6013174,43.3024585]},"properties":{"kind":"transformer","label":"Pole-mount transformer","ratingKVA":25.0,"primaryKV":13.8,"secondaryKV":0.24,"phases":1,"phase":"B","feeder":"F1-01","mount":"pole","customers":1,"designKVA":5.65,"loadingPct":22.6,"elevationM":85.839}},{"type":"Feature","id":"electric-TX-00061","geometry":{"type":"Point","coordinates":[-80.6015506,43.3027816]},"properties":{"kind":"transformer","label":"Pad-mount transformer","ratingKVA":25.0,"primaryKV":13.8,"secondaryKV":0.24,"phases":1,"phase":"B","feeder":"F1-01","mount":"pad","customers":7,"designKVA":22.0,"loadingPct":88.0,"elevationM":85.823}},{"type":"Feature","id":"electric-TX-00062","geometry":{"type":"Point","coordinates":[-80.5997749,43.3002487]},"properties":{"kind":"transformer","label":"Pole-mount transformer","ratingKVA":25.0,"primaryKV":13.8,"secondaryKV":0.24,"phases":1,"phase":"ABC","feeder":"F1-02","mount":"pole","customers":6,"designKVA":15.68,"loadingPct":62.7,"elevationM":87.91}},{"type":"Feature","id":"electric-TX-00063","geometry":{"type":"Point","coordinates":[-80.5997168,43.3006088]},"properties":{"kind":"transformer","label":"Pole-mount transformer","ratingKVA":25.0,"primaryKV":13.8,"secondaryKV":0.24,"phases":1,"phase":"C","feeder":"F1-02","mount":"pole","customers":1,"designKVA":4.37,"loadingPct":17.5,"elevationM":87.9}},{"type":"Feature","id":"electric-TX-00064","geometry":{"type":"Point","coordinates":[-80.5994365,43.302952]},"properties":{"kind":"transformer","label":"Pad-mount transformer","ratingKVA":25.0,"primaryKV":13.8,"secondaryKV":0.24,"phases":1,"phase":"C","feeder":"F1-02","mount":"pad","customers":6,"designKVA":26.73,"loadingPct":106.9,"elevationM":85.361}},{"type":"Feature","id":"electric-TX-00065","geometry":{"type":"Point","coordinates":[-80.5994246,43.3024271]},"properties":{"kind":"transformer","label":"Pole-mount transformer","ratingKVA":25.0,"primaryKV":13.8,"secondaryKV":0.24,"phases":1,"phase":"C","feeder":"F1-02","mount":"pole","customers":6,"designKVA":16.37,"loadingPct":65.5,"elevationM":86.006}},{"type":"Feature","id":"electric-TX-00066","geometry":{"type":"Point","coordinates":[-80.5994609,43.3019191]},"properties":{"kind":"transformer","label":"Pole-mount transformer","ratingKVA":25.0,"primaryKV":13.8,"secondaryKV":0.24,"phases":1,"phase":"C","feeder":"F1-02","mount":"pole","customers":6,"designKVA":27.51,"loadingPct":110.1,"elevationM":86.877}},{"type":"Feature","id":"electric-TX-00067","geometry":{"type":"Point","coordinates":[-80.5995457,43.3014188]},"properties":{"kind":"transformer","label":"Pole-mount transformer","ratingKVA":25.0,"primaryKV":13.8,"secondaryKV":0.24,"phases":1,"phase":"C","feeder":"F1-02","mount":"pole","customers":6,"designKVA":23.4,"loadingPct":93.6,"elevationM":87.537}},{"type":"Feature","id":"electric-TX-00068","geometry":{"type":"Point","coordinates":[-80.5996202,43.301071]},"properties":{"kind":"transformer","label":"Pole-mount transformer","ratingKVA":25.0,"primaryKV":13.8,"secondaryKV":0.24,"phases":1,"phase":"C","feeder":"F1-02","mount":"pole","customers":3,"designKVA":9.28,"loadingPct":37.1,"elevationM":87.777}},{"type":"Feature","id":"electric-TX-00069","geometry":{"type":"Point","coordinates":[-80.5991925,43.3007032]},"properties":{"kind":"transformer","label":"Pole-mount transformer","ratingKVA":25.0,"primaryKV":13.8,"secondaryKV":0.24,"phases":1,"phase":"A","feeder":"F1-02","mount":"pole","customers":4,"designKVA":9.89,"loadingPct":39.6,"elevationM":87.991}},{"type":"Feature","id":"electric-TX-00070","geometry":{"type":"Point","coordinates":[-80.5997091,43.2987855]},"properties":{"kind":"transformer","label":"Pole-mount transformer","ratingKVA":25.0,"primaryKV":13.8,"secondaryKV":0.24,"phases":1,"phase":"C","feeder":"F1-02","mount":"pole","customers":6,"designKVA":17.34,"loadingPct":69.4,"elevationM":89.694}},{"type":"Feature","id":"electric-TX-00071","geometry":{"type":"Point","coordinates":[-80.599704,43.298335]},"properties":{"kind":"transformer","label":"Pole-mount transformer","ratingKVA":25.0,"primaryKV":13.8,"secondaryKV":0.24,"phases":1,"phase":"C","feeder":"F1-02","mount":"pole","customers":6,"designKVA":17.0,"loadingPct":68.0,"elevationM":90.466}},{"type":"Feature","id":"electric-TX-00072","geometry":{"type":"Point","coordinates":[-80.5996265,43.2975875]},"properties":{"kind":"transformer","label":"Pole-mount transformer","ratingKVA":25.0,"primaryKV":13.8,"secondaryKV":0.24,"phases":1,"phase":"C","feeder":"F1-02","mount":"pole","customers":6,"designKVA":15.53,"loadingPct":62.1,"elevationM":90.549}},{"type":"Feature","id":"electric-TX-00073","geometry":{"type":"Point","coordinates":[-80.5995919,43.297345]},"properties":{"kind":"transformer","label":"Pole-mount transformer","ratingKVA":25.0,"primaryKV":13.8,"secondaryKV":0.24,"phases":1,"phase":"C","feeder":"F1-02","mount":"pole","customers":1,"designKVA":4.44,"loadingPct":17.8,"elevationM":90.206}},{"type":"Feature","id":"electric-TX-00074","geometry":{"type":"Point","coordinates":[-80.5995577,43.2969915]},"properties":{"kind":"transformer","label":"Pad-mount transformer","ratingKVA":25.0,"primaryKV":13.8,"secondaryKV":0.24,"phases":1,"phase":"C","feeder":"F1-02","mount":"pad","customers":8,"designKVA":23.88,"loadingPct":95.5,"elevationM":89.521}},{"type":"Feature","id":"electric-TX-00075","geometry":{"type":"Point","coordinates":[-80.5994986,43.2963333]},"properties":{"kind":"transformer","label":"Pad-mount transformer","ratingKVA":25.0,"primaryKV":13.8,"secondaryKV":0.24,"phases":1,"phase":"C","feeder":"F1-02","mount":"pad","customers":1,"designKVA":10.86,"loadingPct":43.4,"elevationM":88.097}},{"type":"Feature","id":"electric-TX-00076","geometry":{"type":"Point","coordinates":[-80.5987618,43.3002661]},"properties":{"kind":"transformer","label":"Pole-mount transformer","ratingKVA":25.0,"primaryKV":13.8,"secondaryKV":0.24,"phases":1,"phase":"A","feeder":"F1-02","mount":"pole","customers":6,"designKVA":13.66,"loadingPct":54.6,"elevationM":88.196}},{"type":"Feature","id":"electric-TX-00077","geometry":{"type":"Point","coordinates":[-80.5987275,43.2999118]},"properties":{"kind":"transformer","label":"Pole-mount transformer","ratingKVA":25.0,"primaryKV":13.8,"secondaryKV":0.24,"phases":1,"phase":"A","feeder":"F1-02","mount":"pole","customers":4,"designKVA":11.24,"loadingPct":44.9,"elevationM":88.229}},{"type":"Feature","id":"electric-TX-00078","geometry":{"type":"Point","coordinates":[-80.598707,43.3012122]},"properties":{"kind":"transformer","label":"Pole-mount transformer","ratingKVA":25.0,"primaryKV":13.8,"secondaryKV":0.24,"phases":1,"phase":"A","feeder":"F1-02","mount":"pole","customers":6,"designKVA":11.78,"loadingPct":47.1,"elevationM":87.907}},{"type":"Feature","id":"electric-TX-00079","geometry":{"type":"Point","coordinates":[-80.5986235,43.3016509]},"properties":{"kind":"transformer","label":"Pole-mount transformer","ratingKVA":25.0,"primaryKV":13.8,"secondaryKV":0.24,"phases":1,"phase":"A","feeder":"F1-02","mount":"pole","customers":6,"designKVA":27.03,"loadingPct":108.1,"elevationM":87.552}},{"type":"Feature","id":"electric-TX-00080","geometry":{"type":"Point","coordinates":[-80.5985254,43.302103]},"properties":{"kind":"transformer","label":"Pole-mount transformer","ratingKVA":25.0,"primaryKV":13.8,"secondaryKV":0.24,"phases":1,"phase":"A","feeder":"F1-02","mount":"pole","customers":6,"designKVA":15.35,"loadingPct":61.4,"elevationM":87.008}},{"type":"Feature","id":"electric-TX-00081","geometry":{"type":"Point","coordinates":[-80.5984628,43.302421]},"properties":{"kind":"transformer","label":"Pole-mount transformer","ratingKVA":25.0,"primaryKV":13.8,"secondaryKV":0.24,"phases":1,"phase":"A","feeder":"F1-02","mount":"pole","customers":3,"designKVA":14.64,"loadingPct":58.6,"elevationM":86.668}},{"type":"Feature","id":"electric-TX-00082","geometry":{"type":"Point","coordinates":[-80.5985833,43.3028626]},"properties":{"kind":"transformer","label":"Pad-mount transformer","ratingKVA":25.0,"primaryKV":13.8,"secondaryKV":0.24,"phases":1,"phase":"A","feeder":"F1-02","mount":"pad","customers":7,"designKVA":26.66,"loadingPct":106.6,"elevationM":86.101}},{"type":"Feature","id":"electric-TX-00083","geometry":{"type":"Point","coordinates":[-80.5986402,43.2991067]},"properties":{"kind":"transformer","label":"Pole-mount transformer","ratingKVA":25.0,"primaryKV":13.8,"secondaryKV":0.24,"phases":1,"phase":"B","feeder":"F1-02","mount":"pole","customers":6,"designKVA":19.81,"loadingPct":79.3,"elevationM":89.072}},{"type":"Feature","id":"electric-TX-00084","geometry":{"type":"Point","coordinates":[-80.598599,43.2986067]},"properties":{"kind":"transformer","label":"Pole-mount transformer","ratingKVA":25.0,"primaryKV":13.8,"secondaryKV":0.24,"phases":1,"phase":"B","feeder":"F1-02","mount":"pole","customers":6,"designKVA":23.16,"loadingPct":92.6,"elevationM":89.784}},{"type":"Feature","id":"electric-TX-00085","geometry":{"type":"Point","coordinates":[-80.5985305,43.2980969]},"properties":{"kind":"transformer","label":"Pole-mount transformer","ratingKVA":25.0,"primaryKV":13.8,"secondaryKV":0.24,"phases":1,"phase":"B","feeder":"F1-02","mount":"pole","customers":6,"designKVA":26.4,"loadingPct":105.6,"elevationM":90.22}},{"type":"Feature","id":"electric-TX-00086","geometry":{"type":"Point","coordinates":[-80.5984831,43.2977592]},"properties":{"kind":"transformer","label":"Pole-mount transformer","ratingKVA":50.0,"primaryKV":13.8,"secondaryKV":0.24,"phases":1,"phase":"B","feeder":"F1-02","mount":"pole","customers":3,"designKVA":35.9,"loadingPct":71.8,"elevationM":90.171}},{"type":"Feature","id":"electric-TX-00087","geometry":{"type":"Point","coordinates":[-80.5982794,43.2975983]},"properties":{"kind":"transformer","label":"Pad-mount transformer","ratingKVA":25.0,"primaryKV":13.8,"secondaryKV":0.24,"phases":1,"phase":"B","feeder":"F1-02","mount":"pad","customers":1,"designKVA":4.77,"loadingPct":19.1,"elevationM":89.915}},{"type":"Feature","id":"electric-TX-00088","geometry":{"type":"Point","coordinates":[-80.5984472,43.2974575]},"properties":{"kind":"transformer","label":"Pole-mount transformer","ratingKVA":25.0,"primaryKV":13.8,"secondaryKV":0.24,"phases":1,"phase":"B","feeder":"F1-02","mount":"pole","customers":1,"designKVA":0.98,"loadingPct":3.9,"elevationM":89.835}},{"type":"Feature","id":"electric-TX-00089","geometry":{"type":"Point","coordinates":[-80.5982421,43.2971827]},"properties":{"kind":"transformer","label":"Pad-mount transformer","ratingKVA":25.0,"primaryKV":13.8,"secondaryKV":0.24,"phases":1,"phase":"B","feeder":"F1-02","mount":"pad","customers":6,"designKVA":21.08,"loadingPct":84.3,"elevationM":89.25}},{"type":"Feature","id":"electric-TX-00090","geometry":{"type":"Point","coordinates":[-80.5982364,43.2965954]},"properties":{"kind":"transformer","label":"Pad-mount transformer","ratingKVA":25.0,"primaryKV":13.8,"secondaryKV":0.24,"phases":1,"phase":"B","feeder":"F1-02","mount":"pad","customers":1,"designKVA":1.49,"loadingPct":6.0,"elevationM":87.998}},{"type":"Feature","id":"electric-TX-00091","geometry":{"type":"Point","coordinates":[-80.5975574,43.3000258]},"properties":{"kind":"transformer","label":"Pole-mount transformer","ratingKVA":25.0,"primaryKV":13.8,"secondaryKV":0.24,"phases":1,"phase":"A","feeder":"F1-02","mount":"pole","customers":6,"designKVA":19.1,"loadingPct":76.4,"elevationM":88.601}},{"type":"Feature","id":"electric-TX-00092","geometry":{"type":"Point","coordinates":[-80.5976593,43.3005419]},"properties":{"kind":"transformer","label":"Pole-mount transformer","ratingKVA":25.0,"primaryKV":13.8,"secondaryKV":0.24,"phases":1,"phase":"A","feeder":"F1-02","mount":"pole","customers":6,"designKVA":21.17,"loadingPct":84.7,"elevationM":88.54}},{"type":"Feature","id":"electric-TX-00093","geometry":{"type":"Point","coordinates":[-80.5977172,43.3010448]},"properties":{"kind":"transformer","label":"Pole-mount transformer","ratingKVA":25.0,"primaryKV":13.8,"secondaryKV":0.24,"phases":1,"phase":"A","feeder":"F1-02","mount":"pole","customers":6,"designKVA":16.74,"loadingPct":67.0,"elevationM":88.391}},{"type":"Feature","id":"electric-TX-00094","geometry":{"type":"Point","coordinates":[-80.5977156,43.3015541]},"properties":{"kind":"transformer","label":"Pole-mount transformer","ratingKVA":25.0,"primaryKV":13.8,"secondaryKV":0.24,"phases":1,"phase":"A","feeder":"F1-02","mount":"pole","customers":6,"designKVA":11.42,"loadingPct":45.7,"elevationM":88.152}},{"type":"Feature","id":"electric-TX-00095","geometry":{"type":"Point","coordinates":[-80.5976683,43.3019785]},"properties":{"kind":"transformer","label":"Pole-mount transformer","ratingKVA":25.0,"primaryKV":13.8,"secondaryKV":0.24,"phases":1,"phase":"A","feeder":"F1-02","mount":"pole","customers":4,"designKVA":22.07,"loadingPct":88.3,"elevationM":87.908}},{"type":"Feature","id":"electric-TX-00096","geometry":{"type":"Point","coordinates":[-80.5975564,43.3024865]},"properties":{"kind":"transformer","label":"Pad-mount transformer","ratingKVA":50.0,"primaryKV":13.8,"secondaryKV":0.24,"phases":1,"phase":"A","feeder":"F1-02","mount":"pad","customers":8,"designKVA":40.01,"loadingPct":80.0,"elevationM":87.738}},{"type":"Feature","id":"electric-TX-00097","geometry":{"type":"Point","coordinates":[-80.5975078,43.2991241]},"properties":{"kind":"transformer","label":"Pole-mount transformer","ratingKVA":25.0,"primaryKV":13.8,"secondaryKV":0.24,"phases":1,"phase":"B","feeder":"F1-02","mount":"pole","customers":6,"designKVA":23.18,"loadingPct":92.7,"elevationM":89.067}},{"type":"Feature","id":"electric-TX-00098","geometry":{"type":"Point","coordinates":[-80.5974398,43.2986444]},"properties":{"kind":"transformer","label":"Pole-mount transformer","ratingKVA":25.0,"primaryKV":13.8,"secondaryKV":0.24,"phases":1,"phase":"B","feeder":"F1-02","mount":"pole","customers":6,"designKVA":29.24,"loadingPct":117.0,"elevationM":89.453}},{"type":"Feature","id":"electric-TX-00099","geometry":{"type":"Point","coordinates":[-80.5973984,43.298332]},"properties":{"kind":"transformer","label":"Pole-mount transformer","ratingKVA":25.0,"primaryKV":13.8,"secondaryKV":0.24,"phases":1,"phase":"B","feeder":"F1-02","mount":"pole","customers":2,"designKVA":4.81,"loadingPct":19.2,"elevationM":89.637}},{"type":"Feature","id":"electric-TX-00100","geometry":{"type":"Point","coordinates":[-80.5972054,43.2982441]},"properties":{"kind":"transformer","label":"Pad-mount transformer","ratingKVA":25.0,"primaryKV":13.8,"secondaryKV":0.24,"phases":1,"phase":"B","feeder":"F1-02","mount":"pad","customers":1,"designKVA":2.22,"loadingPct":8.9,"elevationM":89.637}},{"type":"Feature","id":"electric-TX-00101","geometry":{"type":"Point","coordinates":[-80.5973752,43.2981135]},"properties":{"kind":"transformer","label":"Pole-mount transformer","ratingKVA":25.0,"primaryKV":13.8,"secondaryKV":0.24,"phases":1,"phase":"B","feeder":"F1-02","mount":"pole","customers":1,"designKVA":11.34,"loadingPct":45.4,"elevationM":89.706}},{"type":"Feature","id":"electric-TX-00102","geometry":{"type":"Point","coordinates":[-80.5971907,43.2980955]},"properties":{"kind":"transformer","label":"Pad-mount transformer","ratingKVA":25.0,"primaryKV":13.8,"secondaryKV":0.24,"phases":1,"phase":"B","feeder":"F1-02","mount":"pad","customers":1,"designKVA":5.69,"loadingPct":22.8,"elevationM":89.671}},{"type":"Feature","id":"electric-TX-00103","geometry":{"type":"Point","coordinates":[-80.5973612,43.2979391]},"properties":{"kind":"transformer","label":"Pole-mount transformer","ratingKVA":25.0,"primaryKV":13.8,"secondaryKV":0.24,"phases":1,"phase":"B","feeder":"F1-02","mount":"pole","customers":1,"designKVA":5.64,"loadingPct":22.6,"elevationM":89.712}},{"type":"Feature","id":"electric-TX-00104","geometry":{"type":"Point","coordinates":[-80.5973639,43.2974452]},"properties":{"kind":"transformer","label":"Pad-mount transformer","ratingKVA":25.0,"primaryKV":13.8,"secondaryKV":0.24,"phases":1,"phase":"B","feeder":"F1-02","mount":"pad","customers":5,"designKVA":25.29,"loadingPct":101.2,"elevationM":89.266}},{"type":"Feature","id":"electric-TX-00105","geometry":{"type":"Point","coordinates":[-80.5974043,43.2968615]},"properties":{"kind":"transformer","label":"Pad-mount transformer","ratingKVA":25.0,"primaryKV":13.8,"secondaryKV":0.24,"phases":1,"phase":"B","feeder":"F1-02","mount":"pad","customers":2,"designKVA":11.45,"loadingPct":45.8,"elevationM":88.132}},{"type":"Feature","id":"electric-TX-00106","geometry":{"type":"Point","coordinates":[-80.5965491,43.3001835]},"properties":{"kind":"transformer","label":"Pole-mount transformer","ratingKVA":25.0,"primaryKV":13.8,"secondaryKV":0.24,"phases":1,"phase":"C","feeder":"F1-02","mount":"pole","customers":1,"designKVA":5.42,"loadingPct":21.7,"elevationM":88.928}},{"type":"Feature","id":"electric-TX-00107","geometry":{"type":"Point","coordinates":[-80.5963961,43.3003454]},"properties":{"kind":"transformer","label":"Pad-mount transformer","ratingKVA":25.0,"primaryKV":13.8,"secondaryKV":0.24,"phases":1,"phase":"C","feeder":"F1-02","mount":"pad","customers":1,"designKVA":10.67,"loadingPct":42.7,"elevationM":89.057}},{"type":"Feature","id":"electric-TX-00108","geometry":{"type":"Point","coordinates":[-80.5965793,43.3003391]},"properties":{"kind":"transformer","label":"Pole-mount transformer","ratingKVA":25.0,"primaryKV":13.8,"secondaryKV":0.24,"phases":1,"phase":"C","feeder":"F1-02","mount":"pole","customers":1,"designKVA":4.41,"loadingPct":17.6,"elevationM":88.905}},{"type":"Feature","id":"electric-TX-00109","geometry":{"type":"Point","coordinates":[-80.5964269,43.300493]},"properties":{"kind":"transformer","label":"Pad-mount transformer","ratingKVA":25.0,"primaryKV":13.8,"secondaryKV":0.24,"phases":1,"phase":"C","feeder":"F1-02","mount":"pad","customers":1,"designKVA":11.25,"loadingPct":45.0,"elevationM":89.025}},{"type":"Feature","id":"electric-TX-00110","geometry":{"type":"Point","coordinates":[-80.5966241,43.300551]},"properties":{"kind":"transformer","label":"Pole-mount transformer","ratingKVA":25.0,"primaryKV":13.8,"secondaryKV":0.24,"phases":1,"phase":"C","feeder":"F1-02","mount":"pole","customers":2,"designKVA":7.03,"loadingPct":28.1,"elevationM":88.876}},{"type":"Feature","id":"electric-TX-00111","geometry":{"type":"Point","coordinates":[-80.5964594,43.3006437]},"properties":{"kind":"transformer","label":"Pad-mount transformer","ratingKVA":25.0,"primaryKV":13.8,"secondaryKV":0.24,"phases":1,"phase":"C","feeder":"F1-02","mount":"pad","customers":1,"designKVA":6.24,"loadingPct":25.0,"elevationM":88.996}},{"type":"Feature","id":"electric-TX-00112","geometry":{"type":"Point","coordinates":[-80.5966718,43.3007691]},"properties":{"kind":"transformer","label":"Pole-mount transformer","ratingKVA":25.0,"primaryKV":13.8,"secondaryKV":0.24,"phases":1,"phase":"C","feeder":"F1-02","mount":"pole","customers":1,"designKVA":4.41,"loadingPct":17.6,"elevationM":88.854}},{"type":"Feature","id":"electric-TX-00113","geometry":{"type":"Point","coordinates":[-80.5965078,43.3008652]},"properties":{"kind":"transformer","label":"Pad-mount transformer","ratingKVA":25.0,"primaryKV":13.8,"secondaryKV":0.24,"phases":1,"phase":"C","feeder":"F1-02","mount":"pad","customers":2,"designKVA":9.45,"loadingPct":37.8,"elevationM":88.963}},{"type":"Feature","id":"electric-TX-00114","geometry":{"type":"Point","coordinates":[-80.5967047,43.3009214]},"properties":{"kind":"transformer","label":"Pole-mount transformer","ratingKVA":25.0,"primaryKV":13.8,"secondaryKV":0.24,"phases":1,"phase":"C","feeder":"F1-02","mount":"pole","customers":1,"designKVA":1.99,"loadingPct":8.0,"elevationM":88.844}},{"type":"Feature","id":"electric-TX-00115","geometry":{"type":"Point","coordinates":[-80.5965532,43.3010817]},"properties":{"kind":"transformer","label":"Pad-mount transformer","ratingKVA":25.0,"primaryKV":13.8,"secondaryKV":0.24,"phases":1,"phase":"C","feeder":"F1-02","mount":"pad","customers":1,"designKVA":12.75,"loadingPct":51.0,"elevationM":88.944}},{"type":"Feature","id":"electric-TX-00116","geometry":{"type":"Point","coordinates":[-80.5967374,43.3010803]},"properties":{"kind":"transformer","label":"Pole-mount transformer","ratingKVA":25.0,"primaryKV":13.8,"secondaryKV":0.24,"phases":1,"phase":"C","feeder":"F1-02","mount":"pole","customers":1,"designKVA":4.51,"loadingPct":18.1,"elevationM":88.837}},{"type":"Feature","id":"electric-TX-00117","geometry":{"type":"Point","coordinates":[-80.5965823,43.3012348]},"properties":{"kind":"transformer","label":"Pad-mount transformer","ratingKVA":25.0,"primaryKV":13.8,"secondaryKV":0.24,"phases":1,"phase":"C","feeder":"F1-02","mount":"pad","customers":1,"designKVA":5.72,"loadingPct":22.9,"elevationM":88.939}},{"type":"Feature","id":"electric-TX-00118","geometry":{"type":"Point","coordinates":[-80.596766,43.301231]},"properties":{"kind":"transformer","label":"Pole-mount transformer","ratingKVA":25.0,"primaryKV":13.8,"secondaryKV":0.24,"phases":1,"phase":"C","feeder":"F1-02","mount":"pole","customers":1,"designKVA":4.45,"loadingPct":17.8,"elevationM":88.832}},{"type":"Feature","id":"electric-TX-00119","geometry":{"type":"Point","coordinates":[-80.5966088,43.3013924]},"properties":{"kind":"transformer","label":"Pad-mount transformer","ratingKVA":25.0,"primaryKV":13.8,"secondaryKV":0.24,"phases":1,"phase":"C","feeder":"F1-02","mount":"pad","customers":1,"designKVA":4.62,"loadingPct":18.5,"elevationM":88.939}},{"type":"Feature","id":"electric-TX-00120","geometry":{"type":"Point","coordinates":[-80.5967911,43.3013819]},"properties":{"kind":"transformer","label":"Pole-mount transformer","ratingKVA":25.0,"primaryKV":13.8,"secondaryKV":0.24,"phases":1,"phase":"C","feeder":"F1-02","mount":"pole","customers":1,"designKVA":5.73,"loadingPct":22.9,"elevationM":88.829}},{"type":"Feature","id":"electric-TX-00121","geometry":{"type":"Point","coordinates":[-80.5966298,43.3015412]},"properties":{"kind":"transformer","label":"Pad-mount transformer","ratingKVA":25.0,"primaryKV":13.8,"secondaryKV":0.24,"phases":1,"phase":"C","feeder":"F1-02","mount":"pad","customers":1,"designKVA":8.49,"loadingPct":34.0,"elevationM":88.944}},{"type":"Feature","id":"electric-TX-00122","geometry":{"type":"Point","coordinates":[-80.5968219,43.3016085]},"properties":{"kind":"transformer","label":"Pole-mount transformer","ratingKVA":25.0,"primaryKV":13.8,"secondaryKV":0.24,"phases":1,"phase":"C","feeder":"F1-02","mount":"pole","customers":2,"designKVA":4.29,"loadingPct":17.1,"elevationM":88.823}},{"type":"Feature","id":"electric-TX-00123","geometry":{"type":"Point","coordinates":[-80.5968631,43.3020736]},"properties":{"kind":"transformer","label":"Pad-mount transformer","ratingKVA":50.0,"primaryKV":13.8,"secondaryKV":0.24,"phases":1,"phase":"C","feeder":"F1-02","mount":"pad","customers":10,"designKVA":37.1,"loadingPct":74.2,"elevationM":88.796}},{"type":"Feature","id":"electric-TX-00124","geometry":{"type":"Point","coordinates":[-80.5968239,43.3026633]},"properties":{"kind":"transformer","label":"Pad-mount transformer","ratingKVA":25.0,"primaryKV":13.8,"secondaryKV":0.24,"phases":1,"phase":"C","feeder":"F1-02","mount":"pad","customers":2,"designKVA":2.68,"loadingPct":10.7,"elevationM":88.907}},{"type":"Feature","id":"electric-TX-00125","geometry":{"type":"Point","coordinates":[-80.5964903,43.2998023]},"properties":{"kind":"transformer","label":"Pole-mount transformer","ratingKVA":25.0,"primaryKV":13.8,"secondaryKV":0.24,"phases":1,"phase":"C","feeder":"F1-02","mount":"pole","customers":1,"designKVA":4.83,"loadingPct":19.3,"elevationM":88.997}},{"type":"Feature","id":"electric-TX-00126","geometry":{"type":"Point","coordinates":[-80.5962253,43.299967]},"properties":{"kind":"transformer","label":"Pole-mount transformer","ratingKVA":25.0,"primaryKV":13.8,"secondaryKV":0.24,"phases":1,"phase":"C","feeder":"F1-02","mount":"pole","customers":1,"designKVA":8.23,"loadingPct":32.9,"elevationM":89.238}},{"type":"Feature","id":"electric-TX-00127","geometry":{"type":"Point","coordinates":[-80.5957812,43.3001]},"properties":{"kind":"transformer","label":"Pad-mount transformer","ratingKVA":25.0,"primaryKV":13.8,"secondaryKV":0.24,"phases":1,"phase":"A","feeder":"F1-02","mount":"pad","customers":6,"designKVA":18.63,"loadingPct":74.5,"elevationM":89.751}},{"type":"Feature","id":"electric-TX-00128","geometry":{"type":"Point","coordinates":[-80.5963128,43.2986984]},"properties":{"kind":"transformer","label":"Pad-mount transformer","ratingKVA":50.0,"primaryKV":13.8,"secondaryKV":0.24,"phases":1,"phase":"B","feeder":"F1-02","mount":"pad","customers":8,"designKVA":40.93,"loadingPct":81.9,"elevationM":89.495}},{"type":"Feature","id":"electric-TX-00129","geometry":{"type":"Point","coordinates":[-80.5961585,43.2990015]},"properties":{"kind":"transformer","label":"Pole-mount transformer","ratingKVA":25.0,"primaryKV":13.8,"secondaryKV":0.24,"phases":1,"phase":"B","feeder":"F1-02","mount":"pole","customers":1,"designKVA":4.69,"loadingPct":18.7,"elevationM":89.481}},{"type":"Feature","id":"electric-TX-00130","geometry":{"type":"Point","coordinates":[-80.5961607,43.2991441]},"properties":{"kind":"transformer","label":"Pad-mount transformer","ratingKVA":25.0,"primaryKV":13.8,"secondaryKV":0.24,"phases":1,"phase":"B","feeder":"F1-02","mount":"pad","customers":1,"designKVA":0.99,"loadingPct":4.0,"elevationM":89.445}},{"type":"Feature","id":"electric-TX-00131","geometry":{"type":"Point","coordinates":[-80.5961768,43.2991533]},"properties":{"kind":"transformer","label":"Pole-mount transformer","ratingKVA":25.0,"primaryKV":13.8,"secondaryKV":0.24,"phases":1,"phase":"B","feeder":"F1-02","mount":"pole","customers":1,"designKVA":4.21,"loadingPct":16.8,"elevationM":89.431}},{"type":"Feature","id":"electric-TX-00132","geometry":{"type":"Point","coordinates":[-80.5961817,43.2993026]},"properties":{"kind":"transformer","label":"Pad-mount transformer","ratingKVA":25.0,"primaryKV":13.8,"secondaryKV":0.24,"phases":1,"phase":"B","feeder":"F1-02","mount":"pad","customers":1,"designKVA":4.49,"loadingPct":17.9,"elevationM":89.39}},{"type":"Feature","id":"electric-TX-00133","geometry":{"type":"Point","coordinates":[-80.5961967,43.2993035]},"properties":{"kind":"transformer","label":"Pole-mount transformer","ratingKVA":25.0,"primaryKV":13.8,"secondaryKV":0.24,"phases":1,"phase":"B","feeder":"F1-02","mount":"pole","customers":1,"designKVA":6.05,"loadingPct":24.2,"elevationM":89.378}},{"type":"Feature","id":"electric-TX-00134","geometry":{"type":"Point","coordinates":[-80.5955886,43.3013165]},"properties":{"kind":"transformer","label":"Pad-mount transformer","ratingKVA":25.0,"primaryKV":13.8,"secondaryKV":0.24,"phases":1,"phase":"A","feeder":"F1-02","mount":"pad","customers":8,"designKVA":30.43,"loadingPct":121.7,"elevationM":89.519}},{"type":"Feature","id":"electric-TX-00135","geometry":{"type":"Point","coordinates":[-80.5952695,43.3006466]},"properties":{"kind":"transformer","label":"Pad-mount transformer","ratingKVA":50.0,"primaryKV":13.8,"secondaryKV":0.24,"phases":1,"phase":"A","feeder":"F1-02","mount":"pad","customers":10,"designKVA":32.88,"loadingPct":65.8,"elevationM":90.108}},{"type":"Feature","id":"electric-TX-00136","geometry":{"type":"Point","coordinates":[-80.6009717,43.2997398]},"properties":{"kind":"transformer","label":"Pad-mount transformer","ratingKVA":75.0,"primaryKV":13.8,"secondaryKV":0.208,"phases":3,"phase":"ABC","feeder":"F1-01","mount":"pad","customers":2,"designKVA":35.5,"loadingPct":47.3,"elevationM":88.659}},{"type":"Feature","id":"electric-TX-00137","geometry":{"type":"Point","coordinates":[-80.6005043,43.2966233]},"properties":{"kind":"transformer","label":"Pad-mount transformer","ratingKVA":75.0,"primaryKV":13.8,"secondaryKV":0.208,"phases":3,"phase":"ABC","feeder":"F1-01","mount":"pad","customers":3,"designKVA":49.69,"loadingPct":66.3,"elevationM":88.729}},{"type":"Feature","id":"electric-TX-00138","geometry":{"type":"Point","coordinates":[-80.6004829,43.2969237]},"properties":{"kind":"transformer","label":"Pad-mount transformer","ratingKVA":75.0,"primaryKV":13.8,"secondaryKV":0.208,"phases":3,"phase":"ABC","feeder":"F1-01","mount":"pad","customers":3,"designKVA":49.94,"loadingPct":66.6,"elevationM":89.34}},{"type":"Feature","id":"electric-TX-00139","geometry":{"type":"Point","coordinates":[-80.6008089,43.2972272]},"properties":{"kind":"transformer","label":"Pad-mount transformer","ratingKVA":75.0,"primaryKV":13.8,"secondaryKV":0.208,"phases":3,"phase":"ABC","feeder":"F1-01","mount":"pad","customers":3,"designKVA":60.66,"loadingPct":80.9,"elevationM":89.652}},{"type":"Feature","id":"electric-TX-00140","geometry":{"type":"Point","coordinates":[-80.6007993,43.2973807]},"properties":{"kind":"transformer","label":"Pad-mount transformer","ratingKVA":150.0,"primaryKV":13.8,"secondaryKV":0.208,"phases":3,"phase":"ABC","feeder":"F1-01","mount":"pad","customers":3,"designKVA":83.41,"loadingPct":55.6,"elevationM":89.868}},{"type":"Feature","id":"electric-TX-00141","geometry":{"type":"Point","coordinates":[-80.6004366,43.2976673]},"properties":{"kind":"transformer","label":"Pad-mount transformer","ratingKVA":75.0,"primaryKV":13.8,"secondaryKV":0.208,"phases":3,"phase":"ABC","feeder":"F1-01","mount":"pad","customers":3,"designKVA":69.68,"loadingPct":92.9,"elevationM":90.505}},{"type":"Feature","id":"electric-TX-00142","geometry":{"type":"Point","coordinates":[-80.6007667,43.297968]},"properties":{"kind":"transformer","label":"Pad-mount transformer","ratingKVA":75.0,"primaryKV":13.8,"secondaryKV":0.208,"phases":3,"phase":"ABC","feeder":"F1-01","mount":"pad","customers":3,"designKVA":65.1,"loadingPct":86.8,"elevationM":90.298}},{"type":"Feature","id":"electric-TX-00143","geometry":{"type":"Point","coordinates":[-80.6007529,43.2982662]},"properties":{"kind":"transformer","label":"Pad-mount transformer","ratingKVA":75.0,"primaryKV":13.8,"secondaryKV":0.208,"phases":3,"phase":"ABC","feeder":"F1-01","mount":"pad","customers":3,"designKVA":52.49,"loadingPct":70.0,"elevationM":90.188}},{"type":"Feature","id":"electric-TX-00144","geometry":{"type":"Point","coordinates":[-80.6003955,43.2985532]},"properties":{"kind":"transformer","label":"Pad-mount transformer","ratingKVA":75.0,"primaryKV":13.8,"secondaryKV":0.208,"phases":3,"phase":"ABC","feeder":"F1-01","mount":"pad","customers":3,"designKVA":59.11,"loadingPct":78.8,"elevationM":90.074}},{"type":"Feature","id":"electric-TX-00145","geometry":{"type":"Point","coordinates":[-80.6003901,43.2987089]},"properties":{"kind":"transformer","label":"Pad-mount transformer","ratingKVA":75.0,"primaryKV":13.8,"secondaryKV":0.208,"phases":3,"phase":"ABC","feeder":"F1-01","mount":"pad","customers":3,"designKVA":55.76,"loadingPct":74.3,"elevationM":89.812}},{"type":"Feature","id":"electric-TX-00146","geometry":{"type":"Point","coordinates":[-80.600727,43.2990041]},"properties":{"kind":"transformer","label":"Pad-mount transformer","ratingKVA":75.0,"primaryKV":13.8,"secondaryKV":0.208,"phases":3,"phase":"ABC","feeder":"F1-01","mount":"pad","customers":3,"designKVA":65.28,"loadingPct":87.0,"elevationM":89.283}},{"type":"Feature","id":"electric-TX-00147","geometry":{"type":"Point","coordinates":[-80.6003775,43.2991593]},"properties":{"kind":"transformer","label":"Pad-mount transformer","ratingKVA":75.0,"primaryKV":13.8,"secondaryKV":0.208,"phases":3,"phase":"ABC","feeder":"F1-01","mount":"pad","customers":3,"designKVA":49.78,"loadingPct":66.4,"elevationM":88.968}},{"type":"Feature","id":"electric-TX-00148","geometry":{"type":"Point","coordinates":[-80.6007142,43.3029561]},"properties":{"kind":"transformer","label":"Pad-mount transformer","ratingKVA":75.0,"primaryKV":13.8,"secondaryKV":0.208,"phases":3,"phase":"ABC","feeder":"F1-01","mount":"pad","customers":3,"designKVA":45.62,"loadingPct":60.8,"elevationM":85.356}},{"type":"Feature","id":"electric-TX-00149","geometry":{"type":"Point","coordinates":[-80.6003677,43.3026281]},"properties":{"kind":"transformer","label":"Pad-mount transformer","ratingKVA":75.0,"primaryKV":13.8,"secondaryKV":0.208,"phases":3,"phase":"ABC","feeder":"F1-01","mount":"pad","customers":3,"designKVA":64.39,"loadingPct":85.8,"elevationM":85.616}},{"type":"Feature","id":"electric-TX-00150","geometry":{"type":"Point","coordinates":[-80.6007131,43.3024599]},"properties":{"kind":"transformer","label":"Pad-mount transformer","ratingKVA":75.0,"primaryKV":13.8,"secondaryKV":0.208,"phases":3,"phase":"ABC","feeder":"F1-01","mount":"pad","customers":3,"designKVA":60.65,"loadingPct":80.9,"elevationM":85.817}},{"type":"Feature","id":"electric-TX-00151","geometry":{"type":"Point","coordinates":[-80.6003671,43.3021323]},"properties":{"kind":"transformer","label":"Pad-mount transformer","ratingKVA":75.0,"primaryKV":13.8,"secondaryKV":0.208,"phases":3,"phase":"ABC","feeder":"F1-01","mount":"pad","customers":3,"designKVA":68.6,"loadingPct":91.5,"elevationM":86.363}},{"type":"Feature","id":"electric-TX-00152","geometry":{"type":"Point","coordinates":[-80.600367,43.3019552]},"properties":{"kind":"transformer","label":"Pad-mount transformer","ratingKVA":75.0,"primaryKV":13.8,"secondaryKV":0.208,"phases":3,"phase":"ABC","feeder":"F1-01","mount":"pad","customers":3,"designKVA":60.02,"loadingPct":80.0,"elevationM":86.713}},{"type":"Feature","id":"electric-TX-00153","geometry":{"type":"Point","coordinates":[-80.6007126,43.3016304]},"properties":{"kind":"transformer","label":"Pad-mount transformer","ratingKVA":75.0,"primaryKV":13.8,"secondaryKV":0.208,"phases":3,"phase":"ABC","feeder":"F1-01","mount":"pad","customers":3,"designKVA":48.24,"loadingPct":64.3,"elevationM":87.19}},{"type":"Feature","id":"electric-TX-00154","geometry":{"type":"Point","coordinates":[-80.6007127,43.3014537]},"properties":{"kind":"transformer","label":"Pad-mount transformer","ratingKVA":75.0,"primaryKV":13.8,"secondaryKV":0.208,"phases":3,"phase":"ABC","feeder":"F1-01","mount":"pad","customers":3,"designKVA":46.86,"loadingPct":62.5,"elevationM":87.438}},{"type":"Feature","id":"electric-TX-00155","geometry":{"type":"Point","coordinates":[-80.6003672,43.3011246]},"properties":{"kind":"transformer","label":"Pad-mount transformer","ratingKVA":75.0,"primaryKV":13.8,"secondaryKV":0.208,"phases":3,"phase":"ABC","feeder":"F1-01","mount":"pad","customers":3,"designKVA":44.61,"loadingPct":59.5,"elevationM":87.747}},{"type":"Feature","id":"electric-TX-00156","geometry":{"type":"Point","coordinates":[-80.6007129,43.3009525]},"properties":{"kind":"transformer","label":"Pad-mount transformer","ratingKVA":75.0,"primaryKV":13.8,"secondaryKV":0.208,"phases":3,"phase":"ABC","feeder":"F1-01","mount":"pad","customers":3,"designKVA":53.58,"loadingPct":71.4,"elevationM":87.954}},{"type":"Feature","id":"electric-TX-00157","geometry":{"type":"Point","coordinates":[-80.6003676,43.3006125]},"properties":{"kind":"transformer","label":"Pad-mount transformer","ratingKVA":75.0,"primaryKV":13.8,"secondaryKV":0.208,"phases":3,"phase":"ABC","feeder":"F1-01","mount":"pad","customers":3,"designKVA":55.91,"loadingPct":74.5,"elevationM":87.963}},{"type":"Feature","id":"electric-TX-00158","geometry":{"type":"Point","coordinates":[-80.6007133,43.3004463]},"properties":{"kind":"transformer","label":"Pad-mount transformer","ratingKVA":75.0,"primaryKV":13.8,"secondaryKV":0.208,"phases":3,"phase":"ABC","feeder":"F1-01","mount":"pad","customers":3,"designKVA":58.61,"loadingPct":78.2,"elevationM":88.228}},{"type":"Feature","id":"electric-TX-00159","geometry":{"type":"Point","coordinates":[-80.6003678,43.3001195]},"properties":{"kind":"transformer","label":"Pad-mount transformer","ratingKVA":75.0,"primaryKV":13.8,"secondaryKV":0.208,"phases":3,"phase":"ABC","feeder":"F1-01","mount":"pad","customers":3,"designKVA":38.09,"loadingPct":50.8,"elevationM":88.01}},{"type":"Feature","id":"electric-TX-00160","geometry":{"type":"Point","coordinates":[-80.600368,43.2999436]},"properties":{"kind":"transformer","label":"Pad-mount transformer","ratingKVA":75.0,"primaryKV":13.8,"secondaryKV":0.208,"phases":3,"phase":"ABC","feeder":"F1-01","mount":"pad","customers":1,"designKVA":25.2,"loadingPct":33.6,"elevationM":88.017}},{"type":"Feature","id":"electric-TX-00161","geometry":{"type":"Point","coordinates":[-80.5997825,43.3000408]},"properties":{"kind":"transformer","label":"Pad-mount transformer","ratingKVA":75.0,"primaryKV":13.8,"secondaryKV":0.208,"phases":3,"phase":"ABC","feeder":"F1-02","mount":"pad","customers":3,"designKVA":59.83,"loadingPct":79.8,"elevationM":87.907}},{"type":"Feature","id":"electric-TX-00162","geometry":{"type":"Point","coordinates":[-80.5997386,43.3003983]},"properties":{"kind":"transformer","label":"Pad-mount transformer","ratingKVA":75.0,"primaryKV":13.8,"secondaryKV":0.208,"phases":3,"phase":"ABC","feeder":"F1-02","mount":"pad","customers":2,"designKVA":43.58,"loadingPct":58.1,"elevationM":87.913}},{"type":"Feature","id":"electric-TX-00163","geometry":{"type":"Point","coordinates":[-80.5996876,43.2993093]},"properties":{"kind":"transformer","label":"Pad-mount transformer","ratingKVA":75.0,"primaryKV":13.8,"secondaryKV":0.208,"phases":3,"phase":"ABC","feeder":"F1-02","mount":"pad","customers":3,"designKVA":60.33,"loadingPct":80.4,"elevationM":88.651}},{"type":"Feature","id":"electric-TX-00164","geometry":{"type":"Point","coordinates":[-80.5995113,43.2990788]},"properties":{"kind":"transformer","label":"Pad-mount transformer","ratingKVA":75.0,"primaryKV":13.8,"secondaryKV":0.208,"phases":3,"phase":"ABC","feeder":"F1-02","mount":"pad","customers":2,"designKVA":60.34,"loadingPct":80.4,"elevationM":89.099}},{"type":"Feature","id":"electric-TX-00165","geometry":{"type":"Point","coordinates":[-80.5979546,43.2994797]},"properties":{"kind":"transformer","label":"Pad-mount transformer","ratingKVA":75.0,"primaryKV":13.8,"secondaryKV":0.208,"phases":3,"phase":"ABC","feeder":"F1-02","mount":"pad","customers":1,"designKVA":13.48,"loadingPct":18.0,"elevationM":88.736}},{"type":"Feature","id":"electric-TX-00166","geometry":{"type":"Point","coordinates":[-80.5969504,43.2994756]},"properties":{"kind":"transformer","label":"Pad-mount transformer","ratingKVA":75.0,"primaryKV":13.8,"secondaryKV":0.208,"phases":3,"phase":"ABC","feeder":"F1-02","mount":"pad","customers":1,"designKVA":13.48,"loadingPct":18.0,"elevationM":88.848}},{"type":"Feature","id":"electric-TX-00167","geometry":{"type":"Point","coordinates":[-80.5959124,43.2997219]},"properties":{"kind":"transformer","label":"Pad-mount transformer","ratingKVA":75.0,"primaryKV":13.8,"secondaryKV":0.208,"phases":3,"phase":"ABC","feeder":"F1-02","mount":"pad","customers":2,"designKVA":25.35,"loadingPct":33.8,"elevationM":89.601}},{"type":"Feature","id":"electric-TX-00168","geometry":{"type":"Point","coordinates":[-80.6063106,43.2998671]},"properties":{"kind":"transformer","label":"Pad-mount transformer","ratingKVA":75.0,"primaryKV":13.8,"secondaryKV":0.208,"phases":3,"phase":"ABC","feeder":"F1-01","mount":"pad","customers":1,"designKVA":41.05,"loadingPct":54.7,"elevationM":88.471}},{"type":"Feature","id":"electric-TX-00169","geometry":{"type":"Point","coordinates":[-80.6006639,43.2947586]},"properties":{"kind":"transformer","label":"Pad-mount transformer","ratingKVA":500.0,"primaryKV":13.8,"secondaryKV":0.6,"phases":3,"phase":"ABC","feeder":"F1-01","mount":"pad","customers":1,"designKVA":374.35,"loadingPct":74.9,"elevationM":85.793}},{"type":"Feature","id":"electric-TX-00170","geometry":{"type":"Point","coordinates":[-80.6007258,43.3045862]},"properties":{"kind":"transformer","label":"Pad-mount transformer","ratingKVA":75.0,"primaryKV":13.8,"secondaryKV":0.208,"phases":3,"phase":"ABC","feeder":"F1-01","mount":"pad","customers":1,"designKVA":15.96,"loadingPct":21.3,"elevationM":83.57}},{"type":"Feature","id":"electric-TX-00171","geometry":{"type":"Point","coordinates":[-80.5936146,43.2994544]},"properties":{"kind":"transformer","label":"Pad-mount transformer","ratingKVA":500.0,"primaryKV":13.8,"secondaryKV":0.6,"phases":3,"phase":"ABC","feeder":"F1-02","mount":"pad","customers":1,"designKVA":374.3,"loadingPct":74.9,"elevationM":91.411}}]}