{"type":"FeatureCollection","name":"gas_mains","crs_note":"EPSG:4326","features":[{"type":"Feature","id":"gas-E1","geometry":{"type":"LineString","coordinates":[[-80.5937012,43.2992783],[-80.5936978,43.2996242]]},"properties":{"kind":"trunk","tier":"trunk","placement":"underground","from":"gas-station","to":"gas-J-T558","lengthM":38.5,"sizeMm":150,"diameterIn":5.9,"nominalLabel":"6\" PE","material":"PE SDR11","depthM":1.0,"pressureKPa":414.0,"pressureTier":"mp"}},{"type":"Feature","id":"gas-E2","geometry":{"type":"LineString","coordinates":[[-80.5936978,43.2996242],[-80.5937738,43.2996246],[-80.593851,43.299625],[-80.5939281,43.2996255],[-80.5940053,43.2996259],[-80.5940685,43.2996263]]},"properties":{"kind":"distribution","tier":"trunk","placement":"underground","from":"gas-J-T558","to":"gas-J-52","lengthM":30.03,"sizeMm":150,"diameterIn":5.9,"nominalLabel":"6\" PE","material":"PE SDR11","depthM":1.0,"pressureKPa":414.0,"pressureTier":"mp","customers":502,"designM3h":1282.747,"roadEdge":59}},{"type":"Feature","id":"gas-E3","geometry":{"type":"LineString","coordinates":[[-80.5936978,43.2996242],[-80.5936967,43.2996241],[-80.5936144,43.2996238],[-80.59357,43.2996174]]},"properties":{"kind":"distribution","tier":"distribution","placement":"underground","from":"gas-J-T558","to":"gas-T-557","lengthM":10.42,"sizeMm":50,"diameterIn":2.0,"nominalLabel":"2\" PE","material":"PE SDR11","depthM":1.0,"pressureKPa":414.0,"pressureTier":"mp","customers":1,"designM3h":174.646,"roadEdge":59}},{"type":"Feature","id":"gas-E4","geometry":{"type":"LineString","coordinates":[[-80.5940685,43.2996263],[-80.5940824,43.2996264],[-80.5941596,43.2996268],[-80.5943139,43.2996276],[-80.5943937,43.2996281],[-80.5944714,43.299623]]},"properties":{"kind":"distribution","tier":"trunk","placement":"underground","from":"gas-J-52","to":"gas-J-51","lengthM":32.67,"sizeMm":150,"diameterIn":5.9,"nominalLabel":"6\" PE","material":"PE SDR11","depthM":1.0,"pressureKPa":414.0,"pressureTier":"mp","customers":502,"designM3h":1282.747,"roadEdge":58}},{"type":"Feature","id":"gas-E5","geometry":{"type":"LineString","coordinates":[[-80.5944714,43.299623],[-80.5944272,43.2996283],[-80.5945453,43.299629],[-80.5946996,43.2996299],[-80.5947768,43.2996303],[-80.594931,43.2996312],[-80.5950082,43.2996316],[-80.5950827,43.299632],[-80.5951577,43.2996377]]},"properties":{"kind":"distribution","tier":"trunk","placement":"underground","from":"gas-J-51","to":"gas-J-50","lengthM":62.85,"sizeMm":150,"diameterIn":5.9,"nominalLabel":"6\" PE","material":"PE SDR11","depthM":1.0,"pressureKPa":414.0,"pressureTier":"mp","customers":502,"designM3h":1282.747,"roadEdge":57}},{"type":"Feature","id":"gas-E6","geometry":{"type":"LineString","coordinates":[[-80.5951577,43.2996377],[-80.5952397,43.2996329],[-80.5953211,43.2996333],[-80.5953727,43.2996277]]},"properties":{"kind":"distribution","tier":"trunk","placement":"underground","from":"gas-J-50","to":"gas-J-47","lengthM":17.48,"sizeMm":150,"diameterIn":5.9,"nominalLabel":"6\" PE","material":"PE SDR11","depthM":1.0,"pressureKPa":414.0,"pressureTier":"mp","customers":502,"designM3h":1282.747,"roadEdge":55}},{"type":"Feature","id":"gas-E7","geometry":{"type":"LineString","coordinates":[[-80.5953727,43.2996277],[-80.5954133,43.2996424],[-80.5953972,43.2998209],[-80.5953888,43.2999993],[-80.5953887,43.3000282]]},"properties":{"kind":"distribution","tier":"distribution","placement":"underground","from":"gas-J-47","to":"gas-J-49","lengthM":46.68,"sizeMm":50,"diameterIn":2.0,"nominalLabel":"2\" PE","material":"PE SDR11","depthM":1.0,"pressureKPa":414.0,"pressureTier":"mp","customers":21,"designM3h":69.493,"roadEdge":54}},{"type":"Feature","id":"gas-E8","geometry":{"type":"LineString","coordinates":[[-80.5953727,43.2996277],[-80.5953871,43.2996337],[-80.595471,43.2996342],[-80.5955482,43.2996347],[-80.5956254,43.299635],[-80.5957025,43.2996355],[-80.5957797,43.2996359],[-80.5957928,43.299636]]},"properties":{"kind":"distribution","tier":"trunk","placement":"underground","from":"gas-J-47","to":"gas-T-555","lengthM":34.22,"sizeMm":150,"diameterIn":5.9,"nominalLabel":"6\" PE","material":"PE SDR11","depthM":1.0,"pressureKPa":414.0,"pressureTier":"mp","customers":481,"designM3h":1224.284,"roadEdge":53}},{"type":"Feature","id":"gas-E9","geometry":{"type":"LineString","coordinates":[[-80.5953887,43.3000282],[-80.5955537,43.3000685]]},"properties":{"kind":"distribution","tier":"distribution","placement":"underground","from":"gas-J-49","to":"gas-T-441","lengthM":14.11,"sizeMm":50,"diameterIn":2.0,"nominalLabel":"2\" PE","material":"PE SDR11","depthM":1.0,"pressureKPa":414.0,"pressureTier":"mp","customers":6,"designM3h":20.23,"roadEdge":50}},{"type":"Feature","id":"gas-E10","geometry":{"type":"LineString","coordinates":[[-80.5953887,43.3000282],[-80.5953883,43.3001777],[-80.5953885,43.3001831]]},"properties":{"kind":"distribution","tier":"distribution","placement":"underground","from":"gas-J-49","to":"gas-T-462","lengthM":17.24,"sizeMm":50,"diameterIn":2.0,"nominalLabel":"2\" PE","material":"PE SDR11","depthM":1.0,"pressureKPa":414.0,"pressureTier":"mp","customers":15,"designM3h":53.699,"roadEdge":56}},{"type":"Feature","id":"gas-E11","geometry":{"type":"LineString","coordinates":[[-80.5957928,43.299636],[-80.5958568,43.2996363],[-80.5959339,43.2996367],[-80.5960111,43.2996372],[-80.596034,43.2996373]]},"properties":{"kind":"distribution","tier":"trunk","placement":"underground","from":"gas-T-555","to":"gas-T-554","lengthM":19.54,"sizeMm":150,"diameterIn":5.9,"nominalLabel":"6\" PE","material":"PE SDR11","depthM":1.0,"pressureKPa":414.0,"pressureTier":"mp","customers":480,"designM3h":1223.585,"roadEdge":53}},{"type":"Feature","id":"gas-E12","geometry":{"type":"LineString","coordinates":[[-80.5955537,43.3000685],[-80.5955631,43.3000685]]},"properties":{"kind":"distribution","tier":"distribution","placement":"underground","from":"gas-T-441","to":"gas-T-444","lengthM":0.76,"sizeMm":50,"diameterIn":2.0,"nominalLabel":"2\" PE","material":"PE SDR11","depthM":1.0,"pressureKPa":414.0,"pressureTier":"mp","customers":5,"designM3h":16.728,"roadEdge":50}},{"type":"Feature","id":"gas-E13","geometry":{"type":"LineString","coordinates":[[-80.5953885,43.3001831],[-80.595395,43.3003403]]},"properties":{"kind":"distribution","tier":"distribution","placement":"underground","from":"gas-T-462","to":"gas-T-461","lengthM":17.51,"sizeMm":50,"diameterIn":2.0,"nominalLabel":"2\" PE","material":"PE SDR11","depthM":1.0,"pressureKPa":414.0,"pressureTier":"mp","customers":14,"designM3h":50.272,"roadEdge":56}},{"type":"Feature","id":"gas-E14","geometry":{"type":"LineString","coordinates":[[-80.596034,43.2996373],[-80.5960883,43.2996375],[-80.5961654,43.299638],[-80.5962425,43.2996383],[-80.5962961,43.2996387]]},"properties":{"kind":"distribution","tier":"trunk","placement":"underground","from":"gas-T-554","to":"gas-J-46","lengthM":21.24,"sizeMm":150,"diameterIn":5.9,"nominalLabel":"6\" PE","material":"PE SDR11","depthM":1.0,"pressureKPa":414.0,"pressureTier":"mp","customers":479,"designM3h":1222.788,"roadEdge":53}},{"type":"Feature","id":"gas-E15","geometry":{"type":"LineString","coordinates":[[-80.5955631,43.3000685],[-80.5957789,43.3000685]]},"properties":{"kind":"distribution","tier":"distribution","placement":"underground","from":"gas-T-444","to":"gas-T-440","lengthM":17.48,"sizeMm":50,"diameterIn":2.0,"nominalLabel":"2\" PE","material":"PE SDR11","depthM":1.0,"pressureKPa":414.0,"pressureTier":"mp","customers":4,"designM3h":14.36,"roadEdge":50}},{"type":"Feature","id":"gas-E16","geometry":{"type":"LineString","coordinates":[[-80.595395,43.3003403],[-80.5953957,43.3003561],[-80.5954063,43.3004831]]},"properties":{"kind":"distribution","tier":"distribution","placement":"underground","from":"gas-T-461","to":"gas-T-460","lengthM":15.92,"sizeMm":50,"diameterIn":2.0,"nominalLabel":"2\" PE","material":"PE SDR11","depthM":1.0,"pressureKPa":414.0,"pressureTier":"mp","customers":13,"designM3h":48.208,"roadEdge":56}},{"type":"Feature","id":"gas-E17","geometry":{"type":"LineString","coordinates":[[-80.5962961,43.2996387],[-80.5963934,43.2996388]]},"properties":{"kind":"distribution","tier":"trunk","placement":"underground","from":"gas-J-46","to":"gas-J-45","lengthM":7.88,"sizeMm":150,"diameterIn":5.9,"nominalLabel":"6\" PE","material":"PE SDR11","depthM":1.0,"pressureKPa":414.0,"pressureTier":"mp","customers":469,"designM3h":1200.808,"roadEdge":52}},{"type":"Feature","id":"gas-E18","geometry":{"type":"LineString","coordinates":[[-80.5962961,43.2996387],[-80.5963778,43.2995897],[-80.5963518,43.29941],[-80.5963352,43.2992913]]},"properties":{"kind":"distribution","tier":"distribution","placement":"underground","from":"gas-J-46","to":"gas-T-454","lengthM":41.97,"sizeMm":50,"diameterIn":2.0,"nominalLabel":"2\" PE","material":"PE SDR11","depthM":1.0,"pressureKPa":414.0,"pressureTier":"mp","customers":10,"designM3h":28.366,"roadEdge":51}},{"type":"Feature","id":"gas-E19","geometry":{"type":"LineString","coordinates":[[-80.5957789,43.3000685],[-80.5957835,43.3000685]]},"properties":{"kind":"distribution","tier":"distribution","placement":"underground","from":"gas-T-440","to":"gas-T-443","lengthM":0.37,"sizeMm":50,"diameterIn":2.0,"nominalLabel":"2\" PE","material":"PE SDR11","depthM":1.0,"pressureKPa":414.0,"pressureTier":"mp","customers":3,"designM3h":10.565,"roadEdge":50}},{"type":"Feature","id":"gas-E20","geometry":{"type":"LineString","coordinates":[[-80.5954063,43.3004831],[-80.595407,43.3004917]]},"properties":{"kind":"distribution","tier":"distribution","placement":"underground","from":"gas-T-460","to":"gas-T-469","lengthM":0.97,"sizeMm":50,"diameterIn":2.0,"nominalLabel":"2\" PE","material":"PE SDR11","depthM":1.0,"pressureKPa":414.0,"pressureTier":"mp","customers":12,"designM3h":45.223,"roadEdge":56}},{"type":"Feature","id":"gas-E21","geometry":{"type":"LineString","coordinates":[[-80.5963934,43.2996388],[-80.5963341,43.2996416],[-80.5963512,43.2998098]]},"properties":{"kind":"distribution","tier":"distribution","placement":"underground","from":"gas-J-45","to":"gas-T-437","lengthM":23.58,"sizeMm":50,"diameterIn":2.0,"nominalLabel":"2\" PE","material":"PE SDR11","depthM":1.0,"pressureKPa":414.0,"pressureTier":"mp","customers":31,"designM3h":80.002,"roadEdge":49}},{"type":"Feature","id":"gas-E22","geometry":{"type":"LineString","coordinates":[[-80.5963934,43.2996388],[-80.5963967,43.2996391],[-80.5965511,43.2996399],[-80.5966283,43.2996403],[-80.5969369,43.2996418],[-80.5969489,43.2996418]]},"properties":{"kind":"distribution","tier":"distribution","placement":"underground","from":"gas-J-45","to":"gas-T-553","lengthM":45.01,"sizeMm":100,"diameterIn":3.9,"nominalLabel":"4\" PE","material":"PE SDR11","depthM":1.0,"pressureKPa":414.0,"pressureTier":"mp","customers":438,"designM3h":1131.59,"roadEdge":47}},{"type":"Feature","id":"gas-E23","geometry":{"type":"LineString","coordinates":[[-80.5963352,43.2992913],[-80.5963267,43.2992305],[-80.5963157,43.2991439]]},"properties":{"kind":"distribution","tier":"distribution","placement":"underground","from":"gas-T-454","to":"gas-T-448","lengthM":16.49,"sizeMm":50,"diameterIn":2.0,"nominalLabel":"2\" PE","material":"PE SDR11","depthM":1.0,"pressureKPa":414.0,"pressureTier":"mp","customers":9,"designM3h":26.252,"roadEdge":51}},{"type":"Feature","id":"gas-E24","geometry":{"type":"LineString","coordinates":[[-80.5957835,43.3000685],[-80.5959948,43.3000685]]},"properties":{"kind":"distribution","tier":"distribution","placement":"underground","from":"gas-T-443","to":"gas-T-442","lengthM":17.12,"sizeMm":50,"diameterIn":2.0,"nominalLabel":"2\" PE","material":"PE SDR11","depthM":1.0,"pressureKPa":414.0,"pressureTier":"mp","customers":2,"designM3h":8.207,"roadEdge":50}},{"type":"Feature","id":"gas-E25","geometry":{"type":"LineString","coordinates":[[-80.595407,43.3004917],[-80.5954106,43.3005345],[-80.5954212,43.300621]]},"properties":{"kind":"distribution","tier":"distribution","placement":"underground","from":"gas-T-469","to":"gas-T-459","lengthM":14.43,"sizeMm":50,"diameterIn":2.0,"nominalLabel":"2\" PE","material":"PE SDR11","depthM":1.0,"pressureKPa":414.0,"pressureTier":"mp","customers":11,"designM3h":41.417,"roadEdge":56}},{"type":"Feature","id":"gas-E26","geometry":{"type":"LineString","coordinates":[[-80.5963512,43.2998098],[-80.5963525,43.2998224],[-80.5963779,43.3000064],[-80.5963915,43.3000397]]},"properties":{"kind":"distribution","tier":"distribution","placement":"underground","from":"gas-T-437","to":"gas-J-42","lengthM":25.86,"sizeMm":50,"diameterIn":2.0,"nominalLabel":"2\" PE","material":"PE SDR11","depthM":1.0,"pressureKPa":414.0,"pressureTier":"mp","customers":30,"designM3h":77.654,"roadEdge":49}},{"type":"Feature","id":"gas-E27","geometry":{"type":"LineString","coordinates":[[-80.5969489,43.2996418],[-80.597014,43.2996421],[-80.5970912,43.2996425],[-80.5971684,43.2996428],[-80.5972455,43.2996431],[-80.5973972,43.2996438],[-80.5974716,43.2996493]]},"properties":{"kind":"distribution","tier":"distribution","placement":"underground","from":"gas-T-553","to":"gas-J-39","lengthM":42.37,"sizeMm":100,"diameterIn":3.9,"nominalLabel":"4\" PE","material":"PE SDR11","depthM":1.0,"pressureKPa":414.0,"pressureTier":"mp","customers":437,"designM3h":1131.163,"roadEdge":47}},{"type":"Feature","id":"gas-E28","geometry":{"type":"LineString","coordinates":[[-80.5963157,43.2991439],[-80.5963144,43.2991337]]},"properties":{"kind":"distribution","tier":"distribution","placement":"underground","from":"gas-T-448","to":"gas-T-453","lengthM":1.13,"sizeMm":50,"diameterIn":2.0,"nominalLabel":"2\" PE","material":"PE SDR11","depthM":1.0,"pressureKPa":414.0,"pressureTier":"mp","customers":8,"designM3h":24.448,"roadEdge":51}},{"type":"Feature","id":"gas-E29","geometry":{"type":"LineString","coordinates":[[-80.5959948,43.3000685],[-80.5960057,43.3000685]]},"properties":{"kind":"distribution","tier":"distribution","placement":"underground","from":"gas-T-442","to":"gas-T-439","lengthM":0.88,"sizeMm":50,"diameterIn":2.0,"nominalLabel":"2\" PE","material":"PE SDR11","depthM":1.0,"pressureKPa":414.0,"pressureTier":"mp","customers":1,"designM3h":6.031,"roadEdge":50}},{"type":"Feature","id":"gas-E30","geometry":{"type":"LineString","coordinates":[[-80.5954212,43.300621],[-80.5954326,43.3007131],[-80.5954426,43.300777]]},"properties":{"kind":"distribution","tier":"distribution","placement":"underground","from":"gas-T-459","to":"gas-T-458","lengthM":17.45,"sizeMm":50,"diameterIn":2.0,"nominalLabel":"2\" PE","material":"PE SDR11","depthM":1.0,"pressureKPa":414.0,"pressureTier":"mp","customers":10,"designM3h":38.222,"roadEdge":56}},{"type":"Feature","id":"gas-E31","geometry":{"type":"LineString","coordinates":[[-80.5963915,43.3000397],[-80.5964081,43.3001829],[-80.596411,43.3001978]]},"properties":{"kind":"distribution","tier":"distribution","placement":"underground","from":"gas-J-42","to":"gas-T-408","lengthM":17.67,"sizeMm":50,"diameterIn":2.0,"nominalLabel":"2\" PE","material":"PE SDR11","depthM":1.0,"pressureKPa":414.0,"pressureTier":"mp","customers":29,"designM3h":75.608,"roadEdge":48}},{"type":"Feature","id":"gas-E32","geometry":{"type":"LineString","coordinates":[[-80.5963915,43.3000397],[-80.5962253,43.3000685]]},"properties":{"kind":"distribution","tier":"distribution","placement":"underground","from":"gas-J-42","to":"gas-T-438","lengthM":13.85,"sizeMm":50,"diameterIn":2.0,"nominalLabel":"2\" PE","material":"PE SDR11","depthM":1.0,"pressureKPa":414.0,"pressureTier":"mp","customers":1,"designM3h":3.796,"roadEdge":50}},{"type":"Feature","id":"gas-E33","geometry":{"type":"LineString","coordinates":[[-80.5974716,43.2996493],[-80.5975507,43.2996444]]},"properties":{"kind":"distribution","tier":"distribution","placement":"underground","from":"gas-J-39","to":"gas-J-38","lengthM":6.43,"sizeMm":100,"diameterIn":3.9,"nominalLabel":"4\" PE","material":"PE SDR11","depthM":1.0,"pressureKPa":414.0,"pressureTier":"mp","customers":417,"designM3h":1083.879,"roadEdge":44}},{"type":"Feature","id":"gas-E34","geometry":{"type":"LineString","coordinates":[[-80.5974716,43.2996493],[-80.5974207,43.2995961],[-80.5974038,43.2994172],[-80.5973899,43.2992988]]},"properties":{"kind":"distribution","tier":"distribution","placement":"underground","from":"gas-J-39","to":"gas-T-388","lengthM":40.4,"sizeMm":50,"diameterIn":2.0,"nominalLabel":"2\" PE","material":"PE SDR11","depthM":1.0,"pressureKPa":414.0,"pressureTier":"mp","customers":20,"designM3h":56.584,"roadEdge":46}},{"type":"Feature","id":"gas-E35","geometry":{"type":"LineString","coordinates":[[-80.5963144,43.2991337],[-80.5963038,43.2990513],[-80.5962975,43.2989935]]},"properties":{"kind":"distribution","tier":"distribution","placement":"underground","from":"gas-T-453","to":"gas-T-447","lengthM":15.68,"sizeMm":50,"diameterIn":2.0,"nominalLabel":"2\" PE","material":"PE SDR11","depthM":1.0,"pressureKPa":414.0,"pressureTier":"mp","customers":7,"designM3h":22.312,"roadEdge":51}},{"type":"Feature","id":"gas-E36","geometry":{"type":"LineString","coordinates":[[-80.5954426,43.300777],[-80.5954457,43.3007963]]},"properties":{"kind":"distribution","tier":"distribution","placement":"underground","from":"gas-T-458","to":"gas-T-468","lengthM":2.17,"sizeMm":50,"diameterIn":2.0,"nominalLabel":"2\" PE","material":"PE SDR11","depthM":1.0,"pressureKPa":414.0,"pressureTier":"mp","customers":9,"designM3h":34.299,"roadEdge":56}},{"type":"Feature","id":"gas-E37","geometry":{"type":"LineString","coordinates":[[-80.596411,43.3001978],[-80.5964412,43.3003533]]},"properties":{"kind":"distribution","tier":"distribution","placement":"underground","from":"gas-T-408","to":"gas-T-409","lengthM":17.49,"sizeMm":50,"diameterIn":2.0,"nominalLabel":"2\" PE","material":"PE SDR11","depthM":1.0,"pressureKPa":414.0,"pressureTier":"mp","customers":28,"designM3h":72.661,"roadEdge":48}},{"type":"Feature","id":"gas-E38","geometry":{"type":"LineString","coordinates":[[-80.5975507,43.2996444],[-80.5976132,43.2996331],[-80.5976402,43.2997585]]},"properties":{"kind":"distribution","tier":"distribution","placement":"underground","from":"gas-J-38","to":"gas-T-372","lengthM":19.33,"sizeMm":50,"diameterIn":2.0,"nominalLabel":"2\" PE","material":"PE SDR11","depthM":1.0,"pressureKPa":414.0,"pressureTier":"mp","customers":31,"designM3h":84.851,"roadEdge":45}},{"type":"Feature","id":"gas-E39","geometry":{"type":"LineString","coordinates":[[-80.5975507,43.2996444],[-80.5975511,43.2996444],[-80.5975543,43.2996444],[-80.5976313,43.2996447],[-80.5977084,43.299645],[-80.5977523,43.2996452]]},"properties":{"kind":"distribution","tier":"distribution","placement":"underground","from":"gas-J-38","to":"gas-DREG-01","lengthM":16.33,"sizeMm":100,"diameterIn":3.9,"nominalLabel":"4\" PE","material":"PE SDR11","depthM":1.0,"pressureKPa":414.0,"pressureTier":"mp","customers":386,"designM3h":1010.278}},{"type":"Feature","id":"gas-E40","geometry":{"type":"LineString","coordinates":[[-80.5977523,43.2996452],[-80.5977855,43.2996453],[-80.5978627,43.2996456],[-80.5979399,43.2996459],[-80.5979535,43.2996459]]},"properties":{"kind":"distribution","tier":"distribution","placement":"underground","from":"gas-DREG-01","to":"gas-T-552","lengthM":16.3,"sizeMm":300,"diameterIn":11.8,"nominalLabel":"12\" cast iron (lined)","material":"cast iron","depthM":1.0,"pressureKPa":1.74,"pressureTier":"lp","customers":386,"designM3h":1010.278,"roadEdge":42}},{"type":"Feature","id":"gas-E41","geometry":{"type":"LineString","coordinates":[[-80.5973899,43.2992988],[-80.5973828,43.2992381],[-80.5973707,43.2991469]]},"properties":{"kind":"distribution","tier":"distribution","placement":"underground","from":"gas-T-388","to":"gas-T-389","lengthM":16.98,"sizeMm":50,"diameterIn":2.0,"nominalLabel":"2\" PE","material":"PE SDR11","depthM":1.0,"pressureKPa":414.0,"pressureTier":"mp","customers":19,"designM3h":54.584,"roadEdge":46}},{"type":"Feature","id":"gas-E42","geometry":{"type":"LineString","coordinates":[[-80.5962975,43.2989935],[-80.5962973,43.298991]]},"properties":{"kind":"distribution","tier":"distribution","placement":"underground","from":"gas-T-447","to":"gas-T-452","lengthM":0.27,"sizeMm":50,"diameterIn":2.0,"nominalLabel":"2\" PE","material":"PE SDR11","depthM":1.0,"pressureKPa":414.0,"pressureTier":"mp","customers":6,"designM3h":19.94,"roadEdge":51}},{"type":"Feature","id":"gas-E43","geometry":{"type":"LineString","coordinates":[[-80.5954457,43.3007963],[-80.5954607,43.3008919],[-80.5954679,43.300931]]},"properties":{"kind":"distribution","tier":"distribution","placement":"underground","from":"gas-T-468","to":"gas-T-457","lengthM":15.1,"sizeMm":50,"diameterIn":2.0,"nominalLabel":"2\" PE","material":"PE SDR11","depthM":1.0,"pressureKPa":414.0,"pressureTier":"mp","customers":8,"designM3h":31.198,"roadEdge":56}},{"type":"Feature","id":"gas-E44","geometry":{"type":"LineString","coordinates":[[-80.5964412,43.3003533],[-80.5964433,43.3003638],[-80.5964714,43.300497]]},"properties":{"kind":"distribution","tier":"distribution","placement":"underground","from":"gas-T-409","to":"gas-T-410","lengthM":16.18,"sizeMm":50,"diameterIn":2.0,"nominalLabel":"2\" PE","material":"PE SDR11","depthM":1.0,"pressureKPa":414.0,"pressureTier":"mp","customers":27,"designM3h":70.733,"roadEdge":48}},{"type":"Feature","id":"gas-E45","geometry":{"type":"LineString","coordinates":[[-80.5976402,43.2997585],[-80.5976519,43.2998126],[-80.5976765,43.2999246]]},"properties":{"kind":"distribution","tier":"distribution","placement":"underground","from":"gas-T-372","to":"gas-T-357","lengthM":18.72,"sizeMm":50,"diameterIn":2.0,"nominalLabel":"2\" PE","material":"PE SDR11","depthM":1.0,"pressureKPa":414.0,"pressureTier":"mp","customers":30,"designM3h":82.999,"roadEdge":45}},{"type":"Feature","id":"gas-E46","geometry":{"type":"LineString","coordinates":[[-80.5979535,43.2996459],[-80.598017,43.2996462],[-80.5980942,43.2996464],[-80.5981714,43.2996466],[-80.5983257,43.2996471],[-80.5984028,43.2996473],[-80.5984799,43.2996476],[-80.5985563,43.2996478]]},"properties":{"kind":"distribution","tier":"distribution","placement":"underground","from":"gas-T-552","to":"gas-J-36","lengthM":48.83,"sizeMm":300,"diameterIn":11.8,"nominalLabel":"12\" cast iron (lined)","material":"cast iron","depthM":1.0,"pressureKPa":1.74,"pressureTier":"lp","customers":385,"designM3h":1009.855,"roadEdge":42}},{"type":"Feature","id":"gas-E47","geometry":{"type":"LineString","coordinates":[[-80.5973707,43.2991469],[-80.5973589,43.2990588],[-80.5973498,43.2989949]]},"properties":{"kind":"distribution","tier":"distribution","placement":"underground","from":"gas-T-389","to":"gas-T-390","lengthM":17.0,"sizeMm":50,"diameterIn":2.0,"nominalLabel":"2\" PE","material":"PE SDR11","depthM":1.0,"pressureKPa":414.0,"pressureTier":"mp","customers":18,"designM3h":52.509,"roadEdge":46}},{"type":"Feature","id":"gas-E48","geometry":{"type":"LineString","coordinates":[[-80.5962973,43.298991],[-80.5962843,43.2988723],[-80.5962824,43.2988498]]},"properties":{"kind":"distribution","tier":"distribution","placement":"underground","from":"gas-T-452","to":"gas-T-451","lengthM":15.77,"sizeMm":50,"diameterIn":2.0,"nominalLabel":"2\" PE","material":"PE SDR11","depthM":1.0,"pressureKPa":414.0,"pressureTier":"mp","customers":5,"designM3h":16.47,"roadEdge":51}},{"type":"Feature","id":"gas-E49","geometry":{"type":"LineString","coordinates":[[-80.5954679,43.300931],[-80.5954697,43.3009404]]},"properties":{"kind":"distribution","tier":"distribution","placement":"underground","from":"gas-T-457","to":"gas-T-467","lengthM":1.06,"sizeMm":50,"diameterIn":2.0,"nominalLabel":"2\" PE","material":"PE SDR11","depthM":1.0,"pressureKPa":414.0,"pressureTier":"mp","customers":7,"designM3h":28.114,"roadEdge":56}},{"type":"Feature","id":"gas-E50","geometry":{"type":"LineString","coordinates":[[-80.5964714,43.300497],[-80.5964813,43.3005438],[-80.5965016,43.3006366]]},"properties":{"kind":"distribution","tier":"distribution","placement":"underground","from":"gas-T-410","to":"gas-T-411","lengthM":15.73,"sizeMm":50,"diameterIn":2.0,"nominalLabel":"2\" PE","material":"PE SDR11","depthM":1.0,"pressureKPa":414.0,"pressureTier":"mp","customers":26,"designM3h":68.988,"roadEdge":48}},{"type":"Feature","id":"gas-E51","geometry":{"type":"LineString","coordinates":[[-80.5976765,43.2999246],[-80.5976767,43.2999256]]},"properties":{"kind":"distribution","tier":"distribution","placement":"underground","from":"gas-T-357","to":"gas-T-373","lengthM":0.12,"sizeMm":50,"diameterIn":2.0,"nominalLabel":"2\" PE","material":"PE SDR11","depthM":1.0,"pressureKPa":414.0,"pressureTier":"mp","customers":29,"designM3h":79.335,"roadEdge":45}},{"type":"Feature","id":"gas-E52","geometry":{"type":"LineString","coordinates":[[-80.5985563,43.2996478],[-80.5985572,43.2996478],[-80.5986343,43.299648],[-80.5987115,43.2996481],[-80.5987633,43.2996482]]},"properties":{"kind":"distribution","tier":"distribution","placement":"underground","from":"gas-J-36","to":"gas-J-33","lengthM":16.77,"sizeMm":300,"diameterIn":11.8,"nominalLabel":"12\" cast iron (lined)","material":"cast iron","depthM":1.0,"pressureKPa":1.74,"pressureTier":"lp","customers":360,"designM3h":948.359,"roadEdge":38}},{"type":"Feature","id":"gas-E53","geometry":{"type":"LineString","coordinates":[[-80.5985563,43.2996478],[-80.5985017,43.2995926],[-80.5985065,43.2994138],[-80.5985057,43.2992837]]},"properties":{"kind":"distribution","tier":"distribution","placement":"underground","from":"gas-J-36","to":"gas-T-346","lengthM":41.96,"sizeMm":100,"diameterIn":3.9,"nominalLabel":"4\" cast iron (lined)","material":"cast iron","depthM":1.0,"pressureKPa":1.74,"pressureTier":"lp","customers":25,"designM3h":72.006,"roadEdge":41}},{"type":"Feature","id":"gas-E54","geometry":{"type":"LineString","coordinates":[[-80.5973498,43.2989949],[-80.5973437,43.2989518]]},"properties":{"kind":"distribution","tier":"distribution","placement":"underground","from":"gas-T-390","to":"gas-T-397","lengthM":4.83,"sizeMm":50,"diameterIn":2.0,"nominalLabel":"2\" PE","material":"PE SDR11","depthM":1.0,"pressureKPa":414.0,"pressureTier":"mp","customers":17,"designM3h":49.719,"roadEdge":46}},{"type":"Feature","id":"gas-E55","geometry":{"type":"LineString","coordinates":[[-80.5962824,43.2988498],[-80.5962691,43.2986943]]},"properties":{"kind":"distribution","tier":"distribution","placement":"underground","from":"gas-T-451","to":"gas-T-450","lengthM":17.34,"sizeMm":50,"diameterIn":2.0,"nominalLabel":"2\" PE","material":"PE SDR11","depthM":1.0,"pressureKPa":414.0,"pressureTier":"mp","customers":4,"designM3h":13.065,"roadEdge":51}},{"type":"Feature","id":"gas-E56","geometry":{"type":"LineString","coordinates":[[-80.5954697,43.3009404],[-80.5954938,43.3010709],[-80.5954946,43.3010747]]},"properties":{"kind":"distribution","tier":"distribution","placement":"underground","from":"gas-T-467","to":"gas-T-456","lengthM":15.08,"sizeMm":50,"diameterIn":2.0,"nominalLabel":"2\" PE","material":"PE SDR11","depthM":1.0,"pressureKPa":414.0,"pressureTier":"mp","customers":6,"designM3h":24.747,"roadEdge":56}},{"type":"Feature","id":"gas-E57","geometry":{"type":"LineString","coordinates":[[-80.5965016,43.3006366],[-80.5965021,43.3006387]]},"properties":{"kind":"distribution","tier":"distribution","placement":"underground","from":"gas-T-411","to":"gas-T-425","lengthM":0.24,"sizeMm":50,"diameterIn":2.0,"nominalLabel":"2\" PE","material":"PE SDR11","depthM":1.0,"pressureKPa":414.0,"pressureTier":"mp","customers":25,"designM3h":66.941,"roadEdge":48}},{"type":"Feature","id":"gas-E58","geometry":{"type":"LineString","coordinates":[[-80.5976767,43.2999256],[-80.5976914,43.2999923],[-80.5977133,43.3000945]]},"properties":{"kind":"distribution","tier":"distribution","placement":"underground","from":"gas-T-373","to":"gas-T-374","lengthM":19.04,"sizeMm":50,"diameterIn":2.0,"nominalLabel":"2\" PE","material":"PE SDR11","depthM":1.0,"pressureKPa":414.0,"pressureTier":"mp","customers":28,"designM3h":77.332,"roadEdge":45}},{"type":"Feature","id":"gas-E59","geometry":{"type":"LineString","coordinates":[[-80.5987633,43.2996482],[-80.5987885,43.2996483],[-80.5988657,43.2996485],[-80.5989429,43.2996487],[-80.5990201,43.2996488],[-80.5990972,43.2996489],[-80.5991743,43.299649],[-80.5992515,43.2996492],[-80.599483,43.2996495],[-80.5995518,43.2996496]]},"properties":{"kind":"distribution","tier":"distribution","placement":"underground","from":"gas-J-33","to":"gas-J-30","lengthM":63.88,"sizeMm":300,"diameterIn":11.8,"nominalLabel":"12\" cast iron (lined)","material":"cast iron","depthM":1.0,"pressureKPa":1.74,"pressureTier":"lp","customers":322,"designM3h":863.566,"roadEdge":35}},{"type":"Feature","id":"gas-E60","geometry":{"type":"LineString","coordinates":[[-80.5987633,43.2996482],[-80.5988246,43.299634],[-80.5988452,43.2997583]]},"properties":{"kind":"distribution","tier":"distribution","placement":"underground","from":"gas-J-33","to":"gas-T-304","lengthM":19.15,"sizeMm":150,"diameterIn":5.9,"nominalLabel":"6\" cast iron (lined)","material":"cast iron","depthM":1.0,"pressureKPa":1.74,"pressureTier":"lp","customers":38,"designM3h":96.344,"roadEdge":36}},{"type":"Feature","id":"gas-E61","geometry":{"type":"LineString","coordinates":[[-80.5985057,43.2992837],[-80.5985057,43.2992702]]},"properties":{"kind":"distribution","tier":"distribution","placement":"underground","from":"gas-T-346","to":"gas-T-332","lengthM":1.49,"sizeMm":100,"diameterIn":3.9,"nominalLabel":"4\" cast iron (lined)","material":"cast iron","depthM":1.0,"pressureKPa":1.74,"pressureTier":"lp","customers":24,"designM3h":68.314,"roadEdge":41}},{"type":"Feature","id":"gas-E62","geometry":{"type":"LineString","coordinates":[[-80.5973437,43.2989518],[-80.5973334,43.2988793],[-80.5973281,43.2988428]]},"properties":{"kind":"distribution","tier":"distribution","placement":"underground","from":"gas-T-397","to":"gas-T-391","lengthM":12.19,"sizeMm":50,"diameterIn":2.0,"nominalLabel":"2\" PE","material":"PE SDR11","depthM":1.0,"pressureKPa":414.0,"pressureTier":"mp","customers":16,"designM3h":47.516,"roadEdge":46}},{"type":"Feature","id":"gas-E63","geometry":{"type":"LineString","coordinates":[[-80.5962691,43.2986943],[-80.596269,43.2986934],[-80.5962607,43.2985477]]},"properties":{"kind":"distribution","tier":"distribution","placement":"underground","from":"gas-T-450","to":"gas-T-446","lengthM":16.33,"sizeMm":50,"diameterIn":2.0,"nominalLabel":"2\" PE","material":"PE SDR11","depthM":1.0,"pressureKPa":414.0,"pressureTier":"mp","customers":3,"designM3h":8.357,"roadEdge":51}},{"type":"Feature","id":"gas-E64","geometry":{"type":"LineString","coordinates":[[-80.5954946,43.3010747],[-80.5954991,43.3010967]]},"properties":{"kind":"distribution","tier":"distribution","placement":"underground","from":"gas-T-456","to":"gas-T-466","lengthM":2.48,"sizeMm":50,"diameterIn":2.0,"nominalLabel":"2\" PE","material":"PE SDR11","depthM":1.0,"pressureKPa":414.0,"pressureTier":"mp","customers":5,"designM3h":21.214,"roadEdge":56}},{"type":"Feature","id":"gas-E65","geometry":{"type":"LineString","coordinates":[[-80.5965021,43.3006387],[-80.5965206,43.3007236],[-80.5965341,43.3007851]]},"properties":{"kind":"distribution","tier":"distribution","placement":"underground","from":"gas-T-425","to":"gas-T-412","lengthM":16.49,"sizeMm":50,"diameterIn":2.0,"nominalLabel":"2\" PE","material":"PE SDR11","depthM":1.0,"pressureKPa":414.0,"pressureTier":"mp","customers":24,"designM3h":63.133,"roadEdge":48}},{"type":"Feature","id":"gas-E66","geometry":{"type":"LineString","coordinates":[[-80.5977133,43.3000945],[-80.5977148,43.3001017]]},"properties":{"kind":"distribution","tier":"distribution","placement":"underground","from":"gas-T-374","to":"gas-T-358","lengthM":0.8,"sizeMm":50,"diameterIn":2.0,"nominalLabel":"2\" PE","material":"PE SDR11","depthM":1.0,"pressureKPa":414.0,"pressureTier":"mp","customers":27,"designM3h":75.372,"roadEdge":45}},{"type":"Feature","id":"gas-E67","geometry":{"type":"LineString","coordinates":[[-80.5995518,43.2996496],[-80.5996373,43.2996496],[-80.5997145,43.2996497],[-80.5997916,43.2996497],[-80.5998687,43.2996497],[-80.5998955,43.2996497]]},"properties":{"kind":"distribution","tier":"distribution","placement":"underground","from":"gas-J-30","to":"gas-J-27","lengthM":27.84,"sizeMm":300,"diameterIn":11.8,"nominalLabel":"12\" cast iron (lined)","material":"cast iron","depthM":1.0,"pressureKPa":1.74,"pressureTier":"lp","customers":294,"designM3h":798.368,"roadEdge":31}},{"type":"Feature","id":"gas-E68","geometry":{"type":"LineString","coordinates":[[-80.5995518,43.2996496],[-80.5994987,43.2995899],[-80.5995217,43.2994106],[-80.5995335,43.2993027]]},"properties":{"kind":"distribution","tier":"distribution","placement":"underground","from":"gas-J-30","to":"gas-T-547","lengthM":40.01,"sizeMm":100,"diameterIn":3.9,"nominalLabel":"4\" cast iron (lined)","material":"cast iron","depthM":1.0,"pressureKPa":1.74,"pressureTier":"lp","customers":28,"designM3h":75.63,"roadEdge":34}},{"type":"Feature","id":"gas-E69","geometry":{"type":"LineString","coordinates":[[-80.5988452,43.2997583],[-80.5988546,43.2998145],[-80.5988659,43.2998986]]},"properties":{"kind":"distribution","tier":"distribution","placement":"underground","from":"gas-T-304","to":"gas-T-307","lengthM":15.7,"sizeMm":150,"diameterIn":5.9,"nominalLabel":"6\" cast iron (lined)","material":"cast iron","depthM":1.0,"pressureKPa":1.74,"pressureTier":"lp","customers":37,"designM3h":94.493,"roadEdge":36}},{"type":"Feature","id":"gas-E70","geometry":{"type":"LineString","coordinates":[[-80.5985057,43.2992702],[-80.5985055,43.2992351],[-80.5985011,43.2991188]]},"properties":{"kind":"distribution","tier":"distribution","placement":"underground","from":"gas-T-332","to":"gas-T-347","lengthM":16.87,"sizeMm":100,"diameterIn":3.9,"nominalLabel":"4\" cast iron (lined)","material":"cast iron","depthM":1.0,"pressureKPa":1.74,"pressureTier":"lp","customers":23,"designM3h":65.217,"roadEdge":41}},{"type":"Feature","id":"gas-E71","geometry":{"type":"LineString","coordinates":[[-80.5973281,43.2988428],[-80.5973192,43.2987814]]},"properties":{"kind":"distribution","tier":"distribution","placement":"underground","from":"gas-T-391","to":"gas-T-398","lengthM":6.88,"sizeMm":50,"diameterIn":2.0,"nominalLabel":"2\" PE","material":"PE SDR11","depthM":1.0,"pressureKPa":414.0,"pressureTier":"mp","customers":15,"designM3h":45.489,"roadEdge":46}},{"type":"Feature","id":"gas-E72","geometry":{"type":"LineString","coordinates":[[-80.5962607,43.2985477],[-80.5962604,43.2985417]]},"properties":{"kind":"distribution","tier":"distribution","placement":"underground","from":"gas-T-446","to":"gas-T-449","lengthM":0.67,"sizeMm":50,"diameterIn":2.0,"nominalLabel":"2\" PE","material":"PE SDR11","depthM":1.0,"pressureKPa":414.0,"pressureTier":"mp","customers":2,"designM3h":3.939,"roadEdge":51}},{"type":"Feature","id":"gas-E73","geometry":{"type":"LineString","coordinates":[[-80.5954991,43.3010967],[-80.5955238,43.3012176]]},"properties":{"kind":"distribution","tier":"distribution","placement":"underground","from":"gas-T-466","to":"gas-T-455","lengthM":13.6,"sizeMm":50,"diameterIn":2.0,"nominalLabel":"2\" PE","material":"PE SDR11","depthM":1.0,"pressureKPa":414.0,"pressureTier":"mp","customers":4,"designM3h":17.58,"roadEdge":56}},{"type":"Feature","id":"gas-E74","geometry":{"type":"LineString","coordinates":[[-80.5965341,43.3007851],[-80.5965345,43.3007872]]},"properties":{"kind":"distribution","tier":"distribution","placement":"underground","from":"gas-T-412","to":"gas-T-426","lengthM":0.24,"sizeMm":50,"diameterIn":2.0,"nominalLabel":"2\" PE","material":"PE SDR11","depthM":1.0,"pressureKPa":414.0,"pressureTier":"mp","customers":23,"designM3h":61.187,"roadEdge":48}},{"type":"Feature","id":"gas-E75","geometry":{"type":"LineString","coordinates":[[-80.5977148,43.3001017],[-80.5977299,43.3001722],[-80.5977501,43.3002725]]},"properties":{"kind":"distribution","tier":"distribution","placement":"underground","from":"gas-T-358","to":"gas-T-375","lengthM":19.23,"sizeMm":50,"diameterIn":2.0,"nominalLabel":"2\" PE","material":"PE SDR11","depthM":1.0,"pressureKPa":414.0,"pressureTier":"mp","customers":26,"designM3h":71.886,"roadEdge":45}},{"type":"Feature","id":"gas-E76","geometry":{"type":"LineString","coordinates":[[-80.5998955,43.2996497],[-80.5999459,43.2996498],[-80.600023,43.2996498],[-80.6001001,43.2996499],[-80.6001772,43.29965],[-80.6002543,43.2996502],[-80.6003314,43.2996505],[-80.6004085,43.2996507],[-80.6004856,43.2996511],[-80.6005425,43.2996514]]},"properties":{"kind":"distribution","tier":"distribution","placement":"underground","from":"gas-J-27","to":"gas-J-26","lengthM":52.42,"sizeMm":300,"diameterIn":11.8,"nominalLabel":"12\" cast iron (lined)","material":"cast iron","depthM":1.0,"pressureKPa":1.74,"pressureTier":"lp","customers":259,"designM3h":715.991,"roadEdge":29}},{"type":"Feature","id":"gas-E77","geometry":{"type":"LineString","coordinates":[[-80.5998955,43.2996497],[-80.599952,43.2996389],[-80.5999505,43.2998198],[-80.5999463,43.2998996]]},"properties":{"kind":"distribution","tier":"distribution","placement":"underground","from":"gas-J-27","to":"gas-T-241","lengthM":33.77,"sizeMm":150,"diameterIn":5.9,"nominalLabel":"6\" cast iron (lined)","material":"cast iron","depthM":1.0,"pressureKPa":1.74,"pressureTier":"lp","customers":35,"designM3h":93.836,"roadEdge":30}},{"type":"Feature","id":"gas-E78","geometry":{"type":"LineString","coordinates":[[-80.5995335,43.2993027],[-80.5995338,43.2993004]]},"properties":{"kind":"distribution","tier":"distribution","placement":"underground","from":"gas-T-547","to":"gas-T-550","lengthM":0.26,"sizeMm":100,"diameterIn":3.9,"nominalLabel":"4\" cast iron (lined)","material":"cast iron","depthM":1.0,"pressureKPa":1.74,"pressureTier":"lp","customers":27,"designM3h":73.524,"roadEdge":34}},{"type":"Feature","id":"gas-E79","geometry":{"type":"LineString","coordinates":[[-80.5988659,43.2998986],[-80.5988668,43.2999053]]},"properties":{"kind":"distribution","tier":"distribution","placement":"underground","from":"gas-T-307","to":"gas-T-303","lengthM":0.75,"sizeMm":150,"diameterIn":5.9,"nominalLabel":"6\" cast iron (lined)","material":"cast iron","depthM":1.0,"pressureKPa":1.74,"pressureTier":"lp","customers":36,"designM3h":91.542,"roadEdge":36}},{"type":"Feature","id":"gas-E80","geometry":{"type":"LineString","coordinates":[[-80.5985011,43.2991188],[-80.5985004,43.2991002]]},"properties":{"kind":"distribution","tier":"distribution","placement":"underground","from":"gas-T-347","to":"gas-T-333","lengthM":2.07,"sizeMm":100,"diameterIn":3.9,"nominalLabel":"4\" cast iron (lined)","material":"cast iron","depthM":1.0,"pressureKPa":1.74,"pressureTier":"lp","customers":22,"designM3h":61.938,"roadEdge":41}},{"type":"Feature","id":"gas-E81","geometry":{"type":"LineString","coordinates":[[-80.5973192,43.2987814],[-80.5973074,43.2986996],[-80.5973058,43.2986884]]},"properties":{"kind":"distribution","tier":"distribution","placement":"underground","from":"gas-T-398","to":"gas-T-392","lengthM":10.41,"sizeMm":50,"diameterIn":2.0,"nominalLabel":"2\" PE","material":"PE SDR11","depthM":1.0,"pressureKPa":414.0,"pressureTier":"mp","customers":14,"designM3h":43.22,"roadEdge":46}},{"type":"Feature","id":"gas-E82","geometry":{"type":"LineString","coordinates":[[-80.5962604,43.2985417],[-80.5962588,43.2985146],[-80.5962557,43.2983956]]},"properties":{"kind":"distribution","tier":"distribution","placement":"underground","from":"gas-T-449","to":"gas-T-445","lengthM":16.28,"sizeMm":50,"diameterIn":2.0,"nominalLabel":"2\" PE","material":"PE SDR11","depthM":1.0,"pressureKPa":414.0,"pressureTier":"mp","customers":1,"designM3h":0.9,"roadEdge":51}},{"type":"Feature","id":"gas-E83","geometry":{"type":"LineString","coordinates":[[-80.5955238,43.3012176],[-80.5955303,43.3012492]]},"properties":{"kind":"distribution","tier":"distribution","placement":"underground","from":"gas-T-455","to":"gas-T-465","lengthM":3.55,"sizeMm":50,"diameterIn":2.0,"nominalLabel":"2\" PE","material":"PE SDR11","depthM":1.0,"pressureKPa":414.0,"pressureTier":"mp","customers":3,"designM3h":13.926,"roadEdge":56}},{"type":"Feature","id":"gas-E84","geometry":{"type":"LineString","coordinates":[[-80.5965345,43.3007872],[-80.5965598,43.3009031],[-80.5965661,43.3009331]]},"properties":{"kind":"distribution","tier":"distribution","placement":"underground","from":"gas-T-426","to":"gas-T-427","lengthM":16.44,"sizeMm":50,"diameterIn":2.0,"nominalLabel":"2\" PE","material":"PE SDR11","depthM":1.0,"pressureKPa":414.0,"pressureTier":"mp","customers":22,"designM3h":60.879,"roadEdge":48}},{"type":"Feature","id":"gas-E85","geometry":{"type":"LineString","coordinates":[[-80.5977501,43.3002725],[-80.5977509,43.3002765]]},"properties":{"kind":"distribution","tier":"distribution","placement":"underground","from":"gas-T-375","to":"gas-T-359","lengthM":0.46,"sizeMm":50,"diameterIn":2.0,"nominalLabel":"2\" PE","material":"PE SDR11","depthM":1.0,"pressureKPa":414.0,"pressureTier":"mp","customers":25,"designM3h":68.075,"roadEdge":45}},{"type":"Feature","id":"gas-E86","geometry":{"type":"LineString","coordinates":[[-80.6005425,43.2996514],[-80.6005627,43.2996515],[-80.6006398,43.2996519],[-80.6007169,43.2996524],[-80.600794,43.299653],[-80.6009482,43.2996542],[-80.6009608,43.2996544]]},"properties":{"kind":"distribution","tier":"distribution","placement":"underground","from":"gas-J-26","to":"gas-T-470","lengthM":33.89,"sizeMm":200,"diameterIn":7.9,"nominalLabel":"8\" cast iron (lined)","material":"cast iron","depthM":1.0,"pressureKPa":1.74,"pressureTier":"lp","customers":188,"designM3h":465.454,"roadEdge":26}},{"type":"Feature","id":"gas-E87","geometry":{"type":"LineString","coordinates":[[-80.6005425,43.2996514],[-80.6005986,43.2995906],[-80.6005994,43.2995344],[-80.6006001,43.2994783],[-80.600601,43.2994222],[-80.6006019,43.2993661],[-80.6006028,43.29931],[-80.6006029,43.2993096]]},"properties":{"kind":"distribution","tier":"distribution","placement":"underground","from":"gas-J-26","to":"gas-T-504","lengthM":39.44,"sizeMm":150,"diameterIn":5.9,"nominalLabel":"6\" cast iron (lined)","material":"cast iron","depthM":1.0,"pressureKPa":1.74,"pressureTier":"lp","customers":34,"designM3h":194.77,"roadEdge":27}},{"type":"Feature","id":"gas-E88","geometry":{"type":"LineString","coordinates":[[-80.6005425,43.2996514],[-80.600598,43.2996466],[-80.6005975,43.2997027],[-80.6005972,43.2997588],[-80.6005968,43.2998149],[-80.6005966,43.299871],[-80.6005964,43.2999271],[-80.6005964,43.2999439]]},"properties":{"kind":"distribution","tier":"distribution","placement":"underground","from":"gas-J-26","to":"gas-T-523","lengthM":37.62,"sizeMm":150,"diameterIn":5.9,"nominalLabel":"6\" cast iron (lined)","material":"cast iron","depthM":1.0,"pressureKPa":1.74,"pressureTier":"lp","customers":37,"designM3h":86.204,"roadEdge":28}},{"type":"Feature","id":"gas-E89","geometry":{"type":"LineString","coordinates":[[-80.5999463,43.2998996],[-80.5999459,43.299906]]},"properties":{"kind":"distribution","tier":"distribution","placement":"underground","from":"gas-T-241","to":"gas-T-542","lengthM":0.71,"sizeMm":150,"diameterIn":5.9,"nominalLabel":"6\" cast iron (lined)","material":"cast iron","depthM":1.0,"pressureKPa":1.74,"pressureTier":"lp","customers":34,"designM3h":92.267,"roadEdge":30}},{"type":"Feature","id":"gas-E90","geometry":{"type":"LineString","coordinates":[[-80.5995338,43.2993004],[-80.5995413,43.2992316],[-80.5995479,43.2991563]]},"properties":{"kind":"distribution","tier":"distribution","placement":"underground","from":"gas-T-550","to":"gas-T-551","lengthM":16.08,"sizeMm":100,"diameterIn":3.9,"nominalLabel":"4\" cast iron (lined)","material":"cast iron","depthM":1.0,"pressureKPa":1.74,"pressureTier":"lp","customers":26,"designM3h":70.536,"roadEdge":34}},{"type":"Feature","id":"gas-E91","geometry":{"type":"LineString","coordinates":[[-80.5988668,43.2999053],[-80.5988789,43.2999952],[-80.5988833,43.3000408]]},"properties":{"kind":"distribution","tier":"distribution","placement":"underground","from":"gas-T-303","to":"gas-T-306","lengthM":15.15,"sizeMm":150,"diameterIn":5.9,"nominalLabel":"6\" cast iron (lined)","material":"cast iron","depthM":1.0,"pressureKPa":1.74,"pressureTier":"lp","customers":35,"designM3h":88.833,"roadEdge":36}},{"type":"Feature","id":"gas-E92","geometry":{"type":"LineString","coordinates":[[-80.5985004,43.2991002],[-80.5984987,43.2990564],[-80.5984915,43.2989503]]},"properties":{"kind":"distribution","tier":"distribution","placement":"underground","from":"gas-T-333","to":"gas-T-348","lengthM":16.71,"sizeMm":100,"diameterIn":3.9,"nominalLabel":"4\" cast iron (lined)","material":"cast iron","depthM":1.0,"pressureKPa":1.74,"pressureTier":"lp","customers":21,"designM3h":61.646,"roadEdge":41}},{"type":"Feature","id":"gas-E93","geometry":{"type":"LineString","coordinates":[[-80.5973058,43.2986884],[-80.5972964,43.2986208]]},"properties":{"kind":"distribution","tier":"distribution","placement":"underground","from":"gas-T-392","to":"gas-T-399","lengthM":7.56,"sizeMm":50,"diameterIn":2.0,"nominalLabel":"2\" PE","material":"PE SDR11","depthM":1.0,"pressureKPa":414.0,"pressureTier":"mp","customers":13,"designM3h":41.273,"roadEdge":46}},{"type":"Feature","id":"gas-E94","geometry":{"type":"LineString","coordinates":[[-80.5955303,43.3012492],[-80.5955305,43.3012501],[-80.5955617,43.301394]]},"properties":{"kind":"distribution","tier":"distribution","placement":"underground","from":"gas-T-465","to":"gas-T-464","lengthM":16.32,"sizeMm":50,"diameterIn":2.0,"nominalLabel":"2\" PE","material":"PE SDR11","depthM":1.0,"pressureKPa":414.0,"pressureTier":"mp","customers":2,"designM3h":9.846,"roadEdge":56}},{"type":"Feature","id":"gas-E95","geometry":{"type":"LineString","coordinates":[[-80.5965661,43.3009331],[-80.5965668,43.3009365]]},"properties":{"kind":"distribution","tier":"distribution","placement":"underground","from":"gas-T-427","to":"gas-T-413","lengthM":0.39,"sizeMm":50,"diameterIn":2.0,"nominalLabel":"2\" PE","material":"PE SDR11","depthM":1.0,"pressureKPa":414.0,"pressureTier":"mp","customers":21,"designM3h":58.664,"roadEdge":48}},{"type":"Feature","id":"gas-E96","geometry":{"type":"LineString","coordinates":[[-80.5977509,43.3002765],[-80.5977661,43.3003524],[-80.5977827,43.3004452]]},"properties":{"kind":"distribution","tier":"distribution","placement":"underground","from":"gas-T-359","to":"gas-T-360","lengthM":18.95,"sizeMm":50,"diameterIn":2.0,"nominalLabel":"2\" PE","material":"PE SDR11","depthM":1.0,"pressureKPa":414.0,"pressureTier":"mp","customers":24,"designM3h":64.985,"roadEdge":45}},{"type":"Feature","id":"gas-E97","geometry":{"type":"LineString","coordinates":[[-80.6009608,43.2996544],[-80.6009857,43.2996546]]},"properties":{"kind":"distribution","tier":"distribution","placement":"underground","from":"gas-T-470","to":"gas-T-471","lengthM":2.02,"sizeMm":200,"diameterIn":7.9,"nominalLabel":"8\" cast iron (lined)","material":"cast iron","depthM":1.0,"pressureKPa":1.74,"pressureTier":"lp","customers":187,"designM3h":463.707,"roadEdge":26}},{"type":"Feature","id":"gas-E98","geometry":{"type":"LineString","coordinates":[[-80.6006029,43.2993096],[-80.600604,43.2992539],[-80.6006051,43.2991978],[-80.6006058,43.2991619]]},"properties":{"kind":"distribution","tier":"distribution","placement":"underground","from":"gas-T-504","to":"gas-T-487","lengthM":16.44,"sizeMm":150,"diameterIn":5.9,"nominalLabel":"6\" cast iron (lined)","material":"cast iron","depthM":1.0,"pressureKPa":1.74,"pressureTier":"lp","customers":33,"designM3h":193.744,"roadEdge":27}},{"type":"Feature","id":"gas-E99","geometry":{"type":"LineString","coordinates":[[-80.6005964,43.2999439],[-80.6005963,43.2999833],[-80.6005962,43.3000394],[-80.6005962,43.3001159]]},"properties":{"kind":"distribution","tier":"distribution","placement":"underground","from":"gas-T-523","to":"gas-T-541","lengthM":19.14,"sizeMm":150,"diameterIn":5.9,"nominalLabel":"6\" cast iron (lined)","material":"cast iron","depthM":1.0,"pressureKPa":1.74,"pressureTier":"lp","customers":36,"designM3h":84.007,"roadEdge":28}},{"type":"Feature","id":"gas-E100","geometry":{"type":"LineString","coordinates":[[-80.5999459,43.299906],[-80.5999409,43.3000007],[-80.5999364,43.3000485]]},"properties":{"kind":"distribution","tier":"distribution","placement":"underground","from":"gas-T-542","to":"gas-T-543","lengthM":15.88,"sizeMm":150,"diameterIn":5.9,"nominalLabel":"6\" cast iron (lined)","material":"cast iron","depthM":1.0,"pressureKPa":1.74,"pressureTier":"lp","customers":33,"designM3h":90.393,"roadEdge":30}},{"type":"Feature","id":"gas-E101","geometry":{"type":"LineString","coordinates":[[-80.5995479,43.2991563],[-80.599548,43.2991547]]},"properties":{"kind":"distribution","tier":"distribution","placement":"underground","from":"gas-T-551","to":"gas-T-548","lengthM":0.18,"sizeMm":100,"diameterIn":3.9,"nominalLabel":"4\" cast iron (lined)","material":"cast iron","depthM":1.0,"pressureKPa":1.74,"pressureTier":"lp","customers":25,"designM3h":67.665,"roadEdge":34}},{"type":"Feature","id":"gas-E102","geometry":{"type":"LineString","coordinates":[[-80.5988833,43.3000408],[-80.5988842,43.3000498]]},"properties":{"kind":"distribution","tier":"distribution","placement":"underground","from":"gas-T-306","to":"gas-T-302","lengthM":1.0,"sizeMm":150,"diameterIn":5.9,"nominalLabel":"6\" cast iron (lined)","material":"cast iron","depthM":1.0,"pressureKPa":1.74,"pressureTier":"lp","customers":34,"designM3h":85.94,"roadEdge":36}},{"type":"Feature","id":"gas-E103","geometry":{"type":"LineString","coordinates":[[-80.5984915,43.2989503],[-80.5984906,43.298937]]},"properties":{"kind":"distribution","tier":"distribution","placement":"underground","from":"gas-T-348","to":"gas-T-334","lengthM":1.49,"sizeMm":100,"diameterIn":3.9,"nominalLabel":"4\" cast iron (lined)","material":"cast iron","depthM":1.0,"pressureKPa":1.74,"pressureTier":"lp","customers":20,"designM3h":58.121,"roadEdge":41}},{"type":"Feature","id":"gas-E104","geometry":{"type":"LineString","coordinates":[[-80.5972964,43.2986208],[-80.597285,43.2985391]]},"properties":{"kind":"distribution","tier":"distribution","placement":"underground","from":"gas-T-399","to":"gas-T-393","lengthM":9.15,"sizeMm":50,"diameterIn":2.0,"nominalLabel":"2\" PE","material":"PE SDR11","depthM":1.0,"pressureKPa":414.0,"pressureTier":"mp","customers":12,"designM3h":38.348,"roadEdge":46}},{"type":"Feature","id":"gas-E105","geometry":{"type":"LineString","coordinates":[[-80.5955617,43.301394],[-80.5955694,43.3014295],[-80.5955943,43.3015429]]},"properties":{"kind":"distribution","tier":"distribution","placement":"underground","from":"gas-T-464","to":"gas-T-463","lengthM":16.78,"sizeMm":50,"diameterIn":2.0,"nominalLabel":"2\" PE","material":"PE SDR11","depthM":1.0,"pressureKPa":414.0,"pressureTier":"mp","customers":1,"designM3h":5.792,"roadEdge":56}},{"type":"Feature","id":"gas-E106","geometry":{"type":"LineString","coordinates":[[-80.5965668,43.3009365],[-80.596596,43.3010772]]},"properties":{"kind":"distribution","tier":"distribution","placement":"underground","from":"gas-T-413","to":"gas-T-428","lengthM":15.84,"sizeMm":50,"diameterIn":2.0,"nominalLabel":"2\" PE","material":"PE SDR11","depthM":1.0,"pressureKPa":414.0,"pressureTier":"mp","customers":20,"designM3h":55.596,"roadEdge":48}},{"type":"Feature","id":"gas-E107","geometry":{"type":"LineString","coordinates":[[-80.5977827,43.3004452],[-80.5977983,43.3005328],[-80.59781,43.3006108]]},"properties":{"kind":"distribution","tier":"distribution","placement":"underground","from":"gas-T-360","to":"gas-T-376","lengthM":18.57,"sizeMm":50,"diameterIn":2.0,"nominalLabel":"2\" PE","material":"PE SDR11","depthM":1.0,"pressureKPa":414.0,"pressureTier":"mp","customers":23,"designM3h":61.774,"roadEdge":45}},{"type":"Feature","id":"gas-E108","geometry":{"type":"LineString","coordinates":[[-80.6009857,43.2996546],[-80.6010252,43.299655],[-80.6011023,43.2996558],[-80.6011794,43.2996566],[-80.6012565,43.2996575],[-80.6013336,43.2996584],[-80.6014878,43.2996603],[-80.60156,43.2996614],[-80.6015963,43.2996666]]},"properties":{"kind":"distribution","tier":"distribution","placement":"underground","from":"gas-T-471","to":"gas-J-21","lengthM":49.53,"sizeMm":200,"diameterIn":7.9,"nominalLabel":"8\" cast iron (lined)","material":"cast iron","depthM":1.0,"pressureKPa":1.74,"pressureTier":"lp","customers":186,"designM3h":462.165,"roadEdge":26}},{"type":"Feature","id":"gas-E109","geometry":{"type":"LineString","coordinates":[[-80.6006058,43.2991619],[-80.6006059,43.299159]]},"properties":{"kind":"distribution","tier":"distribution","placement":"underground","from":"gas-T-487","to":"gas-T-503","lengthM":0.33,"sizeMm":150,"diameterIn":5.9,"nominalLabel":"6\" cast iron (lined)","material":"cast iron","depthM":1.0,"pressureKPa":1.74,"pressureTier":"lp","customers":32,"designM3h":192.894,"roadEdge":27}},{"type":"Feature","id":"gas-E110","geometry":{"type":"LineString","coordinates":[[-80.6005962,43.3001159],[-80.6005962,43.3001195]]},"properties":{"kind":"distribution","tier":"distribution","placement":"underground","from":"gas-T-541","to":"gas-T-522","lengthM":0.4,"sizeMm":150,"diameterIn":5.9,"nominalLabel":"6\" cast iron (lined)","material":"cast iron","depthM":1.0,"pressureKPa":1.74,"pressureTier":"lp","customers":35,"designM3h":83.635,"roadEdge":28}},{"type":"Feature","id":"gas-E111","geometry":{"type":"LineString","coordinates":[[-80.5999364,43.3000485],[-80.5999364,43.3000491]]},"properties":{"kind":"distribution","tier":"distribution","placement":"underground","from":"gas-T-543","to":"gas-T-242","lengthM":0.07,"sizeMm":150,"diameterIn":5.9,"nominalLabel":"6\" cast iron (lined)","material":"cast iron","depthM":1.0,"pressureKPa":1.74,"pressureTier":"lp","customers":32,"designM3h":88.857,"roadEdge":30}},{"type":"Feature","id":"gas-E112","geometry":{"type":"LineString","coordinates":[[-80.599548,43.2991547],[-80.5995568,43.2990527],[-80.5995593,43.2990103]]},"properties":{"kind":"distribution","tier":"distribution","placement":"underground","from":"gas-T-548","to":"gas-T-286","lengthM":16.1,"sizeMm":100,"diameterIn":3.9,"nominalLabel":"4\" cast iron (lined)","material":"cast iron","depthM":1.0,"pressureKPa":1.74,"pressureTier":"lp","customers":24,"designM3h":63.822,"roadEdge":34}},{"type":"Feature","id":"gas-E113","geometry":{"type":"LineString","coordinates":[[-80.5988842,43.3000498],[-80.5988964,43.300176],[-80.598897,43.3001855]]},"properties":{"kind":"distribution","tier":"distribution","placement":"underground","from":"gas-T-302","to":"gas-T-305","lengthM":15.13,"sizeMm":150,"diameterIn":5.9,"nominalLabel":"6\" cast iron (lined)","material":"cast iron","depthM":1.0,"pressureKPa":1.74,"pressureTier":"lp","customers":33,"designM3h":83.973,"roadEdge":36}},{"type":"Feature","id":"gas-E114","geometry":{"type":"LineString","coordinates":[[-80.5984906,43.298937],[-80.5984866,43.2988775],[-80.598478,43.298787]]},"properties":{"kind":"distribution","tier":"distribution","placement":"underground","from":"gas-T-334","to":"gas-T-349","lengthM":16.73,"sizeMm":100,"diameterIn":3.9,"nominalLabel":"4\" cast iron (lined)","material":"cast iron","depthM":1.0,"pressureKPa":1.74,"pressureTier":"lp","customers":19,"designM3h":55.135,"roadEdge":41}},{"type":"Feature","id":"gas-E115","geometry":{"type":"LineString","coordinates":[[-80.597285,43.2985391],[-80.5972823,43.2985197],[-80.5972746,43.2984595]]},"properties":{"kind":"distribution","tier":"distribution","placement":"underground","from":"gas-T-393","to":"gas-T-400","lengthM":8.9,"sizeMm":50,"diameterIn":2.0,"nominalLabel":"2\" PE","material":"PE SDR11","depthM":1.0,"pressureKPa":414.0,"pressureTier":"mp","customers":11,"designM3h":36.351,"roadEdge":46}},{"type":"Feature","id":"gas-E116","geometry":{"type":"LineString","coordinates":[[-80.596596,43.3010772],[-80.596597,43.3010823],[-80.5965993,43.3010942]]},"properties":{"kind":"distribution","tier":"distribution","placement":"underground","from":"gas-T-428","to":"gas-T-414","lengthM":1.9,"sizeMm":50,"diameterIn":2.0,"nominalLabel":"2\" PE","material":"PE SDR11","depthM":1.0,"pressureKPa":414.0,"pressureTier":"mp","customers":19,"designM3h":52.458,"roadEdge":48}},{"type":"Feature","id":"gas-E117","geometry":{"type":"LineString","coordinates":[[-80.59781,43.3006108],[-80.5978254,43.3007134],[-80.5978327,43.3007783]]},"properties":{"kind":"distribution","tier":"distribution","placement":"underground","from":"gas-T-376","to":"gas-T-361","lengthM":18.74,"sizeMm":50,"diameterIn":2.0,"nominalLabel":"2\" PE","material":"PE SDR11","depthM":1.0,"pressureKPa":414.0,"pressureTier":"mp","customers":22,"designM3h":59.878,"roadEdge":45}},{"type":"Feature","id":"gas-E118","geometry":{"type":"LineString","coordinates":[[-80.6015963,43.2996666],[-80.6016477,43.2996626],[-80.6017191,43.2996637],[-80.6017963,43.2996648],[-80.6018733,43.299666],[-80.6019504,43.2996673],[-80.6020276,43.2996686],[-80.6021046,43.2996699],[-80.6021817,43.2996714],[-80.6022589,43.2996728],[-80.602336,43.2996743],[-80.6024131,43.2996758],[-80.6024945,43.2996774],[-80.6025468,43.2996726]]},"properties":{"kind":"distribution","tier":"distribution","placement":"underground","from":"gas-J-21","to":"gas-J-18","lengthM":77.08,"sizeMm":200,"diameterIn":7.9,"nominalLabel":"8\" cast iron (lined)","material":"cast iron","depthM":1.0,"pressureKPa":1.74,"pressureTier":"lp","customers":129,"designM3h":320.896,"roadEdge":22}},{"type":"Feature","id":"gas-E119","geometry":{"type":"LineString","coordinates":[[-80.6015963,43.2996666],[-80.6016352,43.2994577]]},"properties":{"kind":"distribution","tier":"distribution","placement":"underground","from":"gas-J-21","to":"gas-T-195","lengthM":23.47,"sizeMm":100,"diameterIn":3.9,"nominalLabel":"4\" cast iron (lined)","material":"cast iron","depthM":1.0,"pressureKPa":1.74,"pressureTier":"lp","customers":25,"designM3h":70.226,"roadEdge":23}},{"type":"Feature","id":"gas-E120","geometry":{"type":"LineString","coordinates":[[-80.6015963,43.2996666],[-80.601658,43.2996481],[-80.6016414,43.2998257],[-80.6016255,43.2999537]]},"properties":{"kind":"distribution","tier":"distribution","placement":"underground","from":"gas-J-21","to":"gas-T-224","lengthM":39.52,"sizeMm":150,"diameterIn":5.9,"nominalLabel":"6\" cast iron (lined)","material":"cast iron","depthM":1.0,"pressureKPa":1.74,"pressureTier":"lp","customers":32,"designM3h":90.778,"roadEdge":25}},{"type":"Feature","id":"gas-E121","geometry":{"type":"LineString","coordinates":[[-80.6006059,43.299159],[-80.6006063,43.2991417],[-80.6006077,43.2990856],[-80.600609,43.2990295],[-80.6006094,43.2990137]]},"properties":{"kind":"distribution","tier":"distribution","placement":"underground","from":"gas-T-503","to":"gas-T-486","lengthM":16.18,"sizeMm":150,"diameterIn":5.9,"nominalLabel":"6\" cast iron (lined)","material":"cast iron","depthM":1.0,"pressureKPa":1.74,"pressureTier":"lp","customers":31,"designM3h":189.914,"roadEdge":27}},{"type":"Feature","id":"gas-E122","geometry":{"type":"LineString","coordinates":[[-80.6005962,43.3001195],[-80.6005962,43.300264],[-80.6005961,43.30028]]},"properties":{"kind":"distribution","tier":"distribution","placement":"underground","from":"gas-T-522","to":"gas-T-521","lengthM":17.87,"sizeMm":150,"diameterIn":5.9,"nominalLabel":"6\" cast iron (lined)","material":"cast iron","depthM":1.0,"pressureKPa":1.74,"pressureTier":"lp","customers":34,"designM3h":81.73,"roadEdge":28}},{"type":"Feature","id":"gas-E123","geometry":{"type":"LineString","coordinates":[[-80.5999364,43.3000491],[-80.5999239,43.3001815],[-80.5999227,43.300191]]},"properties":{"kind":"distribution","tier":"distribution","placement":"underground","from":"gas-T-242","to":"gas-T-243","lengthM":15.84,"sizeMm":150,"diameterIn":5.9,"nominalLabel":"6\" cast iron (lined)","material":"cast iron","depthM":1.0,"pressureKPa":1.74,"pressureTier":"lp","customers":31,"designM3h":87.271,"roadEdge":30}},{"type":"Feature","id":"gas-E124","geometry":{"type":"LineString","coordinates":[[-80.5995593,43.2990103],[-80.5995594,43.2990076]]},"properties":{"kind":"distribution","tier":"distribution","placement":"underground","from":"gas-T-286","to":"gas-T-549","lengthM":0.3,"sizeMm":100,"diameterIn":3.9,"nominalLabel":"4\" cast iron (lined)","material":"cast iron","depthM":1.0,"pressureKPa":1.74,"pressureTier":"lp","customers":23,"designM3h":61.641,"roadEdge":34}},{"type":"Feature","id":"gas-E125","geometry":{"type":"LineString","coordinates":[[-80.598897,43.3001855],[-80.5988974,43.3001928]]},"properties":{"kind":"distribution","tier":"distribution","placement":"underground","from":"gas-T-305","to":"gas-T-301","lengthM":0.81,"sizeMm":150,"diameterIn":5.9,"nominalLabel":"6\" cast iron (lined)","material":"cast iron","depthM":1.0,"pressureKPa":1.74,"pressureTier":"lp","customers":32,"designM3h":81.913,"roadEdge":36}},{"type":"Feature","id":"gas-E126","geometry":{"type":"LineString","coordinates":[[-80.598478,43.298787],[-80.5984697,43.2986986],[-80.5984616,43.2986292]]},"properties":{"kind":"distribution","tier":"distribution","placement":"underground","from":"gas-T-349","to":"gas-T-350","lengthM":17.62,"sizeMm":100,"diameterIn":3.9,"nominalLabel":"4\" cast iron (lined)","material":"cast iron","depthM":1.0,"pressureKPa":1.74,"pressureTier":"lp","customers":18,"designM3h":52.012,"roadEdge":41}},{"type":"Feature","id":"gas-E127","geometry":{"type":"LineString","coordinates":[[-80.5972746,43.2984595],[-80.5972656,43.2983894]]},"properties":{"kind":"distribution","tier":"distribution","placement":"underground","from":"gas-T-400","to":"gas-T-394","lengthM":7.83,"sizeMm":50,"diameterIn":2.0,"nominalLabel":"2\" PE","material":"PE SDR11","depthM":1.0,"pressureKPa":414.0,"pressureTier":"mp","customers":10,"designM3h":36.169,"roadEdge":46}},{"type":"Feature","id":"gas-E128","geometry":{"type":"LineString","coordinates":[[-80.5965993,43.3010942],[-80.5966251,43.3012305]]},"properties":{"kind":"distribution","tier":"distribution","placement":"underground","from":"gas-T-414","to":"gas-T-429","lengthM":15.32,"sizeMm":50,"diameterIn":2.0,"nominalLabel":"2\" PE","material":"PE SDR11","depthM":1.0,"pressureKPa":414.0,"pressureTier":"mp","customers":18,"designM3h":50.393,"roadEdge":48}},{"type":"Feature","id":"gas-E129","geometry":{"type":"LineString","coordinates":[[-80.5978327,43.3007783],[-80.5978333,43.3007832]]},"properties":{"kind":"distribution","tier":"distribution","placement":"underground","from":"gas-T-361","to":"gas-T-377","lengthM":0.54,"sizeMm":50,"diameterIn":2.0,"nominalLabel":"2\" PE","material":"PE SDR11","depthM":1.0,"pressureKPa":414.0,"pressureTier":"mp","customers":21,"designM3h":57.028,"roadEdge":45}},{"type":"Feature","id":"gas-E130","geometry":{"type":"LineString","coordinates":[[-80.6025468,43.2996726],[-80.6025603,43.2996788],[-80.6027158,43.299682],[-80.6027451,43.2996872]]},"properties":{"kind":"distribution","tier":"distribution","placement":"underground","from":"gas-J-18","to":"gas-J-14","lengthM":16.34,"sizeMm":200,"diameterIn":7.9,"nominalLabel":"8\" cast iron (lined)","material":"cast iron","depthM":1.0,"pressureKPa":1.74,"pressureTier":"lp","customers":94,"designM3h":243.181,"roadEdge":17}},{"type":"Feature","id":"gas-E131","geometry":{"type":"LineString","coordinates":[[-80.6025468,43.2996726],[-80.6025934,43.2996476],[-80.6025628,43.2998275],[-80.602544,43.2999383]]},"properties":{"kind":"distribution","tier":"distribution","placement":"underground","from":"gas-J-18","to":"gas-T-154","lengthM":37.31,"sizeMm":150,"diameterIn":5.9,"nominalLabel":"6\" cast iron (lined)","material":"cast iron","depthM":1.0,"pressureKPa":1.74,"pressureTier":"lp","customers":35,"designM3h":87.075,"roadEdge":21}},{"type":"Feature","id":"gas-E132","geometry":{"type":"LineString","coordinates":[[-80.6016352,43.2994577],[-80.6016326,43.299442],[-80.6016135,43.2992906]]},"properties":{"kind":"distribution","tier":"distribution","placement":"underground","from":"gas-T-195","to":"gas-T-194","lengthM":18.68,"sizeMm":100,"diameterIn":3.9,"nominalLabel":"4\" cast iron (lined)","material":"cast iron","depthM":1.0,"pressureKPa":1.74,"pressureTier":"lp","customers":24,"designM3h":68.869,"roadEdge":23}},{"type":"Feature","id":"gas-E133","geometry":{"type":"LineString","coordinates":[[-80.6016255,43.2999537],[-80.6016245,43.2999622]]},"properties":{"kind":"distribution","tier":"distribution","placement":"underground","from":"gas-T-224","to":"gas-T-209","lengthM":0.95,"sizeMm":150,"diameterIn":5.9,"nominalLabel":"6\" cast iron (lined)","material":"cast iron","depthM":1.0,"pressureKPa":1.74,"pressureTier":"lp","customers":31,"designM3h":88.573,"roadEdge":25}},{"type":"Feature","id":"gas-E134","geometry":{"type":"LineString","coordinates":[[-80.6006094,43.2990137],[-80.6006097,43.2990025]]},"properties":{"kind":"distribution","tier":"distribution","placement":"underground","from":"gas-T-486","to":"gas-T-502","lengthM":1.24,"sizeMm":150,"diameterIn":5.9,"nominalLabel":"6\" cast iron (lined)","material":"cast iron","depthM":1.0,"pressureKPa":1.74,"pressureTier":"lp","customers":30,"designM3h":187.259,"roadEdge":27}},{"type":"Feature","id":"gas-E135","geometry":{"type":"LineString","coordinates":[[-80.6005961,43.30028],[-80.6005961,43.3002864]]},"properties":{"kind":"distribution","tier":"distribution","placement":"underground","from":"gas-T-521","to":"gas-T-540","lengthM":0.72,"sizeMm":150,"diameterIn":5.9,"nominalLabel":"6\" cast iron (lined)","material":"cast iron","depthM":1.0,"pressureKPa":1.74,"pressureTier":"lp","customers":33,"designM3h":80.918,"roadEdge":28}},{"type":"Feature","id":"gas-E136","geometry":{"type":"LineString","coordinates":[[-80.5999227,43.300191],[-80.5999213,43.300201]]},"properties":{"kind":"distribution","tier":"distribution","placement":"underground","from":"gas-T-243","to":"gas-T-544","lengthM":1.12,"sizeMm":150,"diameterIn":5.9,"nominalLabel":"6\" cast iron (lined)","material":"cast iron","depthM":1.0,"pressureKPa":1.74,"pressureTier":"lp","customers":30,"designM3h":85.705,"roadEdge":30}},{"type":"Feature","id":"gas-E137","geometry":{"type":"LineString","coordinates":[[-80.5995594,43.2990076],[-80.5995671,43.2988739],[-80.5995673,43.2988667]]},"properties":{"kind":"distribution","tier":"distribution","placement":"underground","from":"gas-T-549","to":"gas-T-287","lengthM":15.7,"sizeMm":100,"diameterIn":3.9,"nominalLabel":"4\" cast iron (lined)","material":"cast iron","depthM":1.0,"pressureKPa":1.74,"pressureTier":"lp","customers":22,"designM3h":57.078,"roadEdge":34}},{"type":"Feature","id":"gas-E138","geometry":{"type":"LineString","coordinates":[[-80.5988974,43.3001928],[-80.598905,43.3003312]]},"properties":{"kind":"distribution","tier":"distribution","placement":"underground","from":"gas-T-301","to":"gas-T-300","lengthM":15.43,"sizeMm":100,"diameterIn":3.9,"nominalLabel":"4\" cast iron (lined)","material":"cast iron","depthM":1.0,"pressureKPa":1.74,"pressureTier":"lp","customers":31,"designM3h":79.989,"roadEdge":36}},{"type":"Feature","id":"gas-E139","geometry":{"type":"LineString","coordinates":[[-80.5984616,43.2986292],[-80.5984488,43.2985195],[-80.5984416,43.2984655]]},"properties":{"kind":"distribution","tier":"distribution","placement":"underground","from":"gas-T-350","to":"gas-T-351","lengthM":18.29,"sizeMm":100,"diameterIn":3.9,"nominalLabel":"4\" cast iron (lined)","material":"cast iron","depthM":1.0,"pressureKPa":1.74,"pressureTier":"lp","customers":17,"designM3h":48.927,"roadEdge":41}},{"type":"Feature","id":"gas-E140","geometry":{"type":"LineString","coordinates":[[-80.5972656,43.2983894],[-80.5972593,43.2983396],[-80.597254,43.2982922]]},"properties":{"kind":"distribution","tier":"distribution","placement":"underground","from":"gas-T-394","to":"gas-T-401","lengthM":10.86,"sizeMm":50,"diameterIn":2.0,"nominalLabel":"2\" PE","material":"PE SDR11","depthM":1.0,"pressureKPa":414.0,"pressureTier":"mp","customers":9,"designM3h":33.388,"roadEdge":46}},{"type":"Feature","id":"gas-E141","geometry":{"type":"LineString","coordinates":[[-80.5966251,43.3012305],[-80.5966279,43.3012449]]},"properties":{"kind":"distribution","tier":"distribution","placement":"underground","from":"gas-T-429","to":"gas-T-415","lengthM":1.62,"sizeMm":50,"diameterIn":2.0,"nominalLabel":"2\" PE","material":"PE SDR11","depthM":1.0,"pressureKPa":414.0,"pressureTier":"mp","customers":17,"designM3h":47.051,"roadEdge":48}},{"type":"Feature","id":"gas-E142","geometry":{"type":"LineString","coordinates":[[-80.5978333,43.3007832],[-80.5978458,43.3008941],[-80.5978499,43.300949]]},"properties":{"kind":"distribution","tier":"distribution","placement":"underground","from":"gas-T-377","to":"gas-T-362","lengthM":18.51,"sizeMm":50,"diameterIn":2.0,"nominalLabel":"2\" PE","material":"PE SDR11","depthM":1.0,"pressureKPa":414.0,"pressureTier":"mp","customers":20,"designM3h":54.873,"roadEdge":45}},{"type":"Feature","id":"gas-E143","geometry":{"type":"LineString","coordinates":[[-80.6027451,43.2996872],[-80.6028034,43.299684],[-80.6029529,43.2996873],[-80.6031071,43.2996909],[-80.6031842,43.2996927],[-80.6034216,43.2996985],[-80.6034613,43.2996932]]},"properties":{"kind":"distribution","tier":"distribution","placement":"underground","from":"gas-J-14","to":"gas-J-12","lengthM":58.11,"sizeMm":150,"diameterIn":5.9,"nominalLabel":"6\" cast iron (lined)","material":"cast iron","depthM":1.0,"pressureKPa":1.74,"pressureTier":"lp","customers":73,"designM3h":196.772,"roadEdge":15}},{"type":"Feature","id":"gas-E144","geometry":{"type":"LineString","coordinates":[[-80.6027451,43.2996872],[-80.6026991,43.2996315],[-80.6026696,43.2994839]]},"properties":{"kind":"distribution","tier":"distribution","placement":"underground","from":"gas-J-14","to":"gas-T-135","lengthM":23.83,"sizeMm":100,"diameterIn":3.9,"nominalLabel":"4\" cast iron (lined)","material":"cast iron","depthM":1.0,"pressureKPa":1.74,"pressureTier":"lp","customers":21,"designM3h":53.955,"roadEdge":16}},{"type":"Feature","id":"gas-E145","geometry":{"type":"LineString","coordinates":[[-80.602544,43.2999383],[-80.6025374,43.299977]]},"properties":{"kind":"distribution","tier":"distribution","placement":"underground","from":"gas-T-154","to":"gas-T-172","lengthM":4.33,"sizeMm":150,"diameterIn":5.9,"nominalLabel":"6\" cast iron (lined)","material":"cast iron","depthM":1.0,"pressureKPa":1.74,"pressureTier":"lp","customers":34,"designM3h":85.259,"roadEdge":21}},{"type":"Feature","id":"gas-E146","geometry":{"type":"LineString","coordinates":[[-80.6016135,43.2992906],[-80.6016122,43.2992804]]},"properties":{"kind":"distribution","tier":"distribution","placement":"underground","from":"gas-T-194","to":"gas-T-200","lengthM":1.14,"sizeMm":100,"diameterIn":3.9,"nominalLabel":"4\" cast iron (lined)","material":"cast iron","depthM":1.0,"pressureKPa":1.74,"pressureTier":"lp","customers":23,"designM3h":65.459,"roadEdge":23}},{"type":"Feature","id":"gas-E147","geometry":{"type":"LineString","coordinates":[[-80.6016245,43.2999622],[-80.6016191,43.3000061],[-80.6016016,43.3001249]]},"properties":{"kind":"distribution","tier":"distribution","placement":"underground","from":"gas-T-209","to":"gas-T-225","lengthM":18.21,"sizeMm":150,"diameterIn":5.9,"nominalLabel":"6\" cast iron (lined)","material":"cast iron","depthM":1.0,"pressureKPa":1.74,"pressureTier":"lp","customers":30,"designM3h":88.264,"roadEdge":25}},{"type":"Feature","id":"gas-E148","geometry":{"type":"LineString","coordinates":[[-80.6006097,43.2990025],[-80.6006105,43.2989734],[-80.6006121,43.2989173],[-80.6006135,43.2988684]]},"properties":{"kind":"distribution","tier":"distribution","placement":"underground","from":"gas-T-502","to":"gas-T-485","lengthM":14.93,"sizeMm":150,"diameterIn":5.9,"nominalLabel":"6\" cast iron (lined)","material":"cast iron","depthM":1.0,"pressureKPa":1.74,"pressureTier":"lp","customers":29,"designM3h":184.698,"roadEdge":27}},{"type":"Feature","id":"gas-E149","geometry":{"type":"LineString","coordinates":[[-80.6005961,43.3002864],[-80.6005961,43.3003201],[-80.6005961,43.3004463]]},"properties":{"kind":"distribution","tier":"distribution","placement":"underground","from":"gas-T-540","to":"gas-T-539","lengthM":17.8,"sizeMm":100,"diameterIn":3.9,"nominalLabel":"4\" cast iron (lined)","material":"cast iron","depthM":1.0,"pressureKPa":1.74,"pressureTier":"lp","customers":32,"designM3h":77.383,"roadEdge":28}},{"type":"Feature","id":"gas-E150","geometry":{"type":"LineString","coordinates":[[-80.5999213,43.300201],[-80.5999048,43.3003259]]},"properties":{"kind":"distribution","tier":"distribution","placement":"underground","from":"gas-T-544","to":"gas-T-244","lengthM":13.97,"sizeMm":150,"diameterIn":5.9,"nominalLabel":"6\" cast iron (lined)","material":"cast iron","depthM":1.0,"pressureKPa":1.74,"pressureTier":"lp","customers":29,"designM3h":81.334,"roadEdge":30}},{"type":"Feature","id":"gas-E151","geometry":{"type":"LineString","coordinates":[[-80.5995673,43.2988667],[-80.5995678,43.2988487]]},"properties":{"kind":"distribution","tier":"distribution","placement":"underground","from":"gas-T-287","to":"gas-T-275","lengthM":2.0,"sizeMm":100,"diameterIn":3.9,"nominalLabel":"4\" cast iron (lined)","material":"cast iron","depthM":1.0,"pressureKPa":1.74,"pressureTier":"lp","customers":21,"designM3h":54.191,"roadEdge":34}},{"type":"Feature","id":"gas-E152","geometry":{"type":"LineString","coordinates":[[-80.598905,43.3003312],[-80.5989064,43.3003569],[-80.5989076,43.3004756]]},"properties":{"kind":"distribution","tier":"distribution","placement":"underground","from":"gas-T-300","to":"gas-T-299","lengthM":16.07,"sizeMm":100,"diameterIn":3.9,"nominalLabel":"4\" cast iron (lined)","material":"cast iron","depthM":1.0,"pressureKPa":1.74,"pressureTier":"lp","customers":30,"designM3h":77.171,"roadEdge":36}},{"type":"Feature","id":"gas-E153","geometry":{"type":"LineString","coordinates":[[-80.5984416,43.2984655],[-80.5984381,43.2984385]]},"properties":{"kind":"distribution","tier":"distribution","placement":"underground","from":"gas-T-351","to":"gas-T-335","lengthM":3.03,"sizeMm":100,"diameterIn":3.9,"nominalLabel":"4\" cast iron (lined)","material":"cast iron","depthM":1.0,"pressureKPa":1.74,"pressureTier":"lp","customers":16,"designM3h":45.951,"roadEdge":41}},{"type":"Feature","id":"gas-E154","geometry":{"type":"LineString","coordinates":[[-80.597254,43.2982922],[-80.5972485,43.2982416]]},"properties":{"kind":"distribution","tier":"distribution","placement":"underground","from":"gas-T-401","to":"gas-T-395","lengthM":5.65,"sizeMm":50,"diameterIn":2.0,"nominalLabel":"2\" PE","material":"PE SDR11","depthM":1.0,"pressureKPa":414.0,"pressureTier":"mp","customers":8,"designM3h":31.562,"roadEdge":46}},{"type":"Feature","id":"gas-E155","geometry":{"type":"LineString","coordinates":[[-80.5966279,43.3012449],[-80.596631,43.3012613],[-80.5966517,43.3013887]]},"properties":{"kind":"distribution","tier":"distribution","placement":"underground","from":"gas-T-415","to":"gas-T-430","lengthM":16.13,"sizeMm":50,"diameterIn":2.0,"nominalLabel":"2\" PE","material":"PE SDR11","depthM":1.0,"pressureKPa":414.0,"pressureTier":"mp","customers":16,"designM3h":45.043,"roadEdge":48}},{"type":"Feature","id":"gas-E156","geometry":{"type":"LineString","coordinates":[[-80.5978499,43.300949],[-80.5978504,43.3009563]]},"properties":{"kind":"distribution","tier":"distribution","placement":"underground","from":"gas-T-362","to":"gas-T-378","lengthM":0.81,"sizeMm":50,"diameterIn":2.0,"nominalLabel":"2\" PE","material":"PE SDR11","depthM":1.0,"pressureKPa":414.0,"pressureTier":"mp","customers":19,"designM3h":52.394,"roadEdge":45}},{"type":"Feature","id":"gas-E157","geometry":{"type":"LineString","coordinates":[[-80.6034613,43.2996932],[-80.603488,43.2997002],[-80.6037241,43.2997062],[-80.6037977,43.2997082],[-80.6038537,43.2997148]]},"properties":{"kind":"distribution","tier":"distribution","placement":"underground","from":"gas-J-12","to":"gas-J-9","lengthM":32.0,"sizeMm":150,"diameterIn":5.9,"nominalLabel":"6\" cast iron (lined)","material":"cast iron","depthM":1.0,"pressureKPa":1.74,"pressureTier":"lp","customers":42,"designM3h":125.018,"roadEdge":11}},{"type":"Feature","id":"gas-E158","geometry":{"type":"LineString","coordinates":[[-80.6034613,43.2996932],[-80.6034867,43.2998255],[-80.6034753,43.2999554]]},"properties":{"kind":"distribution","tier":"distribution","placement":"underground","from":"gas-J-12","to":"gas-T-99","lengthM":29.36,"sizeMm":150,"diameterIn":5.9,"nominalLabel":"6\" cast iron (lined)","material":"cast iron","depthM":1.0,"pressureKPa":1.74,"pressureTier":"lp","customers":31,"designM3h":80.035,"roadEdge":14}},{"type":"Feature","id":"gas-E159","geometry":{"type":"LineString","coordinates":[[-80.6026696,43.2994839],[-80.6026633,43.2994522],[-80.6026352,43.2993158]]},"properties":{"kind":"distribution","tier":"distribution","placement":"underground","from":"gas-T-135","to":"gas-T-136","lengthM":18.92,"sizeMm":100,"diameterIn":3.9,"nominalLabel":"4\" cast iron (lined)","material":"cast iron","depthM":1.0,"pressureKPa":1.74,"pressureTier":"lp","customers":20,"designM3h":52.29,"roadEdge":16}},{"type":"Feature","id":"gas-E160","geometry":{"type":"LineString","coordinates":[[-80.6025374,43.299977],[-80.6025323,43.300007],[-80.6025193,43.3000883]]},"properties":{"kind":"distribution","tier":"distribution","placement":"underground","from":"gas-T-172","to":"gas-T-155","lengthM":12.48,"sizeMm":150,"diameterIn":5.9,"nominalLabel":"6\" cast iron (lined)","material":"cast iron","depthM":1.0,"pressureKPa":1.74,"pressureTier":"lp","customers":33,"designM3h":83.375,"roadEdge":21}},{"type":"Feature","id":"gas-E161","geometry":{"type":"LineString","coordinates":[[-80.6016122,43.2992804],[-80.60161,43.2992636],[-80.6015982,43.2991173]]},"properties":{"kind":"distribution","tier":"distribution","placement":"underground","from":"gas-T-200","to":"gas-T-193","lengthM":18.2,"sizeMm":100,"diameterIn":3.9,"nominalLabel":"4\" cast iron (lined)","material":"cast iron","depthM":1.0,"pressureKPa":1.74,"pressureTier":"lp","customers":22,"designM3h":62.122,"roadEdge":23}},{"type":"Feature","id":"gas-E162","geometry":{"type":"LineString","coordinates":[[-80.6016016,43.3001249],[-80.6016007,43.300131]]},"properties":{"kind":"distribution","tier":"distribution","placement":"underground","from":"gas-T-225","to":"gas-T-210","lengthM":0.69,"sizeMm":150,"diameterIn":5.9,"nominalLabel":"6\" cast iron (lined)","material":"cast iron","depthM":1.0,"pressureKPa":1.74,"pressureTier":"lp","customers":29,"designM3h":85.011,"roadEdge":25}},{"type":"Feature","id":"gas-E163","geometry":{"type":"LineString","coordinates":[[-80.6006135,43.2988684],[-80.6006137,43.2988612],[-80.6006139,43.2988536]]},"properties":{"kind":"distribution","tier":"distribution","placement":"underground","from":"gas-T-485","to":"gas-T-501","lengthM":1.65,"sizeMm":150,"diameterIn":5.9,"nominalLabel":"6\" cast iron (lined)","material":"cast iron","depthM":1.0,"pressureKPa":1.74,"pressureTier":"lp","customers":28,"designM3h":181.743,"roadEdge":27}},{"type":"Feature","id":"gas-E164","geometry":{"type":"LineString","coordinates":[[-80.6005961,43.3004463],[-80.6005961,43.3004487]]},"properties":{"kind":"distribution","tier":"distribution","placement":"underground","from":"gas-T-539","to":"gas-T-520","lengthM":0.26,"sizeMm":100,"diameterIn":3.9,"nominalLabel":"4\" cast iron (lined)","material":"cast iron","depthM":1.0,"pressureKPa":1.74,"pressureTier":"lp","customers":31,"designM3h":74.317,"roadEdge":28}},{"type":"Feature","id":"gas-E165","geometry":{"type":"LineString","coordinates":[[-80.5999048,43.3003259],[-80.5999024,43.300344]]},"properties":{"kind":"distribution","tier":"distribution","placement":"underground","from":"gas-T-244","to":"gas-T-545","lengthM":2.02,"sizeMm":100,"diameterIn":3.9,"nominalLabel":"4\" cast iron (lined)","material":"cast iron","depthM":1.0,"pressureKPa":1.74,"pressureTier":"lp","customers":28,"designM3h":79.408,"roadEdge":30}},{"type":"Feature","id":"gas-E166","geometry":{"type":"LineString","coordinates":[[-80.5995678,43.2988487],[-80.5995714,43.2987182]]},"properties":{"kind":"distribution","tier":"distribution","placement":"underground","from":"gas-T-275","to":"gas-T-288","lengthM":14.54,"sizeMm":100,"diameterIn":3.9,"nominalLabel":"4\" cast iron (lined)","material":"cast iron","depthM":1.0,"pressureKPa":1.74,"pressureTier":"lp","customers":20,"designM3h":52.108,"roadEdge":34}},{"type":"Feature","id":"gas-E167","geometry":{"type":"LineString","coordinates":[[-80.5989076,43.3004756],[-80.5989082,43.3005379],[-80.5989057,43.3006159]]},"properties":{"kind":"distribution","tier":"distribution","placement":"underground","from":"gas-T-299","to":"gas-T-298","lengthM":15.62,"sizeMm":100,"diameterIn":3.9,"nominalLabel":"4\" cast iron (lined)","material":"cast iron","depthM":1.0,"pressureKPa":1.74,"pressureTier":"lp","customers":29,"designM3h":74.175,"roadEdge":36}},{"type":"Feature","id":"gas-E168","geometry":{"type":"LineString","coordinates":[[-80.5984381,43.2984385],[-80.598425,43.2983402],[-80.5984198,43.2983031]]},"properties":{"kind":"distribution","tier":"distribution","placement":"underground","from":"gas-T-335","to":"gas-T-352","lengthM":15.14,"sizeMm":100,"diameterIn":3.9,"nominalLabel":"4\" cast iron (lined)","material":"cast iron","depthM":1.0,"pressureKPa":1.74,"pressureTier":"lp","customers":15,"designM3h":42.656,"roadEdge":41}},{"type":"Feature","id":"gas-E169","geometry":{"type":"LineString","coordinates":[[-80.5972485,43.2982416],[-80.5972394,43.2981594],[-80.5972338,43.2980935]]},"properties":{"kind":"distribution","tier":"distribution","placement":"underground","from":"gas-T-395","to":"gas-T-396","lengthM":16.53,"sizeMm":50,"diameterIn":2.0,"nominalLabel":"2\" PE","material":"PE SDR11","depthM":1.0,"pressureKPa":414.0,"pressureTier":"mp","customers":7,"designM3h":28.12,"roadEdge":46}},{"type":"Feature","id":"gas-E170","geometry":{"type":"LineString","coordinates":[[-80.5966517,43.3013887],[-80.5966526,43.3013939]]},"properties":{"kind":"distribution","tier":"distribution","placement":"underground","from":"gas-T-430","to":"gas-T-416","lengthM":0.58,"sizeMm":50,"diameterIn":2.0,"nominalLabel":"2\" PE","material":"PE SDR11","depthM":1.0,"pressureKPa":414.0,"pressureTier":"mp","customers":15,"designM3h":42.854,"roadEdge":48}},{"type":"Feature","id":"gas-E171","geometry":{"type":"LineString","coordinates":[[-80.5978504,43.3009563],[-80.5978591,43.301075],[-80.5978606,43.3011238]]},"properties":{"kind":"distribution","tier":"distribution","placement":"underground","from":"gas-T-378","to":"gas-T-363","lengthM":18.67,"sizeMm":50,"diameterIn":2.0,"nominalLabel":"2\" PE","material":"PE SDR11","depthM":1.0,"pressureKPa":414.0,"pressureTier":"mp","customers":18,"designM3h":50.322,"roadEdge":45}},{"type":"Feature","id":"gas-E172","geometry":{"type":"LineString","coordinates":[[-80.6038537,43.2997148],[-80.6038896,43.2997107],[-80.6039555,43.2997124],[-80.6040326,43.2997145],[-80.6041868,43.2997188],[-80.604264,43.299721],[-80.6044182,43.2997253],[-80.6044302,43.2997256]]},"properties":{"kind":"distribution","tier":"distribution","placement":"underground","from":"gas-J-9","to":"gas-J-8","lengthM":46.77,"sizeMm":100,"diameterIn":3.9,"nominalLabel":"4\" cast iron (lined)","material":"cast iron","depthM":1.0,"pressureKPa":1.74,"pressureTier":"lp","customers":21,"designM3h":64.063,"roadEdge":9}},{"type":"Feature","id":"gas-E173","geometry":{"type":"LineString","coordinates":[[-80.6038537,43.2997148],[-80.6038055,43.2996277],[-80.6037905,43.2994494],[-80.6037805,43.2993719]]},"properties":{"kind":"distribution","tier":"distribution","placement":"underground","from":"gas-J-9","to":"gas-T-76","lengthM":39.0,"sizeMm":100,"diameterIn":3.9,"nominalLabel":"4\" cast iron (lined)","material":"cast iron","depthM":1.0,"pressureKPa":1.74,"pressureTier":"lp","customers":21,"designM3h":67.877,"roadEdge":10}},{"type":"Feature","id":"gas-E174","geometry":{"type":"LineString","coordinates":[[-80.6034753,43.2999554],[-80.6034743,43.2999667]]},"properties":{"kind":"distribution","tier":"distribution","placement":"underground","from":"gas-T-99","to":"gas-T-112","lengthM":1.26,"sizeMm":100,"diameterIn":3.9,"nominalLabel":"4\" cast iron (lined)","material":"cast iron","depthM":1.0,"pressureKPa":1.74,"pressureTier":"lp","customers":30,"designM3h":78.146,"roadEdge":14}},{"type":"Feature","id":"gas-E175","geometry":{"type":"LineString","coordinates":[[-80.6026352,43.2993158],[-80.6026324,43.2993021]]},"properties":{"kind":"distribution","tier":"distribution","placement":"underground","from":"gas-T-136","to":"gas-T-130","lengthM":1.54,"sizeMm":100,"diameterIn":3.9,"nominalLabel":"4\" cast iron (lined)","material":"cast iron","depthM":1.0,"pressureKPa":1.74,"pressureTier":"lp","customers":19,"designM3h":50.238,"roadEdge":16}},{"type":"Feature","id":"gas-E176","geometry":{"type":"LineString","coordinates":[[-80.6025193,43.3000883],[-80.6025112,43.3001392]]},"properties":{"kind":"distribution","tier":"distribution","placement":"underground","from":"gas-T-155","to":"gas-T-173","lengthM":5.7,"sizeMm":150,"diameterIn":5.9,"nominalLabel":"6\" cast iron (lined)","material":"cast iron","depthM":1.0,"pressureKPa":1.74,"pressureTier":"lp","customers":32,"designM3h":81.441,"roadEdge":21}},{"type":"Feature","id":"gas-E177","geometry":{"type":"LineString","coordinates":[[-80.6015982,43.2991173],[-80.6015956,43.2990853],[-80.601591,43.2989342]]},"properties":{"kind":"distribution","tier":"distribution","placement":"underground","from":"gas-T-193","to":"gas-T-192","lengthM":20.39,"sizeMm":100,"diameterIn":3.9,"nominalLabel":"4\" cast iron (lined)","material":"cast iron","depthM":1.0,"pressureKPa":1.74,"pressureTier":"lp","customers":21,"designM3h":58.552,"roadEdge":23}},{"type":"Feature","id":"gas-E178","geometry":{"type":"LineString","coordinates":[[-80.6016007,43.300131],[-80.6015926,43.3001864],[-80.6015756,43.3002898]]},"properties":{"kind":"distribution","tier":"distribution","placement":"underground","from":"gas-T-210","to":"gas-T-226","lengthM":17.78,"sizeMm":150,"diameterIn":5.9,"nominalLabel":"6\" cast iron (lined)","material":"cast iron","depthM":1.0,"pressureKPa":1.74,"pressureTier":"lp","customers":28,"designM3h":81.417,"roadEdge":25}},{"type":"Feature","id":"gas-E179","geometry":{"type":"LineString","coordinates":[[-80.6006139,43.2988536],[-80.6006154,43.2988051],[-80.6006171,43.298749],[-80.6006184,43.2987131]]},"properties":{"kind":"distribution","tier":"distribution","placement":"underground","from":"gas-T-501","to":"gas-T-500","lengthM":15.64,"sizeMm":150,"diameterIn":5.9,"nominalLabel":"6\" cast iron (lined)","material":"cast iron","depthM":1.0,"pressureKPa":1.74,"pressureTier":"lp","customers":27,"designM3h":179.197,"roadEdge":27}},{"type":"Feature","id":"gas-E180","geometry":{"type":"LineString","coordinates":[[-80.6005961,43.3004487],[-80.6005961,43.3004885],[-80.6005959,43.3005447],[-80.6005959,43.3006102]]},"properties":{"kind":"distribution","tier":"distribution","placement":"underground","from":"gas-T-520","to":"gas-T-538","lengthM":17.98,"sizeMm":100,"diameterIn":3.9,"nominalLabel":"4\" cast iron (lined)","material":"cast iron","depthM":1.0,"pressureKPa":1.74,"pressureTier":"lp","customers":30,"designM3h":73.341,"roadEdge":28}},{"type":"Feature","id":"gas-E181","geometry":{"type":"LineString","coordinates":[[-80.5999024,43.300344],[-80.5998999,43.3003622],[-80.5998826,43.3004676]]},"properties":{"kind":"distribution","tier":"distribution","placement":"underground","from":"gas-T-545","to":"gas-T-245","lengthM":13.86,"sizeMm":100,"diameterIn":3.9,"nominalLabel":"4\" cast iron (lined)","material":"cast iron","depthM":1.0,"pressureKPa":1.74,"pressureTier":"lp","customers":27,"designM3h":76.005,"roadEdge":30}},{"type":"Feature","id":"gas-E182","geometry":{"type":"LineString","coordinates":[[-80.5995714,43.2987182],[-80.5995721,43.2986951],[-80.5995713,43.2985492]]},"properties":{"kind":"distribution","tier":"distribution","placement":"underground","from":"gas-T-288","to":"gas-T-276","lengthM":18.8,"sizeMm":100,"diameterIn":3.9,"nominalLabel":"4\" cast iron (lined)","material":"cast iron","depthM":1.0,"pressureKPa":1.74,"pressureTier":"lp","customers":19,"designM3h":50.113,"roadEdge":34}},{"type":"Feature","id":"gas-E183","geometry":{"type":"LineString","coordinates":[[-80.5989057,43.3006159],[-80.5989023,43.3007188],[-80.5988986,43.3007665]]},"properties":{"kind":"distribution","tier":"distribution","placement":"underground","from":"gas-T-298","to":"gas-J-32","lengthM":16.78,"sizeMm":100,"diameterIn":3.9,"nominalLabel":"4\" cast iron (lined)","material":"cast iron","depthM":1.0,"pressureKPa":1.74,"pressureTier":"lp","customers":28,"designM3h":71.191,"roadEdge":36}},{"type":"Feature","id":"gas-E184","geometry":{"type":"LineString","coordinates":[[-80.5984198,43.2983031],[-80.5984138,43.2982615]]},"properties":{"kind":"distribution","tier":"distribution","placement":"underground","from":"gas-T-352","to":"gas-T-336","lengthM":4.66,"sizeMm":100,"diameterIn":3.9,"nominalLabel":"4\" cast iron (lined)","material":"cast iron","depthM":1.0,"pressureKPa":1.74,"pressureTier":"lp","customers":14,"designM3h":40.52,"roadEdge":41}},{"type":"Feature","id":"gas-E185","geometry":{"type":"LineString","coordinates":[[-80.5972338,43.2980935],[-80.5972239,43.2979789],[-80.5972219,43.2979434]]},"properties":{"kind":"distribution","tier":"distribution","placement":"underground","from":"gas-T-396","to":"gas-T-402","lengthM":16.74,"sizeMm":50,"diameterIn":2.0,"nominalLabel":"2\" PE","material":"PE SDR11","depthM":1.0,"pressureKPa":414.0,"pressureTier":"mp","customers":6,"designM3h":24.671,"roadEdge":46}},{"type":"Feature","id":"gas-E186","geometry":{"type":"LineString","coordinates":[[-80.5966526,43.3013939],[-80.5966601,43.3014401],[-80.5966728,43.3015383]]},"properties":{"kind":"distribution","tier":"distribution","placement":"underground","from":"gas-T-416","to":"gas-T-431","lengthM":16.16,"sizeMm":50,"diameterIn":2.0,"nominalLabel":"2\" PE","material":"PE SDR11","depthM":1.0,"pressureKPa":414.0,"pressureTier":"mp","customers":14,"designM3h":39.457,"roadEdge":48}},{"type":"Feature","id":"gas-E187","geometry":{"type":"LineString","coordinates":[[-80.5978606,43.3011238],[-80.5978608,43.30113]]},"properties":{"kind":"distribution","tier":"distribution","placement":"underground","from":"gas-T-363","to":"gas-T-379","lengthM":0.69,"sizeMm":50,"diameterIn":2.0,"nominalLabel":"2\" PE","material":"PE SDR11","depthM":1.0,"pressureKPa":414.0,"pressureTier":"mp","customers":17,"designM3h":48.247,"roadEdge":45}},{"type":"Feature","id":"gas-E188","geometry":{"type":"LineString","coordinates":[[-80.6044302,43.2997256],[-80.6044954,43.2997275],[-80.6045725,43.2997297],[-80.6048039,43.2997364],[-80.6048517,43.2997378]]},"properties":{"kind":"distribution","tier":"distribution","placement":"underground","from":"gas-J-8","to":"gas-J-4","lengthM":34.18,"sizeMm":100,"diameterIn":3.9,"nominalLabel":"4\" cast iron (lined)","material":"cast iron","depthM":1.0,"pressureKPa":1.74,"pressureTier":"lp","customers":8,"designM3h":29.855,"roadEdge":6}},{"type":"Feature","id":"gas-E189","geometry":{"type":"LineString","coordinates":[[-80.6044302,43.2997256],[-80.604379,43.2997766]]},"properties":{"kind":"distribution","tier":"distribution","placement":"underground","from":"gas-J-8","to":"gas-J-7","lengthM":7.03,"sizeMm":100,"diameterIn":3.9,"nominalLabel":"4\" cast iron (lined)","material":"cast iron","depthM":1.0,"pressureKPa":1.74,"pressureTier":"lp","customers":13,"designM3h":38.999,"roadEdge":8}},{"type":"Feature","id":"gas-E190","geometry":{"type":"LineString","coordinates":[[-80.6037805,43.2993719],[-80.603779,43.2993602]]},"properties":{"kind":"distribution","tier":"distribution","placement":"underground","from":"gas-T-76","to":"gas-T-85","lengthM":1.3,"sizeMm":100,"diameterIn":3.9,"nominalLabel":"4\" cast iron (lined)","material":"cast iron","depthM":1.0,"pressureKPa":1.74,"pressureTier":"lp","customers":20,"designM3h":66.17,"roadEdge":10}},{"type":"Feature","id":"gas-E191","geometry":{"type":"LineString","coordinates":[[-80.6034743,43.2999667],[-80.603471,43.3000042],[-80.6034654,43.3001124]]},"properties":{"kind":"distribution","tier":"distribution","placement":"underground","from":"gas-T-112","to":"gas-T-100","lengthM":16.24,"sizeMm":100,"diameterIn":3.9,"nominalLabel":"4\" cast iron (lined)","material":"cast iron","depthM":1.0,"pressureKPa":1.74,"pressureTier":"lp","customers":29,"designM3h":76.191,"roadEdge":14}},{"type":"Feature","id":"gas-E192","geometry":{"type":"LineString","coordinates":[[-80.6026324,43.2993021],[-80.6026263,43.2992725],[-80.6026019,43.2991496]]},"properties":{"kind":"distribution","tier":"distribution","placement":"underground","from":"gas-T-130","to":"gas-T-137","lengthM":17.15,"sizeMm":100,"diameterIn":3.9,"nominalLabel":"4\" cast iron (lined)","material":"cast iron","depthM":1.0,"pressureKPa":1.74,"pressureTier":"lp","customers":18,"designM3h":48.373,"roadEdge":16}},{"type":"Feature","id":"gas-E193","geometry":{"type":"LineString","coordinates":[[-80.6025112,43.3001392],[-80.6025036,43.3001862],[-80.6024864,43.3003077]]},"properties":{"kind":"distribution","tier":"distribution","placement":"underground","from":"gas-T-173","to":"gas-T-174","lengthM":18.87,"sizeMm":100,"diameterIn":3.9,"nominalLabel":"4\" cast iron (lined)","material":"cast iron","depthM":1.0,"pressureKPa":1.74,"pressureTier":"lp","customers":31,"designM3h":79.448,"roadEdge":21}},{"type":"Feature","id":"gas-E194","geometry":{"type":"LineString","coordinates":[[-80.601591,43.2989342],[-80.6015902,43.2989072],[-80.6015938,43.2987518]]},"properties":{"kind":"distribution","tier":"distribution","placement":"underground","from":"gas-T-192","to":"gas-T-191","lengthM":20.31,"sizeMm":100,"diameterIn":3.9,"nominalLabel":"4\" cast iron (lined)","material":"cast iron","depthM":1.0,"pressureKPa":1.74,"pressureTier":"lp","customers":20,"designM3h":55.227,"roadEdge":23}},{"type":"Feature","id":"gas-E195","geometry":{"type":"LineString","coordinates":[[-80.6015756,43.3002898],[-80.601574,43.3002995]]},"properties":{"kind":"distribution","tier":"distribution","placement":"underground","from":"gas-T-226","to":"gas-T-211","lengthM":1.09,"sizeMm":100,"diameterIn":3.9,"nominalLabel":"4\" cast iron (lined)","material":"cast iron","depthM":1.0,"pressureKPa":1.74,"pressureTier":"lp","customers":27,"designM3h":78.417,"roadEdge":25}},{"type":"Feature","id":"gas-E196","geometry":{"type":"LineString","coordinates":[[-80.6006184,43.2987131],[-80.6006185,43.298711]]},"properties":{"kind":"distribution","tier":"distribution","placement":"underground","from":"gas-T-500","to":"gas-T-484","lengthM":0.24,"sizeMm":150,"diameterIn":5.9,"nominalLabel":"6\" cast iron (lined)","material":"cast iron","depthM":1.0,"pressureKPa":1.74,"pressureTier":"lp","customers":26,"designM3h":177.036,"roadEdge":27}},{"type":"Feature","id":"gas-E197","geometry":{"type":"LineString","coordinates":[[-80.6005959,43.3006102],[-80.6005959,43.3006125]]},"properties":{"kind":"distribution","tier":"distribution","placement":"underground","from":"gas-T-538","to":"gas-T-519","lengthM":0.26,"sizeMm":100,"diameterIn":3.9,"nominalLabel":"4\" cast iron (lined)","material":"cast iron","depthM":1.0,"pressureKPa":1.74,"pressureTier":"lp","customers":29,"designM3h":70.089,"roadEdge":28}},{"type":"Feature","id":"gas-E198","geometry":{"type":"LineString","coordinates":[[-80.5998826,43.3004676],[-80.5998808,43.3004784]]},"properties":{"kind":"distribution","tier":"distribution","placement":"underground","from":"gas-T-245","to":"gas-T-546","lengthM":1.21,"sizeMm":100,"diameterIn":3.9,"nominalLabel":"4\" cast iron (lined)","material":"cast iron","depthM":1.0,"pressureKPa":1.74,"pressureTier":"lp","customers":26,"designM3h":73.808,"roadEdge":30}},{"type":"Feature","id":"gas-E199","geometry":{"type":"LineString","coordinates":[[-80.5995713,43.2985492],[-80.5995711,43.2985164],[-80.5995674,43.2984157]]},"properties":{"kind":"distribution","tier":"distribution","placement":"underground","from":"gas-T-276","to":"gas-T-289","lengthM":14.87,"sizeMm":100,"diameterIn":3.9,"nominalLabel":"4\" cast iron (lined)","material":"cast iron","depthM":1.0,"pressureKPa":1.74,"pressureTier":"lp","customers":18,"designM3h":47.295,"roadEdge":34}},{"type":"Feature","id":"gas-E200","geometry":{"type":"LineString","coordinates":[[-80.5988986,43.3007665],[-80.5990727,43.3008047]]},"properties":{"kind":"distribution","tier":"distribution","placement":"underground","from":"gas-J-32","to":"gas-T-272","lengthM":14.73,"sizeMm":100,"diameterIn":3.9,"nominalLabel":"4\" cast iron (lined)","material":"cast iron","depthM":1.0,"pressureKPa":1.74,"pressureTier":"lp","customers":4,"designM3h":11.731,"roadEdge":33}},{"type":"Feature","id":"gas-E201","geometry":{"type":"LineString","coordinates":[[-80.5988986,43.3007665],[-80.5988884,43.3008997],[-80.5988858,43.3009216]]},"properties":{"kind":"distribution","tier":"distribution","placement":"underground","from":"gas-J-32","to":"gas-T-319","lengthM":17.3,"sizeMm":100,"diameterIn":3.9,"nominalLabel":"4\" cast iron (lined)","material":"cast iron","depthM":1.0,"pressureKPa":1.74,"pressureTier":"lp","customers":24,"designM3h":62.681,"roadEdge":37}},{"type":"Feature","id":"gas-E202","geometry":{"type":"LineString","coordinates":[[-80.5984138,43.2982615],[-80.5983995,43.2981607],[-80.5983948,43.2981284]]},"properties":{"kind":"distribution","tier":"distribution","placement":"underground","from":"gas-T-336","to":"gas-T-353","lengthM":14.9,"sizeMm":100,"diameterIn":3.9,"nominalLabel":"4\" cast iron (lined)","material":"cast iron","depthM":1.0,"pressureKPa":1.74,"pressureTier":"lp","customers":13,"designM3h":38.317,"roadEdge":41}},{"type":"Feature","id":"gas-E203","geometry":{"type":"LineString","coordinates":[[-80.5972219,43.2979434],[-80.5972135,43.2977984],[-80.5972129,43.2977749]]},"properties":{"kind":"distribution","tier":"distribution","placement":"underground","from":"gas-T-402","to":"gas-T-403","lengthM":18.77,"sizeMm":50,"diameterIn":2.0,"nominalLabel":"2\" PE","material":"PE SDR11","depthM":1.0,"pressureKPa":414.0,"pressureTier":"mp","customers":5,"designM3h":21.231,"roadEdge":46}},{"type":"Feature","id":"gas-E204","geometry":{"type":"LineString","coordinates":[[-80.5966728,43.3015383],[-80.596674,43.3015475]]},"properties":{"kind":"distribution","tier":"distribution","placement":"underground","from":"gas-T-431","to":"gas-T-417","lengthM":1.03,"sizeMm":50,"diameterIn":2.0,"nominalLabel":"2\" PE","material":"PE SDR11","depthM":1.0,"pressureKPa":414.0,"pressureTier":"mp","customers":13,"designM3h":39.197,"roadEdge":48}},{"type":"Feature","id":"gas-E205","geometry":{"type":"LineString","coordinates":[[-80.5978608,43.30113],[-80.5978646,43.301256],[-80.5978641,43.3012924]]},"properties":{"kind":"distribution","tier":"distribution","placement":"underground","from":"gas-T-379","to":"gas-T-364","lengthM":18.08,"sizeMm":50,"diameterIn":2.0,"nominalLabel":"2\" PE","material":"PE SDR11","depthM":1.0,"pressureKPa":414.0,"pressureTier":"mp","customers":16,"designM3h":46.105,"roadEdge":45}},{"type":"Feature","id":"gas-E206","geometry":{"type":"LineString","coordinates":[[-80.6048517,43.2997378],[-80.6048085,43.2996225],[-80.6048256,43.2994442],[-80.6048336,43.2992661],[-80.6048332,43.2992133]]},"properties":{"kind":"distribution","tier":"distribution","placement":"underground","from":"gas-J-4","to":"gas-T-57","lengthM":58.91,"sizeMm":100,"diameterIn":3.9,"nominalLabel":"4\" cast iron (lined)","material":"cast iron","depthM":1.0,"pressureKPa":1.74,"pressureTier":"lp","customers":8,"designM3h":29.855,"roadEdge":5}},{"type":"Feature","id":"gas-E207","geometry":{"type":"LineString","coordinates":[[-80.604379,43.2997766],[-80.6046595,43.2998164]]},"properties":{"kind":"distribution","tier":"distribution","placement":"underground","from":"gas-J-7","to":"gas-T-56","lengthM":23.15,"sizeMm":100,"diameterIn":3.9,"nominalLabel":"4\" cast iron (lined)","material":"cast iron","depthM":1.0,"pressureKPa":1.74,"pressureTier":"lp","customers":2,"designM3h":10.167,"roadEdge":3}},{"type":"Feature","id":"gas-E208","geometry":{"type":"LineString","coordinates":[[-80.604379,43.2997766],[-80.6043802,43.2998237],[-80.6043912,43.3000045],[-80.6043983,43.3000791]]},"properties":{"kind":"distribution","tier":"distribution","placement":"underground","from":"gas-J-7","to":"gas-T-73","lengthM":33.71,"sizeMm":100,"diameterIn":3.9,"nominalLabel":"4\" cast iron (lined)","material":"cast iron","depthM":1.0,"pressureKPa":1.74,"pressureTier":"lp","customers":11,"designM3h":31.985,"roadEdge":7}},{"type":"Feature","id":"gas-E209","geometry":{"type":"LineString","coordinates":[[-80.603779,43.2993602],[-80.6037675,43.2992709],[-80.6037606,43.2992297]]},"properties":{"kind":"distribution","tier":"distribution","placement":"underground","from":"gas-T-85","to":"gas-T-77","lengthM":14.61,"sizeMm":100,"diameterIn":3.9,"nominalLabel":"4\" cast iron (lined)","material":"cast iron","depthM":1.0,"pressureKPa":1.74,"pressureTier":"lp","customers":19,"designM3h":62.952,"roadEdge":10}},{"type":"Feature","id":"gas-E210","geometry":{"type":"LineString","coordinates":[[-80.6034654,43.3001124],[-80.6034653,43.3001142]]},"properties":{"kind":"distribution","tier":"distribution","placement":"underground","from":"gas-T-100","to":"gas-T-113","lengthM":0.2,"sizeMm":100,"diameterIn":3.9,"nominalLabel":"4\" cast iron (lined)","material":"cast iron","depthM":1.0,"pressureKPa":1.74,"pressureTier":"lp","customers":28,"designM3h":74.206,"roadEdge":14}},{"type":"Feature","id":"gas-E211","geometry":{"type":"LineString","coordinates":[[-80.6026019,43.2991496],[-80.6025905,43.2990925],[-80.6025679,43.2989657]]},"properties":{"kind":"distribution","tier":"distribution","placement":"underground","from":"gas-T-137","to":"gas-T-138","lengthM":20.66,"sizeMm":100,"diameterIn":3.9,"nominalLabel":"4\" cast iron (lined)","material":"cast iron","depthM":1.0,"pressureKPa":1.74,"pressureTier":"lp","customers":17,"designM3h":46.169,"roadEdge":16}},{"type":"Feature","id":"gas-E212","geometry":{"type":"LineString","coordinates":[[-80.6024864,43.3003077],[-80.6024782,43.3003653],[-80.6024749,43.3003932]]},"properties":{"kind":"distribution","tier":"distribution","placement":"underground","from":"gas-T-174","to":"gas-T-156","lengthM":9.56,"sizeMm":100,"diameterIn":3.9,"nominalLabel":"4\" cast iron (lined)","material":"cast iron","depthM":1.0,"pressureKPa":1.74,"pressureTier":"lp","customers":30,"designM3h":77.428,"roadEdge":21}},{"type":"Feature","id":"gas-E213","geometry":{"type":"LineString","coordinates":[[-80.6015938,43.2987518],[-80.6015944,43.2987291],[-80.6016054,43.2985818]]},"properties":{"kind":"distribution","tier":"distribution","placement":"underground","from":"gas-T-191","to":"gas-T-199","lengthM":18.95,"sizeMm":100,"diameterIn":3.9,"nominalLabel":"4\" cast iron (lined)","material":"cast iron","depthM":1.0,"pressureKPa":1.74,"pressureTier":"lp","customers":19,"designM3h":53.009,"roadEdge":23}},{"type":"Feature","id":"gas-E214","geometry":{"type":"LineString","coordinates":[[-80.601574,43.3002995],[-80.6015631,43.3003664],[-80.6015472,43.3004597]]},"properties":{"kind":"distribution","tier":"distribution","placement":"underground","from":"gas-T-211","to":"gas-T-212","lengthM":17.96,"sizeMm":100,"diameterIn":3.9,"nominalLabel":"4\" cast iron (lined)","material":"cast iron","depthM":1.0,"pressureKPa":1.74,"pressureTier":"lp","customers":26,"designM3h":74.866,"roadEdge":25}},{"type":"Feature","id":"gas-E215","geometry":{"type":"LineString","coordinates":[[-80.6006185,43.298711],[-80.6006191,43.2986929],[-80.600621,43.2986367],[-80.6006229,43.2985807],[-80.6006234,43.2985684]]},"properties":{"kind":"distribution","tier":"distribution","placement":"underground","from":"gas-T-484","to":"gas-T-499","lengthM":15.87,"sizeMm":150,"diameterIn":5.9,"nominalLabel":"6\" cast iron (lined)","material":"cast iron","depthM":1.0,"pressureKPa":1.74,"pressureTier":"lp","customers":25,"designM3h":175.782,"roadEdge":27}},{"type":"Feature","id":"gas-E216","geometry":{"type":"LineString","coordinates":[[-80.6005959,43.3006125],[-80.6005959,43.3007131],[-80.6005958,43.3007693],[-80.6005958,43.3007741]]},"properties":{"kind":"distribution","tier":"distribution","placement":"underground","from":"gas-T-519","to":"gas-T-518","lengthM":17.98,"sizeMm":100,"diameterIn":3.9,"nominalLabel":"4\" cast iron (lined)","material":"cast iron","depthM":1.0,"pressureKPa":1.74,"pressureTier":"lp","customers":28,"designM3h":68.406,"roadEdge":28}},{"type":"Feature","id":"gas-E217","geometry":{"type":"LineString","coordinates":[[-80.5998808,43.3004784],[-80.5998702,43.3005427],[-80.599857,43.3006117]]},"properties":{"kind":"distribution","tier":"distribution","placement":"underground","from":"gas-T-546","to":"gas-T-246","lengthM":14.96,"sizeMm":100,"diameterIn":3.9,"nominalLabel":"4\" cast iron (lined)","material":"cast iron","depthM":1.0,"pressureKPa":1.74,"pressureTier":"lp","customers":25,"designM3h":72.229,"roadEdge":30}},{"type":"Feature","id":"gas-E218","geometry":{"type":"LineString","coordinates":[[-80.5995674,43.2984157],[-80.5995669,43.2984026]]},"properties":{"kind":"distribution","tier":"distribution","placement":"underground","from":"gas-T-289","to":"gas-T-277","lengthM":1.46,"sizeMm":100,"diameterIn":3.9,"nominalLabel":"4\" cast iron (lined)","material":"cast iron","depthM":1.0,"pressureKPa":1.74,"pressureTier":"lp","customers":17,"designM3h":45.465,"roadEdge":34}},{"type":"Feature","id":"gas-E219","geometry":{"type":"LineString","coordinates":[[-80.5990727,43.3008047],[-80.5990786,43.3008047]]},"properties":{"kind":"distribution","tier":"distribution","placement":"underground","from":"gas-T-272","to":"gas-T-274","lengthM":0.48,"sizeMm":100,"diameterIn":3.9,"nominalLabel":"4\" cast iron (lined)","material":"cast iron","depthM":1.0,"pressureKPa":1.74,"pressureTier":"lp","customers":3,"designM3h":9.416,"roadEdge":33}},{"type":"Feature","id":"gas-E220","geometry":{"type":"LineString","coordinates":[[-80.5988858,43.3009216],[-80.5988674,43.3010805],[-80.5988469,43.301215]]},"properties":{"kind":"distribution","tier":"distribution","placement":"underground","from":"gas-T-319","to":"gas-T-308","lengthM":32.82,"sizeMm":100,"diameterIn":3.9,"nominalLabel":"4\" cast iron (lined)","material":"cast iron","depthM":1.0,"pressureKPa":1.74,"pressureTier":"lp","customers":23,"designM3h":59.911,"roadEdge":37}},{"type":"Feature","id":"gas-E221","geometry":{"type":"LineString","coordinates":[[-80.5983948,43.2981284],[-80.5983888,43.2980866]]},"properties":{"kind":"distribution","tier":"distribution","placement":"underground","from":"gas-T-353","to":"gas-T-337","lengthM":4.68,"sizeMm":100,"diameterIn":3.9,"nominalLabel":"4\" cast iron (lined)","material":"cast iron","depthM":1.0,"pressureKPa":1.74,"pressureTier":"lp","customers":12,"designM3h":34.967,"roadEdge":41}},{"type":"Feature","id":"gas-E222","geometry":{"type":"LineString","coordinates":[[-80.5972129,43.2977749],[-80.5972087,43.2976178],[-80.5972096,43.2974446]]},"properties":{"kind":"distribution","tier":"distribution","placement":"underground","from":"gas-T-403","to":"gas-T-404","lengthM":36.77,"sizeMm":50,"diameterIn":2.0,"nominalLabel":"2\" PE","material":"PE SDR11","depthM":1.0,"pressureKPa":414.0,"pressureTier":"mp","customers":4,"designM3h":18.922,"roadEdge":46}},{"type":"Feature","id":"gas-E223","geometry":{"type":"LineString","coordinates":[[-80.596674,43.3015475],[-80.5966832,43.3016188],[-80.5966893,43.3016862]]},"properties":{"kind":"distribution","tier":"distribution","placement":"underground","from":"gas-T-417","to":"gas-T-418","lengthM":15.49,"sizeMm":50,"diameterIn":2.0,"nominalLabel":"2\" PE","material":"PE SDR11","depthM":1.0,"pressureKPa":414.0,"pressureTier":"mp","customers":12,"designM3h":37.131,"roadEdge":48}},{"type":"Feature","id":"gas-E224","geometry":{"type":"LineString","coordinates":[[-80.5978641,43.3012924],[-80.5978638,43.3013142]]},"properties":{"kind":"distribution","tier":"distribution","placement":"underground","from":"gas-T-364","to":"gas-T-380","lengthM":2.43,"sizeMm":50,"diameterIn":2.0,"nominalLabel":"2\" PE","material":"PE SDR11","depthM":1.0,"pressureKPa":414.0,"pressureTier":"mp","customers":15,"designM3h":43.951,"roadEdge":45}},{"type":"Feature","id":"gas-E225","geometry":{"type":"LineString","coordinates":[[-80.6048332,43.2992133],[-80.6048322,43.299088],[-80.6048302,43.2990548]]},"properties":{"kind":"distribution","tier":"distribution","placement":"underground","from":"gas-T-57","to":"gas-T-58","lengthM":17.65,"sizeMm":100,"diameterIn":3.9,"nominalLabel":"4\" cast iron (lined)","material":"cast iron","depthM":1.0,"pressureKPa":1.74,"pressureTier":"lp","customers":7,"designM3h":26.43,"roadEdge":5}},{"type":"Feature","id":"gas-E226","geometry":{"type":"LineString","coordinates":[[-80.6046595,43.2998164],[-80.6048828,43.2998164]]},"properties":{"kind":"distribution","tier":"distribution","placement":"underground","from":"gas-T-56","to":"gas-T-55","lengthM":18.09,"sizeMm":100,"diameterIn":3.9,"nominalLabel":"4\" cast iron (lined)","material":"cast iron","depthM":1.0,"pressureKPa":1.74,"pressureTier":"lp","customers":1,"designM3h":5.719,"roadEdge":3}},{"type":"Feature","id":"gas-E227","geometry":{"type":"LineString","coordinates":[[-80.6043983,43.3000791],[-80.6044085,43.3001851],[-80.6044137,43.3002264]]},"properties":{"kind":"distribution","tier":"distribution","placement":"underground","from":"gas-T-73","to":"gas-T-72","lengthM":16.44,"sizeMm":100,"diameterIn":3.9,"nominalLabel":"4\" cast iron (lined)","material":"cast iron","depthM":1.0,"pressureKPa":1.74,"pressureTier":"lp","customers":10,"designM3h":29.953,"roadEdge":7}},{"type":"Feature","id":"gas-E228","geometry":{"type":"LineString","coordinates":[[-80.6037606,43.2992297],[-80.6037568,43.2992069]]},"properties":{"kind":"distribution","tier":"distribution","placement":"underground","from":"gas-T-77","to":"gas-T-86","lengthM":2.55,"sizeMm":100,"diameterIn":3.9,"nominalLabel":"4\" cast iron (lined)","material":"cast iron","depthM":1.0,"pressureKPa":1.74,"pressureTier":"lp","customers":18,"designM3h":60.884,"roadEdge":10}},{"type":"Feature","id":"gas-E229","geometry":{"type":"LineString","coordinates":[[-80.6034653,43.3001142],[-80.6034618,43.3001828],[-80.6034609,43.3002512]]},"properties":{"kind":"distribution","tier":"distribution","placement":"underground","from":"gas-T-113","to":"gas-T-114","lengthM":15.26,"sizeMm":100,"diameterIn":3.9,"nominalLabel":"4\" cast iron (lined)","material":"cast iron","depthM":1.0,"pressureKPa":1.74,"pressureTier":"lp","customers":27,"designM3h":72.122,"roadEdge":14}},{"type":"Feature","id":"gas-E230","geometry":{"type":"LineString","coordinates":[[-80.6025679,43.2989657],[-80.6025649,43.2989491]]},"properties":{"kind":"distribution","tier":"distribution","placement":"underground","from":"gas-T-138","to":"gas-T-131","lengthM":1.86,"sizeMm":100,"diameterIn":3.9,"nominalLabel":"4\" cast iron (lined)","material":"cast iron","depthM":1.0,"pressureKPa":1.74,"pressureTier":"lp","customers":16,"designM3h":44.024,"roadEdge":16}},{"type":"Feature","id":"gas-E231","geometry":{"type":"LineString","coordinates":[[-80.6024749,43.3003932],[-80.6024649,43.3004793]]},"properties":{"kind":"distribution","tier":"distribution","placement":"underground","from":"gas-T-156","to":"gas-T-175","lengthM":9.62,"sizeMm":100,"diameterIn":3.9,"nominalLabel":"4\" cast iron (lined)","material":"cast iron","depthM":1.0,"pressureKPa":1.74,"pressureTier":"lp","customers":29,"designM3h":74.487,"roadEdge":21}},{"type":"Feature","id":"gas-E232","geometry":{"type":"LineString","coordinates":[[-80.6016054,43.2985818],[-80.6016057,43.2985782]]},"properties":{"kind":"distribution","tier":"distribution","placement":"underground","from":"gas-T-199","to":"gas-T-190","lengthM":0.39,"sizeMm":100,"diameterIn":3.9,"nominalLabel":"4\" cast iron (lined)","material":"cast iron","depthM":1.0,"pressureKPa":1.74,"pressureTier":"lp","customers":18,"designM3h":51.068,"roadEdge":23}},{"type":"Feature","id":"gas-E233","geometry":{"type":"LineString","coordinates":[[-80.6015472,43.3004597],[-80.6015325,43.3005461],[-80.6015176,43.3006342]]},"properties":{"kind":"distribution","tier":"distribution","placement":"underground","from":"gas-T-212","to":"gas-T-213","lengthM":19.57,"sizeMm":100,"diameterIn":3.9,"nominalLabel":"4\" cast iron (lined)","material":"cast iron","depthM":1.0,"pressureKPa":1.74,"pressureTier":"lp","customers":25,"designM3h":71.328,"roadEdge":25}},{"type":"Feature","id":"gas-E234","geometry":{"type":"LineString","coordinates":[[-80.6006234,43.2985684],[-80.6006238,43.2985577]]},"properties":{"kind":"distribution","tier":"distribution","placement":"underground","from":"gas-T-499","to":"gas-T-483","lengthM":1.2,"sizeMm":150,"diameterIn":5.9,"nominalLabel":"6\" cast iron (lined)","material":"cast iron","depthM":1.0,"pressureKPa":1.74,"pressureTier":"lp","customers":24,"designM3h":173.064,"roadEdge":27}},{"type":"Feature","id":"gas-E235","geometry":{"type":"LineString","coordinates":[[-80.6005958,43.3007741],[-80.6005958,43.3007795]]},"properties":{"kind":"distribution","tier":"distribution","placement":"underground","from":"gas-T-518","to":"gas-T-537","lengthM":0.6,"sizeMm":100,"diameterIn":3.9,"nominalLabel":"4\" cast iron (lined)","material":"cast iron","depthM":1.0,"pressureKPa":1.74,"pressureTier":"lp","customers":27,"designM3h":66.323,"roadEdge":28}},{"type":"Feature","id":"gas-E236","geometry":{"type":"LineString","coordinates":[[-80.599857,43.3006117],[-80.5998549,43.3006227]]},"properties":{"kind":"distribution","tier":"distribution","placement":"underground","from":"gas-T-246","to":"gas-T-247","lengthM":1.24,"sizeMm":100,"diameterIn":3.9,"nominalLabel":"4\" cast iron (lined)","material":"cast iron","depthM":1.0,"pressureKPa":1.74,"pressureTier":"lp","customers":24,"designM3h":70.269,"roadEdge":30}},{"type":"Feature","id":"gas-E237","geometry":{"type":"LineString","coordinates":[[-80.5995669,43.2984026],[-80.5995646,43.2983377],[-80.5995603,43.298275]]},"properties":{"kind":"distribution","tier":"distribution","placement":"underground","from":"gas-T-277","to":"gas-T-290","lengthM":14.22,"sizeMm":100,"diameterIn":3.9,"nominalLabel":"4\" cast iron (lined)","material":"cast iron","depthM":1.0,"pressureKPa":1.74,"pressureTier":"lp","customers":16,"designM3h":43.504,"roadEdge":34}},{"type":"Feature","id":"gas-E238","geometry":{"type":"LineString","coordinates":[[-80.5990786,43.3008047],[-80.5993065,43.3008047]]},"properties":{"kind":"distribution","tier":"distribution","placement":"underground","from":"gas-T-274","to":"gas-T-271","lengthM":18.47,"sizeMm":100,"diameterIn":3.9,"nominalLabel":"4\" cast iron (lined)","material":"cast iron","depthM":1.0,"pressureKPa":1.74,"pressureTier":"lp","customers":2,"designM3h":6.403,"roadEdge":33}},{"type":"Feature","id":"gas-E239","geometry":{"type":"LineString","coordinates":[[-80.5988469,43.301215],[-80.5988444,43.3012316]]},"properties":{"kind":"distribution","tier":"distribution","placement":"underground","from":"gas-T-308","to":"gas-T-320","lengthM":1.86,"sizeMm":100,"diameterIn":3.9,"nominalLabel":"4\" cast iron (lined)","material":"cast iron","depthM":1.0,"pressureKPa":1.74,"pressureTier":"lp","customers":22,"designM3h":57.127,"roadEdge":37}},{"type":"Feature","id":"gas-E240","geometry":{"type":"LineString","coordinates":[[-80.5983888,43.2980866],[-80.5983736,43.297981],[-80.5983694,43.2979512]]},"properties":{"kind":"distribution","tier":"distribution","placement":"underground","from":"gas-T-337","to":"gas-T-354","lengthM":15.15,"sizeMm":100,"diameterIn":3.9,"nominalLabel":"4\" cast iron (lined)","material":"cast iron","depthM":1.0,"pressureKPa":1.74,"pressureTier":"lp","customers":11,"designM3h":31.932,"roadEdge":41}},{"type":"Feature","id":"gas-E241","geometry":{"type":"LineString","coordinates":[[-80.5972096,43.2974446],[-80.5972097,43.2974372],[-80.5972157,43.2972742]]},"properties":{"kind":"distribution","tier":"distribution","placement":"underground","from":"gas-T-404","to":"gas-T-405","lengthM":18.97,"sizeMm":50,"diameterIn":2.0,"nominalLabel":"2\" PE","material":"PE SDR11","depthM":1.0,"pressureKPa":414.0,"pressureTier":"mp","customers":3,"designM3h":13.832,"roadEdge":46}},{"type":"Feature","id":"gas-E242","geometry":{"type":"LineString","coordinates":[[-80.5966893,43.3016862],[-80.5966897,43.3016906]]},"properties":{"kind":"distribution","tier":"distribution","placement":"underground","from":"gas-T-418","to":"gas-T-432","lengthM":0.5,"sizeMm":50,"diameterIn":2.0,"nominalLabel":"2\" PE","material":"PE SDR11","depthM":1.0,"pressureKPa":414.0,"pressureTier":"mp","customers":11,"designM3h":35.243,"roadEdge":48}},{"type":"Feature","id":"gas-E243","geometry":{"type":"LineString","coordinates":[[-80.5978638,43.3013142],[-80.597862,43.3014369],[-80.5978605,43.3014622]]},"properties":{"kind":"distribution","tier":"distribution","placement":"underground","from":"gas-T-380","to":"gas-T-365","lengthM":16.48,"sizeMm":50,"diameterIn":2.0,"nominalLabel":"2\" PE","material":"PE SDR11","depthM":1.0,"pressureKPa":414.0,"pressureTier":"mp","customers":14,"designM3h":41.664,"roadEdge":45}},{"type":"Feature","id":"gas-E244","geometry":{"type":"LineString","coordinates":[[-80.6048302,43.2990548],[-80.6048215,43.2989098],[-80.6048197,43.2988928]]},"properties":{"kind":"distribution","tier":"distribution","placement":"underground","from":"gas-T-58","to":"gas-T-59","lengthM":18.05,"sizeMm":100,"diameterIn":3.9,"nominalLabel":"4\" cast iron (lined)","material":"cast iron","depthM":1.0,"pressureKPa":1.74,"pressureTier":"lp","customers":6,"designM3h":22.931,"roadEdge":5}},{"type":"Feature","id":"gas-E245","geometry":{"type":"LineString","coordinates":[[-80.6044137,43.3002264],[-80.6044311,43.3003655],[-80.604455,43.300526]]},"properties":{"kind":"distribution","tier":"distribution","placement":"underground","from":"gas-T-72","to":"gas-T-71","lengthM":33.51,"sizeMm":100,"diameterIn":3.9,"nominalLabel":"4\" cast iron (lined)","material":"cast iron","depthM":1.0,"pressureKPa":1.74,"pressureTier":"lp","customers":9,"designM3h":27.393,"roadEdge":7}},{"type":"Feature","id":"gas-E246","geometry":{"type":"LineString","coordinates":[[-80.6037568,43.2992069],[-80.6037378,43.2990922],[-80.6037344,43.2990746]]},"properties":{"kind":"distribution","tier":"distribution","placement":"underground","from":"gas-T-86","to":"gas-T-78","lengthM":14.85,"sizeMm":100,"diameterIn":3.9,"nominalLabel":"4\" cast iron (lined)","material":"cast iron","depthM":1.0,"pressureKPa":1.74,"pressureTier":"lp","customers":17,"designM3h":57.516,"roadEdge":10}},{"type":"Feature","id":"gas-E247","geometry":{"type":"LineString","coordinates":[[-80.6034609,43.3002512],[-80.6034607,43.3002682]]},"properties":{"kind":"distribution","tier":"distribution","placement":"underground","from":"gas-T-114","to":"gas-T-101","lengthM":1.89,"sizeMm":100,"diameterIn":3.9,"nominalLabel":"4\" cast iron (lined)","material":"cast iron","depthM":1.0,"pressureKPa":1.74,"pressureTier":"lp","customers":26,"designM3h":70.379,"roadEdge":14}},{"type":"Feature","id":"gas-E248","geometry":{"type":"LineString","coordinates":[[-80.6025649,43.2989491],[-80.6025583,43.298912],[-80.6025404,43.2987896]]},"properties":{"kind":"distribution","tier":"distribution","placement":"underground","from":"gas-T-131","to":"gas-T-139","lengthM":17.87,"sizeMm":100,"diameterIn":3.9,"nominalLabel":"4\" cast iron (lined)","material":"cast iron","depthM":1.0,"pressureKPa":1.74,"pressureTier":"lp","customers":15,"designM3h":41.525,"roadEdge":16}},{"type":"Feature","id":"gas-E249","geometry":{"type":"LineString","coordinates":[[-80.6024649,43.3004793],[-80.6024574,43.3005441],[-80.602449,43.3006438]]},"properties":{"kind":"distribution","tier":"distribution","placement":"underground","from":"gas-T-175","to":"gas-T-176","lengthM":18.35,"sizeMm":100,"diameterIn":3.9,"nominalLabel":"4\" cast iron (lined)","material":"cast iron","depthM":1.0,"pressureKPa":1.74,"pressureTier":"lp","customers":28,"designM3h":72.391,"roadEdge":21}},{"type":"Feature","id":"gas-E250","geometry":{"type":"LineString","coordinates":[[-80.6016057,43.2985782],[-80.6016077,43.2985509],[-80.6016247,43.2984112]]},"properties":{"kind":"distribution","tier":"distribution","placement":"underground","from":"gas-T-190","to":"gas-T-198","lengthM":18.66,"sizeMm":100,"diameterIn":3.9,"nominalLabel":"4\" cast iron (lined)","material":"cast iron","depthM":1.0,"pressureKPa":1.74,"pressureTier":"lp","customers":17,"designM3h":49.164,"roadEdge":23}},{"type":"Feature","id":"gas-E251","geometry":{"type":"LineString","coordinates":[[-80.6015176,43.3006342],[-80.6015173,43.3006359]]},"properties":{"kind":"distribution","tier":"distribution","placement":"underground","from":"gas-T-213","to":"gas-T-227","lengthM":0.19,"sizeMm":100,"diameterIn":3.9,"nominalLabel":"4\" cast iron (lined)","material":"cast iron","depthM":1.0,"pressureKPa":1.74,"pressureTier":"lp","customers":24,"designM3h":67.481,"roadEdge":25}},{"type":"Feature","id":"gas-E252","geometry":{"type":"LineString","coordinates":[[-80.6006238,43.2985577],[-80.600625,43.2985246],[-80.6006273,43.2984684],[-80.6006294,43.2984123],[-80.6006295,43.29841]]},"properties":{"kind":"distribution","tier":"distribution","placement":"underground","from":"gas-T-483","to":"gas-T-498","lengthM":16.45,"sizeMm":150,"diameterIn":5.9,"nominalLabel":"6\" cast iron (lined)","material":"cast iron","depthM":1.0,"pressureKPa":1.74,"pressureTier":"lp","customers":23,"designM3h":170.311,"roadEdge":27}},{"type":"Feature","id":"gas-E253","geometry":{"type":"LineString","coordinates":[[-80.6005958,43.3007795],[-80.6005958,43.3008815],[-80.6005957,43.3009377],[-80.6005957,43.3009525]]},"properties":{"kind":"distribution","tier":"distribution","placement":"underground","from":"gas-T-537","to":"gas-T-517","lengthM":19.26,"sizeMm":100,"diameterIn":3.9,"nominalLabel":"4\" cast iron (lined)","material":"cast iron","depthM":1.0,"pressureKPa":1.74,"pressureTier":"lp","customers":26,"designM3h":63.477,"roadEdge":28}},{"type":"Feature","id":"gas-E254","geometry":{"type":"LineString","coordinates":[[-80.5998549,43.3006227],[-80.5998362,43.3007207],[-80.5998341,43.3007657]]},"properties":{"kind":"distribution","tier":"distribution","placement":"underground","from":"gas-T-247","to":"gas-J-29","lengthM":16.02,"sizeMm":100,"diameterIn":3.9,"nominalLabel":"4\" cast iron (lined)","material":"cast iron","depthM":1.0,"pressureKPa":1.74,"pressureTier":"lp","customers":23,"designM3h":68.395,"roadEdge":30}},{"type":"Feature","id":"gas-E255","geometry":{"type":"LineString","coordinates":[[-80.5995603,43.298275],[-80.5995589,43.2982539]]},"properties":{"kind":"distribution","tier":"distribution","placement":"underground","from":"gas-T-290","to":"gas-T-278","lengthM":2.34,"sizeMm":100,"diameterIn":3.9,"nominalLabel":"4\" cast iron (lined)","material":"cast iron","depthM":1.0,"pressureKPa":1.74,"pressureTier":"lp","customers":15,"designM3h":40.685,"roadEdge":34}},{"type":"Feature","id":"gas-E256","geometry":{"type":"LineString","coordinates":[[-80.5993065,43.3008047],[-80.5993185,43.3008047]]},"properties":{"kind":"distribution","tier":"distribution","placement":"underground","from":"gas-T-271","to":"gas-T-273","lengthM":0.97,"sizeMm":100,"diameterIn":3.9,"nominalLabel":"4\" cast iron (lined)","material":"cast iron","depthM":1.0,"pressureKPa":1.74,"pressureTier":"lp","customers":1,"designM3h":3.364,"roadEdge":33}},{"type":"Feature","id":"gas-E257","geometry":{"type":"LineString","coordinates":[[-80.5988444,43.3012316],[-80.5988399,43.3012611],[-80.5988204,43.3013694]]},"properties":{"kind":"distribution","tier":"distribution","placement":"underground","from":"gas-T-320","to":"gas-T-309","lengthM":15.46,"sizeMm":100,"diameterIn":3.9,"nominalLabel":"4\" cast iron (lined)","material":"cast iron","depthM":1.0,"pressureKPa":1.74,"pressureTier":"lp","customers":21,"designM3h":55.073,"roadEdge":37}},{"type":"Feature","id":"gas-E258","geometry":{"type":"LineString","coordinates":[[-80.5983694,43.2979512],[-80.5983658,43.2979252]]},"properties":{"kind":"distribution","tier":"distribution","placement":"underground","from":"gas-T-354","to":"gas-T-338","lengthM":2.91,"sizeMm":100,"diameterIn":3.9,"nominalLabel":"4\" cast iron (lined)","material":"cast iron","depthM":1.0,"pressureKPa":1.74,"pressureTier":"lp","customers":10,"designM3h":29.803,"roadEdge":41}},{"type":"Feature","id":"gas-E259","geometry":{"type":"LineString","coordinates":[[-80.5972157,43.2972742],[-80.5972164,43.2972566],[-80.5972262,43.2971107]]},"properties":{"kind":"distribution","tier":"distribution","placement":"underground","from":"gas-T-405","to":"gas-T-406","lengthM":18.23,"sizeMm":50,"diameterIn":2.0,"nominalLabel":"2\" PE","material":"PE SDR11","depthM":1.0,"pressureKPa":414.0,"pressureTier":"mp","customers":2,"designM3h":9.453,"roadEdge":46}},{"type":"Feature","id":"gas-E260","geometry":{"type":"LineString","coordinates":[[-80.5966897,43.3016906],[-80.5966995,43.3017973],[-80.596701,43.3018291]]},"properties":{"kind":"distribution","tier":"distribution","placement":"underground","from":"gas-T-432","to":"gas-T-419","lengthM":15.44,"sizeMm":50,"diameterIn":2.0,"nominalLabel":"2\" PE","material":"PE SDR11","depthM":1.0,"pressureKPa":414.0,"pressureTier":"mp","customers":10,"designM3h":31.36,"roadEdge":48}},{"type":"Feature","id":"gas-E261","geometry":{"type":"LineString","coordinates":[[-80.5978605,43.3014622],[-80.5978586,43.301496]]},"properties":{"kind":"distribution","tier":"distribution","placement":"underground","from":"gas-T-365","to":"gas-T-381","lengthM":3.76,"sizeMm":50,"diameterIn":2.0,"nominalLabel":"2\" PE","material":"PE SDR11","depthM":1.0,"pressureKPa":414.0,"pressureTier":"mp","customers":13,"designM3h":38.295,"roadEdge":45}},{"type":"Feature","id":"gas-E262","geometry":{"type":"LineString","coordinates":[[-80.6048197,43.2988928],[-80.6048029,43.298738]]},"properties":{"kind":"distribution","tier":"distribution","placement":"underground","from":"gas-T-59","to":"gas-T-60","lengthM":17.28,"sizeMm":100,"diameterIn":3.9,"nominalLabel":"4\" cast iron (lined)","material":"cast iron","depthM":1.0,"pressureKPa":1.74,"pressureTier":"lp","customers":5,"designM3h":20.784,"roadEdge":5}},{"type":"Feature","id":"gas-E263","geometry":{"type":"LineString","coordinates":[[-80.604455,43.300526],[-80.6044579,43.3005457],[-80.6044795,43.3006771]]},"properties":{"kind":"distribution","tier":"distribution","placement":"underground","from":"gas-T-71","to":"gas-T-70","lengthM":16.94,"sizeMm":100,"diameterIn":3.9,"nominalLabel":"4\" cast iron (lined)","material":"cast iron","depthM":1.0,"pressureKPa":1.74,"pressureTier":"lp","customers":8,"designM3h":25.158,"roadEdge":7}},{"type":"Feature","id":"gas-E264","geometry":{"type":"LineString","coordinates":[[-80.6037344,43.2990746],[-80.6037299,43.2990512]]},"properties":{"kind":"distribution","tier":"distribution","placement":"underground","from":"gas-T-78","to":"gas-T-87","lengthM":2.63,"sizeMm":100,"diameterIn":3.9,"nominalLabel":"4\" cast iron (lined)","material":"cast iron","depthM":1.0,"pressureKPa":1.74,"pressureTier":"lp","customers":16,"designM3h":54.586,"roadEdge":10}},{"type":"Feature","id":"gas-E265","geometry":{"type":"LineString","coordinates":[[-80.6034607,43.3002682],[-80.6034595,43.3003613],[-80.6034601,43.3003874]]},"properties":{"kind":"distribution","tier":"distribution","placement":"underground","from":"gas-T-101","to":"gas-T-115","lengthM":13.27,"sizeMm":100,"diameterIn":3.9,"nominalLabel":"4\" cast iron (lined)","material":"cast iron","depthM":1.0,"pressureKPa":1.74,"pressureTier":"lp","customers":25,"designM3h":67.72,"roadEdge":14}},{"type":"Feature","id":"gas-E266","geometry":{"type":"LineString","coordinates":[[-80.6025404,43.2987896],[-80.6025377,43.2987705]]},"properties":{"kind":"distribution","tier":"distribution","placement":"underground","from":"gas-T-139","to":"gas-T-132","lengthM":2.13,"sizeMm":100,"diameterIn":3.9,"nominalLabel":"4\" cast iron (lined)","material":"cast iron","depthM":1.0,"pressureKPa":1.74,"pressureTier":"lp","customers":14,"designM3h":39.253,"roadEdge":16}},{"type":"Feature","id":"gas-E267","geometry":{"type":"LineString","coordinates":[[-80.602449,43.3006438],[-80.6024423,43.3007228],[-80.6024377,43.3008174]]},"properties":{"kind":"distribution","tier":"distribution","placement":"underground","from":"gas-T-176","to":"gas-T-177","lengthM":19.35,"sizeMm":100,"diameterIn":3.9,"nominalLabel":"4\" cast iron (lined)","material":"cast iron","depthM":1.0,"pressureKPa":1.74,"pressureTier":"lp","customers":27,"designM3h":70.181,"roadEdge":21}},{"type":"Feature","id":"gas-E268","geometry":{"type":"LineString","coordinates":[[-80.6016247,43.2984112],[-80.6016294,43.2983724],[-80.6016494,43.2982474]]},"properties":{"kind":"distribution","tier":"distribution","placement":"underground","from":"gas-T-198","to":"gas-T-189","lengthM":18.34,"sizeMm":100,"diameterIn":3.9,"nominalLabel":"4\" cast iron (lined)","material":"cast iron","depthM":1.0,"pressureKPa":1.74,"pressureTier":"lp","customers":16,"designM3h":45.82,"roadEdge":23}},{"type":"Feature","id":"gas-E269","geometry":{"type":"LineString","coordinates":[[-80.6015173,43.3006359],[-80.6015022,43.3007256],[-80.6014895,43.3008052]]},"properties":{"kind":"distribution","tier":"distribution","placement":"underground","from":"gas-T-227","to":"gas-T-214","lengthM":18.98,"sizeMm":100,"diameterIn":3.9,"nominalLabel":"4\" cast iron (lined)","material":"cast iron","depthM":1.0,"pressureKPa":1.74,"pressureTier":"lp","customers":23,"designM3h":65.244,"roadEdge":25}},{"type":"Feature","id":"gas-E270","geometry":{"type":"LineString","coordinates":[[-80.6006295,43.29841],[-80.6006296,43.2984073]]},"properties":{"kind":"distribution","tier":"distribution","placement":"underground","from":"gas-T-498","to":"gas-T-482","lengthM":0.29,"sizeMm":150,"diameterIn":5.9,"nominalLabel":"6\" cast iron (lined)","material":"cast iron","depthM":1.0,"pressureKPa":1.74,"pressureTier":"lp","customers":22,"designM3h":169.23,"roadEdge":27}},{"type":"Feature","id":"gas-E271","geometry":{"type":"LineString","coordinates":[[-80.6005957,43.3009525],[-80.6005957,43.300955]]},"properties":{"kind":"distribution","tier":"distribution","placement":"underground","from":"gas-T-517","to":"gas-T-536","lengthM":0.27,"sizeMm":100,"diameterIn":3.9,"nominalLabel":"4\" cast iron (lined)","material":"cast iron","depthM":1.0,"pressureKPa":1.74,"pressureTier":"lp","customers":25,"designM3h":61.183,"roadEdge":28}},{"type":"Feature","id":"gas-E272","geometry":{"type":"LineString","coordinates":[[-80.5998341,43.3007657],[-80.599798,43.3009039],[-80.5997916,43.3009331]]},"properties":{"kind":"distribution","tier":"distribution","placement":"underground","from":"gas-J-29","to":"gas-T-270","lengthM":18.96,"sizeMm":100,"diameterIn":3.9,"nominalLabel":"4\" cast iron (lined)","material":"cast iron","depthM":1.0,"pressureKPa":1.74,"pressureTier":"lp","customers":23,"designM3h":68.395,"roadEdge":32}},{"type":"Feature","id":"gas-E273","geometry":{"type":"LineString","coordinates":[[-80.5995589,43.2982539],[-80.5995525,43.2981589],[-80.5995477,43.298108]]},"properties":{"kind":"distribution","tier":"distribution","placement":"underground","from":"gas-T-278","to":"gas-T-279","lengthM":16.27,"sizeMm":100,"diameterIn":3.9,"nominalLabel":"4\" cast iron (lined)","material":"cast iron","depthM":1.0,"pressureKPa":1.74,"pressureTier":"lp","customers":14,"designM3h":38.603,"roadEdge":34}},{"type":"Feature","id":"gas-E274","geometry":{"type":"LineString","coordinates":[[-80.5988204,43.3013694],[-80.5988181,43.3013819]]},"properties":{"kind":"distribution","tier":"distribution","placement":"underground","from":"gas-T-309","to":"gas-T-321","lengthM":1.4,"sizeMm":100,"diameterIn":3.9,"nominalLabel":"4\" cast iron (lined)","material":"cast iron","depthM":1.0,"pressureKPa":1.74,"pressureTier":"lp","customers":20,"designM3h":53.045,"roadEdge":37}},{"type":"Feature","id":"gas-E275","geometry":{"type":"LineString","coordinates":[[-80.5983658,43.2979252],[-80.5983484,43.2978011],[-80.5983442,43.2977686]]},"properties":{"kind":"distribution","tier":"distribution","placement":"underground","from":"gas-T-338","to":"gas-T-339","lengthM":17.52,"sizeMm":100,"diameterIn":3.9,"nominalLabel":"4\" cast iron (lined)","material":"cast iron","depthM":1.0,"pressureKPa":1.74,"pressureTier":"lp","customers":9,"designM3h":27.546,"roadEdge":41}},{"type":"Feature","id":"gas-E276","geometry":{"type":"LineString","coordinates":[[-80.5972262,43.2971107],[-80.5972285,43.2970761],[-80.5972417,43.2969364]]},"properties":{"kind":"distribution","tier":"distribution","placement":"underground","from":"gas-T-406","to":"gas-T-407","lengthM":19.44,"sizeMm":50,"diameterIn":2.0,"nominalLabel":"2\" PE","material":"PE SDR11","depthM":1.0,"pressureKPa":414.0,"pressureTier":"mp","customers":1,"designM3h":7.102,"roadEdge":46}},{"type":"Feature","id":"gas-E277","geometry":{"type":"LineString","coordinates":[[-80.596701,43.3018291],[-80.596702,43.3018493]]},"properties":{"kind":"distribution","tier":"distribution","placement":"underground","from":"gas-T-419","to":"gas-T-433","lengthM":2.26,"sizeMm":50,"diameterIn":2.0,"nominalLabel":"2\" PE","material":"PE SDR11","depthM":1.0,"pressureKPa":414.0,"pressureTier":"mp","customers":9,"designM3h":31.168,"roadEdge":48}},{"type":"Feature","id":"gas-E278","geometry":{"type":"LineString","coordinates":[[-80.5978586,43.301496],[-80.5978516,43.3016178],[-80.5978512,43.301622]]},"properties":{"kind":"distribution","tier":"distribution","placement":"underground","from":"gas-T-381","to":"gas-T-366","lengthM":14.04,"sizeMm":50,"diameterIn":2.0,"nominalLabel":"2\" PE","material":"PE SDR11","depthM":1.0,"pressureKPa":414.0,"pressureTier":"mp","customers":12,"designM3h":34.915,"roadEdge":45}},{"type":"Feature","id":"gas-E279","geometry":{"type":"LineString","coordinates":[[-80.6048029,43.298738],[-80.6048021,43.2987314],[-80.6047784,43.2985728]]},"properties":{"kind":"distribution","tier":"distribution","placement":"underground","from":"gas-T-60","to":"gas-T-61","lengthM":18.5,"sizeMm":100,"diameterIn":3.9,"nominalLabel":"4\" cast iron (lined)","material":"cast iron","depthM":1.0,"pressureKPa":1.74,"pressureTier":"lp","customers":4,"designM3h":17.192,"roadEdge":5}},{"type":"Feature","id":"gas-E280","geometry":{"type":"LineString","coordinates":[[-80.6044795,43.3006771],[-80.6044826,43.3006963]]},"properties":{"kind":"distribution","tier":"distribution","placement":"underground","from":"gas-T-70","to":"gas-T-75","lengthM":2.16,"sizeMm":100,"diameterIn":3.9,"nominalLabel":"4\" cast iron (lined)","material":"cast iron","depthM":1.0,"pressureKPa":1.74,"pressureTier":"lp","customers":7,"designM3h":21.079,"roadEdge":7}},{"type":"Feature","id":"gas-E281","geometry":{"type":"LineString","coordinates":[[-80.6037299,43.2990512],[-80.6037055,43.2989239]]},"properties":{"kind":"distribution","tier":"distribution","placement":"underground","from":"gas-T-87","to":"gas-T-79","lengthM":14.31,"sizeMm":100,"diameterIn":3.9,"nominalLabel":"4\" cast iron (lined)","material":"cast iron","depthM":1.0,"pressureKPa":1.74,"pressureTier":"lp","customers":15,"designM3h":51.293,"roadEdge":10}},{"type":"Feature","id":"gas-E282","geometry":{"type":"LineString","coordinates":[[-80.6034601,43.3003874],[-80.603461,43.3004184]]},"properties":{"kind":"distribution","tier":"distribution","placement":"underground","from":"gas-T-115","to":"gas-T-102","lengthM":3.46,"sizeMm":100,"diameterIn":3.9,"nominalLabel":"4\" cast iron (lined)","material":"cast iron","depthM":1.0,"pressureKPa":1.74,"pressureTier":"lp","customers":24,"designM3h":65.508,"roadEdge":14}},{"type":"Feature","id":"gas-E283","geometry":{"type":"LineString","coordinates":[[-80.6025377,43.2987705],[-80.602532,43.2987313],[-80.6025198,43.2986142]]},"properties":{"kind":"distribution","tier":"distribution","placement":"underground","from":"gas-T-132","to":"gas-T-140","lengthM":17.47,"sizeMm":100,"diameterIn":3.9,"nominalLabel":"4\" cast iron (lined)","material":"cast iron","depthM":1.0,"pressureKPa":1.74,"pressureTier":"lp","customers":13,"designM3h":37.224,"roadEdge":16}},{"type":"Feature","id":"gas-E284","geometry":{"type":"LineString","coordinates":[[-80.6024377,43.3008174],[-80.6024367,43.3008375]]},"properties":{"kind":"distribution","tier":"distribution","placement":"underground","from":"gas-T-177","to":"gas-T-157","lengthM":2.24,"sizeMm":100,"diameterIn":3.9,"nominalLabel":"4\" cast iron (lined)","material":"cast iron","depthM":1.0,"pressureKPa":1.74,"pressureTier":"lp","customers":26,"designM3h":69.858,"roadEdge":21}},{"type":"Feature","id":"gas-E285","geometry":{"type":"LineString","coordinates":[[-80.6016494,43.2982474],[-80.6016511,43.2982366]]},"properties":{"kind":"distribution","tier":"distribution","placement":"underground","from":"gas-T-189","to":"gas-T-197","lengthM":1.21,"sizeMm":100,"diameterIn":3.9,"nominalLabel":"4\" cast iron (lined)","material":"cast iron","depthM":1.0,"pressureKPa":1.74,"pressureTier":"lp","customers":15,"designM3h":44.417,"roadEdge":23}},{"type":"Feature","id":"gas-E286","geometry":{"type":"LineString","coordinates":[[-80.6014895,43.3008052],[-80.6014342,43.300841]]},"properties":{"kind":"distribution","tier":"distribution","placement":"underground","from":"gas-T-214","to":"gas-T-228","lengthM":6.0,"sizeMm":100,"diameterIn":3.9,"nominalLabel":"4\" cast iron (lined)","material":"cast iron","depthM":1.0,"pressureKPa":1.74,"pressureTier":"lp","customers":22,"designM3h":63.003,"roadEdge":25}},{"type":"Feature","id":"gas-E287","geometry":{"type":"LineString","coordinates":[[-80.6006296,43.2984073],[-80.6006317,43.2983562],[-80.600634,43.2983001],[-80.6006357,43.2982635]]},"properties":{"kind":"distribution","tier":"distribution","placement":"underground","from":"gas-T-482","to":"gas-T-497","lengthM":16.02,"sizeMm":150,"diameterIn":5.9,"nominalLabel":"6\" cast iron (lined)","material":"cast iron","depthM":1.0,"pressureKPa":1.74,"pressureTier":"lp","customers":21,"designM3h":166.217,"roadEdge":27}},{"type":"Feature","id":"gas-E288","geometry":{"type":"LineString","coordinates":[[-80.6005957,43.300955],[-80.6005957,43.30105],[-80.6005956,43.3011061],[-80.6005956,43.3011172]]},"properties":{"kind":"distribution","tier":"distribution","placement":"underground","from":"gas-T-536","to":"gas-T-516","lengthM":18.05,"sizeMm":100,"diameterIn":3.9,"nominalLabel":"4\" cast iron (lined)","material":"cast iron","depthM":1.0,"pressureKPa":1.74,"pressureTier":"lp","customers":24,"designM3h":59.787,"roadEdge":28}},{"type":"Feature","id":"gas-E289","geometry":{"type":"LineString","coordinates":[[-80.5997916,43.3009331],[-80.5997589,43.3010829],[-80.599758,43.3010869]]},"properties":{"kind":"distribution","tier":"distribution","placement":"underground","from":"gas-T-270","to":"gas-T-259","lengthM":17.34,"sizeMm":100,"diameterIn":3.9,"nominalLabel":"4\" cast iron (lined)","material":"cast iron","depthM":1.0,"pressureKPa":1.74,"pressureTier":"lp","customers":22,"designM3h":65.635,"roadEdge":32}},{"type":"Feature","id":"gas-E290","geometry":{"type":"LineString","coordinates":[[-80.5995477,43.298108],[-80.5995357,43.2979799],[-80.5995333,43.2979595]]},"properties":{"kind":"distribution","tier":"distribution","placement":"underground","from":"gas-T-279","to":"gas-T-280","lengthM":16.58,"sizeMm":100,"diameterIn":3.9,"nominalLabel":"4\" cast iron (lined)","material":"cast iron","depthM":1.0,"pressureKPa":1.74,"pressureTier":"lp","customers":13,"designM3h":36.42,"roadEdge":34}},{"type":"Feature","id":"gas-E291","geometry":{"type":"LineString","coordinates":[[-80.5988181,43.3013819],[-80.5988074,43.3014414],[-80.5987935,43.30151]]},"properties":{"kind":"distribution","tier":"distribution","placement":"underground","from":"gas-T-321","to":"gas-T-310","lengthM":14.4,"sizeMm":100,"diameterIn":3.9,"nominalLabel":"4\" cast iron (lined)","material":"cast iron","depthM":1.0,"pressureKPa":1.74,"pressureTier":"lp","customers":19,"designM3h":50.955,"roadEdge":37}},{"type":"Feature","id":"gas-E292","geometry":{"type":"LineString","coordinates":[[-80.5983442,43.2977686],[-80.5983252,43.297621],[-80.5983224,43.2975958]]},"properties":{"kind":"distribution","tier":"distribution","placement":"underground","from":"gas-T-339","to":"gas-T-340","lengthM":19.33,"sizeMm":100,"diameterIn":3.9,"nominalLabel":"4\" cast iron (lined)","material":"cast iron","depthM":1.0,"pressureKPa":1.74,"pressureTier":"lp","customers":8,"designM3h":27.355,"roadEdge":41}},{"type":"Feature","id":"gas-E293","geometry":{"type":"LineString","coordinates":[[-80.596702,43.3018493],[-80.5967083,43.3019757],[-80.5967084,43.3019886]]},"properties":{"kind":"distribution","tier":"distribution","placement":"underground","from":"gas-T-433","to":"gas-T-420","lengthM":15.51,"sizeMm":50,"diameterIn":2.0,"nominalLabel":"2\" PE","material":"PE SDR11","depthM":1.0,"pressureKPa":414.0,"pressureTier":"mp","customers":8,"designM3h":28.874,"roadEdge":48}},{"type":"Feature","id":"gas-E294","geometry":{"type":"LineString","coordinates":[[-80.5978512,43.301622],[-80.5978473,43.3016608]]},"properties":{"kind":"distribution","tier":"distribution","placement":"underground","from":"gas-T-366","to":"gas-T-382","lengthM":4.34,"sizeMm":50,"diameterIn":2.0,"nominalLabel":"2\" PE","material":"PE SDR11","depthM":1.0,"pressureKPa":414.0,"pressureTier":"mp","customers":11,"designM3h":32.958,"roadEdge":45}},{"type":"Feature","id":"gas-E295","geometry":{"type":"LineString","coordinates":[[-80.6047784,43.2985728],[-80.6047754,43.2985528],[-80.604749,43.2984073]]},"properties":{"kind":"distribution","tier":"distribution","placement":"underground","from":"gas-T-61","to":"gas-T-62","lengthM":18.58,"sizeMm":100,"diameterIn":3.9,"nominalLabel":"4\" cast iron (lined)","material":"cast iron","depthM":1.0,"pressureKPa":1.74,"pressureTier":"lp","customers":3,"designM3h":12.865,"roadEdge":5}},{"type":"Feature","id":"gas-E296","geometry":{"type":"LineString","coordinates":[[-80.6044826,43.3006963],[-80.6044874,43.3007257],[-80.6045054,43.3008304]]},"properties":{"kind":"distribution","tier":"distribution","placement":"underground","from":"gas-T-75","to":"gas-T-69","lengthM":15.04,"sizeMm":100,"diameterIn":3.9,"nominalLabel":"4\" cast iron (lined)","material":"cast iron","depthM":1.0,"pressureKPa":1.74,"pressureTier":"lp","customers":6,"designM3h":18.606,"roadEdge":7}},{"type":"Feature","id":"gas-E297","geometry":{"type":"LineString","coordinates":[[-80.6037055,43.2989239],[-80.6037034,43.2989131],[-80.6036996,43.2988943]]},"properties":{"kind":"distribution","tier":"distribution","placement":"underground","from":"gas-T-79","to":"gas-T-88","lengthM":3.32,"sizeMm":100,"diameterIn":3.9,"nominalLabel":"4\" cast iron (lined)","material":"cast iron","depthM":1.0,"pressureKPa":1.74,"pressureTier":"lp","customers":14,"designM3h":48.62,"roadEdge":10}},{"type":"Feature","id":"gas-E298","geometry":{"type":"LineString","coordinates":[[-80.603461,43.3004184],[-80.6034641,43.3005404]]},"properties":{"kind":"distribution","tier":"distribution","placement":"underground","from":"gas-T-102","to":"gas-T-116","lengthM":13.58,"sizeMm":100,"diameterIn":3.9,"nominalLabel":"4\" cast iron (lined)","material":"cast iron","depthM":1.0,"pressureKPa":1.74,"pressureTier":"lp","customers":23,"designM3h":63.671,"roadEdge":14}},{"type":"Feature","id":"gas-E299","geometry":{"type":"LineString","coordinates":[[-80.6025198,43.2986142],[-80.6025175,43.2985918]]},"properties":{"kind":"distribution","tier":"distribution","placement":"underground","from":"gas-T-140","to":"gas-T-133","lengthM":2.49,"sizeMm":100,"diameterIn":3.9,"nominalLabel":"4\" cast iron (lined)","material":"cast iron","depthM":1.0,"pressureKPa":1.74,"pressureTier":"lp","customers":12,"designM3h":34.802,"roadEdge":16}},{"type":"Feature","id":"gas-E300","geometry":{"type":"LineString","coordinates":[[-80.6024367,43.3008375],[-80.6024336,43.3009013],[-80.6024328,43.3009813]]},"properties":{"kind":"distribution","tier":"distribution","placement":"underground","from":"gas-T-157","to":"gas-T-178","lengthM":16.01,"sizeMm":100,"diameterIn":3.9,"nominalLabel":"4\" cast iron (lined)","material":"cast iron","depthM":1.0,"pressureKPa":1.74,"pressureTier":"lp","customers":25,"designM3h":67.099,"roadEdge":21}},{"type":"Feature","id":"gas-E301","geometry":{"type":"LineString","coordinates":[[-80.6016511,43.2982366],[-80.601658,43.2981937],[-80.6016819,43.2980666]]},"properties":{"kind":"distribution","tier":"distribution","placement":"underground","from":"gas-T-197","to":"gas-T-196","lengthM":19.09,"sizeMm":100,"diameterIn":3.9,"nominalLabel":"4\" cast iron (lined)","material":"cast iron","depthM":1.0,"pressureKPa":1.74,"pressureTier":"lp","customers":14,"designM3h":42.484,"roadEdge":23}},{"type":"Feature","id":"gas-E302","geometry":{"type":"LineString","coordinates":[[-80.6014342,43.300841],[-80.6014737,43.3009048],[-80.6014653,43.300965]]},"properties":{"kind":"distribution","tier":"distribution","placement":"underground","from":"gas-T-228","to":"gas-T-229","lengthM":14.53,"sizeMm":100,"diameterIn":3.9,"nominalLabel":"4\" cast iron (lined)","material":"cast iron","depthM":1.0,"pressureKPa":1.74,"pressureTier":"lp","customers":21,"designM3h":59.274,"roadEdge":25}},{"type":"Feature","id":"gas-E303","geometry":{"type":"LineString","coordinates":[[-80.6006357,43.2982635],[-80.6006359,43.2982575]]},"properties":{"kind":"distribution","tier":"distribution","placement":"underground","from":"gas-T-497","to":"gas-T-481","lengthM":0.67,"sizeMm":150,"diameterIn":5.9,"nominalLabel":"6\" cast iron (lined)","material":"cast iron","depthM":1.0,"pressureKPa":1.74,"pressureTier":"lp","customers":20,"designM3h":165.434,"roadEdge":27}},{"type":"Feature","id":"gas-E304","geometry":{"type":"LineString","coordinates":[[-80.6005956,43.3011172],[-80.6005956,43.3011246]]},"properties":{"kind":"distribution","tier":"distribution","placement":"underground","from":"gas-T-516","to":"gas-T-535","lengthM":0.83,"sizeMm":100,"diameterIn":3.9,"nominalLabel":"4\" cast iron (lined)","material":"cast iron","depthM":1.0,"pressureKPa":1.74,"pressureTier":"lp","customers":23,"designM3h":58.816,"roadEdge":28}},{"type":"Feature","id":"gas-E305","geometry":{"type":"LineString","coordinates":[[-80.599758,43.3010869],[-80.5997563,43.3010948]]},"properties":{"kind":"distribution","tier":"distribution","placement":"underground","from":"gas-T-259","to":"gas-T-269","lengthM":0.88,"sizeMm":100,"diameterIn":3.9,"nominalLabel":"4\" cast iron (lined)","material":"cast iron","depthM":1.0,"pressureKPa":1.74,"pressureTier":"lp","customers":21,"designM3h":62.215,"roadEdge":32}},{"type":"Feature","id":"gas-E306","geometry":{"type":"LineString","coordinates":[[-80.5995333,43.2979595],[-80.599516,43.2978101]]},"properties":{"kind":"distribution","tier":"distribution","placement":"underground","from":"gas-T-280","to":"gas-T-281","lengthM":16.69,"sizeMm":100,"diameterIn":3.9,"nominalLabel":"4\" cast iron (lined)","material":"cast iron","depthM":1.0,"pressureKPa":1.74,"pressureTier":"lp","customers":12,"designM3h":34.359,"roadEdge":34}},{"type":"Feature","id":"gas-E307","geometry":{"type":"LineString","coordinates":[[-80.5987935,43.30151],[-80.5987887,43.3015338]]},"properties":{"kind":"distribution","tier":"distribution","placement":"underground","from":"gas-T-310","to":"gas-T-322","lengthM":2.68,"sizeMm":100,"diameterIn":3.9,"nominalLabel":"4\" cast iron (lined)","material":"cast iron","depthM":1.0,"pressureKPa":1.74,"pressureTier":"lp","customers":18,"designM3h":49.044,"roadEdge":37}},{"type":"Feature","id":"gas-E308","geometry":{"type":"LineString","coordinates":[[-80.5983224,43.2975958],[-80.5983081,43.2974656]]},"properties":{"kind":"distribution","tier":"distribution","placement":"underground","from":"gas-T-340","to":"gas-T-355","lengthM":14.53,"sizeMm":100,"diameterIn":3.9,"nominalLabel":"4\" cast iron (lined)","material":"cast iron","depthM":1.0,"pressureKPa":1.74,"pressureTier":"lp","customers":7,"designM3h":24.945,"roadEdge":41}},{"type":"Feature","id":"gas-E309","geometry":{"type":"LineString","coordinates":[[-80.5967084,43.3019886],[-80.5967084,43.3019994]]},"properties":{"kind":"distribution","tier":"distribution","placement":"underground","from":"gas-T-420","to":"gas-T-434","lengthM":1.21,"sizeMm":50,"diameterIn":2.0,"nominalLabel":"2\" PE","material":"PE SDR11","depthM":1.0,"pressureKPa":414.0,"pressureTier":"mp","customers":7,"designM3h":26.681,"roadEdge":48}},{"type":"Feature","id":"gas-E310","geometry":{"type":"LineString","coordinates":[[-80.5978473,43.3016608],[-80.5978336,43.3017965]]},"properties":{"kind":"distribution","tier":"distribution","placement":"underground","from":"gas-T-382","to":"gas-T-367","lengthM":15.14,"sizeMm":50,"diameterIn":2.0,"nominalLabel":"2\" PE","material":"PE SDR11","depthM":1.0,"pressureKPa":414.0,"pressureTier":"mp","customers":10,"designM3h":31.056,"roadEdge":45}},{"type":"Feature","id":"gas-E311","geometry":{"type":"LineString","coordinates":[[-80.604749,43.2984073],[-80.6047429,43.2983739],[-80.6047189,43.2982536]]},"properties":{"kind":"distribution","tier":"distribution","placement":"underground","from":"gas-T-62","to":"gas-T-63","lengthM":17.27,"sizeMm":100,"diameterIn":3.9,"nominalLabel":"4\" cast iron (lined)","material":"cast iron","depthM":1.0,"pressureKPa":1.74,"pressureTier":"lp","customers":2,"designM3h":8.287,"roadEdge":5}},{"type":"Feature","id":"gas-E312","geometry":{"type":"LineString","coordinates":[[-80.6045054,43.3008304],[-80.6045081,43.3008462]]},"properties":{"kind":"distribution","tier":"distribution","placement":"underground","from":"gas-T-69","to":"gas-T-74","lengthM":1.78,"sizeMm":100,"diameterIn":3.9,"nominalLabel":"4\" cast iron (lined)","material":"cast iron","depthM":1.0,"pressureKPa":1.74,"pressureTier":"lp","customers":5,"designM3h":18.47,"roadEdge":7}},{"type":"Feature","id":"gas-E313","geometry":{"type":"LineString","coordinates":[[-80.6036996,43.2988943],[-80.6036764,43.2987811]]},"properties":{"kind":"distribution","tier":"distribution","placement":"underground","from":"gas-T-88","to":"gas-T-80","lengthM":12.75,"sizeMm":100,"diameterIn":3.9,"nominalLabel":"4\" cast iron (lined)","material":"cast iron","depthM":1.0,"pressureKPa":1.74,"pressureTier":"lp","customers":13,"designM3h":44.872,"roadEdge":10}},{"type":"Feature","id":"gas-E314","geometry":{"type":"LineString","coordinates":[[-80.6034641,43.3005404],[-80.6034655,43.3005609]]},"properties":{"kind":"distribution","tier":"distribution","placement":"underground","from":"gas-T-116","to":"gas-T-103","lengthM":2.29,"sizeMm":100,"diameterIn":3.9,"nominalLabel":"4\" cast iron (lined)","material":"cast iron","depthM":1.0,"pressureKPa":1.74,"pressureTier":"lp","customers":22,"designM3h":61.666,"roadEdge":14}},{"type":"Feature","id":"gas-E315","geometry":{"type":"LineString","coordinates":[[-80.6025175,43.2985918],[-80.6025132,43.2985503],[-80.6025068,43.2984337]]},"properties":{"kind":"distribution","tier":"distribution","placement":"underground","from":"gas-T-133","to":"gas-T-141","lengthM":17.63,"sizeMm":100,"diameterIn":3.9,"nominalLabel":"4\" cast iron (lined)","material":"cast iron","depthM":1.0,"pressureKPa":1.74,"pressureTier":"lp","customers":11,"designM3h":34.563,"roadEdge":16}},{"type":"Feature","id":"gas-E316","geometry":{"type":"LineString","coordinates":[[-80.6024328,43.3009813],[-80.6024328,43.3009867]]},"properties":{"kind":"distribution","tier":"distribution","placement":"underground","from":"gas-T-178","to":"gas-T-158","lengthM":0.6,"sizeMm":100,"diameterIn":3.9,"nominalLabel":"4\" cast iron (lined)","material":"cast iron","depthM":1.0,"pressureKPa":1.74,"pressureTier":"lp","customers":24,"designM3h":65.039,"roadEdge":21}},{"type":"Feature","id":"gas-E317","geometry":{"type":"LineString","coordinates":[[-80.6016819,43.2980666],[-80.6016917,43.2980147],[-80.6017156,43.2978973]]},"properties":{"kind":"distribution","tier":"distribution","placement":"underground","from":"gas-T-196","to":"gas-J-20","lengthM":19.05,"sizeMm":100,"diameterIn":3.9,"nominalLabel":"4\" cast iron (lined)","material":"cast iron","depthM":1.0,"pressureKPa":1.74,"pressureTier":"lp","customers":13,"designM3h":39.113,"roadEdge":23}},{"type":"Feature","id":"gas-E318","geometry":{"type":"LineString","coordinates":[[-80.6014653,43.300965],[-80.6014638,43.3009752]]},"properties":{"kind":"distribution","tier":"distribution","placement":"underground","from":"gas-T-229","to":"gas-T-215","lengthM":1.15,"sizeMm":100,"diameterIn":3.9,"nominalLabel":"4\" cast iron (lined)","material":"cast iron","depthM":1.0,"pressureKPa":1.74,"pressureTier":"lp","customers":20,"designM3h":57.138,"roadEdge":25}},{"type":"Feature","id":"gas-E319","geometry":{"type":"LineString","coordinates":[[-80.6006359,43.2982575],[-80.6006365,43.298244],[-80.600639,43.2981879],[-80.6006416,43.2981318],[-80.6006424,43.2981149]]},"properties":{"kind":"distribution","tier":"distribution","placement":"underground","from":"gas-T-481","to":"gas-T-480","lengthM":15.88,"sizeMm":150,"diameterIn":5.9,"nominalLabel":"6\" cast iron (lined)","material":"cast iron","depthM":1.0,"pressureKPa":1.74,"pressureTier":"lp","customers":19,"designM3h":164.406,"roadEdge":27}},{"type":"Feature","id":"gas-E320","geometry":{"type":"LineString","coordinates":[[-80.6005956,43.3011246],[-80.6005956,43.3012184],[-80.6005954,43.3012746],[-80.6005954,43.3012786]]},"properties":{"kind":"distribution","tier":"distribution","placement":"underground","from":"gas-T-535","to":"gas-T-515","lengthM":17.15,"sizeMm":100,"diameterIn":3.9,"nominalLabel":"4\" cast iron (lined)","material":"cast iron","depthM":1.0,"pressureKPa":1.74,"pressureTier":"lp","customers":22,"designM3h":56.571,"roadEdge":28}},{"type":"Feature","id":"gas-E321","geometry":{"type":"LineString","coordinates":[[-80.5997563,43.3010948],[-80.5997203,43.3012596]]},"properties":{"kind":"distribution","tier":"distribution","placement":"underground","from":"gas-T-269","to":"gas-T-258","lengthM":18.57,"sizeMm":100,"diameterIn":3.9,"nominalLabel":"4\" cast iron (lined)","material":"cast iron","depthM":1.0,"pressureKPa":1.74,"pressureTier":"lp","customers":20,"designM3h":59.302,"roadEdge":32}},{"type":"Feature","id":"gas-E322","geometry":{"type":"LineString","coordinates":[[-80.599516,43.2978101],[-80.5995149,43.2978008],[-80.5994958,43.2976566]]},"properties":{"kind":"distribution","tier":"distribution","placement":"underground","from":"gas-T-281","to":"gas-T-282","lengthM":17.17,"sizeMm":100,"diameterIn":3.9,"nominalLabel":"4\" cast iron (lined)","material":"cast iron","depthM":1.0,"pressureKPa":1.74,"pressureTier":"lp","customers":11,"designM3h":32.144,"roadEdge":34}},{"type":"Feature","id":"gas-E323","geometry":{"type":"LineString","coordinates":[[-80.5987887,43.3015338],[-80.598771,43.3016216],[-80.5987646,43.3016512]]},"properties":{"kind":"distribution","tier":"distribution","placement":"underground","from":"gas-T-322","to":"gas-T-311","lengthM":13.22,"sizeMm":100,"diameterIn":3.9,"nominalLabel":"4\" cast iron (lined)","material":"cast iron","depthM":1.0,"pressureKPa":1.74,"pressureTier":"lp","customers":17,"designM3h":47.108,"roadEdge":37}},{"type":"Feature","id":"gas-E324","geometry":{"type":"LineString","coordinates":[[-80.5983081,43.2974656],[-80.5983054,43.2974407],[-80.5983046,43.2974319]]},"properties":{"kind":"distribution","tier":"distribution","placement":"underground","from":"gas-T-355","to":"gas-T-341","lengthM":3.77,"sizeMm":100,"diameterIn":3.9,"nominalLabel":"4\" cast iron (lined)","material":"cast iron","depthM":1.0,"pressureKPa":1.74,"pressureTier":"lp","customers":6,"designM3h":22.878,"roadEdge":41}},{"type":"Feature","id":"gas-E325","geometry":{"type":"LineString","coordinates":[[-80.5967084,43.3019994],[-80.5967092,43.3021486]]},"properties":{"kind":"distribution","tier":"distribution","placement":"underground","from":"gas-T-434","to":"gas-T-421","lengthM":16.61,"sizeMm":50,"diameterIn":2.0,"nominalLabel":"2\" PE","material":"PE SDR11","depthM":1.0,"pressureKPa":414.0,"pressureTier":"mp","customers":6,"designM3h":23.462,"roadEdge":48}},{"type":"Feature","id":"gas-E326","geometry":{"type":"LineString","coordinates":[[-80.5978336,43.3017965],[-80.5978334,43.3017987],[-80.5978298,43.3018254]]},"properties":{"kind":"distribution","tier":"distribution","placement":"underground","from":"gas-T-367","to":"gas-T-383","lengthM":3.23,"sizeMm":50,"diameterIn":2.0,"nominalLabel":"2\" PE","material":"PE SDR11","depthM":1.0,"pressureKPa":414.0,"pressureTier":"mp","customers":9,"designM3h":28.83,"roadEdge":45}},{"type":"Feature","id":"gas-E327","geometry":{"type":"LineString","coordinates":[[-80.6047189,43.2982536],[-80.6047071,43.2981946],[-80.6046878,43.2981008]]},"properties":{"kind":"distribution","tier":"distribution","placement":"underground","from":"gas-T-63","to":"gas-T-64","lengthM":17.19,"sizeMm":100,"diameterIn":3.9,"nominalLabel":"4\" cast iron (lined)","material":"cast iron","depthM":1.0,"pressureKPa":1.74,"pressureTier":"lp","customers":1,"designM3h":4.022,"roadEdge":5}},{"type":"Feature","id":"gas-E328","geometry":{"type":"LineString","coordinates":[[-80.6045081,43.3008462],[-80.6045182,43.3009054],[-80.6045298,43.3009746]]},"properties":{"kind":"distribution","tier":"distribution","placement":"underground","from":"gas-T-74","to":"gas-T-68","lengthM":14.4,"sizeMm":100,"diameterIn":3.9,"nominalLabel":"4\" cast iron (lined)","material":"cast iron","depthM":1.0,"pressureKPa":1.74,"pressureTier":"lp","customers":4,"designM3h":14.663,"roadEdge":7}},{"type":"Feature","id":"gas-E329","geometry":{"type":"LineString","coordinates":[[-80.6036764,43.2987811],[-80.6036672,43.2987363]]},"properties":{"kind":"distribution","tier":"distribution","placement":"underground","from":"gas-T-80","to":"gas-T-89","lengthM":5.04,"sizeMm":100,"diameterIn":3.9,"nominalLabel":"4\" cast iron (lined)","material":"cast iron","depthM":1.0,"pressureKPa":1.74,"pressureTier":"lp","customers":12,"designM3h":42.995,"roadEdge":10}},{"type":"Feature","id":"gas-E330","geometry":{"type":"LineString","coordinates":[[-80.6034655,43.3005609],[-80.6034736,43.3006885]]},"properties":{"kind":"distribution","tier":"distribution","placement":"underground","from":"gas-T-103","to":"gas-T-117","lengthM":14.22,"sizeMm":100,"diameterIn":3.9,"nominalLabel":"4\" cast iron (lined)","material":"cast iron","depthM":1.0,"pressureKPa":1.74,"pressureTier":"lp","customers":21,"designM3h":58.984,"roadEdge":14}},{"type":"Feature","id":"gas-E331","geometry":{"type":"LineString","coordinates":[[-80.6025068,43.2984337],[-80.6025032,43.2983691],[-80.602503,43.2982534]]},"properties":{"kind":"distribution","tier":"distribution","placement":"underground","from":"gas-T-141","to":"gas-T-142","lengthM":20.07,"sizeMm":100,"diameterIn":3.9,"nominalLabel":"4\" cast iron (lined)","material":"cast iron","depthM":1.0,"pressureKPa":1.74,"pressureTier":"lp","customers":10,"designM3h":32.402,"roadEdge":16}},{"type":"Feature","id":"gas-E332","geometry":{"type":"LineString","coordinates":[[-80.6024328,43.3009867],[-80.6024319,43.3010798],[-80.6024337,43.3011416]]},"properties":{"kind":"distribution","tier":"distribution","placement":"underground","from":"gas-T-158","to":"gas-T-159","lengthM":17.25,"sizeMm":100,"diameterIn":3.9,"nominalLabel":"4\" cast iron (lined)","material":"cast iron","depthM":1.0,"pressureKPa":1.74,"pressureTier":"lp","customers":23,"designM3h":62.143,"roadEdge":21}},{"type":"Feature","id":"gas-E333","geometry":{"type":"LineString","coordinates":[[-80.6017156,43.2978973],[-80.6018884,43.2979318]]},"properties":{"kind":"distribution","tier":"distribution","placement":"underground","from":"gas-J-20","to":"gas-T-153","lengthM":14.51,"sizeMm":100,"diameterIn":3.9,"nominalLabel":"4\" cast iron (lined)","material":"cast iron","depthM":1.0,"pressureKPa":1.74,"pressureTier":"lp","customers":5,"designM3h":17.545,"roadEdge":20}},{"type":"Feature","id":"gas-E334","geometry":{"type":"LineString","coordinates":[[-80.6017156,43.2978973],[-80.6017282,43.2978353],[-80.6017469,43.2977442]]},"properties":{"kind":"distribution","tier":"distribution","placement":"underground","from":"gas-J-20","to":"gas-T-201","lengthM":17.23,"sizeMm":100,"diameterIn":3.9,"nominalLabel":"4\" cast iron (lined)","material":"cast iron","depthM":1.0,"pressureKPa":1.74,"pressureTier":"lp","customers":8,"designM3h":25.038,"roadEdge":24}},{"type":"Feature","id":"gas-E335","geometry":{"type":"LineString","coordinates":[[-80.6014638,43.3009752],[-80.6014486,43.3010839],[-80.6014445,43.3011196]]},"properties":{"kind":"distribution","tier":"distribution","placement":"underground","from":"gas-T-215","to":"gas-T-230","lengthM":16.15,"sizeMm":100,"diameterIn":3.9,"nominalLabel":"4\" cast iron (lined)","material":"cast iron","depthM":1.0,"pressureKPa":1.74,"pressureTier":"lp","customers":19,"designM3h":53.702,"roadEdge":25}},{"type":"Feature","id":"gas-E336","geometry":{"type":"LineString","coordinates":[[-80.6006424,43.2981149],[-80.6006442,43.2980757],[-80.6006469,43.2980196],[-80.6006495,43.2979649]]},"properties":{"kind":"distribution","tier":"distribution","placement":"underground","from":"gas-T-480","to":"gas-T-479","lengthM":16.71,"sizeMm":150,"diameterIn":5.9,"nominalLabel":"6\" cast iron (lined)","material":"cast iron","depthM":1.0,"pressureKPa":1.74,"pressureTier":"lp","customers":18,"designM3h":163.416,"roadEdge":27}},{"type":"Feature","id":"gas-E337","geometry":{"type":"LineString","coordinates":[[-80.6005954,43.3012786],[-80.6005954,43.3012804]]},"properties":{"kind":"distribution","tier":"distribution","placement":"underground","from":"gas-T-515","to":"gas-T-534","lengthM":0.19,"sizeMm":100,"diameterIn":3.9,"nominalLabel":"4\" cast iron (lined)","material":"cast iron","depthM":1.0,"pressureKPa":1.74,"pressureTier":"lp","customers":21,"designM3h":55.252,"roadEdge":28}},{"type":"Feature","id":"gas-E338","geometry":{"type":"LineString","coordinates":[[-80.5997203,43.3012596],[-80.5997196,43.3012624],[-80.5996856,43.3014244]]},"properties":{"kind":"distribution","tier":"distribution","placement":"underground","from":"gas-T-258","to":"gas-T-257","lengthM":18.56,"sizeMm":100,"diameterIn":3.9,"nominalLabel":"4\" cast iron (lined)","material":"cast iron","depthM":1.0,"pressureKPa":1.74,"pressureTier":"lp","customers":19,"designM3h":55.911,"roadEdge":32}},{"type":"Feature","id":"gas-E339","geometry":{"type":"LineString","coordinates":[[-80.5994958,43.2976566],[-80.5994911,43.2976215],[-80.5994748,43.2975066]]},"properties":{"kind":"distribution","tier":"distribution","placement":"underground","from":"gas-T-282","to":"gas-T-283","lengthM":16.78,"sizeMm":100,"diameterIn":3.9,"nominalLabel":"4\" cast iron (lined)","material":"cast iron","depthM":1.0,"pressureKPa":1.74,"pressureTier":"lp","customers":10,"designM3h":28.763,"roadEdge":34}},{"type":"Feature","id":"gas-E340","geometry":{"type":"LineString","coordinates":[[-80.5987646,43.3016512],[-80.598758,43.301682]]},"properties":{"kind":"distribution","tier":"distribution","placement":"underground","from":"gas-T-311","to":"gas-T-323","lengthM":3.47,"sizeMm":100,"diameterIn":3.9,"nominalLabel":"4\" cast iron (lined)","material":"cast iron","depthM":1.0,"pressureKPa":1.74,"pressureTier":"lp","customers":16,"designM3h":46.828,"roadEdge":37}},{"type":"Feature","id":"gas-E341","geometry":{"type":"LineString","coordinates":[[-80.5983046,43.2974319],[-80.5982926,43.297292]]},"properties":{"kind":"distribution","tier":"distribution","placement":"underground","from":"gas-T-341","to":"gas-T-356","lengthM":15.6,"sizeMm":100,"diameterIn":3.9,"nominalLabel":"4\" cast iron (lined)","material":"cast iron","depthM":1.0,"pressureKPa":1.74,"pressureTier":"lp","customers":5,"designM3h":20.964,"roadEdge":41}},{"type":"Feature","id":"gas-E342","geometry":{"type":"LineString","coordinates":[[-80.5967092,43.3021486],[-80.5967093,43.3021524]]},"properties":{"kind":"distribution","tier":"distribution","placement":"underground","from":"gas-T-421","to":"gas-T-435","lengthM":0.42,"sizeMm":50,"diameterIn":2.0,"nominalLabel":"2\" PE","material":"PE SDR11","depthM":1.0,"pressureKPa":414.0,"pressureTier":"mp","customers":5,"designM3h":19.446,"roadEdge":48}},{"type":"Feature","id":"gas-E343","geometry":{"type":"LineString","coordinates":[[-80.5978298,43.3018254],[-80.5978088,43.3019785]]},"properties":{"kind":"distribution","tier":"distribution","placement":"underground","from":"gas-T-383","to":"gas-T-368","lengthM":17.13,"sizeMm":50,"diameterIn":2.0,"nominalLabel":"2\" PE","material":"PE SDR11","depthM":1.0,"pressureKPa":414.0,"pressureTier":"mp","customers":8,"designM3h":26.541,"roadEdge":45}},{"type":"Feature","id":"gas-E344","geometry":{"type":"LineString","coordinates":[[-80.6045298,43.3009746],[-80.6045484,43.3010849],[-80.6045535,43.3011175]]},"properties":{"kind":"distribution","tier":"distribution","placement":"underground","from":"gas-T-68","to":"gas-T-67","lengthM":16.01,"sizeMm":100,"diameterIn":3.9,"nominalLabel":"4\" cast iron (lined)","material":"cast iron","depthM":1.0,"pressureKPa":1.74,"pressureTier":"lp","customers":3,"designM3h":12.287,"roadEdge":7}},{"type":"Feature","id":"gas-E345","geometry":{"type":"LineString","coordinates":[[-80.6036672,43.2987363],[-80.6036667,43.2987336],[-80.6036467,43.2986355]]},"properties":{"kind":"distribution","tier":"distribution","placement":"underground","from":"gas-T-89","to":"gas-T-81","lengthM":11.35,"sizeMm":100,"diameterIn":3.9,"nominalLabel":"4\" cast iron (lined)","material":"cast iron","depthM":1.0,"pressureKPa":1.74,"pressureTier":"lp","customers":11,"designM3h":38.787,"roadEdge":10}},{"type":"Feature","id":"gas-E346","geometry":{"type":"LineString","coordinates":[[-80.6034736,43.3006885],[-80.6034744,43.3007014]]},"properties":{"kind":"distribution","tier":"distribution","placement":"underground","from":"gas-T-117","to":"gas-T-104","lengthM":1.43,"sizeMm":100,"diameterIn":3.9,"nominalLabel":"4\" cast iron (lined)","material":"cast iron","depthM":1.0,"pressureKPa":1.74,"pressureTier":"lp","customers":20,"designM3h":56.993,"roadEdge":14}},{"type":"Feature","id":"gas-E347","geometry":{"type":"LineString","coordinates":[[-80.602503,43.2982534],[-80.602503,43.2982421]]},"properties":{"kind":"distribution","tier":"distribution","placement":"underground","from":"gas-T-142","to":"gas-T-134","lengthM":1.26,"sizeMm":100,"diameterIn":3.9,"nominalLabel":"4\" cast iron (lined)","material":"cast iron","depthM":1.0,"pressureKPa":1.74,"pressureTier":"lp","customers":9,"designM3h":28.874,"roadEdge":16}},{"type":"Feature","id":"gas-E348","geometry":{"type":"LineString","coordinates":[[-80.6024337,43.3011416],[-80.6024338,43.3011456]]},"properties":{"kind":"distribution","tier":"distribution","placement":"underground","from":"gas-T-159","to":"gas-T-179","lengthM":0.45,"sizeMm":100,"diameterIn":3.9,"nominalLabel":"4\" cast iron (lined)","material":"cast iron","depthM":1.0,"pressureKPa":1.74,"pressureTier":"lp","customers":22,"designM3h":60.019,"roadEdge":21}},{"type":"Feature","id":"gas-E349","geometry":{"type":"LineString","coordinates":[[-80.6018884,43.2979318],[-80.6021259,43.2979318]]},"properties":{"kind":"distribution","tier":"distribution","placement":"underground","from":"gas-T-153","to":"gas-T-150","lengthM":19.24,"sizeMm":100,"diameterIn":3.9,"nominalLabel":"4\" cast iron (lined)","material":"cast iron","depthM":1.0,"pressureKPa":1.74,"pressureTier":"lp","customers":4,"designM3h":15.681,"roadEdge":20}},{"type":"Feature","id":"gas-E350","geometry":{"type":"LineString","coordinates":[[-80.6017469,43.2977442],[-80.6017651,43.2976555],[-80.6017781,43.2975881]]},"properties":{"kind":"distribution","tier":"distribution","placement":"underground","from":"gas-T-201","to":"gas-T-202","lengthM":17.56,"sizeMm":100,"diameterIn":3.9,"nominalLabel":"4\" cast iron (lined)","material":"cast iron","depthM":1.0,"pressureKPa":1.74,"pressureTier":"lp","customers":7,"designM3h":21.757,"roadEdge":24}},{"type":"Feature","id":"gas-E351","geometry":{"type":"LineString","coordinates":[[-80.6014445,43.3011196],[-80.6014282,43.3012627],[-80.6014269,43.3012783]]},"properties":{"kind":"distribution","tier":"distribution","placement":"underground","from":"gas-T-230","to":"gas-T-231","lengthM":17.72,"sizeMm":100,"diameterIn":3.9,"nominalLabel":"4\" cast iron (lined)","material":"cast iron","depthM":1.0,"pressureKPa":1.74,"pressureTier":"lp","customers":18,"designM3h":50.885,"roadEdge":25}},{"type":"Feature","id":"gas-E352","geometry":{"type":"LineString","coordinates":[[-80.6006495,43.2979649],[-80.6006496,43.2979635],[-80.6006524,43.2979073],[-80.6006553,43.2978512],[-80.6006571,43.2978173]]},"properties":{"kind":"distribution","tier":"distribution","placement":"underground","from":"gas-T-479","to":"gas-T-478","lengthM":16.44,"sizeMm":150,"diameterIn":5.9,"nominalLabel":"6\" cast iron (lined)","material":"cast iron","depthM":1.0,"pressureKPa":1.74,"pressureTier":"lp","customers":17,"designM3h":159.946,"roadEdge":27}},{"type":"Feature","id":"gas-E353","geometry":{"type":"LineString","coordinates":[[-80.6005954,43.3012804],[-80.6005954,43.3014537]]},"properties":{"kind":"distribution","tier":"distribution","placement":"underground","from":"gas-T-534","to":"gas-T-533","lengthM":19.3,"sizeMm":100,"diameterIn":3.9,"nominalLabel":"4\" cast iron (lined)","material":"cast iron","depthM":1.0,"pressureKPa":1.74,"pressureTier":"lp","customers":20,"designM3h":54.271,"roadEdge":28}},{"type":"Feature","id":"gas-E354","geometry":{"type":"LineString","coordinates":[[-80.5996856,43.3014244],[-80.5996819,43.3014417],[-80.5996816,43.3014433]]},"properties":{"kind":"distribution","tier":"distribution","placement":"underground","from":"gas-T-257","to":"gas-T-268","lengthM":2.13,"sizeMm":100,"diameterIn":3.9,"nominalLabel":"4\" cast iron (lined)","material":"cast iron","depthM":1.0,"pressureKPa":1.74,"pressureTier":"lp","customers":18,"designM3h":52.869,"roadEdge":32}},{"type":"Feature","id":"gas-E355","geometry":{"type":"LineString","coordinates":[[-80.5994748,43.2975066],[-80.5994657,43.297442],[-80.5994596,43.2973995]]},"properties":{"kind":"distribution","tier":"distribution","placement":"underground","from":"gas-T-283","to":"gas-T-291","lengthM":11.98,"sizeMm":100,"diameterIn":3.9,"nominalLabel":"4\" cast iron (lined)","material":"cast iron","depthM":1.0,"pressureKPa":1.74,"pressureTier":"lp","customers":9,"designM3h":26.733,"roadEdge":34}},{"type":"Feature","id":"gas-E356","geometry":{"type":"LineString","coordinates":[[-80.598758,43.301682],[-80.5987323,43.3018015],[-80.5987321,43.3018023]]},"properties":{"kind":"distribution","tier":"distribution","placement":"underground","from":"gas-T-323","to":"gas-T-312","lengthM":13.55,"sizeMm":100,"diameterIn":3.9,"nominalLabel":"4\" cast iron (lined)","material":"cast iron","depthM":1.0,"pressureKPa":1.74,"pressureTier":"lp","customers":15,"designM3h":43.759,"roadEdge":37}},{"type":"Feature","id":"gas-E357","geometry":{"type":"LineString","coordinates":[[-80.5982926,43.297292],[-80.5982905,43.2972666]]},"properties":{"kind":"distribution","tier":"distribution","placement":"underground","from":"gas-T-356","to":"gas-T-342","lengthM":2.84,"sizeMm":100,"diameterIn":3.9,"nominalLabel":"4\" cast iron (lined)","material":"cast iron","depthM":1.0,"pressureKPa":1.74,"pressureTier":"lp","customers":4,"designM3h":16.965,"roadEdge":41}},{"type":"Feature","id":"gas-E358","geometry":{"type":"LineString","coordinates":[[-80.5967093,43.3021524],[-80.5967093,43.302154],[-80.5967037,43.302294]]},"properties":{"kind":"distribution","tier":"distribution","placement":"underground","from":"gas-T-435","to":"gas-T-422","lengthM":15.77,"sizeMm":50,"diameterIn":2.0,"nominalLabel":"2\" PE","material":"PE SDR11","depthM":1.0,"pressureKPa":414.0,"pressureTier":"mp","customers":4,"designM3h":15.329,"roadEdge":48}},{"type":"Feature","id":"gas-E359","geometry":{"type":"LineString","coordinates":[[-80.5978088,43.3019785],[-80.5978087,43.3019793],[-80.5977807,43.3021451]]},"properties":{"kind":"distribution","tier":"distribution","placement":"underground","from":"gas-T-368","to":"gas-T-369","lengthM":18.68,"sizeMm":50,"diameterIn":2.0,"nominalLabel":"2\" PE","material":"PE SDR11","depthM":1.0,"pressureKPa":414.0,"pressureTier":"mp","customers":7,"designM3h":23.537,"roadEdge":45}},{"type":"Feature","id":"gas-E360","geometry":{"type":"LineString","coordinates":[[-80.6045535,43.3011175],[-80.6045767,43.3012641],[-80.6045775,43.3012699]]},"properties":{"kind":"distribution","tier":"distribution","placement":"underground","from":"gas-T-67","to":"gas-T-66","lengthM":17.08,"sizeMm":100,"diameterIn":3.9,"nominalLabel":"4\" cast iron (lined)","material":"cast iron","depthM":1.0,"pressureKPa":1.74,"pressureTier":"lp","customers":2,"designM3h":9.772,"roadEdge":7}},{"type":"Feature","id":"gas-E361","geometry":{"type":"LineString","coordinates":[[-80.6036467,43.2986355],[-80.6036344,43.2985753]]},"properties":{"kind":"distribution","tier":"distribution","placement":"underground","from":"gas-T-81","to":"gas-T-90","lengthM":6.78,"sizeMm":100,"diameterIn":3.9,"nominalLabel":"4\" cast iron (lined)","material":"cast iron","depthM":1.0,"pressureKPa":1.74,"pressureTier":"lp","customers":10,"designM3h":35.144,"roadEdge":10}},{"type":"Feature","id":"gas-E362","geometry":{"type":"LineString","coordinates":[[-80.6034744,43.3007014],[-80.6034755,43.3007184],[-80.6034873,43.3008378]]},"properties":{"kind":"distribution","tier":"distribution","placement":"underground","from":"gas-T-104","to":"gas-T-118","lengthM":15.23,"sizeMm":100,"diameterIn":3.9,"nominalLabel":"4\" cast iron (lined)","material":"cast iron","depthM":1.0,"pressureKPa":1.74,"pressureTier":"lp","customers":19,"designM3h":53.821,"roadEdge":14}},{"type":"Feature","id":"gas-E363","geometry":{"type":"LineString","coordinates":[[-80.602503,43.2982421],[-80.6025028,43.2981879],[-80.6025121,43.298006],[-80.6025306,43.2978869]]},"properties":{"kind":"distribution","tier":"distribution","placement":"underground","from":"gas-T-134","to":"gas-J-17","lengthM":39.64,"sizeMm":100,"diameterIn":3.9,"nominalLabel":"4\" cast iron (lined)","material":"cast iron","depthM":1.0,"pressureKPa":1.74,"pressureTier":"lp","customers":8,"designM3h":26.833,"roadEdge":16}},{"type":"Feature","id":"gas-E364","geometry":{"type":"LineString","coordinates":[[-80.6024338,43.3011456],[-80.6024372,43.3012584],[-80.6024394,43.3012921]]},"properties":{"kind":"distribution","tier":"distribution","placement":"underground","from":"gas-T-179","to":"gas-T-160","lengthM":16.31,"sizeMm":100,"diameterIn":3.9,"nominalLabel":"4\" cast iron (lined)","material":"cast iron","depthM":1.0,"pressureKPa":1.74,"pressureTier":"lp","customers":21,"designM3h":57.632,"roadEdge":21}},{"type":"Feature","id":"gas-E365","geometry":{"type":"LineString","coordinates":[[-80.6021259,43.2979318],[-80.6021308,43.2979318]]},"properties":{"kind":"distribution","tier":"distribution","placement":"underground","from":"gas-T-150","to":"gas-T-152","lengthM":0.4,"sizeMm":100,"diameterIn":3.9,"nominalLabel":"4\" cast iron (lined)","material":"cast iron","depthM":1.0,"pressureKPa":1.74,"pressureTier":"lp","customers":3,"designM3h":13.544,"roadEdge":20}},{"type":"Feature","id":"gas-E366","geometry":{"type":"LineString","coordinates":[[-80.6017781,43.2975881],[-80.6017999,43.2974753],[-80.6018049,43.2974455]]},"properties":{"kind":"distribution","tier":"distribution","placement":"underground","from":"gas-T-202","to":"gas-T-205","lengthM":16.02,"sizeMm":100,"diameterIn":3.9,"nominalLabel":"4\" cast iron (lined)","material":"cast iron","depthM":1.0,"pressureKPa":1.74,"pressureTier":"lp","customers":6,"designM3h":19.403,"roadEdge":24}},{"type":"Feature","id":"gas-E367","geometry":{"type":"LineString","coordinates":[[-80.6014269,43.3012783],[-80.6014239,43.3013154]]},"properties":{"kind":"distribution","tier":"distribution","placement":"underground","from":"gas-T-231","to":"gas-T-216","lengthM":4.14,"sizeMm":100,"diameterIn":3.9,"nominalLabel":"4\" cast iron (lined)","material":"cast iron","depthM":1.0,"pressureKPa":1.74,"pressureTier":"lp","customers":17,"designM3h":47.789,"roadEdge":25}},{"type":"Feature","id":"gas-E368","geometry":{"type":"LineString","coordinates":[[-80.6006571,43.2978173],[-80.6006582,43.2977951],[-80.6006612,43.297739],[-80.6006643,43.2976829],[-80.6006645,43.2976785]]},"properties":{"kind":"distribution","tier":"distribution","placement":"underground","from":"gas-T-478","to":"gas-T-496","lengthM":15.46,"sizeMm":150,"diameterIn":5.9,"nominalLabel":"6\" cast iron (lined)","material":"cast iron","depthM":1.0,"pressureKPa":1.74,"pressureTier":"lp","customers":16,"designM3h":157.022,"roadEdge":27}},{"type":"Feature","id":"gas-E369","geometry":{"type":"LineString","coordinates":[[-80.6005954,43.3014537],[-80.6005954,43.3014547]]},"properties":{"kind":"distribution","tier":"distribution","placement":"underground","from":"gas-T-533","to":"gas-T-514","lengthM":0.11,"sizeMm":100,"diameterIn":3.9,"nominalLabel":"4\" cast iron (lined)","material":"cast iron","depthM":1.0,"pressureKPa":1.74,"pressureTier":"lp","customers":19,"designM3h":51.751,"roadEdge":28}},{"type":"Feature","id":"gas-E370","geometry":{"type":"LineString","coordinates":[[-80.5996816,43.3014433],[-80.599654,43.3015865]]},"properties":{"kind":"distribution","tier":"distribution","placement":"underground","from":"gas-T-268","to":"gas-T-256","lengthM":16.09,"sizeMm":100,"diameterIn":3.9,"nominalLabel":"4\" cast iron (lined)","material":"cast iron","depthM":1.0,"pressureKPa":1.74,"pressureTier":"lp","customers":17,"designM3h":49.631,"roadEdge":32}},{"type":"Feature","id":"gas-E371","geometry":{"type":"LineString","coordinates":[[-80.5994596,43.2973995],[-80.5994532,43.2973556]]},"properties":{"kind":"distribution","tier":"distribution","placement":"underground","from":"gas-T-291","to":"gas-T-284","lengthM":4.91,"sizeMm":100,"diameterIn":3.9,"nominalLabel":"4\" cast iron (lined)","material":"cast iron","depthM":1.0,"pressureKPa":1.74,"pressureTier":"lp","customers":8,"designM3h":24.8,"roadEdge":34}},{"type":"Feature","id":"gas-E372","geometry":{"type":"LineString","coordinates":[[-80.5987321,43.3018023],[-80.5987265,43.3018279]]},"properties":{"kind":"distribution","tier":"distribution","placement":"underground","from":"gas-T-312","to":"gas-T-324","lengthM":2.89,"sizeMm":100,"diameterIn":3.9,"nominalLabel":"4\" cast iron (lined)","material":"cast iron","depthM":1.0,"pressureKPa":1.74,"pressureTier":"lp","customers":14,"designM3h":43.504,"roadEdge":37}},{"type":"Feature","id":"gas-E373","geometry":{"type":"LineString","coordinates":[[-80.5982905,43.2972666],[-80.5982899,43.2972603],[-80.5982803,43.297097]]},"properties":{"kind":"distribution","tier":"distribution","placement":"underground","from":"gas-T-342","to":"gas-T-343","lengthM":18.9,"sizeMm":100,"diameterIn":3.9,"nominalLabel":"4\" cast iron (lined)","material":"cast iron","depthM":1.0,"pressureKPa":1.74,"pressureTier":"lp","customers":3,"designM3h":12.119,"roadEdge":41}},{"type":"Feature","id":"gas-E374","geometry":{"type":"LineString","coordinates":[[-80.5967037,43.302294],[-80.5967034,43.3023013]]},"properties":{"kind":"distribution","tier":"distribution","placement":"underground","from":"gas-T-422","to":"gas-T-436","lengthM":0.82,"sizeMm":50,"diameterIn":2.0,"nominalLabel":"2\" PE","material":"PE SDR11","depthM":1.0,"pressureKPa":414.0,"pressureTier":"mp","customers":3,"designM3h":11.828,"roadEdge":48}},{"type":"Feature","id":"gas-E375","geometry":{"type":"LineString","coordinates":[[-80.5977807,43.3021451],[-80.5977782,43.3021598],[-80.5977751,43.3021761]]},"properties":{"kind":"distribution","tier":"distribution","placement":"underground","from":"gas-T-369","to":"gas-T-384","lengthM":3.49,"sizeMm":50,"diameterIn":2.0,"nominalLabel":"2\" PE","material":"PE SDR11","depthM":1.0,"pressureKPa":414.0,"pressureTier":"mp","customers":6,"designM3h":20.409,"roadEdge":45}},{"type":"Feature","id":"gas-E376","geometry":{"type":"LineString","coordinates":[[-80.6045775,43.3012699],[-80.6045996,43.3014295]]},"properties":{"kind":"distribution","tier":"distribution","placement":"underground","from":"gas-T-66","to":"gas-T-65","lengthM":17.86,"sizeMm":100,"diameterIn":3.9,"nominalLabel":"4\" cast iron (lined)","material":"cast iron","depthM":1.0,"pressureKPa":1.74,"pressureTier":"lp","customers":1,"designM3h":5.365,"roadEdge":7}},{"type":"Feature","id":"gas-E377","geometry":{"type":"LineString","coordinates":[[-80.6036344,43.2985753],[-80.60363,43.2985537],[-80.6036173,43.2984869]]},"properties":{"kind":"distribution","tier":"distribution","placement":"underground","from":"gas-T-90","to":"gas-T-82","lengthM":9.93,"sizeMm":100,"diameterIn":3.9,"nominalLabel":"4\" cast iron (lined)","material":"cast iron","depthM":1.0,"pressureKPa":1.74,"pressureTier":"lp","customers":9,"designM3h":32.773,"roadEdge":10}},{"type":"Feature","id":"gas-E378","geometry":{"type":"LineString","coordinates":[[-80.6034873,43.3008378],[-80.6034891,43.3008569]]},"properties":{"kind":"distribution","tier":"distribution","placement":"underground","from":"gas-T-118","to":"gas-T-105","lengthM":2.13,"sizeMm":100,"diameterIn":3.9,"nominalLabel":"4\" cast iron (lined)","material":"cast iron","depthM":1.0,"pressureKPa":1.74,"pressureTier":"lp","customers":18,"designM3h":51.812,"roadEdge":14}},{"type":"Feature","id":"gas-E379","geometry":{"type":"LineString","coordinates":[[-80.6025306,43.2978869],[-80.60253,43.2978273],[-80.6025419,43.297744]]},"properties":{"kind":"distribution","tier":"distribution","placement":"underground","from":"gas-J-17","to":"gas-J-16","lengthM":15.95,"sizeMm":100,"diameterIn":3.9,"nominalLabel":"4\" cast iron (lined)","material":"cast iron","depthM":1.0,"pressureKPa":1.74,"pressureTier":"lp","customers":8,"designM3h":26.833,"roadEdge":19}},{"type":"Feature","id":"gas-E380","geometry":{"type":"LineString","coordinates":[[-80.6024394,43.3012921],[-80.6024414,43.3013215]]},"properties":{"kind":"distribution","tier":"distribution","placement":"underground","from":"gas-T-160","to":"gas-T-180","lengthM":3.27,"sizeMm":100,"diameterIn":3.9,"nominalLabel":"4\" cast iron (lined)","material":"cast iron","depthM":1.0,"pressureKPa":1.74,"pressureTier":"lp","customers":20,"designM3h":55.8,"roadEdge":21}},{"type":"Feature","id":"gas-E381","geometry":{"type":"LineString","coordinates":[[-80.6021308,43.2979318],[-80.6023536,43.2979318]]},"properties":{"kind":"distribution","tier":"distribution","placement":"underground","from":"gas-T-152","to":"gas-T-149","lengthM":18.05,"sizeMm":100,"diameterIn":3.9,"nominalLabel":"4\" cast iron (lined)","material":"cast iron","depthM":1.0,"pressureKPa":1.74,"pressureTier":"lp","customers":2,"designM3h":9.653,"roadEdge":20}},{"type":"Feature","id":"gas-E382","geometry":{"type":"LineString","coordinates":[[-80.6018049,43.2974455],[-80.6018303,43.2972947],[-80.6018311,43.2972891]]},"properties":{"kind":"distribution","tier":"distribution","placement":"underground","from":"gas-T-205","to":"gas-T-206","lengthM":17.54,"sizeMm":100,"diameterIn":3.9,"nominalLabel":"4\" cast iron (lined)","material":"cast iron","depthM":1.0,"pressureKPa":1.74,"pressureTier":"lp","customers":5,"designM3h":17.044,"roadEdge":24}},{"type":"Feature","id":"gas-E383","geometry":{"type":"LineString","coordinates":[[-80.6014239,43.3013154],[-80.6014136,43.3014413],[-80.6014132,43.3014517]]},"properties":{"kind":"distribution","tier":"distribution","placement":"underground","from":"gas-T-216","to":"gas-T-232","lengthM":15.19,"sizeMm":100,"diameterIn":3.9,"nominalLabel":"4\" cast iron (lined)","material":"cast iron","depthM":1.0,"pressureKPa":1.74,"pressureTier":"lp","customers":16,"designM3h":45.498,"roadEdge":25}},{"type":"Feature","id":"gas-E384","geometry":{"type":"LineString","coordinates":[[-80.6006645,43.2976785],[-80.6006648,43.2976743]]},"properties":{"kind":"distribution","tier":"distribution","placement":"underground","from":"gas-T-496","to":"gas-T-477","lengthM":0.48,"sizeMm":150,"diameterIn":5.9,"nominalLabel":"6\" cast iron (lined)","material":"cast iron","depthM":1.0,"pressureKPa":1.74,"pressureTier":"lp","customers":15,"designM3h":153.562,"roadEdge":27}},{"type":"Feature","id":"gas-E385","geometry":{"type":"LineString","coordinates":[[-80.6005954,43.3014547],[-80.6005954,43.3014991],[-80.6005953,43.3015553],[-80.6005953,43.3016259]]},"properties":{"kind":"distribution","tier":"distribution","placement":"underground","from":"gas-T-514","to":"gas-T-532","lengthM":19.06,"sizeMm":100,"diameterIn":3.9,"nominalLabel":"4\" cast iron (lined)","material":"cast iron","depthM":1.0,"pressureKPa":1.74,"pressureTier":"lp","customers":18,"designM3h":50.216,"roadEdge":28}},{"type":"Feature","id":"gas-E386","geometry":{"type":"LineString","coordinates":[[-80.599654,43.3015865],[-80.5996502,43.3016064]]},"properties":{"kind":"distribution","tier":"distribution","placement":"underground","from":"gas-T-256","to":"gas-T-267","lengthM":2.24,"sizeMm":100,"diameterIn":3.9,"nominalLabel":"4\" cast iron (lined)","material":"cast iron","depthM":1.0,"pressureKPa":1.74,"pressureTier":"lp","customers":16,"designM3h":47.574,"roadEdge":32}},{"type":"Feature","id":"gas-E387","geometry":{"type":"LineString","coordinates":[[-80.5994532,43.2973556],[-80.5994397,43.2972623],[-80.5994364,43.2972392]]},"properties":{"kind":"distribution","tier":"distribution","placement":"underground","from":"gas-T-284","to":"gas-T-292","lengthM":13.03,"sizeMm":100,"diameterIn":3.9,"nominalLabel":"4\" cast iron (lined)","material":"cast iron","depthM":1.0,"pressureKPa":1.74,"pressureTier":"lp","customers":7,"designM3h":22.73,"roadEdge":34}},{"type":"Feature","id":"gas-E388","geometry":{"type":"LineString","coordinates":[[-80.5987265,43.3018279],[-80.5986986,43.3019548]]},"properties":{"kind":"distribution","tier":"distribution","placement":"underground","from":"gas-T-324","to":"gas-T-313","lengthM":14.31,"sizeMm":100,"diameterIn":3.9,"nominalLabel":"4\" cast iron (lined)","material":"cast iron","depthM":1.0,"pressureKPa":1.74,"pressureTier":"lp","customers":13,"designM3h":40.249,"roadEdge":37}},{"type":"Feature","id":"gas-E389","geometry":{"type":"LineString","coordinates":[[-80.5982803,43.297097],[-80.5982792,43.2970798],[-80.5982751,43.2969304]]},"properties":{"kind":"distribution","tier":"distribution","placement":"underground","from":"gas-T-343","to":"gas-T-344","lengthM":18.55,"sizeMm":100,"diameterIn":3.9,"nominalLabel":"4\" cast iron (lined)","material":"cast iron","depthM":1.0,"pressureKPa":1.74,"pressureTier":"lp","customers":2,"designM3h":9.545,"roadEdge":41}},{"type":"Feature","id":"gas-E390","geometry":{"type":"LineString","coordinates":[[-80.5967034,43.3023013],[-80.5967022,43.3023324],[-80.5966876,43.3025109],[-80.596679,43.3025812]]},"properties":{"kind":"distribution","tier":"distribution","placement":"underground","from":"gas-T-436","to":"gas-T-423","lengthM":31.23,"sizeMm":50,"diameterIn":2.0,"nominalLabel":"2\" PE","material":"PE SDR11","depthM":1.0,"pressureKPa":414.0,"pressureTier":"mp","customers":2,"designM3h":8.342,"roadEdge":48}},{"type":"Feature","id":"gas-E391","geometry":{"type":"LineString","coordinates":[[-80.5977751,43.3021761],[-80.5977485,43.3023133]]},"properties":{"kind":"distribution","tier":"distribution","placement":"underground","from":"gas-T-384","to":"gas-T-370","lengthM":15.43,"sizeMm":50,"diameterIn":2.0,"nominalLabel":"2\" PE","material":"PE SDR11","depthM":1.0,"pressureKPa":414.0,"pressureTier":"mp","customers":5,"designM3h":15.746,"roadEdge":45}},{"type":"Feature","id":"gas-E392","geometry":{"type":"LineString","coordinates":[[-80.6036173,43.2984869],[-80.6036028,43.2984104]]},"properties":{"kind":"distribution","tier":"distribution","placement":"underground","from":"gas-T-82","to":"gas-T-91","lengthM":8.6,"sizeMm":100,"diameterIn":3.9,"nominalLabel":"4\" cast iron (lined)","material":"cast iron","depthM":1.0,"pressureKPa":1.74,"pressureTier":"lp","customers":8,"designM3h":28.991,"roadEdge":10}},{"type":"Feature","id":"gas-E393","geometry":{"type":"LineString","coordinates":[[-80.6034891,43.3008569],[-80.6034931,43.3008972],[-80.6035053,43.3009924]]},"properties":{"kind":"distribution","tier":"distribution","placement":"underground","from":"gas-T-105","to":"gas-T-119","lengthM":15.14,"sizeMm":100,"diameterIn":3.9,"nominalLabel":"4\" cast iron (lined)","material":"cast iron","depthM":1.0,"pressureKPa":1.74,"pressureTier":"lp","customers":17,"designM3h":47.729,"roadEdge":14}},{"type":"Feature","id":"gas-E394","geometry":{"type":"LineString","coordinates":[[-80.6025419,43.297744],[-80.6030823,43.2977886]]},"properties":{"kind":"distribution","tier":"distribution","placement":"underground","from":"gas-J-16","to":"gas-T-98","lengthM":44.06,"sizeMm":100,"diameterIn":3.9,"nominalLabel":"4\" cast iron (lined)","material":"cast iron","depthM":1.0,"pressureKPa":1.74,"pressureTier":"lp","customers":2,"designM3h":5.839,"roadEdge":13}},{"type":"Feature","id":"gas-E395","geometry":{"type":"LineString","coordinates":[[-80.6025419,43.297744],[-80.602556,43.297645],[-80.6025665,43.2975858]]},"properties":{"kind":"distribution","tier":"distribution","placement":"underground","from":"gas-J-16","to":"gas-T-148","lengthM":17.73,"sizeMm":100,"diameterIn":3.9,"nominalLabel":"4\" cast iron (lined)","material":"cast iron","depthM":1.0,"pressureKPa":1.74,"pressureTier":"lp","customers":6,"designM3h":23.1,"roadEdge":18}},{"type":"Feature","id":"gas-E396","geometry":{"type":"LineString","coordinates":[[-80.6024414,43.3013215],[-80.6024491,43.301437],[-80.6024495,43.301441]]},"properties":{"kind":"distribution","tier":"distribution","placement":"underground","from":"gas-T-180","to":"gas-T-161","lengthM":13.32,"sizeMm":100,"diameterIn":3.9,"nominalLabel":"4\" cast iron (lined)","material":"cast iron","depthM":1.0,"pressureKPa":1.74,"pressureTier":"lp","customers":19,"designM3h":53.635,"roadEdge":21}},{"type":"Feature","id":"gas-E397","geometry":{"type":"LineString","coordinates":[[-80.6023536,43.2979318],[-80.6023657,43.2979318]]},"properties":{"kind":"distribution","tier":"distribution","placement":"underground","from":"gas-T-149","to":"gas-T-151","lengthM":0.98,"sizeMm":100,"diameterIn":3.9,"nominalLabel":"4\" cast iron (lined)","material":"cast iron","depthM":1.0,"pressureKPa":1.74,"pressureTier":"lp","customers":1,"designM3h":5.872,"roadEdge":20}},{"type":"Feature","id":"gas-E398","geometry":{"type":"LineString","coordinates":[[-80.6018311,43.2972891],[-80.6018315,43.2972856]]},"properties":{"kind":"distribution","tier":"distribution","placement":"underground","from":"gas-T-206","to":"gas-T-203","lengthM":0.39,"sizeMm":100,"diameterIn":3.9,"nominalLabel":"4\" cast iron (lined)","material":"cast iron","depthM":1.0,"pressureKPa":1.74,"pressureTier":"lp","customers":4,"designM3h":14.746,"roadEdge":24}},{"type":"Feature","id":"gas-E399","geometry":{"type":"LineString","coordinates":[[-80.6014132,43.3014517],[-80.6014055,43.3016199],[-80.6014055,43.301629]]},"properties":{"kind":"distribution","tier":"distribution","placement":"underground","from":"gas-T-232","to":"gas-T-233","lengthM":19.75,"sizeMm":100,"diameterIn":3.9,"nominalLabel":"4\" cast iron (lined)","material":"cast iron","depthM":1.0,"pressureKPa":1.74,"pressureTier":"lp","customers":15,"designM3h":42.996,"roadEdge":25}},{"type":"Feature","id":"gas-E400","geometry":{"type":"LineString","coordinates":[[-80.6006648,43.2976743],[-80.6006675,43.2976268],[-80.6006706,43.2975707],[-80.6006732,43.2975255]]},"properties":{"kind":"distribution","tier":"distribution","placement":"underground","from":"gas-T-477","to":"gas-T-495","lengthM":16.58,"sizeMm":150,"diameterIn":5.9,"nominalLabel":"6\" cast iron (lined)","material":"cast iron","depthM":1.0,"pressureKPa":1.74,"pressureTier":"lp","customers":14,"designM3h":150.094,"roadEdge":27}},{"type":"Feature","id":"gas-E401","geometry":{"type":"LineString","coordinates":[[-80.6005953,43.3016259],[-80.6005953,43.3016304]]},"properties":{"kind":"distribution","tier":"distribution","placement":"underground","from":"gas-T-532","to":"gas-T-513","lengthM":0.5,"sizeMm":100,"diameterIn":3.9,"nominalLabel":"4\" cast iron (lined)","material":"cast iron","depthM":1.0,"pressureKPa":1.74,"pressureTier":"lp","customers":17,"designM3h":49.356,"roadEdge":28}},{"type":"Feature","id":"gas-E402","geometry":{"type":"LineString","coordinates":[[-80.5996502,43.3016064],[-80.5996474,43.3016208],[-80.5996259,43.3017483]]},"properties":{"kind":"distribution","tier":"distribution","placement":"underground","from":"gas-T-267","to":"gas-T-255","lengthM":15.92,"sizeMm":100,"diameterIn":3.9,"nominalLabel":"4\" cast iron (lined)","material":"cast iron","depthM":1.0,"pressureKPa":1.74,"pressureTier":"lp","customers":15,"designM3h":45.709,"roadEdge":32}},{"type":"Feature","id":"gas-E403","geometry":{"type":"LineString","coordinates":[[-80.5994364,43.2972392],[-80.599432,43.2972075]]},"properties":{"kind":"distribution","tier":"distribution","placement":"underground","from":"gas-T-292","to":"gas-T-285","lengthM":3.55,"sizeMm":100,"diameterIn":3.9,"nominalLabel":"4\" cast iron (lined)","material":"cast iron","depthM":1.0,"pressureKPa":1.74,"pressureTier":"lp","customers":6,"designM3h":20.733,"roadEdge":34}},{"type":"Feature","id":"gas-E404","geometry":{"type":"LineString","coordinates":[[-80.5986986,43.3019548],[-80.5986928,43.3019812],[-80.5986922,43.301984]]},"properties":{"kind":"distribution","tier":"distribution","placement":"underground","from":"gas-T-313","to":"gas-T-325","lengthM":3.28,"sizeMm":100,"diameterIn":3.9,"nominalLabel":"4\" cast iron (lined)","material":"cast iron","depthM":1.0,"pressureKPa":1.74,"pressureTier":"lp","customers":12,"designM3h":38.307,"roadEdge":37}},{"type":"Feature","id":"gas-E405","geometry":{"type":"LineString","coordinates":[[-80.5982751,43.2969304],[-80.5982743,43.2968992],[-80.5982752,43.2967186],[-80.5982796,43.2965962]]},"properties":{"kind":"distribution","tier":"distribution","placement":"underground","from":"gas-T-344","to":"gas-T-345","lengthM":37.21,"sizeMm":100,"diameterIn":3.9,"nominalLabel":"4\" cast iron (lined)","material":"cast iron","depthM":1.0,"pressureKPa":1.74,"pressureTier":"lp","customers":1,"designM3h":4.583,"roadEdge":41}},{"type":"Feature","id":"gas-E406","geometry":{"type":"LineString","coordinates":[[-80.596679,43.3025812],[-80.5966659,43.3026894],[-80.5966604,43.3027245]]},"properties":{"kind":"distribution","tier":"distribution","placement":"underground","from":"gas-T-423","to":"gas-T-424","lengthM":16.02,"sizeMm":50,"diameterIn":2.0,"nominalLabel":"2\" PE","material":"PE SDR11","depthM":1.0,"pressureKPa":414.0,"pressureTier":"mp","customers":1,"designM3h":6.181,"roadEdge":48}},{"type":"Feature","id":"gas-E407","geometry":{"type":"LineString","coordinates":[[-80.5977485,43.3023133],[-80.5977433,43.3023401],[-80.5977055,43.3025201],[-80.5977051,43.3025218]]},"properties":{"kind":"distribution","tier":"distribution","placement":"underground","from":"gas-T-370","to":"gas-T-385","lengthM":23.47,"sizeMm":50,"diameterIn":2.0,"nominalLabel":"2\" PE","material":"PE SDR11","depthM":1.0,"pressureKPa":414.0,"pressureTier":"mp","customers":4,"designM3h":13.527,"roadEdge":45}},{"type":"Feature","id":"gas-E408","geometry":{"type":"LineString","coordinates":[[-80.6036028,43.2984104],[-80.6035958,43.2983734],[-80.6035895,43.2983346]]},"properties":{"kind":"distribution","tier":"distribution","placement":"underground","from":"gas-T-91","to":"gas-T-83","lengthM":8.51,"sizeMm":100,"diameterIn":3.9,"nominalLabel":"4\" cast iron (lined)","material":"cast iron","depthM":1.0,"pressureKPa":1.74,"pressureTier":"lp","customers":7,"designM3h":26.378,"roadEdge":10}},{"type":"Feature","id":"gas-E409","geometry":{"type":"LineString","coordinates":[[-80.6035053,43.3009924],[-80.6035076,43.3010105]]},"properties":{"kind":"distribution","tier":"distribution","placement":"underground","from":"gas-T-119","to":"gas-T-106","lengthM":2.01,"sizeMm":100,"diameterIn":3.9,"nominalLabel":"4\" cast iron (lined)","material":"cast iron","depthM":1.0,"pressureKPa":1.74,"pressureTier":"lp","customers":16,"designM3h":45.596,"roadEdge":14}},{"type":"Feature","id":"gas-E410","geometry":{"type":"LineString","coordinates":[[-80.6030823,43.2977886],[-80.6033471,43.2977886]]},"properties":{"kind":"distribution","tier":"distribution","placement":"underground","from":"gas-T-98","to":"gas-T-97","lengthM":21.45,"sizeMm":100,"diameterIn":3.9,"nominalLabel":"4\" cast iron (lined)","material":"cast iron","depthM":1.0,"pressureKPa":1.74,"pressureTier":"lp","customers":1,"designM3h":5.941,"roadEdge":13}},{"type":"Feature","id":"gas-E411","geometry":{"type":"LineString","coordinates":[[-80.6025665,43.2975858],[-80.6025879,43.2974645],[-80.6025938,43.2974347]]},"properties":{"kind":"distribution","tier":"distribution","placement":"underground","from":"gas-T-148","to":"gas-T-147","lengthM":16.96,"sizeMm":100,"diameterIn":3.9,"nominalLabel":"4\" cast iron (lined)","material":"cast iron","depthM":1.0,"pressureKPa":1.74,"pressureTier":"lp","customers":5,"designM3h":19.847,"roadEdge":18}},{"type":"Feature","id":"gas-E412","geometry":{"type":"LineString","coordinates":[[-80.6024495,43.301441],[-80.6024539,43.3014849]]},"properties":{"kind":"distribution","tier":"distribution","placement":"underground","from":"gas-T-161","to":"gas-T-181","lengthM":4.9,"sizeMm":100,"diameterIn":3.9,"nominalLabel":"4\" cast iron (lined)","material":"cast iron","depthM":1.0,"pressureKPa":1.74,"pressureTier":"lp","customers":18,"designM3h":50.556,"roadEdge":21}},{"type":"Feature","id":"gas-E413","geometry":{"type":"LineString","coordinates":[[-80.6018315,43.2972856],[-80.6018518,43.2971327]]},"properties":{"kind":"distribution","tier":"distribution","placement":"underground","from":"gas-T-203","to":"gas-T-204","lengthM":17.1,"sizeMm":100,"diameterIn":3.9,"nominalLabel":"4\" cast iron (lined)","material":"cast iron","depthM":1.0,"pressureKPa":1.74,"pressureTier":"lp","customers":3,"designM3h":11.199,"roadEdge":24}},{"type":"Feature","id":"gas-E414","geometry":{"type":"LineString","coordinates":[[-80.6014055,43.301629],[-80.6014043,43.3017974]]},"properties":{"kind":"distribution","tier":"distribution","placement":"underground","from":"gas-T-233","to":"gas-T-234","lengthM":18.75,"sizeMm":100,"diameterIn":3.9,"nominalLabel":"4\" cast iron (lined)","material":"cast iron","depthM":1.0,"pressureKPa":1.74,"pressureTier":"lp","customers":14,"designM3h":41.242,"roadEdge":25}},{"type":"Feature","id":"gas-E415","geometry":{"type":"LineString","coordinates":[[-80.6006732,43.2975255],[-80.6006735,43.297522]]},"properties":{"kind":"distribution","tier":"distribution","placement":"underground","from":"gas-T-495","to":"gas-T-476","lengthM":0.39,"sizeMm":150,"diameterIn":5.9,"nominalLabel":"6\" cast iron (lined)","material":"cast iron","depthM":1.0,"pressureKPa":1.74,"pressureTier":"lp","customers":13,"designM3h":149.012,"roadEdge":27}},{"type":"Feature","id":"gas-E416","geometry":{"type":"LineString","coordinates":[[-80.6005953,43.3016304],[-80.6005953,43.3017886]]},"properties":{"kind":"distribution","tier":"distribution","placement":"underground","from":"gas-T-513","to":"gas-T-531","lengthM":17.61,"sizeMm":100,"diameterIn":3.9,"nominalLabel":"4\" cast iron (lined)","material":"cast iron","depthM":1.0,"pressureKPa":1.74,"pressureTier":"lp","customers":16,"designM3h":45.81,"roadEdge":28}},{"type":"Feature","id":"gas-E417","geometry":{"type":"LineString","coordinates":[[-80.5996259,43.3017483],[-80.5996213,43.3017755]]},"properties":{"kind":"distribution","tier":"distribution","placement":"underground","from":"gas-T-255","to":"gas-T-266","lengthM":3.05,"sizeMm":100,"diameterIn":3.9,"nominalLabel":"4\" cast iron (lined)","material":"cast iron","depthM":1.0,"pressureKPa":1.74,"pressureTier":"lp","customers":14,"designM3h":43.688,"roadEdge":32}},{"type":"Feature","id":"gas-E418","geometry":{"type":"LineString","coordinates":[[-80.599432,43.2972075],[-80.5994146,43.2970839]]},"properties":{"kind":"distribution","tier":"distribution","placement":"underground","from":"gas-T-285","to":"gas-T-293","lengthM":13.83,"sizeMm":100,"diameterIn":3.9,"nominalLabel":"4\" cast iron (lined)","material":"cast iron","depthM":1.0,"pressureKPa":1.74,"pressureTier":"lp","customers":5,"designM3h":17.526,"roadEdge":34}},{"type":"Feature","id":"gas-E419","geometry":{"type":"LineString","coordinates":[[-80.5986922,43.301984],[-80.5986666,43.3021031]]},"properties":{"kind":"distribution","tier":"distribution","placement":"underground","from":"gas-T-325","to":"gas-T-314","lengthM":13.43,"sizeMm":100,"diameterIn":3.9,"nominalLabel":"4\" cast iron (lined)","material":"cast iron","depthM":1.0,"pressureKPa":1.74,"pressureTier":"lp","customers":11,"designM3h":35.926,"roadEdge":37}},{"type":"Feature","id":"gas-E420","geometry":{"type":"LineString","coordinates":[[-80.5977051,43.3025218],[-80.5976785,43.3026431]]},"properties":{"kind":"distribution","tier":"distribution","placement":"underground","from":"gas-T-385","to":"gas-T-371","lengthM":13.67,"sizeMm":50,"diameterIn":2.0,"nominalLabel":"2\" PE","material":"PE SDR11","depthM":1.0,"pressureKPa":414.0,"pressureTier":"mp","customers":3,"designM3h":9.058,"roadEdge":45}},{"type":"Feature","id":"gas-E421","geometry":{"type":"LineString","coordinates":[[-80.6035895,43.2983346],[-80.6035748,43.2982442]]},"properties":{"kind":"distribution","tier":"distribution","placement":"underground","from":"gas-T-83","to":"gas-T-92","lengthM":10.13,"sizeMm":100,"diameterIn":3.9,"nominalLabel":"4\" cast iron (lined)","material":"cast iron","depthM":1.0,"pressureKPa":1.74,"pressureTier":"lp","customers":6,"designM3h":22.067,"roadEdge":10}},{"type":"Feature","id":"gas-E422","geometry":{"type":"LineString","coordinates":[[-80.6035076,43.3010105],[-80.603516,43.3010761],[-80.6035247,43.3011343]]},"properties":{"kind":"distribution","tier":"distribution","placement":"underground","from":"gas-T-106","to":"gas-T-120","lengthM":13.86,"sizeMm":100,"diameterIn":3.9,"nominalLabel":"4\" cast iron (lined)","material":"cast iron","depthM":1.0,"pressureKPa":1.74,"pressureTier":"lp","customers":15,"designM3h":42.348,"roadEdge":14}},{"type":"Feature","id":"gas-E423","geometry":{"type":"LineString","coordinates":[[-80.6025938,43.2974347],[-80.6026231,43.2972858]]},"properties":{"kind":"distribution","tier":"distribution","placement":"underground","from":"gas-T-147","to":"gas-T-146","lengthM":16.74,"sizeMm":100,"diameterIn":3.9,"nominalLabel":"4\" cast iron (lined)","material":"cast iron","depthM":1.0,"pressureKPa":1.74,"pressureTier":"lp","customers":4,"designM3h":16.483,"roadEdge":18}},{"type":"Feature","id":"gas-E424","geometry":{"type":"LineString","coordinates":[[-80.6024539,43.3014849],[-80.6024657,43.3016018]]},"properties":{"kind":"distribution","tier":"distribution","placement":"underground","from":"gas-T-181","to":"gas-T-162","lengthM":13.05,"sizeMm":100,"diameterIn":3.9,"nominalLabel":"4\" cast iron (lined)","material":"cast iron","depthM":1.0,"pressureKPa":1.74,"pressureTier":"lp","customers":17,"designM3h":47.52,"roadEdge":21}},{"type":"Feature","id":"gas-E425","geometry":{"type":"LineString","coordinates":[[-80.6018518,43.2971327],[-80.601852,43.297131]]},"properties":{"kind":"distribution","tier":"distribution","placement":"underground","from":"gas-T-204","to":"gas-T-207","lengthM":0.19,"sizeMm":100,"diameterIn":3.9,"nominalLabel":"4\" cast iron (lined)","material":"cast iron","depthM":1.0,"pressureKPa":1.74,"pressureTier":"lp","customers":2,"designM3h":7.042,"roadEdge":24}},{"type":"Feature","id":"gas-E426","geometry":{"type":"LineString","coordinates":[[-80.6014043,43.3017974],[-80.6014043,43.3017984],[-80.6014095,43.3019562]]},"properties":{"kind":"distribution","tier":"distribution","placement":"underground","from":"gas-T-234","to":"gas-T-235","lengthM":17.68,"sizeMm":100,"diameterIn":3.9,"nominalLabel":"4\" cast iron (lined)","material":"cast iron","depthM":1.0,"pressureKPa":1.74,"pressureTier":"lp","customers":13,"designM3h":39.546,"roadEdge":25}},{"type":"Feature","id":"gas-E427","geometry":{"type":"LineString","coordinates":[[-80.6006735,43.297522],[-80.6006739,43.2975146],[-80.6006772,43.2974584],[-80.6006806,43.2974023],[-80.6006821,43.2973769]]},"properties":{"kind":"distribution","tier":"distribution","placement":"underground","from":"gas-T-476","to":"gas-T-494","lengthM":16.17,"sizeMm":150,"diameterIn":5.9,"nominalLabel":"6\" cast iron (lined)","material":"cast iron","depthM":1.0,"pressureKPa":1.74,"pressureTier":"lp","customers":12,"designM3h":145.574,"roadEdge":27}},{"type":"Feature","id":"gas-E428","geometry":{"type":"LineString","coordinates":[[-80.6005953,43.3017886],[-80.6005953,43.3017906]]},"properties":{"kind":"distribution","tier":"distribution","placement":"underground","from":"gas-T-531","to":"gas-T-512","lengthM":0.22,"sizeMm":100,"diameterIn":3.9,"nominalLabel":"4\" cast iron (lined)","material":"cast iron","depthM":1.0,"pressureKPa":1.74,"pressureTier":"lp","customers":15,"designM3h":44.873,"roadEdge":28}},{"type":"Feature","id":"gas-E429","geometry":{"type":"LineString","coordinates":[[-80.5996213,43.3017755],[-80.5996173,43.3017996],[-80.5996029,43.3019059]]},"properties":{"kind":"distribution","tier":"distribution","placement":"underground","from":"gas-T-266","to":"gas-T-254","lengthM":14.6,"sizeMm":100,"diameterIn":3.9,"nominalLabel":"4\" cast iron (lined)","material":"cast iron","depthM":1.0,"pressureKPa":1.74,"pressureTier":"lp","customers":13,"designM3h":40.243,"roadEdge":32}},{"type":"Feature","id":"gas-E430","geometry":{"type":"LineString","coordinates":[[-80.5994146,43.2970839],[-80.5994145,43.2970824],[-80.5993965,43.2969431]]},"properties":{"kind":"distribution","tier":"distribution","placement":"underground","from":"gas-T-293","to":"gas-T-294","lengthM":15.74,"sizeMm":100,"diameterIn":3.9,"nominalLabel":"4\" cast iron (lined)","material":"cast iron","depthM":1.0,"pressureKPa":1.74,"pressureTier":"lp","customers":4,"designM3h":13.625,"roadEdge":34}},{"type":"Feature","id":"gas-E431","geometry":{"type":"LineString","coordinates":[[-80.5986666,43.3021031],[-80.5986598,43.3021343]]},"properties":{"kind":"distribution","tier":"distribution","placement":"underground","from":"gas-T-314","to":"gas-T-326","lengthM":3.52,"sizeMm":100,"diameterIn":3.9,"nominalLabel":"4\" cast iron (lined)","material":"cast iron","depthM":1.0,"pressureKPa":1.74,"pressureTier":"lp","customers":10,"designM3h":33.953,"roadEdge":37}},{"type":"Feature","id":"gas-E432","geometry":{"type":"LineString","coordinates":[[-80.5976785,43.3026431],[-80.5976687,43.3026879]]},"properties":{"kind":"distribution","tier":"distribution","placement":"underground","from":"gas-T-371","to":"gas-T-386","lengthM":5.05,"sizeMm":50,"diameterIn":2.0,"nominalLabel":"2\" PE","material":"PE SDR11","depthM":1.0,"pressureKPa":414.0,"pressureTier":"mp","customers":2,"designM3h":4.317,"roadEdge":45}},{"type":"Feature","id":"gas-E433","geometry":{"type":"LineString","coordinates":[[-80.6035748,43.2982442],[-80.6035664,43.2981929],[-80.6035651,43.2981824]]},"properties":{"kind":"distribution","tier":"distribution","placement":"underground","from":"gas-T-92","to":"gas-T-84","lengthM":6.93,"sizeMm":100,"diameterIn":3.9,"nominalLabel":"4\" cast iron (lined)","material":"cast iron","depthM":1.0,"pressureKPa":1.74,"pressureTier":"lp","customers":5,"designM3h":18.541,"roadEdge":10}},{"type":"Feature","id":"gas-E434","geometry":{"type":"LineString","coordinates":[[-80.6035247,43.3011343],[-80.6035291,43.3011633]]},"properties":{"kind":"distribution","tier":"distribution","placement":"underground","from":"gas-T-120","to":"gas-T-107","lengthM":3.25,"sizeMm":100,"diameterIn":3.9,"nominalLabel":"4\" cast iron (lined)","material":"cast iron","depthM":1.0,"pressureKPa":1.74,"pressureTier":"lp","customers":14,"designM3h":40.52,"roadEdge":14}},{"type":"Feature","id":"gas-E435","geometry":{"type":"LineString","coordinates":[[-80.6026231,43.2972858],[-80.6026234,43.2972845],[-80.6026265,43.2972694]]},"properties":{"kind":"distribution","tier":"distribution","placement":"underground","from":"gas-T-146","to":"gas-T-144","lengthM":1.84,"sizeMm":100,"diameterIn":3.9,"nominalLabel":"4\" cast iron (lined)","material":"cast iron","depthM":1.0,"pressureKPa":1.74,"pressureTier":"lp","customers":3,"designM3h":12.128,"roadEdge":18}},{"type":"Feature","id":"gas-E436","geometry":{"type":"LineString","coordinates":[[-80.6024657,43.3016018],[-80.6024671,43.3016157],[-80.6024717,43.3016514]]},"properties":{"kind":"distribution","tier":"distribution","placement":"underground","from":"gas-T-162","to":"gas-T-182","lengthM":5.55,"sizeMm":100,"diameterIn":3.9,"nominalLabel":"4\" cast iron (lined)","material":"cast iron","depthM":1.0,"pressureKPa":1.74,"pressureTier":"lp","customers":16,"designM3h":45.504,"roadEdge":21}},{"type":"Feature","id":"gas-E437","geometry":{"type":"LineString","coordinates":[[-80.601852,43.297131],[-80.6018543,43.2971139],[-80.6018664,43.2969766]]},"properties":{"kind":"distribution","tier":"distribution","placement":"underground","from":"gas-T-207","to":"gas-T-208","lengthM":17.23,"sizeMm":100,"diameterIn":3.9,"nominalLabel":"4\" cast iron (lined)","material":"cast iron","depthM":1.0,"pressureKPa":1.74,"pressureTier":"lp","customers":1,"designM3h":3.954,"roadEdge":24}},{"type":"Feature","id":"gas-E438","geometry":{"type":"LineString","coordinates":[[-80.6014095,43.3019562],[-80.6014102,43.3019769],[-80.6014111,43.30199]]},"properties":{"kind":"distribution","tier":"distribution","placement":"underground","from":"gas-T-235","to":"gas-T-217","lengthM":3.76,"sizeMm":100,"diameterIn":3.9,"nominalLabel":"4\" cast iron (lined)","material":"cast iron","depthM":1.0,"pressureKPa":1.74,"pressureTier":"lp","customers":12,"designM3h":37.756,"roadEdge":25}},{"type":"Feature","id":"gas-E439","geometry":{"type":"LineString","coordinates":[[-80.6006821,43.2973769],[-80.6006828,43.2973662]]},"properties":{"kind":"distribution","tier":"distribution","placement":"underground","from":"gas-T-494","to":"gas-T-475","lengthM":1.19,"sizeMm":150,"diameterIn":5.9,"nominalLabel":"6\" cast iron (lined)","material":"cast iron","depthM":1.0,"pressureKPa":1.74,"pressureTier":"lp","customers":11,"designM3h":142.124,"roadEdge":27}},{"type":"Feature","id":"gas-E440","geometry":{"type":"LineString","coordinates":[[-80.6005953,43.3017906],[-80.6005953,43.3019552]]},"properties":{"kind":"distribution","tier":"distribution","placement":"underground","from":"gas-T-512","to":"gas-T-511","lengthM":18.32,"sizeMm":100,"diameterIn":3.9,"nominalLabel":"4\" cast iron (lined)","material":"cast iron","depthM":1.0,"pressureKPa":1.74,"pressureTier":"lp","customers":14,"designM3h":43.422,"roadEdge":28}},{"type":"Feature","id":"gas-E441","geometry":{"type":"LineString","coordinates":[[-80.5996029,43.3019059],[-80.5995966,43.3019522]]},"properties":{"kind":"distribution","tier":"distribution","placement":"underground","from":"gas-T-254","to":"gas-T-265","lengthM":5.18,"sizeMm":100,"diameterIn":3.9,"nominalLabel":"4\" cast iron (lined)","material":"cast iron","depthM":1.0,"pressureKPa":1.74,"pressureTier":"lp","customers":12,"designM3h":37.956,"roadEdge":32}},{"type":"Feature","id":"gas-E442","geometry":{"type":"LineString","coordinates":[[-80.5993965,43.2969431],[-80.5993913,43.2969024],[-80.5993792,43.2967925]]},"properties":{"kind":"distribution","tier":"distribution","placement":"underground","from":"gas-T-294","to":"gas-T-295","lengthM":16.83,"sizeMm":100,"diameterIn":3.9,"nominalLabel":"4\" cast iron (lined)","material":"cast iron","depthM":1.0,"pressureKPa":1.74,"pressureTier":"lp","customers":3,"designM3h":10.189,"roadEdge":34}},{"type":"Feature","id":"gas-E443","geometry":{"type":"LineString","coordinates":[[-80.5986598,43.3021343],[-80.5986542,43.3021606],[-80.5986305,43.3022782]]},"properties":{"kind":"distribution","tier":"distribution","placement":"underground","from":"gas-T-326","to":"gas-T-327","lengthM":16.2,"sizeMm":100,"diameterIn":3.9,"nominalLabel":"4\" cast iron (lined)","material":"cast iron","depthM":1.0,"pressureKPa":1.74,"pressureTier":"lp","customers":9,"designM3h":32.087,"roadEdge":37}},{"type":"Feature","id":"gas-E444","geometry":{"type":"LineString","coordinates":[[-80.5976687,43.3026879],[-80.5976661,43.3026998],[-80.5976311,43.3028604]]},"properties":{"kind":"distribution","tier":"distribution","placement":"underground","from":"gas-T-386","to":"gas-T-387","lengthM":19.45,"sizeMm":50,"diameterIn":2.0,"nominalLabel":"2\" PE","material":"PE SDR11","depthM":1.0,"pressureKPa":414.0,"pressureTier":"mp","customers":1,"designM3h":0.9,"roadEdge":45}},{"type":"Feature","id":"gas-E445","geometry":{"type":"LineString","coordinates":[[-80.6035651,43.2981824],[-80.603553,43.2980854]]},"properties":{"kind":"distribution","tier":"distribution","placement":"underground","from":"gas-T-84","to":"gas-T-93","lengthM":10.84,"sizeMm":100,"diameterIn":3.9,"nominalLabel":"4\" cast iron (lined)","material":"cast iron","depthM":1.0,"pressureKPa":1.74,"pressureTier":"lp","customers":4,"designM3h":16.189,"roadEdge":10}},{"type":"Feature","id":"gas-E446","geometry":{"type":"LineString","coordinates":[[-80.6035291,43.3011633],[-80.6035429,43.3012552],[-80.6035477,43.3012844]]},"properties":{"kind":"distribution","tier":"distribution","placement":"underground","from":"gas-T-107","to":"gas-T-121","lengthM":13.56,"sizeMm":100,"diameterIn":3.9,"nominalLabel":"4\" cast iron (lined)","material":"cast iron","depthM":1.0,"pressureKPa":1.74,"pressureTier":"lp","customers":13,"designM3h":36.269,"roadEdge":14}},{"type":"Feature","id":"gas-E447","geometry":{"type":"LineString","coordinates":[[-80.6026265,43.2972694],[-80.6026541,43.2971356]]},"properties":{"kind":"distribution","tier":"distribution","placement":"underground","from":"gas-T-144","to":"gas-T-145","lengthM":15.07,"sizeMm":100,"diameterIn":3.9,"nominalLabel":"4\" cast iron (lined)","material":"cast iron","depthM":1.0,"pressureKPa":1.74,"pressureTier":"lp","customers":2,"designM3h":8.816,"roadEdge":18}},{"type":"Feature","id":"gas-E448","geometry":{"type":"LineString","coordinates":[[-80.6024717,43.3016514],[-80.6024849,43.3017525]]},"properties":{"kind":"distribution","tier":"distribution","placement":"underground","from":"gas-T-182","to":"gas-T-163","lengthM":11.3,"sizeMm":100,"diameterIn":3.9,"nominalLabel":"4\" cast iron (lined)","material":"cast iron","depthM":1.0,"pressureKPa":1.74,"pressureTier":"lp","customers":15,"designM3h":43.336,"roadEdge":21}},{"type":"Feature","id":"gas-E449","geometry":{"type":"LineString","coordinates":[[-80.6014111,43.30199],[-80.6014202,43.3021216]]},"properties":{"kind":"distribution","tier":"distribution","placement":"underground","from":"gas-T-217","to":"gas-T-236","lengthM":14.68,"sizeMm":100,"diameterIn":3.9,"nominalLabel":"4\" cast iron (lined)","material":"cast iron","depthM":1.0,"pressureKPa":1.74,"pressureTier":"lp","customers":11,"designM3h":35.732,"roadEdge":25}},{"type":"Feature","id":"gas-E450","geometry":{"type":"LineString","coordinates":[[-80.6006828,43.2973662],[-80.600684,43.2973462],[-80.6006875,43.2972901],[-80.600691,43.297234],[-80.6006914,43.2972287]]},"properties":{"kind":"distribution","tier":"distribution","placement":"underground","from":"gas-T-475","to":"gas-T-493","lengthM":15.32,"sizeMm":150,"diameterIn":5.9,"nominalLabel":"6\" cast iron (lined)","material":"cast iron","depthM":1.0,"pressureKPa":1.74,"pressureTier":"lp","customers":10,"designM3h":138.392,"roadEdge":27}},{"type":"Feature","id":"gas-E451","geometry":{"type":"LineString","coordinates":[[-80.6005953,43.3019552],[-80.6005953,43.301963]]},"properties":{"kind":"distribution","tier":"distribution","placement":"underground","from":"gas-T-511","to":"gas-T-530","lengthM":0.87,"sizeMm":100,"diameterIn":3.9,"nominalLabel":"4\" cast iron (lined)","material":"cast iron","depthM":1.0,"pressureKPa":1.74,"pressureTier":"lp","customers":13,"designM3h":39.136,"roadEdge":28}},{"type":"Feature","id":"gas-E452","geometry":{"type":"LineString","coordinates":[[-80.5995966,43.3019522],[-80.5995931,43.3019783],[-80.5995787,43.3021241]]},"properties":{"kind":"distribution","tier":"distribution","placement":"underground","from":"gas-T-265","to":"gas-T-264","lengthM":19.19,"sizeMm":100,"diameterIn":3.9,"nominalLabel":"4\" cast iron (lined)","material":"cast iron","depthM":1.0,"pressureKPa":1.74,"pressureTier":"lp","customers":11,"designM3h":34.477,"roadEdge":32}},{"type":"Feature","id":"gas-E453","geometry":{"type":"LineString","coordinates":[[-80.5993792,43.2967925],[-80.5993714,43.2967221],[-80.599364,43.2966368]]},"properties":{"kind":"distribution","tier":"distribution","placement":"underground","from":"gas-T-295","to":"gas-T-296","lengthM":17.37,"sizeMm":100,"diameterIn":3.9,"nominalLabel":"4\" cast iron (lined)","material":"cast iron","depthM":1.0,"pressureKPa":1.74,"pressureTier":"lp","customers":2,"designM3h":7.539,"roadEdge":34}},{"type":"Feature","id":"gas-E454","geometry":{"type":"LineString","coordinates":[[-80.5986305,43.3022782],[-80.5986181,43.3023397],[-80.5986011,43.3024342]]},"properties":{"kind":"distribution","tier":"distribution","placement":"underground","from":"gas-T-327","to":"gas-T-328","lengthM":17.53,"sizeMm":100,"diameterIn":3.9,"nominalLabel":"4\" cast iron (lined)","material":"cast iron","depthM":1.0,"pressureKPa":1.74,"pressureTier":"lp","customers":8,"designM3h":29.343,"roadEdge":37}},{"type":"Feature","id":"gas-E455","geometry":{"type":"LineString","coordinates":[[-80.603553,43.2980854],[-80.6035438,43.298012],[-80.6035369,43.2979238]]},"properties":{"kind":"distribution","tier":"distribution","placement":"underground","from":"gas-T-93","to":"gas-T-94","lengthM":18.04,"sizeMm":100,"diameterIn":3.9,"nominalLabel":"4\" cast iron (lined)","material":"cast iron","depthM":1.0,"pressureKPa":1.74,"pressureTier":"lp","customers":3,"designM3h":12.927,"roadEdge":10}},{"type":"Feature","id":"gas-E456","geometry":{"type":"LineString","coordinates":[[-80.6035477,43.3012844],[-80.6035525,43.3013136]]},"properties":{"kind":"distribution","tier":"distribution","placement":"underground","from":"gas-T-121","to":"gas-T-108","lengthM":3.27,"sizeMm":100,"diameterIn":3.9,"nominalLabel":"4\" cast iron (lined)","material":"cast iron","depthM":1.0,"pressureKPa":1.74,"pressureTier":"lp","customers":12,"designM3h":34.1,"roadEdge":14}},{"type":"Feature","id":"gas-E457","geometry":{"type":"LineString","coordinates":[[-80.6026541,43.2971356],[-80.6026581,43.2971161]]},"properties":{"kind":"distribution","tier":"distribution","placement":"underground","from":"gas-T-145","to":"gas-T-143","lengthM":2.19,"sizeMm":100,"diameterIn":3.9,"nominalLabel":"4\" cast iron (lined)","material":"cast iron","depthM":1.0,"pressureKPa":1.74,"pressureTier":"lp","customers":1,"designM3h":4.255,"roadEdge":18}},{"type":"Feature","id":"gas-E458","geometry":{"type":"LineString","coordinates":[[-80.6024849,43.3017525],[-80.6024903,43.3017947],[-80.6025062,43.3018992]]},"properties":{"kind":"distribution","tier":"distribution","placement":"underground","from":"gas-T-163","to":"gas-T-164","lengthM":16.42,"sizeMm":100,"diameterIn":3.9,"nominalLabel":"4\" cast iron (lined)","material":"cast iron","depthM":1.0,"pressureKPa":1.74,"pressureTier":"lp","customers":14,"designM3h":40.708,"roadEdge":21}},{"type":"Feature","id":"gas-E459","geometry":{"type":"LineString","coordinates":[[-80.6014202,43.3021216],[-80.6014226,43.3021556],[-80.6014357,43.3022817]]},"properties":{"kind":"distribution","tier":"distribution","placement":"underground","from":"gas-T-236","to":"gas-T-237","lengthM":17.86,"sizeMm":100,"diameterIn":3.9,"nominalLabel":"4\" cast iron (lined)","material":"cast iron","depthM":1.0,"pressureKPa":1.74,"pressureTier":"lp","customers":10,"designM3h":33.916,"roadEdge":25}},{"type":"Feature","id":"gas-E460","geometry":{"type":"LineString","coordinates":[[-80.6006914,43.2972287],[-80.6006917,43.2972233]]},"properties":{"kind":"distribution","tier":"distribution","placement":"underground","from":"gas-T-493","to":"gas-T-474","lengthM":0.61,"sizeMm":150,"diameterIn":5.9,"nominalLabel":"6\" cast iron (lined)","material":"cast iron","depthM":1.0,"pressureKPa":1.74,"pressureTier":"lp","customers":9,"designM3h":135.117,"roadEdge":27}},{"type":"Feature","id":"gas-E461","geometry":{"type":"LineString","coordinates":[[-80.6005953,43.301963],[-80.6005953,43.3020044],[-80.6005954,43.3020605],[-80.6005954,43.3021303]]},"properties":{"kind":"distribution","tier":"distribution","placement":"underground","from":"gas-T-530","to":"gas-T-510","lengthM":18.63,"sizeMm":100,"diameterIn":3.9,"nominalLabel":"4\" cast iron (lined)","material":"cast iron","depthM":1.0,"pressureKPa":1.74,"pressureTier":"lp","customers":12,"designM3h":36.728,"roadEdge":28}},{"type":"Feature","id":"gas-E462","geometry":{"type":"LineString","coordinates":[[-80.5995787,43.3021241],[-80.5995754,43.3021568],[-80.5995709,43.3022355]]},"properties":{"kind":"distribution","tier":"distribution","placement":"underground","from":"gas-T-264","to":"gas-T-253","lengthM":12.42,"sizeMm":100,"diameterIn":3.9,"nominalLabel":"4\" cast iron (lined)","material":"cast iron","depthM":1.0,"pressureKPa":1.74,"pressureTier":"lp","customers":10,"designM3h":30.688,"roadEdge":32}},{"type":"Feature","id":"gas-E463","geometry":{"type":"LineString","coordinates":[[-80.599364,43.2966368],[-80.5993558,43.2965417],[-80.5993523,43.2964833]]},"properties":{"kind":"distribution","tier":"distribution","placement":"underground","from":"gas-T-296","to":"gas-T-297","lengthM":17.12,"sizeMm":100,"diameterIn":3.9,"nominalLabel":"4\" cast iron (lined)","material":"cast iron","depthM":1.0,"pressureKPa":1.74,"pressureTier":"lp","customers":1,"designM3h":6.127,"roadEdge":34}},{"type":"Feature","id":"gas-E464","geometry":{"type":"LineString","coordinates":[[-80.5986011,43.3024342],[-80.5985859,43.3025187],[-80.5985812,43.3025504]]},"properties":{"kind":"distribution","tier":"distribution","placement":"underground","from":"gas-T-328","to":"gas-T-315","lengthM":13.04,"sizeMm":100,"diameterIn":3.9,"nominalLabel":"4\" cast iron (lined)","material":"cast iron","depthM":1.0,"pressureKPa":1.74,"pressureTier":"lp","customers":7,"designM3h":27.401,"roadEdge":37}},{"type":"Feature","id":"gas-E465","geometry":{"type":"LineString","coordinates":[[-80.6035369,43.2979238],[-80.6035295,43.2978298],[-80.6035335,43.2977468]]},"properties":{"kind":"distribution","tier":"distribution","placement":"underground","from":"gas-T-94","to":"gas-J-11","lengthM":19.73,"sizeMm":100,"diameterIn":3.9,"nominalLabel":"4\" cast iron (lined)","material":"cast iron","depthM":1.0,"pressureKPa":1.74,"pressureTier":"lp","customers":2,"designM3h":8.786,"roadEdge":10}},{"type":"Feature","id":"gas-E466","geometry":{"type":"LineString","coordinates":[[-80.6035525,43.3013136],[-80.6035725,43.3014345],[-80.6035725,43.3014349]]},"properties":{"kind":"distribution","tier":"distribution","placement":"underground","from":"gas-T-108","to":"gas-T-122","lengthM":13.6,"sizeMm":100,"diameterIn":3.9,"nominalLabel":"4\" cast iron (lined)","material":"cast iron","depthM":1.0,"pressureKPa":1.74,"pressureTier":"lp","customers":11,"designM3h":31.131,"roadEdge":14}},{"type":"Feature","id":"gas-E467","geometry":{"type":"LineString","coordinates":[[-80.6025062,43.3018992],[-80.6025175,43.3019738],[-80.6025204,43.3019911]]},"properties":{"kind":"distribution","tier":"distribution","placement":"underground","from":"gas-T-164","to":"gas-T-183","lengthM":10.3,"sizeMm":100,"diameterIn":3.9,"nominalLabel":"4\" cast iron (lined)","material":"cast iron","depthM":1.0,"pressureKPa":1.74,"pressureTier":"lp","customers":13,"designM3h":38.705,"roadEdge":21}},{"type":"Feature","id":"gas-E468","geometry":{"type":"LineString","coordinates":[[-80.6014357,43.3022817],[-80.6014401,43.3023243]]},"properties":{"kind":"distribution","tier":"distribution","placement":"underground","from":"gas-T-237","to":"gas-T-218","lengthM":4.76,"sizeMm":100,"diameterIn":3.9,"nominalLabel":"4\" cast iron (lined)","material":"cast iron","depthM":1.0,"pressureKPa":1.74,"pressureTier":"lp","customers":9,"designM3h":31.17,"roadEdge":25}},{"type":"Feature","id":"gas-E469","geometry":{"type":"LineString","coordinates":[[-80.6006917,43.2972233],[-80.6006946,43.2971779],[-80.6006982,43.2971217],[-80.6007009,43.2970808]]},"properties":{"kind":"distribution","tier":"distribution","placement":"underground","from":"gas-T-474","to":"gas-T-473","lengthM":15.88,"sizeMm":150,"diameterIn":5.9,"nominalLabel":"6\" cast iron (lined)","material":"cast iron","depthM":1.0,"pressureKPa":1.74,"pressureTier":"lp","customers":8,"designM3h":135.131,"roadEdge":27}},{"type":"Feature","id":"gas-E470","geometry":{"type":"LineString","coordinates":[[-80.6005954,43.3021303],[-80.6005954,43.3021323]]},"properties":{"kind":"distribution","tier":"distribution","placement":"underground","from":"gas-T-510","to":"gas-T-529","lengthM":0.22,"sizeMm":100,"diameterIn":3.9,"nominalLabel":"4\" cast iron (lined)","material":"cast iron","depthM":1.0,"pressureKPa":1.74,"pressureTier":"lp","customers":11,"designM3h":32.533,"roadEdge":28}},{"type":"Feature","id":"gas-E471","geometry":{"type":"LineString","coordinates":[[-80.5995709,43.3022355],[-80.5995676,43.3022937]]},"properties":{"kind":"distribution","tier":"distribution","placement":"underground","from":"gas-T-253","to":"gas-T-263","lengthM":6.48,"sizeMm":100,"diameterIn":3.9,"nominalLabel":"4\" cast iron (lined)","material":"cast iron","depthM":1.0,"pressureKPa":1.74,"pressureTier":"lp","customers":9,"designM3h":28.861,"roadEdge":32}},{"type":"Feature","id":"gas-E472","geometry":{"type":"LineString","coordinates":[[-80.5985812,43.3025504],[-80.5985774,43.3025755]]},"properties":{"kind":"distribution","tier":"distribution","placement":"underground","from":"gas-T-315","to":"gas-T-329","lengthM":2.81,"sizeMm":100,"diameterIn":3.9,"nominalLabel":"4\" cast iron (lined)","material":"cast iron","depthM":1.0,"pressureKPa":1.74,"pressureTier":"lp","customers":6,"designM3h":25.376,"roadEdge":37}},{"type":"Feature","id":"gas-E473","geometry":{"type":"LineString","coordinates":[[-80.6035335,43.2977468],[-80.6035246,43.2976506],[-80.6035265,43.2975772]]},"properties":{"kind":"distribution","tier":"distribution","placement":"underground","from":"gas-J-11","to":"gas-T-95","lengthM":18.91,"sizeMm":100,"diameterIn":3.9,"nominalLabel":"4\" cast iron (lined)","material":"cast iron","depthM":1.0,"pressureKPa":1.74,"pressureTier":"lp","customers":2,"designM3h":8.786,"roadEdge":12}},{"type":"Feature","id":"gas-E474","geometry":{"type":"LineString","coordinates":[[-80.6035725,43.3014349],[-80.6035769,43.3014603]]},"properties":{"kind":"distribution","tier":"distribution","placement":"underground","from":"gas-T-122","to":"gas-T-109","lengthM":2.86,"sizeMm":100,"diameterIn":3.9,"nominalLabel":"4\" cast iron (lined)","material":"cast iron","depthM":1.0,"pressureKPa":1.74,"pressureTier":"lp","customers":10,"designM3h":28.256,"roadEdge":14}},{"type":"Feature","id":"gas-E475","geometry":{"type":"LineString","coordinates":[[-80.6025204,43.3019911],[-80.6025301,43.3020496]]},"properties":{"kind":"distribution","tier":"distribution","placement":"underground","from":"gas-T-183","to":"gas-T-165","lengthM":6.56,"sizeMm":100,"diameterIn":3.9,"nominalLabel":"4\" cast iron (lined)","material":"cast iron","depthM":1.0,"pressureKPa":1.74,"pressureTier":"lp","customers":12,"designM3h":36.377,"roadEdge":21}},{"type":"Feature","id":"gas-E476","geometry":{"type":"LineString","coordinates":[[-80.6014401,43.3023243],[-80.6014411,43.3023343],[-80.6014562,43.3024488]]},"properties":{"kind":"distribution","tier":"distribution","placement":"underground","from":"gas-T-218","to":"gas-T-238","lengthM":13.92,"sizeMm":100,"diameterIn":3.9,"nominalLabel":"4\" cast iron (lined)","material":"cast iron","depthM":1.0,"pressureKPa":1.74,"pressureTier":"lp","customers":8,"designM3h":28.779,"roadEdge":25}},{"type":"Feature","id":"gas-E477","geometry":{"type":"LineString","coordinates":[[-80.6007009,43.2970808],[-80.6007011,43.2970784]]},"properties":{"kind":"distribution","tier":"distribution","placement":"underground","from":"gas-T-473","to":"gas-T-492","lengthM":0.27,"sizeMm":150,"diameterIn":5.9,"nominalLabel":"6\" cast iron (lined)","material":"cast iron","depthM":1.0,"pressureKPa":1.74,"pressureTier":"lp","customers":7,"designM3h":134.846,"roadEdge":27}},{"type":"Feature","id":"gas-E478","geometry":{"type":"LineString","coordinates":[[-80.6005954,43.3021323],[-80.6005954,43.3021728],[-80.6005956,43.3022289],[-80.6005956,43.3022851],[-80.6005956,43.3022919]]},"properties":{"kind":"distribution","tier":"distribution","placement":"underground","from":"gas-T-529","to":"gas-T-509","lengthM":17.77,"sizeMm":100,"diameterIn":3.9,"nominalLabel":"4\" cast iron (lined)","material":"cast iron","depthM":1.0,"pressureKPa":1.74,"pressureTier":"lp","customers":10,"designM3h":30.32,"roadEdge":28}},{"type":"Feature","id":"gas-E479","geometry":{"type":"LineString","coordinates":[[-80.5995676,43.3022937],[-80.5995653,43.3023352],[-80.5995646,43.3023892]]},"properties":{"kind":"distribution","tier":"distribution","placement":"underground","from":"gas-T-263","to":"gas-T-252","lengthM":10.63,"sizeMm":100,"diameterIn":3.9,"nominalLabel":"4\" cast iron (lined)","material":"cast iron","depthM":1.0,"pressureKPa":1.74,"pressureTier":"lp","customers":8,"designM3h":26.705,"roadEdge":32}},{"type":"Feature","id":"gas-E480","geometry":{"type":"LineString","coordinates":[[-80.5985774,43.3025755],[-80.598559,43.3026974],[-80.5985581,43.3027058]]},"properties":{"kind":"distribution","tier":"distribution","placement":"underground","from":"gas-T-329","to":"gas-T-316","lengthM":14.59,"sizeMm":100,"diameterIn":3.9,"nominalLabel":"4\" cast iron (lined)","material":"cast iron","depthM":1.0,"pressureKPa":1.74,"pressureTier":"lp","customers":5,"designM3h":22.276,"roadEdge":37}},{"type":"Feature","id":"gas-E481","geometry":{"type":"LineString","coordinates":[[-80.6035265,43.2975772],[-80.6035292,43.2974685],[-80.6035323,43.2974292]]},"properties":{"kind":"distribution","tier":"distribution","placement":"underground","from":"gas-T-95","to":"gas-T-96","lengthM":16.48,"sizeMm":100,"diameterIn":3.9,"nominalLabel":"4\" cast iron (lined)","material":"cast iron","depthM":1.0,"pressureKPa":1.74,"pressureTier":"lp","customers":1,"designM3h":6.074,"roadEdge":12}},{"type":"Feature","id":"gas-E482","geometry":{"type":"LineString","coordinates":[[-80.6035769,43.3014603],[-80.6036027,43.3016114]]},"properties":{"kind":"distribution","tier":"distribution","placement":"underground","from":"gas-T-109","to":"gas-T-110","lengthM":16.95,"sizeMm":100,"diameterIn":3.9,"nominalLabel":"4\" cast iron (lined)","material":"cast iron","depthM":1.0,"pressureKPa":1.74,"pressureTier":"lp","customers":9,"designM3h":25.691,"roadEdge":14}},{"type":"Feature","id":"gas-E483","geometry":{"type":"LineString","coordinates":[[-80.6025301,43.3020496],[-80.6025474,43.3021532],[-80.6025493,43.3021645]]},"properties":{"kind":"distribution","tier":"distribution","placement":"underground","from":"gas-T-165","to":"gas-T-184","lengthM":12.89,"sizeMm":100,"diameterIn":3.9,"nominalLabel":"4\" cast iron (lined)","material":"cast iron","depthM":1.0,"pressureKPa":1.74,"pressureTier":"lp","customers":11,"designM3h":32.831,"roadEdge":21}},{"type":"Feature","id":"gas-E484","geometry":{"type":"LineString","coordinates":[[-80.6014562,43.3024488],[-80.6014618,43.3024907]]},"properties":{"kind":"distribution","tier":"distribution","placement":"underground","from":"gas-T-238","to":"gas-T-219","lengthM":4.69,"sizeMm":100,"diameterIn":3.9,"nominalLabel":"4\" cast iron (lined)","material":"cast iron","depthM":1.0,"pressureKPa":1.74,"pressureTier":"lp","customers":7,"designM3h":25.366,"roadEdge":25}},{"type":"Feature","id":"gas-E485","geometry":{"type":"LineString","coordinates":[[-80.6007011,43.2970784],[-80.6007019,43.2970657],[-80.6007095,43.2969534],[-80.600711,43.2969319]]},"properties":{"kind":"distribution","tier":"distribution","placement":"underground","from":"gas-T-492","to":"gas-T-472","lengthM":16.32,"sizeMm":150,"diameterIn":5.9,"nominalLabel":"6\" cast iron (lined)","material":"cast iron","depthM":1.0,"pressureKPa":1.74,"pressureTier":"lp","customers":6,"designM3h":135.289,"roadEdge":27}},{"type":"Feature","id":"gas-E486","geometry":{"type":"LineString","coordinates":[[-80.6005956,43.3022919],[-80.6005956,43.3023]]},"properties":{"kind":"distribution","tier":"distribution","placement":"underground","from":"gas-T-509","to":"gas-T-528","lengthM":0.9,"sizeMm":100,"diameterIn":3.9,"nominalLabel":"4\" cast iron (lined)","material":"cast iron","depthM":1.0,"pressureKPa":1.74,"pressureTier":"lp","customers":9,"designM3h":26.322,"roadEdge":28}},{"type":"Feature","id":"gas-E487","geometry":{"type":"LineString","coordinates":[[-80.5995646,43.3023892],[-80.5995636,43.3024668]]},"properties":{"kind":"distribution","tier":"distribution","placement":"underground","from":"gas-T-252","to":"gas-T-262","lengthM":8.64,"sizeMm":100,"diameterIn":3.9,"nominalLabel":"4\" cast iron (lined)","material":"cast iron","depthM":1.0,"pressureKPa":1.74,"pressureTier":"lp","customers":7,"designM3h":24.514,"roadEdge":32}},{"type":"Feature","id":"gas-E488","geometry":{"type":"LineString","coordinates":[[-80.5985581,43.3027058],[-80.5985566,43.3027188]]},"properties":{"kind":"distribution","tier":"distribution","placement":"underground","from":"gas-T-316","to":"gas-T-330","lengthM":1.45,"sizeMm":100,"diameterIn":3.9,"nominalLabel":"4\" cast iron (lined)","material":"cast iron","depthM":1.0,"pressureKPa":1.74,"pressureTier":"lp","customers":4,"designM3h":18.31,"roadEdge":37}},{"type":"Feature","id":"gas-E489","geometry":{"type":"LineString","coordinates":[[-80.6036027,43.3016114],[-80.6036032,43.3016142],[-80.6036267,43.3017539]]},"properties":{"kind":"distribution","tier":"distribution","placement":"underground","from":"gas-T-110","to":"gas-T-111","lengthM":15.99,"sizeMm":100,"diameterIn":3.9,"nominalLabel":"4\" cast iron (lined)","material":"cast iron","depthM":1.0,"pressureKPa":1.74,"pressureTier":"lp","customers":8,"designM3h":22.33,"roadEdge":14}},{"type":"Feature","id":"gas-E490","geometry":{"type":"LineString","coordinates":[[-80.6025493,43.3021645],[-80.6025559,43.3022028]]},"properties":{"kind":"distribution","tier":"distribution","placement":"underground","from":"gas-T-184","to":"gas-T-166","lengthM":4.3,"sizeMm":100,"diameterIn":3.9,"nominalLabel":"4\" cast iron (lined)","material":"cast iron","depthM":1.0,"pressureKPa":1.74,"pressureTier":"lp","customers":10,"designM3h":30.664,"roadEdge":21}},{"type":"Feature","id":"gas-E491","geometry":{"type":"LineString","coordinates":[[-80.6014618,43.3024907],[-80.6014647,43.3025132],[-80.6014813,43.3026211]]},"properties":{"kind":"distribution","tier":"distribution","placement":"underground","from":"gas-T-219","to":"gas-T-239","lengthM":14.6,"sizeMm":100,"diameterIn":3.9,"nominalLabel":"4\" cast iron (lined)","material":"cast iron","depthM":1.0,"pressureKPa":1.74,"pressureTier":"lp","customers":6,"designM3h":23.429,"roadEdge":25}},{"type":"Feature","id":"gas-E492","geometry":{"type":"LineString","coordinates":[[-80.600711,43.2969319],[-80.6007114,43.2969258]]},"properties":{"kind":"distribution","tier":"distribution","placement":"underground","from":"gas-T-472","to":"gas-T-491","lengthM":0.69,"sizeMm":150,"diameterIn":5.9,"nominalLabel":"6\" cast iron (lined)","material":"cast iron","depthM":1.0,"pressureKPa":1.74,"pressureTier":"lp","customers":5,"designM3h":136.531,"roadEdge":27}},{"type":"Feature","id":"gas-E493","geometry":{"type":"LineString","coordinates":[[-80.6005956,43.3023],[-80.6005957,43.3023412],[-80.6005957,43.3023974],[-80.6005958,43.3024535],[-80.6005958,43.3024601]]},"properties":{"kind":"distribution","tier":"distribution","placement":"underground","from":"gas-T-528","to":"gas-T-508","lengthM":17.82,"sizeMm":100,"diameterIn":3.9,"nominalLabel":"4\" cast iron (lined)","material":"cast iron","depthM":1.0,"pressureKPa":1.74,"pressureTier":"lp","customers":8,"designM3h":23.601,"roadEdge":28}},{"type":"Feature","id":"gas-E494","geometry":{"type":"LineString","coordinates":[[-80.5995636,43.3024668],[-80.5995631,43.3025136],[-80.5995645,43.3025599]]},"properties":{"kind":"distribution","tier":"distribution","placement":"underground","from":"gas-T-262","to":"gas-T-251","lengthM":10.38,"sizeMm":100,"diameterIn":3.9,"nominalLabel":"4\" cast iron (lined)","material":"cast iron","depthM":1.0,"pressureKPa":1.74,"pressureTier":"lp","customers":6,"designM3h":22.311,"roadEdge":32}},{"type":"Feature","id":"gas-E495","geometry":{"type":"LineString","coordinates":[[-80.5985566,43.3027188],[-80.5985386,43.3028748]]},"properties":{"kind":"distribution","tier":"distribution","placement":"underground","from":"gas-T-330","to":"gas-T-331","lengthM":17.43,"sizeMm":100,"diameterIn":3.9,"nominalLabel":"4\" cast iron (lined)","material":"cast iron","depthM":1.0,"pressureKPa":1.74,"pressureTier":"lp","customers":3,"designM3h":14.449,"roadEdge":37}},{"type":"Feature","id":"gas-E496","geometry":{"type":"LineString","coordinates":[[-80.6036267,43.3017539],[-80.6036335,43.301794],[-80.6036467,43.3018786]]},"properties":{"kind":"distribution","tier":"distribution","placement":"underground","from":"gas-T-111","to":"gas-T-123","lengthM":13.97,"sizeMm":100,"diameterIn":3.9,"nominalLabel":"4\" cast iron (lined)","material":"cast iron","depthM":1.0,"pressureKPa":1.74,"pressureTier":"lp","customers":7,"designM3h":20.313,"roadEdge":14}},{"type":"Feature","id":"gas-E497","geometry":{"type":"LineString","coordinates":[[-80.6025559,43.3022028],[-80.6025775,43.3023296]]},"properties":{"kind":"distribution","tier":"distribution","placement":"underground","from":"gas-T-166","to":"gas-T-185","lengthM":14.22,"sizeMm":100,"diameterIn":3.9,"nominalLabel":"4\" cast iron (lined)","material":"cast iron","depthM":1.0,"pressureKPa":1.74,"pressureTier":"lp","customers":9,"designM3h":26.894,"roadEdge":21}},{"type":"Feature","id":"gas-E498","geometry":{"type":"LineString","coordinates":[[-80.6014813,43.3026211],[-80.6014868,43.302657]]},"properties":{"kind":"distribution","tier":"distribution","placement":"underground","from":"gas-T-239","to":"gas-T-220","lengthM":4.02,"sizeMm":100,"diameterIn":3.9,"nominalLabel":"4\" cast iron (lined)","material":"cast iron","depthM":1.0,"pressureKPa":1.74,"pressureTier":"lp","customers":5,"designM3h":21.484,"roadEdge":25}},{"type":"Feature","id":"gas-E499","geometry":{"type":"LineString","coordinates":[[-80.6007114,43.2969258],[-80.6007134,43.2968973],[-80.6007213,43.296785],[-80.6007218,43.2967778]]},"properties":{"kind":"distribution","tier":"distribution","placement":"underground","from":"gas-T-491","to":"gas-T-490","lengthM":16.49,"sizeMm":150,"diameterIn":5.9,"nominalLabel":"6\" cast iron (lined)","material":"cast iron","depthM":1.0,"pressureKPa":1.74,"pressureTier":"lp","customers":4,"designM3h":138.854,"roadEdge":27}},{"type":"Feature","id":"gas-E500","geometry":{"type":"LineString","coordinates":[[-80.6005958,43.3024601],[-80.6005958,43.3024665]]},"properties":{"kind":"distribution","tier":"distribution","placement":"underground","from":"gas-T-508","to":"gas-T-527","lengthM":0.71,"sizeMm":100,"diameterIn":3.9,"nominalLabel":"4\" cast iron (lined)","material":"cast iron","depthM":1.0,"pressureKPa":1.74,"pressureTier":"lp","customers":7,"designM3h":18.678,"roadEdge":28}},{"type":"Feature","id":"gas-E501","geometry":{"type":"LineString","coordinates":[[-80.5995645,43.3025599],[-80.5995669,43.3026349]]},"properties":{"kind":"distribution","tier":"distribution","placement":"underground","from":"gas-T-251","to":"gas-T-261","lengthM":8.34,"sizeMm":100,"diameterIn":3.9,"nominalLabel":"4\" cast iron (lined)","material":"cast iron","depthM":1.0,"pressureKPa":1.74,"pressureTier":"lp","customers":5,"designM3h":20.002,"roadEdge":32}},{"type":"Feature","id":"gas-E502","geometry":{"type":"LineString","coordinates":[[-80.5985386,43.3028748],[-80.5985384,43.302876],[-80.5985279,43.3030149]]},"properties":{"kind":"distribution","tier":"distribution","placement":"underground","from":"gas-T-331","to":"gas-T-317","lengthM":15.61,"sizeMm":100,"diameterIn":3.9,"nominalLabel":"4\" cast iron (lined)","material":"cast iron","depthM":1.0,"pressureKPa":1.74,"pressureTier":"lp","customers":2,"designM3h":10.266,"roadEdge":37}},{"type":"Feature","id":"gas-E503","geometry":{"type":"LineString","coordinates":[[-80.6036467,43.3018786],[-80.6036617,43.3019742],[-80.6036678,43.3020191]]},"properties":{"kind":"distribution","tier":"distribution","placement":"underground","from":"gas-T-123","to":"gas-T-124","lengthM":15.73,"sizeMm":100,"diameterIn":3.9,"nominalLabel":"4\" cast iron (lined)","material":"cast iron","depthM":1.0,"pressureKPa":1.74,"pressureTier":"lp","customers":6,"designM3h":16.99,"roadEdge":14}},{"type":"Feature","id":"gas-E504","geometry":{"type":"LineString","coordinates":[[-80.6025775,43.3023296],[-80.6025781,43.3023328],[-80.6025814,43.3023527]]},"properties":{"kind":"distribution","tier":"distribution","placement":"underground","from":"gas-T-185","to":"gas-T-167","lengthM":2.59,"sizeMm":100,"diameterIn":3.9,"nominalLabel":"4\" cast iron (lined)","material":"cast iron","depthM":1.0,"pressureKPa":1.74,"pressureTier":"lp","customers":8,"designM3h":23.776,"roadEdge":21}},{"type":"Feature","id":"gas-E505","geometry":{"type":"LineString","coordinates":[[-80.6014868,43.302657],[-80.6014923,43.3026924],[-80.6015078,43.3027853]]},"properties":{"kind":"distribution","tier":"distribution","placement":"underground","from":"gas-T-220","to":"gas-T-240","lengthM":14.39,"sizeMm":100,"diameterIn":3.9,"nominalLabel":"4\" cast iron (lined)","material":"cast iron","depthM":1.0,"pressureKPa":1.74,"pressureTier":"lp","customers":4,"designM3h":17.436,"roadEdge":25}},{"type":"Feature","id":"gas-E506","geometry":{"type":"LineString","coordinates":[[-80.6007218,43.2967778],[-80.6007252,43.2967289],[-80.6007293,43.2966728],[-80.6007323,43.2966324]]},"properties":{"kind":"distribution","tier":"distribution","placement":"underground","from":"gas-T-490","to":"gas-T-489","lengthM":16.21,"sizeMm":150,"diameterIn":5.9,"nominalLabel":"6\" cast iron (lined)","material":"cast iron","depthM":1.0,"pressureKPa":1.74,"pressureTier":"lp","customers":3,"designM3h":143.233,"roadEdge":27}},{"type":"Feature","id":"gas-E507","geometry":{"type":"LineString","coordinates":[[-80.6005958,43.3024665],[-80.6005959,43.3025097],[-80.6005959,43.3025658],[-80.6005961,43.3026219],[-80.6005961,43.3026254]]},"properties":{"kind":"distribution","tier":"distribution","placement":"underground","from":"gas-T-527","to":"gas-T-526","lengthM":17.69,"sizeMm":100,"diameterIn":3.9,"nominalLabel":"4\" cast iron (lined)","material":"cast iron","depthM":1.0,"pressureKPa":1.74,"pressureTier":"lp","customers":6,"designM3h":17.548,"roadEdge":28}},{"type":"Feature","id":"gas-E508","geometry":{"type":"LineString","coordinates":[[-80.5995669,43.3026349],[-80.5995687,43.3026919],[-80.5995718,43.3027335]]},"properties":{"kind":"distribution","tier":"distribution","placement":"underground","from":"gas-T-261","to":"gas-T-250","lengthM":10.99,"sizeMm":100,"diameterIn":3.9,"nominalLabel":"4\" cast iron (lined)","material":"cast iron","depthM":1.0,"pressureKPa":1.74,"pressureTier":"lp","customers":4,"designM3h":17.934,"roadEdge":32}},{"type":"Feature","id":"gas-E509","geometry":{"type":"LineString","coordinates":[[-80.5985279,43.3030149],[-80.5985249,43.3030544],[-80.5985214,43.3031637]]},"properties":{"kind":"distribution","tier":"distribution","placement":"underground","from":"gas-T-317","to":"gas-T-318","lengthM":16.58,"sizeMm":100,"diameterIn":3.9,"nominalLabel":"4\" cast iron (lined)","material":"cast iron","depthM":1.0,"pressureKPa":1.74,"pressureTier":"lp","customers":1,"designM3h":5.501,"roadEdge":37}},{"type":"Feature","id":"gas-E510","geometry":{"type":"LineString","coordinates":[[-80.6036678,43.3020191],[-80.6036862,43.3021545],[-80.6036887,43.3021774]]},"properties":{"kind":"distribution","tier":"distribution","placement":"underground","from":"gas-T-124","to":"gas-T-125","lengthM":17.7,"sizeMm":100,"diameterIn":3.9,"nominalLabel":"4\" cast iron (lined)","material":"cast iron","depthM":1.0,"pressureKPa":1.74,"pressureTier":"lp","customers":5,"designM3h":14.659,"roadEdge":14}},{"type":"Feature","id":"gas-E511","geometry":{"type":"LineString","coordinates":[[-80.6025814,43.3023527],[-80.602605,43.3024934]]},"properties":{"kind":"distribution","tier":"distribution","placement":"underground","from":"gas-T-167","to":"gas-T-168","lengthM":15.78,"sizeMm":100,"diameterIn":3.9,"nominalLabel":"4\" cast iron (lined)","material":"cast iron","depthM":1.0,"pressureKPa":1.74,"pressureTier":"lp","customers":7,"designM3h":20.385,"roadEdge":21}},{"type":"Feature","id":"gas-E512","geometry":{"type":"LineString","coordinates":[[-80.6015078,43.3027853],[-80.6015141,43.3028236]]},"properties":{"kind":"distribution","tier":"distribution","placement":"underground","from":"gas-T-240","to":"gas-T-221","lengthM":4.29,"sizeMm":100,"diameterIn":3.9,"nominalLabel":"4\" cast iron (lined)","material":"cast iron","depthM":1.0,"pressureKPa":1.74,"pressureTier":"lp","customers":3,"designM3h":13.229,"roadEdge":25}},{"type":"Feature","id":"gas-E513","geometry":{"type":"LineString","coordinates":[[-80.6007323,43.2966324],[-80.6007335,43.2966167],[-80.6007376,43.2965606],[-80.6007419,43.2965045],[-80.6007433,43.2964858]]},"properties":{"kind":"distribution","tier":"distribution","placement":"underground","from":"gas-T-489","to":"gas-T-488","lengthM":16.34,"sizeMm":150,"diameterIn":5.9,"nominalLabel":"6\" cast iron (lined)","material":"cast iron","depthM":1.0,"pressureKPa":1.74,"pressureTier":"lp","customers":2,"designM3h":151.998,"roadEdge":27}},{"type":"Feature","id":"gas-E514","geometry":{"type":"LineString","coordinates":[[-80.6005961,43.3026254],[-80.6005961,43.3026278]]},"properties":{"kind":"distribution","tier":"distribution","placement":"underground","from":"gas-T-526","to":"gas-T-507","lengthM":0.27,"sizeMm":100,"diameterIn":3.9,"nominalLabel":"4\" cast iron (lined)","material":"cast iron","depthM":1.0,"pressureKPa":1.74,"pressureTier":"lp","customers":5,"designM3h":16.287,"roadEdge":28}},{"type":"Feature","id":"gas-E515","geometry":{"type":"LineString","coordinates":[[-80.5995718,43.3027335],[-80.5995819,43.3028704],[-80.5995851,43.3028977]]},"properties":{"kind":"distribution","tier":"distribution","placement":"underground","from":"gas-T-250","to":"gas-T-249","lengthM":18.31,"sizeMm":100,"diameterIn":3.9,"nominalLabel":"4\" cast iron (lined)","material":"cast iron","depthM":1.0,"pressureKPa":1.74,"pressureTier":"lp","customers":3,"designM3h":15.478,"roadEdge":32}},{"type":"Feature","id":"gas-E516","geometry":{"type":"LineString","coordinates":[[-80.6036887,43.3021774],[-80.603706,43.302335],[-80.6037062,43.3023383]]},"properties":{"kind":"distribution","tier":"distribution","placement":"underground","from":"gas-T-125","to":"gas-T-126","lengthM":17.97,"sizeMm":100,"diameterIn":3.9,"nominalLabel":"4\" cast iron (lined)","material":"cast iron","depthM":1.0,"pressureKPa":1.74,"pressureTier":"lp","customers":4,"designM3h":11.745,"roadEdge":14}},{"type":"Feature","id":"gas-E517","geometry":{"type":"LineString","coordinates":[[-80.602605,43.3024934],[-80.6026055,43.302496]]},"properties":{"kind":"distribution","tier":"distribution","placement":"underground","from":"gas-T-168","to":"gas-T-186","lengthM":0.3,"sizeMm":100,"diameterIn":3.9,"nominalLabel":"4\" cast iron (lined)","material":"cast iron","depthM":1.0,"pressureKPa":1.74,"pressureTier":"lp","customers":6,"designM3h":16.628,"roadEdge":21}},{"type":"Feature","id":"gas-E518","geometry":{"type":"LineString","coordinates":[[-80.6015141,43.3028236],[-80.6015221,43.3028718],[-80.6015407,43.3029803]]},"properties":{"kind":"distribution","tier":"distribution","placement":"underground","from":"gas-T-221","to":"gas-T-222","lengthM":17.58,"sizeMm":100,"diameterIn":3.9,"nominalLabel":"4\" cast iron (lined)","material":"cast iron","depthM":1.0,"pressureKPa":1.74,"pressureTier":"lp","customers":2,"designM3h":11.16,"roadEdge":25}},{"type":"Feature","id":"gas-E519","geometry":{"type":"LineString","coordinates":[[-80.6007433,43.2964858],[-80.6007461,43.2964483],[-80.6007504,43.2963922],[-80.6007547,43.2963361],[-80.600768,43.2961677],[-80.6007726,43.2961116],[-80.6007772,43.2960555],[-80.6007817,43.2959994],[-80.6007864,43.2959433],[-80.6007911,43.2958871],[-80.6007958,43.295831],[-80.6008102,43.2956626],[-80.6008152,43.2956065],[-80.60082,43.2955503],[-80.6008249,43.2954943],[-80.600835,43.295382],[-80.6008401,43.2953259],[-80.6008451,43.2952697],[-80.6008502,43.2952136],[-80.6008658,43.2950452],[-80.6008711,43.2949891],[-80.6008762,43.2949329],[-80.6008816,43.2948768],[-80.6008869,43.2948207],[-80.6008917,43.2947701]]},"properties":{"kind":"distribution","tier":"distribution","placement":"underground","from":"gas-T-488","to":"gas-T-556","lengthM":191.36,"sizeMm":150,"diameterIn":5.9,"nominalLabel":"6\" cast iron (lined)","material":"cast iron","depthM":1.0,"pressureKPa":1.74,"pressureTier":"lp","customers":1,"designM3h":174.653,"roadEdge":27}},{"type":"Feature","id":"gas-E520","geometry":{"type":"LineString","coordinates":[[-80.6005961,43.3026278],[-80.6005962,43.3026781],[-80.6005963,43.3027342],[-80.6005965,43.302788]]},"properties":{"kind":"distribution","tier":"distribution","placement":"underground","from":"gas-T-507","to":"gas-T-506","lengthM":17.83,"sizeMm":100,"diameterIn":3.9,"nominalLabel":"4\" cast iron (lined)","material":"cast iron","depthM":1.0,"pressureKPa":1.74,"pressureTier":"lp","customers":4,"designM3h":11.95,"roadEdge":28}},{"type":"Feature","id":"gas-E521","geometry":{"type":"LineString","coordinates":[[-80.5995851,43.3028977],[-80.5995954,43.3029876]]},"properties":{"kind":"distribution","tier":"distribution","placement":"underground","from":"gas-T-249","to":"gas-T-260","lengthM":10.04,"sizeMm":100,"diameterIn":3.9,"nominalLabel":"4\" cast iron (lined)","material":"cast iron","depthM":1.0,"pressureKPa":1.74,"pressureTier":"lp","customers":2,"designM3h":10.601,"roadEdge":32}},{"type":"Feature","id":"gas-E522","geometry":{"type":"LineString","coordinates":[[-80.6037062,43.3023383],[-80.6037169,43.302478]]},"properties":{"kind":"distribution","tier":"distribution","placement":"underground","from":"gas-T-126","to":"gas-T-127","lengthM":15.58,"sizeMm":100,"diameterIn":3.9,"nominalLabel":"4\" cast iron (lined)","material":"cast iron","depthM":1.0,"pressureKPa":1.74,"pressureTier":"lp","customers":3,"designM3h":8.077,"roadEdge":14}},{"type":"Feature","id":"gas-E523","geometry":{"type":"LineString","coordinates":[[-80.6026055,43.302496],[-80.6026083,43.3025127],[-80.6026326,43.3026703]]},"properties":{"kind":"distribution","tier":"distribution","placement":"underground","from":"gas-T-186","to":"gas-T-187","lengthM":19.52,"sizeMm":100,"diameterIn":3.9,"nominalLabel":"4\" cast iron (lined)","material":"cast iron","depthM":1.0,"pressureKPa":1.74,"pressureTier":"lp","customers":5,"designM3h":16.437,"roadEdge":21}},{"type":"Feature","id":"gas-E524","geometry":{"type":"LineString","coordinates":[[-80.6015407,43.3029803],[-80.6015529,43.3030515],[-80.60157,43.3031538]]},"properties":{"kind":"distribution","tier":"distribution","placement":"underground","from":"gas-T-222","to":"gas-T-223","lengthM":19.47,"sizeMm":100,"diameterIn":3.9,"nominalLabel":"4\" cast iron (lined)","material":"cast iron","depthM":1.0,"pressureKPa":1.74,"pressureTier":"lp","customers":1,"designM3h":6.383,"roadEdge":25}},{"type":"Feature","id":"gas-E525","geometry":{"type":"LineString","coordinates":[[-80.6005965,43.302788],[-80.6005966,43.3027903],[-80.6005966,43.3027989]]},"properties":{"kind":"distribution","tier":"distribution","placement":"underground","from":"gas-T-506","to":"gas-T-525","lengthM":1.22,"sizeMm":100,"diameterIn":3.9,"nominalLabel":"4\" cast iron (lined)","material":"cast iron","depthM":1.0,"pressureKPa":1.74,"pressureTier":"lp","customers":3,"designM3h":7.074,"roadEdge":28}},{"type":"Feature","id":"gas-E526","geometry":{"type":"LineString","coordinates":[[-80.5995954,43.3029876],[-80.5996025,43.3030495],[-80.5996024,43.3030495]]},"properties":{"kind":"distribution","tier":"distribution","placement":"underground","from":"gas-T-260","to":"gas-T-248","lengthM":6.92,"sizeMm":100,"diameterIn":3.9,"nominalLabel":"4\" cast iron (lined)","material":"cast iron","depthM":1.0,"pressureKPa":1.74,"pressureTier":"lp","customers":1,"designM3h":6.268,"roadEdge":32}},{"type":"Feature","id":"gas-E527","geometry":{"type":"LineString","coordinates":[[-80.6037169,43.302478],[-80.6037197,43.3025157],[-80.6037243,43.3026326]]},"properties":{"kind":"distribution","tier":"distribution","placement":"underground","from":"gas-T-127","to":"gas-T-128","lengthM":17.21,"sizeMm":100,"diameterIn":3.9,"nominalLabel":"4\" cast iron (lined)","material":"cast iron","depthM":1.0,"pressureKPa":1.74,"pressureTier":"lp","customers":2,"designM3h":4.33,"roadEdge":14}},{"type":"Feature","id":"gas-E528","geometry":{"type":"LineString","coordinates":[[-80.6026326,43.3026703],[-80.6026361,43.3026929],[-80.6026501,43.3027968]]},"properties":{"kind":"distribution","tier":"distribution","placement":"underground","from":"gas-T-187","to":"gas-T-169","lengthM":14.16,"sizeMm":100,"diameterIn":3.9,"nominalLabel":"4\" cast iron (lined)","material":"cast iron","depthM":1.0,"pressureKPa":1.74,"pressureTier":"lp","customers":4,"designM3h":14.044,"roadEdge":21}},{"type":"Feature","id":"gas-E529","geometry":{"type":"LineString","coordinates":[[-80.6005966,43.3027989],[-80.6005967,43.3028465],[-80.6005968,43.3029026],[-80.6005969,43.3029563]]},"properties":{"kind":"distribution","tier":"distribution","placement":"underground","from":"gas-T-525","to":"gas-T-505","lengthM":17.52,"sizeMm":100,"diameterIn":3.9,"nominalLabel":"4\" cast iron (lined)","material":"cast iron","depthM":1.0,"pressureKPa":1.74,"pressureTier":"lp","customers":2,"designM3h":5.094,"roadEdge":28}},{"type":"Feature","id":"gas-E530","geometry":{"type":"LineString","coordinates":[[-80.6037243,43.3026326],[-80.6037268,43.3026965],[-80.6037268,43.3027861]]},"properties":{"kind":"distribution","tier":"distribution","placement":"underground","from":"gas-T-128","to":"gas-T-129","lengthM":17.1,"sizeMm":100,"diameterIn":3.9,"nominalLabel":"4\" cast iron (lined)","material":"cast iron","depthM":1.0,"pressureKPa":1.74,"pressureTier":"lp","customers":1,"designM3h":0.9,"roadEdge":14}},{"type":"Feature","id":"gas-E531","geometry":{"type":"LineString","coordinates":[[-80.6026501,43.3027968],[-80.6026553,43.3028355]]},"properties":{"kind":"distribution","tier":"distribution","placement":"underground","from":"gas-T-169","to":"gas-T-188","lengthM":4.33,"sizeMm":100,"diameterIn":3.9,"nominalLabel":"4\" cast iron (lined)","material":"cast iron","depthM":1.0,"pressureKPa":1.74,"pressureTier":"lp","customers":3,"designM3h":14.059,"roadEdge":21}},{"type":"Feature","id":"gas-E532","geometry":{"type":"LineString","coordinates":[[-80.6005969,43.3029563],[-80.6005969,43.3029588],[-80.6005969,43.302965]]},"properties":{"kind":"distribution","tier":"distribution","placement":"underground","from":"gas-T-505","to":"gas-T-524","lengthM":0.96,"sizeMm":100,"diameterIn":3.9,"nominalLabel":"4\" cast iron (lined)","material":"cast iron","depthM":1.0,"pressureKPa":1.74,"pressureTier":"lp","customers":1,"designM3h":2.538,"roadEdge":28}},{"type":"Feature","id":"gas-E533","geometry":{"type":"LineString","coordinates":[[-80.6026553,43.3028355],[-80.6026604,43.3028732],[-80.6026679,43.3029436]]},"properties":{"kind":"distribution","tier":"distribution","placement":"underground","from":"gas-T-188","to":"gas-T-170","lengthM":12.08,"sizeMm":100,"diameterIn":3.9,"nominalLabel":"4\" cast iron (lined)","material":"cast iron","depthM":1.0,"pressureKPa":1.74,"pressureTier":"lp","customers":2,"designM3h":10.546,"roadEdge":21}},{"type":"Feature","id":"gas-E534","geometry":{"type":"LineString","coordinates":[[-80.6026679,43.3029436],[-80.6026796,43.3030538],[-80.6026825,43.3030932]]},"properties":{"kind":"distribution","tier":"distribution","placement":"underground","from":"gas-T-170","to":"gas-T-171","lengthM":16.7,"sizeMm":100,"diameterIn":3.9,"nominalLabel":"4\" cast iron (lined)","material":"cast iron","depthM":1.0,"pressureKPa":1.74,"pressureTier":"lp","customers":1,"designM3h":6.421,"roadEdge":21}},{"type":"Feature","id":"gas-E1038","geometry":{"type":"LineString","coordinates":[[-80.6035335,43.2977468],[-80.6033471,43.2977886]]},"properties":{"kind":"distribution","tier":"distribution","placement":"underground","from":"gas-J-11","to":"gas-T-97","lengthM":15.81,"sizeMm":100,"diameterIn":3.9,"nominalLabel":"4\" cast iron (lined)","material":"cast iron","depthM":1.0,"pressureTier":"lp"}},{"type":"Feature","id":"gas-E1039","geometry":{"type":"LineString","coordinates":[[-80.6025306,43.2978869],[-80.6023657,43.2979318]]},"properties":{"kind":"distribution","tier":"distribution","placement":"underground","from":"gas-J-17","to":"gas-T-151","lengthM":14.27,"sizeMm":100,"diameterIn":3.9,"nominalLabel":"4\" cast iron (lined)","material":"cast iron","depthM":1.0,"pressureTier":"lp"}},{"type":"Feature","id":"gas-E1040","geometry":{"type":"LineString","coordinates":[[-80.5998341,43.3007657],[-80.5993185,43.3008047]]},"properties":{"kind":"distribution","tier":"distribution","placement":"underground","from":"gas-J-29","to":"gas-T-273","lengthM":41.99,"sizeMm":100,"diameterIn":3.9,"nominalLabel":"4\" cast iron (lined)","material":"cast iron","depthM":1.0,"pressureTier":"lp"}},{"type":"Feature","id":"gas-E1041","geometry":{"type":"LineString","coordinates":[[-80.5962253,43.3000685],[-80.5960057,43.3000685]]},"properties":{"kind":"distribution","tier":"distribution","placement":"underground","from":"gas-T-438","to":"gas-T-439","lengthM":17.79,"sizeMm":50,"diameterIn":2.0,"nominalLabel":"2\" PE","material":"PE SDR11","depthM":1.0,"pressureTier":"mp"}}]}