{"type":"FeatureCollection","name":"gas_services","crs_note":"EPSG:4326","features":[{"type":"Feature","id":"gas-E535","geometry":{"type":"LineString","coordinates":[[-80.6048828,43.2998164],[-80.6048828,43.2998568],[-80.6049119,43.2999161]]},"properties":{"kind":"service","tier":"service","placement":"underground","from":"gas-T-55","to":"gas-N-P-00001","lengthM":11.51,"sizeMm":25,"diameterIn":0.98,"nominalLabel":"1\" PE","depthM":0.8,"pressureTier":"lp","excessFlowValve":false}},{"type":"Feature","id":"gas-E536","geometry":{"type":"LineString","coordinates":[[-80.6046595,43.2998164],[-80.6046595,43.2998568],[-80.6047167,43.2999096]]},"properties":{"kind":"service","tier":"service","placement":"underground","from":"gas-T-56","to":"gas-N-P-00002","lengthM":11.98,"sizeMm":25,"diameterIn":0.98,"nominalLabel":"1\" PE","depthM":0.8,"pressureTier":"lp","excessFlowValve":false}},{"type":"Feature","id":"gas-E537","geometry":{"type":"LineString","coordinates":[[-80.6048332,43.2992133],[-80.604777,43.2992135],[-80.6047105,43.2992539]]},"properties":{"kind":"service","tier":"service","placement":"underground","from":"gas-T-57","to":"gas-N-P-00004","lengthM":11.57,"sizeMm":25,"diameterIn":0.98,"nominalLabel":"1\" PE","depthM":0.8,"pressureTier":"lp","excessFlowValve":false}},{"type":"Feature","id":"gas-E538","geometry":{"type":"LineString","coordinates":[[-80.6048302,43.2990548],[-80.6047734,43.2990565],[-80.6047055,43.2991007]]},"properties":{"kind":"service","tier":"service","placement":"underground","from":"gas-T-58","to":"gas-N-P-00005","lengthM":11.98,"sizeMm":25,"diameterIn":0.98,"nominalLabel":"1\" PE","depthM":0.8,"pressureTier":"lp","excessFlowValve":false}},{"type":"Feature","id":"gas-E539","geometry":{"type":"LineString","coordinates":[[-80.6048197,43.2988928],[-80.6047628,43.298896],[-80.6046832,43.298947]]},"properties":{"kind":"service","tier":"service","placement":"underground","from":"gas-T-59","to":"gas-N-P-00006","lengthM":13.21,"sizeMm":25,"diameterIn":0.98,"nominalLabel":"1\" PE","depthM":0.8,"pressureTier":"lp","excessFlowValve":false}},{"type":"Feature","id":"gas-E540","geometry":{"type":"LineString","coordinates":[[-80.6048029,43.298738],[-80.6047461,43.2987413],[-80.6046864,43.2988004]]},"properties":{"kind":"service","tier":"service","placement":"underground","from":"gas-T-60","to":"gas-N-P-00007","lengthM":12.78,"sizeMm":25,"diameterIn":0.98,"nominalLabel":"1\" PE","depthM":0.8,"pressureTier":"lp","excessFlowValve":false}},{"type":"Feature","id":"gas-E541","geometry":{"type":"LineString","coordinates":[[-80.6047784,43.2985728],[-80.6047221,43.2985773],[-80.6046603,43.2986333]]},"properties":{"kind":"service","tier":"service","placement":"underground","from":"gas-T-61","to":"gas-N-P-00008","lengthM":12.58,"sizeMm":25,"diameterIn":0.98,"nominalLabel":"1\" PE","depthM":0.8,"pressureTier":"lp","excessFlowValve":false}},{"type":"Feature","id":"gas-E542","geometry":{"type":"LineString","coordinates":[[-80.604749,43.2984073],[-80.6046935,43.2984126],[-80.6046296,43.2984765]]},"properties":{"kind":"service","tier":"service","placement":"underground","from":"gas-T-62","to":"gas-N-P-00009","lengthM":13.33,"sizeMm":25,"diameterIn":0.98,"nominalLabel":"1\" PE","depthM":0.8,"pressureTier":"lp","excessFlowValve":false}},{"type":"Feature","id":"gas-E543","geometry":{"type":"LineString","coordinates":[[-80.6047189,43.2982536],[-80.6046639,43.2982595],[-80.6045874,43.2982957]]},"properties":{"kind":"service","tier":"service","placement":"underground","from":"gas-T-63","to":"gas-N-P-00010","lengthM":11.9,"sizeMm":25,"diameterIn":0.98,"nominalLabel":"1\" PE","depthM":0.8,"pressureTier":"lp","excessFlowValve":false}},{"type":"Feature","id":"gas-E544","geometry":{"type":"LineString","coordinates":[[-80.6046878,43.2981008],[-80.6046328,43.2981068],[-80.6045564,43.2981431]]},"properties":{"kind":"service","tier":"service","placement":"underground","from":"gas-T-64","to":"gas-N-P-00011","lengthM":11.89,"sizeMm":25,"diameterIn":0.98,"nominalLabel":"1\" PE","depthM":0.8,"pressureTier":"lp","excessFlowValve":false}},{"type":"Feature","id":"gas-E545","geometry":{"type":"LineString","coordinates":[[-80.6045996,43.3014295],[-80.6045434,43.3014336],[-80.6044833,43.3014756]]},"properties":{"kind":"service","tier":"service","placement":"underground","from":"gas-T-65","to":"gas-N-P-00012","lengthM":11.32,"sizeMm":25,"diameterIn":0.98,"nominalLabel":"1\" PE","depthM":0.8,"pressureTier":"lp","excessFlowValve":false}},{"type":"Feature","id":"gas-E546","geometry":{"type":"LineString","coordinates":[[-80.6045775,43.3012699],[-80.6045215,43.301274],[-80.6044509,43.3013077]]},"properties":{"kind":"service","tier":"service","placement":"underground","from":"gas-T-66","to":"gas-N-P-00013","lengthM":11.4,"sizeMm":25,"diameterIn":0.98,"nominalLabel":"1\" PE","depthM":0.8,"pressureTier":"lp","excessFlowValve":false}},{"type":"Feature","id":"gas-E547","geometry":{"type":"LineString","coordinates":[[-80.6045535,43.3011175],[-80.6044982,43.3011221],[-80.6044178,43.3011588]]},"properties":{"kind":"service","tier":"service","placement":"underground","from":"gas-T-67","to":"gas-N-P-00014","lengthM":12.21,"sizeMm":25,"diameterIn":0.98,"nominalLabel":"1\" PE","depthM":0.8,"pressureTier":"lp","excessFlowValve":false}},{"type":"Feature","id":"gas-E548","geometry":{"type":"LineString","coordinates":[[-80.6045298,43.3009746],[-80.6044747,43.3009796],[-80.6044167,43.3010263]]},"properties":{"kind":"service","tier":"service","placement":"underground","from":"gas-T-68","to":"gas-N-P-00015","lengthM":11.51,"sizeMm":25,"diameterIn":0.98,"nominalLabel":"1\" PE","depthM":0.8,"pressureTier":"lp","excessFlowValve":false}},{"type":"Feature","id":"gas-E549","geometry":{"type":"LineString","coordinates":[[-80.6045054,43.3008304],[-80.6044502,43.3008354],[-80.6043769,43.300886]]},"properties":{"kind":"service","tier":"service","placement":"underground","from":"gas-T-69","to":"gas-N-P-00016","lengthM":12.69,"sizeMm":25,"diameterIn":0.98,"nominalLabel":"1\" PE","depthM":0.8,"pressureTier":"lp","excessFlowValve":false}},{"type":"Feature","id":"gas-E550","geometry":{"type":"LineString","coordinates":[[-80.6044795,43.3006771],[-80.6044244,43.3006819],[-80.6043463,43.3007431]]},"properties":{"kind":"service","tier":"service","placement":"underground","from":"gas-T-70","to":"gas-N-P-00017","lengthM":13.79,"sizeMm":25,"diameterIn":0.98,"nominalLabel":"1\" PE","depthM":0.8,"pressureTier":"lp","excessFlowValve":false}},{"type":"Feature","id":"gas-E551","geometry":{"type":"LineString","coordinates":[[-80.604455,43.300526],[-80.6044001,43.3005303],[-80.6043406,43.300568]]},"properties":{"kind":"service","tier":"service","placement":"underground","from":"gas-T-71","to":"gas-N-P-00018","lengthM":10.86,"sizeMm":25,"diameterIn":0.98,"nominalLabel":"1\" PE","depthM":0.8,"pressureTier":"lp","excessFlowValve":false}},{"type":"Feature","id":"gas-E552","geometry":{"type":"LineString","coordinates":[[-80.6044137,43.3002264],[-80.604359,43.30023],[-80.6042784,43.3002887]]},"properties":{"kind":"service","tier":"service","placement":"underground","from":"gas-T-72","to":"gas-N-P-00020","lengthM":13.68,"sizeMm":25,"diameterIn":0.98,"nominalLabel":"1\" PE","depthM":0.8,"pressureTier":"lp","excessFlowValve":false}},{"type":"Feature","id":"gas-E553","geometry":{"type":"LineString","coordinates":[[-80.6043983,43.3000791],[-80.6043429,43.3000819],[-80.6042625,43.3001087]]},"properties":{"kind":"service","tier":"service","placement":"underground","from":"gas-T-73","to":"gas-N-P-00021","lengthM":11.67,"sizeMm":25,"diameterIn":0.98,"nominalLabel":"1\" PE","depthM":0.8,"pressureTier":"lp","excessFlowValve":false}},{"type":"Feature","id":"gas-E554","geometry":{"type":"LineString","coordinates":[[-80.6045081,43.3008462],[-80.6046734,43.3008313],[-80.6047516,43.3008782]]},"properties":{"kind":"service","tier":"service","placement":"underground","from":"gas-T-74","to":"gas-N-P-00023","lengthM":21.71,"sizeMm":25,"diameterIn":0.98,"nominalLabel":"1\" PE","depthM":0.8,"pressureTier":"lp","excessFlowValve":false}},{"type":"Feature","id":"gas-E555","geometry":{"type":"LineString","coordinates":[[-80.6044826,43.3006963],[-80.6046482,43.3006819],[-80.6047244,43.300699]]},"properties":{"kind":"service","tier":"service","placement":"underground","from":"gas-T-75","to":"gas-N-P-00024","lengthM":19.97,"sizeMm":25,"diameterIn":0.98,"nominalLabel":"1\" PE","depthM":0.8,"pressureTier":"lp","excessFlowValve":false}},{"type":"Feature","id":"gas-E556","geometry":{"type":"LineString","coordinates":[[-80.6037805,43.2993719],[-80.6037252,43.2993757],[-80.6036409,43.2994024]]},"properties":{"kind":"service","tier":"service","placement":"underground","from":"gas-T-76","to":"gas-N-P-00028","lengthM":11.95,"sizeMm":25,"diameterIn":0.98,"nominalLabel":"1\" PE","depthM":0.8,"pressureTier":"lp","excessFlowValve":false}},{"type":"Feature","id":"gas-E557","geometry":{"type":"LineString","coordinates":[[-80.6037606,43.2992297],[-80.6037049,43.2992346],[-80.6036145,43.2992781]]},"properties":{"kind":"service","tier":"service","placement":"underground","from":"gas-T-77","to":"gas-N-P-00029","lengthM":13.33,"sizeMm":25,"diameterIn":0.98,"nominalLabel":"1\" PE","depthM":0.8,"pressureTier":"lp","excessFlowValve":false}},{"type":"Feature","id":"gas-E558","geometry":{"type":"LineString","coordinates":[[-80.6037344,43.2990746],[-80.6036786,43.2990803],[-80.6035975,43.2991364]]},"properties":{"kind":"service","tier":"service","placement":"underground","from":"gas-T-78","to":"gas-N-P-00030","lengthM":13.64,"sizeMm":25,"diameterIn":0.98,"nominalLabel":"1\" PE","depthM":0.8,"pressureTier":"lp","excessFlowValve":false}},{"type":"Feature","id":"gas-E559","geometry":{"type":"LineString","coordinates":[[-80.6037055,43.2989239],[-80.6036501,43.2989295],[-80.6035625,43.2989552]]},"properties":{"kind":"service","tier":"service","placement":"underground","from":"gas-T-79","to":"gas-N-P-00031","lengthM":12.18,"sizeMm":25,"diameterIn":0.98,"nominalLabel":"1\" PE","depthM":0.8,"pressureTier":"lp","excessFlowValve":false}},{"type":"Feature","id":"gas-E560","geometry":{"type":"LineString","coordinates":[[-80.6036764,43.2987811],[-80.6036215,43.298787],[-80.6035371,43.2988315]]},"properties":{"kind":"service","tier":"service","placement":"underground","from":"gas-T-80","to":"gas-N-P-00032","lengthM":12.94,"sizeMm":25,"diameterIn":0.98,"nominalLabel":"1\" PE","depthM":0.8,"pressureTier":"lp","excessFlowValve":false}},{"type":"Feature","id":"gas-E561","geometry":{"type":"LineString","coordinates":[[-80.6036467,43.2986355],[-80.6035917,43.2986414],[-80.6035188,43.2986814]]},"properties":{"kind":"service","tier":"service","placement":"underground","from":"gas-T-81","to":"gas-N-P-00033","lengthM":11.9,"sizeMm":25,"diameterIn":0.98,"nominalLabel":"1\" PE","depthM":0.8,"pressureTier":"lp","excessFlowValve":false}},{"type":"Feature","id":"gas-E562","geometry":{"type":"LineString","coordinates":[[-80.6036173,43.2984869],[-80.6035624,43.2984925],[-80.603498,43.2985428]]},"properties":{"kind":"service","tier":"service","placement":"underground","from":"gas-T-82","to":"gas-N-P-00034","lengthM":12.15,"sizeMm":25,"diameterIn":0.98,"nominalLabel":"1\" PE","depthM":0.8,"pressureTier":"lp","excessFlowValve":false}},{"type":"Feature","id":"gas-E563","geometry":{"type":"LineString","coordinates":[[-80.6035895,43.2983346],[-80.6035348,43.2983393],[-80.6034739,43.2983907]]},"properties":{"kind":"service","tier":"service","placement":"underground","from":"gas-T-83","to":"gas-N-P-00035","lengthM":12.02,"sizeMm":25,"diameterIn":0.98,"nominalLabel":"1\" PE","depthM":0.8,"pressureTier":"lp","excessFlowValve":false}},{"type":"Feature","id":"gas-E564","geometry":{"type":"LineString","coordinates":[[-80.6035651,43.2981824],[-80.603511,43.298186],[-80.6034349,43.2982187]]},"properties":{"kind":"service","tier":"service","placement":"underground","from":"gas-T-84","to":"gas-N-P-00036","lengthM":11.56,"sizeMm":25,"diameterIn":0.98,"nominalLabel":"1\" PE","depthM":0.8,"pressureTier":"lp","excessFlowValve":false}},{"type":"Feature","id":"gas-E565","geometry":{"type":"LineString","coordinates":[[-80.603779,43.2993602],[-80.6039449,43.2993489],[-80.6040306,43.2993849]]},"properties":{"kind":"service","tier":"service","placement":"underground","from":"gas-T-85","to":"gas-N-P-00037","lengthM":21.51,"sizeMm":25,"diameterIn":0.98,"nominalLabel":"1\" PE","depthM":0.8,"pressureTier":"lp","excessFlowValve":false}},{"type":"Feature","id":"gas-E566","geometry":{"type":"LineString","coordinates":[[-80.6037568,43.2992069],[-80.603922,43.2991924],[-80.6040117,43.2992227]]},"properties":{"kind":"service","tier":"service","placement":"underground","from":"gas-T-86","to":"gas-N-P-00038","lengthM":21.49,"sizeMm":25,"diameterIn":0.98,"nominalLabel":"1\" PE","depthM":0.8,"pressureTier":"lp","excessFlowValve":false}},{"type":"Feature","id":"gas-E567","geometry":{"type":"LineString","coordinates":[[-80.6037299,43.2990512],[-80.6038945,43.2990345],[-80.6039645,43.2990661]]},"properties":{"kind":"service","tier":"service","placement":"underground","from":"gas-T-87","to":"gas-N-P-00039","lengthM":20.14,"sizeMm":25,"diameterIn":0.98,"nominalLabel":"1\" PE","depthM":0.8,"pressureTier":"lp","excessFlowValve":false}},{"type":"Feature","id":"gas-E568","geometry":{"type":"LineString","coordinates":[[-80.6036996,43.2988943],[-80.603864,43.2988765],[-80.6039335,43.2988969]]},"properties":{"kind":"service","tier":"service","placement":"underground","from":"gas-T-88","to":"gas-N-P-00040","lengthM":19.54,"sizeMm":25,"diameterIn":0.98,"nominalLabel":"1\" PE","depthM":0.8,"pressureTier":"lp","excessFlowValve":false}},{"type":"Feature","id":"gas-E569","geometry":{"type":"LineString","coordinates":[[-80.6036672,43.2987363],[-80.6038321,43.2987184],[-80.6039186,43.2987601]]},"properties":{"kind":"service","tier":"service","placement":"underground","from":"gas-T-89","to":"gas-N-P-00041","lengthM":21.91,"sizeMm":25,"diameterIn":0.98,"nominalLabel":"1\" PE","depthM":0.8,"pressureTier":"lp","excessFlowValve":false}},{"type":"Feature","id":"gas-E570","geometry":{"type":"LineString","coordinates":[[-80.6036344,43.2985753],[-80.6037996,43.2985574],[-80.6038774,43.2986027]]},"properties":{"kind":"service","tier":"service","placement":"underground","from":"gas-T-90","to":"gas-N-P-00042","lengthM":21.61,"sizeMm":25,"diameterIn":0.98,"nominalLabel":"1\" PE","depthM":0.8,"pressureTier":"lp","excessFlowValve":false}},{"type":"Feature","id":"gas-E571","geometry":{"type":"LineString","coordinates":[[-80.6036028,43.2984104],[-80.6037685,43.2983938],[-80.6038542,43.2984403]]},"properties":{"kind":"service","tier":"service","placement":"underground","from":"gas-T-91","to":"gas-N-P-00043","lengthM":22.21,"sizeMm":25,"diameterIn":0.98,"nominalLabel":"1\" PE","depthM":0.8,"pressureTier":"lp","excessFlowValve":false}},{"type":"Feature","id":"gas-E572","geometry":{"type":"LineString","coordinates":[[-80.6035748,43.2982442],[-80.6037409,43.2982299],[-80.6038141,43.298267]]},"properties":{"kind":"service","tier":"service","placement":"underground","from":"gas-T-92","to":"gas-N-P-00044","lengthM":20.78,"sizeMm":25,"diameterIn":0.98,"nominalLabel":"1\" PE","depthM":0.8,"pressureTier":"lp","excessFlowValve":false}},{"type":"Feature","id":"gas-E573","geometry":{"type":"LineString","coordinates":[[-80.603553,43.2980854],[-80.6037189,43.2980744],[-80.6037864,43.2980839]]},"properties":{"kind":"service","tier":"service","placement":"underground","from":"gas-T-93","to":"gas-N-P-00045","lengthM":19.07,"sizeMm":25,"diameterIn":0.98,"nominalLabel":"1\" PE","depthM":0.8,"pressureTier":"lp","excessFlowValve":false}},{"type":"Feature","id":"gas-E574","geometry":{"type":"LineString","coordinates":[[-80.6035369,43.2979238],[-80.6037032,43.2979169],[-80.6037886,43.2979666]]},"properties":{"kind":"service","tier":"service","placement":"underground","from":"gas-T-94","to":"gas-N-P-00046","lengthM":22.35,"sizeMm":25,"diameterIn":0.98,"nominalLabel":"1\" PE","depthM":0.8,"pressureTier":"lp","excessFlowValve":false}},{"type":"Feature","id":"gas-E575","geometry":{"type":"LineString","coordinates":[[-80.6035265,43.2975772],[-80.6036939,43.2975794],[-80.6037813,43.2975499]]},"properties":{"kind":"service","tier":"service","placement":"underground","from":"gas-T-95","to":"gas-N-P-00047","lengthM":21.38,"sizeMm":25,"diameterIn":0.98,"nominalLabel":"1\" PE","depthM":0.8,"pressureTier":"lp","excessFlowValve":false}},{"type":"Feature","id":"gas-E576","geometry":{"type":"LineString","coordinates":[[-80.6035323,43.2974292],[-80.6034778,43.2974269],[-80.6033975,43.2974018]]},"properties":{"kind":"service","tier":"service","placement":"underground","from":"gas-T-96","to":"gas-N-P-00048","lengthM":11.5,"sizeMm":25,"diameterIn":0.98,"nominalLabel":"1\" PE","depthM":0.8,"pressureTier":"lp","excessFlowValve":false}},{"type":"Feature","id":"gas-E577","geometry":{"type":"LineString","coordinates":[[-80.6033471,43.2977886],[-80.6033471,43.2976674],[-80.603407,43.2976141]]},"properties":{"kind":"service","tier":"service","placement":"underground","from":"gas-T-97","to":"gas-N-P-00050","lengthM":21.16,"sizeMm":25,"diameterIn":0.98,"nominalLabel":"1\" PE","depthM":0.8,"pressureTier":"lp","excessFlowValve":false}},{"type":"Feature","id":"gas-E578","geometry":{"type":"LineString","coordinates":[[-80.6030823,43.2977886],[-80.6030823,43.2976674],[-80.6031384,43.2976198]]},"properties":{"kind":"service","tier":"service","placement":"underground","from":"gas-T-98","to":"gas-N-P-00051","lengthM":20.48,"sizeMm":25,"diameterIn":0.98,"nominalLabel":"1\" PE","depthM":0.8,"pressureTier":"lp","excessFlowValve":false}},{"type":"Feature","id":"gas-E579","geometry":{"type":"LineString","coordinates":[[-80.6034753,43.2999554],[-80.6035312,43.299958],[-80.6036244,43.2999147]]},"properties":{"kind":"service","tier":"service","placement":"underground","from":"gas-T-99","to":"gas-N-P-00053","lengthM":13.5,"sizeMm":25,"diameterIn":0.98,"nominalLabel":"1\" PE","depthM":0.8,"pressureTier":"lp","excessFlowValve":false}},{"type":"Feature","id":"gas-E580","geometry":{"type":"LineString","coordinates":[[-80.6034654,43.3001124],[-80.6035211,43.3001139],[-80.6036193,43.3000764]]},"properties":{"kind":"service","tier":"service","placement":"underground","from":"gas-T-100","to":"gas-N-P-00054","lengthM":13.5,"sizeMm":25,"diameterIn":0.98,"nominalLabel":"1\" PE","depthM":0.8,"pressureTier":"lp","excessFlowValve":false}},{"type":"Feature","id":"gas-E581","geometry":{"type":"LineString","coordinates":[[-80.6034607,43.3002682],[-80.6035162,43.3002686],[-80.6036026,43.3002442]]},"properties":{"kind":"service","tier":"service","placement":"underground","from":"gas-T-101","to":"gas-N-P-00055","lengthM":12.01,"sizeMm":25,"diameterIn":0.98,"nominalLabel":"1\" PE","depthM":0.8,"pressureTier":"lp","excessFlowValve":false}},{"type":"Feature","id":"gas-E582","geometry":{"type":"LineString","coordinates":[[-80.603461,43.3004184],[-80.6035168,43.3004177],[-80.6036101,43.3003749]]},"properties":{"kind":"service","tier":"service","placement":"underground","from":"gas-T-102","to":"gas-N-P-00056","lengthM":13.46,"sizeMm":25,"diameterIn":0.98,"nominalLabel":"1\" PE","depthM":0.8,"pressureTier":"lp","excessFlowValve":false}},{"type":"Feature","id":"gas-E583","geometry":{"type":"LineString","coordinates":[[-80.6034655,43.3005609],[-80.6035218,43.300559],[-80.6036125,43.3005342]]},"properties":{"kind":"service","tier":"service","placement":"underground","from":"gas-T-103","to":"gas-N-P-00057","lengthM":12.42,"sizeMm":25,"diameterIn":0.98,"nominalLabel":"1\" PE","depthM":0.8,"pressureTier":"lp","excessFlowValve":false}},{"type":"Feature","id":"gas-E584","geometry":{"type":"LineString","coordinates":[[-80.6034744,43.3007014],[-80.6035309,43.3006995],[-80.6036111,43.3006481]]},"properties":{"kind":"service","tier":"service","placement":"underground","from":"gas-T-104","to":"gas-N-P-00058","lengthM":13.23,"sizeMm":25,"diameterIn":0.98,"nominalLabel":"1\" PE","depthM":0.8,"pressureTier":"lp","excessFlowValve":false}},{"type":"Feature","id":"gas-E585","geometry":{"type":"LineString","coordinates":[[-80.6034891,43.3008569],[-80.6035451,43.300854],[-80.6036128,43.3007919]]},"properties":{"kind":"service","tier":"service","placement":"underground","from":"gas-T-105","to":"gas-N-P-00059","lengthM":13.37,"sizeMm":25,"diameterIn":0.98,"nominalLabel":"1\" PE","depthM":0.8,"pressureTier":"lp","excessFlowValve":false}},{"type":"Feature","id":"gas-E586","geometry":{"type":"LineString","coordinates":[[-80.6035076,43.3010105],[-80.6035629,43.3010067],[-80.6036234,43.3009722]]},"properties":{"kind":"service","tier":"service","placement":"underground","from":"gas-T-106","to":"gas-N-P-00060","lengthM":10.73,"sizeMm":25,"diameterIn":0.98,"nominalLabel":"1\" PE","depthM":0.8,"pressureTier":"lp","excessFlowValve":false}},{"type":"Feature","id":"gas-E587","geometry":{"type":"LineString","coordinates":[[-80.6035291,43.3011633],[-80.6035843,43.3011589],[-80.6036584,43.3011044]]},"properties":{"kind":"service","tier":"service","placement":"underground","from":"gas-T-107","to":"gas-N-P-00061","lengthM":13.04,"sizeMm":25,"diameterIn":0.98,"nominalLabel":"1\" PE","depthM":0.8,"pressureTier":"lp","excessFlowValve":false}},{"type":"Feature","id":"gas-E588","geometry":{"type":"LineString","coordinates":[[-80.6035525,43.3013136],[-80.6036078,43.3013087],[-80.6036718,43.301279]]},"properties":{"kind":"service","tier":"service","placement":"underground","from":"gas-T-108","to":"gas-N-P-00062","lengthM":10.66,"sizeMm":25,"diameterIn":0.98,"nominalLabel":"1\" PE","depthM":0.8,"pressureTier":"lp","excessFlowValve":false}},{"type":"Feature","id":"gas-E589","geometry":{"type":"LineString","coordinates":[[-80.6035769,43.3014603],[-80.6036322,43.3014553],[-80.6036926,43.3014001]]},"properties":{"kind":"service","tier":"service","placement":"underground","from":"gas-T-109","to":"gas-N-P-00063","lengthM":12.37,"sizeMm":25,"diameterIn":0.98,"nominalLabel":"1\" PE","depthM":0.8,"pressureTier":"lp","excessFlowValve":false}},{"type":"Feature","id":"gas-E590","geometry":{"type":"LineString","coordinates":[[-80.6036027,43.3016114],[-80.6036578,43.3016064],[-80.6037288,43.301562]]},"properties":{"kind":"service","tier":"service","placement":"underground","from":"gas-T-110","to":"gas-N-P-00064","lengthM":12.07,"sizeMm":25,"diameterIn":0.98,"nominalLabel":"1\" PE","depthM":0.8,"pressureTier":"lp","excessFlowValve":false}},{"type":"Feature","id":"gas-E591","geometry":{"type":"LineString","coordinates":[[-80.6036267,43.3017539],[-80.6036817,43.301749],[-80.6037434,43.3017007]]},"properties":{"kind":"service","tier":"service","placement":"underground","from":"gas-T-111","to":"gas-N-P-00065","lengthM":11.83,"sizeMm":25,"diameterIn":0.98,"nominalLabel":"1\" PE","depthM":0.8,"pressureTier":"lp","excessFlowValve":false}},{"type":"Feature","id":"gas-E592","geometry":{"type":"LineString","coordinates":[[-80.6034743,43.2999667],[-80.6033086,43.299959],[-80.6032211,43.2999195]]},"properties":{"kind":"service","tier":"service","placement":"underground","from":"gas-T-112","to":"gas-N-P-00067","lengthM":21.79,"sizeMm":25,"diameterIn":0.98,"nominalLabel":"1\" PE","depthM":0.8,"pressureTier":"lp","excessFlowValve":false}},{"type":"Feature","id":"gas-E593","geometry":{"type":"LineString","coordinates":[[-80.6034653,43.3001142],[-80.6032989,43.3001096],[-80.6032231,43.3000698]]},"properties":{"kind":"service","tier":"service","placement":"underground","from":"gas-T-113","to":"gas-N-P-00068","lengthM":21.07,"sizeMm":25,"diameterIn":0.98,"nominalLabel":"1\" PE","depthM":0.8,"pressureTier":"lp","excessFlowValve":false}},{"type":"Feature","id":"gas-E594","geometry":{"type":"LineString","coordinates":[[-80.6034609,43.3002512],[-80.6032943,43.3002501],[-80.6032106,43.3002058]]},"properties":{"kind":"service","tier":"service","placement":"underground","from":"gas-T-114","to":"gas-N-P-00069","lengthM":21.88,"sizeMm":25,"diameterIn":0.98,"nominalLabel":"1\" PE","depthM":0.8,"pressureTier":"lp","excessFlowValve":false}},{"type":"Feature","id":"gas-E595","geometry":{"type":"LineString","coordinates":[[-80.6034601,43.3003874],[-80.6032945,43.3003897],[-80.6031996,43.3003602]]},"properties":{"kind":"service","tier":"service","placement":"underground","from":"gas-T-115","to":"gas-N-P-00070","lengthM":21.79,"sizeMm":25,"diameterIn":0.98,"nominalLabel":"1\" PE","depthM":0.8,"pressureTier":"lp","excessFlowValve":false}},{"type":"Feature","id":"gas-E596","geometry":{"type":"LineString","coordinates":[[-80.6034641,43.3005404],[-80.6032991,43.3005445],[-80.6032091,43.3004889]]},"properties":{"kind":"service","tier":"service","placement":"underground","from":"gas-T-116","to":"gas-N-P-00071","lengthM":22.94,"sizeMm":25,"diameterIn":0.98,"nominalLabel":"1\" PE","depthM":0.8,"pressureTier":"lp","excessFlowValve":false}},{"type":"Feature","id":"gas-E597","geometry":{"type":"LineString","coordinates":[[-80.6034736,43.3006885],[-80.6033078,43.3006941],[-80.6032186,43.3006725]]},"properties":{"kind":"service","tier":"service","placement":"underground","from":"gas-T-117","to":"gas-N-P-00072","lengthM":21.07,"sizeMm":25,"diameterIn":0.98,"nominalLabel":"1\" PE","depthM":0.8,"pressureTier":"lp","excessFlowValve":false}},{"type":"Feature","id":"gas-E598","geometry":{"type":"LineString","coordinates":[[-80.6034873,43.3008378],[-80.6033214,43.3008465],[-80.6032296,43.3008013]]},"properties":{"kind":"service","tier":"service","placement":"underground","from":"gas-T-118","to":"gas-N-P-00073","lengthM":22.45,"sizeMm":25,"diameterIn":0.98,"nominalLabel":"1\" PE","depthM":0.8,"pressureTier":"lp","excessFlowValve":false}},{"type":"Feature","id":"gas-E599","geometry":{"type":"LineString","coordinates":[[-80.6035053,43.3009924],[-80.6033393,43.3010037],[-80.6032487,43.3009572]]},"properties":{"kind":"service","tier":"service","placement":"underground","from":"gas-T-119","to":"gas-N-P-00074","lengthM":22.48,"sizeMm":25,"diameterIn":0.98,"nominalLabel":"1\" PE","depthM":0.8,"pressureTier":"lp","excessFlowValve":false}},{"type":"Feature","id":"gas-E600","geometry":{"type":"LineString","coordinates":[[-80.6035247,43.3011343],[-80.6033592,43.3011475],[-80.6032804,43.3011389]]},"properties":{"kind":"service","tier":"service","placement":"underground","from":"gas-T-120","to":"gas-N-P-00075","lengthM":19.94,"sizeMm":25,"diameterIn":0.98,"nominalLabel":"1\" PE","depthM":0.8,"pressureTier":"lp","excessFlowValve":false}},{"type":"Feature","id":"gas-E601","geometry":{"type":"LineString","coordinates":[[-80.6035477,43.3012844],[-80.6033827,43.3012988],[-80.6032874,43.3012638]]},"properties":{"kind":"service","tier":"service","placement":"underground","from":"gas-T-121","to":"gas-N-P-00076","lengthM":22.12,"sizeMm":25,"diameterIn":0.98,"nominalLabel":"1\" PE","depthM":0.8,"pressureTier":"lp","excessFlowValve":false}},{"type":"Feature","id":"gas-E602","geometry":{"type":"LineString","coordinates":[[-80.6035725,43.3014349],[-80.6034074,43.3014498],[-80.6033101,43.3014325]]},"properties":{"kind":"service","tier":"service","placement":"underground","from":"gas-T-122","to":"gas-N-P-00077","lengthM":21.6,"sizeMm":25,"diameterIn":0.98,"nominalLabel":"1\" PE","depthM":0.8,"pressureTier":"lp","excessFlowValve":false}},{"type":"Feature","id":"gas-E603","geometry":{"type":"LineString","coordinates":[[-80.6036467,43.3018786],[-80.6034812,43.3018924],[-80.6034043,43.3018748]]},"properties":{"kind":"service","tier":"service","placement":"underground","from":"gas-T-123","to":"gas-N-P-00080","lengthM":20.03,"sizeMm":25,"diameterIn":0.98,"nominalLabel":"1\" PE","depthM":0.8,"pressureTier":"lp","excessFlowValve":false}},{"type":"Feature","id":"gas-E604","geometry":{"type":"LineString","coordinates":[[-80.6036678,43.3020191],[-80.6035017,43.302031],[-80.6034235,43.3019874]]},"properties":{"kind":"service","tier":"service","placement":"underground","from":"gas-T-124","to":"gas-N-P-00081","lengthM":21.51,"sizeMm":25,"diameterIn":0.98,"nominalLabel":"1\" PE","depthM":0.8,"pressureTier":"lp","excessFlowValve":false}},{"type":"Feature","id":"gas-E605","geometry":{"type":"LineString","coordinates":[[-80.6036887,43.3021774],[-80.6035218,43.302187],[-80.6034468,43.3021485]]},"properties":{"kind":"service","tier":"service","placement":"underground","from":"gas-T-125","to":"gas-N-P-00082","lengthM":21.0,"sizeMm":25,"diameterIn":0.98,"nominalLabel":"1\" PE","depthM":0.8,"pressureTier":"lp","excessFlowValve":false}},{"type":"Feature","id":"gas-E606","geometry":{"type":"LineString","coordinates":[[-80.6037062,43.3023383],[-80.6035386,43.3023451],[-80.6034522,43.3022957]]},"properties":{"kind":"service","tier":"service","placement":"underground","from":"gas-T-126","to":"gas-N-P-00083","lengthM":22.51,"sizeMm":25,"diameterIn":0.98,"nominalLabel":"1\" PE","depthM":0.8,"pressureTier":"lp","excessFlowValve":false}},{"type":"Feature","id":"gas-E607","geometry":{"type":"LineString","coordinates":[[-80.6037169,43.302478],[-80.6035499,43.3024848],[-80.6034837,43.3024544]]},"properties":{"kind":"service","tier":"service","placement":"underground","from":"gas-T-127","to":"gas-N-P-00084","lengthM":19.89,"sizeMm":25,"diameterIn":0.98,"nominalLabel":"1\" PE","depthM":0.8,"pressureTier":"lp","excessFlowValve":false}},{"type":"Feature","id":"gas-E608","geometry":{"type":"LineString","coordinates":[[-80.6037243,43.3026326],[-80.6035573,43.302636],[-80.6034823,43.3026068]]},"properties":{"kind":"service","tier":"service","placement":"underground","from":"gas-T-128","to":"gas-N-P-00085","lengthM":20.43,"sizeMm":25,"diameterIn":0.98,"nominalLabel":"1\" PE","depthM":0.8,"pressureTier":"lp","excessFlowValve":false}},{"type":"Feature","id":"gas-E609","geometry":{"type":"LineString","coordinates":[[-80.6037268,43.3027861],[-80.6035602,43.3027861],[-80.60349,43.302748]]},"properties":{"kind":"service","tier":"service","placement":"underground","from":"gas-T-129","to":"gas-N-P-00086","lengthM":20.6,"sizeMm":25,"diameterIn":0.98,"nominalLabel":"1\" PE","depthM":0.8,"pressureTier":"lp","excessFlowValve":false}},{"type":"Feature","id":"gas-E610","geometry":{"type":"LineString","coordinates":[[-80.6026324,43.2993021],[-80.6025776,43.2993081],[-80.6024931,43.2993413]]},"properties":{"kind":"service","tier":"service","placement":"underground","from":"gas-T-130","to":"gas-N-P-00087","lengthM":12.27,"sizeMm":25,"diameterIn":0.98,"nominalLabel":"1\" PE","depthM":0.8,"pressureTier":"lp","excessFlowValve":false}},{"type":"Feature","id":"gas-E611","geometry":{"type":"LineString","coordinates":[[-80.6025649,43.2989491],[-80.6025107,43.2989542],[-80.6024435,43.2990232]]},"properties":{"kind":"service","tier":"service","placement":"underground","from":"gas-T-131","to":"gas-N-P-00089","lengthM":13.84,"sizeMm":25,"diameterIn":0.98,"nominalLabel":"1\" PE","depthM":0.8,"pressureTier":"lp","excessFlowValve":false}},{"type":"Feature","id":"gas-E612","geometry":{"type":"LineString","coordinates":[[-80.6025377,43.2987705],[-80.6024834,43.2987747],[-80.6023979,43.2988024]]},"properties":{"kind":"service","tier":"service","placement":"underground","from":"gas-T-132","to":"gas-N-P-00090","lengthM":12.0,"sizeMm":25,"diameterIn":0.98,"nominalLabel":"1\" PE","depthM":0.8,"pressureTier":"lp","excessFlowValve":false}},{"type":"Feature","id":"gas-E613","geometry":{"type":"LineString","coordinates":[[-80.6025175,43.2985918],[-80.6024634,43.2985948],[-80.602391,43.2986669]]},"properties":{"kind":"service","tier":"service","placement":"underground","from":"gas-T-133","to":"gas-N-P-00091","lengthM":14.34,"sizeMm":25,"diameterIn":0.98,"nominalLabel":"1\" PE","depthM":0.8,"pressureTier":"lp","excessFlowValve":false}},{"type":"Feature","id":"gas-E614","geometry":{"type":"LineString","coordinates":[[-80.602503,43.2982421],[-80.6024483,43.2982421],[-80.6023479,43.2982995]]},"properties":{"kind":"service","tier":"service","placement":"underground","from":"gas-T-134","to":"gas-N-P-00093","lengthM":14.77,"sizeMm":25,"diameterIn":0.98,"nominalLabel":"1\" PE","depthM":0.8,"pressureTier":"lp","excessFlowValve":false}},{"type":"Feature","id":"gas-E615","geometry":{"type":"LineString","coordinates":[[-80.6026696,43.2994839],[-80.6028344,43.2994665],[-80.6028883,43.2994955]]},"properties":{"kind":"service","tier":"service","placement":"underground","from":"gas-T-135","to":"gas-N-P-00094","lengthM":18.92,"sizeMm":25,"diameterIn":0.98,"nominalLabel":"1\" PE","depthM":0.8,"pressureTier":"lp","excessFlowValve":false}},{"type":"Feature","id":"gas-E616","geometry":{"type":"LineString","coordinates":[[-80.6026352,43.2993158],[-80.6028001,43.2992978],[-80.6028978,43.299334]]},"properties":{"kind":"service","tier":"service","placement":"underground","from":"gas-T-136","to":"gas-N-P-00095","lengthM":22.39,"sizeMm":25,"diameterIn":0.98,"nominalLabel":"1\" PE","depthM":0.8,"pressureTier":"lp","excessFlowValve":false}},{"type":"Feature","id":"gas-E617","geometry":{"type":"LineString","coordinates":[[-80.6026019,43.2991496],[-80.6027671,43.2991323],[-80.602857,43.2991551]]},"properties":{"kind":"service","tier":"service","placement":"underground","from":"gas-T-137","to":"gas-N-P-00096","lengthM":21.24,"sizeMm":25,"diameterIn":0.98,"nominalLabel":"1\" PE","depthM":0.8,"pressureTier":"lp","excessFlowValve":false}},{"type":"Feature","id":"gas-E618","geometry":{"type":"LineString","coordinates":[[-80.6025679,43.2989657],[-80.6027338,43.29895],[-80.6028352,43.2989657]]},"properties":{"kind":"service","tier":"service","placement":"underground","from":"gas-T-138","to":"gas-N-P-00097","lengthM":21.96,"sizeMm":25,"diameterIn":0.98,"nominalLabel":"1\" PE","depthM":0.8,"pressureTier":"lp","excessFlowValve":false}},{"type":"Feature","id":"gas-E619","geometry":{"type":"LineString","coordinates":[[-80.6025404,43.2987896],[-80.6027066,43.2987768],[-80.6028005,43.2988222]]},"properties":{"kind":"service","tier":"service","placement":"underground","from":"gas-T-139","to":"gas-N-P-00098","lengthM":22.67,"sizeMm":25,"diameterIn":0.98,"nominalLabel":"1\" PE","depthM":0.8,"pressureTier":"lp","excessFlowValve":false}},{"type":"Feature","id":"gas-E620","geometry":{"type":"LineString","coordinates":[[-80.6025198,43.2986142],[-80.6026867,43.298605],[-80.602776,43.2986595]]},"properties":{"kind":"service","tier":"service","placement":"underground","from":"gas-T-140","to":"gas-N-P-00099","lengthM":23.0,"sizeMm":25,"diameterIn":0.98,"nominalLabel":"1\" PE","depthM":0.8,"pressureTier":"lp","excessFlowValve":false}},{"type":"Feature","id":"gas-E621","geometry":{"type":"LineString","coordinates":[[-80.6025068,43.2984337],[-80.6026738,43.2984288],[-80.6027621,43.2984612]]},"properties":{"kind":"service","tier":"service","placement":"underground","from":"gas-T-141","to":"gas-N-P-00100","lengthM":21.55,"sizeMm":25,"diameterIn":0.98,"nominalLabel":"1\" PE","depthM":0.8,"pressureTier":"lp","excessFlowValve":false}},{"type":"Feature","id":"gas-E622","geometry":{"type":"LineString","coordinates":[[-80.602503,43.2982534],[-80.6026704,43.2982532],[-80.6027686,43.2982804]]},"properties":{"kind":"service","tier":"service","placement":"underground","from":"gas-T-142","to":"gas-N-P-00101","lengthM":22.07,"sizeMm":25,"diameterIn":0.98,"nominalLabel":"1\" PE","depthM":0.8,"pressureTier":"lp","excessFlowValve":false}},{"type":"Feature","id":"gas-E623","geometry":{"type":"LineString","coordinates":[[-80.6026581,43.2971161],[-80.6028227,43.297134],[-80.6028964,43.2971129]]},"properties":{"kind":"service","tier":"service","placement":"underground","from":"gas-T-143","to":"gas-N-P-00102","lengthM":19.9,"sizeMm":25,"diameterIn":0.98,"nominalLabel":"1\" PE","depthM":0.8,"pressureTier":"lp","excessFlowValve":false}},{"type":"Feature","id":"gas-E624","geometry":{"type":"LineString","coordinates":[[-80.6026265,43.2972694],[-80.6027916,43.2972875],[-80.6028506,43.2972619]]},"properties":{"kind":"service","tier":"service","placement":"underground","from":"gas-T-144","to":"gas-N-P-00103","lengthM":19.09,"sizeMm":25,"diameterIn":0.98,"nominalLabel":"1\" PE","depthM":0.8,"pressureTier":"lp","excessFlowValve":false}},{"type":"Feature","id":"gas-E625","geometry":{"type":"LineString","coordinates":[[-80.6026541,43.2971356],[-80.6025991,43.2971295],[-80.6025279,43.2970952]]},"properties":{"kind":"service","tier":"service","placement":"underground","from":"gas-T-145","to":"gas-N-P-00104","lengthM":11.43,"sizeMm":25,"diameterIn":0.98,"nominalLabel":"1\" PE","depthM":0.8,"pressureTier":"lp","excessFlowValve":false}},{"type":"Feature","id":"gas-E626","geometry":{"type":"LineString","coordinates":[[-80.6026231,43.2972858],[-80.6025685,43.2972801],[-80.6024992,43.2972151]]},"properties":{"kind":"service","tier":"service","placement":"underground","from":"gas-T-146","to":"gas-N-P-00105","lengthM":13.63,"sizeMm":25,"diameterIn":0.98,"nominalLabel":"1\" PE","depthM":0.8,"pressureTier":"lp","excessFlowValve":false}},{"type":"Feature","id":"gas-E627","geometry":{"type":"LineString","coordinates":[[-80.6025938,43.2974347],[-80.6025392,43.297429],[-80.6024677,43.2973868]]},"properties":{"kind":"service","tier":"service","placement":"underground","from":"gas-T-147","to":"gas-N-P-00106","lengthM":11.93,"sizeMm":25,"diameterIn":0.98,"nominalLabel":"1\" PE","depthM":0.8,"pressureTier":"lp","excessFlowValve":false}},{"type":"Feature","id":"gas-E628","geometry":{"type":"LineString","coordinates":[[-80.6025665,43.2975858],[-80.6025117,43.2975807],[-80.6024395,43.297548]]},"properties":{"kind":"service","tier":"service","placement":"underground","from":"gas-T-148","to":"gas-N-P-00107","lengthM":11.36,"sizeMm":25,"diameterIn":0.98,"nominalLabel":"1\" PE","depthM":0.8,"pressureTier":"lp","excessFlowValve":false}},{"type":"Feature","id":"gas-E629","geometry":{"type":"LineString","coordinates":[[-80.6023536,43.2979318],[-80.6023536,43.2979722],[-80.6023985,43.2980414]]},"properties":{"kind":"service","tier":"service","placement":"underground","from":"gas-T-149","to":"gas-N-P-00108","lengthM":13.01,"sizeMm":25,"diameterIn":0.98,"nominalLabel":"1\" PE","depthM":0.8,"pressureTier":"lp","excessFlowValve":false}},{"type":"Feature","id":"gas-E630","geometry":{"type":"LineString","coordinates":[[-80.6021259,43.2979318],[-80.6021259,43.2979722],[-80.6021855,43.2980395]]},"properties":{"kind":"service","tier":"service","placement":"underground","from":"gas-T-150","to":"gas-N-P-00109","lengthM":13.41,"sizeMm":25,"diameterIn":0.98,"nominalLabel":"1\" PE","depthM":0.8,"pressureTier":"lp","excessFlowValve":false}},{"type":"Feature","id":"gas-E631","geometry":{"type":"LineString","coordinates":[[-80.6023657,43.2979318],[-80.6023657,43.2978105],[-80.6024098,43.297772]]},"properties":{"kind":"service","tier":"service","placement":"underground","from":"gas-T-151","to":"gas-N-P-00111","lengthM":19.08,"sizeMm":25,"diameterIn":0.98,"nominalLabel":"1\" PE","depthM":0.8,"pressureTier":"lp","excessFlowValve":false}},{"type":"Feature","id":"gas-E632","geometry":{"type":"LineString","coordinates":[[-80.6021308,43.2979318],[-80.6021308,43.2978105],[-80.6021863,43.297763]]},"properties":{"kind":"service","tier":"service","placement":"underground","from":"gas-T-152","to":"gas-N-P-00112","lengthM":20.44,"sizeMm":25,"diameterIn":0.98,"nominalLabel":"1\" PE","depthM":0.8,"pressureTier":"lp","excessFlowValve":false}},{"type":"Feature","id":"gas-E633","geometry":{"type":"LineString","coordinates":[[-80.6018884,43.2979318],[-80.6018884,43.2978105],[-80.6019343,43.2977627]]},"properties":{"kind":"service","tier":"service","placement":"underground","from":"gas-T-153","to":"gas-N-P-00113","lengthM":20.0,"sizeMm":25,"diameterIn":0.98,"nominalLabel":"1\" PE","depthM":0.8,"pressureTier":"lp","excessFlowValve":false}},{"type":"Feature","id":"gas-E634","geometry":{"type":"LineString","coordinates":[[-80.602544,43.2999383],[-80.6025991,43.2999433],[-80.6026849,43.2999166]]},"properties":{"kind":"service","tier":"service","placement":"underground","from":"gas-T-154","to":"gas-N-P-00114","lengthM":12.06,"sizeMm":25,"diameterIn":0.98,"nominalLabel":"1\" PE","depthM":0.8,"pressureTier":"lp","excessFlowValve":false}},{"type":"Feature","id":"gas-E635","geometry":{"type":"LineString","coordinates":[[-80.6025193,43.3000883],[-80.6025745,43.300093],[-80.6026673,43.3000564]]},"properties":{"kind":"service","tier":"service","placement":"underground","from":"gas-T-155","to":"gas-N-P-00115","lengthM":13.06,"sizeMm":25,"diameterIn":0.98,"nominalLabel":"1\" PE","depthM":0.8,"pressureTier":"lp","excessFlowValve":false}},{"type":"Feature","id":"gas-E636","geometry":{"type":"LineString","coordinates":[[-80.6024749,43.3003932],[-80.6025308,43.3003966],[-80.6026347,43.3003556]]},"properties":{"kind":"service","tier":"service","placement":"underground","from":"gas-T-156","to":"gas-N-P-00117","lengthM":14.12,"sizeMm":25,"diameterIn":0.98,"nominalLabel":"1\" PE","depthM":0.8,"pressureTier":"lp","excessFlowValve":false}},{"type":"Feature","id":"gas-E637","geometry":{"type":"LineString","coordinates":[[-80.6024367,43.3008375],[-80.6024925,43.300839],[-80.60258,43.3007996]]},"properties":{"kind":"service","tier":"service","placement":"underground","from":"gas-T-157","to":"gas-N-P-00120","lengthM":12.85,"sizeMm":25,"diameterIn":0.98,"nominalLabel":"1\" PE","depthM":0.8,"pressureTier":"lp","excessFlowValve":false}},{"type":"Feature","id":"gas-E638","geometry":{"type":"LineString","coordinates":[[-80.6024328,43.3009867],[-80.6024883,43.3009869],[-80.6025694,43.3009465]]},"properties":{"kind":"service","tier":"service","placement":"underground","from":"gas-T-158","to":"gas-N-P-00121","lengthM":12.47,"sizeMm":25,"diameterIn":0.98,"nominalLabel":"1\" PE","depthM":0.8,"pressureTier":"lp","excessFlowValve":false}},{"type":"Feature","id":"gas-E639","geometry":{"type":"LineString","coordinates":[[-80.6024337,43.3011416],[-80.6024897,43.3011407],[-80.6025828,43.3010954]]},"properties":{"kind":"service","tier":"service","placement":"underground","from":"gas-T-159","to":"gas-N-P-00122","lengthM":13.62,"sizeMm":25,"diameterIn":0.98,"nominalLabel":"1\" PE","depthM":0.8,"pressureTier":"lp","excessFlowValve":false}},{"type":"Feature","id":"gas-E640","geometry":{"type":"LineString","coordinates":[[-80.6024394,43.3012921],[-80.6024955,43.3012902],[-80.6025801,43.3012643]]},"properties":{"kind":"service","tier":"service","placement":"underground","from":"gas-T-160","to":"gas-N-P-00123","lengthM":11.98,"sizeMm":25,"diameterIn":0.98,"nominalLabel":"1\" PE","depthM":0.8,"pressureTier":"lp","excessFlowValve":false}},{"type":"Feature","id":"gas-E641","geometry":{"type":"LineString","coordinates":[[-80.6024495,43.301441],[-80.6025062,43.301438],[-80.602583,43.3014125]]},"properties":{"kind":"service","tier":"service","placement":"underground","from":"gas-T-161","to":"gas-N-P-00124","lengthM":11.44,"sizeMm":25,"diameterIn":0.98,"nominalLabel":"1\" PE","depthM":0.8,"pressureTier":"lp","excessFlowValve":false}},{"type":"Feature","id":"gas-E642","geometry":{"type":"LineString","coordinates":[[-80.6024657,43.3016018],[-80.602522,43.3015988],[-80.602596,43.3015658]]},"properties":{"kind":"service","tier":"service","placement":"underground","from":"gas-T-162","to":"gas-N-P-00125","lengthM":11.6,"sizeMm":25,"diameterIn":0.98,"nominalLabel":"1\" PE","depthM":0.8,"pressureTier":"lp","excessFlowValve":false}},{"type":"Feature","id":"gas-E643","geometry":{"type":"LineString","coordinates":[[-80.6024849,43.3017525],[-80.6025405,43.3017487],[-80.6026151,43.3017187]]},"properties":{"kind":"service","tier":"service","placement":"underground","from":"gas-T-163","to":"gas-N-P-00126","lengthM":11.43,"sizeMm":25,"diameterIn":0.98,"nominalLabel":"1\" PE","depthM":0.8,"pressureTier":"lp","excessFlowValve":false}},{"type":"Feature","id":"gas-E644","geometry":{"type":"LineString","coordinates":[[-80.6025062,43.3018992],[-80.6025614,43.3018947],[-80.6026345,43.3018512]]},"properties":{"kind":"service","tier":"service","placement":"underground","from":"gas-T-164","to":"gas-N-P-00127","lengthM":12.15,"sizeMm":25,"diameterIn":0.98,"nominalLabel":"1\" PE","depthM":0.8,"pressureTier":"lp","excessFlowValve":false}},{"type":"Feature","id":"gas-E645","geometry":{"type":"LineString","coordinates":[[-80.6025301,43.3020496],[-80.6025853,43.3020447],[-80.6026566,43.3020111]]},"properties":{"kind":"service","tier":"service","placement":"underground","from":"gas-T-165","to":"gas-N-P-00128","lengthM":11.38,"sizeMm":25,"diameterIn":0.98,"nominalLabel":"1\" PE","depthM":0.8,"pressureTier":"lp","excessFlowValve":false}},{"type":"Feature","id":"gas-E646","geometry":{"type":"LineString","coordinates":[[-80.6025559,43.3022028],[-80.6026111,43.3021978],[-80.6026914,43.3021514]]},"properties":{"kind":"service","tier":"service","placement":"underground","from":"gas-T-166","to":"gas-N-P-00129","lengthM":12.82,"sizeMm":25,"diameterIn":0.98,"nominalLabel":"1\" PE","depthM":0.8,"pressureTier":"lp","excessFlowValve":false}},{"type":"Feature","id":"gas-E647","geometry":{"type":"LineString","coordinates":[[-80.6025814,43.3023527],[-80.6026365,43.3023478],[-80.6027071,43.3023164]]},"properties":{"kind":"service","tier":"service","placement":"underground","from":"gas-T-167","to":"gas-N-P-00130","lengthM":11.2,"sizeMm":25,"diameterIn":0.98,"nominalLabel":"1\" PE","depthM":0.8,"pressureTier":"lp","excessFlowValve":false}},{"type":"Feature","id":"gas-E648","geometry":{"type":"LineString","coordinates":[[-80.602605,43.3024934],[-80.6026598,43.3024885],[-80.6027248,43.3024385]]},"properties":{"kind":"service","tier":"service","placement":"underground","from":"gas-T-168","to":"gas-N-P-00131","lengthM":12.14,"sizeMm":25,"diameterIn":0.98,"nominalLabel":"1\" PE","depthM":0.8,"pressureTier":"lp","excessFlowValve":false}},{"type":"Feature","id":"gas-E649","geometry":{"type":"LineString","coordinates":[[-80.6026501,43.3027968],[-80.6027054,43.3027929],[-80.6027838,43.3027393]]},"properties":{"kind":"service","tier":"service","placement":"underground","from":"gas-T-169","to":"gas-N-P-00133","lengthM":13.22,"sizeMm":25,"diameterIn":0.98,"nominalLabel":"1\" PE","depthM":0.8,"pressureTier":"lp","excessFlowValve":false}},{"type":"Feature","id":"gas-E650","geometry":{"type":"LineString","coordinates":[[-80.6026679,43.3029436],[-80.6027232,43.3029405],[-80.6028002,43.3029046]]},"properties":{"kind":"service","tier":"service","placement":"underground","from":"gas-T-170","to":"gas-N-P-00134","lengthM":11.9,"sizeMm":25,"diameterIn":0.98,"nominalLabel":"1\" PE","depthM":0.8,"pressureTier":"lp","excessFlowValve":false}},{"type":"Feature","id":"gas-E651","geometry":{"type":"LineString","coordinates":[[-80.6026825,43.3030932],[-80.6027374,43.3030911],[-80.602806,43.3030321]]},"properties":{"kind":"service","tier":"service","placement":"underground","from":"gas-T-171","to":"gas-N-P-00135","lengthM":13.06,"sizeMm":25,"diameterIn":0.98,"nominalLabel":"1\" PE","depthM":0.8,"pressureTier":"lp","excessFlowValve":false}},{"type":"Feature","id":"gas-E652","geometry":{"type":"LineString","coordinates":[[-80.6025374,43.299977],[-80.6023723,43.2999621],[-80.6022931,43.2999255]]},"properties":{"kind":"service","tier":"service","placement":"underground","from":"gas-T-172","to":"gas-N-P-00136","lengthM":21.08,"sizeMm":25,"diameterIn":0.98,"nominalLabel":"1\" PE","depthM":0.8,"pressureTier":"lp","excessFlowValve":false}},{"type":"Feature","id":"gas-E653","geometry":{"type":"LineString","coordinates":[[-80.6025112,43.3001392],[-80.6023459,43.3001251],[-80.6022728,43.3000778]]},"properties":{"kind":"service","tier":"service","placement":"underground","from":"gas-T-173","to":"gas-N-P-00137","lengthM":21.4,"sizeMm":25,"diameterIn":0.98,"nominalLabel":"1\" PE","depthM":0.8,"pressureTier":"lp","excessFlowValve":false}},{"type":"Feature","id":"gas-E654","geometry":{"type":"LineString","coordinates":[[-80.6024864,43.3003077],[-80.602321,43.3002952],[-80.6022348,43.3002304]]},"properties":{"kind":"service","tier":"service","placement":"underground","from":"gas-T-174","to":"gas-N-P-00138","lengthM":23.51,"sizeMm":25,"diameterIn":0.98,"nominalLabel":"1\" PE","depthM":0.8,"pressureTier":"lp","excessFlowValve":false}},{"type":"Feature","id":"gas-E655","geometry":{"type":"LineString","coordinates":[[-80.6024649,43.3004793],[-80.6022992,43.3004691],[-80.6022173,43.3004361]]},"properties":{"kind":"service","tier":"service","placement":"underground","from":"gas-T-175","to":"gas-N-P-00139","lengthM":21.06,"sizeMm":25,"diameterIn":0.98,"nominalLabel":"1\" PE","depthM":0.8,"pressureTier":"lp","excessFlowValve":false}},{"type":"Feature","id":"gas-E656","geometry":{"type":"LineString","coordinates":[[-80.602449,43.3006438],[-80.6022827,43.3006363],[-80.602197,43.3005938]]},"properties":{"kind":"service","tier":"service","placement":"underground","from":"gas-T-176","to":"gas-N-P-00140","lengthM":21.9,"sizeMm":25,"diameterIn":0.98,"nominalLabel":"1\" PE","depthM":0.8,"pressureTier":"lp","excessFlowValve":false}},{"type":"Feature","id":"gas-E657","geometry":{"type":"LineString","coordinates":[[-80.6024377,43.3008174],[-80.6022713,43.3008131],[-80.6021894,43.3007461]]},"properties":{"kind":"service","tier":"service","placement":"underground","from":"gas-T-177","to":"gas-N-P-00141","lengthM":23.47,"sizeMm":25,"diameterIn":0.98,"nominalLabel":"1\" PE","depthM":0.8,"pressureTier":"lp","excessFlowValve":false}},{"type":"Feature","id":"gas-E658","geometry":{"type":"LineString","coordinates":[[-80.6024328,43.3009813],[-80.6022662,43.3009804],[-80.6021823,43.3009476]]},"properties":{"kind":"service","tier":"service","placement":"underground","from":"gas-T-178","to":"gas-N-P-00142","lengthM":21.22,"sizeMm":25,"diameterIn":0.98,"nominalLabel":"1\" PE","depthM":0.8,"pressureTier":"lp","excessFlowValve":false}},{"type":"Feature","id":"gas-E659","geometry":{"type":"LineString","coordinates":[[-80.6024338,43.3011456],[-80.6022678,43.3011482],[-80.6021895,43.3010848]]},"properties":{"kind":"service","tier":"service","placement":"underground","from":"gas-T-179","to":"gas-N-P-00143","lengthM":22.95,"sizeMm":25,"diameterIn":0.98,"nominalLabel":"1\" PE","depthM":0.8,"pressureTier":"lp","excessFlowValve":false}},{"type":"Feature","id":"gas-E660","geometry":{"type":"LineString","coordinates":[[-80.6024414,43.3013215],[-80.6022753,43.3013274],[-80.6021906,43.3012706]]},"properties":{"kind":"service","tier":"service","placement":"underground","from":"gas-T-180","to":"gas-N-P-00144","lengthM":22.8,"sizeMm":25,"diameterIn":0.98,"nominalLabel":"1\" PE","depthM":0.8,"pressureTier":"lp","excessFlowValve":false}},{"type":"Feature","id":"gas-E661","geometry":{"type":"LineString","coordinates":[[-80.6024539,43.3014849],[-80.6022883,43.3014938],[-80.6021906,43.3014637]]},"properties":{"kind":"service","tier":"service","placement":"underground","from":"gas-T-181","to":"gas-N-P-00145","lengthM":22.04,"sizeMm":25,"diameterIn":0.98,"nominalLabel":"1\" PE","depthM":0.8,"pressureTier":"lp","excessFlowValve":false}},{"type":"Feature","id":"gas-E662","geometry":{"type":"LineString","coordinates":[[-80.6024717,43.3016514],[-80.6023066,43.3016628],[-80.6022075,43.3016125]]},"properties":{"kind":"service","tier":"service","placement":"underground","from":"gas-T-182","to":"gas-N-P-00146","lengthM":23.23,"sizeMm":25,"diameterIn":0.98,"nominalLabel":"1\" PE","depthM":0.8,"pressureTier":"lp","excessFlowValve":false}},{"type":"Feature","id":"gas-E663","geometry":{"type":"LineString","coordinates":[[-80.6025204,43.3019911],[-80.6023555,43.3020056],[-80.6022607,43.3019679]]},"properties":{"kind":"service","tier":"service","placement":"underground","from":"gas-T-183","to":"gas-N-P-00148","lengthM":22.21,"sizeMm":25,"diameterIn":0.98,"nominalLabel":"1\" PE","depthM":0.8,"pressureTier":"lp","excessFlowValve":false}},{"type":"Feature","id":"gas-E664","geometry":{"type":"LineString","coordinates":[[-80.6025493,43.3021645],[-80.6023841,43.3021795],[-80.602281,43.3021512]]},"properties":{"kind":"service","tier":"service","placement":"underground","from":"gas-T-184","to":"gas-N-P-00149","lengthM":22.41,"sizeMm":25,"diameterIn":0.98,"nominalLabel":"1\" PE","depthM":0.8,"pressureTier":"lp","excessFlowValve":false}},{"type":"Feature","id":"gas-E665","geometry":{"type":"LineString","coordinates":[[-80.6025775,43.3023296],[-80.6024121,43.3023446],[-80.6023311,43.3023257]]},"properties":{"kind":"service","tier":"service","placement":"underground","from":"gas-T-185","to":"gas-N-P-00150","lengthM":20.4,"sizeMm":25,"diameterIn":0.98,"nominalLabel":"1\" PE","depthM":0.8,"pressureTier":"lp","excessFlowValve":false}},{"type":"Feature","id":"gas-E666","geometry":{"type":"LineString","coordinates":[[-80.6026055,43.302496],[-80.6024396,43.3025108],[-80.6023628,43.302474]]},"properties":{"kind":"service","tier":"service","placement":"underground","from":"gas-T-186","to":"gas-N-P-00151","lengthM":20.99,"sizeMm":25,"diameterIn":0.98,"nominalLabel":"1\" PE","depthM":0.8,"pressureTier":"lp","excessFlowValve":false}},{"type":"Feature","id":"gas-E667","geometry":{"type":"LineString","coordinates":[[-80.6026326,43.3026703],[-80.6024664,43.3026839],[-80.6023772,43.3026502]]},"properties":{"kind":"service","tier":"service","placement":"underground","from":"gas-T-187","to":"gas-N-P-00152","lengthM":21.69,"sizeMm":25,"diameterIn":0.98,"nominalLabel":"1\" PE","depthM":0.8,"pressureTier":"lp","excessFlowValve":false}},{"type":"Feature","id":"gas-E668","geometry":{"type":"LineString","coordinates":[[-80.6026553,43.3028355],[-80.6024889,43.3028474],[-80.6024061,43.3028054]]},"properties":{"kind":"service","tier":"service","placement":"underground","from":"gas-T-188","to":"gas-N-P-00153","lengthM":21.72,"sizeMm":25,"diameterIn":0.98,"nominalLabel":"1\" PE","depthM":0.8,"pressureTier":"lp","excessFlowValve":false}},{"type":"Feature","id":"gas-E669","geometry":{"type":"LineString","coordinates":[[-80.6016494,43.2982474],[-80.6017051,43.2982522],[-80.6016962,43.298199]]},"properties":{"kind":"service","tier":"service","placement":"underground","from":"gas-T-189","to":"gas-N-P-00155","lengthM":10.51,"sizeMm":25,"diameterIn":0.98,"nominalLabel":"1\" PE","depthM":0.8,"pressureTier":"lp","excessFlowValve":false}},{"type":"Feature","id":"gas-E670","geometry":{"type":"LineString","coordinates":[[-80.6016057,43.2985782],[-80.6016624,43.2985805],[-80.6017514,43.2985633]]},"properties":{"kind":"service","tier":"service","placement":"underground","from":"gas-T-190","to":"gas-N-P-00157","lengthM":12.06,"sizeMm":25,"diameterIn":0.98,"nominalLabel":"1\" PE","depthM":0.8,"pressureTier":"lp","excessFlowValve":false}},{"type":"Feature","id":"gas-E671","geometry":{"type":"LineString","coordinates":[[-80.6015938,43.2987518],[-80.6016511,43.2987525],[-80.601737,43.2987179]]},"properties":{"kind":"service","tier":"service","placement":"underground","from":"gas-T-191","to":"gas-N-P-00158","lengthM":12.6,"sizeMm":25,"diameterIn":0.98,"nominalLabel":"1\" PE","depthM":0.8,"pressureTier":"lp","excessFlowValve":false}},{"type":"Feature","id":"gas-E672","geometry":{"type":"LineString","coordinates":[[-80.601591,43.2989342],[-80.6016483,43.2989333],[-80.6017463,43.2988702]]},"properties":{"kind":"service","tier":"service","placement":"underground","from":"gas-T-192","to":"gas-N-P-00159","lengthM":15.25,"sizeMm":25,"diameterIn":0.98,"nominalLabel":"1\" PE","depthM":0.8,"pressureTier":"lp","excessFlowValve":false}},{"type":"Feature","id":"gas-E673","geometry":{"type":"LineString","coordinates":[[-80.6015982,43.2991173],[-80.6016551,43.2991148],[-80.6017432,43.299059]]},"properties":{"kind":"service","tier":"service","placement":"underground","from":"gas-T-193","to":"gas-N-P-00160","lengthM":14.08,"sizeMm":25,"diameterIn":0.98,"nominalLabel":"1\" PE","depthM":0.8,"pressureTier":"lp","excessFlowValve":false}},{"type":"Feature","id":"gas-E674","geometry":{"type":"LineString","coordinates":[[-80.6016135,43.2992906],[-80.60167,43.2992869],[-80.6017306,43.2992391]]},"properties":{"kind":"service","tier":"service","placement":"underground","from":"gas-T-194","to":"gas-N-P-00161","lengthM":11.83,"sizeMm":25,"diameterIn":0.98,"nominalLabel":"1\" PE","depthM":0.8,"pressureTier":"lp","excessFlowValve":false}},{"type":"Feature","id":"gas-E675","geometry":{"type":"LineString","coordinates":[[-80.6016352,43.2994577],[-80.6016916,43.2994527],[-80.6017023,43.2994304]]},"properties":{"kind":"service","tier":"service","placement":"underground","from":"gas-T-195","to":"gas-N-P-00162","lengthM":7.24,"sizeMm":25,"diameterIn":0.98,"nominalLabel":"1\" PE","depthM":0.8,"pressureTier":"lp","excessFlowValve":false}},{"type":"Feature","id":"gas-E676","geometry":{"type":"LineString","coordinates":[[-80.6016819,43.2980666],[-80.6015171,43.2980502],[-80.6014452,43.2980017]]},"properties":{"kind":"service","tier":"service","placement":"underground","from":"gas-T-196","to":"gas-N-P-00163","lengthM":21.42,"sizeMm":25,"diameterIn":0.98,"nominalLabel":"1\" PE","depthM":0.8,"pressureTier":"lp","excessFlowValve":false}},{"type":"Feature","id":"gas-E677","geometry":{"type":"LineString","coordinates":[[-80.6016511,43.2982366],[-80.6014861,43.2982226],[-80.6014131,43.298184]]},"properties":{"kind":"service","tier":"service","placement":"underground","from":"gas-T-197","to":"gas-N-P-00164","lengthM":20.77,"sizeMm":25,"diameterIn":0.98,"nominalLabel":"1\" PE","depthM":0.8,"pressureTier":"lp","excessFlowValve":false}},{"type":"Feature","id":"gas-E678","geometry":{"type":"LineString","coordinates":[[-80.6016247,43.2984112],[-80.6014598,43.2984006],[-80.6013912,43.2983431]]},"properties":{"kind":"service","tier":"service","placement":"underground","from":"gas-T-198","to":"gas-N-P-00165","lengthM":21.89,"sizeMm":25,"diameterIn":0.98,"nominalLabel":"1\" PE","depthM":0.8,"pressureTier":"lp","excessFlowValve":false}},{"type":"Feature","id":"gas-E679","geometry":{"type":"LineString","coordinates":[[-80.6016054,43.2985818],[-80.6014401,43.2985752],[-80.6013542,43.2985283]]},"properties":{"kind":"service","tier":"service","placement":"underground","from":"gas-T-199","to":"gas-N-P-00166","lengthM":22.11,"sizeMm":25,"diameterIn":0.98,"nominalLabel":"1\" PE","depthM":0.8,"pressureTier":"lp","excessFlowValve":false}},{"type":"Feature","id":"gas-E680","geometry":{"type":"LineString","coordinates":[[-80.6016122,43.2992804],[-80.6014476,43.2992915],[-80.6013715,43.2992449]]},"properties":{"kind":"service","tier":"service","placement":"underground","from":"gas-T-200","to":"gas-N-P-00167","lengthM":21.45,"sizeMm":25,"diameterIn":0.98,"nominalLabel":"1\" PE","depthM":0.8,"pressureTier":"lp","excessFlowValve":false}},{"type":"Feature","id":"gas-E681","geometry":{"type":"LineString","coordinates":[[-80.6017469,43.2977442],[-80.6015821,43.2977263],[-80.6014859,43.2977507]]},"properties":{"kind":"service","tier":"service","placement":"underground","from":"gas-T-201","to":"gas-N-P-00168","lengthM":21.75,"sizeMm":25,"diameterIn":0.98,"nominalLabel":"1\" PE","depthM":0.8,"pressureTier":"lp","excessFlowValve":false}},{"type":"Feature","id":"gas-E682","geometry":{"type":"LineString","coordinates":[[-80.6017781,43.2975881],[-80.601613,43.2975712],[-80.6015116,43.2975971]]},"properties":{"kind":"service","tier":"service","placement":"underground","from":"gas-T-202","to":"gas-N-P-00169","lengthM":22.22,"sizeMm":25,"diameterIn":0.98,"nominalLabel":"1\" PE","depthM":0.8,"pressureTier":"lp","excessFlowValve":false}},{"type":"Feature","id":"gas-E683","geometry":{"type":"LineString","coordinates":[[-80.6018315,43.2972856],[-80.6016644,43.2972739],[-80.6015869,43.2972884]]},"properties":{"kind":"service","tier":"service","placement":"underground","from":"gas-T-203","to":"gas-N-P-00171","lengthM":20.09,"sizeMm":25,"diameterIn":0.98,"nominalLabel":"1\" PE","depthM":0.8,"pressureTier":"lp","excessFlowValve":false}},{"type":"Feature","id":"gas-E684","geometry":{"type":"LineString","coordinates":[[-80.6018518,43.2971327],[-80.6016847,43.2971209],[-80.6016097,43.2971447]]},"properties":{"kind":"service","tier":"service","placement":"underground","from":"gas-T-204","to":"gas-N-P-00172","lengthM":20.23,"sizeMm":25,"diameterIn":0.98,"nominalLabel":"1\" PE","depthM":0.8,"pressureTier":"lp","excessFlowValve":false}},{"type":"Feature","id":"gas-E685","geometry":{"type":"LineString","coordinates":[[-80.6018049,43.2974455],[-80.6018595,43.2974504],[-80.6018871,43.2974807]]},"properties":{"kind":"service","tier":"service","placement":"underground","from":"gas-T-205","to":"gas-N-P-00173","lengthM":8.5,"sizeMm":25,"diameterIn":0.98,"nominalLabel":"1\" PE","depthM":0.8,"pressureTier":"lp","excessFlowValve":false}},{"type":"Feature","id":"gas-E686","geometry":{"type":"LineString","coordinates":[[-80.6018311,43.2972891],[-80.6018851,43.2972929],[-80.6019556,43.297342]]},"properties":{"kind":"service","tier":"service","placement":"underground","from":"gas-T-206","to":"gas-N-P-00174","lengthM":12.31,"sizeMm":25,"diameterIn":0.98,"nominalLabel":"1\" PE","depthM":0.8,"pressureTier":"lp","excessFlowValve":false}},{"type":"Feature","id":"gas-E687","geometry":{"type":"LineString","coordinates":[[-80.601852,43.297131],[-80.6019059,43.2971348],[-80.6019718,43.2971751]]},"properties":{"kind":"service","tier":"service","placement":"underground","from":"gas-T-207","to":"gas-N-P-00175","lengthM":11.36,"sizeMm":25,"diameterIn":0.98,"nominalLabel":"1\" PE","depthM":0.8,"pressureTier":"lp","excessFlowValve":false}},{"type":"Feature","id":"gas-E688","geometry":{"type":"LineString","coordinates":[[-80.6018664,43.2969766],[-80.601921,43.2969791],[-80.6020016,43.29701]]},"properties":{"kind":"service","tier":"service","placement":"underground","from":"gas-T-208","to":"gas-N-P-00176","lengthM":11.81,"sizeMm":25,"diameterIn":0.98,"nominalLabel":"1\" PE","depthM":0.8,"pressureTier":"lp","excessFlowValve":false}},{"type":"Feature","id":"gas-E689","geometry":{"type":"LineString","coordinates":[[-80.6016245,43.2999622],[-80.6016794,43.2999658],[-80.601747,43.2999292]]},"properties":{"kind":"service","tier":"service","placement":"underground","from":"gas-T-209","to":"gas-N-P-00177","lengthM":11.29,"sizeMm":25,"diameterIn":0.98,"nominalLabel":"1\" PE","depthM":0.8,"pressureTier":"lp","excessFlowValve":false}},{"type":"Feature","id":"gas-E690","geometry":{"type":"LineString","coordinates":[[-80.6016007,43.300131],[-80.6016556,43.3001353],[-80.6017361,43.3000932]]},"properties":{"kind":"service","tier":"service","placement":"underground","from":"gas-T-210","to":"gas-N-P-00178","lengthM":12.5,"sizeMm":25,"diameterIn":0.98,"nominalLabel":"1\" PE","depthM":0.8,"pressureTier":"lp","excessFlowValve":false}},{"type":"Feature","id":"gas-E691","geometry":{"type":"LineString","coordinates":[[-80.601574,43.3002995],[-80.6016292,43.3003043],[-80.6016966,43.3002585]]},"properties":{"kind":"service","tier":"service","placement":"underground","from":"gas-T-211","to":"gas-N-P-00179","lengthM":11.97,"sizeMm":25,"diameterIn":0.98,"nominalLabel":"1\" PE","depthM":0.8,"pressureTier":"lp","excessFlowValve":false}},{"type":"Feature","id":"gas-E692","geometry":{"type":"LineString","coordinates":[[-80.6015472,43.3004597],[-80.6016023,43.3004646],[-80.6016788,43.3004224]]},"properties":{"kind":"service","tier":"service","placement":"underground","from":"gas-T-212","to":"gas-N-P-00180","lengthM":12.28,"sizeMm":25,"diameterIn":0.98,"nominalLabel":"1\" PE","depthM":0.8,"pressureTier":"lp","excessFlowValve":false}},{"type":"Feature","id":"gas-E693","geometry":{"type":"LineString","coordinates":[[-80.6015176,43.3006342],[-80.6015728,43.3006391],[-80.6016417,43.3006165]]},"properties":{"kind":"service","tier":"service","placement":"underground","from":"gas-T-213","to":"gas-N-P-00181","lengthM":10.63,"sizeMm":25,"diameterIn":0.98,"nominalLabel":"1\" PE","depthM":0.8,"pressureTier":"lp","excessFlowValve":false}},{"type":"Feature","id":"gas-E694","geometry":{"type":"LineString","coordinates":[[-80.6014895,43.3008052],[-80.6015447,43.3008098],[-80.6016087,43.3007831]]},"properties":{"kind":"service","tier":"service","placement":"underground","from":"gas-T-214","to":"gas-N-P-00182","lengthM":10.48,"sizeMm":25,"diameterIn":0.98,"nominalLabel":"1\" PE","depthM":0.8,"pressureTier":"lp","excessFlowValve":false}},{"type":"Feature","id":"gas-E695","geometry":{"type":"LineString","coordinates":[[-80.6014638,43.3009752],[-80.6015193,43.3009794],[-80.6016021,43.3009412]]},"properties":{"kind":"service","tier":"service","placement":"underground","from":"gas-T-215","to":"gas-N-P-00183","lengthM":12.46,"sizeMm":25,"diameterIn":0.98,"nominalLabel":"1\" PE","depthM":0.8,"pressureTier":"lp","excessFlowValve":false}},{"type":"Feature","id":"gas-E696","geometry":{"type":"LineString","coordinates":[[-80.6014239,43.3013154],[-80.6014799,43.3013179],[-80.6015837,43.3012577]]},"properties":{"kind":"service","tier":"service","placement":"underground","from":"gas-T-216","to":"gas-N-P-00185","lengthM":15.29,"sizeMm":25,"diameterIn":0.98,"nominalLabel":"1\" PE","depthM":0.8,"pressureTier":"lp","excessFlowValve":false}},{"type":"Feature","id":"gas-E697","geometry":{"type":"LineString","coordinates":[[-80.6014111,43.30199],[-80.601468,43.3019879],[-80.6015504,43.3019226]]},"properties":{"kind":"service","tier":"service","placement":"underground","from":"gas-T-217","to":"gas-N-P-00189","lengthM":14.48,"sizeMm":25,"diameterIn":0.98,"nominalLabel":"1\" PE","depthM":0.8,"pressureTier":"lp","excessFlowValve":false}},{"type":"Feature","id":"gas-E698","geometry":{"type":"LineString","coordinates":[[-80.6014401,43.3023243],[-80.6014966,43.3023212],[-80.6015698,43.302257]]},"properties":{"kind":"service","tier":"service","placement":"underground","from":"gas-T-218","to":"gas-N-P-00191","lengthM":13.88,"sizeMm":25,"diameterIn":0.98,"nominalLabel":"1\" PE","depthM":0.8,"pressureTier":"lp","excessFlowValve":false}},{"type":"Feature","id":"gas-E699","geometry":{"type":"LineString","coordinates":[[-80.6014618,43.3024907],[-80.6015176,43.3024868],[-80.6015917,43.3024358]]},"properties":{"kind":"service","tier":"service","placement":"underground","from":"gas-T-219","to":"gas-N-P-00192","lengthM":12.81,"sizeMm":25,"diameterIn":0.98,"nominalLabel":"1\" PE","depthM":0.8,"pressureTier":"lp","excessFlowValve":false}},{"type":"Feature","id":"gas-E700","geometry":{"type":"LineString","coordinates":[[-80.6014868,43.302657],[-80.6015424,43.3026525],[-80.6016044,43.3026036]]},"properties":{"kind":"service","tier":"service","placement":"underground","from":"gas-T-220","to":"gas-N-P-00193","lengthM":11.93,"sizeMm":25,"diameterIn":0.98,"nominalLabel":"1\" PE","depthM":0.8,"pressureTier":"lp","excessFlowValve":false}},{"type":"Feature","id":"gas-E701","geometry":{"type":"LineString","coordinates":[[-80.6015141,43.3028236],[-80.6015693,43.3028187],[-80.6016393,43.3027654]]},"properties":{"kind":"service","tier":"service","placement":"underground","from":"gas-T-221","to":"gas-N-P-00194","lengthM":12.71,"sizeMm":25,"diameterIn":0.98,"nominalLabel":"1\" PE","depthM":0.8,"pressureTier":"lp","excessFlowValve":false}},{"type":"Feature","id":"gas-E702","geometry":{"type":"LineString","coordinates":[[-80.6015407,43.3029803],[-80.6015958,43.3029753],[-80.6016627,43.3029304]]},"properties":{"kind":"service","tier":"service","placement":"underground","from":"gas-T-222","to":"gas-N-P-00195","lengthM":11.87,"sizeMm":25,"diameterIn":0.98,"nominalLabel":"1\" PE","depthM":0.8,"pressureTier":"lp","excessFlowValve":false}},{"type":"Feature","id":"gas-E703","geometry":{"type":"LineString","coordinates":[[-80.60157,43.3031538],[-80.601625,43.303149],[-80.6016956,43.3031048]]},"properties":{"kind":"service","tier":"service","placement":"underground","from":"gas-T-223","to":"gas-N-P-00196","lengthM":12.03,"sizeMm":25,"diameterIn":0.98,"nominalLabel":"1\" PE","depthM":0.8,"pressureTier":"lp","excessFlowValve":false}},{"type":"Feature","id":"gas-E704","geometry":{"type":"LineString","coordinates":[[-80.6016255,43.2999537],[-80.6014592,43.2999428],[-80.6013948,43.2998791]]},"properties":{"kind":"service","tier":"service","placement":"underground","from":"gas-T-224","to":"gas-N-P-00197","lengthM":22.34,"sizeMm":25,"diameterIn":0.98,"nominalLabel":"1\" PE","depthM":0.8,"pressureTier":"lp","excessFlowValve":false}},{"type":"Feature","id":"gas-E705","geometry":{"type":"LineString","coordinates":[[-80.6016016,43.3001249],[-80.6014357,43.300112],[-80.601371,43.3000765]]},"properties":{"kind":"service","tier":"service","placement":"underground","from":"gas-T-225","to":"gas-N-P-00198","lengthM":20.07,"sizeMm":25,"diameterIn":0.98,"nominalLabel":"1\" PE","depthM":0.8,"pressureTier":"lp","excessFlowValve":false}},{"type":"Feature","id":"gas-E706","geometry":{"type":"LineString","coordinates":[[-80.6015756,43.3002898],[-80.6014102,43.3002754],[-80.6013594,43.3002165]]},"properties":{"kind":"service","tier":"service","placement":"underground","from":"gas-T-226","to":"gas-N-P-00199","lengthM":21.24,"sizeMm":25,"diameterIn":0.98,"nominalLabel":"1\" PE","depthM":0.8,"pressureTier":"lp","excessFlowValve":false}},{"type":"Feature","id":"gas-E707","geometry":{"type":"LineString","coordinates":[[-80.6015173,43.3006359],[-80.6013519,43.3006211],[-80.6012948,43.3005752]]},"properties":{"kind":"service","tier":"service","placement":"underground","from":"gas-T-227","to":"gas-N-P-00201","lengthM":20.4,"sizeMm":25,"diameterIn":0.98,"nominalLabel":"1\" PE","depthM":0.8,"pressureTier":"lp","excessFlowValve":false}},{"type":"Feature","id":"gas-E708","geometry":{"type":"LineString","coordinates":[[-80.6014342,43.300841],[-80.601324,43.3007913],[-80.6012698,43.3007388]]},"properties":{"kind":"service","tier":"service","placement":"underground","from":"gas-T-228","to":"gas-N-P-00202","lengthM":17.81,"sizeMm":25,"diameterIn":0.98,"nominalLabel":"1\" PE","depthM":0.8,"pressureTier":"lp","excessFlowValve":false}},{"type":"Feature","id":"gas-E709","geometry":{"type":"LineString","coordinates":[[-80.6014653,43.300965],[-80.6012997,43.3009527],[-80.6012495,43.3008976]]},"properties":{"kind":"service","tier":"service","placement":"underground","from":"gas-T-229","to":"gas-N-P-00203","lengthM":20.85,"sizeMm":25,"diameterIn":0.98,"nominalLabel":"1\" PE","depthM":0.8,"pressureTier":"lp","excessFlowValve":false}},{"type":"Feature","id":"gas-E710","geometry":{"type":"LineString","coordinates":[[-80.6014445,43.3011196],[-80.601279,43.3011096],[-80.6012045,43.3010874]]},"properties":{"kind":"service","tier":"service","placement":"underground","from":"gas-T-230","to":"gas-N-P-00204","lengthM":19.98,"sizeMm":25,"diameterIn":0.98,"nominalLabel":"1\" PE","depthM":0.8,"pressureTier":"lp","excessFlowValve":false}},{"type":"Feature","id":"gas-E711","geometry":{"type":"LineString","coordinates":[[-80.6014269,43.3012783],[-80.6012617,43.3012712],[-80.6012016,43.3012274]]},"properties":{"kind":"service","tier":"service","placement":"underground","from":"gas-T-231","to":"gas-N-P-00205","lengthM":20.3,"sizeMm":25,"diameterIn":0.98,"nominalLabel":"1\" PE","depthM":0.8,"pressureTier":"lp","excessFlowValve":false}},{"type":"Feature","id":"gas-E712","geometry":{"type":"LineString","coordinates":[[-80.6014132,43.3014517],[-80.6012481,43.3014477],[-80.6011746,43.301409]]},"properties":{"kind":"service","tier":"service","placement":"underground","from":"gas-T-232","to":"gas-N-P-00206","lengthM":20.73,"sizeMm":25,"diameterIn":0.98,"nominalLabel":"1\" PE","depthM":0.8,"pressureTier":"lp","excessFlowValve":false}},{"type":"Feature","id":"gas-E713","geometry":{"type":"LineString","coordinates":[[-80.6014055,43.301629],[-80.6012403,43.3016284],[-80.6011536,43.3015681]]},"properties":{"kind":"service","tier":"service","placement":"underground","from":"gas-T-233","to":"gas-N-P-00207","lengthM":23.09,"sizeMm":25,"diameterIn":0.98,"nominalLabel":"1\" PE","depthM":0.8,"pressureTier":"lp","excessFlowValve":false}},{"type":"Feature","id":"gas-E714","geometry":{"type":"LineString","coordinates":[[-80.6014043,43.3017974],[-80.6012392,43.3017968],[-80.6011435,43.3017546]]},"properties":{"kind":"service","tier":"service","placement":"underground","from":"gas-T-234","to":"gas-N-P-00208","lengthM":22.44,"sizeMm":25,"diameterIn":0.98,"nominalLabel":"1\" PE","depthM":0.8,"pressureTier":"lp","excessFlowValve":false}},{"type":"Feature","id":"gas-E715","geometry":{"type":"LineString","coordinates":[[-80.6014095,43.3019562],[-80.601244,43.3019591],[-80.601155,43.301922]]},"properties":{"kind":"service","tier":"service","placement":"underground","from":"gas-T-235","to":"gas-N-P-00209","lengthM":21.72,"sizeMm":25,"diameterIn":0.98,"nominalLabel":"1\" PE","depthM":0.8,"pressureTier":"lp","excessFlowValve":false}},{"type":"Feature","id":"gas-E716","geometry":{"type":"LineString","coordinates":[[-80.6014202,43.3021216],[-80.6012547,43.3021277],[-80.6011521,43.3020917]]},"properties":{"kind":"service","tier":"service","placement":"underground","from":"gas-T-236","to":"gas-N-P-00210","lengthM":22.66,"sizeMm":25,"diameterIn":0.98,"nominalLabel":"1\" PE","depthM":0.8,"pressureTier":"lp","excessFlowValve":false}},{"type":"Feature","id":"gas-E717","geometry":{"type":"LineString","coordinates":[[-80.6014357,43.3022817],[-80.6012698,43.3022908],[-80.601189,43.3022566]]},"properties":{"kind":"service","tier":"service","placement":"underground","from":"gas-T-237","to":"gas-N-P-00211","lengthM":21.04,"sizeMm":25,"diameterIn":0.98,"nominalLabel":"1\" PE","depthM":0.8,"pressureTier":"lp","excessFlowValve":false}},{"type":"Feature","id":"gas-E718","geometry":{"type":"LineString","coordinates":[[-80.6014562,43.3024488],[-80.6012907,43.3024603],[-80.6011912,43.3024259]]},"properties":{"kind":"service","tier":"service","placement":"underground","from":"gas-T-238","to":"gas-N-P-00212","lengthM":22.4,"sizeMm":25,"diameterIn":0.98,"nominalLabel":"1\" PE","depthM":0.8,"pressureTier":"lp","excessFlowValve":false}},{"type":"Feature","id":"gas-E719","geometry":{"type":"LineString","coordinates":[[-80.6014813,43.3026211],[-80.6013158,43.3026346],[-80.6012327,43.3026028]]},"properties":{"kind":"service","tier":"service","placement":"underground","from":"gas-T-239","to":"gas-N-P-00213","lengthM":21.1,"sizeMm":25,"diameterIn":0.98,"nominalLabel":"1\" PE","depthM":0.8,"pressureTier":"lp","excessFlowValve":false}},{"type":"Feature","id":"gas-E720","geometry":{"type":"LineString","coordinates":[[-80.6015078,43.3027853],[-80.6013423,43.3027999],[-80.6012686,43.3027719]]},"properties":{"kind":"service","tier":"service","placement":"underground","from":"gas-T-240","to":"gas-N-P-00214","lengthM":20.23,"sizeMm":25,"diameterIn":0.98,"nominalLabel":"1\" PE","depthM":0.8,"pressureTier":"lp","excessFlowValve":false}},{"type":"Feature","id":"gas-E721","geometry":{"type":"LineString","coordinates":[[-80.5999463,43.2998996],[-80.6000018,43.2999011],[-80.6000607,43.2998632]]},"properties":{"kind":"service","tier":"service","placement":"underground","from":"gas-T-241","to":"gas-N-P-00215","lengthM":10.87,"sizeMm":25,"diameterIn":0.98,"nominalLabel":"1\" PE","depthM":0.8,"pressureTier":"lp","excessFlowValve":false}},{"type":"Feature","id":"gas-E722","geometry":{"type":"LineString","coordinates":[[-80.5999364,43.3000491],[-80.5999912,43.3000518],[-80.6000629,43.3000191]]},"properties":{"kind":"service","tier":"service","placement":"underground","from":"gas-T-242","to":"gas-N-P-00216","lengthM":11.31,"sizeMm":25,"diameterIn":0.98,"nominalLabel":"1\" PE","depthM":0.8,"pressureTier":"lp","excessFlowValve":false}},{"type":"Feature","id":"gas-E723","geometry":{"type":"LineString","coordinates":[[-80.5999227,43.300191],[-80.5999768,43.3001948],[-80.600046,43.3001742]]},"properties":{"kind":"service","tier":"service","placement":"underground","from":"gas-T-243","to":"gas-N-P-00217","lengthM":10.46,"sizeMm":25,"diameterIn":0.98,"nominalLabel":"1\" PE","depthM":0.8,"pressureTier":"lp","excessFlowValve":false}},{"type":"Feature","id":"gas-E724","geometry":{"type":"LineString","coordinates":[[-80.5999048,43.3003259],[-80.5999596,43.3003298],[-80.6000229,43.3003113]]},"properties":{"kind":"service","tier":"service","placement":"underground","from":"gas-T-244","to":"gas-N-P-00218","lengthM":9.99,"sizeMm":25,"diameterIn":0.98,"nominalLabel":"1\" PE","depthM":0.8,"pressureTier":"lp","excessFlowValve":false}},{"type":"Feature","id":"gas-E725","geometry":{"type":"LineString","coordinates":[[-80.5998826,43.3004676],[-80.5999377,43.3004725],[-80.6000002,43.3004485]]},"properties":{"kind":"service","tier":"service","placement":"underground","from":"gas-T-245","to":"gas-N-P-00219","lengthM":10.22,"sizeMm":25,"diameterIn":0.98,"nominalLabel":"1\" PE","depthM":0.8,"pressureTier":"lp","excessFlowValve":false}},{"type":"Feature","id":"gas-E726","geometry":{"type":"LineString","coordinates":[[-80.599857,43.3006117],[-80.599912,43.3006173],[-80.5999938,43.3005909]]},"properties":{"kind":"service","tier":"service","placement":"underground","from":"gas-T-246","to":"gas-N-P-00220","lengthM":11.75,"sizeMm":25,"diameterIn":0.98,"nominalLabel":"1\" PE","depthM":0.8,"pressureTier":"lp","excessFlowValve":false}},{"type":"Feature","id":"gas-E727","geometry":{"type":"LineString","coordinates":[[-80.5998549,43.3006227],[-80.5996899,43.300606],[-80.5996164,43.3005667]]},"properties":{"kind":"service","tier":"service","placement":"underground","from":"gas-T-247","to":"gas-N-P-00221","lengthM":20.89,"sizeMm":25,"diameterIn":0.98,"nominalLabel":"1\" PE","depthM":0.8,"pressureTier":"lp","excessFlowValve":false}},{"type":"Feature","id":"gas-E728","geometry":{"type":"LineString","coordinates":[[-80.5996024,43.3030495],[-80.599438,43.3030616],[-80.5993646,43.3031056]]},"properties":{"kind":"service","tier":"service","placement":"underground","from":"gas-T-248","to":"gas-N-P-00223","lengthM":21.09,"sizeMm":25,"diameterIn":0.98,"nominalLabel":"1\" PE","depthM":0.8,"pressureTier":"lp","excessFlowValve":false}},{"type":"Feature","id":"gas-E729","geometry":{"type":"LineString","coordinates":[[-80.5995851,43.3028977],[-80.5994201,43.3029077],[-80.5993515,43.302944]]},"properties":{"kind":"service","tier":"service","placement":"underground","from":"gas-T-249","to":"gas-N-P-00224","lengthM":20.28,"sizeMm":25,"diameterIn":0.98,"nominalLabel":"1\" PE","depthM":0.8,"pressureTier":"lp","excessFlowValve":false}},{"type":"Feature","id":"gas-E730","geometry":{"type":"LineString","coordinates":[[-80.5995718,43.3027335],[-80.5994063,43.30274],[-80.5993255,43.3027906]]},"properties":{"kind":"service","tier":"service","placement":"underground","from":"gas-T-250","to":"gas-N-P-00225","lengthM":22.06,"sizeMm":25,"diameterIn":0.98,"nominalLabel":"1\" PE","depthM":0.8,"pressureTier":"lp","excessFlowValve":false}},{"type":"Feature","id":"gas-E731","geometry":{"type":"LineString","coordinates":[[-80.5995645,43.3025599],[-80.5993989,43.3025627],[-80.5993152,43.3025938]]},"properties":{"kind":"service","tier":"service","placement":"underground","from":"gas-T-251","to":"gas-N-P-00226","lengthM":21.03,"sizeMm":25,"diameterIn":0.98,"nominalLabel":"1\" PE","depthM":0.8,"pressureTier":"lp","excessFlowValve":false}},{"type":"Feature","id":"gas-E732","geometry":{"type":"LineString","coordinates":[[-80.5995646,43.3023892],[-80.5993986,43.3023881],[-80.5993133,43.3024439]]},"properties":{"kind":"service","tier":"service","placement":"underground","from":"gas-T-252","to":"gas-N-P-00227","lengthM":22.74,"sizeMm":25,"diameterIn":0.98,"nominalLabel":"1\" PE","depthM":0.8,"pressureTier":"lp","excessFlowValve":false}},{"type":"Feature","id":"gas-E733","geometry":{"type":"LineString","coordinates":[[-80.5995709,43.3022355],[-80.5994045,43.3022305],[-80.5993141,43.3022559]]},"properties":{"kind":"service","tier":"service","placement":"underground","from":"gas-T-253","to":"gas-N-P-00228","lengthM":21.35,"sizeMm":25,"diameterIn":0.98,"nominalLabel":"1\" PE","depthM":0.8,"pressureTier":"lp","excessFlowValve":false}},{"type":"Feature","id":"gas-E734","geometry":{"type":"LineString","coordinates":[[-80.5996029,43.3019059],[-80.5994373,43.301894],[-80.5993541,43.3019498]]},"properties":{"kind":"service","tier":"service","placement":"underground","from":"gas-T-254","to":"gas-N-P-00230","lengthM":22.65,"sizeMm":25,"diameterIn":0.98,"nominalLabel":"1\" PE","depthM":0.8,"pressureTier":"lp","excessFlowValve":false}},{"type":"Feature","id":"gas-E735","geometry":{"type":"LineString","coordinates":[[-80.5996259,43.3017483],[-80.5994609,43.3017336],[-80.5993759,43.3017684]]},"properties":{"kind":"service","tier":"service","placement":"underground","from":"gas-T-255","to":"gas-N-P-00231","lengthM":21.37,"sizeMm":25,"diameterIn":0.98,"nominalLabel":"1\" PE","depthM":0.8,"pressureTier":"lp","excessFlowValve":false}},{"type":"Feature","id":"gas-E736","geometry":{"type":"LineString","coordinates":[[-80.599654,43.3015865],[-80.5994896,43.3015697],[-80.5994016,43.3015847]]},"properties":{"kind":"service","tier":"service","placement":"underground","from":"gas-T-256","to":"gas-N-P-00232","lengthM":20.77,"sizeMm":25,"diameterIn":0.98,"nominalLabel":"1\" PE","depthM":0.8,"pressureTier":"lp","excessFlowValve":false}},{"type":"Feature","id":"gas-E737","geometry":{"type":"LineString","coordinates":[[-80.5996856,43.3014244],[-80.5995213,43.3014061],[-80.599448,43.3014413]]},"properties":{"kind":"service","tier":"service","placement":"underground","from":"gas-T-257","to":"gas-N-P-00233","lengthM":20.58,"sizeMm":25,"diameterIn":0.98,"nominalLabel":"1\" PE","depthM":0.8,"pressureTier":"lp","excessFlowValve":false}},{"type":"Feature","id":"gas-E738","geometry":{"type":"LineString","coordinates":[[-80.5997203,43.3012596],[-80.5995561,43.3012406],[-80.5994756,43.3012534]]},"properties":{"kind":"service","tier":"service","placement":"underground","from":"gas-T-258","to":"gas-N-P-00234","lengthM":20.15,"sizeMm":25,"diameterIn":0.98,"nominalLabel":"1\" PE","depthM":0.8,"pressureTier":"lp","excessFlowValve":false}},{"type":"Feature","id":"gas-E739","geometry":{"type":"LineString","coordinates":[[-80.599758,43.3010869],[-80.5995934,43.3010679],[-80.5995216,43.3011045]]},"properties":{"kind":"service","tier":"service","placement":"underground","from":"gas-T-259","to":"gas-N-P-00235","lengthM":20.61,"sizeMm":25,"diameterIn":0.98,"nominalLabel":"1\" PE","depthM":0.8,"pressureTier":"lp","excessFlowValve":false}},{"type":"Feature","id":"gas-E740","geometry":{"type":"LineString","coordinates":[[-80.5995954,43.3029876],[-80.5996512,43.3029842],[-80.5997403,43.3030137]]},"properties":{"kind":"service","tier":"service","placement":"underground","from":"gas-T-260","to":"gas-N-P-00236","lengthM":12.47,"sizeMm":25,"diameterIn":0.98,"nominalLabel":"1\" PE","depthM":0.8,"pressureTier":"lp","excessFlowValve":false}},{"type":"Feature","id":"gas-E741","geometry":{"type":"LineString","coordinates":[[-80.5995669,43.3026349],[-80.5996228,43.3026339],[-80.5997013,43.3026799]]},"properties":{"kind":"service","tier":"service","placement":"underground","from":"gas-T-261","to":"gas-N-P-00238","lengthM":12.7,"sizeMm":25,"diameterIn":0.98,"nominalLabel":"1\" PE","depthM":0.8,"pressureTier":"lp","excessFlowValve":false}},{"type":"Feature","id":"gas-E742","geometry":{"type":"LineString","coordinates":[[-80.5995636,43.3024668],[-80.5996201,43.3024671],[-80.5997063,43.3025064]]},"properties":{"kind":"service","tier":"service","placement":"underground","from":"gas-T-262","to":"gas-N-P-00239","lengthM":12.82,"sizeMm":25,"diameterIn":0.98,"nominalLabel":"1\" PE","depthM":0.8,"pressureTier":"lp","excessFlowValve":false}},{"type":"Feature","id":"gas-E743","geometry":{"type":"LineString","coordinates":[[-80.5995676,43.3022937],[-80.599624,43.3022954],[-80.5997142,43.3023446]]},"properties":{"kind":"service","tier":"service","placement":"underground","from":"gas-T-263","to":"gas-N-P-00240","lengthM":13.71,"sizeMm":25,"diameterIn":0.98,"nominalLabel":"1\" PE","depthM":0.8,"pressureTier":"lp","excessFlowValve":false}},{"type":"Feature","id":"gas-E744","geometry":{"type":"LineString","coordinates":[[-80.5995787,43.3021241],[-80.5996352,43.3021271],[-80.5997208,43.3021783]]},"properties":{"kind":"service","tier":"service","placement":"underground","from":"gas-T-264","to":"gas-N-P-00241","lengthM":13.57,"sizeMm":25,"diameterIn":0.98,"nominalLabel":"1\" PE","depthM":0.8,"pressureTier":"lp","excessFlowValve":false}},{"type":"Feature","id":"gas-E745","geometry":{"type":"LineString","coordinates":[[-80.5995966,43.3019522],[-80.599653,43.3019563],[-80.5997334,43.3020073]]},"properties":{"kind":"service","tier":"service","placement":"underground","from":"gas-T-265","to":"gas-N-P-00242","lengthM":13.23,"sizeMm":25,"diameterIn":0.98,"nominalLabel":"1\" PE","depthM":0.8,"pressureTier":"lp","excessFlowValve":false}},{"type":"Feature","id":"gas-E746","geometry":{"type":"LineString","coordinates":[[-80.5996213,43.3017755],[-80.5996776,43.3017805],[-80.5997694,43.3018131]]},"properties":{"kind":"service","tier":"service","placement":"underground","from":"gas-T-266","to":"gas-N-P-00243","lengthM":12.86,"sizeMm":25,"diameterIn":0.98,"nominalLabel":"1\" PE","depthM":0.8,"pressureTier":"lp","excessFlowValve":false}},{"type":"Feature","id":"gas-E747","geometry":{"type":"LineString","coordinates":[[-80.5996502,43.3016064],[-80.5997059,43.3016121],[-80.5997842,43.3016436]]},"properties":{"kind":"service","tier":"service","placement":"underground","from":"gas-T-267","to":"gas-N-P-00244","lengthM":11.81,"sizeMm":25,"diameterIn":0.98,"nominalLabel":"1\" PE","depthM":0.8,"pressureTier":"lp","excessFlowValve":false}},{"type":"Feature","id":"gas-E748","geometry":{"type":"LineString","coordinates":[[-80.5996816,43.3014433],[-80.5997374,43.301449],[-80.5997892,43.3014993]]},"properties":{"kind":"service","tier":"service","placement":"underground","from":"gas-T-268","to":"gas-N-P-00245","lengthM":11.55,"sizeMm":25,"diameterIn":0.98,"nominalLabel":"1\" PE","depthM":0.8,"pressureTier":"lp","excessFlowValve":false}},{"type":"Feature","id":"gas-E749","geometry":{"type":"LineString","coordinates":[[-80.5997563,43.3010948],[-80.5998111,43.3011011],[-80.5998703,43.3011597]]},"properties":{"kind":"service","tier":"service","placement":"underground","from":"gas-T-269","to":"gas-N-P-00247","lengthM":12.59,"sizeMm":25,"diameterIn":0.98,"nominalLabel":"1\" PE","depthM":0.8,"pressureTier":"lp","excessFlowValve":false}},{"type":"Feature","id":"gas-E750","geometry":{"type":"LineString","coordinates":[[-80.5997916,43.3009331],[-80.5998476,43.3009396],[-80.5998986,43.3009782]]},"properties":{"kind":"service","tier":"service","placement":"underground","from":"gas-T-270","to":"gas-N-P-00248","lengthM":10.56,"sizeMm":25,"diameterIn":0.98,"nominalLabel":"1\" PE","depthM":0.8,"pressureTier":"lp","excessFlowValve":false}},{"type":"Feature","id":"gas-E751","geometry":{"type":"LineString","coordinates":[[-80.5993065,43.3008047],[-80.5993065,43.3008451],[-80.5993538,43.3008681]]},"properties":{"kind":"service","tier":"service","placement":"underground","from":"gas-T-271","to":"gas-N-P-00249","lengthM":9.1,"sizeMm":25,"diameterIn":0.98,"nominalLabel":"1\" PE","depthM":0.8,"pressureTier":"lp","excessFlowValve":false}},{"type":"Feature","id":"gas-E752","geometry":{"type":"LineString","coordinates":[[-80.5990727,43.3008047],[-80.5990727,43.3008451],[-80.5991344,43.3008999]]},"properties":{"kind":"service","tier":"service","placement":"underground","from":"gas-T-272","to":"gas-N-P-00250","lengthM":12.38,"sizeMm":25,"diameterIn":0.98,"nominalLabel":"1\" PE","depthM":0.8,"pressureTier":"lp","excessFlowValve":false}},{"type":"Feature","id":"gas-E753","geometry":{"type":"LineString","coordinates":[[-80.5993185,43.3008047],[-80.5993185,43.3006834],[-80.5992895,43.3006044]]},"properties":{"kind":"service","tier":"service","placement":"underground","from":"gas-T-273","to":"gas-N-P-00251","lengthM":22.61,"sizeMm":25,"diameterIn":0.98,"nominalLabel":"1\" PE","depthM":0.8,"pressureTier":"lp","excessFlowValve":false}},{"type":"Feature","id":"gas-E754","geometry":{"type":"LineString","coordinates":[[-80.5990786,43.3008047],[-80.5990786,43.3006834],[-80.5991331,43.3006416]]},"properties":{"kind":"service","tier":"service","placement":"underground","from":"gas-T-274","to":"gas-N-P-00252","lengthM":19.92,"sizeMm":25,"diameterIn":0.98,"nominalLabel":"1\" PE","depthM":0.8,"pressureTier":"lp","excessFlowValve":false}},{"type":"Feature","id":"gas-E755","geometry":{"type":"LineString","coordinates":[[-80.5995678,43.2988487],[-80.5995115,43.2988479],[-80.5994354,43.2989004]]},"properties":{"kind":"service","tier":"service","placement":"underground","from":"gas-T-275","to":"gas-N-P-00253","lengthM":13.06,"sizeMm":25,"diameterIn":0.98,"nominalLabel":"1\" PE","depthM":0.8,"pressureTier":"lp","excessFlowValve":false}},{"type":"Feature","id":"gas-E756","geometry":{"type":"LineString","coordinates":[[-80.5995713,43.2985492],[-80.5995151,43.2985494],[-80.5994555,43.2985711]]},"properties":{"kind":"service","tier":"service","placement":"underground","from":"gas-T-276","to":"gas-N-P-00255","lengthM":9.95,"sizeMm":25,"diameterIn":0.98,"nominalLabel":"1\" PE","depthM":0.8,"pressureTier":"lp","excessFlowValve":false}},{"type":"Feature","id":"gas-E757","geometry":{"type":"LineString","coordinates":[[-80.5995669,43.2984026],[-80.5995112,43.2984037],[-80.5994208,43.2984486]]},"properties":{"kind":"service","tier":"service","placement":"underground","from":"gas-T-277","to":"gas-N-P-00256","lengthM":13.39,"sizeMm":25,"diameterIn":0.98,"nominalLabel":"1\" PE","depthM":0.8,"pressureTier":"lp","excessFlowValve":false}},{"type":"Feature","id":"gas-E758","geometry":{"type":"LineString","coordinates":[[-80.5995589,43.2982539],[-80.5995034,43.2982559],[-80.5994291,43.2983035]]},"properties":{"kind":"service","tier":"service","placement":"underground","from":"gas-T-278","to":"gas-N-P-00257","lengthM":12.52,"sizeMm":25,"diameterIn":0.98,"nominalLabel":"1\" PE","depthM":0.8,"pressureTier":"lp","excessFlowValve":false}},{"type":"Feature","id":"gas-E759","geometry":{"type":"LineString","coordinates":[[-80.5995477,43.298108],[-80.599492,43.2981108],[-80.5994056,43.2981662]]},"properties":{"kind":"service","tier":"service","placement":"underground","from":"gas-T-279","to":"gas-N-P-00258","lengthM":13.86,"sizeMm":25,"diameterIn":0.98,"nominalLabel":"1\" PE","depthM":0.8,"pressureTier":"lp","excessFlowValve":false}},{"type":"Feature","id":"gas-E760","geometry":{"type":"LineString","coordinates":[[-80.5995333,43.2979595],[-80.5994774,43.2979629],[-80.5993985,43.2980004]]},"properties":{"kind":"service","tier":"service","placement":"underground","from":"gas-T-280","to":"gas-N-P-00259","lengthM":12.17,"sizeMm":25,"diameterIn":0.98,"nominalLabel":"1\" PE","depthM":0.8,"pressureTier":"lp","excessFlowValve":false}},{"type":"Feature","id":"gas-E761","geometry":{"type":"LineString","coordinates":[[-80.599516,43.2978101],[-80.5994601,43.2978135],[-80.5993768,43.2978574]]},"properties":{"kind":"service","tier":"service","placement":"underground","from":"gas-T-281","to":"gas-N-P-00260","lengthM":12.87,"sizeMm":25,"diameterIn":0.98,"nominalLabel":"1\" PE","depthM":0.8,"pressureTier":"lp","excessFlowValve":false}},{"type":"Feature","id":"gas-E762","geometry":{"type":"LineString","coordinates":[[-80.5994958,43.2976566],[-80.5994403,43.2976605],[-80.599369,43.2977147]]},"properties":{"kind":"service","tier":"service","placement":"underground","from":"gas-T-282","to":"gas-N-P-00261","lengthM":12.87,"sizeMm":25,"diameterIn":0.98,"nominalLabel":"1\" PE","depthM":0.8,"pressureTier":"lp","excessFlowValve":false}},{"type":"Feature","id":"gas-E763","geometry":{"type":"LineString","coordinates":[[-80.5994748,43.2975066],[-80.5994196,43.2975107],[-80.599331,43.2975606]]},"properties":{"kind":"service","tier":"service","placement":"underground","from":"gas-T-283","to":"gas-N-P-00262","lengthM":13.58,"sizeMm":25,"diameterIn":0.98,"nominalLabel":"1\" PE","depthM":0.8,"pressureTier":"lp","excessFlowValve":false}},{"type":"Feature","id":"gas-E764","geometry":{"type":"LineString","coordinates":[[-80.5994532,43.2973556],[-80.5993979,43.2973599],[-80.599325,43.2974159]]},"properties":{"kind":"service","tier":"service","placement":"underground","from":"gas-T-284","to":"gas-N-P-00263","lengthM":13.09,"sizeMm":25,"diameterIn":0.98,"nominalLabel":"1\" PE","depthM":0.8,"pressureTier":"lp","excessFlowValve":false}},{"type":"Feature","id":"gas-E765","geometry":{"type":"LineString","coordinates":[[-80.599432,43.2972075],[-80.5993767,43.2972116],[-80.5993162,43.2972518]]},"properties":{"kind":"service","tier":"service","placement":"underground","from":"gas-T-285","to":"gas-N-P-00264","lengthM":11.14,"sizeMm":25,"diameterIn":0.98,"nominalLabel":"1\" PE","depthM":0.8,"pressureTier":"lp","excessFlowValve":false}},{"type":"Feature","id":"gas-E766","geometry":{"type":"LineString","coordinates":[[-80.5995593,43.2990103],[-80.5997253,43.2990154],[-80.5997887,43.2990645]]},"properties":{"kind":"service","tier":"service","placement":"underground","from":"gas-T-286","to":"gas-N-P-00266","lengthM":20.97,"sizeMm":25,"diameterIn":0.98,"nominalLabel":"1\" PE","depthM":0.8,"pressureTier":"lp","excessFlowValve":false}},{"type":"Feature","id":"gas-E767","geometry":{"type":"LineString","coordinates":[[-80.5995673,43.2988667],[-80.599733,43.2988691],[-80.5997908,43.2989176]]},"properties":{"kind":"service","tier":"service","placement":"underground","from":"gas-T-287","to":"gas-N-P-00267","lengthM":20.57,"sizeMm":25,"diameterIn":0.98,"nominalLabel":"1\" PE","depthM":0.8,"pressureTier":"lp","excessFlowValve":false}},{"type":"Feature","id":"gas-E768","geometry":{"type":"LineString","coordinates":[[-80.5995714,43.2987182],[-80.5997371,43.2987206],[-80.5998135,43.2987754]]},"properties":{"kind":"service","tier":"service","placement":"underground","from":"gas-T-288","to":"gas-N-P-00268","lengthM":22.12,"sizeMm":25,"diameterIn":0.98,"nominalLabel":"1\" PE","depthM":0.8,"pressureTier":"lp","excessFlowValve":false}},{"type":"Feature","id":"gas-E769","geometry":{"type":"LineString","coordinates":[[-80.5995674,43.2984157],[-80.599734,43.2984124],[-80.5998122,43.2984446]]},"properties":{"kind":"service","tier":"service","placement":"underground","from":"gas-T-289","to":"gas-N-P-00270","lengthM":20.78,"sizeMm":25,"diameterIn":0.98,"nominalLabel":"1\" PE","depthM":0.8,"pressureTier":"lp","excessFlowValve":false}},{"type":"Feature","id":"gas-E770","geometry":{"type":"LineString","coordinates":[[-80.5995603,43.298275],[-80.5997267,43.298269],[-80.5998263,43.2982882]]},"properties":{"kind":"service","tier":"service","placement":"underground","from":"gas-T-290","to":"gas-N-P-00271","lengthM":21.84,"sizeMm":25,"diameterIn":0.98,"nominalLabel":"1\" PE","depthM":0.8,"pressureTier":"lp","excessFlowValve":false}},{"type":"Feature","id":"gas-E771","geometry":{"type":"LineString","coordinates":[[-80.5994596,43.2973995],[-80.5996252,43.2973868],[-80.5997083,43.2974113]]},"properties":{"kind":"service","tier":"service","placement":"underground","from":"gas-T-291","to":"gas-N-P-00273","lengthM":20.76,"sizeMm":25,"diameterIn":0.98,"nominalLabel":"1\" PE","depthM":0.8,"pressureTier":"lp","excessFlowValve":false}},{"type":"Feature","id":"gas-E772","geometry":{"type":"LineString","coordinates":[[-80.5994364,43.2972392],[-80.5996023,43.2972269],[-80.5997034,43.2972644]]},"properties":{"kind":"service","tier":"service","placement":"underground","from":"gas-T-292","to":"gas-N-P-00274","lengthM":22.71,"sizeMm":25,"diameterIn":0.98,"nominalLabel":"1\" PE","depthM":0.8,"pressureTier":"lp","excessFlowValve":false}},{"type":"Feature","id":"gas-E773","geometry":{"type":"LineString","coordinates":[[-80.5994146,43.2970839],[-80.5995808,43.2970715],[-80.5996642,43.2970994]]},"properties":{"kind":"service","tier":"service","placement":"underground","from":"gas-T-293","to":"gas-N-P-00275","lengthM":20.97,"sizeMm":25,"diameterIn":0.98,"nominalLabel":"1\" PE","depthM":0.8,"pressureTier":"lp","excessFlowValve":false}},{"type":"Feature","id":"gas-E774","geometry":{"type":"LineString","coordinates":[[-80.5993965,43.2969431],[-80.5995627,43.2969318],[-80.5996485,43.2969749]]},"properties":{"kind":"service","tier":"service","placement":"underground","from":"gas-T-294","to":"gas-N-P-00276","lengthM":21.96,"sizeMm":25,"diameterIn":0.98,"nominalLabel":"1\" PE","depthM":0.8,"pressureTier":"lp","excessFlowValve":false}},{"type":"Feature","id":"gas-E775","geometry":{"type":"LineString","coordinates":[[-80.5993792,43.2967925],[-80.5995454,43.2967828],[-80.5996198,43.2968364]]},"properties":{"kind":"service","tier":"service","placement":"underground","from":"gas-T-295","to":"gas-N-P-00277","lengthM":22.0,"sizeMm":25,"diameterIn":0.98,"nominalLabel":"1\" PE","depthM":0.8,"pressureTier":"lp","excessFlowValve":false}},{"type":"Feature","id":"gas-E776","geometry":{"type":"LineString","coordinates":[[-80.599364,43.2966368],[-80.5995303,43.2966292],[-80.5996786,43.2966404]]},"properties":{"kind":"service","tier":"service","placement":"underground","from":"gas-T-296","to":"gas-N-P-00278","lengthM":25.58,"sizeMm":25,"diameterIn":0.98,"nominalLabel":"1\" PE","depthM":0.8,"pressureTier":"lp","excessFlowValve":false}},{"type":"Feature","id":"gas-E777","geometry":{"type":"LineString","coordinates":[[-80.5993523,43.2964833],[-80.5995191,43.2964781],[-80.5995889,43.2964971]]},"properties":{"kind":"service","tier":"service","placement":"underground","from":"gas-T-297","to":"gas-N-P-00279","lengthM":19.57,"sizeMm":25,"diameterIn":0.98,"nominalLabel":"1\" PE","depthM":0.8,"pressureTier":"lp","excessFlowValve":false}},{"type":"Feature","id":"gas-E778","geometry":{"type":"LineString","coordinates":[[-80.5989057,43.3006159],[-80.5987391,43.300613],[-80.5986598,43.3006543]]},"properties":{"kind":"service","tier":"service","placement":"underground","from":"gas-T-298","to":"gas-N-P-00281","lengthM":21.4,"sizeMm":25,"diameterIn":0.98,"nominalLabel":"1\" PE","depthM":0.8,"pressureTier":"lp","excessFlowValve":false}},{"type":"Feature","id":"gas-E779","geometry":{"type":"LineString","coordinates":[[-80.5989076,43.3004756],[-80.5987408,43.3004765],[-80.5986705,43.3005198]]},"properties":{"kind":"service","tier":"service","placement":"underground","from":"gas-T-299","to":"gas-N-P-00282","lengthM":20.97,"sizeMm":25,"diameterIn":0.98,"nominalLabel":"1\" PE","depthM":0.8,"pressureTier":"lp","excessFlowValve":false}},{"type":"Feature","id":"gas-E780","geometry":{"type":"LineString","coordinates":[[-80.598905,43.3003312],[-80.5987374,43.3003361],[-80.59866,43.3003869]]},"properties":{"kind":"service","tier":"service","placement":"underground","from":"gas-T-300","to":"gas-N-P-00283","lengthM":22.03,"sizeMm":25,"diameterIn":0.98,"nominalLabel":"1\" PE","depthM":0.8,"pressureTier":"lp","excessFlowValve":false}},{"type":"Feature","id":"gas-E781","geometry":{"type":"LineString","coordinates":[[-80.5988974,43.3001928],[-80.5987297,43.3001976],[-80.5986614,43.3002395]]},"properties":{"kind":"service","tier":"service","placement":"underground","from":"gas-T-301","to":"gas-N-P-00284","lengthM":20.83,"sizeMm":25,"diameterIn":0.98,"nominalLabel":"1\" PE","depthM":0.8,"pressureTier":"lp","excessFlowValve":false}},{"type":"Feature","id":"gas-E782","geometry":{"type":"LineString","coordinates":[[-80.5988842,43.3000498],[-80.5987177,43.3000584],[-80.5986435,43.3001007]]},"properties":{"kind":"service","tier":"service","placement":"underground","from":"gas-T-302","to":"gas-N-P-00285","lengthM":21.16,"sizeMm":25,"diameterIn":0.98,"nominalLabel":"1\" PE","depthM":0.8,"pressureTier":"lp","excessFlowValve":false}},{"type":"Feature","id":"gas-E783","geometry":{"type":"LineString","coordinates":[[-80.5988668,43.2999053],[-80.598701,43.2999171],[-80.5986489,43.2999688]]},"properties":{"kind":"service","tier":"service","placement":"underground","from":"gas-T-303","to":"gas-N-P-00286","lengthM":20.63,"sizeMm":25,"diameterIn":0.98,"nominalLabel":"1\" PE","depthM":0.8,"pressureTier":"lp","excessFlowValve":false}},{"type":"Feature","id":"gas-E784","geometry":{"type":"LineString","coordinates":[[-80.5988452,43.2997583],[-80.5986795,43.2997729],[-80.5986625,43.299795]]},"properties":{"kind":"service","tier":"service","placement":"underground","from":"gas-T-304","to":"gas-N-P-00287","lengthM":16.35,"sizeMm":25,"diameterIn":0.98,"nominalLabel":"1\" PE","depthM":0.8,"pressureTier":"lp","excessFlowValve":false}},{"type":"Feature","id":"gas-E785","geometry":{"type":"LineString","coordinates":[[-80.598897,43.3001855],[-80.5989511,43.3001839],[-80.5990279,43.3002052]]},"properties":{"kind":"service","tier":"service","placement":"underground","from":"gas-T-305","to":"gas-N-P-00288","lengthM":11.05,"sizeMm":25,"diameterIn":0.98,"nominalLabel":"1\" PE","depthM":0.8,"pressureTier":"lp","excessFlowValve":false}},{"type":"Feature","id":"gas-E786","geometry":{"type":"LineString","coordinates":[[-80.5988833,43.3000408],[-80.5989382,43.300038],[-80.5990022,43.3000669]]},"properties":{"kind":"service","tier":"service","placement":"underground","from":"gas-T-306","to":"gas-N-P-00289","lengthM":10.56,"sizeMm":25,"diameterIn":0.98,"nominalLabel":"1\" PE","depthM":0.8,"pressureTier":"lp","excessFlowValve":false}},{"type":"Feature","id":"gas-E787","geometry":{"type":"LineString","coordinates":[[-80.5988659,43.2998986],[-80.5989212,43.2998946],[-80.5990056,43.2999379]]},"properties":{"kind":"service","tier":"service","placement":"underground","from":"gas-T-307","to":"gas-N-P-00290","lengthM":12.87,"sizeMm":25,"diameterIn":0.98,"nominalLabel":"1\" PE","depthM":0.8,"pressureTier":"lp","excessFlowValve":false}},{"type":"Feature","id":"gas-E788","geometry":{"type":"LineString","coordinates":[[-80.5988469,43.301215],[-80.5989016,43.3012194],[-80.5989752,43.301179]]},"properties":{"kind":"service","tier":"service","placement":"underground","from":"gas-T-308","to":"gas-N-P-00291","lengthM":11.93,"sizeMm":25,"diameterIn":0.98,"nominalLabel":"1\" PE","depthM":0.8,"pressureTier":"lp","excessFlowValve":false}},{"type":"Feature","id":"gas-E789","geometry":{"type":"LineString","coordinates":[[-80.5988204,43.3013694],[-80.5988754,43.3013747],[-80.5989538,43.3013389]]},"properties":{"kind":"service","tier":"service","placement":"underground","from":"gas-T-309","to":"gas-N-P-00292","lengthM":11.99,"sizeMm":25,"diameterIn":0.98,"nominalLabel":"1\" PE","depthM":0.8,"pressureTier":"lp","excessFlowValve":false}},{"type":"Feature","id":"gas-E790","geometry":{"type":"LineString","coordinates":[[-80.5987935,43.30151],[-80.5988485,43.3015159],[-80.5989516,43.3014897]]},"properties":{"kind":"service","tier":"service","placement":"underground","from":"gas-T-310","to":"gas-N-P-00293","lengthM":13.35,"sizeMm":25,"diameterIn":0.98,"nominalLabel":"1\" PE","depthM":0.8,"pressureTier":"lp","excessFlowValve":false}},{"type":"Feature","id":"gas-E791","geometry":{"type":"LineString","coordinates":[[-80.5987646,43.3016512],[-80.5988192,43.3016574],[-80.5989061,43.301616]]},"properties":{"kind":"service","tier":"service","placement":"underground","from":"gas-T-311","to":"gas-N-P-00294","lengthM":12.89,"sizeMm":25,"diameterIn":0.98,"nominalLabel":"1\" PE","depthM":0.8,"pressureTier":"lp","excessFlowValve":false}},{"type":"Feature","id":"gas-E792","geometry":{"type":"LineString","coordinates":[[-80.5987321,43.3018023],[-80.5987868,43.3018086],[-80.5988729,43.3017714]]},"properties":{"kind":"service","tier":"service","placement":"underground","from":"gas-T-312","to":"gas-N-P-00295","lengthM":12.6,"sizeMm":25,"diameterIn":0.98,"nominalLabel":"1\" PE","depthM":0.8,"pressureTier":"lp","excessFlowValve":false}},{"type":"Feature","id":"gas-E793","geometry":{"type":"LineString","coordinates":[[-80.5986986,43.3019548],[-80.5987535,43.3019612],[-80.5988465,43.3019298]]},"properties":{"kind":"service","tier":"service","placement":"underground","from":"gas-T-313","to":"gas-N-P-00296","lengthM":12.82,"sizeMm":25,"diameterIn":0.98,"nominalLabel":"1\" PE","depthM":0.8,"pressureTier":"lp","excessFlowValve":false}},{"type":"Feature","id":"gas-E794","geometry":{"type":"LineString","coordinates":[[-80.5986666,43.3021031],[-80.5987215,43.3021094],[-80.598814,43.3020898]]},"properties":{"kind":"service","tier":"service","placement":"underground","from":"gas-T-314","to":"gas-N-P-00297","lengthM":12.31,"sizeMm":25,"diameterIn":0.98,"nominalLabel":"1\" PE","depthM":0.8,"pressureTier":"lp","excessFlowValve":false}},{"type":"Feature","id":"gas-E795","geometry":{"type":"LineString","coordinates":[[-80.5985812,43.3025504],[-80.5986371,43.3025549],[-80.5987451,43.3025079]]},"properties":{"kind":"service","tier":"service","placement":"underground","from":"gas-T-315","to":"gas-N-P-00300","lengthM":14.75,"sizeMm":25,"diameterIn":0.98,"nominalLabel":"1\" PE","depthM":0.8,"pressureTier":"lp","excessFlowValve":false}},{"type":"Feature","id":"gas-E796","geometry":{"type":"LineString","coordinates":[[-80.5985581,43.3027058],[-80.5986146,43.3027093],[-80.5986938,43.302663]]},"properties":{"kind":"service","tier":"service","placement":"underground","from":"gas-T-316","to":"gas-N-P-00301","lengthM":12.82,"sizeMm":25,"diameterIn":0.98,"nominalLabel":"1\" PE","depthM":0.8,"pressureTier":"lp","excessFlowValve":false}},{"type":"Feature","id":"gas-E797","geometry":{"type":"LineString","coordinates":[[-80.5985279,43.3030149],[-80.5985842,43.3030171],[-80.5986693,43.3029789]]},"properties":{"kind":"service","tier":"service","placement":"underground","from":"gas-T-317","to":"gas-N-P-00303","lengthM":12.67,"sizeMm":25,"diameterIn":0.98,"nominalLabel":"1\" PE","depthM":0.8,"pressureTier":"lp","excessFlowValve":false}},{"type":"Feature","id":"gas-E798","geometry":{"type":"LineString","coordinates":[[-80.5985214,43.3031637],[-80.598577,43.3031647],[-80.5986463,43.3031148]]},"properties":{"kind":"service","tier":"service","placement":"underground","from":"gas-T-318","to":"gas-N-P-00304","lengthM":12.4,"sizeMm":25,"diameterIn":0.98,"nominalLabel":"1\" PE","depthM":0.8,"pressureTier":"lp","excessFlowValve":false}},{"type":"Feature","id":"gas-E799","geometry":{"type":"LineString","coordinates":[[-80.5988858,43.3009216],[-80.5987188,43.3009114],[-80.5986521,43.3008773]]},"properties":{"kind":"service","tier":"service","placement":"underground","from":"gas-T-319","to":"gas-N-P-00305","lengthM":20.19,"sizeMm":25,"diameterIn":0.98,"nominalLabel":"1\" PE","depthM":0.8,"pressureTier":"lp","excessFlowValve":false}},{"type":"Feature","id":"gas-E800","geometry":{"type":"LineString","coordinates":[[-80.5988444,43.3012316],[-80.5986782,43.3012182],[-80.5985929,43.3011671]]},"properties":{"kind":"service","tier":"service","placement":"underground","from":"gas-T-320","to":"gas-N-P-00307","lengthM":22.5,"sizeMm":25,"diameterIn":0.98,"nominalLabel":"1\" PE","depthM":0.8,"pressureTier":"lp","excessFlowValve":false}},{"type":"Feature","id":"gas-E801","geometry":{"type":"LineString","coordinates":[[-80.5988181,43.3013819],[-80.5986527,43.301366],[-80.5985648,43.3013304]]},"properties":{"kind":"service","tier":"service","placement":"underground","from":"gas-T-321","to":"gas-N-P-00308","lengthM":21.66,"sizeMm":25,"diameterIn":0.98,"nominalLabel":"1\" PE","depthM":0.8,"pressureTier":"lp","excessFlowValve":false}},{"type":"Feature","id":"gas-E802","geometry":{"type":"LineString","coordinates":[[-80.5987887,43.3015338],[-80.5986238,43.3015161],[-80.5985518,43.3014759]]},"properties":{"kind":"service","tier":"service","placement":"underground","from":"gas-T-322","to":"gas-N-P-00309","lengthM":20.86,"sizeMm":25,"diameterIn":0.98,"nominalLabel":"1\" PE","depthM":0.8,"pressureTier":"lp","excessFlowValve":false}},{"type":"Feature","id":"gas-E803","geometry":{"type":"LineString","coordinates":[[-80.598758,43.301682],[-80.5985933,43.3016632],[-80.5985089,43.3015999]]},"properties":{"kind":"service","tier":"service","placement":"underground","from":"gas-T-323","to":"gas-N-P-00310","lengthM":23.33,"sizeMm":25,"diameterIn":0.98,"nominalLabel":"1\" PE","depthM":0.8,"pressureTier":"lp","excessFlowValve":false}},{"type":"Feature","id":"gas-E804","geometry":{"type":"LineString","coordinates":[[-80.5987265,43.3018279],[-80.5985618,43.3018088],[-80.5984917,43.301748]]},"properties":{"kind":"service","tier":"service","placement":"underground","from":"gas-T-324","to":"gas-N-P-00311","lengthM":22.34,"sizeMm":25,"diameterIn":0.98,"nominalLabel":"1\" PE","depthM":0.8,"pressureTier":"lp","excessFlowValve":false}},{"type":"Feature","id":"gas-E805","geometry":{"type":"LineString","coordinates":[[-80.5986922,43.301984],[-80.5985277,43.3019652],[-80.598455,43.3019169]]},"properties":{"kind":"service","tier":"service","placement":"underground","from":"gas-T-325","to":"gas-N-P-00312","lengthM":21.47,"sizeMm":25,"diameterIn":0.98,"nominalLabel":"1\" PE","depthM":0.8,"pressureTier":"lp","excessFlowValve":false}},{"type":"Feature","id":"gas-E806","geometry":{"type":"LineString","coordinates":[[-80.5986598,43.3021343],[-80.5984955,43.3021156],[-80.5984258,43.3020765]]},"properties":{"kind":"service","tier":"service","placement":"underground","from":"gas-T-326","to":"gas-N-P-00313","lengthM":20.6,"sizeMm":25,"diameterIn":0.98,"nominalLabel":"1\" PE","depthM":0.8,"pressureTier":"lp","excessFlowValve":false}},{"type":"Feature","id":"gas-E807","geometry":{"type":"LineString","coordinates":[[-80.5986305,43.3022782],[-80.5984658,43.3022607],[-80.5983993,43.3021978]]},"properties":{"kind":"service","tier":"service","placement":"underground","from":"gas-T-327","to":"gas-N-P-00314","lengthM":22.32,"sizeMm":25,"diameterIn":0.98,"nominalLabel":"1\" PE","depthM":0.8,"pressureTier":"lp","excessFlowValve":false}},{"type":"Feature","id":"gas-E808","geometry":{"type":"LineString","coordinates":[[-80.5986011,43.3024342],[-80.5984359,43.3024185],[-80.5983492,43.3023822]]},"properties":{"kind":"service","tier":"service","placement":"underground","from":"gas-T-328","to":"gas-N-P-00315","lengthM":21.6,"sizeMm":25,"diameterIn":0.98,"nominalLabel":"1\" PE","depthM":0.8,"pressureTier":"lp","excessFlowValve":false}},{"type":"Feature","id":"gas-E809","geometry":{"type":"LineString","coordinates":[[-80.5985774,43.3025755],[-80.5984119,43.3025623],[-80.5983403,43.3025293]]},"properties":{"kind":"service","tier":"service","placement":"underground","from":"gas-T-329","to":"gas-N-P-00316","lengthM":20.35,"sizeMm":25,"diameterIn":0.98,"nominalLabel":"1\" PE","depthM":0.8,"pressureTier":"lp","excessFlowValve":false}},{"type":"Feature","id":"gas-E810","geometry":{"type":"LineString","coordinates":[[-80.5985566,43.3027188],[-80.5983915,43.3027087],[-80.5983272,43.3026494]]},"properties":{"kind":"service","tier":"service","placement":"underground","from":"gas-T-330","to":"gas-N-P-00317","lengthM":21.83,"sizeMm":25,"diameterIn":0.98,"nominalLabel":"1\" PE","depthM":0.8,"pressureTier":"lp","excessFlowValve":false}},{"type":"Feature","id":"gas-E811","geometry":{"type":"LineString","coordinates":[[-80.5985386,43.3028748],[-80.598374,43.3028648],[-80.5982936,43.3028326]]},"properties":{"kind":"service","tier":"service","placement":"underground","from":"gas-T-331","to":"gas-N-P-00318","lengthM":20.81,"sizeMm":25,"diameterIn":0.98,"nominalLabel":"1\" PE","depthM":0.8,"pressureTier":"lp","excessFlowValve":false}},{"type":"Feature","id":"gas-E812","geometry":{"type":"LineString","coordinates":[[-80.5985057,43.2992702],[-80.5984492,43.2992704],[-80.5983721,43.2993299]]},"properties":{"kind":"service","tier":"service","placement":"underground","from":"gas-T-332","to":"gas-N-P-00319","lengthM":13.68,"sizeMm":25,"diameterIn":0.98,"nominalLabel":"1\" PE","depthM":0.8,"pressureTier":"lp","excessFlowValve":false}},{"type":"Feature","id":"gas-E813","geometry":{"type":"LineString","coordinates":[[-80.5985004,43.2991002],[-80.5984444,43.2991013],[-80.5983801,43.2991515]]},"properties":{"kind":"service","tier":"service","placement":"underground","from":"gas-T-333","to":"gas-N-P-00320","lengthM":12.17,"sizeMm":25,"diameterIn":0.98,"nominalLabel":"1\" PE","depthM":0.8,"pressureTier":"lp","excessFlowValve":false}},{"type":"Feature","id":"gas-E814","geometry":{"type":"LineString","coordinates":[[-80.5984906,43.298937],[-80.5984348,43.298939],[-80.5983457,43.2989846]]},"properties":{"kind":"service","tier":"service","placement":"underground","from":"gas-T-334","to":"gas-N-P-00321","lengthM":13.36,"sizeMm":25,"diameterIn":0.98,"nominalLabel":"1\" PE","depthM":0.8,"pressureTier":"lp","excessFlowValve":false}},{"type":"Feature","id":"gas-E815","geometry":{"type":"LineString","coordinates":[[-80.5984381,43.2984385],[-80.5983827,43.2984424],[-80.5983092,43.2985019]]},"properties":{"kind":"service","tier":"service","placement":"underground","from":"gas-T-335","to":"gas-N-P-00324","lengthM":13.41,"sizeMm":25,"diameterIn":0.98,"nominalLabel":"1\" PE","depthM":0.8,"pressureTier":"lp","excessFlowValve":false}},{"type":"Feature","id":"gas-E816","geometry":{"type":"LineString","coordinates":[[-80.5984138,43.2982615],[-80.5983585,43.2982656],[-80.5982844,43.2983036]]},"properties":{"kind":"service","tier":"service","placement":"underground","from":"gas-T-336","to":"gas-N-P-00325","lengthM":11.84,"sizeMm":25,"diameterIn":0.98,"nominalLabel":"1\" PE","depthM":0.8,"pressureTier":"lp","excessFlowValve":false}},{"type":"Feature","id":"gas-E817","geometry":{"type":"LineString","coordinates":[[-80.5983888,43.2980866],[-80.5983336,43.2980908],[-80.5982609,43.2981316]]},"properties":{"kind":"service","tier":"service","placement":"underground","from":"gas-T-337","to":"gas-N-P-00326","lengthM":11.93,"sizeMm":25,"diameterIn":0.98,"nominalLabel":"1\" PE","depthM":0.8,"pressureTier":"lp","excessFlowValve":false}},{"type":"Feature","id":"gas-E818","geometry":{"type":"LineString","coordinates":[[-80.5983658,43.2979252],[-80.5983105,43.2979293],[-80.5982263,43.2979708]]},"properties":{"kind":"service","tier":"service","placement":"underground","from":"gas-T-338","to":"gas-N-P-00327","lengthM":12.74,"sizeMm":25,"diameterIn":0.98,"nominalLabel":"1\" PE","depthM":0.8,"pressureTier":"lp","excessFlowValve":false}},{"type":"Feature","id":"gas-E819","geometry":{"type":"LineString","coordinates":[[-80.5983442,43.2977686],[-80.5982892,43.2977724],[-80.5982147,43.2978198]]},"properties":{"kind":"service","tier":"service","placement":"underground","from":"gas-T-339","to":"gas-N-P-00328","lengthM":12.49,"sizeMm":25,"diameterIn":0.98,"nominalLabel":"1\" PE","depthM":0.8,"pressureTier":"lp","excessFlowValve":false}},{"type":"Feature","id":"gas-E820","geometry":{"type":"LineString","coordinates":[[-80.5983224,43.2975958],[-80.5982677,43.2975989],[-80.5981883,43.2976546]]},"properties":{"kind":"service","tier":"service","placement":"underground","from":"gas-T-340","to":"gas-N-P-00329","lengthM":13.38,"sizeMm":25,"diameterIn":0.98,"nominalLabel":"1\" PE","depthM":0.8,"pressureTier":"lp","excessFlowValve":false}},{"type":"Feature","id":"gas-E821","geometry":{"type":"LineString","coordinates":[[-80.5983046,43.2974319],[-80.59825,43.2974344],[-80.5981882,43.2974774]]},"properties":{"kind":"service","tier":"service","placement":"underground","from":"gas-T-341","to":"gas-N-P-00330","lengthM":11.37,"sizeMm":25,"diameterIn":0.98,"nominalLabel":"1\" PE","depthM":0.8,"pressureTier":"lp","excessFlowValve":false}},{"type":"Feature","id":"gas-E822","geometry":{"type":"LineString","coordinates":[[-80.5982905,43.2972666],[-80.5982362,43.2972691],[-80.5981573,43.2973208]]},"properties":{"kind":"service","tier":"service","placement":"underground","from":"gas-T-342","to":"gas-N-P-00331","lengthM":13.01,"sizeMm":25,"diameterIn":0.98,"nominalLabel":"1\" PE","depthM":0.8,"pressureTier":"lp","excessFlowValve":false}},{"type":"Feature","id":"gas-E823","geometry":{"type":"LineString","coordinates":[[-80.5982803,43.297097],[-80.5982257,43.2970987],[-80.5981607,43.297128]]},"properties":{"kind":"service","tier":"service","placement":"underground","from":"gas-T-343","to":"gas-N-P-00332","lengthM":10.62,"sizeMm":25,"diameterIn":0.98,"nominalLabel":"1\" PE","depthM":0.8,"pressureTier":"lp","excessFlowValve":false}},{"type":"Feature","id":"gas-E824","geometry":{"type":"LineString","coordinates":[[-80.5982751,43.2969304],[-80.5982206,43.2969312],[-80.5981376,43.2969744]]},"properties":{"kind":"service","tier":"service","placement":"underground","from":"gas-T-344","to":"gas-N-P-00333","lengthM":12.69,"sizeMm":25,"diameterIn":0.98,"nominalLabel":"1\" PE","depthM":0.8,"pressureTier":"lp","excessFlowValve":false}},{"type":"Feature","id":"gas-E825","geometry":{"type":"LineString","coordinates":[[-80.5982796,43.2965962],[-80.5982251,43.2965952],[-80.5981435,43.2966484]]},"properties":{"kind":"service","tier":"service","placement":"underground","from":"gas-T-345","to":"gas-N-P-00335","lengthM":13.29,"sizeMm":25,"diameterIn":0.98,"nominalLabel":"1\" PE","depthM":0.8,"pressureTier":"lp","excessFlowValve":false}},{"type":"Feature","id":"gas-E826","geometry":{"type":"LineString","coordinates":[[-80.5985057,43.2992837],[-80.5986718,43.2992832],[-80.5987326,43.2993361]]},"properties":{"kind":"service","tier":"service","placement":"underground","from":"gas-T-346","to":"gas-N-P-00336","lengthM":21.13,"sizeMm":25,"diameterIn":0.98,"nominalLabel":"1\" PE","depthM":0.8,"pressureTier":"lp","excessFlowValve":false}},{"type":"Feature","id":"gas-E827","geometry":{"type":"LineString","coordinates":[[-80.5985011,43.2991188],[-80.5986674,43.2991154],[-80.5987485,43.2991578]]},"properties":{"kind":"service","tier":"service","placement":"underground","from":"gas-T-347","to":"gas-N-P-00337","lengthM":21.57,"sizeMm":25,"diameterIn":0.98,"nominalLabel":"1\" PE","depthM":0.8,"pressureTier":"lp","excessFlowValve":false}},{"type":"Feature","id":"gas-E828","geometry":{"type":"LineString","coordinates":[[-80.5984915,43.2989503],[-80.5986577,43.2989443],[-80.5987402,43.2989999]]},"properties":{"kind":"service","tier":"service","placement":"underground","from":"gas-T-348","to":"gas-N-P-00338","lengthM":22.59,"sizeMm":25,"diameterIn":0.98,"nominalLabel":"1\" PE","depthM":0.8,"pressureTier":"lp","excessFlowValve":false}},{"type":"Feature","id":"gas-E829","geometry":{"type":"LineString","coordinates":[[-80.598478,43.298787],[-80.5986443,43.2987787],[-80.5987208,43.2988124]]},"properties":{"kind":"service","tier":"service","placement":"underground","from":"gas-T-349","to":"gas-N-P-00339","lengthM":20.75,"sizeMm":25,"diameterIn":0.98,"nominalLabel":"1\" PE","depthM":0.8,"pressureTier":"lp","excessFlowValve":false}},{"type":"Feature","id":"gas-E830","geometry":{"type":"LineString","coordinates":[[-80.5984616,43.2986292],[-80.5986275,43.2986189],[-80.5987158,43.2986666]]},"properties":{"kind":"service","tier":"service","placement":"underground","from":"gas-T-350","to":"gas-N-P-00340","lengthM":22.4,"sizeMm":25,"diameterIn":0.98,"nominalLabel":"1\" PE","depthM":0.8,"pressureTier":"lp","excessFlowValve":false}},{"type":"Feature","id":"gas-E831","geometry":{"type":"LineString","coordinates":[[-80.5984416,43.2984655],[-80.5986073,43.2984539],[-80.5986958,43.2984986]]},"properties":{"kind":"service","tier":"service","placement":"underground","from":"gas-T-351","to":"gas-N-P-00341","lengthM":22.21,"sizeMm":25,"diameterIn":0.98,"nominalLabel":"1\" PE","depthM":0.8,"pressureTier":"lp","excessFlowValve":false}},{"type":"Feature","id":"gas-E832","geometry":{"type":"LineString","coordinates":[[-80.5984198,43.2983031],[-80.5985853,43.2982906],[-80.5986798,43.2983235]]},"properties":{"kind":"service","tier":"service","placement":"underground","from":"gas-T-352","to":"gas-N-P-00342","lengthM":21.97,"sizeMm":25,"diameterIn":0.98,"nominalLabel":"1\" PE","depthM":0.8,"pressureTier":"lp","excessFlowValve":false}},{"type":"Feature","id":"gas-E833","geometry":{"type":"LineString","coordinates":[[-80.5983948,43.2981284],[-80.5985605,43.2981157],[-80.5986666,43.2981718]]},"properties":{"kind":"service","tier":"service","placement":"underground","from":"gas-T-353","to":"gas-N-P-00343","lengthM":24.12,"sizeMm":25,"diameterIn":0.98,"nominalLabel":"1\" PE","depthM":0.8,"pressureTier":"lp","excessFlowValve":false}},{"type":"Feature","id":"gas-E834","geometry":{"type":"LineString","coordinates":[[-80.5983694,43.2979512],[-80.5985353,43.2979389],[-80.5986356,43.2979719]]},"properties":{"kind":"service","tier":"service","placement":"underground","from":"gas-T-354","to":"gas-N-P-00344","lengthM":22.42,"sizeMm":25,"diameterIn":0.98,"nominalLabel":"1\" PE","depthM":0.8,"pressureTier":"lp","excessFlowValve":false}},{"type":"Feature","id":"gas-E835","geometry":{"type":"LineString","coordinates":[[-80.5983081,43.2974656],[-80.598475,43.2974559],[-80.5985561,43.2974983]]},"properties":{"kind":"service","tier":"service","placement":"underground","from":"gas-T-355","to":"gas-N-P-00347","lengthM":21.65,"sizeMm":25,"diameterIn":0.98,"nominalLabel":"1\" PE","depthM":0.8,"pressureTier":"lp","excessFlowValve":false}},{"type":"Feature","id":"gas-E836","geometry":{"type":"LineString","coordinates":[[-80.5982926,43.297292],[-80.5984597,43.2972844],[-80.5985497,43.2973426]]},"properties":{"kind":"service","tier":"service","placement":"underground","from":"gas-T-356","to":"gas-N-P-00348","lengthM":23.31,"sizeMm":25,"diameterIn":0.98,"nominalLabel":"1\" PE","depthM":0.8,"pressureTier":"lp","excessFlowValve":false}},{"type":"Feature","id":"gas-E837","geometry":{"type":"LineString","coordinates":[[-80.5976765,43.2999246],[-80.5977313,43.2999182],[-80.5977868,43.2998787]]},"properties":{"kind":"service","tier":"service","placement":"underground","from":"gas-T-357","to":"gas-N-P-00349","lengthM":10.78,"sizeMm":19,"diameterIn":0.75,"nominalLabel":"3/4\" PE","depthM":0.8,"pressureTier":"mp","excessFlowValve":true,"regulator":"service pressure regulator"}},{"type":"Feature","id":"gas-E838","geometry":{"type":"LineString","coordinates":[[-80.5977148,43.3001017],[-80.5977696,43.3000954],[-80.5978199,43.3000457]]},"properties":{"kind":"service","tier":"service","placement":"underground","from":"gas-T-358","to":"gas-N-P-00350","lengthM":11.36,"sizeMm":19,"diameterIn":0.75,"nominalLabel":"3/4\" PE","depthM":0.8,"pressureTier":"mp","excessFlowValve":true,"regulator":"service pressure regulator"}},{"type":"Feature","id":"gas-E839","geometry":{"type":"LineString","coordinates":[[-80.5977509,43.3002765],[-80.5978057,43.3002707],[-80.5978691,43.300239]]},"properties":{"kind":"service","tier":"service","placement":"underground","from":"gas-T-359","to":"gas-N-P-00351","lengthM":10.72,"sizeMm":19,"diameterIn":0.75,"nominalLabel":"3/4\" PE","depthM":0.8,"pressureTier":"mp","excessFlowValve":true,"regulator":"service pressure regulator"}},{"type":"Feature","id":"gas-E840","geometry":{"type":"LineString","coordinates":[[-80.5977827,43.3004452],[-80.5978377,43.30044],[-80.5978935,43.3003925]]},"properties":{"kind":"service","tier":"service","placement":"underground","from":"gas-T-360","to":"gas-N-P-00352","lengthM":11.45,"sizeMm":19,"diameterIn":0.75,"nominalLabel":"3/4\" PE","depthM":0.8,"pressureTier":"mp","excessFlowValve":true,"regulator":"service pressure regulator"}},{"type":"Feature","id":"gas-E841","geometry":{"type":"LineString","coordinates":[[-80.5978327,43.3007783],[-80.5978879,43.300775],[-80.5979628,43.3007512]]},"properties":{"kind":"service","tier":"service","placement":"underground","from":"gas-T-361","to":"gas-N-P-00354","lengthM":11.11,"sizeMm":19,"diameterIn":0.75,"nominalLabel":"3/4\" PE","depthM":0.8,"pressureTier":"mp","excessFlowValve":true,"regulator":"service pressure regulator"}},{"type":"Feature","id":"gas-E842","geometry":{"type":"LineString","coordinates":[[-80.5978499,43.300949],[-80.5979045,43.3009468],[-80.5979973,43.3008981]]},"properties":{"kind":"service","tier":"service","placement":"underground","from":"gas-T-362","to":"gas-N-P-00355","lengthM":13.7,"sizeMm":19,"diameterIn":0.75,"nominalLabel":"3/4\" PE","depthM":0.8,"pressureTier":"mp","excessFlowValve":true,"regulator":"service pressure regulator"}},{"type":"Feature","id":"gas-E843","geometry":{"type":"LineString","coordinates":[[-80.5978606,43.3011238],[-80.5979155,43.3011229],[-80.5980133,43.3010884]]},"properties":{"kind":"service","tier":"service","placement":"underground","from":"gas-T-363","to":"gas-N-P-00356","lengthM":13.25,"sizeMm":19,"diameterIn":0.75,"nominalLabel":"3/4\" PE","depthM":0.8,"pressureTier":"mp","excessFlowValve":true,"regulator":"service pressure regulator"}},{"type":"Feature","id":"gas-E844","geometry":{"type":"LineString","coordinates":[[-80.5978641,43.3012924],[-80.5979185,43.3012928],[-80.5980097,43.3012353]]},"properties":{"kind":"service","tier":"service","placement":"underground","from":"gas-T-364","to":"gas-N-P-00357","lengthM":14.18,"sizeMm":19,"diameterIn":0.75,"nominalLabel":"3/4\" PE","depthM":0.8,"pressureTier":"mp","excessFlowValve":true,"regulator":"service pressure regulator"}},{"type":"Feature","id":"gas-E845","geometry":{"type":"LineString","coordinates":[[-80.5978605,43.3014622],[-80.5979148,43.3014639],[-80.5979951,43.3014299]]},"properties":{"kind":"service","tier":"service","placement":"underground","from":"gas-T-365","to":"gas-N-P-00358","lengthM":11.93,"sizeMm":19,"diameterIn":0.75,"nominalLabel":"3/4\" PE","depthM":0.8,"pressureTier":"mp","excessFlowValve":true,"regulator":"service pressure regulator"}},{"type":"Feature","id":"gas-E846","geometry":{"type":"LineString","coordinates":[[-80.5978512,43.301622],[-80.597905,43.3016248],[-80.5979899,43.3015946]]},"properties":{"kind":"service","tier":"service","placement":"underground","from":"gas-T-366","to":"gas-N-P-00359","lengthM":12.03,"sizeMm":19,"diameterIn":0.75,"nominalLabel":"3/4\" PE","depthM":0.8,"pressureTier":"mp","excessFlowValve":true,"regulator":"service pressure regulator"}},{"type":"Feature","id":"gas-E847","geometry":{"type":"LineString","coordinates":[[-80.5978336,43.3017965],[-80.5978874,43.3017994],[-80.597972,43.3017341]]},"properties":{"kind":"service","tier":"service","placement":"underground","from":"gas-T-367","to":"gas-N-P-00360","lengthM":14.35,"sizeMm":19,"diameterIn":0.75,"nominalLabel":"3/4\" PE","depthM":0.8,"pressureTier":"mp","excessFlowValve":true,"regulator":"service pressure regulator"}},{"type":"Feature","id":"gas-E848","geometry":{"type":"LineString","coordinates":[[-80.5978088,43.3019785],[-80.5978627,43.3019824],[-80.5979543,43.3019343]]},"properties":{"kind":"service","tier":"service","placement":"underground","from":"gas-T-368","to":"gas-N-P-00361","lengthM":13.54,"sizeMm":19,"diameterIn":0.75,"nominalLabel":"3/4\" PE","depthM":0.8,"pressureTier":"mp","excessFlowValve":true,"regulator":"service pressure regulator"}},{"type":"Feature","id":"gas-E849","geometry":{"type":"LineString","coordinates":[[-80.5977807,43.3021451],[-80.5978351,43.3021499],[-80.5979281,43.302101]]},"properties":{"kind":"service","tier":"service","placement":"underground","from":"gas-T-369","to":"gas-N-P-00362","lengthM":13.73,"sizeMm":19,"diameterIn":0.75,"nominalLabel":"3/4\" PE","depthM":0.8,"pressureTier":"mp","excessFlowValve":true,"regulator":"service pressure regulator"}},{"type":"Feature","id":"gas-E850","geometry":{"type":"LineString","coordinates":[[-80.5977485,43.3023133],[-80.597803,43.3023189],[-80.5979099,43.3022766]]},"properties":{"kind":"service","tier":"service","placement":"underground","from":"gas-T-370","to":"gas-N-P-00363","lengthM":14.32,"sizeMm":19,"diameterIn":0.75,"nominalLabel":"3/4\" PE","depthM":0.8,"pressureTier":"mp","excessFlowValve":true,"regulator":"service pressure regulator"}},{"type":"Feature","id":"gas-E851","geometry":{"type":"LineString","coordinates":[[-80.5976785,43.3026431],[-80.5977334,43.3026494],[-80.5978254,43.3026086]]},"properties":{"kind":"service","tier":"service","placement":"underground","from":"gas-T-371","to":"gas-N-P-00365","lengthM":13.24,"sizeMm":19,"diameterIn":0.75,"nominalLabel":"3/4\" PE","depthM":0.8,"pressureTier":"mp","excessFlowValve":true,"regulator":"service pressure regulator"}},{"type":"Feature","id":"gas-E852","geometry":{"type":"LineString","coordinates":[[-80.5976402,43.2997585],[-80.5974756,43.2997773],[-80.5973925,43.2997654]]},"properties":{"kind":"service","tier":"service","placement":"underground","from":"gas-T-372","to":"gas-N-P-00366","lengthM":20.36,"sizeMm":19,"diameterIn":0.75,"nominalLabel":"3/4\" PE","depthM":0.8,"pressureTier":"mp","excessFlowValve":true,"regulator":"service pressure regulator"}},{"type":"Feature","id":"gas-E853","geometry":{"type":"LineString","coordinates":[[-80.5976767,43.2999256],[-80.5975121,43.2999448],[-80.5974056,43.2998969]]},"properties":{"kind":"service","tier":"service","placement":"underground","from":"gas-T-373","to":"gas-N-P-00367","lengthM":23.65,"sizeMm":19,"diameterIn":0.75,"nominalLabel":"3/4\" PE","depthM":0.8,"pressureTier":"mp","excessFlowValve":true,"regulator":"service pressure regulator"}},{"type":"Feature","id":"gas-E854","geometry":{"type":"LineString","coordinates":[[-80.5977133,43.3000945],[-80.5975486,43.3001132],[-80.5974535,43.3000865]]},"properties":{"kind":"service","tier":"service","placement":"underground","from":"gas-T-374","to":"gas-N-P-00368","lengthM":21.77,"sizeMm":19,"diameterIn":0.75,"nominalLabel":"3/4\" PE","depthM":0.8,"pressureTier":"mp","excessFlowValve":true,"regulator":"service pressure regulator"}},{"type":"Feature","id":"gas-E855","geometry":{"type":"LineString","coordinates":[[-80.5977501,43.3002725],[-80.597585,43.30029],[-80.59748,43.3002487]]},"properties":{"kind":"service","tier":"service","placement":"underground","from":"gas-T-375","to":"gas-N-P-00369","lengthM":23.18,"sizeMm":19,"diameterIn":0.75,"nominalLabel":"3/4\" PE","depthM":0.8,"pressureTier":"mp","excessFlowValve":true,"regulator":"service pressure regulator"}},{"type":"Feature","id":"gas-E856","geometry":{"type":"LineString","coordinates":[[-80.59781,43.3006108],[-80.5976443,43.3006239],[-80.597558,43.3006102]]},"properties":{"kind":"service","tier":"service","placement":"underground","from":"gas-T-376","to":"gas-N-P-00371","lengthM":20.66,"sizeMm":19,"diameterIn":0.75,"nominalLabel":"3/4\" PE","depthM":0.8,"pressureTier":"mp","excessFlowValve":true,"regulator":"service pressure regulator"}},{"type":"Feature","id":"gas-E857","geometry":{"type":"LineString","coordinates":[[-80.5978333,43.3007832],[-80.5976668,43.3007932],[-80.597581,43.3007333]]},"properties":{"kind":"service","tier":"service","placement":"underground","from":"gas-T-377","to":"gas-N-P-00372","lengthM":23.16,"sizeMm":19,"diameterIn":0.75,"nominalLabel":"3/4\" PE","depthM":0.8,"pressureTier":"mp","excessFlowValve":true,"regulator":"service pressure regulator"}},{"type":"Feature","id":"gas-E858","geometry":{"type":"LineString","coordinates":[[-80.5978504,43.3009563],[-80.5976836,43.3009627],[-80.5975908,43.3009056]]},"properties":{"kind":"service","tier":"service","placement":"underground","from":"gas-T-378","to":"gas-N-P-00373","lengthM":23.38,"sizeMm":19,"diameterIn":0.75,"nominalLabel":"3/4\" PE","depthM":0.8,"pressureTier":"mp","excessFlowValve":true,"regulator":"service pressure regulator"}},{"type":"Feature","id":"gas-E859","geometry":{"type":"LineString","coordinates":[[-80.5978608,43.30113],[-80.5976934,43.3011327],[-80.5976064,43.3010859]]},"properties":{"kind":"service","tier":"service","placement":"underground","from":"gas-T-379","to":"gas-N-P-00374","lengthM":22.33,"sizeMm":19,"diameterIn":0.75,"nominalLabel":"3/4\" PE","depthM":0.8,"pressureTier":"mp","excessFlowValve":true,"regulator":"service pressure regulator"}},{"type":"Feature","id":"gas-E860","geometry":{"type":"LineString","coordinates":[[-80.5978638,43.3013142],[-80.5976964,43.3013129],[-80.5976041,43.3012542]]},"properties":{"kind":"service","tier":"service","placement":"underground","from":"gas-T-380","to":"gas-N-P-00375","lengthM":23.5,"sizeMm":19,"diameterIn":0.75,"nominalLabel":"3/4\" PE","depthM":0.8,"pressureTier":"mp","excessFlowValve":true,"regulator":"service pressure regulator"}},{"type":"Feature","id":"gas-E861","geometry":{"type":"LineString","coordinates":[[-80.5978586,43.301496],[-80.5976914,43.3014909],[-80.5976008,43.301449]]},"properties":{"kind":"service","tier":"service","placement":"underground","from":"gas-T-381","to":"gas-N-P-00376","lengthM":22.26,"sizeMm":19,"diameterIn":0.75,"nominalLabel":"3/4\" PE","depthM":0.8,"pressureTier":"mp","excessFlowValve":true,"regulator":"service pressure regulator"}},{"type":"Feature","id":"gas-E862","geometry":{"type":"LineString","coordinates":[[-80.5978473,43.3016608],[-80.5976804,43.301652],[-80.5976007,43.3016071]]},"properties":{"kind":"service","tier":"service","placement":"underground","from":"gas-T-382","to":"gas-N-P-00377","lengthM":21.72,"sizeMm":19,"diameterIn":0.75,"nominalLabel":"3/4\" PE","depthM":0.8,"pressureTier":"mp","excessFlowValve":true,"regulator":"service pressure regulator"}},{"type":"Feature","id":"gas-E863","geometry":{"type":"LineString","coordinates":[[-80.5978298,43.3018254],[-80.5976628,43.3018133],[-80.5975768,43.3017606]]},"properties":{"kind":"service","tier":"service","placement":"underground","from":"gas-T-383","to":"gas-N-P-00378","lengthM":22.7,"sizeMm":19,"diameterIn":0.75,"nominalLabel":"3/4\" PE","depthM":0.8,"pressureTier":"mp","excessFlowValve":true,"regulator":"service pressure regulator"}},{"type":"Feature","id":"gas-E864","geometry":{"type":"LineString","coordinates":[[-80.5977751,43.3021761],[-80.5976092,43.3021591],[-80.5975474,43.302097]]},"properties":{"kind":"service","tier":"service","placement":"underground","from":"gas-T-384","to":"gas-N-P-00380","lengthM":22.1,"sizeMm":25,"diameterIn":0.98,"nominalLabel":"1\" PE","depthM":0.8,"pressureTier":"mp","excessFlowValve":true,"regulator":"service pressure regulator"}},{"type":"Feature","id":"gas-E865","geometry":{"type":"LineString","coordinates":[[-80.5977051,43.3025218],[-80.5975402,43.3025027],[-80.5974777,43.3024476]]},"properties":{"kind":"service","tier":"service","placement":"underground","from":"gas-T-385","to":"gas-N-P-00382","lengthM":21.47,"sizeMm":19,"diameterIn":0.75,"nominalLabel":"3/4\" PE","depthM":0.8,"pressureTier":"mp","excessFlowValve":true,"regulator":"service pressure regulator"}},{"type":"Feature","id":"gas-E866","geometry":{"type":"LineString","coordinates":[[-80.5976687,43.3026879],[-80.5975042,43.3026688],[-80.5974378,43.3026067]]},"properties":{"kind":"service","tier":"service","placement":"underground","from":"gas-T-386","to":"gas-N-P-00383","lengthM":22.25,"sizeMm":19,"diameterIn":0.75,"nominalLabel":"3/4\" PE","depthM":0.8,"pressureTier":"mp","excessFlowValve":true,"regulator":"service pressure regulator"}},{"type":"Feature","id":"gas-E867","geometry":{"type":"LineString","coordinates":[[-80.5976311,43.3028604],[-80.5974668,43.3028414],[-80.5974016,43.3027645]]},"properties":{"kind":"service","tier":"service","placement":"underground","from":"gas-T-387","to":"gas-N-P-00384","lengthM":23.54,"sizeMm":19,"diameterIn":0.75,"nominalLabel":"3/4\" PE","depthM":0.8,"pressureTier":"mp","excessFlowValve":true,"regulator":"service pressure regulator"}},{"type":"Feature","id":"gas-E868","geometry":{"type":"LineString","coordinates":[[-80.5973899,43.2992988],[-80.5973345,43.2993023],[-80.5972613,43.2993457]]},"properties":{"kind":"service","tier":"service","placement":"underground","from":"gas-T-388","to":"gas-N-P-00385","lengthM":12.16,"sizeMm":19,"diameterIn":0.75,"nominalLabel":"3/4\" PE","depthM":0.8,"pressureTier":"mp","excessFlowValve":true,"regulator":"service pressure regulator"}},{"type":"Feature","id":"gas-E869","geometry":{"type":"LineString","coordinates":[[-80.5973707,43.2991469],[-80.5973154,43.2991508],[-80.5972355,43.2991812]]},"properties":{"kind":"service","tier":"service","placement":"underground","from":"gas-T-389","to":"gas-N-P-00386","lengthM":11.8,"sizeMm":19,"diameterIn":0.75,"nominalLabel":"3/4\" PE","depthM":0.8,"pressureTier":"mp","excessFlowValve":true,"regulator":"service pressure regulator"}},{"type":"Feature","id":"gas-E870","geometry":{"type":"LineString","coordinates":[[-80.5973498,43.2989949],[-80.5972946,43.2989991],[-80.597217,43.2990536]]},"properties":{"kind":"service","tier":"service","placement":"underground","from":"gas-T-390","to":"gas-N-P-00387","lengthM":13.23,"sizeMm":19,"diameterIn":0.75,"nominalLabel":"3/4\" PE","depthM":0.8,"pressureTier":"mp","excessFlowValve":true,"regulator":"service pressure regulator"}},{"type":"Feature","id":"gas-E871","geometry":{"type":"LineString","coordinates":[[-80.5973281,43.2988428],[-80.5972728,43.2988471],[-80.5972023,43.2988939]]},"properties":{"kind":"service","tier":"service","placement":"underground","from":"gas-T-391","to":"gas-N-P-00388","lengthM":12.24,"sizeMm":19,"diameterIn":0.75,"nominalLabel":"3/4\" PE","depthM":0.8,"pressureTier":"mp","excessFlowValve":true,"regulator":"service pressure regulator"}},{"type":"Feature","id":"gas-E872","geometry":{"type":"LineString","coordinates":[[-80.5973058,43.2986884],[-80.5972507,43.2986925],[-80.5971675,43.2987222]]},"properties":{"kind":"service","tier":"service","placement":"underground","from":"gas-T-392","to":"gas-N-P-00389","lengthM":12.0,"sizeMm":19,"diameterIn":0.75,"nominalLabel":"3/4\" PE","depthM":0.8,"pressureTier":"mp","excessFlowValve":true,"regulator":"service pressure regulator"}},{"type":"Feature","id":"gas-E873","geometry":{"type":"LineString","coordinates":[[-80.597285,43.2985391],[-80.59723,43.2985431],[-80.5971615,43.298602]]},"properties":{"kind":"service","tier":"service","placement":"underground","from":"gas-T-393","to":"gas-N-P-00390","lengthM":13.07,"sizeMm":19,"diameterIn":0.75,"nominalLabel":"3/4\" PE","depthM":0.8,"pressureTier":"mp","excessFlowValve":true,"regulator":"service pressure regulator"}},{"type":"Feature","id":"gas-E874","geometry":{"type":"LineString","coordinates":[[-80.5972656,43.2983894],[-80.5972105,43.2983932],[-80.597121,43.2984368]]},"properties":{"kind":"service","tier":"service","placement":"underground","from":"gas-T-394","to":"gas-N-P-00391","lengthM":13.21,"sizeMm":19,"diameterIn":0.75,"nominalLabel":"3/4\" PE","depthM":0.8,"pressureTier":"mp","excessFlowValve":true,"regulator":"service pressure regulator"}},{"type":"Feature","id":"gas-E875","geometry":{"type":"LineString","coordinates":[[-80.5972485,43.2982416],[-80.5971931,43.2982448],[-80.5971214,43.2982849]]},"properties":{"kind":"service","tier":"service","placement":"underground","from":"gas-T-395","to":"gas-N-P-00392","lengthM":11.82,"sizeMm":19,"diameterIn":0.75,"nominalLabel":"3/4\" PE","depthM":0.8,"pressureTier":"mp","excessFlowValve":true,"regulator":"service pressure regulator"}},{"type":"Feature","id":"gas-E876","geometry":{"type":"LineString","coordinates":[[-80.5972338,43.2980935],[-80.5971785,43.298096],[-80.5971092,43.2981429]]},"properties":{"kind":"service","tier":"service","placement":"underground","from":"gas-T-396","to":"gas-N-P-00393","lengthM":12.16,"sizeMm":19,"diameterIn":0.75,"nominalLabel":"3/4\" PE","depthM":0.8,"pressureTier":"mp","excessFlowValve":true,"regulator":"service pressure regulator"}},{"type":"Feature","id":"gas-E877","geometry":{"type":"LineString","coordinates":[[-80.5973437,43.2989518],[-80.5975094,43.2989393],[-80.5976028,43.2989927]]},"properties":{"kind":"service","tier":"service","placement":"underground","from":"gas-T-397","to":"gas-N-P-00396","lengthM":23.11,"sizeMm":19,"diameterIn":0.75,"nominalLabel":"3/4\" PE","depthM":0.8,"pressureTier":"mp","excessFlowValve":true,"regulator":"service pressure regulator"}},{"type":"Feature","id":"gas-E878","geometry":{"type":"LineString","coordinates":[[-80.5973192,43.2987814],[-80.5974849,43.2987686],[-80.597582,43.2988105]]},"properties":{"kind":"service","tier":"service","placement":"underground","from":"gas-T-398","to":"gas-N-P-00397","lengthM":22.64,"sizeMm":19,"diameterIn":0.75,"nominalLabel":"3/4\" PE","depthM":0.8,"pressureTier":"mp","excessFlowValve":true,"regulator":"service pressure regulator"}},{"type":"Feature","id":"gas-E879","geometry":{"type":"LineString","coordinates":[[-80.5972964,43.2986208],[-80.5974621,43.2986086],[-80.5975569,43.2986416]]},"properties":{"kind":"service","tier":"service","placement":"underground","from":"gas-T-399","to":"gas-N-P-00398","lengthM":22.01,"sizeMm":19,"diameterIn":0.75,"nominalLabel":"3/4\" PE","depthM":0.8,"pressureTier":"mp","excessFlowValve":true,"regulator":"service pressure regulator"}},{"type":"Feature","id":"gas-E880","geometry":{"type":"LineString","coordinates":[[-80.5972746,43.2984595],[-80.5974406,43.2984482],[-80.5975366,43.2984727]]},"properties":{"kind":"service","tier":"service","placement":"underground","from":"gas-T-400","to":"gas-N-P-00399","lengthM":21.75,"sizeMm":19,"diameterIn":0.75,"nominalLabel":"3/4\" PE","depthM":0.8,"pressureTier":"mp","excessFlowValve":true,"regulator":"service pressure regulator"}},{"type":"Feature","id":"gas-E881","geometry":{"type":"LineString","coordinates":[[-80.597254,43.2982922],[-80.5974204,43.2982825],[-80.5975146,43.2983294]]},"properties":{"kind":"service","tier":"service","placement":"underground","from":"gas-T-401","to":"gas-N-P-00400","lengthM":22.76,"sizeMm":19,"diameterIn":0.75,"nominalLabel":"3/4\" PE","depthM":0.8,"pressureTier":"mp","excessFlowValve":true,"regulator":"service pressure regulator"}},{"type":"Feature","id":"gas-E882","geometry":{"type":"LineString","coordinates":[[-80.5972219,43.2979434],[-80.5973891,43.2979383],[-80.5974838,43.2979737]]},"properties":{"kind":"service","tier":"service","placement":"underground","from":"gas-T-402","to":"gas-N-P-00402","lengthM":22.19,"sizeMm":19,"diameterIn":0.75,"nominalLabel":"3/4\" PE","depthM":0.8,"pressureTier":"mp","excessFlowValve":true,"regulator":"service pressure regulator"}},{"type":"Feature","id":"gas-E883","geometry":{"type":"LineString","coordinates":[[-80.5972129,43.2977749],[-80.5973804,43.2977725],[-80.5974612,43.2977983]]},"properties":{"kind":"service","tier":"service","placement":"underground","from":"gas-T-403","to":"gas-N-P-00403","lengthM":20.72,"sizeMm":19,"diameterIn":0.75,"nominalLabel":"3/4\" PE","depthM":0.8,"pressureTier":"mp","excessFlowValve":true,"regulator":"service pressure regulator"}},{"type":"Feature","id":"gas-E884","geometry":{"type":"LineString","coordinates":[[-80.5972096,43.2974446],[-80.5973775,43.297445],[-80.5974437,43.2974921]]},"properties":{"kind":"service","tier":"service","placement":"underground","from":"gas-T-404","to":"gas-N-P-00405","lengthM":21.1,"sizeMm":25,"diameterIn":0.98,"nominalLabel":"1\" PE","depthM":0.8,"pressureTier":"mp","excessFlowValve":true,"regulator":"service pressure regulator"}},{"type":"Feature","id":"gas-E885","geometry":{"type":"LineString","coordinates":[[-80.5972157,43.2972742],[-80.5973833,43.2972775],[-80.5974643,43.2973387]]},"properties":{"kind":"service","tier":"service","placement":"underground","from":"gas-T-405","to":"gas-N-P-00406","lengthM":23.04,"sizeMm":19,"diameterIn":0.75,"nominalLabel":"3/4\" PE","depthM":0.8,"pressureTier":"mp","excessFlowValve":true,"regulator":"service pressure regulator"}},{"type":"Feature","id":"gas-E886","geometry":{"type":"LineString","coordinates":[[-80.5972262,43.2971107],[-80.5973933,43.2971166],[-80.5974747,43.2971555]]},"properties":{"kind":"service","tier":"service","placement":"underground","from":"gas-T-406","to":"gas-N-P-00407","lengthM":21.44,"sizeMm":19,"diameterIn":0.75,"nominalLabel":"3/4\" PE","depthM":0.8,"pressureTier":"mp","excessFlowValve":true,"regulator":"service pressure regulator"}},{"type":"Feature","id":"gas-E887","geometry":{"type":"LineString","coordinates":[[-80.5972417,43.2969364],[-80.5974085,43.2969447],[-80.5974642,43.2970195]]},"properties":{"kind":"service","tier":"service","placement":"underground","from":"gas-T-407","to":"gas-N-P-00408","lengthM":23.01,"sizeMm":25,"diameterIn":0.98,"nominalLabel":"1\" PE","depthM":0.8,"pressureTier":"mp","excessFlowValve":true,"regulator":"service pressure regulator"}},{"type":"Feature","id":"gas-E888","geometry":{"type":"LineString","coordinates":[[-80.596411,43.3001978],[-80.5965783,43.3001805],[-80.59666,43.3001364]]},"properties":{"kind":"service","tier":"service","placement":"underground","from":"gas-T-408","to":"gas-N-P-00410","lengthM":21.93,"sizeMm":19,"diameterIn":0.75,"nominalLabel":"3/4\" PE","depthM":0.8,"pressureTier":"mp","excessFlowValve":true,"regulator":"service pressure regulator"}},{"type":"Feature","id":"gas-E889","geometry":{"type":"LineString","coordinates":[[-80.5964412,43.3003533],[-80.5966068,43.3003363],[-80.5966751,43.3002918]]},"properties":{"kind":"service","tier":"service","placement":"underground","from":"gas-T-409","to":"gas-N-P-00411","lengthM":20.97,"sizeMm":19,"diameterIn":0.75,"nominalLabel":"3/4\" PE","depthM":0.8,"pressureTier":"mp","excessFlowValve":true,"regulator":"service pressure regulator"}},{"type":"Feature","id":"gas-E890","geometry":{"type":"LineString","coordinates":[[-80.5964714,43.300497],[-80.5966362,43.3004785],[-80.5967093,43.3004364]]},"properties":{"kind":"service","tier":"service","placement":"underground","from":"gas-T-410","to":"gas-N-P-00412","lengthM":21.06,"sizeMm":19,"diameterIn":0.75,"nominalLabel":"3/4\" PE","depthM":0.8,"pressureTier":"mp","excessFlowValve":true,"regulator":"service pressure regulator"}},{"type":"Feature","id":"gas-E891","geometry":{"type":"LineString","coordinates":[[-80.5965016,43.3006366],[-80.5966662,43.3006176],[-80.5967489,43.3005537]]},"properties":{"kind":"service","tier":"service","placement":"underground","from":"gas-T-411","to":"gas-N-P-00413","lengthM":23.27,"sizeMm":19,"diameterIn":0.75,"nominalLabel":"3/4\" PE","depthM":0.8,"pressureTier":"mp","excessFlowValve":true,"regulator":"service pressure regulator"}},{"type":"Feature","id":"gas-E892","geometry":{"type":"LineString","coordinates":[[-80.5965341,43.3007851],[-80.5966986,43.300766],[-80.596771,43.3007196]]},"properties":{"kind":"service","tier":"service","placement":"underground","from":"gas-T-412","to":"gas-N-P-00414","lengthM":21.32,"sizeMm":19,"diameterIn":0.75,"nominalLabel":"3/4\" PE","depthM":0.8,"pressureTier":"mp","excessFlowValve":true,"regulator":"service pressure regulator"}},{"type":"Feature","id":"gas-E893","geometry":{"type":"LineString","coordinates":[[-80.5965668,43.3009365],[-80.5967313,43.3009184],[-80.5968119,43.3008585]]},"properties":{"kind":"service","tier":"service","placement":"underground","from":"gas-T-413","to":"gas-N-P-00415","lengthM":22.82,"sizeMm":19,"diameterIn":0.75,"nominalLabel":"3/4\" PE","depthM":0.8,"pressureTier":"mp","excessFlowValve":true,"regulator":"service pressure regulator"}},{"type":"Feature","id":"gas-E894","geometry":{"type":"LineString","coordinates":[[-80.5965993,43.3010942],[-80.5967637,43.3010776],[-80.5968514,43.3010249]]},"properties":{"kind":"service","tier":"service","placement":"underground","from":"gas-T-414","to":"gas-N-P-00416","lengthM":22.66,"sizeMm":19,"diameterIn":0.75,"nominalLabel":"3/4\" PE","depthM":0.8,"pressureTier":"mp","excessFlowValve":true,"regulator":"service pressure regulator"}},{"type":"Feature","id":"gas-E895","geometry":{"type":"LineString","coordinates":[[-80.5966279,43.3012449],[-80.5967922,43.3012283],[-80.596876,43.301178]]},"properties":{"kind":"service","tier":"service","placement":"underground","from":"gas-T-415","to":"gas-N-P-00417","lengthM":22.25,"sizeMm":19,"diameterIn":0.75,"nominalLabel":"3/4\" PE","depthM":0.8,"pressureTier":"mp","excessFlowValve":true,"regulator":"service pressure regulator"}},{"type":"Feature","id":"gas-E896","geometry":{"type":"LineString","coordinates":[[-80.5966526,43.3013939],[-80.5968175,43.3013797],[-80.5968864,43.3013314]]},"properties":{"kind":"service","tier":"service","placement":"underground","from":"gas-T-416","to":"gas-N-P-00418","lengthM":21.2,"sizeMm":19,"diameterIn":0.75,"nominalLabel":"3/4\" PE","depthM":0.8,"pressureTier":"mp","excessFlowValve":true,"regulator":"service pressure regulator"}},{"type":"Feature","id":"gas-E897","geometry":{"type":"LineString","coordinates":[[-80.596674,43.3015475],[-80.5968398,43.3015362],[-80.5969307,43.3015026]]},"properties":{"kind":"service","tier":"service","placement":"underground","from":"gas-T-417","to":"gas-N-P-00419","lengthM":21.76,"sizeMm":19,"diameterIn":0.75,"nominalLabel":"3/4\" PE","depthM":0.8,"pressureTier":"mp","excessFlowValve":true,"regulator":"service pressure regulator"}},{"type":"Feature","id":"gas-E898","geometry":{"type":"LineString","coordinates":[[-80.5966893,43.3016862],[-80.5968556,43.3016781],[-80.5969344,43.3016349]]},"properties":{"kind":"service","tier":"service","placement":"underground","from":"gas-T-418","to":"gas-N-P-00420","lengthM":21.5,"sizeMm":19,"diameterIn":0.75,"nominalLabel":"3/4\" PE","depthM":0.8,"pressureTier":"mp","excessFlowValve":true,"regulator":"service pressure regulator"}},{"type":"Feature","id":"gas-E899","geometry":{"type":"LineString","coordinates":[[-80.596701,43.3018291],[-80.5968666,43.3018247],[-80.5969271,43.3017819]]},"properties":{"kind":"service","tier":"service","placement":"underground","from":"gas-T-419","to":"gas-N-P-00421","lengthM":20.26,"sizeMm":19,"diameterIn":0.75,"nominalLabel":"3/4\" PE","depthM":0.8,"pressureTier":"mp","excessFlowValve":true,"regulator":"service pressure regulator"}},{"type":"Feature","id":"gas-E900","geometry":{"type":"LineString","coordinates":[[-80.5967084,43.3019886],[-80.5968735,43.3019881],[-80.596946,43.3019634]]},"properties":{"kind":"service","tier":"service","placement":"underground","from":"gas-T-420","to":"gas-N-P-00422","lengthM":19.87,"sizeMm":19,"diameterIn":0.75,"nominalLabel":"3/4\" PE","depthM":0.8,"pressureTier":"mp","excessFlowValve":true,"regulator":"service pressure regulator"}},{"type":"Feature","id":"gas-E901","geometry":{"type":"LineString","coordinates":[[-80.5967092,43.3021486],[-80.5968743,43.3021482],[-80.5969399,43.3021008]]},"properties":{"kind":"service","tier":"service","placement":"underground","from":"gas-T-421","to":"gas-N-P-00423","lengthM":20.86,"sizeMm":19,"diameterIn":0.75,"nominalLabel":"3/4\" PE","depthM":0.8,"pressureTier":"mp","excessFlowValve":true,"regulator":"service pressure regulator"}},{"type":"Feature","id":"gas-E902","geometry":{"type":"LineString","coordinates":[[-80.5967037,43.302294],[-80.5968696,43.3022975],[-80.5969507,43.3022572]]},"properties":{"kind":"service","tier":"service","placement":"underground","from":"gas-T-422","to":"gas-N-P-00424","lengthM":21.4,"sizeMm":19,"diameterIn":0.75,"nominalLabel":"3/4\" PE","depthM":0.8,"pressureTier":"mp","excessFlowValve":true,"regulator":"service pressure regulator"}},{"type":"Feature","id":"gas-E903","geometry":{"type":"LineString","coordinates":[[-80.596679,43.3025812],[-80.596845,43.3025919],[-80.5969342,43.3025543]]},"properties":{"kind":"service","tier":"service","placement":"underground","from":"gas-T-423","to":"gas-N-P-00426","lengthM":21.85,"sizeMm":19,"diameterIn":0.75,"nominalLabel":"3/4\" PE","depthM":0.8,"pressureTier":"mp","excessFlowValve":true,"regulator":"service pressure regulator"}},{"type":"Feature","id":"gas-E904","geometry":{"type":"LineString","coordinates":[[-80.5966604,43.3027245],[-80.5968252,43.3027381],[-80.5969032,43.3026923]]},"properties":{"kind":"service","tier":"service","placement":"underground","from":"gas-T-424","to":"gas-N-P-00427","lengthM":21.56,"sizeMm":19,"diameterIn":0.75,"nominalLabel":"3/4\" PE","depthM":0.8,"pressureTier":"mp","excessFlowValve":true,"regulator":"service pressure regulator"}},{"type":"Feature","id":"gas-E905","geometry":{"type":"LineString","coordinates":[[-80.5965021,43.3006387],[-80.5964472,43.3006451],[-80.5963746,43.3006196]]},"properties":{"kind":"service","tier":"service","placement":"underground","from":"gas-T-425","to":"gas-N-P-00430","lengthM":11.03,"sizeMm":19,"diameterIn":0.75,"nominalLabel":"3/4\" PE","depthM":0.8,"pressureTier":"mp","excessFlowValve":true,"regulator":"service pressure regulator"}},{"type":"Feature","id":"gas-E906","geometry":{"type":"LineString","coordinates":[[-80.5965345,43.3007872],[-80.5964797,43.3007935],[-80.5963936,43.300775]]},"properties":{"kind":"service","tier":"service","placement":"underground","from":"gas-T-426","to":"gas-N-P-00431","lengthM":11.77,"sizeMm":19,"diameterIn":0.75,"nominalLabel":"3/4\" PE","depthM":0.8,"pressureTier":"mp","excessFlowValve":true,"regulator":"service pressure regulator"}},{"type":"Feature","id":"gas-E907","geometry":{"type":"LineString","coordinates":[[-80.5965661,43.3009331],[-80.5965109,43.3009391],[-80.5964385,43.3009111]]},"properties":{"kind":"service","tier":"service","placement":"underground","from":"gas-T-427","to":"gas-N-P-00432","lengthM":11.16,"sizeMm":19,"diameterIn":0.75,"nominalLabel":"3/4\" PE","depthM":0.8,"pressureTier":"mp","excessFlowValve":true,"regulator":"service pressure regulator"}},{"type":"Feature","id":"gas-E908","geometry":{"type":"LineString","coordinates":[[-80.596596,43.3010772],[-80.5965404,43.3010833],[-80.5964595,43.3010704]]},"properties":{"kind":"service","tier":"service","placement":"underground","from":"gas-T-428","to":"gas-N-P-00433","lengthM":11.27,"sizeMm":19,"diameterIn":0.75,"nominalLabel":"3/4\" PE","depthM":0.8,"pressureTier":"mp","excessFlowValve":true,"regulator":"service pressure regulator"}},{"type":"Feature","id":"gas-E909","geometry":{"type":"LineString","coordinates":[[-80.5966251,43.3012305],[-80.5965695,43.301236],[-80.5964975,43.3012031]]},"properties":{"kind":"service","tier":"service","placement":"underground","from":"gas-T-429","to":"gas-N-P-00434","lengthM":11.44,"sizeMm":19,"diameterIn":0.75,"nominalLabel":"3/4\" PE","depthM":0.8,"pressureTier":"mp","excessFlowValve":true,"regulator":"service pressure regulator"}},{"type":"Feature","id":"gas-E910","geometry":{"type":"LineString","coordinates":[[-80.5966517,43.3013887],[-80.5965961,43.3013935],[-80.59652,43.3013661]]},"properties":{"kind":"service","tier":"service","placement":"underground","from":"gas-T-430","to":"gas-N-P-00435","lengthM":11.41,"sizeMm":19,"diameterIn":0.75,"nominalLabel":"3/4\" PE","depthM":0.8,"pressureTier":"mp","excessFlowValve":true,"regulator":"service pressure regulator"}},{"type":"Feature","id":"gas-E911","geometry":{"type":"LineString","coordinates":[[-80.5966728,43.3015383],[-80.5966175,43.3015421],[-80.5965393,43.3014992]]},"properties":{"kind":"service","tier":"service","placement":"underground","from":"gas-T-431","to":"gas-N-P-00436","lengthM":12.43,"sizeMm":19,"diameterIn":0.75,"nominalLabel":"3/4\" PE","depthM":0.8,"pressureTier":"mp","excessFlowValve":true,"regulator":"service pressure regulator"}},{"type":"Feature","id":"gas-E912","geometry":{"type":"LineString","coordinates":[[-80.5966897,43.3016906],[-80.5966341,43.3016933],[-80.5965574,43.3016666]]},"properties":{"kind":"service","tier":"service","placement":"underground","from":"gas-T-432","to":"gas-N-P-00437","lengthM":11.41,"sizeMm":19,"diameterIn":0.75,"nominalLabel":"3/4\" PE","depthM":0.8,"pressureTier":"mp","excessFlowValve":true,"regulator":"service pressure regulator"}},{"type":"Feature","id":"gas-E913","geometry":{"type":"LineString","coordinates":[[-80.596702,43.3018493],[-80.596646,43.3018508],[-80.5965691,43.3018183]]},"properties":{"kind":"service","tier":"service","placement":"underground","from":"gas-T-433","to":"gas-N-P-00438","lengthM":11.74,"sizeMm":19,"diameterIn":0.75,"nominalLabel":"3/4\" PE","depthM":0.8,"pressureTier":"mp","excessFlowValve":true,"regulator":"service pressure regulator"}},{"type":"Feature","id":"gas-E914","geometry":{"type":"LineString","coordinates":[[-80.5967084,43.3019994],[-80.5966518,43.3019996],[-80.5965868,43.3019526]]},"properties":{"kind":"service","tier":"service","placement":"underground","from":"gas-T-434","to":"gas-N-P-00439","lengthM":12.01,"sizeMm":19,"diameterIn":0.75,"nominalLabel":"3/4\" PE","depthM":0.8,"pressureTier":"mp","excessFlowValve":true,"regulator":"service pressure regulator"}},{"type":"Feature","id":"gas-E915","geometry":{"type":"LineString","coordinates":[[-80.5967093,43.3021524],[-80.5966519,43.3021525],[-80.5965725,43.3021197]]},"properties":{"kind":"service","tier":"service","placement":"underground","from":"gas-T-435","to":"gas-N-P-00440","lengthM":12.05,"sizeMm":19,"diameterIn":0.75,"nominalLabel":"3/4\" PE","depthM":0.8,"pressureTier":"mp","excessFlowValve":true,"regulator":"service pressure regulator"}},{"type":"Feature","id":"gas-E916","geometry":{"type":"LineString","coordinates":[[-80.5967034,43.3023013],[-80.5966471,43.3023001],[-80.5965774,43.3022746]]},"properties":{"kind":"service","tier":"service","placement":"underground","from":"gas-T-436","to":"gas-N-P-00441","lengthM":10.88,"sizeMm":19,"diameterIn":0.75,"nominalLabel":"3/4\" PE","depthM":0.8,"pressureTier":"mp","excessFlowValve":true,"regulator":"service pressure regulator"}},{"type":"Feature","id":"gas-E917","geometry":{"type":"LineString","coordinates":[[-80.5963512,43.2998098],[-80.5965195,43.2998007],[-80.5965733,43.2998359]]},"properties":{"kind":"service","tier":"service","placement":"underground","from":"gas-T-437","to":"gas-N-P-00442","lengthM":19.53,"sizeMm":19,"diameterIn":0.75,"nominalLabel":"3/4\" PE","depthM":0.8,"pressureTier":"mp","excessFlowValve":true,"regulator":"service pressure regulator"}},{"type":"Feature","id":"gas-E918","geometry":{"type":"LineString","coordinates":[[-80.5962253,43.3000685],[-80.5962253,43.300109],[-80.5962977,43.3001653]]},"properties":{"kind":"service","tier":"service","placement":"underground","from":"gas-T-438","to":"gas-N-P-00443","lengthM":13.08,"sizeMm":19,"diameterIn":0.75,"nominalLabel":"3/4\" PE","depthM":0.8,"pressureTier":"mp","excessFlowValve":true,"regulator":"service pressure regulator"}},{"type":"Feature","id":"gas-E919","geometry":{"type":"LineString","coordinates":[[-80.5960057,43.3000685],[-80.5960057,43.300109],[-80.5960557,43.3001638]]},"properties":{"kind":"service","tier":"service","placement":"underground","from":"gas-T-439","to":"gas-N-P-00444","lengthM":11.83,"sizeMm":19,"diameterIn":0.75,"nominalLabel":"3/4\" PE","depthM":0.8,"pressureTier":"mp","excessFlowValve":true,"regulator":"service pressure regulator"}},{"type":"Feature","id":"gas-E920","geometry":{"type":"LineString","coordinates":[[-80.5957789,43.3000685],[-80.5957789,43.300109],[-80.5958598,43.3001586]]},"properties":{"kind":"service","tier":"service","placement":"underground","from":"gas-T-440","to":"gas-N-P-00445","lengthM":13.08,"sizeMm":19,"diameterIn":0.75,"nominalLabel":"3/4\" PE","depthM":0.8,"pressureTier":"mp","excessFlowValve":true,"regulator":"service pressure regulator"}},{"type":"Feature","id":"gas-E921","geometry":{"type":"LineString","coordinates":[[-80.5955537,43.3000685],[-80.5955537,43.300109],[-80.5955978,43.3001684]]},"properties":{"kind":"service","tier":"service","placement":"underground","from":"gas-T-441","to":"gas-N-P-00446","lengthM":12.01,"sizeMm":19,"diameterIn":0.75,"nominalLabel":"3/4\" PE","depthM":0.8,"pressureTier":"mp","excessFlowValve":true,"regulator":"service pressure regulator"}},{"type":"Feature","id":"gas-E922","geometry":{"type":"LineString","coordinates":[[-80.5959948,43.3000685],[-80.5959948,43.2999473],[-80.596051,43.2999003]]},"properties":{"kind":"service","tier":"service","placement":"underground","from":"gas-T-442","to":"gas-N-P-00447","lengthM":20.43,"sizeMm":19,"diameterIn":0.75,"nominalLabel":"3/4\" PE","depthM":0.8,"pressureTier":"mp","excessFlowValve":true,"regulator":"service pressure regulator"}},{"type":"Feature","id":"gas-E923","geometry":{"type":"LineString","coordinates":[[-80.5957835,43.3000685],[-80.5957835,43.2999473],[-80.5958329,43.2999018]]},"properties":{"kind":"service","tier":"service","placement":"underground","from":"gas-T-443","to":"gas-N-P-00448","lengthM":19.95,"sizeMm":19,"diameterIn":0.75,"nominalLabel":"3/4\" PE","depthM":0.8,"pressureTier":"mp","excessFlowValve":true,"regulator":"service pressure regulator"}},{"type":"Feature","id":"gas-E924","geometry":{"type":"LineString","coordinates":[[-80.5955631,43.3000685],[-80.5955631,43.2999473],[-80.5956186,43.2998984]]},"properties":{"kind":"service","tier":"service","placement":"underground","from":"gas-T-444","to":"gas-N-P-00449","lengthM":20.56,"sizeMm":19,"diameterIn":0.75,"nominalLabel":"3/4\" PE","depthM":0.8,"pressureTier":"mp","excessFlowValve":true,"regulator":"service pressure regulator"}},{"type":"Feature","id":"gas-E925","geometry":{"type":"LineString","coordinates":[[-80.5962557,43.2983956],[-80.5963114,43.2983948],[-80.5963748,43.2983531]]},"properties":{"kind":"service","tier":"service","placement":"underground","from":"gas-T-445","to":"gas-N-P-00450","lengthM":11.43,"sizeMm":19,"diameterIn":0.75,"nominalLabel":"3/4\" PE","depthM":0.8,"pressureTier":"mp","excessFlowValve":true,"regulator":"service pressure regulator"}},{"type":"Feature","id":"gas-E926","geometry":{"type":"LineString","coordinates":[[-80.5962607,43.2985477],[-80.596317,43.298546],[-80.5963772,43.2984836]]},"properties":{"kind":"service","tier":"service","placement":"underground","from":"gas-T-446","to":"gas-N-P-00451","lengthM":13.05,"sizeMm":19,"diameterIn":0.75,"nominalLabel":"3/4\" PE","depthM":0.8,"pressureTier":"mp","excessFlowValve":true,"regulator":"service pressure regulator"}},{"type":"Feature","id":"gas-E927","geometry":{"type":"LineString","coordinates":[[-80.5962975,43.2989935],[-80.5963531,43.2989902],[-80.5964459,43.2989477]]},"properties":{"kind":"service","tier":"service","placement":"underground","from":"gas-T-447","to":"gas-N-P-00454","lengthM":13.41,"sizeMm":19,"diameterIn":0.75,"nominalLabel":"3/4\" PE","depthM":0.8,"pressureTier":"mp","excessFlowValve":true,"regulator":"service pressure regulator"}},{"type":"Feature","id":"gas-E928","geometry":{"type":"LineString","coordinates":[[-80.5963157,43.2991439],[-80.596371,43.2991401],[-80.5964515,43.2990939]]},"properties":{"kind":"service","tier":"service","placement":"underground","from":"gas-T-448","to":"gas-N-P-00455","lengthM":12.8,"sizeMm":19,"diameterIn":0.75,"nominalLabel":"3/4\" PE","depthM":0.8,"pressureTier":"mp","excessFlowValve":true,"regulator":"service pressure regulator"}},{"type":"Feature","id":"gas-E929","geometry":{"type":"LineString","coordinates":[[-80.5962604,43.2985417],[-80.5960946,43.2985467],[-80.5960282,43.2985108]]},"properties":{"kind":"service","tier":"service","placement":"underground","from":"gas-T-449","to":"gas-N-P-00457","lengthM":20.15,"sizeMm":19,"diameterIn":0.75,"nominalLabel":"3/4\" PE","depthM":0.8,"pressureTier":"mp","excessFlowValve":true,"regulator":"service pressure regulator"}},{"type":"Feature","id":"gas-E930","geometry":{"type":"LineString","coordinates":[[-80.5962691,43.2986943],[-80.5961039,43.2987017],[-80.5960327,43.2986575]]},"properties":{"kind":"service","tier":"service","placement":"underground","from":"gas-T-450","to":"gas-N-P-00458","lengthM":21.0,"sizeMm":19,"diameterIn":0.75,"nominalLabel":"3/4\" PE","depthM":0.8,"pressureTier":"mp","excessFlowValve":true,"regulator":"service pressure regulator"}},{"type":"Feature","id":"gas-E931","geometry":{"type":"LineString","coordinates":[[-80.5962824,43.2988498],[-80.5961166,43.2988572],[-80.5960454,43.2988378]]},"properties":{"kind":"service","tier":"service","placement":"underground","from":"gas-T-451","to":"gas-N-P-00459","lengthM":19.62,"sizeMm":19,"diameterIn":0.75,"nominalLabel":"3/4\" PE","depthM":0.8,"pressureTier":"mp","excessFlowValve":true,"regulator":"service pressure regulator"}},{"type":"Feature","id":"gas-E932","geometry":{"type":"LineString","coordinates":[[-80.5962973,43.298991],[-80.5961312,43.2990006],[-80.5960501,43.2989804]]},"properties":{"kind":"service","tier":"service","placement":"underground","from":"gas-T-452","to":"gas-N-P-00460","lengthM":20.44,"sizeMm":19,"diameterIn":0.75,"nominalLabel":"3/4\" PE","depthM":0.8,"pressureTier":"mp","excessFlowValve":true,"regulator":"service pressure regulator"}},{"type":"Feature","id":"gas-E933","geometry":{"type":"LineString","coordinates":[[-80.5963144,43.2991337],[-80.5961485,43.299145],[-80.5960823,43.2991259]]},"properties":{"kind":"service","tier":"service","placement":"underground","from":"gas-T-453","to":"gas-N-P-00461","lengthM":19.27,"sizeMm":19,"diameterIn":0.75,"nominalLabel":"3/4\" PE","depthM":0.8,"pressureTier":"mp","excessFlowValve":true,"regulator":"service pressure regulator"}},{"type":"Feature","id":"gas-E934","geometry":{"type":"LineString","coordinates":[[-80.5963352,43.2992913],[-80.5961696,43.2993035],[-80.5960825,43.299266]]},"properties":{"kind":"service","tier":"service","placement":"underground","from":"gas-T-454","to":"gas-N-P-00462","lengthM":21.68,"sizeMm":19,"diameterIn":0.75,"nominalLabel":"3/4\" PE","depthM":0.8,"pressureTier":"mp","excessFlowValve":true,"regulator":"service pressure regulator"}},{"type":"Feature","id":"gas-E935","geometry":{"type":"LineString","coordinates":[[-80.5955238,43.3012176],[-80.5953592,43.3012355],[-80.5953056,43.3012863]]},"properties":{"kind":"service","tier":"service","placement":"underground","from":"gas-T-455","to":"gas-N-P-00463","lengthM":20.62,"sizeMm":19,"diameterIn":0.75,"nominalLabel":"3/4\" PE","depthM":0.8,"pressureTier":"mp","excessFlowValve":true,"regulator":"service pressure regulator"}},{"type":"Feature","id":"gas-E936","geometry":{"type":"LineString","coordinates":[[-80.5954946,43.3010747],[-80.5953304,43.3010925],[-80.5952549,43.301155]]},"properties":{"kind":"service","tier":"service","placement":"underground","from":"gas-T-456","to":"gas-N-P-00464","lengthM":22.71,"sizeMm":19,"diameterIn":0.75,"nominalLabel":"3/4\" PE","depthM":0.8,"pressureTier":"mp","excessFlowValve":true,"regulator":"service pressure regulator"}},{"type":"Feature","id":"gas-E937","geometry":{"type":"LineString","coordinates":[[-80.5954679,43.300931],[-80.5953032,43.3009471],[-80.5952461,43.3009869]]},"properties":{"kind":"service","tier":"service","placement":"underground","from":"gas-T-457","to":"gas-N-P-00465","lengthM":19.87,"sizeMm":19,"diameterIn":0.75,"nominalLabel":"3/4\" PE","depthM":0.8,"pressureTier":"mp","excessFlowValve":true,"regulator":"service pressure regulator"}},{"type":"Feature","id":"gas-E938","geometry":{"type":"LineString","coordinates":[[-80.5954426,43.300777],[-80.5952774,43.3007907],[-80.5952109,43.3008369]]},"properties":{"kind":"service","tier":"service","placement":"underground","from":"gas-T-458","to":"gas-N-P-00466","lengthM":20.92,"sizeMm":19,"diameterIn":0.75,"nominalLabel":"3/4\" PE","depthM":0.8,"pressureTier":"mp","excessFlowValve":true,"regulator":"service pressure regulator"}},{"type":"Feature","id":"gas-E939","geometry":{"type":"LineString","coordinates":[[-80.5954212,43.300621],[-80.5952553,43.3006318],[-80.5951811,43.3006824]]},"properties":{"kind":"service","tier":"service","placement":"underground","from":"gas-T-459","to":"gas-N-P-00467","lengthM":21.73,"sizeMm":19,"diameterIn":0.75,"nominalLabel":"3/4\" PE","depthM":0.8,"pressureTier":"mp","excessFlowValve":true,"regulator":"service pressure regulator"}},{"type":"Feature","id":"gas-E940","geometry":{"type":"LineString","coordinates":[[-80.5954063,43.3004831],[-80.5952403,43.3004905],[-80.5951601,43.3005339]]},"properties":{"kind":"service","tier":"service","placement":"underground","from":"gas-T-460","to":"gas-N-P-00468","lengthM":21.57,"sizeMm":19,"diameterIn":0.75,"nominalLabel":"3/4\" PE","depthM":0.8,"pressureTier":"mp","excessFlowValve":true,"regulator":"service pressure regulator"}},{"type":"Feature","id":"gas-E941","geometry":{"type":"LineString","coordinates":[[-80.595395,43.3003403],[-80.5952298,43.3003439],[-80.5951521,43.3003892]]},"properties":{"kind":"service","tier":"service","placement":"underground","from":"gas-T-461","to":"gas-N-P-00469","lengthM":21.45,"sizeMm":19,"diameterIn":0.75,"nominalLabel":"3/4\" PE","depthM":0.8,"pressureTier":"mp","excessFlowValve":true,"regulator":"service pressure regulator"}},{"type":"Feature","id":"gas-E942","geometry":{"type":"LineString","coordinates":[[-80.5953885,43.3001831],[-80.5952235,43.3001867],[-80.5951487,43.3002057]]},"properties":{"kind":"service","tier":"service","placement":"underground","from":"gas-T-462","to":"gas-N-P-00470","lengthM":19.79,"sizeMm":19,"diameterIn":0.75,"nominalLabel":"3/4\" PE","depthM":0.8,"pressureTier":"mp","excessFlowValve":true,"regulator":"service pressure regulator"}},{"type":"Feature","id":"gas-E943","geometry":{"type":"LineString","coordinates":[[-80.5955943,43.3015429],[-80.5956491,43.3015365],[-80.5957234,43.301557]]},"properties":{"kind":"service","tier":"service","placement":"underground","from":"gas-T-463","to":"gas-N-P-00473","lengthM":10.93,"sizeMm":19,"diameterIn":0.75,"nominalLabel":"3/4\" PE","depthM":0.8,"pressureTier":"mp","excessFlowValve":true,"regulator":"service pressure regulator"}},{"type":"Feature","id":"gas-E944","geometry":{"type":"LineString","coordinates":[[-80.5955617,43.301394],[-80.5956166,43.3013877],[-80.5956895,43.3014095]]},"properties":{"kind":"service","tier":"service","placement":"underground","from":"gas-T-464","to":"gas-N-P-00474","lengthM":10.89,"sizeMm":19,"diameterIn":0.75,"nominalLabel":"3/4\" PE","depthM":0.8,"pressureTier":"mp","excessFlowValve":true,"regulator":"service pressure regulator"}},{"type":"Feature","id":"gas-E945","geometry":{"type":"LineString","coordinates":[[-80.5955303,43.3012492],[-80.5955857,43.3012432],[-80.5956734,43.3012798]]},"properties":{"kind":"service","tier":"service","placement":"underground","from":"gas-T-465","to":"gas-N-P-00475","lengthM":12.73,"sizeMm":19,"diameterIn":0.75,"nominalLabel":"3/4\" PE","depthM":0.8,"pressureTier":"mp","excessFlowValve":true,"regulator":"service pressure regulator"}},{"type":"Feature","id":"gas-E946","geometry":{"type":"LineString","coordinates":[[-80.5954991,43.3010967],[-80.5955545,43.3010907],[-80.5956244,43.3011047]]},"properties":{"kind":"service","tier":"service","placement":"underground","from":"gas-T-466","to":"gas-N-P-00476","lengthM":10.41,"sizeMm":19,"diameterIn":0.75,"nominalLabel":"3/4\" PE","depthM":0.8,"pressureTier":"mp","excessFlowValve":true,"regulator":"service pressure regulator"}},{"type":"Feature","id":"gas-E947","geometry":{"type":"LineString","coordinates":[[-80.5954697,43.3009404],[-80.5955251,43.300935],[-80.5955983,43.3009639]]},"properties":{"kind":"service","tier":"service","placement":"underground","from":"gas-T-467","to":"gas-N-P-00477","lengthM":11.28,"sizeMm":19,"diameterIn":0.75,"nominalLabel":"3/4\" PE","depthM":0.8,"pressureTier":"mp","excessFlowValve":true,"regulator":"service pressure regulator"}},{"type":"Feature","id":"gas-E948","geometry":{"type":"LineString","coordinates":[[-80.5954457,43.3007963],[-80.5955008,43.3007917],[-80.5955827,43.3008191]]},"properties":{"kind":"service","tier":"service","placement":"underground","from":"gas-T-468","to":"gas-N-P-00478","lengthM":11.8,"sizeMm":19,"diameterIn":0.75,"nominalLabel":"3/4\" PE","depthM":0.8,"pressureTier":"mp","excessFlowValve":true,"regulator":"service pressure regulator"}},{"type":"Feature","id":"gas-E949","geometry":{"type":"LineString","coordinates":[[-80.595407,43.3004917],[-80.5954633,43.3004892],[-80.5955412,43.3005238]]},"properties":{"kind":"service","tier":"service","placement":"underground","from":"gas-T-469","to":"gas-N-P-00480","lengthM":11.96,"sizeMm":19,"diameterIn":0.75,"nominalLabel":"3/4\" PE","depthM":0.8,"pressureTier":"mp","excessFlowValve":true,"regulator":"service pressure regulator"}},{"type":"Feature","id":"gas-E950","geometry":{"type":"LineString","coordinates":[[-80.6009608,43.2996544],[-80.6009591,43.2997487],[-80.601026,43.2997642]]},"properties":{"kind":"service","tier":"service","placement":"underground","from":"gas-T-470","to":"gas-N-P-00481","lengthM":16.19,"sizeMm":25,"diameterIn":0.98,"nominalLabel":"1\" PE","depthM":0.8,"pressureTier":"lp","excessFlowValve":false}},{"type":"Feature","id":"gas-E951","geometry":{"type":"LineString","coordinates":[[-80.6009857,43.2996546],[-80.6009888,43.2994795],[-80.601055,43.2994697]]},"properties":{"kind":"service","tier":"service","placement":"underground","from":"gas-T-471","to":"gas-N-P-00482","lengthM":24.97,"sizeMm":25,"diameterIn":0.98,"nominalLabel":"1\" PE","depthM":0.8,"pressureTier":"lp","excessFlowValve":false}},{"type":"Feature","id":"gas-E952","geometry":{"type":"LineString","coordinates":[[-80.600711,43.2969319],[-80.6008405,43.2969366],[-80.6008608,43.2968842]]},"properties":{"kind":"service","tier":"service","placement":"underground","from":"gas-T-472","to":"gas-N-P-00483","lengthM":16.56,"sizeMm":25,"diameterIn":0.98,"nominalLabel":"1\" PE","depthM":0.8,"pressureTier":"lp","excessFlowValve":false}},{"type":"Feature","id":"gas-E953","geometry":{"type":"LineString","coordinates":[[-80.6007009,43.2970808],[-80.6008305,43.2970853],[-80.6008543,43.297026]]},"properties":{"kind":"service","tier":"service","placement":"underground","from":"gas-T-473","to":"gas-N-P-00484","lengthM":17.38,"sizeMm":25,"diameterIn":0.98,"nominalLabel":"1\" PE","depthM":0.8,"pressureTier":"lp","excessFlowValve":false}},{"type":"Feature","id":"gas-E954","geometry":{"type":"LineString","coordinates":[[-80.6006917,43.2972233],[-80.6008212,43.2972276],[-80.6008427,43.2971809]]},"properties":{"kind":"service","tier":"service","placement":"underground","from":"gas-T-474","to":"gas-N-P-00485","lengthM":15.99,"sizeMm":25,"diameterIn":0.98,"nominalLabel":"1\" PE","depthM":0.8,"pressureTier":"lp","excessFlowValve":false}},{"type":"Feature","id":"gas-E955","geometry":{"type":"LineString","coordinates":[[-80.6006828,43.2973662],[-80.6008123,43.2973704],[-80.6008339,43.2973106]]},"properties":{"kind":"service","tier":"service","placement":"underground","from":"gas-T-475","to":"gas-N-P-00486","lengthM":17.39,"sizeMm":32,"diameterIn":1.26,"nominalLabel":"1-1/4\" PE","depthM":0.8,"pressureTier":"lp","excessFlowValve":false}},{"type":"Feature","id":"gas-E956","geometry":{"type":"LineString","coordinates":[[-80.6006735,43.297522],[-80.600803,43.2975261],[-80.6008202,43.2974679]]},"properties":{"kind":"service","tier":"service","placement":"underground","from":"gas-T-476","to":"gas-N-P-00487","lengthM":17.13,"sizeMm":25,"diameterIn":0.98,"nominalLabel":"1\" PE","depthM":0.8,"pressureTier":"lp","excessFlowValve":false}},{"type":"Feature","id":"gas-E957","geometry":{"type":"LineString","coordinates":[[-80.6006648,43.2976743],[-80.6007943,43.2976782],[-80.6008224,43.2976216]]},"properties":{"kind":"service","tier":"service","placement":"underground","from":"gas-T-477","to":"gas-N-P-00488","lengthM":17.2,"sizeMm":25,"diameterIn":0.98,"nominalLabel":"1\" PE","depthM":0.8,"pressureTier":"lp","excessFlowValve":false}},{"type":"Feature","id":"gas-E958","geometry":{"type":"LineString","coordinates":[[-80.6006571,43.2978173],[-80.6007866,43.2978209],[-80.6008115,43.2977711]]},"properties":{"kind":"service","tier":"service","placement":"underground","from":"gas-T-478","to":"gas-N-P-00489","lengthM":16.4,"sizeMm":25,"diameterIn":0.98,"nominalLabel":"1\" PE","depthM":0.8,"pressureTier":"lp","excessFlowValve":false}},{"type":"Feature","id":"gas-E959","geometry":{"type":"LineString","coordinates":[[-80.6006495,43.2979649],[-80.6007791,43.2979682],[-80.6007987,43.2979074]]},"properties":{"kind":"service","tier":"service","placement":"underground","from":"gas-T-479","to":"gas-N-P-00490","lengthM":17.46,"sizeMm":25,"diameterIn":0.98,"nominalLabel":"1\" PE","depthM":0.8,"pressureTier":"lp","excessFlowValve":false}},{"type":"Feature","id":"gas-E960","geometry":{"type":"LineString","coordinates":[[-80.6006424,43.2981149],[-80.6007719,43.2981181],[-80.6007999,43.298066]]},"properties":{"kind":"service","tier":"service","placement":"underground","from":"gas-T-480","to":"gas-N-P-00491","lengthM":16.73,"sizeMm":25,"diameterIn":0.98,"nominalLabel":"1\" PE","depthM":0.8,"pressureTier":"lp","excessFlowValve":false}},{"type":"Feature","id":"gas-E961","geometry":{"type":"LineString","coordinates":[[-80.6006359,43.2982575],[-80.6007655,43.2982605],[-80.6007828,43.2982062]]},"properties":{"kind":"service","tier":"service","placement":"underground","from":"gas-T-481","to":"gas-N-P-00492","lengthM":16.72,"sizeMm":25,"diameterIn":0.98,"nominalLabel":"1\" PE","depthM":0.8,"pressureTier":"lp","excessFlowValve":false}},{"type":"Feature","id":"gas-E962","geometry":{"type":"LineString","coordinates":[[-80.6006296,43.2984073],[-80.6007593,43.2984102],[-80.6007849,43.2983517]]},"properties":{"kind":"service","tier":"service","placement":"underground","from":"gas-T-482","to":"gas-N-P-00493","lengthM":17.35,"sizeMm":25,"diameterIn":0.98,"nominalLabel":"1\" PE","depthM":0.8,"pressureTier":"lp","excessFlowValve":false}},{"type":"Feature","id":"gas-E963","geometry":{"type":"LineString","coordinates":[[-80.6006238,43.2985577],[-80.6007535,43.2985603],[-80.6007726,43.2985056]]},"properties":{"kind":"service","tier":"service","placement":"underground","from":"gas-T-483","to":"gas-N-P-00494","lengthM":16.79,"sizeMm":25,"diameterIn":0.98,"nominalLabel":"1\" PE","depthM":0.8,"pressureTier":"lp","excessFlowValve":false}},{"type":"Feature","id":"gas-E964","geometry":{"type":"LineString","coordinates":[[-80.6006185,43.298711],[-80.6007481,43.2987134],[-80.6007661,43.2986519]]},"properties":{"kind":"service","tier":"service","placement":"underground","from":"gas-T-484","to":"gas-N-P-00495","lengthM":17.5,"sizeMm":25,"diameterIn":0.98,"nominalLabel":"1\" PE","depthM":0.8,"pressureTier":"lp","excessFlowValve":false}},{"type":"Feature","id":"gas-E965","geometry":{"type":"LineString","coordinates":[[-80.6006135,43.2988684],[-80.6007431,43.2988703],[-80.6007669,43.2988122]]},"properties":{"kind":"service","tier":"service","placement":"underground","from":"gas-T-485","to":"gas-N-P-00496","lengthM":17.25,"sizeMm":25,"diameterIn":0.98,"nominalLabel":"1\" PE","depthM":0.8,"pressureTier":"lp","excessFlowValve":false}},{"type":"Feature","id":"gas-E966","geometry":{"type":"LineString","coordinates":[[-80.6006094,43.2990137],[-80.6007391,43.2990155],[-80.600766,43.2989645]]},"properties":{"kind":"service","tier":"service","placement":"underground","from":"gas-T-486","to":"gas-N-P-00497","lengthM":16.59,"sizeMm":25,"diameterIn":0.98,"nominalLabel":"1\" PE","depthM":0.8,"pressureTier":"lp","excessFlowValve":false}},{"type":"Feature","id":"gas-E967","geometry":{"type":"LineString","coordinates":[[-80.6006058,43.2991619],[-80.6007356,43.2991635],[-80.6007386,43.2991312]]},"properties":{"kind":"service","tier":"service","placement":"underground","from":"gas-T-487","to":"gas-N-P-00498","lengthM":14.11,"sizeMm":25,"diameterIn":0.98,"nominalLabel":"1\" PE","depthM":0.8,"pressureTier":"lp","excessFlowValve":false}},{"type":"Feature","id":"gas-E968","geometry":{"type":"LineString","coordinates":[[-80.6007433,43.2964858],[-80.6005029,43.2964763],[-80.6004918,43.2964207]]},"properties":{"kind":"service","tier":"service","placement":"underground","from":"gas-T-488","to":"gas-N-P-00499","lengthM":25.75,"sizeMm":25,"diameterIn":0.98,"nominalLabel":"1\" PE","depthM":0.8,"pressureTier":"lp","excessFlowValve":false}},{"type":"Feature","id":"gas-E969","geometry":{"type":"LineString","coordinates":[[-80.6007323,43.2966324],[-80.6004919,43.2966228],[-80.6004795,43.2965661]]},"properties":{"kind":"service","tier":"service","placement":"underground","from":"gas-T-489","to":"gas-N-P-00500","lengthM":25.9,"sizeMm":25,"diameterIn":0.98,"nominalLabel":"1\" PE","depthM":0.8,"pressureTier":"lp","excessFlowValve":false}},{"type":"Feature","id":"gas-E970","geometry":{"type":"LineString","coordinates":[[-80.6007218,43.2967778],[-80.6004814,43.2967689],[-80.6004679,43.2967138]]},"properties":{"kind":"service","tier":"service","placement":"underground","from":"gas-T-490","to":"gas-N-P-00501","lengthM":25.72,"sizeMm":25,"diameterIn":0.98,"nominalLabel":"1\" PE","depthM":0.8,"pressureTier":"lp","excessFlowValve":false}},{"type":"Feature","id":"gas-E971","geometry":{"type":"LineString","coordinates":[[-80.6007114,43.2969258],[-80.6004711,43.2969171],[-80.6004551,43.2968583]]},"properties":{"kind":"service","tier":"service","placement":"underground","from":"gas-T-491","to":"gas-N-P-00502","lengthM":26.17,"sizeMm":25,"diameterIn":0.98,"nominalLabel":"1\" PE","depthM":0.8,"pressureTier":"lp","excessFlowValve":false}},{"type":"Feature","id":"gas-E972","geometry":{"type":"LineString","coordinates":[[-80.6007011,43.2970784],[-80.6004607,43.29707],[-80.6004479,43.2970109]]},"properties":{"kind":"service","tier":"service","placement":"underground","from":"gas-T-492","to":"gas-N-P-00503","lengthM":26.15,"sizeMm":25,"diameterIn":0.98,"nominalLabel":"1\" PE","depthM":0.8,"pressureTier":"lp","excessFlowValve":false}},{"type":"Feature","id":"gas-E973","geometry":{"type":"LineString","coordinates":[[-80.6006914,43.2972287],[-80.600451,43.2972206],[-80.6004387,43.2971639]]},"properties":{"kind":"service","tier":"service","placement":"underground","from":"gas-T-493","to":"gas-N-P-00504","lengthM":25.89,"sizeMm":25,"diameterIn":0.98,"nominalLabel":"1\" PE","depthM":0.8,"pressureTier":"lp","excessFlowValve":false}},{"type":"Feature","id":"gas-E974","geometry":{"type":"LineString","coordinates":[[-80.6006821,43.2973769],[-80.6004417,43.2973691],[-80.6004252,43.2973119]]},"properties":{"kind":"service","tier":"service","placement":"underground","from":"gas-T-494","to":"gas-N-P-00505","lengthM":26.0,"sizeMm":25,"diameterIn":0.98,"nominalLabel":"1\" PE","depthM":0.8,"pressureTier":"lp","excessFlowValve":false}},{"type":"Feature","id":"gas-E975","geometry":{"type":"LineString","coordinates":[[-80.6006732,43.2975255],[-80.6004328,43.2975179],[-80.6004118,43.2974607]]},"properties":{"kind":"service","tier":"service","placement":"underground","from":"gas-T-495","to":"gas-N-P-00506","lengthM":26.09,"sizeMm":25,"diameterIn":0.98,"nominalLabel":"1\" PE","depthM":0.8,"pressureTier":"lp","excessFlowValve":false}},{"type":"Feature","id":"gas-E976","geometry":{"type":"LineString","coordinates":[[-80.6006645,43.2976785],[-80.6004241,43.2976713],[-80.6004073,43.2976102]]},"properties":{"kind":"service","tier":"service","placement":"underground","from":"gas-T-496","to":"gas-N-P-00507","lengthM":26.43,"sizeMm":25,"diameterIn":0.98,"nominalLabel":"1\" PE","depthM":0.8,"pressureTier":"lp","excessFlowValve":false}},{"type":"Feature","id":"gas-E977","geometry":{"type":"LineString","coordinates":[[-80.6006357,43.2982635],[-80.6003951,43.2982579],[-80.6003784,43.2982077]]},"properties":{"kind":"service","tier":"service","placement":"underground","from":"gas-T-497","to":"gas-N-P-00508","lengthM":25.25,"sizeMm":25,"diameterIn":0.98,"nominalLabel":"1\" PE","depthM":0.8,"pressureTier":"lp","excessFlowValve":false}},{"type":"Feature","id":"gas-E978","geometry":{"type":"LineString","coordinates":[[-80.6006295,43.29841],[-80.600389,43.2984047],[-80.600372,43.2983428]]},"properties":{"kind":"service","tier":"service","placement":"underground","from":"gas-T-498","to":"gas-N-P-00509","lengthM":26.51,"sizeMm":25,"diameterIn":0.98,"nominalLabel":"1\" PE","depthM":0.8,"pressureTier":"lp","excessFlowValve":false}},{"type":"Feature","id":"gas-E979","geometry":{"type":"LineString","coordinates":[[-80.6006234,43.2985684],[-80.6003829,43.2985637],[-80.6003691,43.2985028]]},"properties":{"kind":"service","tier":"service","placement":"underground","from":"gas-T-499","to":"gas-N-P-00510","lengthM":26.36,"sizeMm":25,"diameterIn":0.98,"nominalLabel":"1\" PE","depthM":0.8,"pressureTier":"lp","excessFlowValve":false}},{"type":"Feature","id":"gas-E980","geometry":{"type":"LineString","coordinates":[[-80.6006184,43.2987131],[-80.6003778,43.2987086],[-80.6003654,43.2986593]]},"properties":{"kind":"service","tier":"service","placement":"underground","from":"gas-T-500","to":"gas-N-P-00511","lengthM":25.08,"sizeMm":25,"diameterIn":0.98,"nominalLabel":"1\" PE","depthM":0.8,"pressureTier":"lp","excessFlowValve":false}},{"type":"Feature","id":"gas-E981","geometry":{"type":"LineString","coordinates":[[-80.6006139,43.2988536],[-80.6003734,43.2988496],[-80.6003501,43.2987921]]},"properties":{"kind":"service","tier":"service","placement":"underground","from":"gas-T-501","to":"gas-N-P-00512","lengthM":26.17,"sizeMm":25,"diameterIn":0.98,"nominalLabel":"1\" PE","depthM":0.8,"pressureTier":"lp","excessFlowValve":false}},{"type":"Feature","id":"gas-E982","geometry":{"type":"LineString","coordinates":[[-80.6006097,43.2990025],[-80.6003692,43.2989991],[-80.6003455,43.2989423]]},"properties":{"kind":"service","tier":"service","placement":"underground","from":"gas-T-502","to":"gas-N-P-00513","lengthM":26.1,"sizeMm":25,"diameterIn":0.98,"nominalLabel":"1\" PE","depthM":0.8,"pressureTier":"lp","excessFlowValve":false}},{"type":"Feature","id":"gas-E983","geometry":{"type":"LineString","coordinates":[[-80.6006059,43.299159],[-80.6003654,43.2991562],[-80.6003451,43.2990921]]},"properties":{"kind":"service","tier":"service","placement":"underground","from":"gas-T-503","to":"gas-N-P-00514","lengthM":26.8,"sizeMm":25,"diameterIn":0.98,"nominalLabel":"1\" PE","depthM":0.8,"pressureTier":"lp","excessFlowValve":false}},{"type":"Feature","id":"gas-E984","geometry":{"type":"LineString","coordinates":[[-80.6006029,43.2993096],[-80.6003623,43.2993071],[-80.6003442,43.2992558]]},"properties":{"kind":"service","tier":"service","placement":"underground","from":"gas-T-504","to":"gas-N-P-00515","lengthM":25.38,"sizeMm":25,"diameterIn":0.98,"nominalLabel":"1\" PE","depthM":0.8,"pressureTier":"lp","excessFlowValve":false}},{"type":"Feature","id":"gas-E985","geometry":{"type":"LineString","coordinates":[[-80.6005969,43.3029563],[-80.6003563,43.3029566],[-80.6003307,43.3030223]]},"properties":{"kind":"service","tier":"service","placement":"underground","from":"gas-T-505","to":"gas-N-P-00516","lengthM":27.1,"sizeMm":25,"diameterIn":0.98,"nominalLabel":"1\" PE","depthM":0.8,"pressureTier":"lp","excessFlowValve":false}},{"type":"Feature","id":"gas-E986","geometry":{"type":"LineString","coordinates":[[-80.6005965,43.302788],[-80.6003558,43.3027885],[-80.6003377,43.3028528]]},"properties":{"kind":"service","tier":"service","placement":"underground","from":"gas-T-506","to":"gas-N-P-00517","lengthM":26.81,"sizeMm":25,"diameterIn":0.98,"nominalLabel":"1\" PE","depthM":0.8,"pressureTier":"lp","excessFlowValve":false}},{"type":"Feature","id":"gas-E987","geometry":{"type":"LineString","coordinates":[[-80.6005961,43.3026278],[-80.6003554,43.3026281],[-80.600341,43.302687]]},"properties":{"kind":"service","tier":"service","placement":"underground","from":"gas-T-507","to":"gas-N-P-00518","lengthM":26.16,"sizeMm":25,"diameterIn":0.98,"nominalLabel":"1\" PE","depthM":0.8,"pressureTier":"lp","excessFlowValve":false}},{"type":"Feature","id":"gas-E988","geometry":{"type":"LineString","coordinates":[[-80.6005958,43.3024601],[-80.6003551,43.3024604],[-80.6003371,43.3025311]]},"properties":{"kind":"service","tier":"service","placement":"underground","from":"gas-T-508","to":"gas-N-P-00519","lengthM":27.51,"sizeMm":25,"diameterIn":0.98,"nominalLabel":"1\" PE","depthM":0.8,"pressureTier":"lp","excessFlowValve":false}},{"type":"Feature","id":"gas-E989","geometry":{"type":"LineString","coordinates":[[-80.6005956,43.3022919],[-80.6003549,43.3022922],[-80.6003302,43.3023515]]},"properties":{"kind":"service","tier":"service","placement":"underground","from":"gas-T-509","to":"gas-N-P-00520","lengthM":26.39,"sizeMm":25,"diameterIn":0.98,"nominalLabel":"1\" PE","depthM":0.8,"pressureTier":"lp","excessFlowValve":false}},{"type":"Feature","id":"gas-E990","geometry":{"type":"LineString","coordinates":[[-80.6005954,43.3021303],[-80.6003548,43.3021303],[-80.6003404,43.3021956]]},"properties":{"kind":"service","tier":"service","placement":"underground","from":"gas-T-510","to":"gas-N-P-00521","lengthM":26.85,"sizeMm":25,"diameterIn":0.98,"nominalLabel":"1\" PE","depthM":0.8,"pressureTier":"lp","excessFlowValve":false}},{"type":"Feature","id":"gas-E991","geometry":{"type":"LineString","coordinates":[[-80.6005953,43.3019552],[-80.6003547,43.3019552],[-80.6003288,43.3020261]]},"properties":{"kind":"service","tier":"service","placement":"underground","from":"gas-T-511","to":"gas-N-P-00522","lengthM":27.67,"sizeMm":25,"diameterIn":0.98,"nominalLabel":"1\" PE","depthM":0.8,"pressureTier":"lp","excessFlowValve":false}},{"type":"Feature","id":"gas-E992","geometry":{"type":"LineString","coordinates":[[-80.6005953,43.3017906],[-80.6003546,43.3017906],[-80.600336,43.3018465]]},"properties":{"kind":"service","tier":"service","placement":"underground","from":"gas-T-512","to":"gas-N-P-00523","lengthM":25.91,"sizeMm":25,"diameterIn":0.98,"nominalLabel":"1\" PE","depthM":0.8,"pressureTier":"lp","excessFlowValve":false}},{"type":"Feature","id":"gas-E993","geometry":{"type":"LineString","coordinates":[[-80.6005953,43.3016304],[-80.6003546,43.3016304],[-80.600337,43.3016975]]},"properties":{"kind":"service","tier":"service","placement":"underground","from":"gas-T-513","to":"gas-N-P-00524","lengthM":27.1,"sizeMm":25,"diameterIn":0.98,"nominalLabel":"1\" PE","depthM":0.8,"pressureTier":"lp","excessFlowValve":false}},{"type":"Feature","id":"gas-E994","geometry":{"type":"LineString","coordinates":[[-80.6005954,43.3014547],[-80.6003547,43.3014547],[-80.6003348,43.3015243]]},"properties":{"kind":"service","tier":"service","placement":"underground","from":"gas-T-514","to":"gas-N-P-00525","lengthM":27.42,"sizeMm":25,"diameterIn":0.98,"nominalLabel":"1\" PE","depthM":0.8,"pressureTier":"lp","excessFlowValve":false}},{"type":"Feature","id":"gas-E995","geometry":{"type":"LineString","coordinates":[[-80.6005954,43.3012786],[-80.6003548,43.3012786],[-80.6003322,43.301346]]},"properties":{"kind":"service","tier":"service","placement":"underground","from":"gas-T-515","to":"gas-N-P-00526","lengthM":27.22,"sizeMm":25,"diameterIn":0.98,"nominalLabel":"1\" PE","depthM":0.8,"pressureTier":"lp","excessFlowValve":false}},{"type":"Feature","id":"gas-E996","geometry":{"type":"LineString","coordinates":[[-80.6005956,43.3011172],[-80.6003549,43.3011172],[-80.6003315,43.3011739]]},"properties":{"kind":"service","tier":"service","placement":"underground","from":"gas-T-516","to":"gas-N-P-00527","lengthM":26.09,"sizeMm":25,"diameterIn":0.98,"nominalLabel":"1\" PE","depthM":0.8,"pressureTier":"lp","excessFlowValve":false}},{"type":"Feature","id":"gas-E997","geometry":{"type":"LineString","coordinates":[[-80.6005957,43.3009525],[-80.6003551,43.3009525],[-80.6003313,43.3010227]]},"properties":{"kind":"service","tier":"service","placement":"underground","from":"gas-T-517","to":"gas-N-P-00528","lengthM":27.54,"sizeMm":25,"diameterIn":0.98,"nominalLabel":"1\" PE","depthM":0.8,"pressureTier":"lp","excessFlowValve":false}},{"type":"Feature","id":"gas-E998","geometry":{"type":"LineString","coordinates":[[-80.6005958,43.3007741],[-80.6003552,43.3007741],[-80.6003306,43.300843]]},"properties":{"kind":"service","tier":"service","placement":"underground","from":"gas-T-518","to":"gas-N-P-00529","lengthM":27.42,"sizeMm":25,"diameterIn":0.98,"nominalLabel":"1\" PE","depthM":0.8,"pressureTier":"lp","excessFlowValve":false}},{"type":"Feature","id":"gas-E999","geometry":{"type":"LineString","coordinates":[[-80.6005959,43.3006125],[-80.6003552,43.3006125],[-80.6003353,43.3006678]]},"properties":{"kind":"service","tier":"service","placement":"underground","from":"gas-T-519","to":"gas-N-P-00530","lengthM":25.86,"sizeMm":25,"diameterIn":0.98,"nominalLabel":"1\" PE","depthM":0.8,"pressureTier":"lp","excessFlowValve":false}},{"type":"Feature","id":"gas-E1000","geometry":{"type":"LineString","coordinates":[[-80.6005961,43.3004487],[-80.6003553,43.3004487],[-80.600341,43.3005197]]},"properties":{"kind":"service","tier":"service","placement":"underground","from":"gas-T-520","to":"gas-N-P-00531","lengthM":27.49,"sizeMm":25,"diameterIn":0.98,"nominalLabel":"1\" PE","depthM":0.8,"pressureTier":"lp","excessFlowValve":false}},{"type":"Feature","id":"gas-E1001","geometry":{"type":"LineString","coordinates":[[-80.6005961,43.30028],[-80.6003554,43.3002797],[-80.6003359,43.3003394]]},"properties":{"kind":"service","tier":"service","placement":"underground","from":"gas-T-521","to":"gas-N-P-00532","lengthM":26.34,"sizeMm":25,"diameterIn":0.98,"nominalLabel":"1\" PE","depthM":0.8,"pressureTier":"lp","excessFlowValve":false}},{"type":"Feature","id":"gas-E1002","geometry":{"type":"LineString","coordinates":[[-80.6005962,43.3001195],[-80.6003555,43.3001195],[-80.6003368,43.3001828]]},"properties":{"kind":"service","tier":"service","placement":"underground","from":"gas-T-522","to":"gas-N-P-00533","lengthM":26.71,"sizeMm":25,"diameterIn":0.98,"nominalLabel":"1\" PE","depthM":0.8,"pressureTier":"lp","excessFlowValve":false}},{"type":"Feature","id":"gas-E1003","geometry":{"type":"LineString","coordinates":[[-80.6005964,43.2999439],[-80.6003557,43.2999436],[-80.6003324,43.3000171]]},"properties":{"kind":"service","tier":"service","placement":"underground","from":"gas-T-523","to":"gas-N-P-00534","lengthM":27.89,"sizeMm":25,"diameterIn":0.98,"nominalLabel":"1\" PE","depthM":0.8,"pressureTier":"lp","excessFlowValve":false}},{"type":"Feature","id":"gas-E1004","geometry":{"type":"LineString","coordinates":[[-80.6005969,43.302965],[-80.6007266,43.3029647],[-80.6007489,43.30302]]},"properties":{"kind":"service","tier":"service","placement":"underground","from":"gas-T-524","to":"gas-N-P-00535","lengthM":16.92,"sizeMm":25,"diameterIn":0.98,"nominalLabel":"1\" PE","depthM":0.8,"pressureTier":"lp","excessFlowValve":false}},{"type":"Feature","id":"gas-E1005","geometry":{"type":"LineString","coordinates":[[-80.6005966,43.3027989],[-80.6007261,43.3027987],[-80.6007439,43.3028714]]},"properties":{"kind":"service","tier":"service","placement":"underground","from":"gas-T-525","to":"gas-N-P-00536","lengthM":18.71,"sizeMm":25,"diameterIn":0.98,"nominalLabel":"1\" PE","depthM":0.8,"pressureTier":"lp","excessFlowValve":false}},{"type":"Feature","id":"gas-E1006","geometry":{"type":"LineString","coordinates":[[-80.6005961,43.3026254],[-80.6007257,43.3026253],[-80.60075,43.3026872]]},"properties":{"kind":"service","tier":"service","placement":"underground","from":"gas-T-526","to":"gas-N-P-00537","lengthM":17.67,"sizeMm":25,"diameterIn":0.98,"nominalLabel":"1\" PE","depthM":0.8,"pressureTier":"lp","excessFlowValve":false}},{"type":"Feature","id":"gas-E1007","geometry":{"type":"LineString","coordinates":[[-80.6005958,43.3024665],[-80.6007254,43.3024663],[-80.6007441,43.3025263]]},"properties":{"kind":"service","tier":"service","placement":"underground","from":"gas-T-527","to":"gas-N-P-00538","lengthM":17.34,"sizeMm":25,"diameterIn":0.98,"nominalLabel":"1\" PE","depthM":0.8,"pressureTier":"lp","excessFlowValve":false}},{"type":"Feature","id":"gas-E1008","geometry":{"type":"LineString","coordinates":[[-80.6005956,43.3023],[-80.6007252,43.3022998],[-80.6007395,43.3023684]]},"properties":{"kind":"service","tier":"service","placement":"underground","from":"gas-T-528","to":"gas-N-P-00539","lengthM":18.23,"sizeMm":25,"diameterIn":0.98,"nominalLabel":"1\" PE","depthM":0.8,"pressureTier":"lp","excessFlowValve":false}},{"type":"Feature","id":"gas-E1009","geometry":{"type":"LineString","coordinates":[[-80.6005954,43.3021323],[-80.6007251,43.3021323],[-80.6007465,43.3021931]]},"properties":{"kind":"service","tier":"service","placement":"underground","from":"gas-T-529","to":"gas-N-P-00540","lengthM":17.49,"sizeMm":25,"diameterIn":0.98,"nominalLabel":"1\" PE","depthM":0.8,"pressureTier":"lp","excessFlowValve":false}},{"type":"Feature","id":"gas-E1010","geometry":{"type":"LineString","coordinates":[[-80.6005953,43.301963],[-80.600725,43.301963],[-80.6007415,43.3020332]]},"properties":{"kind":"service","tier":"service","placement":"underground","from":"gas-T-530","to":"gas-N-P-00541","lengthM":18.44,"sizeMm":25,"diameterIn":0.98,"nominalLabel":"1\" PE","depthM":0.8,"pressureTier":"lp","excessFlowValve":false}},{"type":"Feature","id":"gas-E1011","geometry":{"type":"LineString","coordinates":[[-80.6005953,43.3017886],[-80.6007249,43.3017886],[-80.6007398,43.3018539]]},"properties":{"kind":"service","tier":"service","placement":"underground","from":"gas-T-531","to":"gas-N-P-00542","lengthM":17.87,"sizeMm":25,"diameterIn":0.98,"nominalLabel":"1\" PE","depthM":0.8,"pressureTier":"lp","excessFlowValve":false}},{"type":"Feature","id":"gas-E1012","geometry":{"type":"LineString","coordinates":[[-80.6005953,43.3016259],[-80.6007249,43.3016259],[-80.6007401,43.3016858]]},"properties":{"kind":"service","tier":"service","placement":"underground","from":"gas-T-532","to":"gas-N-P-00543","lengthM":17.28,"sizeMm":25,"diameterIn":0.98,"nominalLabel":"1\" PE","depthM":0.8,"pressureTier":"lp","excessFlowValve":false}},{"type":"Feature","id":"gas-E1013","geometry":{"type":"LineString","coordinates":[[-80.6005954,43.3014537],[-80.600725,43.3014537],[-80.6007433,43.3015274]]},"properties":{"kind":"service","tier":"service","placement":"underground","from":"gas-T-533","to":"gas-N-P-00544","lengthM":18.83,"sizeMm":25,"diameterIn":0.98,"nominalLabel":"1\" PE","depthM":0.8,"pressureTier":"lp","excessFlowValve":false}},{"type":"Feature","id":"gas-E1014","geometry":{"type":"LineString","coordinates":[[-80.6005954,43.3012804],[-80.6007251,43.3012804],[-80.6007438,43.3013412]]},"properties":{"kind":"service","tier":"service","placement":"underground","from":"gas-T-534","to":"gas-N-P-00545","lengthM":17.45,"sizeMm":25,"diameterIn":0.98,"nominalLabel":"1\" PE","depthM":0.8,"pressureTier":"lp","excessFlowValve":false}},{"type":"Feature","id":"gas-E1015","geometry":{"type":"LineString","coordinates":[[-80.6005956,43.3011246],[-80.6007252,43.3011246],[-80.6007415,43.3011828]]},"properties":{"kind":"service","tier":"service","placement":"underground","from":"gas-T-535","to":"gas-N-P-00546","lengthM":17.12,"sizeMm":25,"diameterIn":0.98,"nominalLabel":"1\" PE","depthM":0.8,"pressureTier":"lp","excessFlowValve":false}},{"type":"Feature","id":"gas-E1016","geometry":{"type":"LineString","coordinates":[[-80.6005957,43.300955],[-80.6007254,43.300955],[-80.600739,43.301028]]},"properties":{"kind":"service","tier":"service","placement":"underground","from":"gas-T-536","to":"gas-N-P-00547","lengthM":18.71,"sizeMm":25,"diameterIn":0.98,"nominalLabel":"1\" PE","depthM":0.8,"pressureTier":"lp","excessFlowValve":false}},{"type":"Feature","id":"gas-E1017","geometry":{"type":"LineString","coordinates":[[-80.6005958,43.3007795],[-80.6007255,43.3007795],[-80.6007405,43.3008429]]},"properties":{"kind":"service","tier":"service","placement":"underground","from":"gas-T-537","to":"gas-N-P-00548","lengthM":17.67,"sizeMm":25,"diameterIn":0.98,"nominalLabel":"1\" PE","depthM":0.8,"pressureTier":"lp","excessFlowValve":false}},{"type":"Feature","id":"gas-E1018","geometry":{"type":"LineString","coordinates":[[-80.6005959,43.3006102],[-80.6007256,43.3006102],[-80.6007434,43.3006778]]},"properties":{"kind":"service","tier":"service","placement":"underground","from":"gas-T-538","to":"gas-N-P-00549","lengthM":18.16,"sizeMm":25,"diameterIn":0.98,"nominalLabel":"1\" PE","depthM":0.8,"pressureTier":"lp","excessFlowValve":false}},{"type":"Feature","id":"gas-E1019","geometry":{"type":"LineString","coordinates":[[-80.6005961,43.3004463],[-80.6007256,43.3004463],[-80.6007487,43.300505]]},"properties":{"kind":"service","tier":"service","placement":"underground","from":"gas-T-539","to":"gas-N-P-00550","lengthM":17.29,"sizeMm":25,"diameterIn":0.98,"nominalLabel":"1\" PE","depthM":0.8,"pressureTier":"lp","excessFlowValve":false}},{"type":"Feature","id":"gas-E1020","geometry":{"type":"LineString","coordinates":[[-80.6005961,43.3002864],[-80.6007257,43.3002866],[-80.6007473,43.3003505]]},"properties":{"kind":"service","tier":"service","placement":"underground","from":"gas-T-540","to":"gas-N-P-00551","lengthM":17.83,"sizeMm":25,"diameterIn":0.98,"nominalLabel":"1\" PE","depthM":0.8,"pressureTier":"lp","excessFlowValve":false}},{"type":"Feature","id":"gas-E1021","geometry":{"type":"LineString","coordinates":[[-80.6005962,43.3001159],[-80.6007258,43.3001159],[-80.6008521,43.3001427]]},"properties":{"kind":"service","tier":"service","placement":"underground","from":"gas-T-541","to":"gas-N-P-00552","lengthM":21.16,"sizeMm":25,"diameterIn":0.98,"nominalLabel":"1\" PE","depthM":0.8,"pressureTier":"lp","excessFlowValve":false}},{"type":"Feature","id":"gas-E1022","geometry":{"type":"LineString","coordinates":[[-80.5999459,43.299906],[-80.5997794,43.2999013],[-80.5997666,43.2998499]]},"properties":{"kind":"service","tier":"service","placement":"underground","from":"gas-T-542","to":"gas-N-P-00553","lengthM":19.32,"sizeMm":25,"diameterIn":0.98,"nominalLabel":"1\" PE","depthM":0.8,"pressureTier":"lp","excessFlowValve":false}},{"type":"Feature","id":"gas-E1023","geometry":{"type":"LineString","coordinates":[[-80.5999364,43.3000485],[-80.5997697,43.3000401],[-80.5997553,43.2999923]]},"properties":{"kind":"service","tier":"service","placement":"underground","from":"gas-T-543","to":"gas-N-P-00554","lengthM":19.0,"sizeMm":25,"diameterIn":0.98,"nominalLabel":"1\" PE","depthM":0.8,"pressureTier":"lp","excessFlowValve":false}},{"type":"Feature","id":"gas-E1024","geometry":{"type":"LineString","coordinates":[[-80.5999213,43.300201],[-80.5997543,43.3001893],[-80.5997471,43.3001283]]},"properties":{"kind":"service","tier":"service","placement":"underground","from":"gas-T-544","to":"gas-N-P-00555","lengthM":20.41,"sizeMm":25,"diameterIn":0.98,"nominalLabel":"1\" PE","depthM":0.8,"pressureTier":"lp","excessFlowValve":false}},{"type":"Feature","id":"gas-E1025","geometry":{"type":"LineString","coordinates":[[-80.5999024,43.300344],[-80.5997357,43.3003323],[-80.5997222,43.3002829]]},"properties":{"kind":"service","tier":"service","placement":"underground","from":"gas-T-545","to":"gas-N-P-00556","lengthM":19.17,"sizeMm":25,"diameterIn":0.98,"nominalLabel":"1\" PE","depthM":0.8,"pressureTier":"lp","excessFlowValve":false}},{"type":"Feature","id":"gas-E1026","geometry":{"type":"LineString","coordinates":[[-80.5998808,43.3004784],[-80.5997153,43.300464],[-80.5997101,43.3004127]]},"properties":{"kind":"service","tier":"service","placement":"underground","from":"gas-T-546","to":"gas-N-P-00557","lengthM":19.23,"sizeMm":25,"diameterIn":0.98,"nominalLabel":"1\" PE","depthM":0.8,"pressureTier":"lp","excessFlowValve":false}},{"type":"Feature","id":"gas-E1027","geometry":{"type":"LineString","coordinates":[[-80.5995335,43.2993027],[-80.5994781,43.2992995],[-80.5994482,43.2993588]]},"properties":{"kind":"service","tier":"service","placement":"underground","from":"gas-T-547","to":"gas-N-P-00558","lengthM":11.54,"sizeMm":25,"diameterIn":0.98,"nominalLabel":"1\" PE","depthM":0.8,"pressureTier":"lp","excessFlowValve":false}},{"type":"Feature","id":"gas-E1028","geometry":{"type":"LineString","coordinates":[[-80.599548,43.2991547],[-80.5994926,43.2991522],[-80.5994726,43.2992025]]},"properties":{"kind":"service","tier":"service","placement":"underground","from":"gas-T-548","to":"gas-N-P-00559","lengthM":10.33,"sizeMm":25,"diameterIn":0.98,"nominalLabel":"1\" PE","depthM":0.8,"pressureTier":"lp","excessFlowValve":false}},{"type":"Feature","id":"gas-E1029","geometry":{"type":"LineString","coordinates":[[-80.5995594,43.2990076],[-80.5995034,43.2990059],[-80.5994807,43.299065]]},"properties":{"kind":"service","tier":"service","placement":"underground","from":"gas-T-549","to":"gas-N-P-00560","lengthM":11.37,"sizeMm":25,"diameterIn":0.98,"nominalLabel":"1\" PE","depthM":0.8,"pressureTier":"lp","excessFlowValve":false}},{"type":"Feature","id":"gas-E1030","geometry":{"type":"LineString","coordinates":[[-80.5995338,43.2993004],[-80.5996998,43.29931],[-80.5997171,43.299367]]},"properties":{"kind":"service","tier":"service","placement":"underground","from":"gas-T-550","to":"gas-N-P-00561","lengthM":19.99,"sizeMm":25,"diameterIn":0.98,"nominalLabel":"1\" PE","depthM":0.8,"pressureTier":"lp","excessFlowValve":false}},{"type":"Feature","id":"gas-E1031","geometry":{"type":"LineString","coordinates":[[-80.5995479,43.2991563],[-80.5997142,43.2991639],[-80.599733,43.2992201]]},"properties":{"kind":"service","tier":"service","placement":"underground","from":"gas-T-551","to":"gas-N-P-00562","lengthM":19.93,"sizeMm":25,"diameterIn":0.98,"nominalLabel":"1\" PE","depthM":0.8,"pressureTier":"lp","excessFlowValve":false}},{"type":"Feature","id":"gas-E1032","geometry":{"type":"LineString","coordinates":[[-80.5979535,43.2996459],[-80.5979547,43.2994708],[-80.5980334,43.299298]]},"properties":{"kind":"service","tier":"service","placement":"underground","from":"gas-T-552","to":"gas-N-P-00563","lengthM":39.77,"sizeMm":25,"diameterIn":0.98,"nominalLabel":"1\" PE","depthM":0.8,"pressureTier":"lp","excessFlowValve":false}},{"type":"Feature","id":"gas-E1033","geometry":{"type":"LineString","coordinates":[[-80.5969489,43.2996418],[-80.5969505,43.2994666],[-80.5968996,43.2993345]]},"properties":{"kind":"service","tier":"service","placement":"underground","from":"gas-T-553","to":"gas-N-P-00564","lengthM":34.78,"sizeMm":19,"diameterIn":0.75,"nominalLabel":"3/4\" PE","depthM":0.8,"pressureTier":"mp","excessFlowValve":true,"regulator":"service pressure regulator"}},{"type":"Feature","id":"gas-E1034","geometry":{"type":"LineString","coordinates":[[-80.596034,43.2996373],[-80.5960332,43.2997316],[-80.596122,43.2997446]]},"properties":{"kind":"service","tier":"service","placement":"underground","from":"gas-T-554","to":"gas-N-P-00565","lengthM":17.84,"sizeMm":19,"diameterIn":0.75,"nominalLabel":"3/4\" PE","depthM":0.8,"pressureTier":"mp","excessFlowValve":true,"regulator":"service pressure regulator"}},{"type":"Feature","id":"gas-E1035","geometry":{"type":"LineString","coordinates":[[-80.5957928,43.299636],[-80.595792,43.2997303],[-80.5958692,43.2997455]]},"properties":{"kind":"service","tier":"service","placement":"underground","from":"gas-T-555","to":"gas-N-P-00566","lengthM":16.97,"sizeMm":19,"diameterIn":0.75,"nominalLabel":"3/4\" PE","depthM":0.8,"pressureTier":"mp","excessFlowValve":true,"regulator":"service pressure regulator"}},{"type":"Feature","id":"gas-E1036","geometry":{"type":"LineString","coordinates":[[-80.6008917,43.2947701],[-80.6006885,43.2947599],[-80.6004156,43.2935418]]},"properties":{"kind":"service","tier":"service","placement":"underground","from":"gas-T-556","to":"gas-N-P-00569","lengthM":153.88,"sizeMm":100,"diameterIn":3.94,"nominalLabel":"4\" steel","depthM":0.8,"pressureTier":"lp","excessFlowValve":false}},{"type":"Feature","id":"gas-E1037","geometry":{"type":"LineString","coordinates":[[-80.59357,43.2996174],[-80.5936097,43.299472],[-80.5929419,43.2992569]]},"properties":{"kind":"service","tier":"service","placement":"underground","from":"gas-T-557","to":"gas-N-P-00570","lengthM":75.66,"sizeMm":100,"diameterIn":3.94,"nominalLabel":"4\" steel","depthM":0.8,"pressureTier":"mp","excessFlowValve":true,"regulator":"service pressure regulator"}}]}