{"type":"FeatureCollection","name":"parcels","crs_note":"EPSG:4326","features":[{"type":"Feature","id":"LOT-P-00001","geometry":{"type":"Polygon","coordinates":[[[-80.6049921,43.3001598],[-80.6047734,43.3001598],[-80.6047734,43.2998568],[-80.6049921,43.2998568],[-80.6049921,43.3001598]]]},"properties":{"premiseId":"P-00001","address":"10 Trillium Street","premiseType":"residential"}},{"type":"Feature","id":"LOT-P-00002","geometry":{"type":"Polygon","coordinates":[[[-80.6045726,43.3001543],[-80.6045576,43.2999976],[-80.604549,43.2998568],[-80.6047734,43.2998568],[-80.6047734,43.3001543],[-80.6045726,43.3001543]]]},"properties":{"premiseId":"P-00002","address":"6 Trillium Street","premiseType":"residential"}},{"type":"Feature","id":"LOT-P-00003","geometry":{"type":"Polygon","coordinates":[[[-80.6043555,43.2994386],[-80.6043632,43.2992787],[-80.604777,43.2992885],[-80.6047685,43.2994595],[-80.6043555,43.2994386]]]},"properties":{"premiseId":"P-00003","address":"7 Kingfisher Gate","premiseType":"residential"}},{"type":"Feature","id":"LOT-P-00004","geometry":{"type":"Polygon","coordinates":[[[-80.6043729,43.2991402],[-80.604777,43.2991385],[-80.604777,43.2992885],[-80.6043731,43.2992788],[-80.6043729,43.2991402]]]},"properties":{"premiseId":"P-00004","address":"13 Kingfisher Gate","premiseType":"residential"}},{"type":"Feature","id":"LOT-P-00005","geometry":{"type":"Polygon","coordinates":[[[-80.6043458,43.2989881],[-80.6047698,43.2989746],[-80.604777,43.2991385],[-80.6043526,43.2991403],[-80.6043458,43.2989881]]]},"properties":{"premiseId":"P-00005","address":"15 Kingfisher Gate","premiseType":"residential"}},{"type":"Feature","id":"LOT-P-00006","geometry":{"type":"Polygon","coordinates":[[[-80.6047557,43.2988175],[-80.6047698,43.2989746],[-80.604355,43.2989878],[-80.6043419,43.2988413],[-80.6047557,43.2988175]]]},"properties":{"premiseId":"P-00006","address":"21 Kingfisher Gate","premiseType":"residential"}},{"type":"Feature","id":"LOT-P-00007","geometry":{"type":"Polygon","coordinates":[[[-80.6043245,43.2986977],[-80.6047364,43.2986651],[-80.6047557,43.2988175],[-80.6043427,43.2988412],[-80.6043245,43.2986977]]]},"properties":{"premiseId":"P-00007","address":"23 Kingfisher Gate","premiseType":"residential"}},{"type":"Feature","id":"LOT-P-00008","geometry":{"type":"Polygon","coordinates":[[[-80.6043223,43.2985265],[-80.6047079,43.2984894],[-80.6047364,43.2986651],[-80.6043497,43.2986957],[-80.6043223,43.2985265]]]},"properties":{"premiseId":"P-00008","address":"27 Kingfisher Gate","premiseType":"residential"}},{"type":"Feature","id":"LOT-P-00009","geometry":{"type":"Polygon","coordinates":[[[-80.6046792,43.2983357],[-80.6047079,43.2984894],[-80.6042999,43.2985287],[-80.604272,43.2983788],[-80.6046792,43.2983357]]]},"properties":{"premiseId":"P-00009","address":"33 Kingfisher Gate","premiseType":"residential"}},{"type":"Feature","id":"LOT-P-00010","geometry":{"type":"Polygon","coordinates":[[[-80.6046486,43.2981832],[-80.6046792,43.2983357],[-80.6042824,43.2983777],[-80.604252,43.2982265],[-80.6046486,43.2981832]]]},"properties":{"premiseId":"P-00010","address":"35 Kingfisher Gate","premiseType":"residential"}},{"type":"Feature","id":"LOT-P-00011","geometry":{"type":"Polygon","coordinates":[[[-80.6042165,43.2980742],[-80.6046171,43.2980305],[-80.6046335,43.2981103],[-80.6046486,43.2981832],[-80.6042479,43.2982269],[-80.6042165,43.2980742]]]},"properties":{"premiseId":"P-00011","address":"39 Kingfisher Gate","premiseType":"residential"}},{"type":"Feature","id":"LOT-P-00012","geometry":{"type":"Polygon","coordinates":[[[-80.6041139,43.301387],[-80.6045336,43.3013563],[-80.6045533,43.301511],[-80.6041328,43.3015358],[-80.6041139,43.301387]]]},"properties":{"premiseId":"P-00012","address":"44 Elgin Lane","premiseType":"residential"}},{"type":"Feature","id":"LOT-P-00013","geometry":{"type":"Polygon","coordinates":[[[-80.6041234,43.301224],[-80.6045094,43.3011917],[-80.6045336,43.3013563],[-80.604147,43.3013846],[-80.6041234,43.301224]]]},"properties":{"premiseId":"P-00013","address":"40 Elgin Lane","premiseType":"residential"}},{"type":"Feature","id":"LOT-P-00014","geometry":{"type":"Polygon","coordinates":[[[-80.6041062,43.3012255],[-80.6040841,43.3010884],[-80.604487,43.3010525],[-80.6045094,43.3011917],[-80.6041234,43.301224],[-80.6041062,43.3012255]]]},"properties":{"premiseId":"P-00014","address":"36 Elgin Lane","premiseType":"residential"}},{"type":"Feature","id":"LOT-P-00015","geometry":{"type":"Polygon","coordinates":[[[-80.6040534,43.3009438],[-80.6044625,43.3009067],[-80.604487,43.3010525],[-80.6040841,43.3010884],[-80.6040779,43.3010889],[-80.6040534,43.3009438]]]},"properties":{"premiseId":"P-00015","address":"32 Elgin Lane","premiseType":"residential"}},{"type":"Feature","id":"LOT-P-00016","geometry":{"type":"Polygon","coordinates":[[[-80.6040487,43.3007994],[-80.604438,43.3007641],[-80.6044625,43.3009067],[-80.604073,43.300942],[-80.6040487,43.3007994]]]},"properties":{"premiseId":"P-00016","address":"30 Elgin Lane","premiseType":"residential"}},{"type":"Feature","id":"LOT-P-00017","geometry":{"type":"Polygon","coordinates":[[[-80.6044108,43.3005996],[-80.6044322,43.3007304],[-80.6044324,43.3007308],[-80.604438,43.3007641],[-80.6040314,43.3008009],[-80.6040039,43.3006349],[-80.6044108,43.3005996]]]},"properties":{"premiseId":"P-00017","address":"26 Elgin Lane","premiseType":"residential"}},{"type":"Feature","id":"LOT-P-00018","geometry":{"type":"Polygon","coordinates":[[[-80.6043894,43.3004609],[-80.6044026,43.3005499],[-80.6044027,43.3005508],[-80.6044108,43.3005996],[-80.6040233,43.3006333],[-80.6040014,43.3004915],[-80.6043894,43.3004609]]]},"properties":{"premiseId":"P-00018","address":"22 Elgin Lane","premiseType":"residential"}},{"type":"Feature","id":"LOT-P-00019","geometry":{"type":"Polygon","coordinates":[[[-80.6043688,43.3003132],[-80.6043758,43.3003688],[-80.6043759,43.3003702],[-80.6043894,43.3004609],[-80.603987,43.3004925],[-80.6039658,43.3003401],[-80.6043688,43.3003132]]]},"properties":{"premiseId":"P-00019","address":"18 Elgin Lane","premiseType":"residential"}},{"type":"Feature","id":"LOT-P-00020","geometry":{"type":"Polygon","coordinates":[[[-80.6043492,43.3001469],[-80.604353,43.3001874],[-80.6043532,43.3001892],[-80.6043688,43.3003132],[-80.6039696,43.3003398],[-80.6039492,43.3001671],[-80.6043492,43.3001469]]]},"properties":{"premiseId":"P-00020","address":"14 Elgin Lane","premiseType":"residential"}},{"type":"Feature","id":"LOT-P-00021","geometry":{"type":"Polygon","coordinates":[[[-80.6043367,43.300017],[-80.6043492,43.3001469],[-80.6039379,43.3001676],[-80.6039255,43.3000378],[-80.6043367,43.300017]]]},"properties":{"premiseId":"P-00021","address":"10 Elgin Lane","premiseType":"residential"}},{"type":"Feature","id":"LOT-P-00022","geometry":{"type":"Polygon","coordinates":[[[-80.6043267,43.2998582],[-80.6043357,43.3000057],[-80.6043358,43.3000077],[-80.6043367,43.300017],[-80.6039365,43.3000373],[-80.6039259,43.2998712],[-80.6043267,43.2998582]]]},"properties":{"premiseId":"P-00022","address":"8 Elgin Lane","premiseType":"residential"}},{"type":"Feature","id":"LOT-P-00023","geometry":{"type":"Polygon","coordinates":[[[-80.6051043,43.30087],[-80.6046864,43.3009073],[-80.6046835,43.3008907],[-80.6046835,43.3008905],[-80.6046605,43.3007553],[-80.6050783,43.3007174],[-80.6051043,43.30087]]]},"properties":{"premiseId":"P-00023","address":"29 Elgin Lane","premiseType":"residential"}},{"type":"Feature","id":"LOT-P-00024","geometry":{"type":"Polygon","coordinates":[[[-80.6050257,43.3005746],[-80.6050499,43.30072],[-80.6046605,43.3007553],[-80.604636,43.3006085],[-80.6050257,43.3005746]]]},"properties":{"premiseId":"P-00024","address":"25 Elgin Lane","premiseType":"residential"}},{"type":"Feature","id":"LOT-P-00025","geometry":{"type":"Polygon","coordinates":[[[-80.6050148,43.3004154],[-80.6050394,43.3005734],[-80.6050257,43.3005746],[-80.604636,43.3006085],[-80.6046108,43.3004471],[-80.6050148,43.3004154]]]},"properties":{"premiseId":"P-00025","address":"21 Elgin Lane","premiseType":"residential"}},{"type":"Feature","id":"LOT-P-00026","geometry":{"type":"Polygon","coordinates":[[[-80.6050327,43.3004139],[-80.6050148,43.3004154],[-80.6046108,43.3004471],[-80.6045918,43.3003126],[-80.6050143,43.3002845],[-80.6050327,43.3004139]]]},"properties":{"premiseId":"P-00026","address":"17 Elgin Lane","premiseType":"residential"}},{"type":"Feature","id":"LOT-P-00027","geometry":{"type":"Polygon","coordinates":[[[-80.6047734,43.3001543],[-80.6047734,43.3001598],[-80.6049739,43.3001598],[-80.6049893,43.3002862],[-80.6045918,43.3003126],[-80.6045729,43.3001577],[-80.6046407,43.3001543],[-80.6047734,43.3001543]]]},"properties":{"premiseId":"P-00027","address":"13 Elgin Lane","premiseType":"residential"}},{"type":"Feature","id":"LOT-P-00028","geometry":{"type":"Polygon","coordinates":[[[-80.6033082,43.2994709],[-80.6032912,43.2993387],[-80.6037167,43.2993096],[-80.6037337,43.2994418],[-80.6033082,43.2994709]]]},"properties":{"premiseId":"P-00028","address":"7 Meadow Crescent","premiseType":"residential"}},{"type":"Feature","id":"LOT-P-00029","geometry":{"type":"Polygon","coordinates":[[[-80.603693,43.2991596],[-80.6037167,43.2993096],[-80.6033289,43.2993361],[-80.6033063,43.2991938],[-80.603693,43.2991596]]]},"properties":{"premiseId":"P-00029","address":"11 Meadow Crescent","premiseType":"residential"}},{"type":"Feature","id":"LOT-P-00030","geometry":{"type":"Polygon","coordinates":[[[-80.6032607,43.2990418],[-80.6036642,43.2990008],[-80.603693,43.2991596],[-80.6032886,43.2991953],[-80.6032607,43.2990418]]]},"properties":{"premiseId":"P-00030","address":"15 Meadow Crescent","premiseType":"residential"}},{"type":"Feature","id":"LOT-P-00031","geometry":{"type":"Polygon","coordinates":[[[-80.6032201,43.2989033],[-80.6036361,43.2988582],[-80.6036642,43.2990008],[-80.6032478,43.2990431],[-80.6032201,43.2989033]]]},"properties":{"premiseId":"P-00031","address":"19 Meadow Crescent","premiseType":"residential"}},{"type":"Feature","id":"LOT-P-00032","geometry":{"type":"Polygon","coordinates":[[[-80.603607,43.298716],[-80.6036118,43.2987396],[-80.6036361,43.2988582],[-80.6032515,43.2988998],[-80.6032223,43.2987575],[-80.603607,43.298716]]]},"properties":{"premiseId":"P-00032","address":"23 Meadow Crescent","premiseType":"residential"}},{"type":"Feature","id":"LOT-P-00033","geometry":{"type":"Polygon","coordinates":[[[-80.6035765,43.2985669],[-80.603607,43.298716],[-80.6031841,43.2987617],[-80.6031536,43.2986126],[-80.6035765,43.2985669]]]},"properties":{"premiseId":"P-00033","address":"27 Meadow Crescent","premiseType":"residential"}},{"type":"Feature","id":"LOT-P-00034","geometry":{"type":"Polygon","coordinates":[[[-80.6035482,43.298418],[-80.6035749,43.298559],[-80.6035751,43.2985598],[-80.6035765,43.2985669],[-80.6031593,43.298612],[-80.6031303,43.29846],[-80.6035482,43.298418]]]},"properties":{"premiseId":"P-00034","address":"29 Meadow Crescent","premiseType":"residential"}},{"type":"Feature","id":"LOT-P-00035","geometry":{"type":"Polygon","coordinates":[[[-80.6035215,43.2982605],[-80.6035405,43.2983778],[-80.6035408,43.2983794],[-80.6035482,43.298418],[-80.6031411,43.2984589],[-80.6031135,43.2982957],[-80.6035215,43.2982605]]]},"properties":{"premiseId":"P-00035","address":"33 Meadow Crescent","premiseType":"residential"}},{"type":"Feature","id":"LOT-P-00036","geometry":{"type":"Polygon","coordinates":[[[-80.6035004,43.2981114],[-80.603511,43.298196],[-80.6035113,43.2981982],[-80.6035215,43.2982605],[-80.6031159,43.2982955],[-80.6030937,43.2981383],[-80.6035004,43.2981114]]]},"properties":{"premiseId":"P-00036","address":"37 Meadow Crescent","premiseType":"residential"}},{"type":"Feature","id":"LOT-P-00037","geometry":{"type":"Polygon","coordinates":[[[-80.6043309,43.299245],[-80.6043508,43.2993986],[-80.6039548,43.2994257],[-80.603935,43.2992721],[-80.6043309,43.299245]]]},"properties":{"premiseId":"P-00037","address":"8 Meadow Crescent","premiseType":"residential"}},{"type":"Feature","id":"LOT-P-00038","geometry":{"type":"Polygon","coordinates":[[[-80.6043271,43.2992452],[-80.603935,43.2992721],[-80.6039333,43.2992591],[-80.6039329,43.2992569],[-80.603909,43.2991127],[-80.6043,43.2990782],[-80.6043271,43.2992452]]]},"properties":{"premiseId":"P-00038","address":"12 Meadow Crescent","premiseType":"residential"}},{"type":"Feature","id":"LOT-P-00039","geometry":{"type":"Polygon","coordinates":[[[-80.6039028,43.2990758],[-80.60388,43.2989563],[-80.6042783,43.2989158],[-80.6043083,43.2990775],[-80.603909,43.2991127],[-80.6039031,43.2990773],[-80.6039028,43.2990758]]]},"properties":{"premiseId":"P-00039","address":"16 Meadow Crescent","premiseType":"residential"}},{"type":"Feature","id":"LOT-P-00040","geometry":{"type":"Polygon","coordinates":[[[-80.60388,43.2989563],[-80.6038684,43.2988962],[-80.6038683,43.2988953],[-80.6038481,43.2987967],[-80.6042352,43.2987548],[-80.6042676,43.2989169],[-80.60388,43.2989563]]]},"properties":{"premiseId":"P-00040","address":"20 Meadow Crescent","premiseType":"residential"}},{"type":"Feature","id":"LOT-P-00041","geometry":{"type":"Polygon","coordinates":[[[-80.6042224,43.2985962],[-80.6042544,43.2987527],[-80.6042352,43.2987548],[-80.6038481,43.2987967],[-80.6038161,43.2986401],[-80.6042224,43.2985962]]]},"properties":{"premiseId":"P-00041","address":"24 Meadow Crescent","premiseType":"residential"}},{"type":"Feature","id":"LOT-P-00042","geometry":{"type":"Polygon","coordinates":[[[-80.6042005,43.2984327],[-80.6042328,43.2985951],[-80.6038161,43.2986401],[-80.6037832,43.2984747],[-80.6042005,43.2984327]]]},"properties":{"premiseId":"P-00042","address":"28 Meadow Crescent","premiseType":"residential"}},{"type":"Feature","id":"LOT-P-00043","geometry":{"type":"Polygon","coordinates":[[[-80.6041408,43.2982795],[-80.6041693,43.2984359],[-80.6037832,43.2984747],[-80.6037537,43.2983129],[-80.6041408,43.2982795]]]},"properties":{"premiseId":"P-00043","address":"32 Meadow Crescent","premiseType":"residential"}},{"type":"Feature","id":"LOT-P-00044","geometry":{"type":"Polygon","coordinates":[[[-80.6041415,43.2981195],[-80.6041662,43.2982773],[-80.6037537,43.2983129],[-80.6037279,43.2981469],[-80.6041415,43.2981195]]]},"properties":{"premiseId":"P-00044","address":"36 Meadow Crescent","premiseType":"residential"}},{"type":"Feature","id":"LOT-P-00045","geometry":{"type":"Polygon","coordinates":[[[-80.6041245,43.2979848],[-80.6041415,43.2981195],[-80.6037279,43.2981469],[-80.6037099,43.298002],[-80.6041245,43.2979848]]]},"properties":{"premiseId":"P-00045","address":"40 Meadow Crescent","premiseType":"residential"}},{"type":"Feature","id":"LOT-P-00046","geometry":{"type":"Polygon","coordinates":[[[-80.6040864,43.2978157],[-80.6040997,43.2979858],[-80.6037099,43.298002],[-80.6036999,43.2978747],[-80.6036966,43.2978318],[-80.6040864,43.2978157]]]},"properties":{"premiseId":"P-00046","address":"44 Meadow Crescent","premiseType":"residential"}},{"type":"Feature","id":"LOT-P-00047","geometry":{"type":"Polygon","coordinates":[[[-80.6040824,43.2976436],[-80.6036926,43.2976622],[-80.6036952,43.2974966],[-80.6040858,43.2975019],[-80.6040824,43.2976436]]]},"properties":{"premiseId":"P-00047","address":"54 Meadow Crescent","premiseType":"residential"}},{"type":"Feature","id":"LOT-P-00048","geometry":{"type":"Polygon","coordinates":[[[-80.6031384,43.2973341],[-80.6034829,43.2973482],[-80.6034738,43.2974654],[-80.6034736,43.2974685],[-80.6034728,43.2975057],[-80.6031177,43.2975009],[-80.6031284,43.2973336],[-80.6031384,43.2973341]]]},"properties":{"premiseId":"P-00048","address":"55 Meadow Crescent","premiseType":"residential"}},{"type":"Feature","id":"LOT-P-00049","geometry":{"type":"Polygon","coordinates":[[[-80.6029828,43.2981342],[-80.6027082,43.2981342],[-80.6027082,43.2978291],[-80.6029828,43.2978291],[-80.6029828,43.2981342]]]},"properties":{"premiseId":"P-00049","address":"6 Chestnut Way","premiseType":"residential"}},{"type":"Feature","id":"LOT-P-00050","geometry":{"type":"Polygon","coordinates":[[[-80.6034728,43.2975057],[-80.6034691,43.2976481],[-80.6034693,43.297655],[-80.6034704,43.2976674],[-80.6032162,43.2976674],[-80.6032162,43.2975022],[-80.6034728,43.2975057]]]},"properties":{"premiseId":"P-00050","address":"13 Chestnut Way","premiseType":"residential"}},{"type":"Feature","id":"LOT-P-00051","geometry":{"type":"Polygon","coordinates":[[[-80.6031266,43.297363],[-80.6031177,43.2975009],[-80.6032162,43.2975022],[-80.6032162,43.2976674],[-80.6029484,43.2976674],[-80.6029484,43.297363],[-80.6031266,43.297363]]]},"properties":{"premiseId":"P-00051","address":"9 Chestnut Way","premiseType":"residential"}},{"type":"Feature","id":"LOT-P-00052","geometry":{"type":"Polygon","coordinates":[[[-80.602753,43.2974809],[-80.6027714,43.2973874],[-80.6029484,43.2973874],[-80.6029484,43.2976674],[-80.6027203,43.2976674],[-80.6027216,43.297659],[-80.602753,43.2974809]]]},"properties":{"premiseId":"P-00052","address":"5 Chestnut Way","premiseType":"residential"}},{"type":"Feature","id":"LOT-P-00053","geometry":{"type":"Polygon","coordinates":[[[-80.6039255,43.3000378],[-80.6039262,43.300045],[-80.603525,43.300034],[-80.6035373,43.299882],[-80.6039278,43.2999001],[-80.6039327,43.2999785],[-80.6039279,43.3000377],[-80.6039255,43.3000378]]]},"properties":{"premiseId":"P-00053","address":"7 Spruce Street","premiseType":"residential"}},{"type":"Feature","id":"LOT-P-00054","geometry":{"type":"Polygon","coordinates":[[[-80.6039343,43.3001297],[-80.6039308,43.3001966],[-80.6035172,43.3001938],[-80.603525,43.300034],[-80.6039262,43.300045],[-80.6039343,43.3001297]]]},"properties":{"premiseId":"P-00054","address":"11 Spruce Street","premiseType":"residential"}},{"type":"Feature","id":"LOT-P-00055","geometry":{"type":"Polygon","coordinates":[[[-80.6039327,43.3001966],[-80.6039307,43.3003462],[-80.6035152,43.3003433],[-80.6035162,43.3002661],[-80.6035172,43.3001938],[-80.6039308,43.3001966],[-80.6039327,43.3001966]]]},"properties":{"premiseId":"P-00055","address":"15 Spruce Street","premiseType":"residential"}},{"type":"Feature","id":"LOT-P-00056","geometry":{"type":"Polygon","coordinates":[[[-80.6035185,43.300492],[-80.6035152,43.3003433],[-80.6039122,43.300346],[-80.6039153,43.3004865],[-80.6035185,43.300492]]]},"properties":{"premiseId":"P-00056","address":"19 Spruce Street","premiseType":"residential"}},{"type":"Feature","id":"LOT-P-00057","geometry":{"type":"Polygon","coordinates":[[[-80.6039355,43.3006121],[-80.6035252,43.300626],[-80.6035185,43.300492],[-80.6039291,43.3004863],[-80.6039355,43.3006121]]]},"properties":{"premiseId":"P-00057","address":"23 Spruce Street","premiseType":"residential"}},{"type":"Feature","id":"LOT-P-00058","geometry":{"type":"Polygon","coordinates":[[[-80.6039602,43.3007508],[-80.6035366,43.3007729],[-80.6035252,43.300626],[-80.6039495,43.3006117],[-80.6039602,43.3007508]]]},"properties":{"premiseId":"P-00058","address":"27 Spruce Street","premiseType":"residential"}},{"type":"Feature","id":"LOT-P-00059","geometry":{"type":"Polygon","coordinates":[[[-80.6035538,43.3009351],[-80.6035366,43.3007729],[-80.6039391,43.3007519],[-80.6039557,43.3009079],[-80.6035538,43.3009351]]]},"properties":{"premiseId":"P-00059","address":"29 Spruce Street","premiseType":"residential"}},{"type":"Feature","id":"LOT-P-00060","geometry":{"type":"Polygon","coordinates":[[[-80.6035721,43.3010782],[-80.6035538,43.3009351],[-80.6039689,43.300907],[-80.6039866,43.3010453],[-80.6035721,43.3010782]]]},"properties":{"premiseId":"P-00060","address":"33 Spruce Street","premiseType":"residential"}},{"type":"Feature","id":"LOT-P-00061","geometry":{"type":"Polygon","coordinates":[[[-80.6035965,43.3012397],[-80.6035849,43.301163],[-80.6035721,43.3010782],[-80.6039844,43.3010455],[-80.6040086,43.3012068],[-80.6035965,43.3012397]]]},"properties":{"premiseId":"P-00061","address":"37 Spruce Street","premiseType":"residential"}},{"type":"Feature","id":"LOT-P-00062","geometry":{"type":"Polygon","coordinates":[[[-80.6040269,43.3013423],[-80.6036191,43.3013778],[-80.6035965,43.3012397],[-80.6040048,43.3012071],[-80.6040269,43.3013423]]]},"properties":{"premiseId":"P-00062","address":"41 Spruce Street","premiseType":"residential"}},{"type":"Feature","id":"LOT-P-00063","geometry":{"type":"Polygon","coordinates":[[[-80.6040347,43.3013415],[-80.6040606,43.3014952],[-80.6036452,43.3015328],[-80.6036191,43.3013778],[-80.6040269,43.3013423],[-80.6040347,43.3013415]]]},"properties":{"premiseId":"P-00063","address":"45 Spruce Street","premiseType":"residential"}},{"type":"Feature","id":"LOT-P-00064","geometry":{"type":"Polygon","coordinates":[[[-80.6036703,43.30168],[-80.6036583,43.3016093],[-80.6036583,43.3016091],[-80.6036452,43.3015328],[-80.6040385,43.3014972],[-80.6040635,43.301645],[-80.6036703,43.30168]]]},"properties":{"premiseId":"P-00064","address":"49 Spruce Street","premiseType":"residential"}},{"type":"Feature","id":"LOT-P-00065","geometry":{"type":"Polygon","coordinates":[[[-80.6040793,43.301786],[-80.6036931,43.3018181],[-80.6036887,43.3017896],[-80.6036885,43.301789],[-80.6036703,43.30168],[-80.604056,43.3016456],[-80.6040793,43.301786]]]},"properties":{"premiseId":"P-00065","address":"53 Spruce Street","premiseType":"residential"}},{"type":"Feature","id":"LOT-P-00066","geometry":{"type":"Polygon","coordinates":[[[-80.6040919,43.3017849],[-80.6041177,43.301951],[-80.6037183,43.3019798],[-80.6037171,43.3019704],[-80.6037168,43.3019693],[-80.6036931,43.3018181],[-80.6040793,43.301786],[-80.6040919,43.3017849]]]},"properties":{"premiseId":"P-00066","address":"55 Spruce Street","premiseType":"residential"}},{"type":"Feature","id":"LOT-P-00067","geometry":{"type":"Polygon","coordinates":[[[-80.6029488,43.3000236],[-80.602961,43.2998681],[-80.6033145,43.2998847],[-80.6033047,43.299997],[-80.6033045,43.2999991],[-80.6033027,43.3000333],[-80.6029488,43.3000236]]]},"properties":{"premiseId":"P-00067","address":"8 Spruce Street","premiseType":"residential"}},{"type":"Feature","id":"LOT-P-00068","geometry":{"type":"Polygon","coordinates":[[[-80.6029488,43.3000236],[-80.6033027,43.3000333],[-80.6032953,43.3001788],[-80.6032952,43.300181],[-80.6032952,43.300186],[-80.6029329,43.3001834],[-80.6029408,43.3000234],[-80.6029488,43.3000236]]]},"properties":{"premiseId":"P-00068","address":"12 Spruce Street","premiseType":"residential"}},{"type":"Feature","id":"LOT-P-00069","geometry":{"type":"Polygon","coordinates":[[[-80.6029219,43.3003116],[-80.6029235,43.3001833],[-80.6029329,43.3001834],[-80.6032952,43.300186],[-80.6032949,43.3001998],[-80.6032934,43.3003142],[-80.6029219,43.3003116]]]},"properties":{"premiseId":"P-00069","address":"16 Spruce Street","premiseType":"residential"}},{"type":"Feature","id":"LOT-P-00070","geometry":{"type":"Polygon","coordinates":[[[-80.6029219,43.3003116],[-80.6032934,43.3003142],[-80.6032928,43.3003607],[-80.6032928,43.300363],[-80.6032955,43.3004651],[-80.6029135,43.3004704],[-80.6029114,43.3003116],[-80.6029219,43.3003116]]]},"properties":{"premiseId":"P-00070","address":"20 Spruce Street","premiseType":"residential"}},{"type":"Feature","id":"LOT-P-00071","geometry":{"type":"Polygon","coordinates":[[[-80.6032955,43.3004651],[-80.6032975,43.3005427],[-80.6032976,43.3005449],[-80.6033027,43.3006238],[-80.6029091,43.3006372],[-80.6029015,43.3004706],[-80.6032955,43.3004651]]]},"properties":{"premiseId":"P-00071","address":"22 Spruce Street","premiseType":"residential"}},{"type":"Feature","id":"LOT-P-00072","geometry":{"type":"Polygon","coordinates":[[[-80.6033027,43.3006238],[-80.6033091,43.3007246],[-80.6033092,43.3007266],[-80.6033129,43.3007645],[-80.602921,43.3007849],[-80.6029102,43.3006371],[-80.6033027,43.3006238]]]},"properties":{"premiseId":"P-00072","address":"26 Spruce Street","premiseType":"residential"}},{"type":"Feature","id":"LOT-P-00073","geometry":{"type":"Polygon","coordinates":[[[-80.6029047,43.3007857],[-80.6033129,43.3007645],[-80.6033269,43.3009062],[-80.6033271,43.3009079],[-80.6033297,43.3009285],[-80.6029222,43.3009561],[-80.6029047,43.3007857]]]},"properties":{"premiseId":"P-00073","address":"30 Spruce Street","premiseType":"residential"}},{"type":"Feature","id":"LOT-P-00074","geometry":{"type":"Polygon","coordinates":[[[-80.6029143,43.3009566],[-80.6033297,43.3009285],[-80.603349,43.3010789],[-80.6029334,43.301107],[-80.6029143,43.3009566]]]},"properties":{"premiseId":"P-00074","address":"34 Spruce Street","premiseType":"residential"}},{"type":"Feature","id":"LOT-P-00075","geometry":{"type":"Polygon","coordinates":[[[-80.6033502,43.3010889],[-80.6033693,43.3012161],[-80.6029523,43.3012494],[-80.6029312,43.3011071],[-80.603349,43.3010789],[-80.6033501,43.3010876],[-80.6033502,43.3010889]]]},"properties":{"premiseId":"P-00075","address":"38 Spruce Street","premiseType":"residential"}},{"type":"Feature","id":"LOT-P-00076","geometry":{"type":"Polygon","coordinates":[[[-80.6033693,43.3012161],[-80.6033772,43.3012686],[-80.6033774,43.3012694],[-80.6033959,43.3013816],[-80.6030028,43.3014159],[-80.6029757,43.3012475],[-80.6033693,43.3012161]]]},"properties":{"premiseId":"P-00076","address":"42 Spruce Street","premiseType":"residential"}},{"type":"Feature","id":"LOT-P-00077","geometry":{"type":"Polygon","coordinates":[[[-80.6030028,43.3014159],[-80.6033959,43.3013816],[-80.603407,43.3014491],[-80.6034071,43.3014494],[-80.6034188,43.3015181],[-80.6030198,43.3015543],[-80.6029966,43.3014165],[-80.6030028,43.3014159]]]},"properties":{"premiseId":"P-00077","address":"46 Spruce Street","premiseType":"residential"}},{"type":"Feature","id":"LOT-P-00078","geometry":{"type":"Polygon","coordinates":[[[-80.6030342,43.3017123],[-80.6030074,43.3015553],[-80.6030198,43.3015543],[-80.6034188,43.3015181],[-80.6034456,43.3016755],[-80.6030342,43.3017123]]]},"properties":{"premiseId":"P-00078","address":"48 Spruce Street","premiseType":"residential"}},{"type":"Feature","id":"LOT-P-00079","geometry":{"type":"Polygon","coordinates":[[[-80.6030689,43.3018584],[-80.6030443,43.3017114],[-80.6034456,43.3016755],[-80.6034707,43.3018251],[-80.6030689,43.3018584]]]},"properties":{"premiseId":"P-00079","address":"52 Spruce Street","premiseType":"residential"}},{"type":"Feature","id":"LOT-P-00080","geometry":{"type":"Polygon","coordinates":[[[-80.6030906,43.3019929],[-80.6030695,43.3018584],[-80.6034707,43.3018251],[-80.6034812,43.3018927],[-80.6034917,43.3019596],[-80.6030906,43.3019929]]]},"properties":{"premiseId":"P-00080","address":"56 Spruce Street","premiseType":"residential"}},{"type":"Feature","id":"LOT-P-00081","geometry":{"type":"Polygon","coordinates":[[[-80.6031124,43.3021312],[-80.603093,43.3019927],[-80.6034917,43.3019596],[-80.6035117,43.3021025],[-80.6031124,43.3021312]]]},"properties":{"premiseId":"P-00081","address":"60 Spruce Street","premiseType":"residential"}},{"type":"Feature","id":"LOT-P-00082","geometry":{"type":"Polygon","coordinates":[[[-80.6031274,43.302295],[-80.603108,43.3021315],[-80.6035117,43.3021025],[-80.6035319,43.3022716],[-80.6031274,43.302295]]]},"properties":{"premiseId":"P-00082","address":"64 Spruce Street","premiseType":"residential"}},{"type":"Feature","id":"LOT-P-00083","geometry":{"type":"Polygon","coordinates":[[[-80.6031483,43.3024346],[-80.6031353,43.3022946],[-80.6035319,43.3022716],[-80.6035455,43.3024186],[-80.6031483,43.3024346]]]},"properties":{"premiseId":"P-00083","address":"68 Spruce Street","premiseType":"residential"}},{"type":"Feature","id":"LOT-P-00084","geometry":{"type":"Polygon","coordinates":[[[-80.6031346,43.3025596],[-80.6031261,43.3024356],[-80.6031483,43.3024346],[-80.6035455,43.3024186],[-80.6035544,43.3025509],[-80.6031346,43.3025596]]]},"properties":{"premiseId":"P-00084","address":"72 Spruce Street","premiseType":"residential"}},{"type":"Feature","id":"LOT-P-00085","geometry":{"type":"Polygon","coordinates":[[[-80.6031451,43.3027211],[-80.6031395,43.3025596],[-80.6035544,43.3025509],[-80.6035602,43.3027211],[-80.6031451,43.3027211]]]},"properties":{"premiseId":"P-00085","address":"74 Spruce Street","premiseType":"residential"}},{"type":"Feature","id":"LOT-P-00086","geometry":{"type":"Polygon","coordinates":[[[-80.6031698,43.3027211],[-80.6035602,43.3027211],[-80.6035602,43.3028511],[-80.6031698,43.3028511],[-80.6031698,43.3027211]]]},"properties":{"premiseId":"P-00086","address":"78 Spruce Street","premiseType":"residential"}},{"type":"Feature","id":"LOT-P-00087","geometry":{"type":"Polygon","coordinates":[[[-80.602169,43.2994333],[-80.6021365,43.2992741],[-80.6025616,43.2992293],[-80.6025712,43.2992782],[-80.6025714,43.2992787],[-80.6025937,43.2993869],[-80.602169,43.2994333]]]},"properties":{"premiseId":"P-00087","address":"9 Barley Crescent","premiseType":"residential"}},{"type":"Feature","id":"LOT-P-00088","geometry":{"type":"Polygon","coordinates":[[[-80.6020929,43.2990894],[-80.6025267,43.2990483],[-80.6025354,43.2990974],[-80.6025356,43.2990985],[-80.6025616,43.2992293],[-80.6021287,43.2992749],[-80.6020929,43.2990894]]]},"properties":{"premiseId":"P-00088","address":"13 Barley Crescent","premiseType":"residential"}},{"type":"Feature","id":"LOT-P-00089","geometry":{"type":"Polygon","coordinates":[[[-80.6024948,43.29886],[-80.602503,43.2989158],[-80.6025033,43.2989177],[-80.6025267,43.2990483],[-80.6021017,43.2990886],[-80.6020687,43.2988929],[-80.6024948,43.29886]]]},"properties":{"premiseId":"P-00089","address":"17 Barley Crescent","premiseType":"residential"}},{"type":"Feature","id":"LOT-P-00090","geometry":{"type":"Polygon","coordinates":[[[-80.6024719,43.2986894],[-80.6024766,43.2987337],[-80.6024768,43.2987362],[-80.6024948,43.29886],[-80.6020852,43.2988917],[-80.6020611,43.298712],[-80.6024719,43.2986894]]]},"properties":{"premiseId":"P-00090","address":"23 Barley Crescent","premiseType":"residential"}},{"type":"Feature","id":"LOT-P-00091","geometry":{"type":"Polygon","coordinates":[[[-80.6024548,43.2985002],[-80.6024577,43.2985512],[-80.6024579,43.2985541],[-80.6024719,43.2986894],[-80.6020691,43.2987116],[-80.6020512,43.2985119],[-80.6024548,43.2985002]]]},"properties":{"premiseId":"P-00091","address":"27 Barley Crescent","premiseType":"residential"}},{"type":"Feature","id":"LOT-P-00092","geometry":{"type":"Polygon","coordinates":[[[-80.6024476,43.2983296],[-80.6024477,43.2983684],[-80.6024478,43.2983715],[-80.6024548,43.2985002],[-80.6020682,43.2985114],[-80.6020607,43.29833],[-80.6024476,43.2983296]]]},"properties":{"premiseId":"P-00092","address":"31 Barley Crescent","premiseType":"residential"}},{"type":"Feature","id":"LOT-P-00093","geometry":{"type":"Polygon","coordinates":[[[-80.6020784,43.2981447],[-80.6024489,43.2981547],[-80.6024474,43.2981857],[-80.6024473,43.2981887],[-80.6024476,43.2983296],[-80.6020768,43.2983299],[-80.6020784,43.2981447]]]},"properties":{"premiseId":"P-00093","address":"35 Barley Crescent","premiseType":"residential"}},{"type":"Feature","id":"LOT-P-00094","geometry":{"type":"Polygon","coordinates":[[[-80.6032221,43.2993314],[-80.603259,43.2995143],[-80.603221,43.2995183],[-80.6031922,43.2995176],[-80.603192,43.2995176],[-80.6031148,43.2995158],[-80.6029605,43.2995122],[-80.6029603,43.2995122],[-80.6028432,43.2995096],[-80.6028282,43.2994346],[-80.6028281,43.2994342],[-80.602816,43.2993757],[-80.6032221,43.2993314]]]},"properties":{"premiseId":"P-00094","address":"6 Barley Crescent","premiseType":"residential"}},{"type":"Feature","id":"LOT-P-00095","geometry":{"type":"Polygon","coordinates":[[[-80.6032411,43.2993292],[-80.602816,43.2993757],[-80.6027842,43.2992199],[-80.6032096,43.2991752],[-80.6032411,43.2993292]]]},"properties":{"premiseId":"P-00095","address":"10 Barley Crescent","premiseType":"residential"}},{"type":"Feature","id":"LOT-P-00096","geometry":{"type":"Polygon","coordinates":[[[-80.6031846,43.2990035],[-80.6032179,43.2991743],[-80.6032096,43.2991752],[-80.6027842,43.2992199],[-80.60275,43.2990446],[-80.6031846,43.2990035]]]},"properties":{"premiseId":"P-00096","address":"14 Barley Crescent","premiseType":"residential"}},{"type":"Feature","id":"LOT-P-00097","geometry":{"type":"Polygon","coordinates":[[[-80.6031419,43.2988226],[-80.6031731,43.2990046],[-80.60275,43.2990446],[-80.6027176,43.2988554],[-80.6031419,43.2988226]]]},"properties":{"premiseId":"P-00097","address":"18 Barley Crescent","premiseType":"residential"}},{"type":"Feature","id":"LOT-P-00098","geometry":{"type":"Polygon","coordinates":[[[-80.6031404,43.2986737],[-80.6031611,43.2988211],[-80.6031419,43.2988226],[-80.6027176,43.2988554],[-80.6026957,43.2986982],[-80.6031404,43.2986737]]]},"properties":{"premiseId":"P-00098","address":"22 Barley Crescent","premiseType":"residential"}},{"type":"Feature","id":"LOT-P-00099","geometry":{"type":"Polygon","coordinates":[[[-80.6031227,43.2984988],[-80.6031396,43.2986737],[-80.6026957,43.2986982],[-80.6026779,43.2985118],[-80.6031227,43.2984988]]]},"properties":{"premiseId":"P-00099","address":"26 Barley Crescent","premiseType":"residential"}},{"type":"Feature","id":"LOT-P-00100","geometry":{"type":"Polygon","coordinates":[[[-80.6030988,43.2983454],[-80.6031066,43.2984994],[-80.6026779,43.2985118],[-80.6026699,43.2983458],[-80.6030988,43.2983454]]]},"properties":{"premiseId":"P-00100","address":"32 Barley Crescent","premiseType":"residential"}},{"type":"Feature","id":"LOT-P-00101","geometry":{"type":"Polygon","coordinates":[[[-80.6030848,43.2983454],[-80.6026699,43.2983458],[-80.602671,43.2981606],[-80.6030857,43.2981718],[-80.6030848,43.2983454]]]},"properties":{"premiseId":"P-00101","address":"36 Barley Crescent","premiseType":"residential"}},{"type":"Feature","id":"LOT-P-00102","geometry":{"type":"Polygon","coordinates":[[[-80.6031679,43.2971323],[-80.6031615,43.2971635],[-80.6031564,43.2971631],[-80.6031509,43.2972154],[-80.6031436,43.2972513],[-80.6028064,43.2972145],[-80.6028253,43.2971227],[-80.6028254,43.2971223],[-80.6028391,43.2970535],[-80.6031716,43.2970889],[-80.6031741,43.2970891],[-80.6031679,43.2971323]]]},"properties":{"premiseId":"P-00102","address":"64 Barley Crescent","premiseType":"residential"}},{"type":"Feature","id":"LOT-P-00103","geometry":{"type":"Polygon","coordinates":[[[-80.6031284,43.2973336],[-80.6031266,43.297363],[-80.6029484,43.297363],[-80.6029484,43.2973783],[-80.6027767,43.2973604],[-80.6028064,43.2972145],[-80.6031472,43.2972517],[-80.6031424,43.2972965],[-80.6031348,43.2973339],[-80.6031284,43.2973336]]]},"properties":{"premiseId":"P-00103","address":"60 Barley Crescent","premiseType":"residential"}},{"type":"Feature","id":"LOT-P-00104","geometry":{"type":"Polygon","coordinates":[[[-80.6022722,43.2970187],[-80.6026143,43.297055],[-80.6025838,43.2972041],[-80.6022419,43.2971667],[-80.6022722,43.2970187]]]},"properties":{"premiseId":"P-00104","address":"63 Barley Crescent","premiseType":"residential"}},{"type":"Feature","id":"LOT-P-00105","geometry":{"type":"Polygon","coordinates":[[[-80.6025684,43.2972788],[-80.6025532,43.2973561],[-80.6022176,43.2973211],[-80.6022485,43.2971674],[-80.6025838,43.2972041],[-80.6025685,43.2972783],[-80.6025684,43.2972788]]]},"properties":{"premiseId":"P-00105","address":"59 Barley Crescent","premiseType":"residential"}},{"type":"Feature","id":"LOT-P-00106","geometry":{"type":"Polygon","coordinates":[[[-80.6025327,43.2974597],[-80.6025253,43.2975019],[-80.6021927,43.2974708],[-80.6022213,43.2973214],[-80.6025532,43.2973561],[-80.602533,43.2974585],[-80.6025327,43.2974597]]]},"properties":{"premiseId":"P-00106","address":"55 Barley Crescent","premiseType":"residential"}},{"type":"Feature","id":"LOT-P-00107","geometry":{"type":"Polygon","coordinates":[[[-80.6025008,43.2976413],[-80.6024982,43.2976595],[-80.6021651,43.2976342],[-80.6021933,43.2974708],[-80.6025253,43.2975019],[-80.602501,43.2976393],[-80.6025008,43.2976413]]]},"properties":{"premiseId":"P-00107","address":"51 Barley Crescent","premiseType":"residential"}},{"type":"Feature","id":"LOT-P-00108","geometry":{"type":"Polygon","coordinates":[[[-80.6024566,43.298006],[-80.6024489,43.2981547],[-80.6022325,43.2981489],[-80.6022325,43.2979722],[-80.6024615,43.2979722],[-80.6024572,43.2979999],[-80.6024566,43.298006]]]},"properties":{"premiseId":"P-00108","address":"14 Huron Trail","premiseType":"residential"}},{"type":"Feature","id":"LOT-P-00109","geometry":{"type":"Polygon","coordinates":[[[-80.6020784,43.2981447],[-80.602077,43.2982999],[-80.6020192,43.2982999],[-80.6020192,43.2979722],[-80.6022325,43.2979722],[-80.6022325,43.2981489],[-80.6020784,43.2981447]]]},"properties":{"premiseId":"P-00109","address":"10 Huron Trail","premiseType":"residential"}},{"type":"Feature","id":"LOT-P-00110","geometry":{"type":"Polygon","coordinates":[[[-80.6017718,43.2982727],[-80.6017718,43.2979722],[-80.6020192,43.2979722],[-80.6020192,43.2982727],[-80.6017718,43.2982727]]]},"properties":{"premiseId":"P-00110","address":"6 Huron Trail","premiseType":"residential"}},{"type":"Feature","id":"LOT-P-00111","geometry":{"type":"Polygon","coordinates":[[[-80.6024747,43.2976577],[-80.6024747,43.2978105],[-80.6022567,43.2978105],[-80.6022567,43.2976412],[-80.6024747,43.2976577]]]},"properties":{"premiseId":"P-00111","address":"13 Huron Trail","premiseType":"residential"}},{"type":"Feature","id":"LOT-P-00112","geometry":{"type":"Polygon","coordinates":[[[-80.6021911,43.2974834],[-80.6021651,43.2976342],[-80.6022567,43.2976412],[-80.6022567,43.2978105],[-80.602005,43.2978105],[-80.602005,43.2974834],[-80.6021911,43.2974834]]]},"properties":{"premiseId":"P-00112","address":"9 Huron Trail","premiseType":"residential"}},{"type":"Feature","id":"LOT-P-00113","geometry":{"type":"Polygon","coordinates":[[[-80.6018201,43.2976609],[-80.6018427,43.2975441],[-80.602005,43.2975441],[-80.602005,43.2978105],[-80.6017894,43.2978105],[-80.60182,43.2976616],[-80.6018201,43.2976609]]]},"properties":{"premiseId":"P-00113","address":"5 Huron Trail","premiseType":"residential"}},{"type":"Feature","id":"LOT-P-00114","geometry":{"type":"Polygon","coordinates":[[[-80.6029536,43.2999633],[-80.6029434,43.3000235],[-80.6029408,43.3000234],[-80.6029397,43.3000458],[-80.6029386,43.3000524],[-80.6025858,43.3000225],[-80.6026126,43.2998641],[-80.6029589,43.2998953],[-80.6029536,43.2999633]]]},"properties":{"premiseId":"P-00114","address":"7 Talbot Crescent","premiseType":"residential"}},{"type":"Feature","id":"LOT-P-00115","geometry":{"type":"Polygon","coordinates":[[[-80.6029393,43.3000525],[-80.602936,43.3001207],[-80.602926,43.3001833],[-80.6029235,43.3001833],[-80.6029234,43.300194],[-80.6025632,43.3001635],[-80.6025737,43.3000979],[-80.6025858,43.3000225],[-80.6029386,43.3000524],[-80.6029393,43.3000525]]]},"properties":{"premiseId":"P-00115","address":"11 Talbot Crescent","premiseType":"residential"}},{"type":"Feature","id":"LOT-P-00116","geometry":{"type":"Polygon","coordinates":[[[-80.6029224,43.3002742],[-80.602917,43.3003116],[-80.6029114,43.3003116],[-80.6029119,43.3003463],[-80.6029108,43.3003536],[-80.6025396,43.3003256],[-80.6025632,43.3001635],[-80.6029234,43.300194],[-80.6029224,43.3002742]]]},"properties":{"premiseId":"P-00116","address":"15 Talbot Crescent","premiseType":"residential"}},{"type":"Feature","id":"LOT-P-00117","geometry":{"type":"Polygon","coordinates":[[[-80.602912,43.3003537],[-80.6029129,43.3004219],[-80.6029068,43.3004705],[-80.6029015,43.3004706],[-80.6029024,43.300491],[-80.602522,43.3004677],[-80.6025396,43.3003256],[-80.6029108,43.3003536],[-80.602912,43.3003537]]]},"properties":{"premiseId":"P-00117","address":"19 Talbot Crescent","premiseType":"residential"}},{"type":"Feature","id":"LOT-P-00118","geometry":{"type":"Polygon","coordinates":[[[-80.602507,43.3006153],[-80.602522,43.3004677],[-80.6029024,43.300491],[-80.6029062,43.3005735],[-80.6029002,43.3006329],[-80.602507,43.3006153]]]},"properties":{"premiseId":"P-00118","address":"23 Talbot Crescent","premiseType":"residential"}},{"type":"Feature","id":"LOT-P-00119","geometry":{"type":"Polygon","coordinates":[[[-80.6024959,43.3007622],[-80.602507,43.3006153],[-80.6029002,43.3006329],[-80.6029088,43.3006332],[-80.6029091,43.3006372],[-80.6029102,43.3006371],[-80.6029102,43.3006382],[-80.6029001,43.3007726],[-80.6024959,43.3007622]]]},"properties":{"premiseId":"P-00119","address":"27 Talbot Crescent","premiseType":"residential"}},{"type":"Feature","id":"LOT-P-00120","geometry":{"type":"Polygon","coordinates":[[[-80.6029073,43.3007856],[-80.6029047,43.3007857],[-80.6029065,43.3008031],[-80.6029012,43.3009178],[-80.602489,43.3009157],[-80.6024959,43.3007622],[-80.6029001,43.3007726],[-80.602908,43.3007729],[-80.6029073,43.3007856]]]},"properties":{"premiseId":"P-00120","address":"29 Talbot Crescent","premiseType":"residential"}},{"type":"Feature","id":"LOT-P-00121","geometry":{"type":"Polygon","coordinates":[[[-80.6029028,43.3009178],[-80.6029014,43.3010603],[-80.6024877,43.3010582],[-80.6024882,43.3009971],[-80.602489,43.3009157],[-80.6029012,43.3009178],[-80.6029028,43.3009178]]]},"properties":{"premiseId":"P-00121","address":"33 Talbot Crescent","premiseType":"residential"}},{"type":"Feature","id":"LOT-P-00122","geometry":{"type":"Polygon","coordinates":[[[-80.6024916,43.3012233],[-80.6024877,43.3010582],[-80.6028845,43.3010602],[-80.6028885,43.3012171],[-80.6024916,43.3012233]]]},"properties":{"premiseId":"P-00122","address":"37 Talbot Crescent","premiseType":"residential"}},{"type":"Feature","id":"LOT-P-00123","geometry":{"type":"Polygon","coordinates":[[[-80.6024994,43.301357],[-80.6024916,43.3012233],[-80.602881,43.3012172],[-80.6028883,43.3013432],[-80.6024994,43.301357]]]},"properties":{"premiseId":"P-00123","address":"41 Talbot Crescent","premiseType":"residential"}},{"type":"Feature","id":"LOT-P-00124","geometry":{"type":"Polygon","coordinates":[[[-80.602513,43.301519],[-80.6024994,43.301357],[-80.6029072,43.3013426],[-80.6029203,43.3014971],[-80.602513,43.301519]]]},"properties":{"premiseId":"P-00124","address":"45 Talbot Crescent","premiseType":"residential"}},{"type":"Feature","id":"LOT-P-00125","geometry":{"type":"Polygon","coordinates":[[[-80.6025311,43.3016787],[-80.602513,43.301519],[-80.602902,43.3014981],[-80.6029193,43.3016519],[-80.6025311,43.3016787]]]},"properties":{"premiseId":"P-00125","address":"49 Talbot Crescent","premiseType":"residential"}},{"type":"Feature","id":"LOT-P-00126","geometry":{"type":"Polygon","coordinates":[[[-80.6029621,43.3017857],[-80.6025499,43.3018188],[-80.6025311,43.3016787],[-80.602944,43.3016502],[-80.6029621,43.3017857]]]},"properties":{"premiseId":"P-00126","address":"53 Talbot Crescent","premiseType":"residential"}},{"type":"Feature","id":"LOT-P-00127","geometry":{"type":"Polygon","coordinates":[[[-80.6029894,43.3019341],[-80.602573,43.3019707],[-80.6025499,43.3018188],[-80.6029668,43.3017852],[-80.6029894,43.3019341]]]},"properties":{"premiseId":"P-00127","address":"57 Talbot Crescent","premiseType":"residential"}},{"type":"Feature","id":"LOT-P-00128","geometry":{"type":"Polygon","coordinates":[[[-80.6025976,43.3021188],[-80.6025875,43.3020584],[-80.602573,43.3019707],[-80.602987,43.3019342],[-80.6030115,43.3020823],[-80.6025976,43.3021188]]]},"properties":{"premiseId":"P-00128","address":"61 Talbot Crescent","premiseType":"residential"}},{"type":"Feature","id":"LOT-P-00129","geometry":{"type":"Polygon","coordinates":[[[-80.6026246,43.3022769],[-80.6025976,43.3021188],[-80.6030016,43.3020832],[-80.6030284,43.3022404],[-80.6026246,43.3022769]]]},"properties":{"premiseId":"P-00129","address":"63 Talbot Crescent","premiseType":"residential"}},{"type":"Feature","id":"LOT-P-00130","geometry":{"type":"Polygon","coordinates":[[[-80.6030513,43.302383],[-80.6026485,43.3024187],[-80.6026332,43.302328],[-80.6026332,43.3023278],[-80.6026246,43.3022769],[-80.6030272,43.3022405],[-80.6030513,43.302383]]]},"properties":{"premiseId":"P-00130","address":"67 Talbot Crescent","premiseType":"residential"}},{"type":"Feature","id":"LOT-P-00131","geometry":{"type":"Polygon","coordinates":[[[-80.6030662,43.302526],[-80.6026712,43.3025583],[-80.6026634,43.3025084],[-80.6026633,43.3025076],[-80.6026485,43.3024187],[-80.603043,43.3023837],[-80.6030662,43.302526]]]},"properties":{"premiseId":"P-00131","address":"71 Talbot Crescent","premiseType":"residential"}},{"type":"Feature","id":"LOT-P-00132","geometry":{"type":"Polygon","coordinates":[[[-80.6026955,43.3027201],[-80.6026915,43.3026892],[-80.6026912,43.302688],[-80.6026712,43.3025583],[-80.6030662,43.302526],[-80.6030784,43.302525],[-80.6031034,43.302691],[-80.6026955,43.3027201]]]},"properties":{"premiseId":"P-00132","address":"75 Talbot Crescent","premiseType":"residential"}},{"type":"Feature","id":"LOT-P-00133","geometry":{"type":"Polygon","coordinates":[[[-80.6027152,43.3028657],[-80.6026955,43.3027201],[-80.6031048,43.3026909],[-80.6031245,43.3028365],[-80.6027152,43.3028657]]]},"properties":{"premiseId":"P-00133","address":"79 Talbot Crescent","premiseType":"residential"}},{"type":"Feature","id":"LOT-P-00134","geometry":{"type":"Polygon","coordinates":[[[-80.6031469,43.3029919],[-80.6027312,43.3030154],[-80.6027158,43.3028705],[-80.6027156,43.3028688],[-80.6027152,43.3028657],[-80.6031301,43.3028361],[-80.6031469,43.3029919]]]},"properties":{"premiseId":"P-00134","address":"83 Talbot Crescent","premiseType":"residential"}},{"type":"Feature","id":"LOT-P-00135","geometry":{"type":"Polygon","coordinates":[[[-80.603147,43.3031436],[-80.6031488,43.3031436],[-80.603148,43.3031513],[-80.6027434,43.3031669],[-80.6027352,43.3030521],[-80.6027349,43.3030501],[-80.6027312,43.3030154],[-80.6031387,43.3029924],[-80.6031488,43.303118],[-80.603147,43.3031436]]]},"properties":{"premiseId":"P-00135","address":"87 Talbot Crescent","premiseType":"residential"}},{"type":"Feature","id":"LOT-P-00136","geometry":{"type":"Polygon","coordinates":[[[-80.6023669,43.2999923],[-80.6023668,43.2999928],[-80.6023586,43.3000445],[-80.6020162,43.3000154],[-80.6020438,43.2998491],[-80.602386,43.2998798],[-80.6023669,43.2999923]]]},"properties":{"premiseId":"P-00136","address":"10 Talbot Crescent","premiseType":"residential"}},{"type":"Feature","id":"LOT-P-00137","geometry":{"type":"Polygon","coordinates":[[[-80.6020185,43.3000156],[-80.6023586,43.3000445],[-80.6023381,43.3001725],[-80.6023379,43.3001735],[-80.6023333,43.3002059],[-80.6019928,43.3001802],[-80.6020185,43.3000156]]]},"properties":{"premiseId":"P-00137","address":"14 Talbot Crescent","premiseType":"residential"}},{"type":"Feature","id":"LOT-P-00138","geometry":{"type":"Polygon","coordinates":[[[-80.6023121,43.3003547],[-80.6023087,43.3003847],[-80.6019672,43.3003636],[-80.6019923,43.3001802],[-80.6023333,43.3002059],[-80.6023124,43.3003531],[-80.6023121,43.3003547]]]},"properties":{"premiseId":"P-00138","address":"18 Talbot Crescent","premiseType":"residential"}},{"type":"Feature","id":"LOT-P-00139","geometry":{"type":"Polygon","coordinates":[[[-80.6019672,43.3003636],[-80.6023087,43.3003847],[-80.6022913,43.3005343],[-80.6022912,43.3005362],[-80.6022897,43.3005537],[-80.6019438,43.3005382],[-80.6019634,43.3003634],[-80.6019672,43.3003636]]]},"properties":{"premiseId":"P-00139","address":"22 Talbot Crescent","premiseType":"residential"}},{"type":"Feature","id":"LOT-P-00140","geometry":{"type":"Polygon","coordinates":[[[-80.6019375,43.3005379],[-80.6022897,43.3005537],[-80.602276,43.3007159],[-80.6022759,43.3007179],[-80.6022757,43.300719],[-80.6019232,43.3007098],[-80.6019375,43.3005379]]]},"properties":{"premiseId":"P-00140","address":"26 Talbot Crescent","premiseType":"residential"}},{"type":"Feature","id":"LOT-P-00141","geometry":{"type":"Polygon","coordinates":[[[-80.602267,43.3008999],[-80.6022668,43.3009072],[-80.6019046,43.3009053],[-80.6019136,43.3007097],[-80.6022757,43.300719],[-80.6022671,43.3008976],[-80.602267,43.3008999]]]},"properties":{"premiseId":"P-00141","address":"30 Talbot Crescent","premiseType":"residential"}},{"type":"Feature","id":"LOT-P-00142","geometry":{"type":"Polygon","coordinates":[[[-80.6018921,43.3010518],[-80.6018936,43.3009053],[-80.6022668,43.3009072],[-80.6022667,43.3009215],[-80.6022655,43.3010537],[-80.6018921,43.3010518]]]},"properties":{"premiseId":"P-00142","address":"34 Talbot Crescent","premiseType":"residential"}},{"type":"Feature","id":"LOT-P-00143","geometry":{"type":"Polygon","coordinates":[[[-80.6022652,43.3010818],[-80.6022701,43.3012428],[-80.6018841,43.3012488],[-80.6018795,43.3010517],[-80.6022655,43.3010537],[-80.6022652,43.3010796],[-80.6022652,43.3010818]]]},"properties":{"premiseId":"P-00143","address":"38 Talbot Crescent","premiseType":"residential"}},{"type":"Feature","id":"LOT-P-00144","geometry":{"type":"Polygon","coordinates":[[[-80.6018841,43.3012488],[-80.6022701,43.3012428],[-80.6022705,43.3012615],[-80.6022707,43.3012637],[-80.6022805,43.301412],[-80.6018812,43.3014261],[-80.6018703,43.301249],[-80.6018841,43.3012488]]]},"properties":{"premiseId":"P-00144","address":"42 Talbot Crescent","premiseType":"residential"}},{"type":"Feature","id":"LOT-P-00145","geometry":{"type":"Polygon","coordinates":[[[-80.6022805,43.301412],[-80.6022826,43.3014434],[-80.6022828,43.3014454],[-80.602296,43.3015756],[-80.6018845,43.3015976],[-80.6018684,43.3014265],[-80.6022805,43.301412]]]},"properties":{"premiseId":"P-00145","address":"48 Talbot Crescent","premiseType":"residential"}},{"type":"Feature","id":"LOT-P-00146","geometry":{"type":"Polygon","coordinates":[[[-80.6018724,43.3015983],[-80.602296,43.3015756],[-80.6023009,43.301625],[-80.6023012,43.3016268],[-80.6023172,43.30175],[-80.6018943,43.301779],[-80.6018724,43.3015983]]]},"properties":{"premiseId":"P-00146","address":"52 Talbot Crescent","premiseType":"residential"}},{"type":"Feature","id":"LOT-P-00147","geometry":{"type":"Polygon","coordinates":[[[-80.6023246,43.3018077],[-80.6023418,43.3019205],[-80.6019157,43.3019547],[-80.6018903,43.3017793],[-80.6023172,43.30175],[-80.6023245,43.3018064],[-80.6023246,43.3018077]]]},"properties":{"premiseId":"P-00147","address":"56 Talbot Crescent","premiseType":"residential"}},{"type":"Feature","id":"LOT-P-00148","geometry":{"type":"Polygon","coordinates":[[[-80.6023418,43.3019205],[-80.6023519,43.3019873],[-80.6023521,43.3019881],[-80.6023692,43.3020908],[-80.6019553,43.3021273],[-80.6019275,43.3019538],[-80.6023418,43.3019205]]]},"properties":{"premiseId":"P-00148","address":"60 Talbot Crescent","premiseType":"residential"}},{"type":"Feature","id":"LOT-P-00149","geometry":{"type":"Polygon","coordinates":[[[-80.60194,43.3021286],[-80.6019553,43.3021273],[-80.6023692,43.3020908],[-80.602382,43.3021678],[-80.602382,43.3021681],[-80.6023992,43.3022681],[-80.6019701,43.302307],[-80.60194,43.3021286]]]},"properties":{"premiseId":"P-00149","address":"64 Talbot Crescent","premiseType":"residential"}},{"type":"Feature","id":"LOT-P-00150","geometry":{"type":"Polygon","coordinates":[[[-80.6019778,43.3024607],[-80.601952,43.3023087],[-80.6019701,43.302307],[-80.6023992,43.3022681],[-80.602425,43.302421],[-80.6019778,43.3024607]]]},"properties":{"premiseId":"P-00150","address":"68 Talbot Crescent","premiseType":"residential"}},{"type":"Feature","id":"LOT-P-00151","geometry":{"type":"Polygon","coordinates":[[[-80.6020275,43.3026354],[-80.6019987,43.3024589],[-80.602425,43.302421],[-80.6024541,43.3026004],[-80.6020275,43.3026354]]]},"properties":{"premiseId":"P-00151","address":"72 Talbot Crescent","premiseType":"residential"}},{"type":"Feature","id":"LOT-P-00152","geometry":{"type":"Polygon","coordinates":[[[-80.6020229,43.3026357],[-80.6020275,43.3026354],[-80.6024541,43.3026004],[-80.6024787,43.3027672],[-80.6020469,43.3027981],[-80.6020229,43.3026357]]]},"properties":{"premiseId":"P-00152","address":"76 Talbot Crescent","premiseType":"residential"}},{"type":"Feature","id":"LOT-P-00153","geometry":{"type":"Polygon","coordinates":[[[-80.6020507,43.3029527],[-80.6020312,43.3027991],[-80.6020469,43.3027981],[-80.6024787,43.3027672],[-80.602499,43.3029274],[-80.6020507,43.3029527]]]},"properties":{"premiseId":"P-00153","address":"80 Talbot Crescent","premiseType":"residential"}},{"type":"Feature","id":"LOT-P-00154","geometry":{"type":"Polygon","coordinates":[[[-80.6020837,43.3031215],[-80.602067,43.3029519],[-80.602499,43.3029274],[-80.6025164,43.3031048],[-80.6020837,43.3031215]]]},"properties":{"premiseId":"P-00154","address":"84 Talbot Crescent","premiseType":"residential"}},{"type":"Feature","id":"LOT-P-00155","geometry":{"type":"Polygon","coordinates":[[[-80.6017718,43.2982727],[-80.6020192,43.2982727],[-80.6020192,43.2982999],[-80.6020738,43.2982999],[-80.6020689,43.2983299],[-80.6020607,43.29833],[-80.6020623,43.2983689],[-80.6020619,43.2983718],[-80.6016904,43.2983403],[-80.6017197,43.298164],[-80.6017718,43.2981692],[-80.6017718,43.2982727]]]},"properties":{"premiseId":"P-00155","address":"36 Osprey Gate","premiseType":"residential"}},{"type":"Feature","id":"LOT-P-00156","geometry":{"type":"Polygon","coordinates":[[[-80.6020624,43.2983718],[-80.6020659,43.2984525],[-80.6020581,43.2985118],[-80.6020512,43.2985119],[-80.6020522,43.2985227],[-80.6016699,43.2984981],[-80.6016904,43.2983403],[-80.6020619,43.2983718],[-80.6020624,43.2983718]]]},"properties":{"premiseId":"P-00156","address":"32 Osprey Gate","premiseType":"residential"}},{"type":"Feature","id":"LOT-P-00157","geometry":{"type":"Polygon","coordinates":[[[-80.6020612,43.2986241],[-80.6020563,43.2986788],[-80.601655,43.2986629],[-80.6016699,43.2984981],[-80.6020522,43.2985227],[-80.6020612,43.2986241]]]},"properties":{"premiseId":"P-00157","address":"28 Osprey Gate","premiseType":"residential"}},{"type":"Feature","id":"LOT-P-00158","geometry":{"type":"Polygon","coordinates":[[[-80.6020687,43.2987078],[-80.6020686,43.2987116],[-80.6020611,43.298712],[-80.6020668,43.2987546],[-80.6020628,43.2988473],[-80.6016472,43.2988422],[-80.601655,43.2986629],[-80.6020563,43.2986788],[-80.6020661,43.2986791],[-80.6020687,43.2987078]]]},"properties":{"premiseId":"P-00158","address":"22 Osprey Gate","premiseType":"residential"}},{"type":"Feature","id":"LOT-P-00159","geometry":{"type":"Polygon","coordinates":[[[-80.6020756,43.2988475],[-80.6020761,43.2988924],[-80.6020687,43.2988929],[-80.6020768,43.2989402],[-80.6020776,43.2990175],[-80.6016493,43.2990243],[-80.6016472,43.2988422],[-80.6020628,43.2988473],[-80.6020756,43.2988475]]]},"properties":{"premiseId":"P-00159","address":"18 Osprey Gate","premiseType":"residential"}},{"type":"Feature","id":"LOT-P-00160","geometry":{"type":"Polygon","coordinates":[[[-80.6020938,43.2991867],[-80.6016609,43.2992053],[-80.6016493,43.2990243],[-80.6020828,43.2990174],[-80.6020938,43.2991867]]]},"properties":{"premiseId":"P-00160","address":"14 Osprey Gate","premiseType":"residential"}},{"type":"Feature","id":"LOT-P-00161","geometry":{"type":"Polygon","coordinates":[[[-80.6020992,43.2993403],[-80.6016791,43.2993685],[-80.6016609,43.2992053],[-80.6020821,43.2991872],[-80.6020992,43.2993403]]]},"properties":{"premiseId":"P-00161","address":"10 Osprey Gate","premiseType":"residential"}},{"type":"Feature","id":"LOT-P-00162","geometry":{"type":"Polygon","coordinates":[[[-80.6021216,43.2994951],[-80.6021107,43.2994948],[-80.6021105,43.2994948],[-80.6020333,43.2994934],[-80.6020331,43.2994934],[-80.601956,43.2994922],[-80.601879,43.2994908],[-80.6018784,43.2994908],[-80.6018013,43.2994897],[-80.6017241,43.2994885],[-80.6016968,43.2994881],[-80.6016791,43.2993685],[-80.6020985,43.2993404],[-80.6021216,43.2994951]]]},"properties":{"premiseId":"P-00162","address":"6 Osprey Gate","premiseType":"residential"}},{"type":"Feature","id":"LOT-P-00163","geometry":{"type":"Polygon","coordinates":[[[-80.6011657,43.2979198],[-80.6015345,43.2979595],[-80.6015269,43.2979971],[-80.6015266,43.297998],[-80.6014997,43.2981409],[-80.6011304,43.2981041],[-80.6011657,43.2979198]]]},"properties":{"premiseId":"P-00163","address":"39 Osprey Gate","premiseType":"residential"}},{"type":"Feature","id":"LOT-P-00164","geometry":{"type":"Polygon","coordinates":[[[-80.6014997,43.2981409],[-80.6014928,43.2981777],[-80.6014926,43.2981793],[-80.6014726,43.2983043],[-80.6011142,43.298274],[-80.6011424,43.2981053],[-80.6014997,43.2981409]]]},"properties":{"premiseId":"P-00164","address":"35 Osprey Gate","premiseType":"residential"}},{"type":"Feature","id":"LOT-P-00165","geometry":{"type":"Polygon","coordinates":[[[-80.6014635,43.2983612],[-80.601447,43.2984968],[-80.6010977,43.2984743],[-80.6011242,43.2982748],[-80.6014726,43.2983043],[-80.6014638,43.298359],[-80.6014635,43.2983612]]]},"properties":{"premiseId":"P-00165","address":"31 Osprey Gate","premiseType":"residential"}},{"type":"Feature","id":"LOT-P-00166","geometry":{"type":"Polygon","coordinates":[[[-80.601447,43.2984968],[-80.6014417,43.2985409],[-80.6014413,43.2985436],[-80.6014332,43.2986536],[-80.6010899,43.29864],[-80.6011046,43.2984748],[-80.601447,43.2984968]]]},"properties":{"premiseId":"P-00166","address":"25 Osprey Gate","premiseType":"residential"}},{"type":"Feature","id":"LOT-P-00167","geometry":{"type":"Polygon","coordinates":[[[-80.6010805,43.2992261],[-80.6014389,43.2992107],[-80.6014438,43.2992714],[-80.601444,43.299274],[-80.6014564,43.2993722],[-80.601099,43.2993961],[-80.6010805,43.2992261]]]},"properties":{"premiseId":"P-00167","address":"9 Osprey Gate","premiseType":"residential"}},{"type":"Feature","id":"LOT-P-00168","geometry":{"type":"Polygon","coordinates":[[[-80.6011742,43.2977568],[-80.6012043,43.2976103],[-80.6015971,43.297653],[-80.601567,43.2977996],[-80.6011742,43.2977568]]]},"properties":{"premiseId":"P-00168","address":"47 Osprey Gate","premiseType":"residential"}},{"type":"Feature","id":"LOT-P-00169","geometry":{"type":"Polygon","coordinates":[[[-80.6012249,43.2974482],[-80.6016289,43.2974894],[-80.6015971,43.297653],[-80.6012043,43.2976103],[-80.6011937,43.2976091],[-80.6012249,43.2974482]]]},"properties":{"premiseId":"P-00169","address":"51 Osprey Gate","premiseType":"residential"}},{"type":"Feature","id":"LOT-P-00170","geometry":{"type":"Polygon","coordinates":[[[-80.6012605,43.2973187],[-80.6016525,43.2973537],[-80.6016289,43.2974894],[-80.6012378,43.2974494],[-80.6012605,43.2973187]]]},"properties":{"premiseId":"P-00170","address":"55 Osprey Gate","premiseType":"residential"}},{"type":"Feature","id":"LOT-P-00171","geometry":{"type":"Polygon","coordinates":[[[-80.601237,43.2973167],[-80.6012596,43.2971648],[-80.6016762,43.297194],[-80.6016525,43.2973537],[-80.6012605,43.2973187],[-80.601237,43.2973167]]]},"properties":{"premiseId":"P-00171","address":"59 Osprey Gate","premiseType":"residential"}},{"type":"Feature","id":"LOT-P-00172","geometry":{"type":"Polygon","coordinates":[[[-80.6016931,43.2970478],[-80.6016762,43.297194],[-80.6012791,43.2971662],[-80.6012949,43.2970293],[-80.6016931,43.2970478]]]},"properties":{"premiseId":"P-00172","address":"63 Osprey Gate","premiseType":"residential"}},{"type":"Feature","id":"LOT-P-00173","geometry":{"type":"Polygon","coordinates":[[[-80.6021927,43.2974708],[-80.6021933,43.2974708],[-80.6021916,43.2974809],[-80.6021911,43.2974834],[-80.602005,43.2974834],[-80.602005,43.2975441],[-80.6019934,43.2975441],[-80.6018457,43.297529],[-80.6018548,43.2974812],[-80.6018551,43.2974798],[-80.6018733,43.2973717],[-80.6022055,43.2974014],[-80.6022003,43.2974313],[-80.6021927,43.2974708]]]},"properties":{"premiseId":"P-00173","address":"56 Osprey Gate","premiseType":"residential"}},{"type":"Feature","id":"LOT-P-00174","geometry":{"type":"Polygon","coordinates":[[[-80.6022176,43.2973211],[-80.6022198,43.2973213],[-80.6022146,43.2973563],[-80.602206,43.2974014],[-80.6022055,43.2974014],[-80.6018733,43.2973717],[-80.6018853,43.2973001],[-80.6018857,43.2972981],[-80.6018968,43.297214],[-80.6022323,43.2972375],[-80.6022264,43.2972773],[-80.6022176,43.2973211]]]},"properties":{"premiseId":"P-00174","address":"60 Osprey Gate","premiseType":"residential"}},{"type":"Feature","id":"LOT-P-00175","geometry":{"type":"Polygon","coordinates":[[[-80.6022419,43.2971667],[-80.6022464,43.2971673],[-80.6022434,43.2971929],[-80.6022344,43.2972377],[-80.6022323,43.2972375],[-80.6018968,43.297214],[-80.6019095,43.2971184],[-80.6019098,43.2971158],[-80.6019151,43.2970555],[-80.6022573,43.2970715],[-80.6022522,43.2971164],[-80.6022419,43.2971667]]]},"properties":{"premiseId":"P-00175","address":"64 Osprey Gate","premiseType":"residential"}},{"type":"Feature","id":"LOT-P-00176","geometry":{"type":"Polygon","coordinates":[[[-80.6022631,43.2970177],[-80.6022704,43.2970185],[-80.6022693,43.2970328],[-80.6022613,43.2970717],[-80.6022573,43.2970715],[-80.6019151,43.2970555],[-80.6019256,43.2969361],[-80.6019258,43.2969332],[-80.6019269,43.2969026],[-80.6022787,43.2969095],[-80.602275,43.2969585],[-80.6022631,43.2970177]]]},"properties":{"premiseId":"P-00176","address":"66 Osprey Gate","premiseType":"residential"}},{"type":"Feature","id":"LOT-P-00177","geometry":{"type":"Polygon","coordinates":[[[-80.6020162,43.3000154],[-80.6020181,43.3000155],[-80.602016,43.3000317],[-80.6020097,43.3000719],[-80.6016692,43.3000454],[-80.6016742,43.3000108],[-80.6016744,43.3000094],[-80.6016897,43.2998862],[-80.602032,43.2999086],[-80.6020252,43.2999613],[-80.6020162,43.3000154]]]},"properties":{"premiseId":"P-00177","address":"9 Ridge Lane","premiseType":"residential"}},{"type":"Feature","id":"LOT-P-00178","geometry":{"type":"Polygon","coordinates":[[[-80.6019928,43.3001802],[-80.6019923,43.3001802],[-80.6019857,43.3002292],[-80.6019817,43.3002547],[-80.6016422,43.3002253],[-80.6016477,43.3001913],[-80.6016478,43.3001904],[-80.6016692,43.3000454],[-80.6020092,43.3000719],[-80.6019964,43.3001575],[-80.6019928,43.3001802]]]},"properties":{"premiseId":"P-00178","address":"13 Ridge Lane","premiseType":"residential"}},{"type":"Feature","id":"LOT-P-00179","geometry":{"type":"Polygon","coordinates":[[[-80.6019821,43.3002548],[-80.6019767,43.3002946],[-80.6019653,43.3003635],[-80.6019634,43.3003634],[-80.6019595,43.3003989],[-80.601957,43.300414],[-80.6016162,43.3003833],[-80.6016182,43.3003715],[-80.6016183,43.300371],[-80.6016422,43.3002253],[-80.6019817,43.3002547],[-80.6019821,43.3002548]]]},"properties":{"premiseId":"P-00179","address":"17 Ridge Lane","premiseType":"residential"}},{"type":"Feature","id":"LOT-P-00180","geometry":{"type":"Polygon","coordinates":[[[-80.6019512,43.3004724],[-80.6019401,43.300538],[-80.6019375,43.3005379],[-80.6019352,43.3005669],[-80.6019335,43.3005771],[-80.6015885,43.300546],[-80.601605,43.3004489],[-80.6016162,43.3003833],[-80.601957,43.300414],[-80.6019578,43.3004141],[-80.6019512,43.3004724]]]},"properties":{"premiseId":"P-00180","address":"21 Ridge Lane","premiseType":"residential"}},{"type":"Feature","id":"LOT-P-00181","geometry":{"type":"Polygon","coordinates":[[[-80.6019343,43.3005772],[-80.601928,43.3006523],[-80.6019183,43.3007098],[-80.6019136,43.3007097],[-80.6019119,43.3007479],[-80.6019095,43.3007619],[-80.601557,43.3007322],[-80.6015885,43.300546],[-80.6019335,43.3005771],[-80.6019343,43.3005772]]]},"properties":{"premiseId":"P-00181","address":"25 Ridge Lane","premiseType":"residential"}},{"type":"Feature","id":"LOT-P-00182","geometry":{"type":"Polygon","coordinates":[[[-80.6018936,43.3009053],[-80.6018935,43.3009177],[-80.6015324,43.3008874],[-80.601557,43.3007322],[-80.6019095,43.3007619],[-80.6019112,43.300762],[-80.601908,43.3008309],[-80.6018962,43.3009053],[-80.6018936,43.3009053]]]},"properties":{"premiseId":"P-00182","address":"29 Ridge Lane","premiseType":"residential"}},{"type":"Feature","id":"LOT-P-00183","geometry":{"type":"Polygon","coordinates":[[[-80.6018926,43.3010068],[-80.6018862,43.3010517],[-80.6018795,43.3010517],[-80.6018805,43.301092],[-80.6018794,43.3010991],[-80.6015063,43.3010713],[-80.6015324,43.3008874],[-80.6018935,43.3009177],[-80.6018926,43.3010068]]]},"properties":{"premiseId":"P-00183","address":"33 Ridge Lane","premiseType":"residential"}},{"type":"Feature","id":"LOT-P-00184","geometry":{"type":"Polygon","coordinates":[[[-80.6018806,43.3010992],[-80.6018825,43.301178],[-80.6018742,43.301249],[-80.6018703,43.301249],[-80.6018706,43.3012549],[-80.6014875,43.3012317],[-80.6015063,43.3010713],[-80.6018794,43.3010991],[-80.6018806,43.3010992]]]},"properties":{"premiseId":"P-00184","address":"37 Ridge Lane","premiseType":"residential"}},{"type":"Feature","id":"LOT-P-00185","geometry":{"type":"Polygon","coordinates":[[[-80.6014723,43.3014041],[-80.6014875,43.3012317],[-80.6018706,43.3012549],[-80.6018768,43.3013541],[-80.6018709,43.3014213],[-80.6014723,43.3014041]]]},"properties":{"premiseId":"P-00185","address":"41 Ridge Lane","premiseType":"residential"}},{"type":"Feature","id":"LOT-P-00186","geometry":{"type":"Polygon","coordinates":[[[-80.6018809,43.3014218],[-80.6018812,43.3014261],[-80.6018684,43.3014265],[-80.6018773,43.3015208],[-80.6018742,43.3015768],[-80.6014635,43.3015669],[-80.6014723,43.3014041],[-80.6018709,43.3014213],[-80.6018809,43.3014218]]]},"properties":{"premiseId":"P-00186","address":"47 Ridge Lane","premiseType":"residential"}},{"type":"Feature","id":"LOT-P-00187","geometry":{"type":"Polygon","coordinates":[[[-80.6014603,43.3017337],[-80.6014635,43.3015669],[-80.6018742,43.3015768],[-80.6018825,43.301577],[-80.6018845,43.3015976],[-80.6018724,43.3015983],[-80.601883,43.3016857],[-80.6018821,43.3017353],[-80.6014603,43.3017337]]]},"properties":{"premiseId":"P-00187","address":"51 Ridge Lane","premiseType":"residential"}},{"type":"Feature","id":"LOT-P-00188","geometry":{"type":"Polygon","coordinates":[[[-80.6018903,43.3017793],[-80.601893,43.3017976],[-80.6018946,43.3018912],[-80.6014632,43.3018988],[-80.6014603,43.3017337],[-80.6018821,43.3017353],[-80.601889,43.3017354],[-80.6018924,43.3017626],[-80.6018926,43.3017792],[-80.6018903,43.3017793]]]},"properties":{"premiseId":"P-00188","address":"55 Ridge Lane","premiseType":"residential"}},{"type":"Feature","id":"LOT-P-00189","geometry":{"type":"Polygon","coordinates":[[[-80.6014728,43.302077],[-80.6014632,43.3018988],[-80.6018867,43.3018913],[-80.6018958,43.3020614],[-80.6014728,43.302077]]]},"properties":{"premiseId":"P-00189","address":"59 Ridge Lane","premiseType":"residential"}},{"type":"Feature","id":"LOT-P-00190","geometry":{"type":"Polygon","coordinates":[[[-80.6019186,43.3020606],[-80.6019312,43.3022054],[-80.601486,43.3022299],[-80.6014728,43.302077],[-80.6018958,43.3020614],[-80.6019186,43.3020606]]]},"properties":{"premiseId":"P-00190","address":"63 Ridge Lane","premiseType":"residential"}},{"type":"Feature","id":"LOT-P-00191","geometry":{"type":"Polygon","coordinates":[[[-80.6015072,43.3024124],[-80.601486,43.3022299],[-80.60193,43.3022055],[-80.6019505,43.3023815],[-80.6015072,43.3024124]]]},"properties":{"premiseId":"P-00191","address":"67 Ridge Lane","premiseType":"residential"}},{"type":"Feature","id":"LOT-P-00192","geometry":{"type":"Polygon","coordinates":[[[-80.6019669,43.3025254],[-80.601528,43.3025612],[-80.6015072,43.3024124],[-80.6019469,43.3023817],[-80.6019669,43.3025254]]]},"properties":{"premiseId":"P-00192","address":"71 Ridge Lane","premiseType":"residential"}},{"type":"Feature","id":"LOT-P-00193","geometry":{"type":"Polygon","coordinates":[[[-80.6020015,43.3027045],[-80.6015567,43.3027437],[-80.601528,43.3025612],[-80.6019732,43.3025249],[-80.6020015,43.3027045]]]},"properties":{"premiseId":"P-00193","address":"75 Ridge Lane","premiseType":"residential"}},{"type":"Feature","id":"LOT-P-00194","geometry":{"type":"Polygon","coordinates":[[[-80.6020155,43.3028544],[-80.6015818,43.3028937],[-80.6015567,43.3027437],[-80.6019907,43.3027055],[-80.6020155,43.3028544]]]},"properties":{"premiseId":"P-00194","address":"79 Ridge Lane","premiseType":"residential"}},{"type":"Feature","id":"LOT-P-00195","geometry":{"type":"Polygon","coordinates":[[[-80.6016097,43.3030569],[-80.601608,43.3030466],[-80.601608,43.3030464],[-80.6015818,43.3028937],[-80.6019981,43.302856],[-80.6020262,43.30302],[-80.6016097,43.3030569]]]},"properties":{"premiseId":"P-00195","address":"83 Ridge Lane","premiseType":"residential"}},{"type":"Feature","id":"LOT-P-00196","geometry":{"type":"Polygon","coordinates":[[[-80.6016403,43.3032411],[-80.6016381,43.3032271],[-80.601638,43.3032263],[-80.6016097,43.3030569],[-80.6020262,43.30302],[-80.6020496,43.303018],[-80.6020806,43.3032054],[-80.6016403,43.3032411]]]},"properties":{"premiseId":"P-00196","address":"87 Ridge Lane","premiseType":"residential"}},{"type":"Feature","id":"LOT-P-00197","geometry":{"type":"Polygon","coordinates":[[[-80.6014481,43.3000289],[-80.6010821,43.3000004],[-80.6011036,43.2998326],[-80.6014702,43.2998566],[-80.6014481,43.3000289]]]},"properties":{"premiseId":"P-00197","address":"10 Ridge Lane","premiseType":"residential"}},{"type":"Feature","id":"LOT-P-00198","geometry":{"type":"Polygon","coordinates":[[[-80.6010931,43.3000013],[-80.6014481,43.3000289],[-80.6014233,43.300195],[-80.6010688,43.3001643],[-80.6010931,43.3000013]]]},"properties":{"premiseId":"P-00198","address":"14 Ridge Lane","premiseType":"residential"}},{"type":"Feature","id":"LOT-P-00199","geometry":{"type":"Polygon","coordinates":[[[-80.6010811,43.3001654],[-80.6014233,43.300195],[-80.601397,43.3003558],[-80.601055,43.3003249],[-80.6010811,43.3001654]]]},"properties":{"premiseId":"P-00199","address":"18 Ridge Lane","premiseType":"residential"}},{"type":"Feature","id":"LOT-P-00200","geometry":{"type":"Polygon","coordinates":[[[-80.601397,43.3003558],[-80.6013671,43.3005313],[-80.6013668,43.3005332],[-80.6010386,43.3005039],[-80.6010689,43.3003262],[-80.601397,43.3003558]]]},"properties":{"premiseId":"P-00200","address":"22 Ridge Lane","premiseType":"residential"}},{"type":"Feature","id":"LOT-P-00201","geometry":{"type":"Polygon","coordinates":[[[-80.6010239,43.3006809],[-80.6010536,43.3005052],[-80.6013668,43.3005332],[-80.6013543,43.3006067],[-80.601337,43.3007089],[-80.6010239,43.3006809]]]},"properties":{"premiseId":"P-00201","address":"26 Ridge Lane","premiseType":"residential"}},{"type":"Feature","id":"LOT-P-00202","geometry":{"type":"Polygon","coordinates":[[[-80.6013367,43.3007116],[-80.6013109,43.3008737],[-80.6010117,43.3008485],[-80.6010381,43.3006822],[-80.601337,43.3007089],[-80.6013368,43.3007109],[-80.6013367,43.3007116]]]},"properties":{"premiseId":"P-00202","address":"30 Ridge Lane","premiseType":"residential"}},{"type":"Feature","id":"LOT-P-00203","geometry":{"type":"Polygon","coordinates":[[[-80.6013109,43.3008737],[-80.6013081,43.3008912],[-80.601308,43.3008923],[-80.6012884,43.3010318],[-80.6010012,43.3010104],[-80.6010241,43.3008495],[-80.6013109,43.3008737]]]},"properties":{"premiseId":"P-00203","address":"34 Ridge Lane","premiseType":"residential"}},{"type":"Feature","id":"LOT-P-00204","geometry":{"type":"Polygon","coordinates":[[[-80.6012826,43.3010735],[-80.6012696,43.3011875],[-80.6009926,43.3011707],[-80.6010119,43.3010112],[-80.6012884,43.3010318],[-80.6012828,43.301072],[-80.6012826,43.3010735]]]},"properties":{"premiseId":"P-00204","address":"38 Ridge Lane","premiseType":"residential"}},{"type":"Feature","id":"LOT-P-00205","geometry":{"type":"Polygon","coordinates":[[[-80.6010017,43.3011713],[-80.6012696,43.3011875],[-80.6012621,43.3012531],[-80.601262,43.301255],[-80.6012537,43.3013548],[-80.6009854,43.3013432],[-80.6010017,43.3011713]]]},"properties":{"premiseId":"P-00205","address":"42 Ridge Lane","premiseType":"residential"}},{"type":"Feature","id":"LOT-P-00206","geometry":{"type":"Polygon","coordinates":[[[-80.6012537,43.3013548],[-80.6012473,43.3014347],[-80.601247,43.3014368],[-80.6012424,43.3015405],[-80.6009808,43.3015342],[-80.6009924,43.3013435],[-80.6012537,43.3013548]]]},"properties":{"premiseId":"P-00206","address":"46 Ridge Lane","premiseType":"residential"}},{"type":"Feature","id":"LOT-P-00207","geometry":{"type":"Polygon","coordinates":[[[-80.6012389,43.3016188],[-80.6012383,43.3017162],[-80.6009806,43.3017153],[-80.6009847,43.3015343],[-80.6012424,43.3015405],[-80.6012389,43.3016164],[-80.6012389,43.3016188]]]},"properties":{"premiseId":"P-00207","address":"50 Ridge Lane","premiseType":"residential"}},{"type":"Feature","id":"LOT-P-00208","geometry":{"type":"Polygon","coordinates":[[[-80.600981,43.3017153],[-80.6012383,43.3017162],[-80.6012377,43.3017984],[-80.6012377,43.3018008],[-80.6012403,43.3018774],[-80.6009831,43.3018819],[-80.600981,43.3017153]]]},"properties":{"premiseId":"P-00208","address":"54 Ridge Lane","premiseType":"residential"}},{"type":"Feature","id":"LOT-P-00209","geometry":{"type":"Polygon","coordinates":[[[-80.6012437,43.3019825],[-80.6012478,43.3020407],[-80.6009885,43.3020502],[-80.6009807,43.301882],[-80.6009831,43.3018819],[-80.6012403,43.3018774],[-80.6012436,43.3019804],[-80.6012437,43.3019825]]]},"properties":{"premiseId":"P-00209","address":"58 Ridge Lane","premiseType":"residential"}},{"type":"Feature","id":"LOT-P-00210","geometry":{"type":"Polygon","coordinates":[[[-80.6012478,43.3020407],[-80.6012562,43.3021621],[-80.6012564,43.3021642],[-80.6012616,43.3022148],[-80.6009971,43.3022292],[-80.6009829,43.3020504],[-80.6012478,43.3020407]]]},"properties":{"premiseId":"P-00210","address":"64 Ridge Lane","premiseType":"residential"}},{"type":"Feature","id":"LOT-P-00211","geometry":{"type":"Polygon","coordinates":[[[-80.6009893,43.3022297],[-80.6009971,43.3022292],[-80.6012616,43.3022148],[-80.6012751,43.3023439],[-80.6012752,43.3023455],[-80.601278,43.3023669],[-80.6010061,43.3023858],[-80.6009893,43.3022297]]]},"properties":{"premiseId":"P-00211","address":"68 Ridge Lane","premiseType":"residential"}},{"type":"Feature","id":"LOT-P-00212","geometry":{"type":"Polygon","coordinates":[[[-80.6012991,43.3025264],[-80.6013033,43.3025539],[-80.6010212,43.3025769],[-80.6009954,43.3023865],[-80.601278,43.3023669],[-80.6012989,43.3025252],[-80.6012991,43.3025264]]]},"properties":{"premiseId":"P-00212","address":"72 Ridge Lane","premiseType":"residential"}},{"type":"Feature","id":"LOT-P-00213","geometry":{"type":"Polygon","coordinates":[[[-80.6010083,43.3025779],[-80.6010212,43.3025769],[-80.6013033,43.3025539],[-80.6013268,43.3027061],[-80.6013269,43.3027068],[-80.6013283,43.3027153],[-80.6010335,43.3027413],[-80.6010083,43.3025779]]]},"properties":{"premiseId":"P-00213","address":"76 Ridge Lane","premiseType":"residential"}},{"type":"Feature","id":"LOT-P-00214","geometry":{"type":"Polygon","coordinates":[[[-80.6010483,43.3029116],[-80.6010203,43.3027425],[-80.6013283,43.3027153],[-80.6013418,43.3027967],[-80.6013564,43.3028845],[-80.6010483,43.3029116]]]},"properties":{"premiseId":"P-00214","address":"80 Ridge Lane","premiseType":"residential"}},{"type":"Feature","id":"LOT-P-00215","geometry":{"type":"Polygon","coordinates":[[[-80.6001828,43.2998307],[-80.6001748,43.2999816],[-80.5999978,43.2999766],[-80.6000033,43.2998717],[-80.6000058,43.2998257],[-80.6001828,43.2998307]]]},"properties":{"premiseId":"P-00215","address":"7 Wentworth Street","premiseType":"residential"}},{"type":"Feature","id":"LOT-P-00216","geometry":{"type":"Polygon","coordinates":[[[-80.5999847,43.3001271],[-80.5999963,43.3000041],[-80.5999964,43.3000017],[-80.5999978,43.2999766],[-80.6001748,43.2999816],[-80.6001801,43.2999817],[-80.6001668,43.3001362],[-80.5999847,43.3001271]]]},"properties":{"premiseId":"P-00216","address":"11 Wentworth Street","premiseType":"residential"}},{"type":"Feature","id":"LOT-P-00217","geometry":{"type":"Polygon","coordinates":[[[-80.599969,43.3002625],[-80.5999791,43.300186],[-80.5999794,43.3001838],[-80.5999847,43.3001271],[-80.6001743,43.3001365],[-80.6001581,43.3002758],[-80.599969,43.3002625]]]},"properties":{"premiseId":"P-00217","address":"15 Wentworth Street","premiseType":"residential"}},{"type":"Feature","id":"LOT-P-00218","geometry":{"type":"Polygon","coordinates":[[[-80.5999501,43.300397],[-80.5999551,43.3003675],[-80.5999553,43.3003656],[-80.599969,43.3002625],[-80.6001581,43.3002758],[-80.600167,43.3002764],[-80.6001476,43.3004143],[-80.5999501,43.300397]]]},"properties":{"premiseId":"P-00218","address":"17 Wentworth Street","premiseType":"residential"}},{"type":"Feature","id":"LOT-P-00219","geometry":{"type":"Polygon","coordinates":[[[-80.600134,43.3005661],[-80.5999253,43.3005479],[-80.5999405,43.3004555],[-80.5999501,43.300397],[-80.600159,43.3004152],[-80.600134,43.3005661]]]},"properties":{"premiseId":"P-00219","address":"21 Wentworth Street","premiseType":"residential"}},{"type":"Feature","id":"LOT-P-00220","geometry":{"type":"Polygon","coordinates":[[[-80.6001203,43.300709],[-80.5998988,43.3006866],[-80.5999251,43.3005487],[-80.5999253,43.3005479],[-80.600134,43.3005661],[-80.6001474,43.3005673],[-80.6001203,43.300709]]]},"properties":{"premiseId":"P-00220","address":"25 Wentworth Street","premiseType":"residential"}},{"type":"Feature","id":"LOT-P-00221","geometry":{"type":"Polygon","coordinates":[[[-80.5993411,43.3004943],[-80.5997041,43.3005311],[-80.5996755,43.300681],[-80.5993125,43.3006443],[-80.5993411,43.3004943]]]},"properties":{"premiseId":"P-00221","address":"26 Wentworth Street","premiseType":"residential"}},{"type":"Feature","id":"LOT-P-00222","geometry":{"type":"Polygon","coordinates":[[[-80.5990133,43.3031681],[-80.5994475,43.3031335],[-80.5994637,43.3032413],[-80.5994641,43.3032429],[-80.5994766,43.3033136],[-80.5990435,43.3033547],[-80.5990133,43.3031681]]]},"properties":{"premiseId":"P-00222","address":"90 Wentworth Street","premiseType":"residential"}},{"type":"Feature","id":"LOT-P-00223","geometry":{"type":"Polygon","coordinates":[[[-80.5994284,43.3029898],[-80.5994364,43.3030596],[-80.5994367,43.3030616],[-80.5994475,43.3031335],[-80.5990196,43.3031675],[-80.5989993,43.3030159],[-80.5994284,43.3029898]]]},"properties":{"premiseId":"P-00223","address":"86 Wentworth Street","premiseType":"residential"}},{"type":"Feature","id":"LOT-P-00224","geometry":{"type":"Polygon","coordinates":[[[-80.5989953,43.302842],[-80.5994117,43.3028256],[-80.5994155,43.3028776],[-80.5994158,43.3028799],[-80.5994284,43.3029898],[-80.5990128,43.3030151],[-80.5989953,43.302842]]]},"properties":{"premiseId":"P-00224","address":"82 Wentworth Street","premiseType":"residential"}},{"type":"Feature","id":"LOT-P-00225","geometry":{"type":"Polygon","coordinates":[[[-80.5994009,43.3026545],[-80.5994021,43.3026954],[-80.5994022,43.3026979],[-80.5994117,43.3028256],[-80.5990122,43.3028413],[-80.5990007,43.3026612],[-80.5994009,43.3026545]]]},"properties":{"premiseId":"P-00225","address":"78 Wentworth Street","premiseType":"residential"}},{"type":"Feature","id":"LOT-P-00226","geometry":{"type":"Polygon","coordinates":[[[-80.5993969,43.302471],[-80.5993964,43.3025131],[-80.5993964,43.3025157],[-80.5994009,43.3026545],[-80.5990183,43.3026609],[-80.5990144,43.3024685],[-80.5993969,43.302471]]]},"properties":{"premiseId":"P-00226","address":"74 Wentworth Street","premiseType":"residential"}},{"type":"Feature","id":"LOT-P-00227","geometry":{"type":"Polygon","coordinates":[[[-80.5994002,43.3023052],[-80.5993988,43.3023308],[-80.5993986,43.3023335],[-80.5993969,43.302471],[-80.5990311,43.3024686],[-80.5990346,43.3022942],[-80.5994002,43.3023052]]]},"properties":{"premiseId":"P-00227","address":"70 Wentworth Street","premiseType":"residential"}},{"type":"Feature","id":"LOT-P-00228","geometry":{"type":"Polygon","coordinates":[[[-80.5990567,43.3021452],[-80.5994088,43.3021558],[-80.5994033,43.3022496],[-80.5994002,43.3023052],[-80.5990482,43.3022946],[-80.5990567,43.3021452]]]},"properties":{"premiseId":"P-00228","address":"66 Wentworth Street","premiseType":"residential"}},{"type":"Feature","id":"LOT-P-00229","geometry":{"type":"Polygon","coordinates":[[[-80.5994258,43.3019803],[-80.5994091,43.3021487],[-80.599409,43.3021512],[-80.5994088,43.3021558],[-80.5990685,43.3021455],[-80.5990861,43.3019625],[-80.5994258,43.3019803]]]},"properties":{"premiseId":"P-00229","address":"62 Wentworth Street","premiseType":"residential"}},{"type":"Feature","id":"LOT-P-00230","geometry":{"type":"Polygon","coordinates":[[[-80.5994487,43.3018078],[-80.5994271,43.3019669],[-80.5994269,43.301969],[-80.5994258,43.3019803],[-80.5990957,43.301963],[-80.5991193,43.3017841],[-80.5994487,43.3018078]]]},"properties":{"premiseId":"P-00230","address":"58 Wentworth Street","premiseType":"residential"}},{"type":"Feature","id":"LOT-P-00231","geometry":{"type":"Polygon","coordinates":[[[-80.5994729,43.3016595],[-80.5994518,43.3017854],[-80.5994515,43.3017873],[-80.5994487,43.3018078],[-80.5991251,43.3017846],[-80.5991503,43.3016307],[-80.5994729,43.3016595]]]},"properties":{"premiseId":"P-00231","address":"54 Wentworth Street","premiseType":"residential"}},{"type":"Feature","id":"LOT-P-00232","geometry":{"type":"Polygon","coordinates":[[[-80.5995063,43.3014799],[-80.5994823,43.3016043],[-80.5994821,43.3016057],[-80.5994729,43.3016595],[-80.5991528,43.3016309],[-80.5991868,43.3014473],[-80.5995063,43.3014799]]]},"properties":{"premiseId":"P-00232","address":"50 Wentworth Street","premiseType":"residential"}},{"type":"Feature","id":"LOT-P-00233","geometry":{"type":"Polygon","coordinates":[[[-80.5992171,43.3012967],[-80.5995364,43.3013323],[-80.5995171,43.3014236],[-80.599517,43.3014246],[-80.5995063,43.3014799],[-80.5991868,43.3014473],[-80.5991865,43.3014472],[-80.5992171,43.3012967]]]},"properties":{"premiseId":"P-00233","address":"46 Wentworth Street","premiseType":"residential"}},{"type":"Feature","id":"LOT-P-00234","geometry":{"type":"Polygon","coordinates":[[[-80.5995758,43.3011488],[-80.599555,43.3012435],[-80.5995549,43.301244],[-80.5995364,43.3013323],[-80.5992132,43.3012964],[-80.5992529,43.3011115],[-80.5995758,43.3011488]]]},"properties":{"premiseId":"P-00234","address":"42 Wentworth Street","premiseType":"residential"}},{"type":"Feature","id":"LOT-P-00235","geometry":{"type":"Polygon","coordinates":[[[-80.5996111,43.300987],[-80.5995758,43.3011488],[-80.5992529,43.3011115],[-80.5992457,43.3011106],[-80.5992811,43.3009488],[-80.5996111,43.300987]]]},"properties":{"premiseId":"P-00235","address":"38 Wentworth Street","premiseType":"residential"}},{"type":"Feature","id":"LOT-P-00236","geometry":{"type":"Polygon","coordinates":[[[-80.5999933,43.3028759],[-80.6000133,43.3030431],[-80.5996617,43.3030711],[-80.5996408,43.3028973],[-80.5999933,43.3028759]]]},"properties":{"premiseId":"P-00236","address":"85 Wentworth Street","premiseType":"residential"}},{"type":"Feature","id":"LOT-P-00237","geometry":{"type":"Polygon","coordinates":[[[-80.599987,43.3026965],[-80.6000014,43.3028754],[-80.5999933,43.3028759],[-80.5996408,43.3028973],[-80.5996258,43.3027107],[-80.599987,43.3026965]]]},"properties":{"premiseId":"P-00237","address":"79 Wentworth Street","premiseType":"residential"}},{"type":"Feature","id":"LOT-P-00238","geometry":{"type":"Polygon","coordinates":[[[-80.5999863,43.3025511],[-80.5999916,43.3026963],[-80.599987,43.3026965],[-80.5996258,43.3027107],[-80.59962,43.3025573],[-80.5999863,43.3025511]]]},"properties":{"premiseId":"P-00238","address":"75 Wentworth Street","premiseType":"residential"}},{"type":"Feature","id":"LOT-P-00239","geometry":{"type":"Polygon","coordinates":[[[-80.5999874,43.3025511],[-80.59962,43.3025573],[-80.5996203,43.302377],[-80.5999878,43.3023794],[-80.5999874,43.3025511]]]},"properties":{"premiseId":"P-00239","address":"71 Wentworth Street","premiseType":"residential"}},{"type":"Feature","id":"LOT-P-00240","geometry":{"type":"Polygon","coordinates":[[[-80.5999931,43.3022248],[-80.5999859,43.3023794],[-80.5996203,43.302377],[-80.5996277,43.3022138],[-80.5999931,43.3022248]]]},"properties":{"premiseId":"P-00240","address":"67 Wentworth Street","premiseType":"residential"}},{"type":"Feature","id":"LOT-P-00241","geometry":{"type":"Polygon","coordinates":[[[-80.5999879,43.3022247],[-80.5996277,43.3022138],[-80.5996427,43.3020403],[-80.6000022,43.3020592],[-80.5999879,43.3022247]]]},"properties":{"premiseId":"P-00241","address":"63 Wentworth Street","premiseType":"residential"}},{"type":"Feature","id":"LOT-P-00242","geometry":{"type":"Polygon","coordinates":[[[-80.599994,43.3020587],[-80.5996427,43.3020403],[-80.5996633,43.3018722],[-80.6000138,43.3018973],[-80.599994,43.3020587]]]},"properties":{"premiseId":"P-00242","address":"59 Wentworth Street","premiseType":"residential"}},{"type":"Feature","id":"LOT-P-00243","geometry":{"type":"Polygon","coordinates":[[[-80.60003,43.301719],[-80.6000023,43.3018964],[-80.5996633,43.3018722],[-80.5996919,43.3016888],[-80.60003,43.301719]]]},"properties":{"premiseId":"P-00243","address":"53 Wentworth Street","premiseType":"residential"}},{"type":"Feature","id":"LOT-P-00244","geometry":{"type":"Polygon","coordinates":[[[-80.6000439,43.3015685],[-80.6000167,43.3017178],[-80.5996919,43.3016888],[-80.5997199,43.3015353],[-80.6000439,43.3015685]]]},"properties":{"premiseId":"P-00244","address":"49 Wentworth Street","premiseType":"residential"}},{"type":"Feature","id":"LOT-P-00245","geometry":{"type":"Polygon","coordinates":[[[-80.6000631,43.3013971],[-80.6000289,43.3015669],[-80.5997199,43.3015353],[-80.5997547,43.3013627],[-80.6000631,43.3013971]]]},"properties":{"premiseId":"P-00245","address":"45 Wentworth Street","premiseType":"residential"}},{"type":"Feature","id":"LOT-P-00246","geometry":{"type":"Polygon","coordinates":[[[-80.6000452,43.3013951],[-80.5997547,43.3013627],[-80.5997934,43.3011821],[-80.6000836,43.3012157],[-80.6000452,43.3013951]]]},"properties":{"premiseId":"P-00246","address":"41 Wentworth Street","premiseType":"residential"}},{"type":"Feature","id":"LOT-P-00247","geometry":{"type":"Polygon","coordinates":[[[-80.6000653,43.3012136],[-80.5997934,43.3011821],[-80.5998288,43.3010202],[-80.6001007,43.3010517],[-80.6000653,43.3012136]]]},"properties":{"premiseId":"P-00247","address":"37 Wentworth Street","premiseType":"residential"}},{"type":"Feature","id":"LOT-P-00248","geometry":{"type":"Polygon","coordinates":[[[-80.6000829,43.3010496],[-80.5998288,43.3010202],[-80.5998664,43.3008591],[-80.6001191,43.3008946],[-80.6000829,43.3010496]]]},"properties":{"premiseId":"P-00248","address":"33 Wentworth Street","premiseType":"residential"}},{"type":"Feature","id":"LOT-P-00249","geometry":{"type":"Polygon","coordinates":[[[-80.5992811,43.3009488],[-80.5992457,43.3011106],[-80.5992529,43.3011115],[-80.599244,43.3011531],[-80.599191,43.3011531],[-80.599191,43.3008451],[-80.599422,43.3008451],[-80.599422,43.3009651],[-80.5992811,43.3009488]]]},"properties":{"premiseId":"P-00249","address":"9 Heather Crescent","premiseType":"residential"}},{"type":"Feature","id":"LOT-P-00250","geometry":{"type":"Polygon","coordinates":[[[-80.599191,43.3011652],[-80.5989543,43.3011652],[-80.5989543,43.3008451],[-80.599191,43.3008451],[-80.599191,43.3011531],[-80.599191,43.3011652]]]},"properties":{"premiseId":"P-00250","address":"13 Heather Crescent","premiseType":"residential"}},{"type":"Feature","id":"LOT-P-00251","geometry":{"type":"Polygon","coordinates":[[[-80.59934,43.3003484],[-80.5993379,43.3003629],[-80.5993499,43.300364],[-80.5993285,43.3004931],[-80.5993411,43.3004943],[-80.5993125,43.3006443],[-80.5994342,43.3006566],[-80.5994342,43.3006834],[-80.5992029,43.3006834],[-80.5992029,43.3003484],[-80.59934,43.3003484]]]},"properties":{"premiseId":"P-00251","address":"10 Heather Crescent","premiseType":"residential"}},{"type":"Feature","id":"LOT-P-00252","geometry":{"type":"Polygon","coordinates":[[[-80.5989638,43.3005369],[-80.5989619,43.3003573],[-80.5989618,43.3003547],[-80.5989613,43.3003458],[-80.5992029,43.3003458],[-80.5992029,43.3003484],[-80.5992029,43.3006834],[-80.598959,43.3006834],[-80.5989638,43.3005395],[-80.5989638,43.3005369]]]},"properties":{"premiseId":"P-00252","address":"14 Heather Crescent","premiseType":"residential"}},{"type":"Feature","id":"LOT-P-00253","geometry":{"type":"Polygon","coordinates":[[[-80.5991202,43.2987622],[-80.5995145,43.298768],[-80.5995085,43.2989278],[-80.5991144,43.2989157],[-80.5991202,43.2987622]]]},"properties":{"premiseId":"P-00253","address":"19 Barley Drive","premiseType":"residential"}},{"type":"Feature","id":"LOT-P-00254","geometry":{"type":"Polygon","coordinates":[[[-80.599094,43.2986207],[-80.5995161,43.2986195],[-80.5995145,43.298768],[-80.5990925,43.2987619],[-80.599094,43.2986207]]]},"properties":{"premiseId":"P-00254","address":"23 Barley Drive","premiseType":"residential"}},{"type":"Feature","id":"LOT-P-00255","geometry":{"type":"Polygon","coordinates":[[[-80.5995142,43.2984793],[-80.5995161,43.2986195],[-80.5991024,43.2986207],[-80.5991005,43.2984873],[-80.5995142,43.2984793]]]},"properties":{"premiseId":"P-00255","address":"27 Barley Drive","premiseType":"residential"}},{"type":"Feature","id":"LOT-P-00256","geometry":{"type":"Polygon","coordinates":[[[-80.5995082,43.298328],[-80.5995142,43.2984793],[-80.5991167,43.298487],[-80.5991113,43.2983422],[-80.5995082,43.298328]]]},"properties":{"premiseId":"P-00256","address":"29 Barley Drive","premiseType":"residential"}},{"type":"Feature","id":"LOT-P-00257","geometry":{"type":"Polygon","coordinates":[[[-80.5994986,43.2981839],[-80.5995029,43.298248],[-80.5995082,43.298328],[-80.5991162,43.298342],[-80.5991065,43.2981978],[-80.5994986,43.2981839]]]},"properties":{"premiseId":"P-00257","address":"33 Barley Drive","premiseType":"residential"}},{"type":"Feature","id":"LOT-P-00258","geometry":{"type":"Polygon","coordinates":[[[-80.5990922,43.2980574],[-80.5994854,43.2980377],[-80.5994986,43.2981839],[-80.5991049,43.2981979],[-80.5990922,43.2980574]]]},"properties":{"premiseId":"P-00258","address":"37 Barley Drive","premiseType":"residential"}},{"type":"Feature","id":"LOT-P-00259","geometry":{"type":"Polygon","coordinates":[[[-80.5990784,43.2979121],[-80.5994692,43.2978881],[-80.5994854,43.2980377],[-80.5990941,43.2980573],[-80.5990784,43.2979121]]]},"properties":{"premiseId":"P-00259","address":"41 Barley Drive","premiseType":"residential"}},{"type":"Feature","id":"LOT-P-00260","geometry":{"type":"Polygon","coordinates":[[[-80.5990641,43.2977662],[-80.5994508,43.297739],[-80.5994692,43.2978881],[-80.5990822,43.2979119],[-80.5990641,43.2977662]]]},"properties":{"premiseId":"P-00260","address":"45 Barley Drive","premiseType":"residential"}},{"type":"Feature","id":"LOT-P-00261","geometry":{"type":"Polygon","coordinates":[[[-80.5990346,43.2976116],[-80.5994296,43.2975819],[-80.5994508,43.297739],[-80.5990556,43.2977668],[-80.5990346,43.2976116]]]},"properties":{"premiseId":"P-00261","address":"49 Barley Drive","premiseType":"residential"}},{"type":"Feature","id":"LOT-P-00262","geometry":{"type":"Polygon","coordinates":[[[-80.5990138,43.2976131],[-80.5989937,43.2974714],[-80.5994095,43.2974395],[-80.5994296,43.2975819],[-80.5990346,43.2976116],[-80.5990138,43.2976131]]]},"properties":{"premiseId":"P-00262","address":"53 Barley Drive","premiseType":"residential"}},{"type":"Feature","id":"LOT-P-00263","geometry":{"type":"Polygon","coordinates":[[[-80.5993864,43.2972803],[-80.5994095,43.2974395],[-80.5990127,43.2974699],[-80.5989896,43.2973107],[-80.5993864,43.2972803]]]},"properties":{"premiseId":"P-00263","address":"55 Barley Drive","premiseType":"residential"}},{"type":"Feature","id":"LOT-P-00264","geometry":{"type":"Polygon","coordinates":[[[-80.599367,43.2971429],[-80.5993844,43.2972663],[-80.5993844,43.2972666],[-80.5993864,43.2972803],[-80.5989896,43.2973107],[-80.5989666,43.2973125],[-80.5989471,43.2971741],[-80.599367,43.2971429]]]},"properties":{"premiseId":"P-00264","address":"59 Barley Drive","premiseType":"residential"}},{"type":"Feature","id":"LOT-P-00265","geometry":{"type":"Polygon","coordinates":[[[-80.5993463,43.2969862],[-80.5993591,43.2970861],[-80.5993593,43.2970867],[-80.599367,43.2971429],[-80.5989674,43.2971726],[-80.5989463,43.2970134],[-80.5993463,43.2969862]]]},"properties":{"premiseId":"P-00265","address":"63 Barley Drive","premiseType":"residential"}},{"type":"Feature","id":"LOT-P-00266","geometry":{"type":"Polygon","coordinates":[[[-80.5997233,43.2990582],[-80.5997302,43.2989396],[-80.6000516,43.2989494],[-80.6000416,43.2991059],[-80.5997204,43.2990912],[-80.5997231,43.2990599],[-80.5997233,43.2990582]]]},"properties":{"premiseId":"P-00266","address":"16 Barley Drive","premiseType":"residential"}},{"type":"Feature","id":"LOT-P-00267","geometry":{"type":"Polygon","coordinates":[[[-80.5997302,43.2989396],[-80.5997336,43.2988785],[-80.5997338,43.2988768],[-80.5997359,43.2987987],[-80.6000557,43.2988033],[-80.6000496,43.2989493],[-80.5997302,43.2989396]]]},"properties":{"premiseId":"P-00267","address":"20 Barley Drive","premiseType":"residential"}},{"type":"Feature","id":"LOT-P-00268","geometry":{"type":"Polygon","coordinates":[[[-80.6000557,43.2988033],[-80.5997359,43.2987987],[-80.5997387,43.2986971],[-80.5997387,43.2986951],[-80.5997384,43.2986425],[-80.6000584,43.2986416],[-80.6000559,43.2988034],[-80.6000557,43.2988033]]]},"properties":{"premiseId":"P-00268","address":"24 Barley Drive","premiseType":"residential"}},{"type":"Feature","id":"LOT-P-00269","geometry":{"type":"Polygon","coordinates":[[[-80.6000584,43.2986416],[-80.5997384,43.2986425],[-80.5997377,43.2985155],[-80.5997377,43.2985137],[-80.5997367,43.298487],[-80.6000592,43.2984808],[-80.6000611,43.2986416],[-80.6000584,43.2986416]]]},"properties":{"premiseId":"P-00269","address":"26 Barley Drive","premiseType":"residential"}},{"type":"Feature","id":"LOT-P-00270","geometry":{"type":"Polygon","coordinates":[[[-80.6000589,43.2983317],[-80.6000642,43.2984807],[-80.5997367,43.298487],[-80.5997357,43.2984613],[-80.5997313,43.2983379],[-80.6000589,43.2983317]]]},"properties":{"premiseId":"P-00270","address":"30 Barley Drive","premiseType":"residential"}},{"type":"Feature","id":"LOT-P-00271","geometry":{"type":"Polygon","coordinates":[[[-80.599731,43.2983322],[-80.5997222,43.2982001],[-80.6000565,43.2981882],[-80.600066,43.2983315],[-80.5997313,43.2983379],[-80.5997312,43.298334],[-80.599731,43.2983322]]]},"properties":{"premiseId":"P-00271","address":"34 Barley Drive","premiseType":"residential"}},{"type":"Feature","id":"LOT-P-00272","geometry":{"type":"Polygon","coordinates":[[[-80.6000239,43.2974327],[-80.6000423,43.2975624],[-80.5996544,43.2975915],[-80.5996417,43.2975022],[-80.599636,43.2974618],[-80.6000239,43.2974327]]]},"properties":{"premiseId":"P-00272","address":"52 Barley Drive","premiseType":"residential"}},{"type":"Feature","id":"LOT-P-00273","geometry":{"type":"Polygon","coordinates":[[[-80.5996314,43.2974294],[-80.5996144,43.2973118],[-80.6000239,43.2972804],[-80.6000457,43.2974311],[-80.599636,43.2974618],[-80.5996314,43.2974296],[-80.5996314,43.2974294]]]},"properties":{"premiseId":"P-00273","address":"56 Barley Drive","premiseType":"residential"}},{"type":"Feature","id":"LOT-P-00274","geometry":{"type":"Polygon","coordinates":[[[-80.6000106,43.2972814],[-80.5996144,43.2973118],[-80.5995903,43.2971419],[-80.5999867,43.2971126],[-80.6000106,43.2972814]]]},"properties":{"premiseId":"P-00274","address":"60 Barley Drive","premiseType":"residential"}},{"type":"Feature","id":"LOT-P-00275","geometry":{"type":"Polygon","coordinates":[[[-80.6000062,43.2971111],[-80.5995903,43.2971419],[-80.5995713,43.2970011],[-80.5999875,43.2969728],[-80.6000062,43.2971111]]]},"properties":{"premiseId":"P-00275","address":"64 Barley Drive","premiseType":"residential"}},{"type":"Feature","id":"LOT-P-00276","geometry":{"type":"Polygon","coordinates":[[[-80.5999409,43.2968398],[-80.5999578,43.2969748],[-80.5995713,43.2970011],[-80.599554,43.2968625],[-80.5999409,43.2968398]]]},"properties":{"premiseId":"P-00276","address":"68 Barley Drive","premiseType":"residential"}},{"type":"Feature","id":"LOT-P-00277","geometry":{"type":"Polygon","coordinates":[[[-80.5999388,43.2966846],[-80.5999557,43.2968389],[-80.5999409,43.2968398],[-80.599554,43.2968625],[-80.5995366,43.296703],[-80.5999388,43.2966846]]]},"properties":{"premiseId":"P-00277","address":"70 Barley Drive","premiseType":"residential"}},{"type":"Feature","id":"LOT-P-00278","geometry":{"type":"Polygon","coordinates":[[[-80.5999264,43.2966851],[-80.5995366,43.296703],[-80.5995239,43.2965554],[-80.5999136,43.2965375],[-80.5999264,43.2966851]]]},"properties":{"premiseId":"P-00278","address":"74 Barley Drive","premiseType":"residential"}},{"type":"Feature","id":"LOT-P-00279","geometry":{"type":"Polygon","coordinates":[[[-80.5999333,43.2965367],[-80.5995239,43.2965554],[-80.5995142,43.2964007],[-80.5999241,43.2963879],[-80.5999333,43.2965367]]]},"properties":{"premiseId":"P-00279","address":"78 Barley Drive","premiseType":"residential"}},{"type":"Feature","id":"LOT-P-00280","geometry":{"type":"Polygon","coordinates":[[[-80.5999129,43.2963883],[-80.5995142,43.2964007],[-80.5995091,43.2962654],[-80.599908,43.2962594],[-80.5999129,43.2963883]]]},"properties":{"premiseId":"P-00280","address":"82 Barley Drive","premiseType":"residential"}},{"type":"Feature","id":"LOT-P-00281","geometry":{"type":"Polygon","coordinates":[[[-80.5982993,43.3006714],[-80.5983037,43.3005393],[-80.5987412,43.3005469],[-80.5987389,43.3006187],[-80.5987369,43.300679],[-80.5982993,43.3006714]]]},"properties":{"premiseId":"P-00281","address":"26 Leeds Way","premiseType":"residential"}},{"type":"Feature","id":"LOT-P-00282","geometry":{"type":"Polygon","coordinates":[[[-80.5982923,43.3004086],[-80.5987402,43.3004061],[-80.5987412,43.3005469],[-80.5983037,43.3005393],[-80.5982934,43.3005391],[-80.5982923,43.3004086]]]},"properties":{"premiseId":"P-00282","address":"22 Leeds Way","premiseType":"residential"}},{"type":"Feature","id":"LOT-P-00283","geometry":{"type":"Polygon","coordinates":[[[-80.5982777,43.3002795],[-80.5987346,43.3002662],[-80.5987402,43.3004061],[-80.598283,43.3004086],[-80.5982777,43.3002795]]]},"properties":{"premiseId":"P-00283","address":"20 Leeds Way","premiseType":"residential"}},{"type":"Feature","id":"LOT-P-00284","geometry":{"type":"Polygon","coordinates":[[[-80.5987248,43.3001291],[-80.5987346,43.3002662],[-80.5982913,43.300279],[-80.5982823,43.3001518],[-80.5987248,43.3001291]]]},"properties":{"premiseId":"P-00284","address":"16 Leeds Way","premiseType":"residential"}},{"type":"Feature","id":"LOT-P-00285","geometry":{"type":"Polygon","coordinates":[[[-80.5982505,43.3000205],[-80.5987105,43.2999877],[-80.5987248,43.3001291],[-80.5982638,43.3001528],[-80.5982505,43.3000205]]]},"properties":{"premiseId":"P-00285","address":"12 Leeds Way","premiseType":"residential"}},{"type":"Feature","id":"LOT-P-00286","geometry":{"type":"Polygon","coordinates":[[[-80.5982312,43.2998794],[-80.5986915,43.2998466],[-80.598702,43.2999247],[-80.5987105,43.2999877],[-80.5982502,43.3000205],[-80.5982312,43.2998794]]]},"properties":{"premiseId":"P-00286","address":"8 Leeds Way","premiseType":"residential"}},{"type":"Feature","id":"LOT-P-00287","geometry":{"type":"Polygon","coordinates":[[[-80.5982127,43.2997411],[-80.598325,43.2997415],[-80.5983253,43.2997415],[-80.5984023,43.2997416],[-80.5984793,43.2997419],[-80.5984796,43.2997419],[-80.5985558,43.2997421],[-80.5985562,43.2997421],[-80.5985565,43.2997421],[-80.5985571,43.2997421],[-80.5986338,43.2997423],[-80.5986746,43.2997424],[-80.5986915,43.2998466],[-80.5982353,43.2998792],[-80.5982127,43.2997411]]]},"properties":{"premiseId":"P-00287","address":"4 Leeds Way","premiseType":"residential"}},{"type":"Feature","id":"LOT-P-00288","geometry":{"type":"Polygon","coordinates":[[[-80.5993426,43.3002395],[-80.5993556,43.3002404],[-80.5993548,43.3002451],[-80.5989565,43.3002566],[-80.5989519,43.300175],[-80.5989518,43.3001726],[-80.5989459,43.3001111],[-80.5993496,43.3000904],[-80.5993537,43.3001455],[-80.5993426,43.3002395]]]},"properties":{"premiseId":"P-00288","address":"15 Leeds Way","premiseType":"residential"}},{"type":"Feature","id":"LOT-P-00289","geometry":{"type":"Polygon","coordinates":[[[-80.5993464,43.30009],[-80.5993514,43.3000903],[-80.5993496,43.3000904],[-80.5989459,43.3001111],[-80.5989344,43.2999929],[-80.5989342,43.2999907],[-80.5989307,43.299965],[-80.5993479,43.2999352],[-80.5993467,43.2999574],[-80.5993504,43.2999575],[-80.5993546,43.2999977],[-80.5993464,43.30009]]]},"properties":{"premiseId":"P-00289","address":"11 Leeds Way","premiseType":"residential"}},{"type":"Feature","id":"LOT-P-00290","geometry":{"type":"Polygon","coordinates":[[[-80.5993517,43.2998615],[-80.5993479,43.2999352],[-80.5989307,43.299965],[-80.5989117,43.2998243],[-80.5993426,43.2997936],[-80.5993517,43.2998615]]]},"properties":{"premiseId":"P-00290","address":"7 Leeds Way","premiseType":"residential"}},{"type":"Feature","id":"LOT-P-00291","geometry":{"type":"Polygon","coordinates":[[[-80.5989543,43.3011652],[-80.599191,43.3011652],[-80.599191,43.3011595],[-80.5992383,43.3011634],[-80.5992287,43.3012246],[-80.5992132,43.3012964],[-80.5992171,43.3012967],[-80.5992098,43.3013323],[-80.5988886,43.3013016],[-80.5988949,43.3012667],[-80.5988953,43.3012651],[-80.5989147,43.3011374],[-80.5989543,43.3011405],[-80.5989543,43.3011652]]]},"properties":{"premiseId":"P-00291","address":"39 Leeds Way","premiseType":"residential"}},{"type":"Feature","id":"LOT-P-00292","geometry":{"type":"Polygon","coordinates":[[[-80.5991865,43.3014472],[-80.5991868,43.3014473],[-80.5991804,43.3014819],[-80.5988622,43.3014478],[-80.5988622,43.3014476],[-80.5988624,43.3014464],[-80.5988886,43.3013016],[-80.5992083,43.3013321],[-80.5991965,43.3013979],[-80.5991865,43.3014472]]]},"properties":{"premiseId":"P-00292","address":"43 Leeds Way","premiseType":"residential"}},{"type":"Feature","id":"LOT-P-00293","geometry":{"type":"Polygon","coordinates":[[[-80.5988347,43.3015839],[-80.5988619,43.3014493],[-80.5988622,43.3014478],[-80.5991804,43.3014819],[-80.5991732,43.3015209],[-80.5991536,43.3016179],[-80.5988347,43.3015839]]]},"properties":{"premiseId":"P-00293","address":"47 Leeds Way","premiseType":"residential"}},{"type":"Feature","id":"LOT-P-00294","geometry":{"type":"Polygon","coordinates":[[[-80.5988037,43.301731],[-80.5988258,43.301628],[-80.5988259,43.3016273],[-80.5988347,43.3015839],[-80.5989179,43.3015928],[-80.5991552,43.3016181],[-80.5991528,43.3016309],[-80.5991503,43.3016307],[-80.5991394,43.3016971],[-80.5991246,43.3017675],[-80.5988037,43.301731]]]},"properties":{"premiseId":"P-00294","address":"51 Leeds Way","premiseType":"residential"}},{"type":"Feature","id":"LOT-P-00295","geometry":{"type":"Polygon","coordinates":[[[-80.5991193,43.3017841],[-80.5991088,43.3018635],[-80.5990956,43.3019243],[-80.5987699,43.3018864],[-80.5987871,43.3018079],[-80.5987871,43.3018077],[-80.5988037,43.301731],[-80.5991278,43.3017679],[-80.5991251,43.3017846],[-80.5991193,43.3017841]]]},"properties":{"premiseId":"P-00295","address":"55 Leeds Way","premiseType":"residential"}},{"type":"Feature","id":"LOT-P-00296","geometry":{"type":"Polygon","coordinates":[[[-80.5991008,43.3019249],[-80.599097,43.301953],[-80.5990949,43.3019629],[-80.5990861,43.3019625],[-80.5990792,43.3020349],[-80.5990706,43.3020741],[-80.5987372,43.3020361],[-80.5987699,43.3018864],[-80.5990956,43.3019243],[-80.5991008,43.3019249]]]},"properties":{"premiseId":"P-00296","address":"59 Leeds Way","premiseType":"residential"}},{"type":"Feature","id":"LOT-P-00297","geometry":{"type":"Polygon","coordinates":[[[-80.5990714,43.3021143],[-80.5990649,43.3021454],[-80.5990567,43.3021452],[-80.5990538,43.302197],[-80.5990491,43.3022192],[-80.5987059,43.3021826],[-80.5987372,43.3020361],[-80.5990754,43.3020746],[-80.5990714,43.3021143]]]},"properties":{"premiseId":"P-00297","address":"61 Leeds Way","premiseType":"residential"}},{"type":"Feature","id":"LOT-P-00298","geometry":{"type":"Polygon","coordinates":[[[-80.5990525,43.3022195],[-80.5990494,43.3022739],[-80.5990452,43.3022945],[-80.5990346,43.3022942],[-80.5990334,43.3023536],[-80.5990285,43.3023782],[-80.5986741,43.3023404],[-80.5987043,43.3021904],[-80.5987059,43.3021826],[-80.5990491,43.3022192],[-80.5990525,43.3022195]]]},"properties":{"premiseId":"P-00298","address":"65 Leeds Way","premiseType":"residential"}},{"type":"Feature","id":"LOT-P-00299","geometry":{"type":"Polygon","coordinates":[[[-80.5990144,43.3024685],[-80.5990153,43.3025103],[-80.5986498,43.3024755],[-80.5986741,43.3023404],[-80.5986889,43.302342],[-80.5990329,43.3023786],[-80.5990318,43.3024294],[-80.5990248,43.3024686],[-80.5990144,43.3024685]]]},"properties":{"premiseId":"P-00299","address":"69 Leeds Way","premiseType":"residential"}},{"type":"Feature","id":"LOT-P-00300","geometry":{"type":"Polygon","coordinates":[[[-80.5990007,43.3026612],[-80.5990009,43.3026643],[-80.5986245,43.3026343],[-80.5986498,43.3024755],[-80.5990153,43.3025103],[-80.599017,43.3025954],[-80.5990066,43.3026611],[-80.5990007,43.3026612]]]},"properties":{"premiseId":"P-00300","address":"73 Leeds Way","premiseType":"residential"}},{"type":"Feature","id":"LOT-P-00301","geometry":{"type":"Polygon","coordinates":[[[-80.5990072,43.3027643],[-80.5990014,43.3028085],[-80.5986047,43.3027842],[-80.5986245,43.3026343],[-80.5990009,43.3026643],[-80.5990072,43.3027643]]]},"properties":{"premiseId":"P-00301","address":"77 Leeds Way","premiseType":"residential"}},{"type":"Feature","id":"LOT-P-00302","geometry":{"type":"Polygon","coordinates":[[[-80.598999,43.3028418],[-80.5989953,43.302842],[-80.5989971,43.3028601],[-80.5989874,43.3029586],[-80.598589,43.3029427],[-80.5986047,43.3027842],[-80.5990023,43.3028086],[-80.598999,43.3028418]]]},"properties":{"premiseId":"P-00302","address":"81 Leeds Way","premiseType":"residential"}},{"type":"Feature","id":"LOT-P-00303","geometry":{"type":"Polygon","coordinates":[[[-80.5990072,43.3029594],[-80.5990114,43.3030016],[-80.5990106,43.3030152],[-80.5989993,43.3030159],[-80.5990069,43.303072],[-80.599005,43.3030989],[-80.5985793,43.3030916],[-80.598589,43.3029427],[-80.5989874,43.3029586],[-80.5990072,43.3029594]]]},"properties":{"premiseId":"P-00303","address":"85 Leeds Way","premiseType":"residential"}},{"type":"Feature","id":"LOT-P-00304","geometry":{"type":"Polygon","coordinates":[[[-80.5989649,43.3032352],[-80.5985748,43.3032378],[-80.5985793,43.3030916],[-80.5989692,43.3030983],[-80.5989649,43.3032352]]]},"properties":{"premiseId":"P-00304","address":"89 Leeds Way","premiseType":"residential"}},{"type":"Feature","id":"LOT-P-00305","geometry":{"type":"Polygon","coordinates":[[[-80.5987115,43.3009823],[-80.5983187,43.3009581],[-80.5983324,43.3008244],[-80.598726,43.3008405],[-80.5987115,43.3009823]]]},"properties":{"premiseId":"P-00305","address":"34 Leeds Way","premiseType":"residential"}},{"type":"Feature","id":"LOT-P-00306","geometry":{"type":"Polygon","coordinates":[[[-80.5982964,43.3011166],[-80.5983175,43.300958],[-80.5987115,43.3009823],[-80.5986894,43.3011482],[-80.5982964,43.3011166]]]},"properties":{"premiseId":"P-00306","address":"38 Leeds Way","premiseType":"residential"}},{"type":"Feature","id":"LOT-P-00307","geometry":{"type":"Polygon","coordinates":[[[-80.5982871,43.3012519],[-80.5983086,43.3011176],[-80.5986894,43.3011482],[-80.5986669,43.3012883],[-80.5982871,43.3012519]]]},"properties":{"premiseId":"P-00307","address":"42 Leeds Way","premiseType":"residential"}},{"type":"Feature","id":"LOT-P-00308","geometry":{"type":"Polygon","coordinates":[[[-80.5982726,43.3014047],[-80.5983003,43.3012532],[-80.5986669,43.3012883],[-80.5986384,43.3014438],[-80.5982726,43.3014047]]]},"properties":{"premiseId":"P-00308","address":"44 Leeds Way","premiseType":"residential"}},{"type":"Feature","id":"LOT-P-00309","geometry":{"type":"Polygon","coordinates":[[[-80.5982853,43.301406],[-80.5986384,43.3014438],[-80.5986093,43.3015885],[-80.598256,43.3015507],[-80.5982853,43.301406]]]},"properties":{"premiseId":"P-00309","address":"48 Leeds Way","premiseType":"residential"}},{"type":"Feature","id":"LOT-P-00310","geometry":{"type":"Polygon","coordinates":[[[-80.5982352,43.301699],[-80.5982666,43.3015518],[-80.5986093,43.3015885],[-80.5985773,43.301738],[-80.5982352,43.301699]]]},"properties":{"premiseId":"P-00310","address":"52 Leeds Way","premiseType":"residential"}},{"type":"Feature","id":"LOT-P-00311","geometry":{"type":"Polygon","coordinates":[[[-80.5982134,43.3018408],[-80.5982442,43.3017001],[-80.5985773,43.301738],[-80.5985463,43.3018795],[-80.5982134,43.3018408]]]},"properties":{"premiseId":"P-00311","address":"56 Leeds Way","premiseType":"residential"}},{"type":"Feature","id":"LOT-P-00312","geometry":{"type":"Polygon","coordinates":[[[-80.5985463,43.3018795],[-80.5985282,43.3019621],[-80.5985282,43.3019624],[-80.5985092,43.3020509],[-80.5981836,43.3020138],[-80.598221,43.3018416],[-80.5985463,43.3018795]]]},"properties":{"premiseId":"P-00312","address":"60 Leeds Way","premiseType":"residential"}},{"type":"Feature","id":"LOT-P-00313","geometry":{"type":"Polygon","coordinates":[[[-80.5985092,43.3020509],[-80.5984896,43.302142],[-80.5984894,43.3021428],[-80.5984818,43.3021803],[-80.5981606,43.3021461],[-80.5981884,43.3020144],[-80.5985092,43.3020509]]]},"properties":{"premiseId":"P-00313","address":"64 Leeds Way","premiseType":"residential"}},{"type":"Feature","id":"LOT-P-00314","geometry":{"type":"Polygon","coordinates":[[[-80.5984818,43.3021803],[-80.5984533,43.3023225],[-80.598453,43.3023237],[-80.5984498,43.302341],[-80.5981302,43.3023105],[-80.5981628,43.3021463],[-80.5984818,43.3021803]]]},"properties":{"premiseId":"P-00314","address":"68 Leeds Way","premiseType":"residential"}},{"type":"Feature","id":"LOT-P-00315","geometry":{"type":"Polygon","coordinates":[[[-80.5981299,43.3023105],[-80.5981302,43.3023105],[-80.5984498,43.302341],[-80.598424,43.3024843],[-80.598422,43.3024959],[-80.598102,43.3024653],[-80.5981299,43.3023105]]]},"properties":{"premiseId":"P-00315","address":"72 Leeds Way","premiseType":"residential"}},{"type":"Feature","id":"LOT-P-00316","geometry":{"type":"Polygon","coordinates":[[[-80.5984203,43.302505],[-80.5984018,43.3026287],[-80.5980777,43.3026029],[-80.5980988,43.3024651],[-80.598422,43.3024959],[-80.5984207,43.3025033],[-80.5984203,43.302505]]]},"properties":{"premiseId":"P-00316","address":"74 Leeds Way","premiseType":"residential"}},{"type":"Feature","id":"LOT-P-00317","geometry":{"type":"Polygon","coordinates":[[[-80.5980716,43.3026024],[-80.5980777,43.3026029],[-80.5984018,43.3026287],[-80.5983933,43.3026847],[-80.598393,43.3026868],[-80.5983813,43.3027887],[-80.5980504,43.3027685],[-80.5980716,43.3026024]]]},"properties":{"premiseId":"P-00317","address":"78 Leeds Way","premiseType":"residential"}},{"type":"Feature","id":"LOT-P-00318","geometry":{"type":"Polygon","coordinates":[[[-80.598372,43.3028688],[-80.5983666,43.3029408],[-80.5980263,43.3029271],[-80.5980416,43.302768],[-80.5980504,43.3027685],[-80.5983813,43.3027887],[-80.5983723,43.3028664],[-80.598372,43.3028688]]]},"properties":{"premiseId":"P-00318","address":"82 Leeds Way","premiseType":"residential"}},{"type":"Feature","id":"LOT-P-00319","geometry":{"type":"Polygon","coordinates":[[[-80.5980327,43.299364],[-80.59803,43.2991864],[-80.5984477,43.299178],[-80.5984507,43.2993628],[-80.5980327,43.299364]]]},"properties":{"premiseId":"P-00319","address":"9 Brant Drive","premiseType":"residential"}},{"type":"Feature","id":"LOT-P-00320","geometry":{"type":"Polygon","coordinates":[[[-80.5984409,43.2990247],[-80.5984477,43.299178],[-80.5980193,43.2991866],[-80.5980129,43.2990401],[-80.5984409,43.2990247]]]},"properties":{"premiseId":"P-00320","address":"13 Brant Drive","premiseType":"residential"}},{"type":"Feature","id":"LOT-P-00321","geometry":{"type":"Polygon","coordinates":[[[-80.5980053,43.2988743],[-80.5984286,43.2988532],[-80.5984409,43.2990247],[-80.5980172,43.29904],[-80.5980053,43.2988743]]]},"properties":{"premiseId":"P-00321","address":"17 Brant Drive","premiseType":"residential"}},{"type":"Feature","id":"LOT-P-00322","geometry":{"type":"Polygon","coordinates":[[[-80.5979878,43.2987065],[-80.5984118,43.2986803],[-80.5984286,43.2988532],[-80.5980041,43.2988744],[-80.5979878,43.2987065]]]},"properties":{"premiseId":"P-00322","address":"21 Brant Drive","premiseType":"residential"}},{"type":"Feature","id":"LOT-P-00323","geometry":{"type":"Polygon","coordinates":[[[-80.5979589,43.2985561],[-80.5983941,43.2985293],[-80.5984035,43.2986091],[-80.5984118,43.2986803],[-80.5979766,43.2987072],[-80.5979589,43.2985561]]]},"properties":{"premiseId":"P-00323","address":"25 Brant Drive","premiseType":"residential"}},{"type":"Feature","id":"LOT-P-00324","geometry":{"type":"Polygon","coordinates":[[[-80.5979622,43.2983842],[-80.5983713,43.2983556],[-80.5983941,43.2985293],[-80.5979847,43.2985546],[-80.5979622,43.2983842]]]},"properties":{"premiseId":"P-00324","address":"29 Brant Drive","premiseType":"residential"}},{"type":"Feature","id":"LOT-P-00325","geometry":{"type":"Polygon","coordinates":[[[-80.5979448,43.2983855],[-80.5979197,43.2982079],[-80.5983458,43.2981758],[-80.5983713,43.2983556],[-80.5979622,43.2983842],[-80.5979448,43.2983855]]]},"properties":{"premiseId":"P-00325","address":"33 Brant Drive","premiseType":"residential"}},{"type":"Feature","id":"LOT-P-00326","geometry":{"type":"Polygon","coordinates":[[[-80.5979108,43.2982086],[-80.5978863,43.2980391],[-80.5983213,43.2980058],[-80.5983458,43.2981758],[-80.5979197,43.2982079],[-80.5979108,43.2982086]]]},"properties":{"premiseId":"P-00326","address":"37 Brant Drive","premiseType":"residential"}},{"type":"Feature","id":"LOT-P-00327","geometry":{"type":"Polygon","coordinates":[[[-80.5982997,43.2978528],[-80.5983183,43.297985],[-80.5983183,43.2979853],[-80.5983213,43.2980058],[-80.5978894,43.2980388],[-80.5978677,43.2978848],[-80.5982997,43.2978528]]]},"properties":{"premiseId":"P-00327","address":"41 Brant Drive","premiseType":"residential"}},{"type":"Feature","id":"LOT-P-00328","geometry":{"type":"Polygon","coordinates":[[[-80.5982786,43.297692],[-80.598293,43.2978047],[-80.5982932,43.2978053],[-80.5982997,43.2978528],[-80.597857,43.2978856],[-80.5978354,43.2977222],[-80.5982786,43.297692]]]},"properties":{"premiseId":"P-00328","address":"45 Brant Drive","premiseType":"residential"}},{"type":"Feature","id":"LOT-P-00329","geometry":{"type":"Polygon","coordinates":[[[-80.5982569,43.2975059],[-80.5982698,43.297624],[-80.59827,43.297625],[-80.5982786,43.297692],[-80.5978444,43.2977215],[-80.5978221,43.2975312],[-80.5982569,43.2975059]]]},"properties":{"premiseId":"P-00329","address":"49 Brant Drive","premiseType":"residential"}},{"type":"Feature","id":"LOT-P-00330","geometry":{"type":"Polygon","coordinates":[[[-80.5982431,43.2973628],[-80.59825,43.2974429],[-80.5982501,43.2974443],[-80.5982569,43.2975059],[-80.5978386,43.2975303],[-80.5978244,43.2973819],[-80.5982431,43.2973628]]]},"properties":{"premiseId":"P-00330","address":"55 Brant Drive","premiseType":"residential"}},{"type":"Feature","id":"LOT-P-00331","geometry":{"type":"Polygon","coordinates":[[[-80.5982292,43.2971753],[-80.5982344,43.2972617],[-80.5982345,43.2972632],[-80.5982431,43.2973628],[-80.5978244,43.2973819],[-80.5978178,43.2973822],[-80.5978036,43.2971886],[-80.5982292,43.2971753]]]},"properties":{"premiseId":"P-00331","address":"59 Brant Drive","premiseType":"residential"}},{"type":"Feature","id":"LOT-P-00332","geometry":{"type":"Polygon","coordinates":[[[-80.5982221,43.2970221],[-80.5982237,43.2970801],[-80.5982238,43.297082],[-80.5982292,43.2971753],[-80.5978128,43.2971883],[-80.5978054,43.2970282],[-80.5982221,43.2970221]]]},"properties":{"premiseId":"P-00332","address":"63 Brant Drive","premiseType":"residential"}},{"type":"Feature","id":"LOT-P-00333","geometry":{"type":"Polygon","coordinates":[[[-80.597813,43.2968392],[-80.598219,43.2968403],[-80.5982187,43.2968986],[-80.5982187,43.2969005],[-80.5982221,43.2970221],[-80.5978161,43.297028],[-80.597813,43.2968392]]]},"properties":{"premiseId":"P-00333","address":"67 Brant Drive","premiseType":"residential"}},{"type":"Feature","id":"LOT-P-00334","geometry":{"type":"Polygon","coordinates":[[[-80.5982211,43.2966765],[-80.5982196,43.296717],[-80.5982196,43.2967189],[-80.598219,43.2968403],[-80.5978236,43.2968393],[-80.5978259,43.2966689],[-80.5982211,43.2966765]]]},"properties":{"premiseId":"P-00334","address":"71 Brant Drive","premiseType":"residential"}},{"type":"Feature","id":"LOT-P-00335","geometry":{"type":"Polygon","coordinates":[[[-80.598228,43.2965222],[-80.5982266,43.2965316],[-80.5982261,43.2965374],[-80.5982211,43.2966765],[-80.5978347,43.2966691],[-80.5978425,43.2965222],[-80.598228,43.2965222]]]},"properties":{"premiseId":"P-00335","address":"75 Brant Drive","premiseType":"residential"}},{"type":"Feature","id":"LOT-P-00336","geometry":{"type":"Polygon","coordinates":[[[-80.5986721,43.2992322],[-80.5986706,43.299195],[-80.5990749,43.2991869],[-80.599076,43.299269],[-80.5990666,43.2993551],[-80.5990771,43.2993557],[-80.5990772,43.2993702],[-80.5986728,43.2993714],[-80.5986721,43.2992341],[-80.5986721,43.2992322]]]},"properties":{"premiseId":"P-00336","address":"10 Brant Drive","premiseType":"residential"}},{"type":"Feature","id":"LOT-P-00337","geometry":{"type":"Polygon","coordinates":[[[-80.5986652,43.2990508],[-80.5986642,43.2990358],[-80.5990788,43.2990209],[-80.5990846,43.2991637],[-80.5990826,43.2991868],[-80.5986706,43.299195],[-80.5986653,43.2990526],[-80.5986652,43.2990508]]]},"properties":{"premiseId":"P-00337","address":"14 Brant Drive","premiseType":"residential"}},{"type":"Feature","id":"LOT-P-00338","geometry":{"type":"Polygon","coordinates":[[[-80.5990898,43.2990206],[-80.5990788,43.2990209],[-80.5986642,43.2990358],[-80.598653,43.2988712],[-80.5986529,43.2988696],[-80.5986512,43.2988528],[-80.5990766,43.2988316],[-80.5990899,43.299019],[-80.5990898,43.2990206]]]},"properties":{"premiseId":"P-00338","address":"18 Brant Drive","premiseType":"residential"}},{"type":"Feature","id":"LOT-P-00339","geometry":{"type":"Polygon","coordinates":[[[-80.5990729,43.2986829],[-80.5990868,43.298831],[-80.5990766,43.2988316],[-80.5986512,43.2988528],[-80.5986495,43.2988344],[-80.5986373,43.2987046],[-80.5990729,43.2986829]]]},"properties":{"premiseId":"P-00339","address":"22 Brant Drive","premiseType":"residential"}},{"type":"Feature","id":"LOT-P-00340","geometry":{"type":"Polygon","coordinates":[[[-80.5986358,43.2986886],[-80.5986177,43.2985332],[-80.5990531,43.2985063],[-80.5990734,43.2986829],[-80.5986373,43.2987046],[-80.5986359,43.2986899],[-80.5986358,43.2986886]]]},"properties":{"premiseId":"P-00340","address":"26 Brant Drive","premiseType":"residential"}},{"type":"Feature","id":"LOT-P-00341","geometry":{"type":"Polygon","coordinates":[[[-80.5990402,43.2985071],[-80.5986177,43.2985332],[-80.5986148,43.298509],[-80.5986147,43.2985081],[-80.5985969,43.2983746],[-80.5990191,43.298345],[-80.5990402,43.2985071]]]},"properties":{"premiseId":"P-00341","address":"30 Brant Drive","premiseType":"residential"}},{"type":"Feature","id":"LOT-P-00342","geometry":{"type":"Polygon","coordinates":[[[-80.5985908,43.2983278],[-80.5985736,43.2982067],[-80.5989991,43.2981746],[-80.5990229,43.2983447],[-80.5990191,43.298345],[-80.5985969,43.2983746],[-80.5985909,43.2983284],[-80.5985908,43.2983278]]]},"properties":{"premiseId":"P-00342","address":"34 Brant Drive","premiseType":"residential"}},{"type":"Feature","id":"LOT-P-00343","geometry":{"type":"Polygon","coordinates":[[[-80.5985736,43.2982067],[-80.5985652,43.2981481],[-80.5985652,43.298148],[-80.5985474,43.2980247],[-80.5989774,43.2979918],[-80.5990035,43.2981743],[-80.5985736,43.2982067]]]},"properties":{"premiseId":"P-00343","address":"38 Brant Drive","premiseType":"residential"}},{"type":"Feature","id":"LOT-P-00344","geometry":{"type":"Polygon","coordinates":[[[-80.5989713,43.2978199],[-80.5989955,43.2979905],[-80.5989774,43.2979918],[-80.5985474,43.2980247],[-80.5985231,43.2978531],[-80.5989713,43.2978199]]]},"properties":{"premiseId":"P-00344","address":"42 Brant Drive","premiseType":"residential"}},{"type":"Feature","id":"LOT-P-00345","geometry":{"type":"Polygon","coordinates":[[[-80.5989624,43.2978205],[-80.5985231,43.2978531],[-80.5985019,43.2976938],[-80.5989416,43.2976639],[-80.5989624,43.2978205]]]},"properties":{"premiseId":"P-00345","address":"46 Brant Drive","premiseType":"residential"}},{"type":"Feature","id":"LOT-P-00346","geometry":{"type":"Polygon","coordinates":[[[-80.5989234,43.2975158],[-80.5989412,43.2976639],[-80.5985019,43.2976938],[-80.5984836,43.2975414],[-80.5989234,43.2975158]]]},"properties":{"premiseId":"P-00346","address":"50 Brant Drive","premiseType":"residential"}},{"type":"Feature","id":"LOT-P-00347","geometry":{"type":"Polygon","coordinates":[[[-80.5989002,43.2973507],[-80.598917,43.2975162],[-80.5984836,43.2975414],[-80.5984663,43.2973704],[-80.5989002,43.2973507]]]},"properties":{"premiseId":"P-00347","address":"54 Brant Drive","premiseType":"residential"}},{"type":"Feature","id":"LOT-P-00348","geometry":{"type":"Polygon","coordinates":[[[-80.5989011,43.2971844],[-80.5989139,43.2973501],[-80.5984663,43.2973704],[-80.598453,43.2971985],[-80.5989011,43.2971844]]]},"properties":{"premiseId":"P-00348","address":"58 Brant Drive","premiseType":"residential"}},{"type":"Feature","id":"LOT-P-00349","geometry":{"type":"Polygon","coordinates":[[[-80.5981484,43.299777],[-80.5981883,43.2999588],[-80.5977511,43.3000084],[-80.5977462,43.2999861],[-80.5977462,43.2999858],[-80.5977116,43.299828],[-80.5981484,43.299777]]]},"properties":{"premiseId":"P-00349","address":"9 Huron Avenue","premiseType":"residential"}},{"type":"Feature","id":"LOT-P-00350","geometry":{"type":"Polygon","coordinates":[[[-80.5977881,43.3001824],[-80.597785,43.3001665],[-80.5977847,43.3001657],[-80.5977511,43.3000084],[-80.5981971,43.2999578],[-80.5982349,43.3001349],[-80.5977881,43.3001824]]]},"properties":{"premiseId":"P-00350","address":"13 Huron Avenue","premiseType":"residential"}},{"type":"Feature","id":"LOT-P-00351","geometry":{"type":"Polygon","coordinates":[[[-80.5978233,43.300359],[-80.5978212,43.3003475],[-80.597821,43.3003462],[-80.5977881,43.3001824],[-80.5982338,43.3001351],[-80.59827,43.3003167],[-80.5978233,43.300359]]]},"properties":{"premiseId":"P-00351","address":"17 Huron Avenue","premiseType":"residential"}},{"type":"Feature","id":"LOT-P-00352","geometry":{"type":"Polygon","coordinates":[[[-80.5982637,43.3004819],[-80.5978521,43.3005209],[-80.5978356,43.3004282],[-80.5978233,43.300359],[-80.5982348,43.3003201],[-80.5982637,43.3004819]]]},"properties":{"premiseId":"P-00352","address":"21 Huron Avenue","premiseType":"residential"}},{"type":"Feature","id":"LOT-P-00353","geometry":{"type":"Polygon","coordinates":[[[-80.5982933,43.3005274],[-80.5982934,43.3005391],[-80.5982951,43.3005392],[-80.5983022,43.3005855],[-80.5982995,43.3006656],[-80.5978791,43.300699],[-80.5978536,43.3005287],[-80.5978533,43.3005271],[-80.5978521,43.3005209],[-80.5982861,43.3004799],[-80.5982933,43.3005274]]]},"properties":{"premiseId":"P-00353","address":"25 Huron Avenue","premiseType":"residential"}},{"type":"Feature","id":"LOT-P-00354","geometry":{"type":"Polygon","coordinates":[[[-80.5982993,43.3006714],[-80.5983024,43.3006715],[-80.5983203,43.3008255],[-80.5978967,43.300851],[-80.5978808,43.3007106],[-80.5978805,43.3007084],[-80.5978791,43.300699],[-80.5982995,43.3006656],[-80.5982993,43.3006714]]]},"properties":{"premiseId":"P-00354","address":"29 Huron Avenue","premiseType":"residential"}},{"type":"Feature","id":"LOT-P-00355","geometry":{"type":"Polygon","coordinates":[[[-80.5983156,43.3009721],[-80.5983082,43.3010273],[-80.5979124,43.3010427],[-80.5979014,43.3008926],[-80.5979011,43.3008902],[-80.5978967,43.300851],[-80.5983037,43.3008265],[-80.5983156,43.3009721]]]},"properties":{"premiseId":"P-00355","address":"33 Huron Avenue","premiseType":"residential"}},{"type":"Feature","id":"LOT-P-00356","geometry":{"type":"Polygon","coordinates":[[[-80.5982964,43.3011166],[-80.5983056,43.3011173],[-80.5983063,43.3011325],[-80.5982959,43.3011971],[-80.5979186,43.3012031],[-80.5979147,43.3010747],[-80.5979146,43.3010722],[-80.5979124,43.3010427],[-80.5983021,43.3010275],[-80.5983035,43.3010632],[-80.5982964,43.3011166]]]},"properties":{"premiseId":"P-00356","address":"37 Huron Avenue","premiseType":"residential"}},{"type":"Feature","id":"LOT-P-00357","geometry":{"type":"Polygon","coordinates":[[[-80.5982923,43.3012196],[-80.5982871,43.3012519],[-80.5982922,43.3012524],[-80.5982922,43.3012975],[-80.5982761,43.3013852],[-80.5979183,43.3013824],[-80.5979202,43.301257],[-80.5979202,43.3012544],[-80.5979186,43.3012031],[-80.5982923,43.3011971],[-80.5982923,43.3012196]]]},"properties":{"premiseId":"P-00357","address":"43 Huron Avenue","premiseType":"residential"}},{"type":"Feature","id":"LOT-P-00358","geometry":{"type":"Polygon","coordinates":[[[-80.598256,43.3015507],[-80.5982666,43.3015518],[-80.5982658,43.3015562],[-80.5979114,43.3015454],[-80.5979174,43.3014393],[-80.5979176,43.3014367],[-80.5979183,43.3013824],[-80.5982761,43.3013852],[-80.5982726,43.3014047],[-80.5982758,43.301405],[-80.5982732,43.3014656],[-80.598256,43.3015507]]]},"properties":{"premiseId":"P-00358","address":"47 Huron Avenue","premiseType":"residential"}},{"type":"Feature","id":"LOT-P-00359","geometry":{"type":"Polygon","coordinates":[[[-80.5982352,43.301699],[-80.5982442,43.3017001],[-80.5982392,43.3017224],[-80.5978986,43.3017043],[-80.5979069,43.3016215],[-80.5979071,43.3016189],[-80.5979114,43.3015454],[-80.5982568,43.301556],[-80.5982513,43.3016233],[-80.5982352,43.301699]]]},"properties":{"premiseId":"P-00359","address":"51 Huron Avenue","premiseType":"residential"}},{"type":"Feature","id":"LOT-P-00360","geometry":{"type":"Polygon","coordinates":[[[-80.5982134,43.3018408],[-80.5982186,43.3018414],[-80.5982157,43.3018659],[-80.5982043,43.3019183],[-80.5978761,43.3018944],[-80.5978887,43.3018032],[-80.5978889,43.3018011],[-80.5978986,43.3017043],[-80.5982327,43.3017221],[-80.5982248,43.3017888],[-80.5982134,43.3018408]]]},"properties":{"premiseId":"P-00360","address":"55 Huron Avenue","premiseType":"residential"}},{"type":"Feature","id":"LOT-P-00361","geometry":{"type":"Polygon","coordinates":[[[-80.5981836,43.3020138],[-80.5981868,43.3020142],[-80.5981823,43.302043],[-80.5981705,43.3020992],[-80.5978493,43.3020704],[-80.5978637,43.3019847],[-80.5978641,43.3019828],[-80.5978761,43.3018944],[-80.5982015,43.301918],[-80.5981947,43.3019627],[-80.5981836,43.3020138]]]},"properties":{"premiseId":"P-00361","address":"59 Huron Avenue","premiseType":"residential"}},{"type":"Feature","id":"LOT-P-00362","geometry":{"type":"Polygon","coordinates":[[[-80.5981606,43.3021461],[-80.5981615,43.3021462],[-80.5981485,43.3022186],[-80.5981399,43.3022621],[-80.5978208,43.3022294],[-80.5978331,43.3021658],[-80.5978334,43.3021644],[-80.5978493,43.3020704],[-80.5981699,43.3020991],[-80.5981664,43.302119],[-80.5981606,43.3021461]]]},"properties":{"premiseId":"P-00362","address":"63 Huron Avenue","premiseType":"residential"}},{"type":"Feature","id":"LOT-P-00363","geometry":{"type":"Polygon","coordinates":[[[-80.5981302,43.3023105],[-80.5981299,43.3023105],[-80.5981214,43.3023575],[-80.5981041,43.3024439],[-80.5977851,43.3024084],[-80.5977982,43.3023464],[-80.5977983,43.3023455],[-80.5978208,43.3022294],[-80.5981399,43.3022621],[-80.5981302,43.3023105]]]},"properties":{"premiseId":"P-00363","address":"67 Huron Avenue","premiseType":"residential"}},{"type":"Feature","id":"LOT-P-00364","geometry":{"type":"Polygon","coordinates":[[[-80.5980988,43.3024651],[-80.5980883,43.3025333],[-80.5980736,43.3026026],[-80.5980716,43.3026024],[-80.5980704,43.302612],[-80.5977497,43.3025747],[-80.5977603,43.3025266],[-80.5977604,43.3025261],[-80.5977851,43.3024084],[-80.5981041,43.3024439],[-80.5981058,43.3024441],[-80.598102,43.3024653],[-80.5980988,43.3024651]]]},"properties":{"premiseId":"P-00364","address":"71 Huron Avenue","premiseType":"residential"}},{"type":"Feature","id":"LOT-P-00365","geometry":{"type":"Polygon","coordinates":[[[-80.597717,43.3027241],[-80.5977497,43.3025747],[-80.5980704,43.302612],[-80.5980604,43.3026901],[-80.5980447,43.3027619],[-80.597717,43.3027241]]]},"properties":{"premiseId":"P-00365","address":"75 Huron Avenue","premiseType":"residential"}},{"type":"Feature","id":"LOT-P-00366","geometry":{"type":"Polygon","coordinates":[[[-80.5970555,43.2999097],[-80.59702,43.2997459],[-80.5970987,43.2997368],[-80.5971675,43.2997372],[-80.5971678,43.2997372],[-80.5972449,43.2997374],[-80.5973903,43.2997381],[-80.5974585,43.2997431],[-80.5974664,43.2997425],[-80.5974681,43.2997428],[-80.5974873,43.2998315],[-80.5974873,43.2998317],[-80.5974933,43.2998588],[-80.5970555,43.2999097]]]},"properties":{"premiseId":"P-00366","address":"6 Huron Avenue","premiseType":"residential"}},{"type":"Feature","id":"LOT-P-00367","geometry":{"type":"Polygon","coordinates":[[[-80.5971156,43.3000779],[-80.5970781,43.2999071],[-80.5974933,43.2998588],[-80.597531,43.3000307],[-80.5971156,43.3000779]]]},"properties":{"premiseId":"P-00367","address":"10 Huron Avenue","premiseType":"residential"}},{"type":"Feature","id":"LOT-P-00368","geometry":{"type":"Polygon","coordinates":[[[-80.5971028,43.3000793],[-80.597531,43.3000307],[-80.5975663,43.3001957],[-80.5971375,43.3002413],[-80.5971028,43.3000793]]]},"properties":{"premiseId":"P-00368","address":"14 Huron Avenue","premiseType":"residential"}},{"type":"Feature","id":"LOT-P-00369","geometry":{"type":"Polygon","coordinates":[[[-80.5971735,43.300425],[-80.597137,43.3002414],[-80.5975663,43.3001957],[-80.5976038,43.3003843],[-80.5971735,43.300425]]]},"properties":{"premiseId":"P-00369","address":"18 Huron Avenue","premiseType":"residential"}},{"type":"Feature","id":"LOT-P-00370","geometry":{"type":"Polygon","coordinates":[[[-80.5971592,43.3004263],[-80.5971735,43.300425],[-80.5976038,43.3003843],[-80.5976323,43.3005445],[-80.5971878,43.3005866],[-80.5971592,43.3004263]]]},"properties":{"premiseId":"P-00370","address":"22 Huron Avenue","premiseType":"residential"}},{"type":"Feature","id":"LOT-P-00371","geometry":{"type":"Polygon","coordinates":[[[-80.5972381,43.3007364],[-80.5972152,43.300584],[-80.5976323,43.3005445],[-80.5976563,43.3007033],[-80.5972381,43.3007364]]]},"properties":{"premiseId":"P-00371","address":"26 Huron Avenue","premiseType":"residential"}},{"type":"Feature","id":"LOT-P-00372","geometry":{"type":"Polygon","coordinates":[[[-80.5972525,43.3009086],[-80.5972324,43.3007369],[-80.5972381,43.3007364],[-80.5976563,43.3007033],[-80.5976774,43.300883],[-80.5972525,43.3009086]]]},"properties":{"premiseId":"P-00372","address":"30 Huron Avenue","premiseType":"residential"}},{"type":"Feature","id":"LOT-P-00373","geometry":{"type":"Polygon","coordinates":[[[-80.597265,43.301059],[-80.5972532,43.3009085],[-80.5976774,43.300883],[-80.5976898,43.3010425],[-80.597265,43.301059]]]},"properties":{"premiseId":"P-00373","address":"34 Huron Avenue","premiseType":"residential"}},{"type":"Feature","id":"LOT-P-00374","geometry":{"type":"Polygon","coordinates":[[[-80.5972641,43.3012299],[-80.5972576,43.3010593],[-80.5976898,43.3010425],[-80.597697,43.301223],[-80.5972641,43.3012299]]]},"properties":{"premiseId":"P-00374","address":"40 Huron Avenue","premiseType":"residential"}},{"type":"Feature","id":"LOT-P-00375","geometry":{"type":"Polygon","coordinates":[[[-80.5972826,43.3013997],[-80.5972837,43.3012295],[-80.597697,43.301223],[-80.5976959,43.301403],[-80.5972826,43.3013997]]]},"properties":{"premiseId":"P-00375","address":"44 Huron Avenue","premiseType":"residential"}},{"type":"Feature","id":"LOT-P-00376","geometry":{"type":"Polygon","coordinates":[[[-80.597257,43.3015657],[-80.5972653,43.3013997],[-80.5976959,43.301403],[-80.597687,43.3015789],[-80.597257,43.3015657]]]},"properties":{"premiseId":"P-00376","address":"48 Huron Avenue","premiseType":"residential"}},{"type":"Feature","id":"LOT-P-00377","geometry":{"type":"Polygon","coordinates":[[[-80.5972586,43.3017031],[-80.597271,43.3015661],[-80.597687,43.3015789],[-80.5976738,43.3017251],[-80.5972586,43.3017031]]]},"properties":{"premiseId":"P-00377","address":"52 Huron Avenue","premiseType":"residential"}},{"type":"Feature","id":"LOT-P-00378","geometry":{"type":"Polygon","coordinates":[[[-80.5972524,43.3018726],[-80.5972734,43.3017038],[-80.5976738,43.3017251],[-80.5976519,43.3019015],[-80.5972524,43.3018726]]]},"properties":{"premiseId":"P-00378","address":"56 Huron Avenue","premiseType":"residential"}},{"type":"Feature","id":"LOT-P-00379","geometry":{"type":"Polygon","coordinates":[[[-80.5972424,43.3020391],[-80.5972683,43.3018737],[-80.5976519,43.3019015],[-80.5976249,43.3020733],[-80.5972424,43.3020391]]]},"properties":{"premiseId":"P-00379","address":"60 Huron Avenue","premiseType":"residential"}},{"type":"Feature","id":"LOT-P-00380","geometry":{"type":"Polygon","coordinates":[[[-80.597227,43.3022072],[-80.5972576,43.3020404],[-80.5976249,43.3020733],[-80.5975934,43.3022448],[-80.597227,43.3022072]]]},"properties":{"premiseId":"P-00380","address":"64 Huron Avenue","premiseType":"residential"}},{"type":"Feature","id":"LOT-P-00381","geometry":{"type":"Polygon","coordinates":[[[-80.5972071,43.3023763],[-80.597241,43.3022087],[-80.5975934,43.3022448],[-80.5975589,43.3024155],[-80.5972071,43.3023763]]]},"properties":{"premiseId":"P-00381","address":"70 Huron Avenue","premiseType":"residential"}},{"type":"Feature","id":"LOT-P-00382","geometry":{"type":"Polygon","coordinates":[[[-80.5971823,43.3025505],[-80.5972194,43.3023777],[-80.5975589,43.3024155],[-80.5975215,43.3025898],[-80.5971823,43.3025505]]]},"properties":{"premiseId":"P-00382","address":"74 Huron Avenue","premiseType":"residential"}},{"type":"Feature","id":"LOT-P-00383","geometry":{"type":"Polygon","coordinates":[[[-80.5974869,43.3027477],[-80.5971573,43.3027097],[-80.5971918,43.3025517],[-80.5975215,43.3025898],[-80.5975015,43.3026808],[-80.5974869,43.3027477]]]},"properties":{"premiseId":"P-00383","address":"78 Huron Avenue","premiseType":"residential"}},{"type":"Feature","id":"LOT-P-00384","geometry":{"type":"Polygon","coordinates":[[[-80.5974869,43.3027477],[-80.5974623,43.3028605],[-80.5974622,43.302861],[-80.5974468,43.3029352],[-80.5971238,43.3028995],[-80.5971643,43.3027105],[-80.5974869,43.3027477]]]},"properties":{"premiseId":"P-00384","address":"82 Huron Avenue","premiseType":"residential"}},{"type":"Feature","id":"LOT-P-00385","geometry":{"type":"Polygon","coordinates":[[[-80.5969434,43.2993997],[-80.5969266,43.2992576],[-80.5973258,43.2992295],[-80.5973431,43.299375],[-80.5969434,43.2993997]]]},"properties":{"premiseId":"P-00385","address":"7 Ironwood Street","premiseType":"residential"}},{"type":"Feature","id":"LOT-P-00386","geometry":{"type":"Polygon","coordinates":[[[-80.5973048,43.2990721],[-80.5973258,43.2992295],[-80.5969189,43.2992582],[-80.5968979,43.2991009],[-80.5973048,43.2990721]]]},"properties":{"premiseId":"P-00386","address":"11 Ironwood Street","premiseType":"residential"}},{"type":"Feature","id":"LOT-P-00387","geometry":{"type":"Polygon","coordinates":[[[-80.5972842,43.2989261],[-80.5973048,43.2990721],[-80.5968979,43.2991009],[-80.5968928,43.2991012],[-80.5968725,43.2989571],[-80.5972842,43.2989261]]]},"properties":{"premiseId":"P-00387","address":"15 Ironwood Street","premiseType":"residential"}},{"type":"Feature","id":"LOT-P-00388","geometry":{"type":"Polygon","coordinates":[[[-80.5968632,43.2989578],[-80.5968405,43.2988004],[-80.5972614,43.2987681],[-80.5972842,43.2989261],[-80.5968725,43.2989571],[-80.5968632,43.2989578]]]},"properties":{"premiseId":"P-00388","address":"19 Ironwood Street","premiseType":"residential"}},{"type":"Feature","id":"LOT-P-00389","geometry":{"type":"Polygon","coordinates":[[[-80.59724,43.2986169],[-80.5972521,43.2987036],[-80.5972521,43.2987039],[-80.5972614,43.2987681],[-80.5968641,43.2987986],[-80.5968425,43.2986462],[-80.59724,43.2986169]]]},"properties":{"premiseId":"P-00389","address":"23 Ironwood Street","premiseType":"residential"}},{"type":"Feature","id":"LOT-P-00390","geometry":{"type":"Polygon","coordinates":[[[-80.5967963,43.298498],[-80.59722,43.2984694],[-80.597227,43.2985233],[-80.5972271,43.298524],[-80.59724,43.2986169],[-80.5968165,43.2986481],[-80.5967963,43.298498]]]},"properties":{"premiseId":"P-00390","address":"27 Ironwood Street","premiseType":"residential"}},{"type":"Feature","id":"LOT-P-00391","geometry":{"type":"Polygon","coordinates":[[[-80.597201,43.2983169],[-80.5972039,43.2983426],[-80.597204,43.2983436],[-80.59722,43.2984694],[-80.5968189,43.2984965],[-80.5967994,43.2983404],[-80.597201,43.2983169]]]},"properties":{"premiseId":"P-00391","address":"31 Ironwood Street","premiseType":"residential"}},{"type":"Feature","id":"LOT-P-00392","geometry":{"type":"Polygon","coordinates":[[[-80.596793,43.2983407],[-80.5967772,43.2981966],[-80.5971852,43.2981727],[-80.5971986,43.2982945],[-80.597201,43.2983169],[-80.5967994,43.2983404],[-80.596793,43.2983407]]]},"properties":{"premiseId":"P-00392","address":"35 Ironwood Street","premiseType":"residential"}},{"type":"Feature","id":"LOT-P-00393","geometry":{"type":"Polygon","coordinates":[[[-80.5971718,43.2980192],[-80.597184,43.2981615],[-80.5971841,43.298163],[-80.5971852,43.2981727],[-80.596781,43.2981963],[-80.596767,43.2980376],[-80.5971718,43.2980192]]]},"properties":{"premiseId":"P-00393","address":"37 Ironwood Street","premiseType":"residential"}},{"type":"Feature","id":"LOT-P-00394","geometry":{"type":"Polygon","coordinates":[[[-80.5979958,43.2993391],[-80.597565,43.2993658],[-80.5975489,43.2992276],[-80.5975487,43.2992266],[-80.5975443,43.2991935],[-80.5979747,43.299163],[-80.5979958,43.2993391]]]},"properties":{"premiseId":"P-00394","address":"10 Ironwood Street","premiseType":"residential"}},{"type":"Feature","id":"LOT-P-00395","geometry":{"type":"Polygon","coordinates":[[[-80.5979627,43.2991639],[-80.5976738,43.2991843],[-80.5975443,43.2991935],[-80.5975248,43.299047],[-80.5975247,43.2990464],[-80.5975217,43.2990251],[-80.5979399,43.2989936],[-80.5979627,43.2991639]]]},"properties":{"premiseId":"P-00395","address":"14 Ironwood Street","premiseType":"residential"}},{"type":"Feature","id":"LOT-P-00396","geometry":{"type":"Polygon","coordinates":[[[-80.5979399,43.2989936],[-80.5975217,43.2990251],[-80.5974991,43.2988668],[-80.5974991,43.2988667],[-80.5974973,43.2988535],[-80.5979416,43.2988193],[-80.5979662,43.2989916],[-80.5979399,43.2989936]]]},"properties":{"premiseId":"P-00396","address":"18 Ironwood Street","premiseType":"residential"}},{"type":"Feature","id":"LOT-P-00397","geometry":{"type":"Polygon","coordinates":[[[-80.5979127,43.2988216],[-80.5974973,43.2988535],[-80.5974726,43.2986838],[-80.5978883,43.2986531],[-80.5979127,43.2988216]]]},"properties":{"premiseId":"P-00397","address":"22 Ironwood Street","premiseType":"residential"}},{"type":"Feature","id":"LOT-P-00398","geometry":{"type":"Polygon","coordinates":[[[-80.5978829,43.2986535],[-80.5974726,43.2986838],[-80.5974516,43.2985333],[-80.5978619,43.298503],[-80.5978829,43.2986535]]]},"properties":{"premiseId":"P-00398","address":"26 Ironwood Street","premiseType":"residential"}},{"type":"Feature","id":"LOT-P-00399","geometry":{"type":"Polygon","coordinates":[[[-80.5978639,43.2983338],[-80.5978856,43.2985013],[-80.5974516,43.2985333],[-80.5974296,43.2983632],[-80.5978639,43.2983338]]]},"properties":{"premiseId":"P-00399","address":"30 Ironwood Street","premiseType":"residential"}},{"type":"Feature","id":"LOT-P-00400","geometry":{"type":"Polygon","coordinates":[[[-80.5978444,43.2981767],[-80.5978623,43.2983339],[-80.5974296,43.2983632],[-80.5974112,43.2982019],[-80.5978444,43.2981767]]]},"properties":{"premiseId":"P-00400","address":"34 Ironwood Street","premiseType":"residential"}},{"type":"Feature","id":"LOT-P-00401","geometry":{"type":"Polygon","coordinates":[[[-80.5978396,43.2980023],[-80.5978557,43.298176],[-80.5974112,43.2982019],[-80.5973947,43.2980225],[-80.5978396,43.2980023]]]},"properties":{"premiseId":"P-00401","address":"38 Ironwood Street","premiseType":"residential"}},{"type":"Feature","id":"LOT-P-00402","geometry":{"type":"Polygon","coordinates":[[[-80.5978024,43.2978412],[-80.597813,43.2980035],[-80.5973947,43.2980225],[-80.5973835,43.2978539],[-80.5978024,43.2978412]]]},"properties":{"premiseId":"P-00402","address":"42 Ironwood Street","premiseType":"residential"}},{"type":"Feature","id":"LOT-P-00403","geometry":{"type":"Polygon","coordinates":[[[-80.5978056,43.2978411],[-80.5978024,43.2978412],[-80.5973835,43.2978539],[-80.5973773,43.297691],[-80.5977997,43.2976851],[-80.5978056,43.2978411]]]},"properties":{"premiseId":"P-00403","address":"46 Ironwood Street","premiseType":"residential"}},{"type":"Feature","id":"LOT-P-00404","geometry":{"type":"Polygon","coordinates":[[[-80.5978156,43.2976848],[-80.5973773,43.297691],[-80.5973758,43.2975312],[-80.5978141,43.2975324],[-80.5978156,43.2976848]]]},"properties":{"premiseId":"P-00404","address":"50 Ironwood Street","premiseType":"residential"}},{"type":"Feature","id":"LOT-P-00405","geometry":{"type":"Polygon","coordinates":[[[-80.5977901,43.2975323],[-80.5973758,43.2975312],[-80.5973793,43.297359],[-80.5977934,43.297367],[-80.5977901,43.2975323]]]},"properties":{"premiseId":"P-00405","address":"54 Ironwood Street","premiseType":"residential"}},{"type":"Feature","id":"LOT-P-00406","geometry":{"type":"Polygon","coordinates":[[[-80.5978052,43.297211],[-80.5978107,43.2972843],[-80.5978066,43.2973673],[-80.5977934,43.297367],[-80.5973793,43.297359],[-80.5973873,43.2971961],[-80.5978052,43.297211]]]},"properties":{"premiseId":"P-00406","address":"58 Ironwood Street","premiseType":"residential"}},{"type":"Feature","id":"LOT-P-00407","geometry":{"type":"Polygon","coordinates":[[[-80.5978067,43.2970574],[-80.5978103,43.2971354],[-80.5978064,43.2971885],[-80.5978036,43.2971886],[-80.597805,43.297207],[-80.5978046,43.297211],[-80.5973873,43.2971961],[-80.5973993,43.2970371],[-80.5978067,43.2970574]]]},"properties":{"premiseId":"P-00407","address":"62 Ironwood Street","premiseType":"residential"}},{"type":"Feature","id":"LOT-P-00408","geometry":{"type":"Polygon","coordinates":[[[-80.5978151,43.296964],[-80.5978086,43.2970281],[-80.5978054,43.2970282],[-80.5978064,43.2970506],[-80.5978057,43.2970574],[-80.5973993,43.2970371],[-80.5974178,43.2968523],[-80.5978136,43.2968767],[-80.5978151,43.296964]]]},"properties":{"premiseId":"P-00408","address":"68 Ironwood Street","premiseType":"residential"}},{"type":"Feature","id":"LOT-P-00409","geometry":{"type":"Polygon","coordinates":[[[-80.5974706,43.2968065],[-80.5977265,43.2968065],[-80.5977265,43.2967252],[-80.597825,43.2967321],[-80.5978242,43.2967911],[-80.5978186,43.2968392],[-80.597813,43.2968392],[-80.5978136,43.2968767],[-80.5974178,43.2968523],[-80.5974353,43.2967048],[-80.5974706,43.2967072],[-80.5974706,43.2968065]]]},"properties":{"premiseId":"P-00409","address":"72 Ironwood Street","premiseType":"residential"}},{"type":"Feature","id":"LOT-P-00410","geometry":{"type":"Polygon","coordinates":[[[-80.5969694,43.300075],[-80.5969929,43.3002183],[-80.5965913,43.3002597],[-80.5965654,43.3001014],[-80.5969694,43.300075]]]},"properties":{"premiseId":"P-00410","address":"15 Linden Trail","premiseType":"residential"}},{"type":"Feature","id":"LOT-P-00411","geometry":{"type":"Polygon","coordinates":[[[-80.5966223,43.300413],[-80.5965913,43.3002597],[-80.59699,43.3002186],[-80.5970201,43.3003683],[-80.5966223,43.300413]]]},"properties":{"premiseId":"P-00411","address":"19 Linden Trail","premiseType":"residential"}},{"type":"Feature","id":"LOT-P-00412","geometry":{"type":"Polygon","coordinates":[[[-80.5970201,43.3003683],[-80.5970358,43.3003666],[-80.5970633,43.3004963],[-80.5966502,43.3005441],[-80.5966223,43.300413],[-80.5970201,43.3003683]]]},"properties":{"premiseId":"P-00412","address":"23 Linden Trail","premiseType":"residential"}},{"type":"Feature","id":"LOT-P-00413","geometry":{"type":"Polygon","coordinates":[[[-80.5966822,43.300691],[-80.5966502,43.3005441],[-80.5970579,43.3004969],[-80.5970899,43.3006438],[-80.5966822,43.300691]]]},"properties":{"premiseId":"P-00413","address":"25 Linden Trail","premiseType":"residential"}},{"type":"Feature","id":"LOT-P-00414","geometry":{"type":"Polygon","coordinates":[[[-80.596715,43.300841],[-80.5966822,43.300691],[-80.5970787,43.3006452],[-80.5971115,43.3007951],[-80.596715,43.300841]]]},"properties":{"premiseId":"P-00414","address":"29 Linden Trail","premiseType":"residential"}},{"type":"Feature","id":"LOT-P-00415","geometry":{"type":"Polygon","coordinates":[[[-80.5967477,43.3009959],[-80.5967246,43.3008848],[-80.5967245,43.3008842],[-80.596715,43.300841],[-80.5971256,43.3007935],[-80.5971588,43.3009507],[-80.5967477,43.3009959]]]},"properties":{"premiseId":"P-00415","address":"33 Linden Trail","premiseType":"residential"}},{"type":"Feature","id":"LOT-P-00416","geometry":{"type":"Polygon","coordinates":[[[-80.5967799,43.3011595],[-80.5967621,43.3010655],[-80.5967619,43.3010645],[-80.5967477,43.3009959],[-80.5971429,43.3009524],[-80.5971759,43.3011197],[-80.5967799,43.3011595]]]},"properties":{"premiseId":"P-00416","address":"37 Linden Trail","premiseType":"residential"}},{"type":"Feature","id":"LOT-P-00417","geometry":{"type":"Polygon","coordinates":[[[-80.5972244,43.301261],[-80.5968046,43.3012973],[-80.5967964,43.3012467],[-80.5967962,43.3012451],[-80.5967799,43.3011595],[-80.5971986,43.3011174],[-80.5972244,43.301261]]]},"properties":{"premiseId":"P-00417","address":"41 Linden Trail","premiseType":"residential"}},{"type":"Feature","id":"LOT-P-00418","geometry":{"type":"Polygon","coordinates":[[[-80.5972376,43.3014342],[-80.5968302,43.301462],[-80.5968259,43.3014283],[-80.5968257,43.3014263],[-80.5968046,43.3012973],[-80.5972109,43.3012622],[-80.5972376,43.3014342]]]},"properties":{"premiseId":"P-00418","address":"45 Linden Trail","premiseType":"residential"}},{"type":"Feature","id":"LOT-P-00419","geometry":{"type":"Polygon","coordinates":[[[-80.5968494,43.3016103],[-80.5968494,43.3016101],[-80.5968491,43.301608],[-80.5968302,43.301462],[-80.5972318,43.3014346],[-80.5972518,43.3015909],[-80.5968494,43.3016103]]]},"properties":{"premiseId":"P-00419","address":"49 Linden Trail","premiseType":"residential"}},{"type":"Feature","id":"LOT-P-00420","geometry":{"type":"Polygon","coordinates":[[[-80.5972586,43.3017031],[-80.5972732,43.3017038],[-80.5972732,43.3017045],[-80.5972705,43.3017262],[-80.5968618,43.301746],[-80.5968494,43.3016103],[-80.5972629,43.3015904],[-80.5972658,43.3016232],[-80.5972586,43.3017031]]]},"properties":{"premiseId":"P-00420","address":"53 Linden Trail","premiseType":"residential"}},{"type":"Feature","id":"LOT-P-00421","geometry":{"type":"Polygon","coordinates":[[[-80.5972524,43.3018726],[-80.5972583,43.301873],[-80.5972597,43.3018933],[-80.5968715,43.3019035],[-80.5968659,43.3017923],[-80.5968658,43.3017898],[-80.5968618,43.301746],[-80.5972493,43.3017272],[-80.5972563,43.3018408],[-80.5972524,43.3018726]]]},"properties":{"premiseId":"P-00421","address":"55 Linden Trail","premiseType":"residential"}},{"type":"Feature","id":"LOT-P-00422","geometry":{"type":"Polygon","coordinates":[[[-80.5972563,43.3019499],[-80.5972424,43.3020391],[-80.5972576,43.3020404],[-80.5972519,43.3020716],[-80.5968754,43.3020727],[-80.5968749,43.3019745],[-80.5968748,43.301972],[-80.5968715,43.3019035],[-80.597255,43.3018935],[-80.5972563,43.3019499]]]},"properties":{"premiseId":"P-00422","address":"59 Linden Trail","premiseType":"residential"}},{"type":"Feature","id":"LOT-P-00423","geometry":{"type":"Polygon","coordinates":[[[-80.597227,43.3022072],[-80.597241,43.3022087],[-80.5972365,43.3022313],[-80.5968732,43.3022236],[-80.5968759,43.3021568],[-80.5968759,43.3021542],[-80.5968754,43.3020727],[-80.5972439,43.3020716],[-80.5972431,43.3021194],[-80.597227,43.3022072]]]},"properties":{"premiseId":"P-00423","address":"63 Linden Trail","premiseType":"residential"}},{"type":"Feature","id":"LOT-P-00424","geometry":{"type":"Polygon","coordinates":[[[-80.5972257,43.3022844],[-80.5972071,43.3023763],[-80.5972194,43.3023777],[-80.5972175,43.3023865],[-80.5968659,43.3023713],[-80.5968685,43.3023389],[-80.5968688,43.3023365],[-80.5968732,43.3022236],[-80.5972283,43.3022311],[-80.5972257,43.3022844]]]},"properties":{"premiseId":"P-00424","address":"67 Linden Trail","premiseType":"residential"}},{"type":"Feature","id":"LOT-P-00425","geometry":{"type":"Polygon","coordinates":[[[-80.597183,43.3025473],[-80.5968531,43.302526],[-80.5968536,43.3025209],[-80.5968538,43.3025186],[-80.5968659,43.3023713],[-80.5972089,43.3023861],[-80.5972035,43.3024519],[-80.597183,43.3025473]]]},"properties":{"premiseId":"P-00425","address":"71 Linden Trail","premiseType":"residential"}},{"type":"Feature","id":"LOT-P-00426","geometry":{"type":"Polygon","coordinates":[[[-80.5971823,43.3025505],[-80.5971859,43.3025509],[-80.5971782,43.3026138],[-80.597164,43.3026789],[-80.596837,43.3026579],[-80.596842,43.3026168],[-80.5968531,43.302526],[-80.597183,43.3025473],[-80.5971823,43.3025505]]]},"properties":{"premiseId":"P-00426","address":"75 Linden Trail","premiseType":"residential"}},{"type":"Feature","id":"LOT-P-00427","geometry":{"type":"Polygon","coordinates":[[[-80.5971573,43.3027097],[-80.5971594,43.3027098],[-80.5971487,43.3027834],[-80.5971355,43.3028449],[-80.5968135,43.3028183],[-80.5968315,43.3027026],[-80.5968317,43.3027006],[-80.596837,43.3026579],[-80.5971639,43.3026789],[-80.5971638,43.3026798],[-80.5971573,43.3027097]]]},"properties":{"premiseId":"P-00427","address":"77 Linden Trail","premiseType":"residential"}},{"type":"Feature","id":"LOT-P-00428","geometry":{"type":"Polygon","coordinates":[[[-80.5963882,43.3003692],[-80.5963884,43.3003702],[-80.5963982,43.3004164],[-80.5959866,43.3004625],[-80.5959579,43.3003194],[-80.5963703,43.3002769],[-80.5963882,43.3003692]]]},"properties":{"premiseId":"P-00428","address":"20 Linden Trail","premiseType":"residential"}},{"type":"Feature","id":"LOT-P-00429","geometry":{"type":"Polygon","coordinates":[[[-80.5959963,43.3004614],[-80.5963982,43.3004164],[-80.5964264,43.3005499],[-80.5964265,43.3005502],[-80.5964313,43.3005724],[-80.5960298,43.3006188],[-80.5959963,43.3004614]]]},"properties":{"premiseId":"P-00429","address":"24 Linden Trail","premiseType":"residential"}},{"type":"Feature","id":"LOT-P-00430","geometry":{"type":"Polygon","coordinates":[[[-80.5960334,43.3006185],[-80.5964313,43.3005724],[-80.5964632,43.3007178],[-80.5960651,43.3007637],[-80.5960334,43.3006185]]]},"properties":{"premiseId":"P-00430","address":"26 Linden Trail","premiseType":"residential"}},{"type":"Feature","id":"LOT-P-00431","geometry":{"type":"Polygon","coordinates":[[[-80.5961072,43.3009144],[-80.596074,43.3007628],[-80.5964632,43.3007178],[-80.5964888,43.3008356],[-80.5964962,43.3008694],[-80.5961072,43.3009144]]]},"properties":{"premiseId":"P-00431","address":"30 Linden Trail","premiseType":"residential"}},{"type":"Feature","id":"LOT-P-00432","geometry":{"type":"Polygon","coordinates":[[[-80.5961231,43.3010531],[-80.5960942,43.3009158],[-80.5961072,43.3009144],[-80.5964962,43.3008694],[-80.5965256,43.3010089],[-80.5961231,43.3010531]]]},"properties":{"premiseId":"P-00432","address":"34 Linden Trail","premiseType":"residential"}},{"type":"Feature","id":"LOT-P-00433","geometry":{"type":"Polygon","coordinates":[[[-80.5961364,43.3010517],[-80.5965256,43.3010089],[-80.5965552,43.3011577],[-80.5961653,43.3011969],[-80.5961364,43.3010517]]]},"properties":{"premiseId":"P-00433","address":"38 Linden Trail","premiseType":"residential"}},{"type":"Feature","id":"LOT-P-00434","geometry":{"type":"Polygon","coordinates":[[[-80.5961695,43.3013501],[-80.5961421,43.3011992],[-80.5961653,43.3011969],[-80.5965552,43.3011577],[-80.5965836,43.3013143],[-80.5961695,43.3013501]]]},"properties":{"premiseId":"P-00434","address":"42 Linden Trail","premiseType":"residential"}},{"type":"Feature","id":"LOT-P-00435","geometry":{"type":"Polygon","coordinates":[[[-80.5961891,43.3015014],[-80.5961653,43.3013504],[-80.5961695,43.3013501],[-80.5965836,43.3013143],[-80.5966086,43.3014727],[-80.5961891,43.3015014]]]},"properties":{"premiseId":"P-00435","address":"46 Linden Trail","premiseType":"residential"}},{"type":"Feature","id":"LOT-P-00436","geometry":{"type":"Polygon","coordinates":[[[-80.5962386,43.301638],[-80.5962207,43.3014992],[-80.5966086,43.3014727],[-80.5966107,43.301489],[-80.5966265,43.3016115],[-80.5962386,43.301638]]]},"properties":{"premiseId":"P-00436","address":"50 Linden Trail","premiseType":"residential"}},{"type":"Feature","id":"LOT-P-00437","geometry":{"type":"Polygon","coordinates":[[[-80.5962374,43.3016381],[-80.5962386,43.301638],[-80.5966265,43.3016115],[-80.5966418,43.3017752],[-80.5962518,43.301794],[-80.5962374,43.3016381]]]},"properties":{"premiseId":"P-00437","address":"54 Linden Trail","premiseType":"residential"}},{"type":"Feature","id":"LOT-P-00438","geometry":{"type":"Polygon","coordinates":[[[-80.5962549,43.3019368],[-80.596247,43.3017943],[-80.5966418,43.3017752],[-80.5966503,43.3019263],[-80.5962549,43.3019368]]]},"properties":{"premiseId":"P-00438","address":"58 Linden Trail","premiseType":"residential"}},{"type":"Feature","id":"LOT-P-00439","geometry":{"type":"Polygon","coordinates":[[[-80.5962511,43.3020739],[-80.5962484,43.3019369],[-80.5962549,43.3019368],[-80.5966503,43.3019263],[-80.5966532,43.3020728],[-80.5962511,43.3020739]]]},"properties":{"premiseId":"P-00439","address":"60 Linden Trail","premiseType":"residential"}},{"type":"Feature","id":"LOT-P-00440","geometry":{"type":"Polygon","coordinates":[[[-80.5962587,43.302224],[-80.5962613,43.3020739],[-80.5966532,43.3020728],[-80.5966506,43.3022323],[-80.5962587,43.302224]]]},"properties":{"premiseId":"P-00440","address":"64 Linden Trail","premiseType":"residential"}},{"type":"Feature","id":"LOT-P-00441","geometry":{"type":"Polygon","coordinates":[[[-80.5962262,43.3023499],[-80.5962326,43.3022235],[-80.5962587,43.302224],[-80.5966506,43.3022323],[-80.5966436,43.3023679],[-80.5962262,43.3023499]]]},"properties":{"premiseId":"P-00441","address":"68 Linden Trail","premiseType":"residential"}},{"type":"Feature","id":"LOT-P-00442","geometry":{"type":"Polygon","coordinates":[[[-80.5965115,43.299734],[-80.5965502,43.2997342],[-80.5966272,43.2997346],[-80.5966274,43.2997346],[-80.5969259,43.299736],[-80.5969448,43.2998954],[-80.5965343,43.2999254],[-80.5965115,43.299734]]]},"properties":{"premiseId":"P-00442","address":"5 Linden Trail","premiseType":"residential"}},{"type":"Feature","id":"LOT-P-00443","geometry":{"type":"Polygon","coordinates":[[[-80.5961169,43.3003031],[-80.5961169,43.300109],[-80.5963337,43.300109],[-80.5963337,43.3002807],[-80.5961169,43.3003031]]]},"properties":{"premiseId":"P-00443","address":"3 Juniper Trail","premiseType":"residential"}},{"type":"Feature","id":"LOT-P-00444","geometry":{"type":"Polygon","coordinates":[[[-80.5959579,43.3003194],[-80.5959762,43.3004108],[-80.5958945,43.3004108],[-80.5958945,43.300109],[-80.5961169,43.300109],[-80.5961169,43.3003031],[-80.5959579,43.3003194]]]},"properties":{"premiseId":"P-00444","address":"7 Juniper Trail","premiseType":"residential"}},{"type":"Feature","id":"LOT-P-00445","geometry":{"type":"Polygon","coordinates":[[[-80.5956633,43.3003988],[-80.5956633,43.300109],[-80.5958945,43.300109],[-80.5958945,43.3003988],[-80.5956633,43.3003988]]]},"properties":{"premiseId":"P-00445","address":"11 Juniper Trail","premiseType":"residential"}},{"type":"Feature","id":"LOT-P-00446","geometry":{"type":"Polygon","coordinates":[[[-80.5956633,43.3004077],[-80.5954557,43.3004077],[-80.5954511,43.3003542],[-80.5954442,43.300186],[-80.5954442,43.300109],[-80.5956633,43.300109],[-80.5956633,43.3003988],[-80.5956633,43.3004077]]]},"properties":{"premiseId":"P-00446","address":"17 Juniper Trail","premiseType":"residential"}},{"type":"Feature","id":"LOT-P-00447","geometry":{"type":"Polygon","coordinates":[[[-80.5958849,43.2998393],[-80.5961047,43.2998393],[-80.5961047,43.2999473],[-80.5958849,43.2999473],[-80.5958849,43.2998393]]]},"properties":{"premiseId":"P-00447","address":"10 Juniper Trail","premiseType":"residential"}},{"type":"Feature","id":"LOT-P-00448","geometry":{"type":"Polygon","coordinates":[[[-80.5958849,43.2998388],[-80.5958849,43.2998393],[-80.5958849,43.2999473],[-80.5956821,43.2999473],[-80.5956821,43.2998388],[-80.5958849,43.2998388]]]},"properties":{"premiseId":"P-00448","address":"12 Juniper Trail","premiseType":"residential"}},{"type":"Feature","id":"LOT-P-00449","geometry":{"type":"Polygon","coordinates":[[[-80.5956821,43.2998381],[-80.5956821,43.2998388],[-80.5956821,43.2999473],[-80.5954468,43.2999473],[-80.595452,43.2998381],[-80.5956821,43.2998381]]]},"properties":{"premiseId":"P-00449","address":"16 Juniper Trail","premiseType":"residential"}},{"type":"Feature","id":"LOT-P-00450","geometry":{"type":"Polygon","coordinates":[[[-80.5967193,43.298458],[-80.5963131,43.2984638],[-80.5963097,43.2983257],[-80.5967161,43.2983271],[-80.5967193,43.298458]]]},"properties":{"premiseId":"P-00450","address":"30 Colborne Crescent","premiseType":"residential"}},{"type":"Feature","id":"LOT-P-00451","geometry":{"type":"Polygon","coordinates":[[[-80.5967311,43.298616],[-80.596321,43.2986283],[-80.5963131,43.2984638],[-80.5967236,43.298458],[-80.5967311,43.298616]]]},"properties":{"premiseId":"P-00451","address":"28 Colborne Crescent","premiseType":"residential"}},{"type":"Feature","id":"LOT-P-00452","geometry":{"type":"Polygon","coordinates":[[[-80.5967416,43.2987603],[-80.5963319,43.2987788],[-80.596321,43.2986283],[-80.596731,43.298616],[-80.5967416,43.2987603]]]},"properties":{"premiseId":"P-00452","address":"24 Colborne Crescent","premiseType":"residential"}},{"type":"Feature","id":"LOT-P-00453","geometry":{"type":"Polygon","coordinates":[[[-80.5963438,43.2989068],[-80.5963319,43.2987788],[-80.5967416,43.2987603],[-80.5967474,43.2987602],[-80.5967587,43.2988828],[-80.5963438,43.2989068]]]},"properties":{"premiseId":"P-00453","address":"20 Colborne Crescent","premiseType":"residential"}},{"type":"Feature","id":"LOT-P-00454","geometry":{"type":"Polygon","coordinates":[[[-80.5963624,43.2990737],[-80.5963438,43.2989068],[-80.5967535,43.298883],[-80.5967717,43.299046],[-80.5963624,43.2990737]]]},"properties":{"premiseId":"P-00454","address":"16 Colborne Crescent","premiseType":"residential"}},{"type":"Feature","id":"LOT-P-00455","geometry":{"type":"Polygon","coordinates":[[[-80.5963795,43.2992066],[-80.5963624,43.2990737],[-80.5967622,43.2990466],[-80.5967793,43.2991795],[-80.5963795,43.2992066]]]},"properties":{"premiseId":"P-00455","address":"12 Colborne Crescent","premiseType":"residential"}},{"type":"Feature","id":"LOT-P-00456","geometry":{"type":"Polygon","coordinates":[[[-80.5968021,43.299178],[-80.5968244,43.2993405],[-80.5964023,43.2993716],[-80.5963795,43.2992066],[-80.5967793,43.2991795],[-80.5968021,43.299178]]]},"properties":{"premiseId":"P-00456","address":"8 Colborne Crescent","premiseType":"residential"}},{"type":"Feature","id":"LOT-P-00457","geometry":{"type":"Polygon","coordinates":[[[-80.5960732,43.2984745],[-80.5960911,43.2984742],[-80.5960922,43.2985174],[-80.5960924,43.2985191],[-80.596098,43.2986192],[-80.5956979,43.2986313],[-80.5956907,43.29848],[-80.5960732,43.2984745]]]},"properties":{"premiseId":"P-00457","address":"27 Colborne Crescent","premiseType":"residential"}},{"type":"Feature","id":"LOT-P-00458","geometry":{"type":"Polygon","coordinates":[[[-80.5961027,43.2987005],[-80.5961099,43.2987843],[-80.5957164,43.298802],[-80.5957042,43.2986311],[-80.596098,43.2986192],[-80.5961026,43.2986988],[-80.5961027,43.2987005]]]},"properties":{"premiseId":"P-00458","address":"23 Colborne Crescent","premiseType":"residential"}},{"type":"Feature","id":"LOT-P-00459","geometry":{"type":"Polygon","coordinates":[[[-80.5956935,43.2988031],[-80.5957164,43.298802],[-80.5961099,43.2987843],[-80.596118,43.2988802],[-80.5961182,43.2988815],[-80.5961235,43.2989302],[-80.5957076,43.2989543],[-80.5956935,43.2988031]]]},"properties":{"premiseId":"P-00459","address":"19 Colborne Crescent","premiseType":"residential"}},{"type":"Feature","id":"LOT-P-00460","geometry":{"type":"Polygon","coordinates":[[[-80.5961235,43.2989302],[-80.5961378,43.2990612],[-80.5961379,43.2990623],[-80.596139,43.299071],[-80.5957424,43.2990978],[-80.5957264,43.2989532],[-80.5961235,43.2989302]]]},"properties":{"premiseId":"P-00460","address":"15 Colborne Crescent","premiseType":"residential"}},{"type":"Feature","id":"LOT-P-00461","geometry":{"type":"Polygon","coordinates":[[[-80.5957301,43.2990986],[-80.5957424,43.2990978],[-80.596139,43.299071],[-80.5961579,43.2992189],[-80.595749,43.2992467],[-80.5957301,43.2990986]]]},"properties":{"premiseId":"P-00461","address":"11 Colborne Crescent","premiseType":"residential"}},{"type":"Feature","id":"LOT-P-00462","geometry":{"type":"Polygon","coordinates":[[[-80.5957723,43.2992451],[-80.5961579,43.2992189],[-80.5961609,43.2992419],[-80.596161,43.2992426],[-80.5961812,43.2993881],[-80.595796,43.2994165],[-80.5957723,43.2992451]]]},"properties":{"premiseId":"P-00462","address":"7 Colborne Crescent","premiseType":"residential"}},{"type":"Feature","id":"LOT-P-00463","geometry":{"type":"Polygon","coordinates":[[[-80.5953449,43.3011663],[-80.5953657,43.3012681],[-80.5953658,43.3012688],[-80.5953736,43.3013047],[-80.5949674,43.3013514],[-80.5949668,43.3013514],[-80.5949375,43.3012104],[-80.5953449,43.3011663]]]},"properties":{"premiseId":"P-00463","address":"42 Fraser Drive","premiseType":"residential"}},{"type":"Feature","id":"LOT-P-00464","geometry":{"type":"Polygon","coordinates":[[[-80.595316,43.3010187],[-80.5953287,43.3010873],[-80.5953289,43.3010885],[-80.5953449,43.3011663],[-80.5949615,43.3012078],[-80.5949318,43.3010563],[-80.595316,43.3010187]]]},"properties":{"premiseId":"P-00464","address":"38 Fraser Drive","premiseType":"residential"}},{"type":"Feature","id":"LOT-P-00465","geometry":{"type":"Polygon","coordinates":[[[-80.5948911,43.3009087],[-80.5952904,43.3008755],[-80.5952952,43.300906],[-80.5952955,43.3009077],[-80.595316,43.3010187],[-80.5949178,43.3010577],[-80.5948911,43.3009087]]]},"properties":{"premiseId":"P-00465","address":"34 Fraser Drive","premiseType":"residential"}},{"type":"Feature","id":"LOT-P-00466","geometry":{"type":"Polygon","coordinates":[[[-80.5948741,43.3007314],[-80.5952644,43.300706],[-80.5952667,43.3007244],[-80.595267,43.3007264],[-80.5952904,43.3008755],[-80.594901,43.3009079],[-80.5948741,43.3007314]]]},"properties":{"premiseId":"P-00466","address":"30 Fraser Drive","premiseType":"residential"}},{"type":"Feature","id":"LOT-P-00467","geometry":{"type":"Polygon","coordinates":[[[-80.5948456,43.3005837],[-80.5952461,43.3005576],[-80.5952644,43.3007055],[-80.5952644,43.300706],[-80.5948638,43.300732],[-80.5948456,43.3005837]]]},"properties":{"premiseId":"P-00467","address":"26 Fraser Drive","premiseType":"residential"}},{"type":"Feature","id":"LOT-P-00468","geometry":{"type":"Polygon","coordinates":[[[-80.5952344,43.3004233],[-80.5952444,43.3005425],[-80.5952446,43.3005447],[-80.5952461,43.3005576],[-80.5948456,43.3005837],[-80.5948369,43.3005843],[-80.5948243,43.3004415],[-80.5952344,43.3004233]]]},"properties":{"premiseId":"P-00468","address":"24 Fraser Drive","premiseType":"residential"}},{"type":"Feature","id":"LOT-P-00469","geometry":{"type":"Polygon","coordinates":[[[-80.5952251,43.3002646],[-80.5952291,43.3003603],[-80.5952293,43.3003628],[-80.5952344,43.3004233],[-80.5948367,43.300441],[-80.5948269,43.3002733],[-80.5952251,43.3002646]]]},"properties":{"premiseId":"P-00469","address":"20 Fraser Drive","premiseType":"residential"}},{"type":"Feature","id":"LOT-P-00470","geometry":{"type":"Polygon","coordinates":[[[-80.5952218,43.3001088],[-80.5952217,43.300178],[-80.5952217,43.3001807],[-80.5952251,43.3002646],[-80.5948426,43.3002729],[-80.5948391,43.3001083],[-80.5952218,43.3001088]]]},"properties":{"premiseId":"P-00470","address":"16 Fraser Drive","premiseType":"residential"}},{"type":"Feature","id":"LOT-P-00471","geometry":{"type":"Polygon","coordinates":[[[-80.5961219,43.3018676],[-80.5957271,43.3019089],[-80.5957023,43.3017837],[-80.5957021,43.3017828],[-80.595701,43.3017774],[-80.5961143,43.3017306],[-80.5961412,43.3018655],[-80.5961219,43.3018676]]]},"properties":{"premiseId":"P-00471","address":"57 Fraser Drive","premiseType":"residential"}},{"type":"Feature","id":"LOT-P-00472","geometry":{"type":"Polygon","coordinates":[[[-80.595701,43.3017774],[-80.595666,43.3016137],[-80.5960625,43.3015689],[-80.5960974,43.3017325],[-80.595701,43.3017774]]]},"properties":{"premiseId":"P-00472","address":"53 Fraser Drive","premiseType":"residential"}},{"type":"Feature","id":"LOT-P-00473","geometry":{"type":"Polygon","coordinates":[[[-80.5960687,43.3015682],[-80.5960625,43.3015689],[-80.595666,43.3016137],[-80.5956637,43.3016031],[-80.5956637,43.3016028],[-80.5956322,43.3014592],[-80.5960346,43.3014125],[-80.5960687,43.3015682]]]},"properties":{"premiseId":"P-00473","address":"49 Fraser Drive","premiseType":"residential"}},{"type":"Feature","id":"LOT-P-00474","geometry":{"type":"Polygon","coordinates":[[[-80.5960493,43.3014108],[-80.5956322,43.3014592],[-80.5956011,43.3013161],[-80.5960182,43.3012681],[-80.5960493,43.3014108]]]},"properties":{"premiseId":"P-00474","address":"45 Fraser Drive","premiseType":"residential"}},{"type":"Feature","id":"LOT-P-00475","geometry":{"type":"Polygon","coordinates":[[[-80.5960127,43.3012688],[-80.5956011,43.3013161],[-80.5955702,43.3011702],[-80.5959825,43.3011255],[-80.5960127,43.3012688]]]},"properties":{"premiseId":"P-00475","address":"41 Fraser Drive","premiseType":"residential"}},{"type":"Feature","id":"LOT-P-00476","geometry":{"type":"Polygon","coordinates":[[[-80.5959372,43.3009722],[-80.5959679,43.3011271],[-80.5955702,43.3011702],[-80.5955388,43.3010112],[-80.5959372,43.3009722]]]},"properties":{"premiseId":"P-00476","address":"37 Fraser Drive","premiseType":"residential"}},{"type":"Feature","id":"LOT-P-00477","geometry":{"type":"Polygon","coordinates":[[[-80.5959275,43.3008241],[-80.5959539,43.3009706],[-80.5959372,43.3009722],[-80.5955388,43.3010112],[-80.5955114,43.3008588],[-80.5959275,43.3008241]]]},"properties":{"premiseId":"P-00477","address":"33 Fraser Drive","premiseType":"residential"}},{"type":"Feature","id":"LOT-P-00478","geometry":{"type":"Polygon","coordinates":[[[-80.5959247,43.3008244],[-80.5955114,43.3008588],[-80.5954903,43.3007246],[-80.5959036,43.3006902],[-80.5959247,43.3008244]]]},"properties":{"premiseId":"P-00478","address":"31 Fraser Drive","premiseType":"residential"}},{"type":"Feature","id":"LOT-P-00479","geometry":{"type":"Polygon","coordinates":[[[-80.5958956,43.3006908],[-80.5954903,43.3007246],[-80.5954711,43.3005726],[-80.5958773,43.3005461],[-80.5958956,43.3006908]]]},"properties":{"premiseId":"P-00479","address":"27 Fraser Drive","premiseType":"residential"}},{"type":"Feature","id":"LOT-P-00480","geometry":{"type":"Polygon","coordinates":[[[-80.5954711,43.3005726],[-80.5954557,43.3004077],[-80.5956633,43.3004077],[-80.5956633,43.3003988],[-80.595848,43.3003988],[-80.5958617,43.3005472],[-80.5954711,43.3005726]]]},"properties":{"premiseId":"P-00480","address":"23 Fraser Drive","premiseType":"residential"}},{"type":"Feature","id":"LOT-P-00481","geometry":{"type":"Polygon","coordinates":[[[-80.6010431,43.3000695],[-80.6008639,43.3000679],[-80.6008688,43.2997479],[-80.6010494,43.2997496],[-80.6010431,43.3000695]]]},"properties":{"premiseId":"P-00481","address":"113 Wheatfield Concession Road","premiseType":"commercial"}},{"type":"Feature","id":"LOT-P-00482","geometry":{"type":"Polygon","coordinates":[[[-80.6010929,43.2992256],[-80.6010805,43.2992261],[-80.6010909,43.2993216],[-80.6010878,43.2994804],[-80.6010287,43.2994798],[-80.6010283,43.2994798],[-80.6009512,43.2994791],[-80.6009509,43.2994791],[-80.6008897,43.2994786],[-80.6008949,43.299146],[-80.6010944,43.2991479],[-80.6010929,43.2992256]]]},"properties":{"premiseId":"P-00482","address":"112 Wheatfield Concession Road","premiseType":"commercial"}},{"type":"Feature","id":"LOT-P-00483","geometry":{"type":"Polygon","coordinates":[[[-80.6008356,43.297007],[-80.6008454,43.2968662],[-80.6012348,43.2968807],[-80.6012482,43.2968812],[-80.6012385,43.2970215],[-80.6008356,43.297007]]]},"properties":{"premiseId":"P-00483","address":"206 Cardinal Concession Road","premiseType":"commercial"}},{"type":"Feature","id":"LOT-P-00484","geometry":{"type":"Polygon","coordinates":[[[-80.6008253,43.2971636],[-80.6008356,43.297007],[-80.6012385,43.2970215],[-80.6012462,43.2970218],[-80.6012358,43.2971775],[-80.6008253,43.2971636]]]},"properties":{"premiseId":"P-00484","address":"202 Cardinal Concession Road","premiseType":"commercial"}},{"type":"Feature","id":"LOT-P-00485","geometry":{"type":"Polygon","coordinates":[[[-80.6008171,43.2972916],[-80.6008253,43.2971636],[-80.6012161,43.2971768],[-80.6012079,43.2973048],[-80.6008171,43.2972916]]]},"properties":{"premiseId":"P-00485","address":"200 Cardinal Concession Road","premiseType":"commercial"}},{"type":"Feature","id":"LOT-P-00486","geometry":{"type":"Polygon","coordinates":[[[-80.6012222,43.2974623],[-80.6008075,43.2974492],[-80.6008171,43.2972916],[-80.6012079,43.2973048],[-80.6012335,43.2973057],[-80.6012247,43.2974492],[-80.6012222,43.2974623]]]},"properties":{"premiseId":"P-00486","address":"196 Cardinal Concession Road","premiseType":"commercial"}},{"type":"Feature","id":"LOT-P-00487","geometry":{"type":"Polygon","coordinates":[[[-80.6011969,43.2975922],[-80.6011937,43.2976091],[-80.6011959,43.2976094],[-80.6011957,43.2976144],[-80.6007985,43.2976029],[-80.6008075,43.2974492],[-80.6012046,43.2974617],[-80.6011969,43.2975922]]]},"properties":{"premiseId":"P-00487","address":"192 Cardinal Concession Road","premiseType":"commercial"}},{"type":"Feature","id":"LOT-P-00488","geometry":{"type":"Polygon","coordinates":[[[-80.6011742,43.2977568],[-80.6011869,43.2977583],[-80.6011866,43.2977646],[-80.6007901,43.2977534],[-80.6007963,43.2976426],[-80.600797,43.2976307],[-80.600797,43.2976305],[-80.6007985,43.2976029],[-80.601195,43.2976144],[-80.6011917,43.2976712],[-80.6011742,43.2977568]]]},"properties":{"premiseId":"P-00488","address":"188 Cardinal Concession Road","premiseType":"commercial"}},{"type":"Feature","id":"LOT-P-00489","geometry":{"type":"Polygon","coordinates":[[[-80.6007831,43.2978884],[-80.6007901,43.2977534],[-80.6011759,43.2977642],[-80.6011689,43.2978988],[-80.6007831,43.2978884]]]},"properties":{"premiseId":"P-00489","address":"184 Cardinal Concession Road","premiseType":"commercial"}},{"type":"Feature","id":"LOT-P-00490","geometry":{"type":"Polygon","coordinates":[[[-80.6011537,43.2979826],[-80.6011394,43.2980573],[-80.6007752,43.298048],[-80.6007831,43.2978884],[-80.6011578,43.2978985],[-80.6011537,43.2979826]]]},"properties":{"premiseId":"P-00490","address":"180 Cardinal Concession Road","premiseType":"commercial"}},{"type":"Feature","id":"LOT-P-00491","geometry":{"type":"Polygon","coordinates":[[[-80.6011304,43.2981041],[-80.6011373,43.2981047],[-80.6011353,43.2981475],[-80.6011271,43.2981969],[-80.6007686,43.2981881],[-80.6007752,43.298048],[-80.6011394,43.2980573],[-80.6011304,43.2981041]]]},"properties":{"premiseId":"P-00491","address":"178 Cardinal Concession Road","premiseType":"commercial"}},{"type":"Feature","id":"LOT-P-00492","geometry":{"type":"Polygon","coordinates":[[[-80.6011142,43.298274],[-80.601121,43.2982745],[-80.6011194,43.2983108],[-80.6011155,43.2983407],[-80.6007623,43.2983329],[-80.6007686,43.2981881],[-80.6011244,43.2981968],[-80.6011234,43.2982194],[-80.6011142,43.298274]]]},"properties":{"premiseId":"P-00492","address":"174 Cardinal Concession Road","premiseType":"commercial"}},{"type":"Feature","id":"LOT-P-00493","geometry":{"type":"Polygon","coordinates":[[[-80.6011084,43.2983927],[-80.6010977,43.2984743],[-80.6011046,43.2984748],[-80.6011027,43.2984948],[-80.6007562,43.2984875],[-80.6007623,43.2983329],[-80.6011105,43.2983406],[-80.6011084,43.2983927]]]},"properties":{"premiseId":"P-00493","address":"170 Cardinal Concession Road","premiseType":"commercial"}},{"type":"Feature","id":"LOT-P-00494","geometry":{"type":"Polygon","coordinates":[[[-80.6010962,43.2985691],[-80.6010899,43.2986393],[-80.6007507,43.298633],[-80.6007562,43.2984875],[-80.6010989,43.2984947],[-80.6010962,43.2985691]]]},"properties":{"premiseId":"P-00494","address":"166 Cardinal Concession Road","premiseType":"commercial"}},{"type":"Feature","id":"LOT-P-00495","geometry":{"type":"Polygon","coordinates":[[[-80.6010899,43.29864],[-80.6010905,43.29864],[-80.6010853,43.2987992],[-80.6007454,43.2987937],[-80.6007486,43.298697],[-80.6007487,43.2986953],[-80.6007487,43.2986951],[-80.6007491,43.2986826],[-80.6007507,43.298633],[-80.6010899,43.2986393],[-80.6010899,43.29864]]]},"properties":{"premiseId":"P-00495","address":"162 Cardinal Concession Road","premiseType":"commercial"}},{"type":"Feature","id":"LOT-P-00496","geometry":{"type":"Polygon","coordinates":[[[-80.6010814,43.2989521],[-80.6007408,43.2989469],[-80.6007454,43.2987937],[-80.6010853,43.2987992],[-80.601086,43.2987993],[-80.6010814,43.2989521]]]},"properties":{"premiseId":"P-00496","address":"158 Cardinal Concession Road","premiseType":"commercial"}},{"type":"Feature","id":"LOT-P-00497","geometry":{"type":"Polygon","coordinates":[[[-80.6010813,43.2990884],[-80.6007373,43.299084],[-80.6007408,43.2989469],[-80.6010849,43.2989521],[-80.6010813,43.2990884]]]},"properties":{"premiseId":"P-00497","address":"154 Cardinal Concession Road","premiseType":"commercial"}},{"type":"Feature","id":"LOT-P-00498","geometry":{"type":"Polygon","coordinates":[[[-80.6010861,43.2991478],[-80.6008949,43.299146],[-80.6008934,43.2992446],[-80.6007338,43.2992429],[-80.6007373,43.299084],[-80.6010873,43.2990885],[-80.6010861,43.2991478]]]},"properties":{"premiseId":"P-00498","address":"152 Cardinal Concession Road","premiseType":"commercial"}},{"type":"Feature","id":"LOT-P-00499","geometry":{"type":"Polygon","coordinates":[[[-80.600117,43.2963877],[-80.6001205,43.2963878],[-80.6005084,43.2964037],[-80.6005057,43.2964386],[-80.6005057,43.2964388],[-80.6005041,43.2964607],[-80.6004974,43.2965489],[-80.6001059,43.2965329],[-80.600117,43.2963877]]]},"properties":{"premiseId":"P-00499","address":"217 Cardinal Concession Road","premiseType":"commercial"}},{"type":"Feature","id":"LOT-P-00500","geometry":{"type":"Polygon","coordinates":[[[-80.6004972,43.2965513],[-80.6004966,43.2965596],[-80.6004906,43.2966403],[-80.6004889,43.2966634],[-80.6004889,43.2966636],[-80.6004866,43.2966968],[-80.6000913,43.2966816],[-80.6001023,43.2965328],[-80.6001059,43.2965329],[-80.6004974,43.2965489],[-80.6004972,43.2965508],[-80.6004972,43.2965513]]]},"properties":{"premiseId":"P-00500","address":"213 Cardinal Concession Road","premiseType":"commercial"}},{"type":"Feature","id":"LOT-P-00501","geometry":{"type":"Polygon","coordinates":[[[-80.6000846,43.2966814],[-80.6004866,43.2966968],[-80.6004848,43.2967197],[-80.6004848,43.2967199],[-80.6004763,43.2968409],[-80.6000743,43.2968259],[-80.6000846,43.2966814]]]},"properties":{"premiseId":"P-00501","address":"209 Cardinal Concession Road","premiseType":"commercial"}},{"type":"Feature","id":"LOT-P-00502","geometry":{"type":"Polygon","coordinates":[[[-80.600473,43.2968886],[-80.6004692,43.2969448],[-80.6004658,43.2969934],[-80.600078,43.2969793],[-80.6000886,43.2968264],[-80.6004763,43.2968409],[-80.600473,43.2968883],[-80.600473,43.2968886]]]},"properties":{"premiseId":"P-00502","address":"205 Cardinal Concession Road","premiseType":"commercial"}},{"type":"Feature","id":"LOT-P-00503","geometry":{"type":"Polygon","coordinates":[[[-80.6000768,43.2969792],[-80.6004658,43.2969934],[-80.6004615,43.297057],[-80.6004615,43.2970572],[-80.6004578,43.2971134],[-80.6004578,43.2971135],[-80.6004557,43.2971466],[-80.6000665,43.2971335],[-80.6000768,43.2969792]]]},"properties":{"premiseId":"P-00503","address":"201 Cardinal Concession Road","premiseType":"commercial"}},{"type":"Feature","id":"LOT-P-00504","geometry":{"type":"Polygon","coordinates":[[[-80.6004471,43.2972822],[-80.6004462,43.2972946],[-80.6000304,43.2972811],[-80.6000397,43.2971326],[-80.6004557,43.2971466],[-80.6004471,43.297282],[-80.6004471,43.2972822]]]},"properties":{"premiseId":"P-00504","address":"199 Cardinal Concession Road","premiseType":"commercial"}},{"type":"Feature","id":"LOT-P-00505","geometry":{"type":"Polygon","coordinates":[[[-80.60044,43.2973947],[-80.6004372,43.2974435],[-80.6000449,43.2974312],[-80.6000457,43.2974311],[-80.6000316,43.2973335],[-80.6000348,43.2972813],[-80.6004462,43.2972946],[-80.6004402,43.2973945],[-80.60044,43.2973947]]]},"properties":{"premiseId":"P-00505","address":"195 Cardinal Concession Road","premiseType":"commercial"}},{"type":"Feature","id":"LOT-P-00506","geometry":{"type":"Polygon","coordinates":[[[-80.6004334,43.297507],[-80.60043,43.2975632],[-80.60043,43.2975636],[-80.6004284,43.2975923],[-80.6000374,43.2975809],[-80.6000349,43.297563],[-80.6000423,43.2975624],[-80.6000359,43.2975177],[-80.600041,43.2974315],[-80.6000449,43.2974312],[-80.6004372,43.2974435],[-80.6004367,43.2974509],[-80.6004334,43.297507]]]},"properties":{"premiseId":"P-00506","address":"191 Cardinal Concession Road","premiseType":"commercial"}},{"type":"Feature","id":"LOT-P-00507","geometry":{"type":"Polygon","coordinates":[[[-80.6004237,43.2976757],[-80.6004237,43.2976759],[-80.6004207,43.297732],[-80.6004207,43.2977322],[-80.6004197,43.2977502],[-80.6000433,43.2977397],[-80.6000423,43.2977307],[-80.6000573,43.2977296],[-80.6000446,43.2976347],[-80.6000475,43.2975812],[-80.6004284,43.2975923],[-80.6004265,43.2976284],[-80.6004237,43.2976757]]]},"properties":{"premiseId":"P-00507","address":"187 Cardinal Concession Road","premiseType":"commercial"}},{"type":"Feature","id":"LOT-P-00508","geometry":{"type":"Polygon","coordinates":[[[-80.6000662,43.2981879],[-80.6000658,43.2981833],[-80.6003981,43.2981912],[-80.6003935,43.2982946],[-80.6003935,43.2982947],[-80.6003923,43.2983246],[-80.600065,43.2983175],[-80.6000602,43.2982446],[-80.6000627,43.298188],[-80.6000662,43.2981879]]]},"properties":{"premiseId":"P-00508","address":"173 Cardinal Concession Road","premiseType":"commercial"}},{"type":"Feature","id":"LOT-P-00509","geometry":{"type":"Polygon","coordinates":[[[-80.600066,43.2983315],[-80.600065,43.2983175],[-80.6003923,43.2983246],[-80.6003888,43.298407],[-80.6003888,43.2984075],[-80.6003867,43.2984635],[-80.6003859,43.2984846],[-80.6000642,43.2984779],[-80.6000612,43.2983962],[-80.6000637,43.2983315],[-80.600066,43.2983315]]]},"properties":{"premiseId":"P-00509","address":"169 Cardinal Concession Road","premiseType":"commercial"}},{"type":"Feature","id":"LOT-P-00510","geometry":{"type":"Polygon","coordinates":[[[-80.6000642,43.2984807],[-80.6000642,43.2984779],[-80.6003859,43.2984846],[-80.6003845,43.2985196],[-80.6003845,43.2985198],[-80.6003824,43.2985759],[-80.6003823,43.2985762],[-80.6003803,43.2986323],[-80.6003803,43.2986325],[-80.60038,43.2986427],[-80.600061,43.2986371],[-80.6000602,43.2985632],[-80.6000632,43.2984807],[-80.6000642,43.2984807]]]},"properties":{"premiseId":"P-00510","address":"165 Cardinal Concession Road","premiseType":"commercial"}},{"type":"Feature","id":"LOT-P-00511","geometry":{"type":"Polygon","coordinates":[[[-80.6003765,43.2987446],[-80.6003765,43.298745],[-80.6003756,43.2987745],[-80.6000564,43.2987693],[-80.6000568,43.2987475],[-80.6000602,43.2986416],[-80.6000611,43.2986416],[-80.600061,43.2986371],[-80.60038,43.2986427],[-80.6003781,43.2987001],[-80.6003765,43.2987446]]]},"properties":{"premiseId":"P-00511","address":"161 Cardinal Concession Road","premiseType":"commercial"}},{"type":"Feature","id":"LOT-P-00512","geometry":{"type":"Polygon","coordinates":[[[-80.600373,43.2988575],[-80.6003714,43.2989137],[-80.6003712,43.2989247],[-80.6000518,43.2989199],[-80.6000544,43.2988326],[-80.6000557,43.2988033],[-80.6000559,43.2988034],[-80.6000564,43.2987693],[-80.6000642,43.2987695],[-80.6003756,43.2987745],[-80.600373,43.2988573],[-80.600373,43.2988575]]]},"properties":{"premiseId":"P-00512","address":"157 Cardinal Concession Road","premiseType":"commercial"}},{"type":"Feature","id":"LOT-P-00513","geometry":{"type":"Polygon","coordinates":[[[-80.6000516,43.2989494],[-80.6000496,43.2989493],[-80.6000509,43.2989199],[-80.6000518,43.2989199],[-80.6003712,43.2989247],[-80.6003698,43.2989698],[-80.6003698,43.29897],[-80.6003683,43.2990261],[-80.6003683,43.2990264],[-80.6003672,43.2990735],[-80.6000462,43.2990693],[-80.6000479,43.299008],[-80.6000516,43.2989494]]]},"properties":{"premiseId":"P-00513","address":"155 Cardinal Concession Road","premiseType":"commercial"}},{"type":"Feature","id":"LOT-P-00514","geometry":{"type":"Polygon","coordinates":[[[-80.6003656,43.2991387],[-80.6003656,43.2991389],[-80.6003644,43.299195],[-80.6003644,43.2991952],[-80.6003635,43.2992389],[-80.6000386,43.2992354],[-80.60004,43.2991703],[-80.6000455,43.2991061],[-80.6000416,43.2991059],[-80.6000439,43.2990693],[-80.6003672,43.2990735],[-80.600367,43.2990826],[-80.6003656,43.2991387]]]},"properties":{"premiseId":"P-00514","address":"151 Cardinal Concession Road","premiseType":"commercial"}},{"type":"Feature","id":"LOT-P-00515","geometry":{"type":"Polygon","coordinates":[[[-80.6000312,43.2993237],[-80.600039,43.2992519],[-80.600033,43.2992516],[-80.6000344,43.2992354],[-80.6000386,43.2992354],[-80.6003635,43.2992389],[-80.6003633,43.2992513],[-80.6003622,43.2993075],[-80.6003622,43.2993078],[-80.6003612,43.2993639],[-80.6003612,43.2993641],[-80.600361,43.2993753],[-80.6000304,43.2993726],[-80.6000312,43.2993237]]]},"properties":{"premiseId":"P-00515","address":"147 Cardinal Concession Road","premiseType":"commercial"}},{"type":"Feature","id":"LOT-P-00516","geometry":{"type":"Polygon","coordinates":[[[-80.600356,43.3028718],[-80.6003562,43.302959],[-80.6003562,43.3029593],[-80.6003565,43.3030155],[-80.6003566,43.3030414],[-80.6000136,43.3030422],[-80.6000132,43.3030422],[-80.600002,43.3029478],[-80.6000017,43.3028722],[-80.600356,43.3028718]]]},"properties":{"premiseId":"P-00516","address":"57 Cardinal Concession Road","premiseType":"commercial"}},{"type":"Feature","id":"LOT-P-00517","geometry":{"type":"Polygon","coordinates":[[[-80.5999937,43.3027786],[-80.5999935,43.3027057],[-80.6003555,43.3027053],[-80.6003556,43.3027345],[-80.6003556,43.3027347],[-80.6003557,43.3027496],[-80.600356,43.3028718],[-80.6000011,43.3028722],[-80.5999937,43.3027786]]]},"properties":{"premiseId":"P-00517","address":"61 Cardinal Concession Road","premiseType":"commercial"}},{"type":"Feature","id":"LOT-P-00518","geometry":{"type":"Polygon","coordinates":[[[-80.599989,43.3027057],[-80.599989,43.3026964],[-80.5999916,43.3026963],[-80.5999888,43.3026206],[-80.5999886,43.3025509],[-80.6003552,43.3025509],[-80.6003552,43.3025658],[-80.6003552,43.302566],[-80.6003555,43.3026783],[-80.6003555,43.3027053],[-80.5999935,43.3027057],[-80.599989,43.3027057]]]},"properties":{"premiseId":"P-00518","address":"65 Cardinal Concession Road","premiseType":"commercial"}},{"type":"Feature","id":"LOT-P-00519","geometry":{"type":"Polygon","coordinates":[[[-80.5999874,43.3025509],[-80.5999878,43.3023794],[-80.599987,43.3023794],[-80.599987,43.3023697],[-80.600355,43.3023697],[-80.600355,43.3023974],[-80.600355,43.3023976],[-80.6003551,43.3024428],[-80.6003552,43.3025509],[-80.5999886,43.3025509],[-80.5999874,43.3025509]]]},"properties":{"premiseId":"P-00519","address":"69 Cardinal Concession Road","premiseType":"commercial"}},{"type":"Feature","id":"LOT-P-00520","geometry":{"type":"Polygon","coordinates":[[[-80.5999891,43.3023108],[-80.5999931,43.3022248],[-80.599989,43.3022248],[-80.599989,43.3022151],[-80.6003549,43.3022147],[-80.6003549,43.3022464],[-80.6003549,43.3022851],[-80.6003549,43.3022853],[-80.600355,43.3023176],[-80.600355,43.3023697],[-80.5999891,43.3023697],[-80.5999891,43.3023108]]]},"properties":{"premiseId":"P-00520","address":"73 Cardinal Concession Road","premiseType":"commercial"}},{"type":"Feature","id":"LOT-P-00521","geometry":{"type":"Polygon","coordinates":[[[-80.5999942,43.3021512],[-80.6000022,43.3020592],[-80.5999942,43.3020587],[-80.5999942,43.3020569],[-80.5999954,43.3020464],[-80.6003547,43.302046],[-80.6003547,43.3020899],[-80.6003547,43.3021728],[-80.6003547,43.302173],[-80.6003549,43.3022147],[-80.5999943,43.3022151],[-80.5999942,43.3021512]]]},"properties":{"premiseId":"P-00521","address":"77 Cardinal Concession Road","premiseType":"commercial"}},{"type":"Feature","id":"LOT-P-00522","geometry":{"type":"Polygon","coordinates":[[[-80.6000138,43.3018973],[-80.6000033,43.3018965],[-80.6000033,43.3018902],[-80.6000074,43.3018644],[-80.6003546,43.3018644],[-80.6003546,43.3020044],[-80.6003546,43.3020046],[-80.6003547,43.302046],[-80.6000033,43.3020464],[-80.6000033,43.3019823],[-80.6000138,43.3018973]]]},"properties":{"premiseId":"P-00522","address":"81 Cardinal Concession Road","premiseType":"commercial"}},{"type":"Feature","id":"LOT-P-00523","geometry":{"type":"Polygon","coordinates":[[[-80.6000147,43.3018174],[-80.60003,43.301719],[-80.6000167,43.3017178],[-80.6000168,43.3017169],[-80.6003546,43.3017169],[-80.6003546,43.3018644],[-80.6000147,43.3018644],[-80.6000147,43.3018174]]]},"properties":{"premiseId":"P-00523","address":"85 Cardinal Concession Road","premiseType":"commercial"}},{"type":"Feature","id":"LOT-P-00524","geometry":{"type":"Polygon","coordinates":[[[-80.6000439,43.3015685],[-80.6000289,43.3015669],[-80.6000336,43.3015436],[-80.6003546,43.3015439],[-80.6003546,43.3015551],[-80.6003546,43.3015552],[-80.6003546,43.3017169],[-80.6000281,43.3017169],[-80.6000281,43.3016549],[-80.6000439,43.3015685]]]},"properties":{"premiseId":"P-00524","address":"89 Cardinal Concession Road","premiseType":"commercial"}},{"type":"Feature","id":"LOT-P-00525","geometry":{"type":"Polygon","coordinates":[[[-80.6000452,43.3014865],[-80.6000631,43.3013971],[-80.6000452,43.3013951],[-80.6000516,43.3013654],[-80.6003547,43.3013654],[-80.6003546,43.3015439],[-80.6000451,43.3015436],[-80.6000452,43.3014865]]]},"properties":{"premiseId":"P-00525","address":"93 Cardinal Concession Road","premiseType":"commercial"}},{"type":"Feature","id":"LOT-P-00526","geometry":{"type":"Polygon","coordinates":[[[-80.6003547,43.3012745],[-80.6003547,43.3013654],[-80.6000636,43.3013654],[-80.6000636,43.3013091],[-80.6000836,43.3012157],[-80.6000653,43.3012136],[-80.6000701,43.3011919],[-80.6003549,43.3011919],[-80.6003549,43.301231],[-80.6003547,43.3012743],[-80.6003547,43.3012745]]]},"properties":{"premiseId":"P-00526","address":"97 Cardinal Concession Road","premiseType":"commercial"}},{"type":"Feature","id":"LOT-P-00527","geometry":{"type":"Polygon","coordinates":[[[-80.6003549,43.3011061],[-80.6003549,43.3011919],[-80.6000812,43.3011919],[-80.6000813,43.3011404],[-80.6001007,43.3010517],[-80.6000829,43.3010496],[-80.6000846,43.3010425],[-80.600355,43.3010425],[-80.600355,43.3010543],[-80.6003549,43.3011059],[-80.6003549,43.3011061]]]},"properties":{"premiseId":"P-00527","address":"101 Cardinal Concession Road","premiseType":"commercial"}},{"type":"Feature","id":"LOT-P-00528","geometry":{"type":"Polygon","coordinates":[[[-80.600355,43.3009377],[-80.600355,43.3010425],[-80.6000992,43.3010425],[-80.6000994,43.3009794],[-80.6001191,43.3008946],[-80.6000994,43.3008918],[-80.6000994,43.3008626],[-80.6003551,43.3008626],[-80.6003551,43.30089],[-80.600355,43.3009375],[-80.600355,43.3009377]]]},"properties":{"premiseId":"P-00528","address":"105 Cardinal Concession Road","premiseType":"commercial"}},{"type":"Feature","id":"LOT-P-00529","geometry":{"type":"Polygon","coordinates":[[[-80.6003551,43.3007692],[-80.6003551,43.3008626],[-80.6001213,43.3008626],[-80.6001215,43.3007036],[-80.6001249,43.3006855],[-80.6003552,43.3006855],[-80.6003552,43.3007257],[-80.6003551,43.300769],[-80.6003551,43.3007692]]]},"properties":{"premiseId":"P-00529","address":"111 Cardinal Concession Road","premiseType":"commercial"}},{"type":"Feature","id":"LOT-P-00530","geometry":{"type":"Polygon","coordinates":[[[-80.6001474,43.3005673],[-80.600134,43.3005661],[-80.600134,43.300566],[-80.6001385,43.3005393],[-80.6003552,43.3005395],[-80.6003552,43.3005445],[-80.6003552,43.3005446],[-80.6003552,43.3006855],[-80.600134,43.3006855],[-80.600134,43.3006372],[-80.6001474,43.3005673]]]},"properties":{"premiseId":"P-00530","address":"115 Cardinal Concession Road","premiseType":"commercial"}},{"type":"Feature","id":"LOT-P-00531","geometry":{"type":"Polygon","coordinates":[[[-80.600159,43.3004152],[-80.6001485,43.3004143],[-80.6001485,43.3004082],[-80.6001555,43.3003578],[-80.6003554,43.3003578],[-80.6003552,43.3005395],[-80.6001484,43.3005393],[-80.6001485,43.3004789],[-80.600159,43.3004152]]]},"properties":{"premiseId":"P-00531","address":"119 Cardinal Concession Road","premiseType":"commercial"}},{"type":"Feature","id":"LOT-P-00532","geometry":{"type":"Polygon","coordinates":[[[-80.6003554,43.3003201],[-80.6003554,43.3003578],[-80.600161,43.3003578],[-80.6001611,43.3003188],[-80.600167,43.3002764],[-80.6001611,43.3002761],[-80.6001611,43.3002499],[-80.6001668,43.3002016],[-80.6003555,43.3002016],[-80.6003554,43.3002987],[-80.6003554,43.3003199],[-80.6003554,43.3003201]]]},"properties":{"premiseId":"P-00532","address":"123 Cardinal Concession Road","premiseType":"commercial"}},{"type":"Feature","id":"LOT-P-00533","geometry":{"type":"Polygon","coordinates":[[[-80.6001743,43.3001365],[-80.6001705,43.3001364],[-80.6001705,43.3000935],[-80.6001754,43.3000371],[-80.6003555,43.3000374],[-80.6003555,43.3000392],[-80.6003555,43.3000393],[-80.6003555,43.3002016],[-80.6001705,43.3002016],[-80.6001705,43.3001693],[-80.6001743,43.3001365]]]},"properties":{"premiseId":"P-00533","address":"127 Cardinal Concession Road","premiseType":"commercial"}},{"type":"Feature","id":"LOT-P-00534","geometry":{"type":"Polygon","coordinates":[[[-80.6001775,43.3000125],[-80.6001801,43.2999817],[-80.6001775,43.2999817],[-80.6001776,43.2999268],[-80.6001818,43.2998495],[-80.600356,43.2998499],[-80.6003559,43.2998705],[-80.6003559,43.2998707],[-80.6003557,43.2999269],[-80.6003556,43.299983],[-80.6003555,43.3000374],[-80.6001774,43.3000371],[-80.6001775,43.3000125]]]},"properties":{"premiseId":"P-00534","address":"131 Cardinal Concession Road","premiseType":"commercial"}},{"type":"Feature","id":"LOT-P-00535","geometry":{"type":"Polygon","coordinates":[[[-80.6010481,43.3029098],[-80.6010481,43.3029116],[-80.6010347,43.3029128],[-80.6010483,43.3029926],[-80.6010486,43.303037],[-80.6007269,43.3030377],[-80.6007264,43.3028916],[-80.601045,43.3028912],[-80.6010481,43.3029098]]]},"properties":{"premiseId":"P-00535","address":"58 Cardinal Concession Road","premiseType":"commercial"}},{"type":"Feature","id":"LOT-P-00536","geometry":{"type":"Polygon","coordinates":[[[-80.6010335,43.3027413],[-80.6010203,43.3027425],[-80.6010341,43.3028259],[-80.6010344,43.3028912],[-80.6010036,43.3028913],[-80.6007264,43.3028916],[-80.6007263,43.3028464],[-80.6007262,43.3027902],[-80.6007262,43.30279],[-80.6007259,43.3027461],[-80.6007258,43.3027059],[-80.6010281,43.3027055],[-80.6010335,43.3027413]]]},"properties":{"premiseId":"P-00536","address":"62 Cardinal Concession Road","premiseType":"commercial"}},{"type":"Feature","id":"LOT-P-00537","geometry":{"type":"Polygon","coordinates":[[[-80.6010198,43.3025673],[-80.6010198,43.302577],[-80.6010083,43.3025779],[-80.60102,43.3026536],[-80.60102,43.3027055],[-80.6007258,43.3027059],[-80.6007255,43.3025446],[-80.6010167,43.3025446],[-80.6010198,43.3025673]]]},"properties":{"premiseId":"P-00537","address":"66 Cardinal Concession Road","premiseType":"commercial"}},{"type":"Feature","id":"LOT-P-00538","geometry":{"type":"Polygon","coordinates":[[[-80.6010083,43.3024819],[-80.6010083,43.3025446],[-80.6007255,43.3025446],[-80.6007255,43.3025097],[-80.6007255,43.3025095],[-80.6007254,43.3024534],[-80.6007253,43.3024208],[-80.6007253,43.302388],[-80.6009956,43.302388],[-80.6010083,43.3024819]]]},"properties":{"premiseId":"P-00538","address":"70 Cardinal Concession Road","premiseType":"commercial"}},{"type":"Feature","id":"LOT-P-00539","geometry":{"type":"Polygon","coordinates":[[[-80.6007252,43.3022288],[-80.6007252,43.3022116],[-80.6009956,43.3022113],[-80.6009971,43.3022292],[-80.6009893,43.3022297],[-80.6009978,43.3023088],[-80.6009978,43.3023865],[-80.6009954,43.3023865],[-80.6009956,43.302388],[-80.6007253,43.302388],[-80.6007253,43.3023413],[-80.6007253,43.3023411],[-80.6007252,43.3023078],[-80.6007252,43.3022531],[-80.6007252,43.302229],[-80.6007252,43.3022288]]]},"properties":{"premiseId":"P-00539","address":"74 Cardinal Concession Road","premiseType":"commercial"}},{"type":"Feature","id":"LOT-P-00540","geometry":{"type":"Polygon","coordinates":[[[-80.600725,43.3020604],[-80.600725,43.302053],[-80.600983,43.3020527],[-80.6009896,43.3021352],[-80.6009897,43.3022113],[-80.6007252,43.3022116],[-80.600725,43.3020784],[-80.600725,43.3020605],[-80.600725,43.3020604]]]},"properties":{"premiseId":"P-00540","address":"78 Cardinal Concession Road","premiseType":"commercial"}},{"type":"Feature","id":"LOT-P-00541","geometry":{"type":"Polygon","coordinates":[[[-80.600983,43.301873],[-80.6009831,43.3018819],[-80.6009807,43.301882],[-80.600984,43.3019551],[-80.600984,43.3020504],[-80.6009829,43.3020504],[-80.600983,43.3020527],[-80.600725,43.302053],[-80.6007249,43.301873],[-80.600983,43.301873]]]},"properties":{"premiseId":"P-00541","address":"82 Cardinal Concession Road","premiseType":"commercial"}},{"type":"Feature","id":"LOT-P-00542","geometry":{"type":"Polygon","coordinates":[[[-80.6009806,43.3017153],[-80.600981,43.3017153],[-80.6009813,43.3017361],[-80.6009813,43.301873],[-80.6007249,43.301873],[-80.6007249,43.3017042],[-80.6009808,43.3017042],[-80.6009806,43.3017153]]]},"properties":{"premiseId":"P-00542","address":"86 Cardinal Concession Road","premiseType":"commercial"}},{"type":"Feature","id":"LOT-P-00543","geometry":{"type":"Polygon","coordinates":[[[-80.6009819,43.3016569],[-80.6009808,43.3017042],[-80.6007249,43.3017042],[-80.6007249,43.3015476],[-80.6009819,43.301548],[-80.6009819,43.3016569]]]},"properties":{"premiseId":"P-00543","address":"90 Cardinal Concession Road","premiseType":"commercial"}},{"type":"Feature","id":"LOT-P-00544","geometry":{"type":"Polygon","coordinates":[[[-80.600725,43.3014991],[-80.600725,43.3013598],[-80.6009857,43.3013598],[-80.6009856,43.3014544],[-80.6009808,43.3015342],[-80.6009847,43.3015343],[-80.6009845,43.301548],[-80.6009819,43.301548],[-80.6007249,43.3015476],[-80.600725,43.3014993],[-80.600725,43.3014991]]]},"properties":{"premiseId":"P-00544","address":"94 Cardinal Concession Road","premiseType":"commercial"}},{"type":"Feature","id":"LOT-P-00545","geometry":{"type":"Polygon","coordinates":[[[-80.6007252,43.3012184],[-80.6007252,43.301201],[-80.6009925,43.301201],[-80.6009925,43.3012676],[-80.6009854,43.3013432],[-80.6009924,43.3013435],[-80.6009924,43.301344],[-80.6009914,43.3013598],[-80.6009857,43.3013598],[-80.600725,43.3013598],[-80.6007252,43.3012281],[-80.6007252,43.3012186],[-80.6007252,43.3012184]]]},"properties":{"premiseId":"P-00545","address":"98 Cardinal Concession Road","premiseType":"commercial"}},{"type":"Feature","id":"LOT-P-00546","geometry":{"type":"Polygon","coordinates":[[[-80.6007253,43.3010499],[-80.6007253,43.3010482],[-80.601001,43.3010482],[-80.601001,43.3011012],[-80.6009926,43.3011707],[-80.6010009,43.3011712],[-80.6010009,43.3011782],[-80.6009988,43.301201],[-80.6009925,43.301201],[-80.6007252,43.301201],[-80.6007253,43.3010511],[-80.6007253,43.3010501],[-80.6007253,43.3010499]]]},"properties":{"premiseId":"P-00546","address":"102 Cardinal Concession Road","premiseType":"commercial"}},{"type":"Feature","id":"LOT-P-00547","geometry":{"type":"Polygon","coordinates":[[[-80.6007254,43.3008815],[-80.6007254,43.3008618],[-80.6010123,43.3008618],[-80.6010123,43.3009329],[-80.6010012,43.3010104],[-80.6010119,43.3010112],[-80.6010075,43.3010482],[-80.601001,43.3010482],[-80.6007253,43.3010482],[-80.6007254,43.3008901],[-80.6007254,43.3008817],[-80.6007254,43.3008815]]]},"properties":{"premiseId":"P-00547","address":"106 Cardinal Concession Road","premiseType":"commercial"}},{"type":"Feature","id":"LOT-P-00548","geometry":{"type":"Polygon","coordinates":[[[-80.6007255,43.3007131],[-80.6007255,43.3006972],[-80.6010257,43.3006972],[-80.6010256,43.3007603],[-80.6010117,43.3008485],[-80.6010241,43.3008495],[-80.6010224,43.3008618],[-80.6010123,43.3008618],[-80.6007254,43.3008618],[-80.6007255,43.3007214],[-80.6007255,43.3007133],[-80.6007255,43.3007131]]]},"properties":{"premiseId":"P-00548","address":"112 Cardinal Concession Road","premiseType":"commercial"}},{"type":"Feature","id":"LOT-P-00549","geometry":{"type":"Polygon","coordinates":[[[-80.6010397,43.3005876],[-80.6010239,43.3006809],[-80.6010381,43.3006822],[-80.6010357,43.3006972],[-80.6010257,43.3006972],[-80.6007255,43.3006972],[-80.6007255,43.3005233],[-80.6010397,43.3005236],[-80.6010397,43.3005876]]]},"properties":{"premiseId":"P-00549","address":"116 Cardinal Concession Road","premiseType":"commercial"}},{"type":"Feature","id":"LOT-P-00550","geometry":{"type":"Polygon","coordinates":[[[-80.6007257,43.3004885],[-80.6007257,43.3003694],[-80.6010536,43.3003694],[-80.6010536,43.3004159],[-80.6010386,43.3005039],[-80.6010535,43.3005052],[-80.6010535,43.3005053],[-80.6010504,43.3005236],[-80.6010397,43.3005236],[-80.6007255,43.3005233],[-80.6007257,43.3004887],[-80.6007257,43.3004885]]]},"properties":{"premiseId":"P-00550","address":"120 Cardinal Concession Road","premiseType":"commercial"}},{"type":"Feature","id":"LOT-P-00551","geometry":{"type":"Polygon","coordinates":[[[-80.6007258,43.3002639],[-80.6007258,43.3002037],[-80.6010671,43.3002037],[-80.6010671,43.3002514],[-80.601055,43.3003249],[-80.601067,43.300326],[-80.601067,43.3003374],[-80.6010615,43.3003694],[-80.6010536,43.3003694],[-80.6007257,43.3003694],[-80.6007257,43.3002949],[-80.6007258,43.3002641],[-80.6007258,43.3002639]]]},"properties":{"premiseId":"P-00551","address":"124 Cardinal Concession Road","premiseType":"commercial"}},{"type":"Feature","id":"LOT-P-00552","geometry":{"type":"Polygon","coordinates":[[[-80.6008639,43.3000679],[-80.6010431,43.3000695],[-80.601044,43.3000283],[-80.6010805,43.3000284],[-80.6010805,43.3000852],[-80.6010688,43.3001643],[-80.6010805,43.3001654],[-80.6010805,43.3001689],[-80.6010749,43.3002037],[-80.6010671,43.3002037],[-80.6007258,43.3002037],[-80.6007258,43.3000279],[-80.6008645,43.3000281],[-80.6008639,43.3000679]]]},"properties":{"premiseId":"P-00552","address":"128 Cardinal Concession Road","premiseType":"commercial"}},{"type":"Feature","id":"LOT-P-00553","geometry":{"type":"Polygon","coordinates":[[[-80.5993467,43.2999574],[-80.599354,43.2998211],[-80.599783,43.2998332],[-80.5997758,43.2999695],[-80.5993467,43.2999574]]]},"properties":{"premiseId":"P-00553","address":"8 Wentworth Street","premiseType":"commercial"}},{"type":"Feature","id":"LOT-P-00554","geometry":{"type":"Polygon","coordinates":[[[-80.5993464,43.30009],[-80.599358,43.2999577],[-80.5997758,43.2999695],[-80.5997635,43.3001109],[-80.5993464,43.30009]]]},"properties":{"premiseId":"P-00554","address":"12 Wentworth Street","premiseType":"commercial"}},{"type":"Feature","id":"LOT-P-00555","geometry":{"type":"Polygon","coordinates":[[[-80.5993601,43.3000907],[-80.5997635,43.3001109],[-80.5997451,43.3002678],[-80.5993426,43.3002395],[-80.5993601,43.3000907]]]},"properties":{"premiseId":"P-00555","address":"16 Wentworth Street","premiseType":"commercial"}},{"type":"Feature","id":"LOT-P-00556","geometry":{"type":"Polygon","coordinates":[[[-80.5993379,43.3003629],[-80.5993556,43.3002404],[-80.5997451,43.3002678],[-80.5997263,43.3003969],[-80.5993379,43.3003629]]]},"properties":{"premiseId":"P-00556","address":"20 Wentworth Street","premiseType":"commercial"}},{"type":"Feature","id":"LOT-P-00557","geometry":{"type":"Polygon","coordinates":[[[-80.5993285,43.3004931],[-80.5993499,43.300364],[-80.5997263,43.3003969],[-80.5997041,43.3005311],[-80.5993285,43.3004931]]]},"properties":{"premiseId":"P-00557","address":"22 Wentworth Street","premiseType":"commercial"}},{"type":"Feature","id":"LOT-P-00558","geometry":{"type":"Polygon","coordinates":[[[-80.5990666,43.2993551],[-80.5990833,43.2992019],[-80.5994866,43.2992204],[-80.5994695,43.2993785],[-80.5990666,43.2993551]]]},"properties":{"premiseId":"P-00558","address":"7 Barley Drive","premiseType":"commercial"}},{"type":"Feature","id":"LOT-P-00559","geometry":{"type":"Polygon","coordinates":[[[-80.5990931,43.2990654],[-80.5994985,43.299084],[-80.5994912,43.2991677],[-80.5994866,43.2992204],[-80.5990814,43.2992019],[-80.5990931,43.2990654]]]},"properties":{"premiseId":"P-00559","address":"11 Barley Drive","premiseType":"commercial"}},{"type":"Feature","id":"LOT-P-00560","geometry":{"type":"Polygon","coordinates":[[[-80.5995085,43.2989278],[-80.5994985,43.299084],[-80.5990931,43.2990654],[-80.599087,43.2990651],[-80.5990965,43.2989152],[-80.5995085,43.2989278]]]},"properties":{"premiseId":"P-00560","address":"15 Barley Drive","premiseType":"commercial"}},{"type":"Feature","id":"LOT-P-00561","geometry":{"type":"Polygon","coordinates":[[[-80.5997075,43.2992409],[-80.5997076,43.2992396],[-80.5997078,43.2992367],[-80.600039,43.2992519],[-80.6000226,43.2994026],[-80.5996918,43.2993834],[-80.5997075,43.2992409]]]},"properties":{"premiseId":"P-00561","address":"8 Barley Drive","premiseType":"commercial"}},{"type":"Feature","id":"LOT-P-00562","geometry":{"type":"Polygon","coordinates":[[[-80.6000455,43.2991061],[-80.600033,43.2992516],[-80.5997078,43.2992367],[-80.5997186,43.2991134],[-80.5997204,43.2990912],[-80.6000455,43.2991061]]]},"properties":{"premiseId":"P-00562","address":"12 Barley Drive","premiseType":"commercial"}},{"type":"Feature","id":"LOT-P-00563","geometry":{"type":"Polygon","coordinates":[[[-80.5980193,43.2991866],[-80.59803,43.2991864],[-80.5980327,43.299364],[-80.5980512,43.299364],[-80.5980505,43.2994711],[-80.5978639,43.2994704],[-80.5978588,43.2994704],[-80.5978595,43.2993476],[-80.5979958,43.2993391],[-80.5979747,43.299163],[-80.5979627,43.2991639],[-80.5979622,43.2991601],[-80.5980182,43.2991603],[-80.5980193,43.2991866]]]},"properties":{"premiseId":"P-00563","address":"168 Wheatfield Concession Road","premiseType":"commercial"}},{"type":"Feature","id":"LOT-P-00564","geometry":{"type":"Polygon","coordinates":[[[-80.5968244,43.2993405],[-80.5968041,43.2991929],[-80.5968044,43.2991565],[-80.5969054,43.2991569],[-80.5969189,43.2992582],[-80.5969266,43.2992576],[-80.5969434,43.2993997],[-80.5970999,43.29939],[-80.5970992,43.2994673],[-80.5970928,43.2994673],[-80.5970156,43.2994669],[-80.5968017,43.299466],[-80.5968028,43.2993421],[-80.5968244,43.2993405]]]},"properties":{"premiseId":"P-00564","address":"186 Wheatfield Concession Road","premiseType":"commercial"}},{"type":"Feature","id":"LOT-P-00565","geometry":{"type":"Polygon","coordinates":[[[-80.5961047,43.2998398],[-80.5961047,43.2998393],[-80.5960157,43.2998393],[-80.595904,43.2998388],[-80.5959052,43.2997309],[-80.5959329,43.299731],[-80.59601,43.2997315],[-80.5960103,43.2997315],[-80.5960555,43.2997317],[-80.5961611,43.2997323],[-80.5961599,43.2998401],[-80.5961047,43.2998398]]]},"properties":{"premiseId":"P-00565","address":"201 Wheatfield Concession Road","premiseType":"commercial"}},{"type":"Feature","id":"LOT-P-00566","geometry":{"type":"Polygon","coordinates":[[[-80.5958956,43.2998393],[-80.5958849,43.2998393],[-80.5958849,43.2998388],[-80.5957899,43.2998388],[-80.5956821,43.2998382],[-80.5956821,43.2998381],[-80.5956789,43.2998381],[-80.5956776,43.2998381],[-80.5956789,43.2997296],[-80.5957014,43.2997298],[-80.5957786,43.2997302],[-80.5957788,43.2997302],[-80.5958304,43.2997305],[-80.5959052,43.2997309],[-80.595904,43.2998393],[-80.5958956,43.2998393]]]},"properties":{"premiseId":"P-00566","address":"205 Wheatfield Concession Road","premiseType":"commercial"}},{"type":"Feature","id":"LOT-P-00567","geometry":{"type":"Polygon","coordinates":[[[-80.6008099,43.304397],[-80.6008145,43.3047743],[-80.6012341,43.3047716],[-80.6012296,43.3043943],[-80.6008099,43.304397]]]},"properties":{"premiseId":"P-00567","address":"16 Cardinal Concession Road","premiseType":"utility"}},{"type":"Feature","id":"LOT-P-00568","geometry":{"type":"Polygon","coordinates":[[[-80.6057161,43.3005414],[-80.6068261,43.300575],[-80.606862,43.2999467],[-80.6057521,43.2999131],[-80.6057161,43.3005414]]]},"properties":{"premiseId":"P-00568","address":"15 Wheatfield Concession Road","premiseType":"utility"}},{"type":"Feature","id":"LOT-P-00569","geometry":{"type":"Polygon","coordinates":[[[-80.6005938,43.2945757],[-80.6007069,43.2933208],[-80.5994752,43.293262],[-80.5993621,43.2945169],[-80.6005938,43.2945757]]]},"properties":{"premiseId":"P-00569","address":"259 Cardinal Concession Road","premiseType":"industrial"}},{"type":"Feature","id":"LOT-P-00570","geometry":{"type":"Polygon","coordinates":[[[-80.5916079,43.2993787],[-80.5933359,43.2993878],[-80.5933448,43.2984895],[-80.5916168,43.2984804],[-80.5916079,43.2993787]]]},"properties":{"premiseId":"P-00570","address":"246 Wheatfield Concession Road","premiseType":"industrial"}}]}