{"type":"FeatureCollection","name":"water_services","crs_note":"EPSG:4326","features":[{"type":"Feature","id":"water-E605","geometry":{"type":"LineString","coordinates":[[-80.6048828,43.2997355],[-80.6048828,43.2998613],[-80.6048581,43.2998703]]},"properties":{"kind":"service","tier":"service","placement":"underground","from":"water-T-55","to":"water-N-P-00001","lengthM":16.24,"sizeMm":19,"diameterIn":0.75,"nominalLabel":"3/4\" copper","depthM":1.7,"zone":0}},{"type":"Feature","id":"water-E606","geometry":{"type":"LineString","coordinates":[[-80.6046595,43.2997355],[-80.6046595,43.2998613],[-80.6046348,43.2998703]]},"properties":{"kind":"service","tier":"service","placement":"underground","from":"water-T-56","to":"water-N-P-00002","lengthM":16.24,"sizeMm":25,"diameterIn":0.98,"nominalLabel":"1\" copper","depthM":1.7,"zone":0}},{"type":"Feature","id":"water-E607","geometry":{"type":"LineString","coordinates":[[-80.6049397,43.299378],[-80.6047666,43.2993738],[-80.6047551,43.2993556]]},"properties":{"kind":"service","tier":"service","placement":"underground","from":"water-T-57","to":"water-N-P-00003","lengthM":16.27,"sizeMm":19,"diameterIn":0.75,"nominalLabel":"3/4\" copper","depthM":1.7,"zone":0}},{"type":"Feature","id":"water-E608","geometry":{"type":"LineString","coordinates":[[-80.6049443,43.2992128],[-80.6047709,43.2992135],[-80.6047585,43.2991956]]},"properties":{"kind":"service","tier":"service","placement":"underground","from":"water-T-58","to":"water-N-P-00004","lengthM":16.29,"sizeMm":19,"diameterIn":0.75,"nominalLabel":"3/4\" copper","depthM":1.7,"zone":0}},{"type":"Feature","id":"water-E609","geometry":{"type":"LineString","coordinates":[[-80.6049412,43.2990512],[-80.6047672,43.2990567],[-80.6047541,43.299039]]},"properties":{"kind":"service","tier":"service","placement":"underground","from":"water-T-59","to":"water-N-P-00005","lengthM":16.34,"sizeMm":25,"diameterIn":0.98,"nominalLabel":"1\" copper","depthM":1.7,"zone":0}},{"type":"Feature","id":"water-E610","geometry":{"type":"LineString","coordinates":[[-80.6049304,43.2988864],[-80.6047566,43.2988963],[-80.6047427,43.298879]]},"properties":{"kind":"service","tier":"service","placement":"underground","from":"water-T-60","to":"water-N-P-00006","lengthM":16.36,"sizeMm":19,"diameterIn":0.75,"nominalLabel":"3/4\" copper","depthM":1.7,"zone":0}},{"type":"Feature","id":"water-E611","geometry":{"type":"LineString","coordinates":[[-80.6049136,43.2987316],[-80.6047399,43.2987417],[-80.6047253,43.2987246]]},"properties":{"kind":"service","tier":"service","placement":"underground","from":"water-T-61","to":"water-N-P-00007","lengthM":16.35,"sizeMm":19,"diameterIn":0.75,"nominalLabel":"3/4\" copper","depthM":1.7,"zone":0}},{"type":"Feature","id":"water-E612","geometry":{"type":"LineString","coordinates":[[-80.6048888,43.298564],[-80.604716,43.2985778],[-80.6047008,43.298561]]},"properties":{"kind":"service","tier":"service","placement":"underground","from":"water-T-62","to":"water-N-P-00008","lengthM":16.32,"sizeMm":25,"diameterIn":0.98,"nominalLabel":"1\" copper","depthM":1.7,"zone":0}},{"type":"Feature","id":"water-E613","geometry":{"type":"LineString","coordinates":[[-80.6048591,43.2983967],[-80.6046874,43.2984132],[-80.6046719,43.2983966]]},"properties":{"kind":"service","tier":"service","placement":"underground","from":"water-T-63","to":"water-N-P-00009","lengthM":16.27,"sizeMm":25,"diameterIn":0.98,"nominalLabel":"1\" copper","depthM":1.7,"zone":0}},{"type":"Feature","id":"water-E614","geometry":{"type":"LineString","coordinates":[[-80.6048288,43.298242],[-80.6046578,43.2982601],[-80.604642,43.2982436]]},"properties":{"kind":"service","tier":"service","placement":"underground","from":"water-T-64","to":"water-N-P-00010","lengthM":16.24,"sizeMm":25,"diameterIn":0.98,"nominalLabel":"1\" copper","depthM":1.7,"zone":0}},{"type":"Feature","id":"water-E615","geometry":{"type":"LineString","coordinates":[[-80.6047976,43.2980889],[-80.6046267,43.2981075],[-80.6046109,43.2980911]]},"properties":{"kind":"service","tier":"service","placement":"underground","from":"water-T-65","to":"water-N-P-00011","lengthM":16.24,"sizeMm":25,"diameterIn":0.98,"nominalLabel":"1\" copper","depthM":1.7,"zone":0}},{"type":"Feature","id":"water-E616","geometry":{"type":"LineString","coordinates":[[-80.6047101,43.3014214],[-80.6045373,43.301434],[-80.6045227,43.301417]]},"properties":{"kind":"service","tier":"service","placement":"underground","from":"water-T-66","to":"water-N-P-00012","lengthM":16.31,"sizeMm":19,"diameterIn":0.75,"nominalLabel":"3/4\" copper","depthM":1.7,"zone":0}},{"type":"Feature","id":"water-E617","geometry":{"type":"LineString","coordinates":[[-80.604688,43.3012618],[-80.6045154,43.3012745],[-80.6045005,43.3012576]]},"properties":{"kind":"service","tier":"service","placement":"underground","from":"water-T-67","to":"water-N-P-00013","lengthM":16.3,"sizeMm":19,"diameterIn":0.75,"nominalLabel":"3/4\" copper","depthM":1.7,"zone":0}},{"type":"Feature","id":"water-E618","geometry":{"type":"LineString","coordinates":[[-80.6046639,43.3011082],[-80.604492,43.3011226],[-80.6044769,43.3011058]]},"properties":{"kind":"service","tier":"service","placement":"underground","from":"water-T-68","to":"water-N-P-00014","lengthM":16.25,"sizeMm":19,"diameterIn":0.75,"nominalLabel":"3/4\" copper","depthM":1.7,"zone":0}},{"type":"Feature","id":"water-E619","geometry":{"type":"LineString","coordinates":[[-80.6046401,43.3009648],[-80.6044686,43.3009801],[-80.6044533,43.3009634]]},"properties":{"kind":"service","tier":"service","placement":"underground","from":"water-T-69","to":"water-N-P-00015","lengthM":16.24,"sizeMm":25,"diameterIn":0.98,"nominalLabel":"1\" copper","depthM":1.7,"zone":0}},{"type":"Feature","id":"water-E620","geometry":{"type":"LineString","coordinates":[[-80.6046156,43.3008204],[-80.6044441,43.300836],[-80.6044288,43.3008192]]},"properties":{"kind":"service","tier":"service","placement":"underground","from":"water-T-70","to":"water-N-P-00016","lengthM":16.24,"sizeMm":25,"diameterIn":0.98,"nominalLabel":"1\" copper","depthM":1.7,"zone":0}},{"type":"Feature","id":"water-E621","geometry":{"type":"LineString","coordinates":[[-80.6045898,43.3006675],[-80.6044183,43.3006824],[-80.6044031,43.3006656]]},"properties":{"kind":"service","tier":"service","placement":"underground","from":"water-T-71","to":"water-N-P-00017","lengthM":16.23,"sizeMm":19,"diameterIn":0.75,"nominalLabel":"3/4\" copper","depthM":1.7,"zone":0}},{"type":"Feature","id":"water-E622","geometry":{"type":"LineString","coordinates":[[-80.6045654,43.3005173],[-80.604394,43.3005308],[-80.604379,43.3005139]]},"properties":{"kind":"service","tier":"service","placement":"underground","from":"water-T-72","to":"water-N-P-00018","lengthM":16.2,"sizeMm":25,"diameterIn":0.98,"nominalLabel":"1\" copper","depthM":1.7,"zone":0}},{"type":"Feature","id":"water-E623","geometry":{"type":"LineString","coordinates":[[-80.6045442,43.3003741],[-80.604373,43.3003876],[-80.6043582,43.3003706]]},"properties":{"kind":"service","tier":"service","placement":"underground","from":"water-T-73","to":"water-N-P-00019","lengthM":16.18,"sizeMm":25,"diameterIn":0.98,"nominalLabel":"1\" copper","depthM":1.7,"zone":0}},{"type":"Feature","id":"water-E624","geometry":{"type":"LineString","coordinates":[[-80.6045243,43.300219],[-80.6043528,43.3002304],[-80.6043384,43.3002133]]},"properties":{"kind":"service","tier":"service","placement":"underground","from":"water-T-74","to":"water-N-P-00020","lengthM":16.19,"sizeMm":19,"diameterIn":0.75,"nominalLabel":"3/4\" copper","depthM":1.7,"zone":0}},{"type":"Feature","id":"water-E625","geometry":{"type":"LineString","coordinates":[[-80.6045092,43.3000735],[-80.6043368,43.3000822],[-80.6043227,43.3000649]]},"properties":{"kind":"service","tier":"service","placement":"underground","from":"water-T-75","to":"water-N-P-00021","lengthM":16.24,"sizeMm":19,"diameterIn":0.75,"nominalLabel":"3/4\" copper","depthM":1.7,"zone":0}},{"type":"Feature","id":"water-E626","geometry":{"type":"LineString","coordinates":[[-80.604498,43.2999322],[-80.6043255,43.2999378],[-80.6043121,43.2999203]]},"properties":{"kind":"service","tier":"service","placement":"underground","from":"water-T-76","to":"water-N-P-00022","lengthM":16.22,"sizeMm":25,"diameterIn":0.98,"nominalLabel":"1\" copper","depthM":1.7,"zone":0}},{"type":"Feature","id":"water-E627","geometry":{"type":"LineString","coordinates":[[-80.6046183,43.3008363],[-80.6046795,43.3008307],[-80.6046887,43.3008118]]},"properties":{"kind":"service","tier":"service","placement":"underground","from":"water-T-77","to":"water-N-P-00023","lengthM":7.23,"sizeMm":19,"diameterIn":0.75,"nominalLabel":"3/4\" copper","depthM":1.7,"zone":0}},{"type":"Feature","id":"water-E628","geometry":{"type":"LineString","coordinates":[[-80.6045929,43.3006867],[-80.6046543,43.3006814],[-80.6046636,43.3006624]]},"properties":{"kind":"service","tier":"service","placement":"underground","from":"water-T-78","to":"water-N-P-00024","lengthM":7.25,"sizeMm":19,"diameterIn":0.75,"nominalLabel":"3/4\" copper","depthM":1.7,"zone":0}},{"type":"Feature","id":"water-E629","geometry":{"type":"LineString","coordinates":[[-80.6045676,43.3005322],[-80.6046296,43.3005273],[-80.6046391,43.3005084]]},"properties":{"kind":"service","tier":"service","placement":"underground","from":"water-T-79","to":"water-N-P-00025","lengthM":7.28,"sizeMm":25,"diameterIn":0.98,"nominalLabel":"1\" copper","depthM":1.7,"zone":0}},{"type":"Feature","id":"water-E630","geometry":{"type":"LineString","coordinates":[[-80.6045457,43.3003843],[-80.6046075,43.3003794],[-80.6046172,43.3003606]]},"properties":{"kind":"service","tier":"service","placement":"underground","from":"water-T-80","to":"water-N-P-00026","lengthM":7.27,"sizeMm":19,"diameterIn":0.75,"nominalLabel":"3/4\" copper","depthM":1.7,"zone":0}},{"type":"Feature","id":"water-E631","geometry":{"type":"LineString","coordinates":[[-80.6045268,43.3002389],[-80.6045885,43.3002348],[-80.6045986,43.3002161]]},"properties":{"kind":"service","tier":"service","placement":"underground","from":"water-T-81","to":"water-N-P-00027","lengthM":7.26,"sizeMm":19,"diameterIn":0.75,"nominalLabel":"3/4\" copper","depthM":1.7,"zone":0}},{"type":"Feature","id":"water-E632","geometry":{"type":"LineString","coordinates":[[-80.6038911,43.2993643],[-80.6037191,43.2993761],[-80.6037045,43.2993591]]},"properties":{"kind":"service","tier":"service","placement":"underground","from":"water-T-82","to":"water-N-P-00028","lengthM":16.24,"sizeMm":19,"diameterIn":0.75,"nominalLabel":"3/4\" copper","depthM":1.7,"zone":0}},{"type":"Feature","id":"water-E633","geometry":{"type":"LineString","coordinates":[[-80.6038709,43.29922],[-80.6036987,43.2992351],[-80.6036836,43.2992183]]},"properties":{"kind":"service","tier":"service","placement":"underground","from":"water-T-83","to":"water-N-P-00029","lengthM":16.29,"sizeMm":25,"diameterIn":0.98,"nominalLabel":"1\" copper","depthM":1.7,"zone":0}},{"type":"Feature","id":"water-E634","geometry":{"type":"LineString","coordinates":[[-80.6038444,43.2990634],[-80.6036725,43.2990808],[-80.603657,43.2990642]]},"properties":{"kind":"service","tier":"service","placement":"underground","from":"water-T-84","to":"water-N-P-00030","lengthM":16.3,"sizeMm":19,"diameterIn":0.75,"nominalLabel":"3/4\" copper","depthM":1.7,"zone":0}},{"type":"Feature","id":"water-E635","geometry":{"type":"LineString","coordinates":[[-80.6038155,43.2989127],[-80.603644,43.2989301],[-80.6036283,43.2989136]]},"properties":{"kind":"service","tier":"service","placement":"underground","from":"water-T-85","to":"water-N-P-00031","lengthM":16.27,"sizeMm":19,"diameterIn":0.75,"nominalLabel":"3/4\" copper","depthM":1.7,"zone":0}},{"type":"Feature","id":"water-E636","geometry":{"type":"LineString","coordinates":[[-80.6037863,43.2987692],[-80.6036154,43.2987877],[-80.6035995,43.2987712]]},"properties":{"kind":"service","tier":"service","placement":"underground","from":"water-T-86","to":"water-N-P-00032","lengthM":16.24,"sizeMm":19,"diameterIn":0.75,"nominalLabel":"3/4\" copper","depthM":1.7,"zone":0}},{"type":"Feature","id":"water-E637","geometry":{"type":"LineString","coordinates":[[-80.6037566,43.2986236],[-80.6035856,43.2986421],[-80.6035698,43.2986256]]},"properties":{"kind":"service","tier":"service","placement":"underground","from":"water-T-87","to":"water-N-P-00033","lengthM":16.24,"sizeMm":19,"diameterIn":0.75,"nominalLabel":"3/4\" copper","depthM":1.7,"zone":0}},{"type":"Feature","id":"water-E638","geometry":{"type":"LineString","coordinates":[[-80.6037274,43.2984759],[-80.6035562,43.2984931],[-80.6035406,43.2984765]]},"properties":{"kind":"service","tier":"service","placement":"underground","from":"water-T-88","to":"water-N-P-00034","lengthM":16.23,"sizeMm":25,"diameterIn":0.98,"nominalLabel":"1\" copper","depthM":1.7,"zone":0}},{"type":"Feature","id":"water-E639","geometry":{"type":"LineString","coordinates":[[-80.6036998,43.298325],[-80.6035287,43.2983398],[-80.6035134,43.2983231]]},"properties":{"kind":"service","tier":"service","placement":"underground","from":"water-T-89","to":"water-N-P-00035","lengthM":16.19,"sizeMm":19,"diameterIn":0.75,"nominalLabel":"3/4\" copper","depthM":1.7,"zone":0}},{"type":"Feature","id":"water-E640","geometry":{"type":"LineString","coordinates":[[-80.6036757,43.298175],[-80.6035048,43.2981864],[-80.60349,43.2981695]]},"properties":{"kind":"service","tier":"service","placement":"underground","from":"water-T-90","to":"water-N-P-00036","lengthM":16.14,"sizeMm":19,"diameterIn":0.75,"nominalLabel":"3/4\" copper","depthM":1.7,"zone":0}},{"type":"Feature","id":"water-E641","geometry":{"type":"LineString","coordinates":[[-80.6038896,43.2993527],[-80.6039511,43.2993485],[-80.603961,43.2993297]]},"properties":{"kind":"service","tier":"service","placement":"underground","from":"water-T-91","to":"water-N-P-00037","lengthM":7.24,"sizeMm":19,"diameterIn":0.75,"nominalLabel":"3/4\" copper","depthM":1.7,"zone":0}},{"type":"Feature","id":"water-E642","geometry":{"type":"LineString","coordinates":[[-80.6038671,43.2991972],[-80.6039281,43.2991919],[-80.6039375,43.299173]]},"properties":{"kind":"service","tier":"service","placement":"underground","from":"water-T-92","to":"water-N-P-00038","lengthM":7.22,"sizeMm":19,"diameterIn":0.75,"nominalLabel":"3/4\" copper","depthM":1.7,"zone":0}},{"type":"Feature","id":"water-E643","geometry":{"type":"LineString","coordinates":[[-80.6038399,43.29904],[-80.6039006,43.2990339],[-80.6039095,43.2990149]]},"properties":{"kind":"service","tier":"service","placement":"underground","from":"water-T-93","to":"water-N-P-00039","lengthM":7.2,"sizeMm":19,"diameterIn":0.75,"nominalLabel":"3/4\" copper","depthM":1.7,"zone":0}},{"type":"Feature","id":"water-E644","geometry":{"type":"LineString","coordinates":[[-80.6038095,43.2988824],[-80.6038701,43.2988759],[-80.6038788,43.2988568]]},"properties":{"kind":"service","tier":"service","placement":"underground","from":"water-T-94","to":"water-N-P-00040","lengthM":7.2,"sizeMm":19,"diameterIn":0.75,"nominalLabel":"3/4\" copper","depthM":1.7,"zone":0}},{"type":"Feature","id":"water-E645","geometry":{"type":"LineString","coordinates":[[-80.6037771,43.2987244],[-80.6038382,43.2987178],[-80.6038468,43.2986987]]},"properties":{"kind":"service","tier":"service","placement":"underground","from":"water-T-95","to":"water-N-P-00041","lengthM":7.24,"sizeMm":19,"diameterIn":0.75,"nominalLabel":"3/4\" copper","depthM":1.7,"zone":0}},{"type":"Feature","id":"water-E646","geometry":{"type":"LineString","coordinates":[[-80.6037443,43.2985634],[-80.6038058,43.2985568],[-80.6038144,43.2985377]]},"properties":{"kind":"service","tier":"service","placement":"underground","from":"water-T-96","to":"water-N-P-00042","lengthM":7.27,"sizeMm":19,"diameterIn":0.75,"nominalLabel":"3/4\" copper","depthM":1.7,"zone":0}},{"type":"Feature","id":"water-E647","geometry":{"type":"LineString","coordinates":[[-80.6037129,43.2983993],[-80.6037746,43.2983932],[-80.6037836,43.2983742]]},"properties":{"kind":"service","tier":"service","placement":"underground","from":"water-T-97","to":"water-N-P-00043","lengthM":7.28,"sizeMm":19,"diameterIn":0.75,"nominalLabel":"3/4\" copper","depthM":1.7,"zone":0}},{"type":"Feature","id":"water-E648","geometry":{"type":"LineString","coordinates":[[-80.6036851,43.2982347],[-80.603747,43.2982294],[-80.6037565,43.2982105]]},"properties":{"kind":"service","tier":"service","placement":"underground","from":"water-T-98","to":"water-N-P-00044","lengthM":7.29,"sizeMm":19,"diameterIn":0.75,"nominalLabel":"3/4\" copper","depthM":1.7,"zone":0}},{"type":"Feature","id":"water-E649","geometry":{"type":"LineString","coordinates":[[-80.6036636,43.2980781],[-80.6037251,43.298074],[-80.6037351,43.2980553]]},"properties":{"kind":"service","tier":"service","placement":"underground","from":"water-T-99","to":"water-N-P-00045","lengthM":7.24,"sizeMm":25,"diameterIn":0.98,"nominalLabel":"1\" copper","depthM":1.7,"zone":0}},{"type":"Feature","id":"water-E650","geometry":{"type":"LineString","coordinates":[[-80.6036478,43.2979192],[-80.6037094,43.2979167],[-80.6037203,43.2978982]]},"properties":{"kind":"service","tier":"service","placement":"underground","from":"water-T-100","to":"water-N-P-00046","lengthM":7.24,"sizeMm":19,"diameterIn":0.75,"nominalLabel":"3/4\" copper","depthM":1.7,"zone":0}},{"type":"Feature","id":"water-E651","geometry":{"type":"LineString","coordinates":[[-80.6036375,43.2975787],[-80.6037001,43.2975795],[-80.6037121,43.2975975]]},"properties":{"kind":"service","tier":"service","placement":"underground","from":"water-T-101","to":"water-N-P-00047","lengthM":7.3,"sizeMm":25,"diameterIn":0.98,"nominalLabel":"1\" copper","depthM":1.7,"zone":0}},{"type":"Feature","id":"water-E652","geometry":{"type":"LineString","coordinates":[[-80.6036432,43.2974337],[-80.6034717,43.2974267],[-80.6034582,43.2974442]]},"properties":{"kind":"service","tier":"service","placement":"underground","from":"water-T-102","to":"water-N-P-00048","lengthM":16.15,"sizeMm":25,"diameterIn":0.98,"nominalLabel":"1\" copper","depthM":1.7,"zone":0}},{"type":"Feature","id":"water-E653","geometry":{"type":"LineString","coordinates":[[-80.6028455,43.2977078],[-80.6028455,43.2978335],[-80.6028208,43.2978425]]},"properties":{"kind":"service","tier":"service","placement":"underground","from":"water-T-103","to":"water-N-P-00049","lengthM":16.24,"sizeMm":19,"diameterIn":0.75,"nominalLabel":"3/4\" copper","depthM":1.7,"zone":0}},{"type":"Feature","id":"water-E654","geometry":{"type":"LineString","coordinates":[[-80.6033471,43.2977078],[-80.6033471,43.2976629],[-80.6033224,43.2976539]]},"properties":{"kind":"service","tier":"service","placement":"underground","from":"water-T-104","to":"water-N-P-00050","lengthM":7.24,"sizeMm":25,"diameterIn":0.98,"nominalLabel":"1\" copper","depthM":1.7,"zone":0}},{"type":"Feature","id":"water-E655","geometry":{"type":"LineString","coordinates":[[-80.6030823,43.2977078],[-80.6030823,43.2976629],[-80.6030576,43.2976539]]},"properties":{"kind":"service","tier":"service","placement":"underground","from":"water-T-105","to":"water-N-P-00051","lengthM":7.24,"sizeMm":19,"diameterIn":0.75,"nominalLabel":"3/4\" copper","depthM":1.7,"zone":0}},{"type":"Feature","id":"water-E656","geometry":{"type":"LineString","coordinates":[[-80.6028283,43.2977078],[-80.6028283,43.2976629],[-80.6028036,43.2976539]]},"properties":{"kind":"service","tier":"service","placement":"underground","from":"water-T-106","to":"water-N-P-00052","lengthM":7.24,"sizeMm":25,"diameterIn":0.98,"nominalLabel":"1\" copper","depthM":1.7,"zone":0}},{"type":"Feature","id":"water-E657","geometry":{"type":"LineString","coordinates":[[-80.6033644,43.2999502],[-80.6035374,43.2999583],[-80.6035482,43.2999767]]},"properties":{"kind":"service","tier":"service","placement":"underground","from":"water-T-107","to":"water-N-P-00053","lengthM":16.28,"sizeMm":19,"diameterIn":0.75,"nominalLabel":"3/4\" copper","depthM":1.7,"zone":0}},{"type":"Feature","id":"water-E658","geometry":{"type":"LineString","coordinates":[[-80.6033544,43.3001094],[-80.6035273,43.3001141],[-80.6035387,43.3001324]]},"properties":{"kind":"service","tier":"service","placement":"underground","from":"water-T-108","to":"water-N-P-00054","lengthM":16.25,"sizeMm":19,"diameterIn":0.75,"nominalLabel":"3/4\" copper","depthM":1.7,"zone":0}},{"type":"Feature","id":"water-E659","geometry":{"type":"LineString","coordinates":[[-80.6033496,43.3002674],[-80.6035224,43.3002686],[-80.6035345,43.3002866]]},"properties":{"kind":"service","tier":"service","placement":"underground","from":"water-T-109","to":"water-N-P-00055","lengthM":16.24,"sizeMm":19,"diameterIn":0.75,"nominalLabel":"3/4\" copper","depthM":1.7,"zone":0}},{"type":"Feature","id":"water-E660","geometry":{"type":"LineString","coordinates":[[-80.6033499,43.30042],[-80.603523,43.3004176],[-80.6035357,43.3004354]]},"properties":{"kind":"service","tier":"service","placement":"underground","from":"water-T-110","to":"water-N-P-00056","lengthM":16.26,"sizeMm":19,"diameterIn":0.75,"nominalLabel":"3/4\" copper","depthM":1.7,"zone":0}},{"type":"Feature","id":"water-E661","geometry":{"type":"LineString","coordinates":[[-80.6033545,43.3005647],[-80.603528,43.3005589],[-80.6035412,43.3005765]]},"properties":{"kind":"service","tier":"service","placement":"underground","from":"water-T-111","to":"water-N-P-00057","lengthM":16.31,"sizeMm":19,"diameterIn":0.75,"nominalLabel":"3/4\" copper","depthM":1.7,"zone":0}},{"type":"Feature","id":"water-E662","geometry":{"type":"LineString","coordinates":[[-80.6033635,43.3007051],[-80.6035371,43.3006992],[-80.6035508,43.3007166]]},"properties":{"kind":"service","tier":"service","placement":"underground","from":"water-T-112","to":"water-N-P-00058","lengthM":16.32,"sizeMm":19,"diameterIn":0.75,"nominalLabel":"3/4\" copper","depthM":1.7,"zone":0}},{"type":"Feature","id":"water-E663","geometry":{"type":"LineString","coordinates":[[-80.6033783,43.3008627],[-80.6035513,43.3008537],[-80.6035655,43.3008709]]},"properties":{"kind":"service","tier":"service","placement":"underground","from":"water-T-113","to":"water-N-P-00059","lengthM":16.29,"sizeMm":19,"diameterIn":0.75,"nominalLabel":"3/4\" copper","depthM":1.7,"zone":0}},{"type":"Feature","id":"water-E664","geometry":{"type":"LineString","coordinates":[[-80.603397,43.3010179],[-80.6035691,43.3010063],[-80.6035837,43.3010233]]},"properties":{"kind":"service","tier":"service","placement":"underground","from":"water-T-114","to":"water-N-P-00060","lengthM":16.24,"sizeMm":25,"diameterIn":0.98,"nominalLabel":"1\" copper","depthM":1.7,"zone":0}},{"type":"Feature","id":"water-E665","geometry":{"type":"LineString","coordinates":[[-80.6034187,43.3011721],[-80.6035904,43.3011585],[-80.6036054,43.3011753]]},"properties":{"kind":"service","tier":"service","placement":"underground","from":"water-T-115","to":"water-N-P-00061","lengthM":16.24,"sizeMm":25,"diameterIn":0.98,"nominalLabel":"1\" copper","depthM":1.7,"zone":0}},{"type":"Feature","id":"water-E666","geometry":{"type":"LineString","coordinates":[[-80.6034422,43.3013232],[-80.6036139,43.3013082],[-80.6036291,43.301325]]},"properties":{"kind":"service","tier":"service","placement":"underground","from":"water-T-116","to":"water-N-P-00062","lengthM":16.24,"sizeMm":25,"diameterIn":0.98,"nominalLabel":"1\" copper","depthM":1.7,"zone":0}},{"type":"Feature","id":"water-E667","geometry":{"type":"LineString","coordinates":[[-80.6034667,43.3014703],[-80.6036383,43.3014548],[-80.6036536,43.3014715]]},"properties":{"kind":"service","tier":"service","placement":"underground","from":"water-T-117","to":"water-N-P-00063","lengthM":16.25,"sizeMm":19,"diameterIn":0.75,"nominalLabel":"3/4\" copper","depthM":1.7,"zone":0}},{"type":"Feature","id":"water-E668","geometry":{"type":"LineString","coordinates":[[-80.6034925,43.3016214],[-80.6036639,43.3016059],[-80.6036792,43.3016226]]},"properties":{"kind":"service","tier":"service","placement":"underground","from":"water-T-118","to":"water-N-P-00064","lengthM":16.23,"sizeMm":19,"diameterIn":0.75,"nominalLabel":"3/4\" copper","depthM":1.7,"zone":0}},{"type":"Feature","id":"water-E669","geometry":{"type":"LineString","coordinates":[[-80.6035165,43.3017638],[-80.6036878,43.3017485],[-80.603703,43.3017653]]},"properties":{"kind":"service","tier":"service","placement":"underground","from":"water-T-119","to":"water-N-P-00065","lengthM":16.22,"sizeMm":19,"diameterIn":0.75,"nominalLabel":"3/4\" copper","depthM":1.7,"zone":0}},{"type":"Feature","id":"water-E670","geometry":{"type":"LineString","coordinates":[[-80.6035403,43.3019127],[-80.6037118,43.3018984],[-80.6037269,43.3019153]]},"properties":{"kind":"service","tier":"service","placement":"underground","from":"water-T-120","to":"water-N-P-00066","lengthM":16.23,"sizeMm":19,"diameterIn":0.75,"nominalLabel":"3/4\" copper","depthM":1.7,"zone":0}},{"type":"Feature","id":"water-E671","geometry":{"type":"LineString","coordinates":[[-80.6033634,43.2999615],[-80.6033025,43.2999587],[-80.6032887,43.2999761]]},"properties":{"kind":"service","tier":"service","placement":"underground","from":"water-T-121","to":"water-N-P-00067","lengthM":7.18,"sizeMm":19,"diameterIn":0.75,"nominalLabel":"3/4\" copper","depthM":1.7,"zone":0}},{"type":"Feature","id":"water-E672","geometry":{"type":"LineString","coordinates":[[-80.6033543,43.3001111],[-80.6032928,43.3001095],[-80.6032795,43.3001271]]},"properties":{"kind":"service","tier":"service","placement":"underground","from":"water-T-122","to":"water-N-P-00068","lengthM":7.23,"sizeMm":25,"diameterIn":0.98,"nominalLabel":"1\" copper","depthM":1.7,"zone":0}},{"type":"Feature","id":"water-E673","geometry":{"type":"LineString","coordinates":[[-80.6033498,43.3002505],[-80.6032881,43.30025],[-80.6032755,43.3002679]]},"properties":{"kind":"service","tier":"service","placement":"underground","from":"water-T-123","to":"water-N-P-00069","lengthM":7.24,"sizeMm":19,"diameterIn":0.75,"nominalLabel":"3/4\" copper","depthM":1.7,"zone":0}},{"type":"Feature","id":"water-E674","geometry":{"type":"LineString","coordinates":[[-80.6033491,43.3003889],[-80.6032883,43.3003897],[-80.6032762,43.3004078]]},"properties":{"kind":"service","tier":"service","placement":"underground","from":"water-T-124","to":"water-N-P-00070","lengthM":7.16,"sizeMm":25,"diameterIn":0.98,"nominalLabel":"1\" copper","depthM":1.7,"zone":0}},{"type":"Feature","id":"water-E675","geometry":{"type":"LineString","coordinates":[[-80.6033531,43.3005419],[-80.6032929,43.3005446],[-80.6032814,43.3005629]]},"properties":{"kind":"service","tier":"service","placement":"underground","from":"water-T-125","to":"water-N-P-00071","lengthM":7.12,"sizeMm":19,"diameterIn":0.75,"nominalLabel":"3/4\" copper","depthM":1.7,"zone":0}},{"type":"Feature","id":"water-E676","geometry":{"type":"LineString","coordinates":[[-80.6033627,43.3006923],[-80.6033017,43.3006944],[-80.6032907,43.3007128]]},"properties":{"kind":"service","tier":"service","placement":"underground","from":"water-T-126","to":"water-N-P-00072","lengthM":7.18,"sizeMm":25,"diameterIn":0.98,"nominalLabel":"1\" copper","depthM":1.7,"zone":0}},{"type":"Feature","id":"water-E677","geometry":{"type":"LineString","coordinates":[[-80.6033765,43.3008436],[-80.6033152,43.3008468],[-80.6033047,43.3008654]]},"properties":{"kind":"service","tier":"service","placement":"underground","from":"water-T-127","to":"water-N-P-00073","lengthM":7.21,"sizeMm":25,"diameterIn":0.98,"nominalLabel":"1\" copper","depthM":1.7,"zone":0}},{"type":"Feature","id":"water-E678","geometry":{"type":"LineString","coordinates":[[-80.6033947,43.3009999],[-80.6033332,43.3010041],[-80.6033232,43.3010228]]},"properties":{"kind":"service","tier":"service","placement":"underground","from":"water-T-128","to":"water-N-P-00074","lengthM":7.24,"sizeMm":19,"diameterIn":0.75,"nominalLabel":"3/4\" copper","depthM":1.7,"zone":0}},{"type":"Feature","id":"water-E679","geometry":{"type":"LineString","coordinates":[[-80.6034143,43.3011431],[-80.603353,43.301148],[-80.6033434,43.3011668]]},"properties":{"kind":"service","tier":"service","placement":"underground","from":"water-T-129","to":"water-N-P-00075","lengthM":7.23,"sizeMm":25,"diameterIn":0.98,"nominalLabel":"1\" copper","depthM":1.7,"zone":0}},{"type":"Feature","id":"water-E680","geometry":{"type":"LineString","coordinates":[[-80.6034374,43.3012941],[-80.6033765,43.3012994],[-80.6033671,43.3013183]]},"properties":{"kind":"service","tier":"service","placement":"underground","from":"water-T-130","to":"water-N-P-00076","lengthM":7.21,"sizeMm":25,"diameterIn":0.98,"nominalLabel":"1\" copper","depthM":1.7,"zone":0}},{"type":"Feature","id":"water-E681","geometry":{"type":"LineString","coordinates":[[-80.6034623,43.3014449],[-80.6034013,43.3014504],[-80.603392,43.3014693]]},"properties":{"kind":"service","tier":"service","placement":"underground","from":"water-T-131","to":"water-N-P-00077","lengthM":7.22,"sizeMm":19,"diameterIn":0.75,"nominalLabel":"3/4\" copper","depthM":1.7,"zone":0}},{"type":"Feature","id":"water-E682","geometry":{"type":"LineString","coordinates":[[-80.6034874,43.3015918],[-80.6034261,43.3015974],[-80.6034169,43.3016163]]},"properties":{"kind":"service","tier":"service","placement":"underground","from":"water-T-132","to":"water-N-P-00078","lengthM":7.24,"sizeMm":25,"diameterIn":0.98,"nominalLabel":"1\" copper","depthM":1.7,"zone":0}},{"type":"Feature","id":"water-E683","geometry":{"type":"LineString","coordinates":[[-80.6035134,43.3017454],[-80.603452,43.3017509],[-80.6034427,43.3017698]]},"properties":{"kind":"service","tier":"service","placement":"underground","from":"water-T-133","to":"water-N-P-00079","lengthM":7.24,"sizeMm":19,"diameterIn":0.75,"nominalLabel":"3/4\" copper","depthM":1.7,"zone":0}},{"type":"Feature","id":"water-E684","geometry":{"type":"LineString","coordinates":[[-80.6035364,43.3018878],[-80.603475,43.3018929],[-80.6034656,43.3019117]]},"properties":{"kind":"service","tier":"service","placement":"underground","from":"water-T-134","to":"water-N-P-00080","lengthM":7.24,"sizeMm":19,"diameterIn":0.75,"nominalLabel":"3/4\" copper","depthM":1.7,"zone":0}},{"type":"Feature","id":"water-E685","geometry":{"type":"LineString","coordinates":[[-80.6035573,43.302027],[-80.6034956,43.3020315],[-80.6034858,43.3020503]]},"properties":{"kind":"service","tier":"service","placement":"underground","from":"water-T-135","to":"water-N-P-00081","lengthM":7.26,"sizeMm":19,"diameterIn":0.75,"nominalLabel":"3/4\" copper","depthM":1.7,"zone":0}},{"type":"Feature","id":"water-E686","geometry":{"type":"LineString","coordinates":[[-80.603578,43.3021838],[-80.6035156,43.3021874],[-80.6035055,43.3022061]]},"properties":{"kind":"service","tier":"service","placement":"underground","from":"water-T-136","to":"water-N-P-00082","lengthM":7.3,"sizeMm":19,"diameterIn":0.75,"nominalLabel":"3/4\" copper","depthM":1.7,"zone":0}},{"type":"Feature","id":"water-E687","geometry":{"type":"LineString","coordinates":[[-80.6035953,43.3023428],[-80.6035325,43.3023454],[-80.6035218,43.3023639]]},"properties":{"kind":"service","tier":"service","placement":"underground","from":"water-T-137","to":"water-N-P-00083","lengthM":7.33,"sizeMm":25,"diameterIn":0.98,"nominalLabel":"1\" copper","depthM":1.7,"zone":0}},{"type":"Feature","id":"water-E688","geometry":{"type":"LineString","coordinates":[[-80.6036059,43.3024825],[-80.6035438,43.302485],[-80.6035326,43.3025034]]},"properties":{"kind":"service","tier":"service","placement":"underground","from":"water-T-138","to":"water-N-P-00084","lengthM":7.28,"sizeMm":25,"diameterIn":0.98,"nominalLabel":"1\" copper","depthM":1.7,"zone":0}},{"type":"Feature","id":"water-E689","geometry":{"type":"LineString","coordinates":[[-80.6036133,43.3026349],[-80.6035511,43.3026361],[-80.6035394,43.3026543]]},"properties":{"kind":"service","tier":"service","placement":"underground","from":"water-T-139","to":"water-N-P-00085","lengthM":7.27,"sizeMm":19,"diameterIn":0.75,"nominalLabel":"3/4\" copper","depthM":1.7,"zone":0}},{"type":"Feature","id":"water-E690","geometry":{"type":"LineString","coordinates":[[-80.6036157,43.3027861],[-80.603554,43.3027861],[-80.6035417,43.3028041]]},"properties":{"kind":"service","tier":"service","placement":"underground","from":"water-T-140","to":"water-N-P-00086","lengthM":7.24,"sizeMm":25,"diameterIn":0.98,"nominalLabel":"1\" copper","depthM":1.7,"zone":0}},{"type":"Feature","id":"water-E691","geometry":{"type":"LineString","coordinates":[[-80.6027422,43.2992901],[-80.6025715,43.2993088],[-80.6025557,43.2992923]]},"properties":{"kind":"service","tier":"service","placement":"underground","from":"water-T-141","to":"water-N-P-00087","lengthM":16.22,"sizeMm":19,"diameterIn":0.75,"nominalLabel":"3/4\" copper","depthM":1.7,"zone":0}},{"type":"Feature","id":"water-E692","geometry":{"type":"LineString","coordinates":[[-80.6027085,43.2991215],[-80.602538,43.2991395],[-80.6025223,43.2991229]]},"properties":{"kind":"service","tier":"service","placement":"underground","from":"water-T-142","to":"water-N-P-00088","lengthM":16.2,"sizeMm":19,"diameterIn":0.75,"nominalLabel":"3/4\" copper","depthM":1.7,"zone":0}},{"type":"Feature","id":"water-E693","geometry":{"type":"LineString","coordinates":[[-80.6026751,43.2989387],[-80.6025046,43.2989548],[-80.6024894,43.298938]]},"properties":{"kind":"service","tier":"service","placement":"underground","from":"water-T-143","to":"water-N-P-00089","lengthM":16.16,"sizeMm":19,"diameterIn":0.75,"nominalLabel":"3/4\" copper","depthM":1.7,"zone":0}},{"type":"Feature","id":"water-E694","geometry":{"type":"LineString","coordinates":[[-80.6026481,43.298762],[-80.6024772,43.2987752],[-80.6024625,43.2987582]]},"properties":{"kind":"service","tier":"service","placement":"underground","from":"water-T-144","to":"water-N-P-00090","lengthM":16.16,"sizeMm":19,"diameterIn":0.75,"nominalLabel":"3/4\" copper","depthM":1.7,"zone":0}},{"type":"Feature","id":"water-E695","geometry":{"type":"LineString","coordinates":[[-80.6026283,43.2985857],[-80.6024572,43.2985951],[-80.6024433,43.2985777]]},"properties":{"kind":"service","tier":"service","placement":"underground","from":"water-T-145","to":"water-N-P-00091","lengthM":16.13,"sizeMm":25,"diameterIn":0.98,"nominalLabel":"1\" copper","depthM":1.7,"zone":0}},{"type":"Feature","id":"water-E696","geometry":{"type":"LineString","coordinates":[[-80.6026166,43.2984101],[-80.602445,43.298415],[-80.6024319,43.2983973]]},"properties":{"kind":"service","tier":"service","placement":"underground","from":"water-T-146","to":"water-N-P-00092","lengthM":16.15,"sizeMm":19,"diameterIn":0.75,"nominalLabel":"3/4\" copper","depthM":1.7,"zone":0}},{"type":"Feature","id":"water-E697","geometry":{"type":"LineString","coordinates":[[-80.602614,43.2982419],[-80.6024421,43.2982421],[-80.6024299,43.2982241]]},"properties":{"kind":"service","tier":"service","placement":"underground","from":"water-T-147","to":"water-N-P-00093","lengthM":16.17,"sizeMm":19,"diameterIn":0.75,"nominalLabel":"3/4\" copper","depthM":1.7,"zone":0}},{"type":"Feature","id":"water-E698","geometry":{"type":"LineString","coordinates":[[-80.6027796,43.2994723],[-80.6028405,43.2994658],[-80.6028491,43.2994468]]},"properties":{"kind":"service","tier":"service","placement":"underground","from":"water-T-148","to":"water-N-P-00094","lengthM":7.22,"sizeMm":19,"diameterIn":0.75,"nominalLabel":"3/4\" copper","depthM":1.7,"zone":0}},{"type":"Feature","id":"water-E699","geometry":{"type":"LineString","coordinates":[[-80.602745,43.2993038],[-80.6028062,43.2992971],[-80.6028148,43.299278]]},"properties":{"kind":"service","tier":"service","placement":"underground","from":"water-T-149","to":"water-N-P-00095","lengthM":7.25,"sizeMm":25,"diameterIn":0.98,"nominalLabel":"1\" copper","depthM":1.7,"zone":0}},{"type":"Feature","id":"water-E700","geometry":{"type":"LineString","coordinates":[[-80.6027118,43.2991381],[-80.6027732,43.2991316],[-80.602782,43.2991126]]},"properties":{"kind":"service","tier":"service","placement":"underground","from":"water-T-150","to":"water-N-P-00096","lengthM":7.26,"sizeMm":19,"diameterIn":0.75,"nominalLabel":"3/4\" copper","depthM":1.7,"zone":0}},{"type":"Feature","id":"water-E701","geometry":{"type":"LineString","coordinates":[[-80.602678,43.2989552],[-80.6027399,43.2989494],[-80.6027491,43.2989305]]},"properties":{"kind":"service","tier":"service","placement":"underground","from":"water-T-151","to":"water-N-P-00097","lengthM":7.29,"sizeMm":25,"diameterIn":0.98,"nominalLabel":"1\" copper","depthM":1.7,"zone":0}},{"type":"Feature","id":"water-E702","geometry":{"type":"LineString","coordinates":[[-80.6026509,43.298781],[-80.6027127,43.2987763],[-80.6027225,43.2987575]]},"properties":{"kind":"service","tier":"service","placement":"underground","from":"water-T-152","to":"water-N-P-00098","lengthM":7.27,"sizeMm":25,"diameterIn":0.98,"nominalLabel":"1\" copper","depthM":1.7,"zone":0}},{"type":"Feature","id":"water-E703","geometry":{"type":"LineString","coordinates":[[-80.6026306,43.2986081],[-80.6026929,43.2986047],[-80.6027035,43.2985861]]},"properties":{"kind":"service","tier":"service","placement":"underground","from":"water-T-153","to":"water-N-P-00099","lengthM":7.3,"sizeMm":19,"diameterIn":0.75,"nominalLabel":"3/4\" copper","depthM":1.7,"zone":0}},{"type":"Feature","id":"water-E704","geometry":{"type":"LineString","coordinates":[[-80.6026178,43.2984305],[-80.60268,43.2984287],[-80.6026915,43.2984104]]},"properties":{"kind":"service","tier":"service","placement":"underground","from":"water-T-154","to":"water-N-P-00100","lengthM":7.28,"sizeMm":19,"diameterIn":0.75,"nominalLabel":"3/4\" copper","depthM":1.7,"zone":0}},{"type":"Feature","id":"water-E705","geometry":{"type":"LineString","coordinates":[[-80.6026141,43.2982533],[-80.6026766,43.2982533],[-80.602689,43.2982353]]},"properties":{"kind":"service","tier":"service","placement":"underground","from":"water-T-155","to":"water-N-P-00101","lengthM":7.3,"sizeMm":25,"diameterIn":0.98,"nominalLabel":"1\" copper","depthM":1.7,"zone":0}},{"type":"Feature","id":"water-E706","geometry":{"type":"LineString","coordinates":[[-80.602768,43.2971281],[-80.6028288,43.2971347],[-80.6028374,43.2971538]]},"properties":{"kind":"service","tier":"service","placement":"underground","from":"water-T-156","to":"water-N-P-00102","lengthM":7.22,"sizeMm":19,"diameterIn":0.75,"nominalLabel":"3/4\" copper","depthM":1.7,"zone":0}},{"type":"Feature","id":"water-E707","geometry":{"type":"LineString","coordinates":[[-80.6027364,43.2972814],[-80.6027977,43.2972881],[-80.6028063,43.2973072]]},"properties":{"kind":"service","tier":"service","placement":"underground","from":"water-T-157","to":"water-N-P-00103","lengthM":7.26,"sizeMm":25,"diameterIn":0.98,"nominalLabel":"1\" copper","depthM":1.7,"zone":0}},{"type":"Feature","id":"water-E708","geometry":{"type":"LineString","coordinates":[[-80.602764,43.2971475],[-80.602593,43.2971289],[-80.6025771,43.2971453]]},"properties":{"kind":"service","tier":"service","placement":"underground","from":"water-T-158","to":"water-N-P-00104","lengthM":16.25,"sizeMm":25,"diameterIn":0.98,"nominalLabel":"1\" copper","depthM":1.7,"zone":0}},{"type":"Feature","id":"water-E709","geometry":{"type":"LineString","coordinates":[[-80.6027331,43.2972973],[-80.6025624,43.2972794],[-80.6025466,43.2972959]]},"properties":{"kind":"service","tier":"service","placement":"underground","from":"water-T-159","to":"water-N-P-00105","lengthM":16.21,"sizeMm":25,"diameterIn":0.98,"nominalLabel":"1\" copper","depthM":1.7,"zone":0}},{"type":"Feature","id":"water-E710","geometry":{"type":"LineString","coordinates":[[-80.6027038,43.2974462],[-80.6025331,43.2974284],[-80.6025175,43.2974449]]},"properties":{"kind":"service","tier":"service","placement":"underground","from":"water-T-160","to":"water-N-P-00106","lengthM":16.2,"sizeMm":19,"diameterIn":0.75,"nominalLabel":"3/4\" copper","depthM":1.7,"zone":0}},{"type":"Feature","id":"water-E711","geometry":{"type":"LineString","coordinates":[[-80.6026767,43.2975961],[-80.6025056,43.2975801],[-80.6024903,43.2975968]]},"properties":{"kind":"service","tier":"service","placement":"underground","from":"water-T-161","to":"water-N-P-00107","lengthM":16.21,"sizeMm":19,"diameterIn":0.75,"nominalLabel":"3/4\" copper","depthM":1.7,"zone":0}},{"type":"Feature","id":"water-E712","geometry":{"type":"LineString","coordinates":[[-80.6023536,43.297851],[-80.6023536,43.2979767],[-80.6023289,43.2979857]]},"properties":{"kind":"service","tier":"service","placement":"underground","from":"water-T-162","to":"water-N-P-00108","lengthM":16.24,"sizeMm":19,"diameterIn":0.75,"nominalLabel":"3/4\" copper","depthM":1.7,"zone":0}},{"type":"Feature","id":"water-E713","geometry":{"type":"LineString","coordinates":[[-80.6021259,43.297851],[-80.6021259,43.2979767],[-80.6021012,43.2979857]]},"properties":{"kind":"service","tier":"service","placement":"underground","from":"water-T-163","to":"water-N-P-00109","lengthM":16.24,"sizeMm":19,"diameterIn":0.75,"nominalLabel":"3/4\" copper","depthM":1.7,"zone":0}},{"type":"Feature","id":"water-E714","geometry":{"type":"LineString","coordinates":[[-80.6018955,43.297851],[-80.6018955,43.2979767],[-80.6018708,43.2979857]]},"properties":{"kind":"service","tier":"service","placement":"underground","from":"water-T-164","to":"water-N-P-00110","lengthM":16.24,"sizeMm":19,"diameterIn":0.75,"nominalLabel":"3/4\" copper","depthM":1.7,"zone":0}},{"type":"Feature","id":"water-E715","geometry":{"type":"LineString","coordinates":[[-80.6023657,43.297851],[-80.6023657,43.2978061],[-80.602341,43.2977971]]},"properties":{"kind":"service","tier":"service","placement":"underground","from":"water-T-165","to":"water-N-P-00111","lengthM":7.24,"sizeMm":19,"diameterIn":0.75,"nominalLabel":"3/4\" copper","depthM":1.7,"zone":0}},{"type":"Feature","id":"water-E716","geometry":{"type":"LineString","coordinates":[[-80.6021308,43.297851],[-80.6021308,43.2978061],[-80.6021062,43.2977971]]},"properties":{"kind":"service","tier":"service","placement":"underground","from":"water-T-166","to":"water-N-P-00112","lengthM":7.24,"sizeMm":19,"diameterIn":0.75,"nominalLabel":"3/4\" copper","depthM":1.7,"zone":0}},{"type":"Feature","id":"water-E717","geometry":{"type":"LineString","coordinates":[[-80.6018884,43.297851],[-80.6018884,43.2978061],[-80.6018637,43.2977971]]},"properties":{"kind":"service","tier":"service","placement":"underground","from":"water-T-167","to":"water-N-P-00113","lengthM":7.24,"sizeMm":19,"diameterIn":0.75,"nominalLabel":"3/4\" copper","depthM":1.7,"zone":0}},{"type":"Feature","id":"water-E718","geometry":{"type":"LineString","coordinates":[[-80.6024337,43.2999284],[-80.6026053,43.2999438],[-80.6026145,43.2999628]]},"properties":{"kind":"service","tier":"service","placement":"underground","from":"water-T-168","to":"water-N-P-00114","lengthM":16.24,"sizeMm":19,"diameterIn":0.75,"nominalLabel":"3/4\" copper","depthM":1.7,"zone":0}},{"type":"Feature","id":"water-E719","geometry":{"type":"LineString","coordinates":[[-80.602409,43.300079],[-80.6025806,43.3000935],[-80.60259,43.3001124]]},"properties":{"kind":"service","tier":"service","placement":"underground","from":"water-T-169","to":"water-N-P-00115","lengthM":16.24,"sizeMm":19,"diameterIn":0.75,"nominalLabel":"3/4\" copper","depthM":1.7,"zone":0}},{"type":"Feature","id":"water-E720","geometry":{"type":"LineString","coordinates":[[-80.6023854,43.3002321],[-80.6025576,43.300245],[-80.6025672,43.3002639]]},"properties":{"kind":"service","tier":"service","placement":"underground","from":"water-T-170","to":"water-N-P-00116","lengthM":16.26,"sizeMm":19,"diameterIn":0.75,"nominalLabel":"3/4\" copper","depthM":1.7,"zone":0}},{"type":"Feature","id":"water-E721","geometry":{"type":"LineString","coordinates":[[-80.6023642,43.3003864],[-80.602537,43.300397],[-80.6025471,43.3004157]]},"properties":{"kind":"service","tier":"service","placement":"underground","from":"water-T-171","to":"water-N-P-00117","lengthM":16.28,"sizeMm":19,"diameterIn":0.75,"nominalLabel":"3/4\" copper","depthM":1.7,"zone":0}},{"type":"Feature","id":"water-E722","geometry":{"type":"LineString","coordinates":[[-80.6023474,43.3005312],[-80.6025207,43.3005418],[-80.6025312,43.3005604]]},"properties":{"kind":"service","tier":"service","placement":"underground","from":"water-T-172","to":"water-N-P-00118","lengthM":16.32,"sizeMm":25,"diameterIn":0.98,"nominalLabel":"1\" copper","depthM":1.7,"zone":0}},{"type":"Feature","id":"water-E723","geometry":{"type":"LineString","coordinates":[[-80.6023345,43.3006813],[-80.6025077,43.300689],[-80.6025186,43.3007074]]},"properties":{"kind":"service","tier":"service","placement":"underground","from":"water-T-173","to":"water-N-P-00119","lengthM":16.29,"sizeMm":19,"diameterIn":0.75,"nominalLabel":"3/4\" copper","depthM":1.7,"zone":0}},{"type":"Feature","id":"water-E724","geometry":{"type":"LineString","coordinates":[[-80.6023257,43.3008347],[-80.6024987,43.3008391],[-80.6025102,43.3008574]]},"properties":{"kind":"service","tier":"service","placement":"underground","from":"water-T-174","to":"water-N-P-00120","lengthM":16.26,"sizeMm":19,"diameterIn":0.75,"nominalLabel":"3/4\" copper","depthM":1.7,"zone":0}},{"type":"Feature","id":"water-E725","geometry":{"type":"LineString","coordinates":[[-80.6023217,43.3009861],[-80.6024945,43.300987],[-80.6025067,43.301005]]},"properties":{"kind":"service","tier":"service","placement":"underground","from":"water-T-175","to":"water-N-P-00121","lengthM":16.24,"sizeMm":19,"diameterIn":0.75,"nominalLabel":"3/4\" copper","depthM":1.7,"zone":0}},{"type":"Feature","id":"water-E726","geometry":{"type":"LineString","coordinates":[[-80.6023226,43.3011434],[-80.6024958,43.3011407],[-80.6025086,43.3011585]]},"properties":{"kind":"service","tier":"service","placement":"underground","from":"water-T-176","to":"water-N-P-00122","lengthM":16.27,"sizeMm":19,"diameterIn":0.75,"nominalLabel":"3/4\" copper","depthM":1.7,"zone":0}},{"type":"Feature","id":"water-E727","geometry":{"type":"LineString","coordinates":[[-80.6023284,43.3012961],[-80.6025017,43.30129],[-80.602515,43.3013075]]},"properties":{"kind":"service","tier":"service","placement":"underground","from":"water-T-177","to":"water-N-P-00123","lengthM":16.29,"sizeMm":19,"diameterIn":0.75,"nominalLabel":"3/4\" copper","depthM":1.7,"zone":0}},{"type":"Feature","id":"water-E728","geometry":{"type":"LineString","coordinates":[[-80.6023387,43.3014469],[-80.6025123,43.3014377],[-80.6025262,43.3014551]]},"properties":{"kind":"service","tier":"service","placement":"underground","from":"water-T-178","to":"water-N-P-00124","lengthM":16.34,"sizeMm":19,"diameterIn":0.75,"nominalLabel":"3/4\" copper","depthM":1.7,"zone":0}},{"type":"Feature","id":"water-E729","geometry":{"type":"LineString","coordinates":[[-80.6023549,43.3016077],[-80.6025282,43.3015984],[-80.6025425,43.3016156]]},"properties":{"kind":"service","tier":"service","placement":"underground","from":"water-T-179","to":"water-N-P-00125","lengthM":16.31,"sizeMm":19,"diameterIn":0.75,"nominalLabel":"3/4\" copper","depthM":1.7,"zone":0}},{"type":"Feature","id":"water-E730","geometry":{"type":"LineString","coordinates":[[-80.6023743,43.3017601],[-80.6025466,43.3017483],[-80.6025613,43.3017653]]},"properties":{"kind":"service","tier":"service","placement":"underground","from":"water-T-180","to":"water-N-P-00126","lengthM":16.26,"sizeMm":19,"diameterIn":0.75,"nominalLabel":"3/4\" copper","depthM":1.7,"zone":0}},{"type":"Feature","id":"water-E731","geometry":{"type":"LineString","coordinates":[[-80.6023958,43.3019081],[-80.6025676,43.3018942],[-80.6025825,43.3019111]]},"properties":{"kind":"service","tier":"service","placement":"underground","from":"water-T-181","to":"water-N-P-00127","lengthM":16.24,"sizeMm":19,"diameterIn":0.75,"nominalLabel":"3/4\" copper","depthM":1.7,"zone":0}},{"type":"Feature","id":"water-E732","geometry":{"type":"LineString","coordinates":[[-80.6024199,43.3020593],[-80.6025914,43.3020442],[-80.6026066,43.3020609]]},"properties":{"kind":"service","tier":"service","placement":"underground","from":"water-T-182","to":"water-N-P-00128","lengthM":16.24,"sizeMm":19,"diameterIn":0.75,"nominalLabel":"3/4\" copper","depthM":1.7,"zone":0}},{"type":"Feature","id":"water-E733","geometry":{"type":"LineString","coordinates":[[-80.6024456,43.3022128],[-80.6026172,43.3021973],[-80.6026325,43.302214]]},"properties":{"kind":"service","tier":"service","placement":"underground","from":"water-T-183","to":"water-N-P-00129","lengthM":16.24,"sizeMm":25,"diameterIn":0.98,"nominalLabel":"1\" copper","depthM":1.7,"zone":0}},{"type":"Feature","id":"water-E734","geometry":{"type":"LineString","coordinates":[[-80.6024712,43.3023625],[-80.6026426,43.3023473],[-80.6026579,43.302364]]},"properties":{"kind":"service","tier":"service","placement":"underground","from":"water-T-184","to":"water-N-P-00130","lengthM":16.23,"sizeMm":19,"diameterIn":0.75,"nominalLabel":"3/4\" copper","depthM":1.7,"zone":0}},{"type":"Feature","id":"water-E735","geometry":{"type":"LineString","coordinates":[[-80.6024947,43.3025032],[-80.602666,43.302488],[-80.6026811,43.3025048]]},"properties":{"kind":"service","tier":"service","placement":"underground","from":"water-T-185","to":"water-N-P-00131","lengthM":16.21,"sizeMm":25,"diameterIn":0.98,"nominalLabel":"1\" copper","depthM":1.7,"zone":0}},{"type":"Feature","id":"water-E736","geometry":{"type":"LineString","coordinates":[[-80.6025181,43.3026527],[-80.6026895,43.3026387],[-80.6027045,43.3026556]]},"properties":{"kind":"service","tier":"service","placement":"underground","from":"water-T-186","to":"water-N-P-00132","lengthM":16.21,"sizeMm":19,"diameterIn":0.75,"nominalLabel":"3/4\" copper","depthM":1.7,"zone":0}},{"type":"Feature","id":"water-E737","geometry":{"type":"LineString","coordinates":[[-80.6025395,43.3028047],[-80.6027115,43.3027924],[-80.6027262,43.3028094]]},"properties":{"kind":"service","tier":"service","placement":"underground","from":"water-T-187","to":"water-N-P-00133","lengthM":16.24,"sizeMm":19,"diameterIn":0.75,"nominalLabel":"3/4\" copper","depthM":1.7,"zone":0}},{"type":"Feature","id":"water-E738","geometry":{"type":"LineString","coordinates":[[-80.6025571,43.3029499],[-80.6027294,43.3029402],[-80.6027436,43.3029574]]},"properties":{"kind":"service","tier":"service","placement":"underground","from":"water-T-188","to":"water-N-P-00134","lengthM":16.23,"sizeMm":19,"diameterIn":0.75,"nominalLabel":"3/4\" copper","depthM":1.7,"zone":0}},{"type":"Feature","id":"water-E739","geometry":{"type":"LineString","coordinates":[[-80.6025716,43.3030975],[-80.6027435,43.3030909],[-80.6027573,43.3031083]]},"properties":{"kind":"service","tier":"service","placement":"underground","from":"water-T-189","to":"water-N-P-00135","lengthM":16.19,"sizeMm":19,"diameterIn":0.75,"nominalLabel":"3/4\" copper","depthM":1.7,"zone":0}},{"type":"Feature","id":"water-E740","geometry":{"type":"LineString","coordinates":[[-80.6024272,43.2999671],[-80.6023662,43.2999616],[-80.6023509,43.2999783]]},"properties":{"kind":"service","tier":"service","placement":"underground","from":"water-T-190","to":"water-N-P-00136","lengthM":7.22,"sizeMm":19,"diameterIn":0.75,"nominalLabel":"3/4\" copper","depthM":1.7,"zone":0}},{"type":"Feature","id":"water-E741","geometry":{"type":"LineString","coordinates":[[-80.6024008,43.3001298],[-80.6023398,43.3001246],[-80.6023248,43.3001415]]},"properties":{"kind":"service","tier":"service","placement":"underground","from":"water-T-191","to":"water-N-P-00137","lengthM":7.21,"sizeMm":19,"diameterIn":0.75,"nominalLabel":"3/4\" copper","depthM":1.7,"zone":0}},{"type":"Feature","id":"water-E742","geometry":{"type":"LineString","coordinates":[[-80.6023759,43.3002994],[-80.6023149,43.3002948],[-80.6023001,43.3003118]]},"properties":{"kind":"service","tier":"service","placement":"underground","from":"water-T-192","to":"water-N-P-00138","lengthM":7.2,"sizeMm":19,"diameterIn":0.75,"nominalLabel":"3/4\" copper","depthM":1.7,"zone":0}},{"type":"Feature","id":"water-E743","geometry":{"type":"LineString","coordinates":[[-80.6023542,43.3004725],[-80.602293,43.3004688],[-80.6022787,43.300486]]},"properties":{"kind":"service","tier":"service","placement":"underground","from":"water-T-193","to":"water-N-P-00139","lengthM":7.21,"sizeMm":19,"diameterIn":0.75,"nominalLabel":"3/4\" copper","depthM":1.7,"zone":0}},{"type":"Feature","id":"water-E744","geometry":{"type":"LineString","coordinates":[[-80.6023381,43.3006388],[-80.6022765,43.3006361],[-80.6022627,43.3006534]]},"properties":{"kind":"service","tier":"service","placement":"underground","from":"water-T-194","to":"water-N-P-00140","lengthM":7.23,"sizeMm":25,"diameterIn":0.98,"nominalLabel":"1\" copper","depthM":1.7,"zone":0}},{"type":"Feature","id":"water-E745","geometry":{"type":"LineString","coordinates":[[-80.6023267,43.3008145],[-80.6022652,43.3008129],[-80.602252,43.3008306]]},"properties":{"kind":"service","tier":"service","placement":"underground","from":"water-T-195","to":"water-N-P-00141","lengthM":7.22,"sizeMm":19,"diameterIn":0.75,"nominalLabel":"3/4\" copper","depthM":1.7,"zone":0}},{"type":"Feature","id":"water-E746","geometry":{"type":"LineString","coordinates":[[-80.6023217,43.3009807],[-80.60226,43.3009804],[-80.6022475,43.3009983]]},"properties":{"kind":"service","tier":"service","placement":"underground","from":"water-T-196","to":"water-N-P-00142","lengthM":7.24,"sizeMm":19,"diameterIn":0.75,"nominalLabel":"3/4\" copper","depthM":1.7,"zone":0}},{"type":"Feature","id":"water-E747","geometry":{"type":"LineString","coordinates":[[-80.6023228,43.3011474],[-80.6022616,43.3011483],[-80.6022497,43.3011664]]},"properties":{"kind":"service","tier":"service","placement":"underground","from":"water-T-197","to":"water-N-P-00143","lengthM":7.19,"sizeMm":19,"diameterIn":0.75,"nominalLabel":"3/4\" copper","depthM":1.7,"zone":0}},{"type":"Feature","id":"water-E748","geometry":{"type":"LineString","coordinates":[[-80.6023304,43.3013254],[-80.6022691,43.3013276],[-80.6022579,43.3013459]]},"properties":{"kind":"service","tier":"service","placement":"underground","from":"water-T-198","to":"water-N-P-00144","lengthM":7.21,"sizeMm":19,"diameterIn":0.75,"nominalLabel":"3/4\" copper","depthM":1.7,"zone":0}},{"type":"Feature","id":"water-E749","geometry":{"type":"LineString","coordinates":[[-80.6023431,43.3014909],[-80.6022821,43.3014941],[-80.6022715,43.3015126]]},"properties":{"kind":"service","tier":"service","placement":"underground","from":"water-T-199","to":"water-N-P-00145","lengthM":7.19,"sizeMm":25,"diameterIn":0.98,"nominalLabel":"1\" copper","depthM":1.7,"zone":0}},{"type":"Feature","id":"water-E750","geometry":{"type":"LineString","coordinates":[[-80.6023611,43.3016591],[-80.6023004,43.3016632],[-80.6022903,43.3016819]]},"properties":{"kind":"service","tier":"service","placement":"underground","from":"water-T-200","to":"water-N-P-00146","lengthM":7.18,"sizeMm":19,"diameterIn":0.75,"nominalLabel":"3/4\" copper","depthM":1.7,"zone":0}},{"type":"Feature","id":"water-E751","geometry":{"type":"LineString","coordinates":[[-80.6023841,43.3018308],[-80.6023233,43.3018357],[-80.6023136,43.3018545]]},"properties":{"kind":"service","tier":"service","placement":"underground","from":"water-T-201","to":"water-N-P-00147","lengthM":7.19,"sizeMm":25,"diameterIn":0.98,"nominalLabel":"1\" copper","depthM":1.7,"zone":0}},{"type":"Feature","id":"water-E752","geometry":{"type":"LineString","coordinates":[[-80.6024101,43.3020008],[-80.6023493,43.3020062],[-80.6023399,43.302025]]},"properties":{"kind":"service","tier":"service","placement":"underground","from":"water-T-202","to":"water-N-P-00148","lengthM":7.2,"sizeMm":19,"diameterIn":0.75,"nominalLabel":"3/4\" copper","depthM":1.7,"zone":0}},{"type":"Feature","id":"water-E753","geometry":{"type":"LineString","coordinates":[[-80.6024391,43.3021745],[-80.602378,43.30218],[-80.6023688,43.302199]]},"properties":{"kind":"service","tier":"service","placement":"underground","from":"water-T-203","to":"water-N-P-00149","lengthM":7.22,"sizeMm":25,"diameterIn":0.98,"nominalLabel":"1\" copper","depthM":1.7,"zone":0}},{"type":"Feature","id":"water-E754","geometry":{"type":"LineString","coordinates":[[-80.6024673,43.3023396],[-80.6024059,43.3023452],[-80.6023967,43.3023641]]},"properties":{"kind":"service","tier":"service","placement":"underground","from":"water-T-204","to":"water-N-P-00150","lengthM":7.25,"sizeMm":25,"diameterIn":0.98,"nominalLabel":"1\" copper","depthM":1.7,"zone":0}},{"type":"Feature","id":"water-E755","geometry":{"type":"LineString","coordinates":[[-80.6024952,43.3025058],[-80.6024334,43.3025113],[-80.6024241,43.3025302]]},"properties":{"kind":"service","tier":"service","placement":"underground","from":"water-T-205","to":"water-N-P-00151","lengthM":7.27,"sizeMm":19,"diameterIn":0.75,"nominalLabel":"3/4\" copper","depthM":1.7,"zone":0}},{"type":"Feature","id":"water-E756","geometry":{"type":"LineString","coordinates":[[-80.6025222,43.3026793],[-80.6024603,43.3026843],[-80.6024506,43.3027032]]},"properties":{"kind":"service","tier":"service","placement":"underground","from":"water-T-206","to":"water-N-P-00152","lengthM":7.29,"sizeMm":25,"diameterIn":0.98,"nominalLabel":"1\" copper","depthM":1.7,"zone":0}},{"type":"Feature","id":"water-E757","geometry":{"type":"LineString","coordinates":[[-80.6025447,43.3028434],[-80.6024827,43.3028478],[-80.6024727,43.3028665]]},"properties":{"kind":"service","tier":"service","placement":"underground","from":"water-T-207","to":"water-N-P-00153","lengthM":7.29,"sizeMm":19,"diameterIn":0.75,"nominalLabel":"3/4\" copper","depthM":1.7,"zone":0}},{"type":"Feature","id":"water-E758","geometry":{"type":"LineString","coordinates":[[-80.6025638,43.303013],[-80.6025016,43.3030165],[-80.602491,43.303035]]},"properties":{"kind":"service","tier":"service","placement":"underground","from":"water-T-208","to":"water-N-P-00154","lengthM":7.29,"sizeMm":19,"diameterIn":0.75,"nominalLabel":"3/4\" copper","depthM":1.7,"zone":0}},{"type":"Feature","id":"water-E759","geometry":{"type":"LineString","coordinates":[[-80.6015391,43.2982381],[-80.6017112,43.2982527],[-80.6017205,43.2982716]]},"properties":{"kind":"service","tier":"service","placement":"underground","from":"water-T-209","to":"water-N-P-00155","lengthM":16.28,"sizeMm":19,"diameterIn":0.75,"nominalLabel":"3/4\" copper","depthM":1.7,"zone":0}},{"type":"Feature","id":"water-E760","geometry":{"type":"LineString","coordinates":[[-80.6015135,43.2984085],[-80.6016863,43.2984196],[-80.6016963,43.2984384]]},"properties":{"kind":"service","tier":"service","placement":"underground","from":"water-T-210","to":"water-N-P-00156","lengthM":16.29,"sizeMm":19,"diameterIn":0.75,"nominalLabel":"3/4\" copper","depthM":1.7,"zone":0}},{"type":"Feature","id":"water-E761","geometry":{"type":"LineString","coordinates":[[-80.6014947,43.2985738],[-80.6016686,43.2985808],[-80.6016793,43.2985993]]},"properties":{"kind":"service","tier":"service","placement":"underground","from":"water-T-211","to":"water-N-P-00157","lengthM":16.34,"sizeMm":19,"diameterIn":0.75,"nominalLabel":"3/4\" copper","depthM":1.7,"zone":0}},{"type":"Feature","id":"water-E762","geometry":{"type":"LineString","coordinates":[[-80.6014828,43.2987504],[-80.6016573,43.2987526],[-80.6016688,43.2987709]]},"properties":{"kind":"service","tier":"service","placement":"underground","from":"water-T-212","to":"water-N-P-00158","lengthM":16.38,"sizeMm":19,"diameterIn":0.75,"nominalLabel":"3/4\" copper","depthM":1.7,"zone":0}},{"type":"Feature","id":"water-E763","geometry":{"type":"LineString","coordinates":[[-80.60148,43.298936],[-80.6016545,43.2989332],[-80.601667,43.2989511]]},"properties":{"kind":"service","tier":"service","placement":"underground","from":"water-T-213","to":"water-N-P-00159","lengthM":16.38,"sizeMm":19,"diameterIn":0.75,"nominalLabel":"3/4\" copper","depthM":1.7,"zone":0}},{"type":"Feature","id":"water-E764","geometry":{"type":"LineString","coordinates":[[-80.6014873,43.299122],[-80.6016613,43.2991146],[-80.6016748,43.2991321]]},"properties":{"kind":"service","tier":"service","placement":"underground","from":"water-T-214","to":"water-N-P-00160","lengthM":16.36,"sizeMm":19,"diameterIn":0.75,"nominalLabel":"3/4\" copper","depthM":1.7,"zone":0}},{"type":"Feature","id":"water-E765","geometry":{"type":"LineString","coordinates":[[-80.6015028,43.299298],[-80.6016762,43.2992865],[-80.6016905,43.2993037]]},"properties":{"kind":"service","tier":"service","placement":"underground","from":"water-T-215","to":"water-N-P-00161","lengthM":16.34,"sizeMm":19,"diameterIn":0.75,"nominalLabel":"3/4\" copper","depthM":1.7,"zone":0}},{"type":"Feature","id":"water-E766","geometry":{"type":"LineString","coordinates":[[-80.6015249,43.2994673],[-80.6016978,43.2994523],[-80.6017127,43.2994692]]},"properties":{"kind":"service","tier":"service","placement":"underground","from":"water-T-216","to":"water-N-P-00162","lengthM":16.34,"sizeMm":19,"diameterIn":0.75,"nominalLabel":"3/4\" copper","depthM":1.7,"zone":0}},{"type":"Feature","id":"water-E767","geometry":{"type":"LineString","coordinates":[[-80.6015719,43.2980557],[-80.601511,43.2980496],[-80.6014954,43.2980661]]},"properties":{"kind":"service","tier":"service","placement":"underground","from":"water-T-217","to":"water-N-P-00163","lengthM":7.21,"sizeMm":25,"diameterIn":0.98,"nominalLabel":"1\" copper","depthM":1.7,"zone":0}},{"type":"Feature","id":"water-E768","geometry":{"type":"LineString","coordinates":[[-80.6015408,43.2982273],[-80.60148,43.2982221],[-80.6014648,43.2982388]]},"properties":{"kind":"service","tier":"service","placement":"underground","from":"water-T-218","to":"water-N-P-00164","lengthM":7.19,"sizeMm":19,"diameterIn":0.75,"nominalLabel":"3/4\" copper","depthM":1.7,"zone":0}},{"type":"Feature","id":"water-E769","geometry":{"type":"LineString","coordinates":[[-80.601514,43.2984041],[-80.6014536,43.2984001],[-80.601439,43.2984171]]},"properties":{"kind":"service","tier":"service","placement":"underground","from":"water-T-219","to":"water-N-P-00165","lengthM":7.15,"sizeMm":19,"diameterIn":0.75,"nominalLabel":"3/4\" copper","depthM":1.7,"zone":0}},{"type":"Feature","id":"water-E770","geometry":{"type":"LineString","coordinates":[[-80.6014945,43.2985774],[-80.6014339,43.2985749],[-80.60142,43.2985923]]},"properties":{"kind":"service","tier":"service","placement":"underground","from":"water-T-220","to":"water-N-P-00166","lengthM":7.15,"sizeMm":19,"diameterIn":0.75,"nominalLabel":"3/4\" copper","depthM":1.7,"zone":0}},{"type":"Feature","id":"water-E771","geometry":{"type":"LineString","coordinates":[[-80.6015015,43.2992878],[-80.6014415,43.2992918],[-80.6014311,43.2993104]]},"properties":{"kind":"service","tier":"service","placement":"underground","from":"water-T-221","to":"water-N-P-00167","lengthM":7.12,"sizeMm":19,"diameterIn":0.75,"nominalLabel":"3/4\" copper","depthM":1.7,"zone":0}},{"type":"Feature","id":"water-E772","geometry":{"type":"LineString","coordinates":[[-80.601637,43.2977323],[-80.601576,43.2977257],[-80.6015674,43.2977066]]},"properties":{"kind":"service","tier":"service","placement":"underground","from":"water-T-222","to":"water-N-P-00168","lengthM":7.24,"sizeMm":19,"diameterIn":0.75,"nominalLabel":"3/4\" copper","depthM":1.7,"zone":0}},{"type":"Feature","id":"water-E773","geometry":{"type":"LineString","coordinates":[[-80.6016681,43.2975769],[-80.6016069,43.2975706],[-80.6015982,43.2975516]]},"properties":{"kind":"service","tier":"service","placement":"underground","from":"water-T-223","to":"water-N-P-00169","lengthM":7.24,"sizeMm":19,"diameterIn":0.75,"nominalLabel":"3/4\" copper","depthM":1.7,"zone":0}},{"type":"Feature","id":"water-E774","geometry":{"type":"LineString","coordinates":[[-80.6016962,43.2974265],[-80.6016346,43.297421],[-80.6016254,43.297402]]},"properties":{"kind":"service","tier":"service","placement":"underground","from":"water-T-224","to":"water-N-P-00170","lengthM":7.27,"sizeMm":19,"diameterIn":0.75,"nominalLabel":"3/4\" copper","depthM":1.7,"zone":0}},{"type":"Feature","id":"water-E775","geometry":{"type":"LineString","coordinates":[[-80.6017209,43.2972778],[-80.6016582,43.2972734],[-80.6016486,43.2972546]]},"properties":{"kind":"service","tier":"service","placement":"underground","from":"water-T-225","to":"water-N-P-00171","lengthM":7.34,"sizeMm":19,"diameterIn":0.75,"nominalLabel":"3/4\" copper","depthM":1.7,"zone":0}},{"type":"Feature","id":"water-E776","geometry":{"type":"LineString","coordinates":[[-80.6017412,43.2971249],[-80.6016785,43.2971206],[-80.6016683,43.2971019]]},"properties":{"kind":"service","tier":"service","placement":"underground","from":"water-T-226","to":"water-N-P-00172","lengthM":7.34,"sizeMm":19,"diameterIn":0.75,"nominalLabel":"3/4\" copper","depthM":1.7,"zone":0}},{"type":"Feature","id":"water-E777","geometry":{"type":"LineString","coordinates":[[-80.6016947,43.2974357],[-80.6018656,43.2974509],[-80.601881,43.2974343]]},"properties":{"kind":"service","tier":"service","placement":"underground","from":"water-T-227","to":"water-N-P-00173","lengthM":16.19,"sizeMm":19,"diameterIn":0.75,"nominalLabel":"3/4\" copper","depthM":1.7,"zone":0}},{"type":"Feature","id":"water-E778","geometry":{"type":"LineString","coordinates":[[-80.6017205,43.2972813],[-80.6018912,43.2972933],[-80.6019061,43.2972764]]},"properties":{"kind":"service","tier":"service","placement":"underground","from":"water-T-228","to":"water-N-P-00174","lengthM":16.13,"sizeMm":19,"diameterIn":0.75,"nominalLabel":"3/4\" copper","depthM":1.7,"zone":0}},{"type":"Feature","id":"water-E779","geometry":{"type":"LineString","coordinates":[[-80.6017414,43.2971232],[-80.6019121,43.2971351],[-80.6019264,43.297118]]},"properties":{"kind":"service","tier":"service","placement":"underground","from":"water-T-229","to":"water-N-P-00175","lengthM":16.12,"sizeMm":25,"diameterIn":0.98,"nominalLabel":"1\" copper","depthM":1.7,"zone":0}},{"type":"Feature","id":"water-E780","geometry":{"type":"LineString","coordinates":[[-80.6017555,43.2969714],[-80.6019271,43.2969794],[-80.6019408,43.2969619]]},"properties":{"kind":"service","tier":"service","placement":"underground","from":"water-T-230","to":"water-N-P-00176","lengthM":16.17,"sizeMm":25,"diameterIn":0.98,"nominalLabel":"1\" copper","depthM":1.7,"zone":0}},{"type":"Feature","id":"water-E781","geometry":{"type":"LineString","coordinates":[[-80.6015138,43.2999549],[-80.6016855,43.2999662],[-80.6016955,43.2999849]]},"properties":{"kind":"service","tier":"service","placement":"underground","from":"water-T-231","to":"water-N-P-00177","lengthM":16.2,"sizeMm":19,"diameterIn":0.75,"nominalLabel":"3/4\" copper","depthM":1.7,"zone":0}},{"type":"Feature","id":"water-E782","geometry":{"type":"LineString","coordinates":[[-80.6014902,43.3001224],[-80.6016618,43.3001358],[-80.6016714,43.3001546]]},"properties":{"kind":"service","tier":"service","placement":"underground","from":"water-T-232","to":"water-N-P-00178","lengthM":16.21,"sizeMm":19,"diameterIn":0.75,"nominalLabel":"3/4\" copper","depthM":1.7,"zone":0}},{"type":"Feature","id":"water-E783","geometry":{"type":"LineString","coordinates":[[-80.6014637,43.30029],[-80.6016353,43.3003048],[-80.6016446,43.3003237]]},"properties":{"kind":"service","tier":"service","placement":"underground","from":"water-T-233","to":"water-N-P-00179","lengthM":16.23,"sizeMm":19,"diameterIn":0.75,"nominalLabel":"3/4\" copper","depthM":1.7,"zone":0}},{"type":"Feature","id":"water-E784","geometry":{"type":"LineString","coordinates":[[-80.601437,43.3004497],[-80.6016085,43.3004652],[-80.6016177,43.3004841]]},"properties":{"kind":"service","tier":"service","placement":"underground","from":"water-T-234","to":"water-N-P-00180","lengthM":16.24,"sizeMm":19,"diameterIn":0.75,"nominalLabel":"3/4\" copper","depthM":1.7,"zone":0}},{"type":"Feature","id":"water-E785","geometry":{"type":"LineString","coordinates":[[-80.6014074,43.3006243],[-80.6015789,43.3006397],[-80.6015881,43.3006586]]},"properties":{"kind":"service","tier":"service","placement":"underground","from":"water-T-235","to":"water-N-P-00181","lengthM":16.24,"sizeMm":19,"diameterIn":0.75,"nominalLabel":"3/4\" copper","depthM":1.7,"zone":0}},{"type":"Feature","id":"water-E786","geometry":{"type":"LineString","coordinates":[[-80.6013792,43.3007959],[-80.6015508,43.3008103],[-80.6015603,43.3008292]]},"properties":{"kind":"service","tier":"service","placement":"underground","from":"water-T-236","to":"water-N-P-00182","lengthM":16.24,"sizeMm":25,"diameterIn":0.98,"nominalLabel":"1\" copper","depthM":1.7,"zone":0}},{"type":"Feature","id":"water-E787","geometry":{"type":"LineString","coordinates":[[-80.6013533,43.300967],[-80.6015254,43.3009798],[-80.6015352,43.3009986]]},"properties":{"kind":"service","tier":"service","placement":"underground","from":"water-T-237","to":"water-N-P-00183","lengthM":16.25,"sizeMm":25,"diameterIn":0.98,"nominalLabel":"1\" copper","depthM":1.7,"zone":0}},{"type":"Feature","id":"water-E788","geometry":{"type":"LineString","coordinates":[[-80.6013306,43.3011415],[-80.601503,43.3011519],[-80.6015132,43.3011706]]},"properties":{"kind":"service","tier":"service","placement":"underground","from":"water-T-238","to":"water-N-P-00184","lengthM":16.25,"sizeMm":19,"diameterIn":0.75,"nominalLabel":"3/4\" copper","depthM":1.7,"zone":0}},{"type":"Feature","id":"water-E789","geometry":{"type":"LineString","coordinates":[[-80.601313,43.3013106],[-80.6014861,43.3013182],[-80.6014968,43.3013367]]},"properties":{"kind":"service","tier":"service","placement":"underground","from":"water-T-239","to":"water-N-P-00185","lengthM":16.28,"sizeMm":19,"diameterIn":0.75,"nominalLabel":"3/4\" copper","depthM":1.7,"zone":0}},{"type":"Feature","id":"water-E790","geometry":{"type":"LineString","coordinates":[[-80.6013007,43.3014815],[-80.6014741,43.3014857],[-80.6014854,43.301504]]},"properties":{"kind":"service","tier":"service","placement":"underground","from":"water-T-240","to":"water-N-P-00186","lengthM":16.29,"sizeMm":19,"diameterIn":0.75,"nominalLabel":"3/4\" copper","depthM":1.7,"zone":0}},{"type":"Feature","id":"water-E791","geometry":{"type":"LineString","coordinates":[[-80.6012942,43.3016498],[-80.6014681,43.3016504],[-80.6014801,43.3016685]]},"properties":{"kind":"service","tier":"service","placement":"underground","from":"water-T-241","to":"water-N-P-00187","lengthM":16.32,"sizeMm":25,"diameterIn":0.98,"nominalLabel":"1\" copper","depthM":1.7,"zone":0}},{"type":"Feature","id":"water-E792","geometry":{"type":"LineString","coordinates":[[-80.6012939,43.3018192],[-80.6014679,43.3018162],[-80.6014806,43.301834]]},"properties":{"kind":"service","tier":"service","placement":"underground","from":"water-T-242","to":"water-N-P-00188","lengthM":16.34,"sizeMm":25,"diameterIn":0.98,"nominalLabel":"1\" copper","depthM":1.7,"zone":0}},{"type":"Feature","id":"water-E793","geometry":{"type":"LineString","coordinates":[[-80.6013001,43.301994],[-80.6014741,43.3019877],[-80.6014874,43.3020053]]},"properties":{"kind":"service","tier":"service","placement":"underground","from":"water-T-243","to":"water-N-P-00189","lengthM":16.35,"sizeMm":25,"diameterIn":0.98,"nominalLabel":"1\" copper","depthM":1.7,"zone":0}},{"type":"Feature","id":"water-E794","geometry":{"type":"LineString","coordinates":[[-80.6013119,43.3021627],[-80.6014855,43.3021532],[-80.6014994,43.3021705]]},"properties":{"kind":"service","tier":"service","placement":"underground","from":"water-T-244","to":"water-N-P-00190","lengthM":16.34,"sizeMm":19,"diameterIn":0.75,"nominalLabel":"3/4\" copper","depthM":1.7,"zone":0}},{"type":"Feature","id":"water-E795","geometry":{"type":"LineString","coordinates":[[-80.6013293,43.3023304],[-80.6015028,43.3023208],[-80.6015171,43.3023379]]},"properties":{"kind":"service","tier":"service","placement":"underground","from":"water-T-245","to":"water-N-P-00191","lengthM":16.33,"sizeMm":19,"diameterIn":0.75,"nominalLabel":"3/4\" copper","depthM":1.7,"zone":0}},{"type":"Feature","id":"water-E796","geometry":{"type":"LineString","coordinates":[[-80.6013512,43.3024984],[-80.6015238,43.3024864],[-80.6015385,43.3025033]]},"properties":{"kind":"service","tier":"service","placement":"underground","from":"water-T-246","to":"water-N-P-00192","lengthM":16.28,"sizeMm":25,"diameterIn":0.98,"nominalLabel":"1\" copper","depthM":1.7,"zone":0}},{"type":"Feature","id":"water-E797","geometry":{"type":"LineString","coordinates":[[-80.6013765,43.302666],[-80.6015485,43.3026519],[-80.6015636,43.3026688]]},"properties":{"kind":"service","tier":"service","placement":"underground","from":"water-T-247","to":"water-N-P-00193","lengthM":16.26,"sizeMm":25,"diameterIn":0.98,"nominalLabel":"1\" copper","depthM":1.7,"zone":0}},{"type":"Feature","id":"water-E798","geometry":{"type":"LineString","coordinates":[[-80.6014038,43.3028333],[-80.6015754,43.3028182],[-80.6015907,43.3028349]]},"properties":{"kind":"service","tier":"service","placement":"underground","from":"water-T-248","to":"water-N-P-00194","lengthM":16.24,"sizeMm":25,"diameterIn":0.98,"nominalLabel":"1\" copper","depthM":1.7,"zone":0}},{"type":"Feature","id":"water-E799","geometry":{"type":"LineString","coordinates":[[-80.6014304,43.3029902],[-80.6016019,43.3029747],[-80.6016172,43.3029914]]},"properties":{"kind":"service","tier":"service","placement":"underground","from":"water-T-249","to":"water-N-P-00195","lengthM":16.23,"sizeMm":19,"diameterIn":0.75,"nominalLabel":"3/4\" copper","depthM":1.7,"zone":0}},{"type":"Feature","id":"water-E800","geometry":{"type":"LineString","coordinates":[[-80.6014597,43.3031636],[-80.6016311,43.3031484],[-80.6016463,43.3031652]]},"properties":{"kind":"service","tier":"service","placement":"underground","from":"water-T-250","to":"water-N-P-00196","lengthM":16.23,"sizeMm":25,"diameterIn":0.98,"nominalLabel":"1\" copper","depthM":1.7,"zone":0}},{"type":"Feature","id":"water-E801","geometry":{"type":"LineString","coordinates":[[-80.6015149,43.2999464],[-80.601453,43.2999424],[-80.6014384,43.2999594]]},"properties":{"kind":"service","tier":"service","placement":"underground","from":"water-T-251","to":"water-N-P-00197","lengthM":7.27,"sizeMm":19,"diameterIn":0.75,"nominalLabel":"3/4\" copper","depthM":1.7,"zone":0}},{"type":"Feature","id":"water-E802","geometry":{"type":"LineString","coordinates":[[-80.6014911,43.3001163],[-80.6014296,43.3001115],[-80.6014146,43.3001284]]},"properties":{"kind":"service","tier":"service","placement":"underground","from":"water-T-252","to":"water-N-P-00198","lengthM":7.25,"sizeMm":19,"diameterIn":0.75,"nominalLabel":"3/4\" copper","depthM":1.7,"zone":0}},{"type":"Feature","id":"water-E803","geometry":{"type":"LineString","coordinates":[[-80.6014653,43.3002802],[-80.601404,43.3002749],[-80.6013889,43.3002917]]},"properties":{"kind":"service","tier":"service","placement":"underground","from":"water-T-253","to":"water-N-P-00199","lengthM":7.24,"sizeMm":25,"diameterIn":0.98,"nominalLabel":"1\" copper","depthM":1.7,"zone":0}},{"type":"Feature","id":"water-E804","geometry":{"type":"LineString","coordinates":[[-80.601437,43.3004495],[-80.6013758,43.300444],[-80.6013605,43.3004607]]},"properties":{"kind":"service","tier":"service","placement":"underground","from":"water-T-254","to":"water-N-P-00200","lengthM":7.24,"sizeMm":19,"diameterIn":0.75,"nominalLabel":"3/4\" copper","depthM":1.7,"zone":0}},{"type":"Feature","id":"water-E805","geometry":{"type":"LineString","coordinates":[[-80.6014071,43.300626],[-80.6013458,43.3006205],[-80.6013305,43.3006373]]},"properties":{"kind":"service","tier":"service","placement":"underground","from":"water-T-255","to":"water-N-P-00201","lengthM":7.24,"sizeMm":19,"diameterIn":0.75,"nominalLabel":"3/4\" copper","depthM":1.7,"zone":0}},{"type":"Feature","id":"water-E806","geometry":{"type":"LineString","coordinates":[[-80.6014342,43.3007601],[-80.6013179,43.3007908],[-80.6013028,43.3008076]]},"properties":{"kind":"service","tier":"service","placement":"underground","from":"water-T-256","to":"water-N-P-00202","lengthM":12.26,"sizeMm":19,"diameterIn":0.75,"nominalLabel":"3/4\" copper","depthM":1.7,"zone":0}},{"type":"Feature","id":"water-E807","geometry":{"type":"LineString","coordinates":[[-80.6013548,43.3009568],[-80.6012935,43.3009523],[-80.6012787,43.3009692]]},"properties":{"kind":"service","tier":"service","placement":"underground","from":"water-T-257","to":"water-N-P-00203","lengthM":7.22,"sizeMm":19,"diameterIn":0.75,"nominalLabel":"3/4\" copper","depthM":1.7,"zone":0}},{"type":"Feature","id":"water-E808","geometry":{"type":"LineString","coordinates":[[-80.6013338,43.3011129],[-80.6012729,43.3011092],[-80.6012584,43.3011263]]},"properties":{"kind":"service","tier":"service","placement":"underground","from":"water-T-258","to":"water-N-P-00204","lengthM":7.19,"sizeMm":19,"diameterIn":0.75,"nominalLabel":"3/4\" copper","depthM":1.7,"zone":0}},{"type":"Feature","id":"water-E809","geometry":{"type":"LineString","coordinates":[[-80.6013161,43.3012735],[-80.6012555,43.3012709],[-80.6012415,43.3012882]]},"properties":{"kind":"service","tier":"service","placement":"underground","from":"water-T-259","to":"water-N-P-00205","lengthM":7.15,"sizeMm":25,"diameterIn":0.98,"nominalLabel":"1\" copper","depthM":1.7,"zone":0}},{"type":"Feature","id":"water-E810","geometry":{"type":"LineString","coordinates":[[-80.6013021,43.301449],[-80.6012419,43.3014475],[-80.6012285,43.301465]]},"properties":{"kind":"service","tier":"service","placement":"underground","from":"water-T-260","to":"water-N-P-00206","lengthM":7.12,"sizeMm":19,"diameterIn":0.75,"nominalLabel":"3/4\" copper","depthM":1.7,"zone":0}},{"type":"Feature","id":"water-E811","geometry":{"type":"LineString","coordinates":[[-80.6012944,43.3016286],[-80.6012341,43.3016283],[-80.6012214,43.3016461]]},"properties":{"kind":"service","tier":"service","placement":"underground","from":"water-T-261","to":"water-N-P-00207","lengthM":7.12,"sizeMm":19,"diameterIn":0.75,"nominalLabel":"3/4\" copper","depthM":1.7,"zone":0}},{"type":"Feature","id":"water-E812","geometry":{"type":"LineString","coordinates":[[-80.6012932,43.301797],[-80.6012331,43.3017969],[-80.6012209,43.3018149]]},"properties":{"kind":"service","tier":"service","placement":"underground","from":"water-T-262","to":"water-N-P-00208","lengthM":7.11,"sizeMm":19,"diameterIn":0.75,"nominalLabel":"3/4\" copper","depthM":1.7,"zone":0}},{"type":"Feature","id":"water-E813","geometry":{"type":"LineString","coordinates":[[-80.6012984,43.3019581],[-80.6012378,43.3019592],[-80.6012263,43.3019775]]},"properties":{"kind":"service","tier":"service","placement":"underground","from":"water-T-263","to":"water-N-P-00209","lengthM":7.15,"sizeMm":25,"diameterIn":0.98,"nominalLabel":"1\" copper","depthM":1.7,"zone":0}},{"type":"Feature","id":"water-E814","geometry":{"type":"LineString","coordinates":[[-80.6013093,43.3021257],[-80.6012485,43.302128],[-80.6012376,43.3021464]]},"properties":{"kind":"service","tier":"service","placement":"underground","from":"water-T-264","to":"water-N-P-00210","lengthM":7.16,"sizeMm":25,"diameterIn":0.98,"nominalLabel":"1\" copper","depthM":1.7,"zone":0}},{"type":"Feature","id":"water-E815","geometry":{"type":"LineString","coordinates":[[-80.6013249,43.3022878],[-80.6012637,43.3022911],[-80.6012533,43.3023098]]},"properties":{"kind":"service","tier":"service","placement":"underground","from":"water-T-265","to":"water-N-P-00211","lengthM":7.21,"sizeMm":19,"diameterIn":0.75,"nominalLabel":"3/4\" copper","depthM":1.7,"zone":0}},{"type":"Feature","id":"water-E816","geometry":{"type":"LineString","coordinates":[[-80.6013456,43.3024565],[-80.6012845,43.3024608],[-80.6012747,43.3024795]]},"properties":{"kind":"service","tier":"service","placement":"underground","from":"water-T-266","to":"water-N-P-00212","lengthM":7.21,"sizeMm":19,"diameterIn":0.75,"nominalLabel":"3/4\" copper","depthM":1.7,"zone":0}},{"type":"Feature","id":"water-E817","geometry":{"type":"LineString","coordinates":[[-80.6013709,43.3026301],[-80.6013097,43.3026351],[-80.6013001,43.302654]]},"properties":{"kind":"service","tier":"service","placement":"underground","from":"water-T-267","to":"water-N-P-00213","lengthM":7.23,"sizeMm":19,"diameterIn":0.75,"nominalLabel":"3/4\" copper","depthM":1.7,"zone":0}},{"type":"Feature","id":"water-E818","geometry":{"type":"LineString","coordinates":[[-80.6013975,43.3027951],[-80.6013362,43.3028004],[-80.6013269,43.3028194]]},"properties":{"kind":"service","tier":"service","placement":"underground","from":"water-T-268","to":"water-N-P-00214","lengthM":7.24,"sizeMm":19,"diameterIn":0.75,"nominalLabel":"3/4\" copper","depthM":1.7,"zone":0}},{"type":"Feature","id":"water-E819","geometry":{"type":"LineString","coordinates":[[-80.5998353,43.2998965],[-80.6000079,43.2999013],[-80.6000193,43.2999196]]},"properties":{"kind":"service","tier":"service","placement":"underground","from":"water-T-269","to":"water-N-P-00215","lengthM":16.24,"sizeMm":19,"diameterIn":0.75,"nominalLabel":"3/4\" copper","depthM":1.7,"zone":0}},{"type":"Feature","id":"water-E820","geometry":{"type":"LineString","coordinates":[[-80.5998255,43.3000436],[-80.5999974,43.3000521],[-80.6000082,43.3000706]]},"properties":{"kind":"service","tier":"service","placement":"underground","from":"water-T-270","to":"water-N-P-00216","lengthM":16.19,"sizeMm":19,"diameterIn":0.75,"nominalLabel":"3/4\" copper","depthM":1.7,"zone":0}},{"type":"Feature","id":"water-E821","geometry":{"type":"LineString","coordinates":[[-80.5998121,43.3001832],[-80.599983,43.3001952],[-80.5999932,43.3002138]]},"properties":{"kind":"service","tier":"service","placement":"underground","from":"water-T-271","to":"water-N-P-00217","lengthM":16.15,"sizeMm":25,"diameterIn":0.98,"nominalLabel":"1\" copper","depthM":1.7,"zone":0}},{"type":"Feature","id":"water-E822","geometry":{"type":"LineString","coordinates":[[-80.5997942,43.3003182],[-80.5999657,43.3003302],[-80.5999755,43.300349]]},"properties":{"kind":"service","tier":"service","placement":"underground","from":"water-T-272","to":"water-N-P-00218","lengthM":16.2,"sizeMm":19,"diameterIn":0.75,"nominalLabel":"3/4\" copper","depthM":1.7,"zone":0}},{"type":"Feature","id":"water-E823","geometry":{"type":"LineString","coordinates":[[-80.5997723,43.300458],[-80.5999438,43.300473],[-80.5999532,43.3004919]]},"properties":{"kind":"service","tier":"service","placement":"underground","from":"water-T-273","to":"water-N-P-00219","lengthM":16.24,"sizeMm":25,"diameterIn":0.98,"nominalLabel":"1\" copper","depthM":1.7,"zone":0}},{"type":"Feature","id":"water-E824","geometry":{"type":"LineString","coordinates":[[-80.599747,43.3006006],[-80.5999181,43.3006179],[-80.599927,43.3006369]]},"properties":{"kind":"service","tier":"service","placement":"underground","from":"water-T-274","to":"water-N-P-00220","lengthM":16.24,"sizeMm":19,"diameterIn":0.75,"nominalLabel":"3/4\" copper","depthM":1.7,"zone":0}},{"type":"Feature","id":"water-E825","geometry":{"type":"LineString","coordinates":[[-80.5997449,43.3006116],[-80.5996837,43.3006054],[-80.5996681,43.300622]]},"properties":{"kind":"service","tier":"service","placement":"underground","from":"water-T-275","to":"water-N-P-00221","lengthM":7.24,"sizeMm":25,"diameterIn":0.98,"nominalLabel":"1\" copper","depthM":1.7,"zone":0}},{"type":"Feature","id":"water-E826","geometry":{"type":"LineString","coordinates":[[-80.5995163,43.3032192],[-80.599456,43.303224],[-80.5994408,43.3032073]]},"properties":{"kind":"service","tier":"service","placement":"underground","from":"water-T-276","to":"water-N-P-00222","lengthM":7.15,"sizeMm":19,"diameterIn":0.75,"nominalLabel":"3/4\" copper","depthM":1.7,"zone":0}},{"type":"Feature","id":"water-E827","geometry":{"type":"LineString","coordinates":[[-80.5994919,43.3030573],[-80.5994318,43.3030621],[-80.5994172,43.3030451]]},"properties":{"kind":"service","tier":"service","placement":"underground","from":"water-T-277","to":"water-N-P-00223","lengthM":7.13,"sizeMm":25,"diameterIn":0.98,"nominalLabel":"1\" copper","depthM":1.7,"zone":0}},{"type":"Feature","id":"water-E828","geometry":{"type":"LineString","coordinates":[[-80.5994744,43.3029044],[-80.5994139,43.302908],[-80.5993998,43.3028908]]},"properties":{"kind":"service","tier":"service","placement":"underground","from":"water-T-278","to":"water-N-P-00224","lengthM":7.15,"sizeMm":19,"diameterIn":0.75,"nominalLabel":"3/4\" copper","depthM":1.7,"zone":0}},{"type":"Feature","id":"water-E829","geometry":{"type":"LineString","coordinates":[[-80.5994608,43.3027379],[-80.5994001,43.3027403],[-80.5993866,43.3027227]]},"properties":{"kind":"service","tier":"service","placement":"underground","from":"water-T-279","to":"water-N-P-00225","lengthM":7.16,"sizeMm":25,"diameterIn":0.98,"nominalLabel":"1\" copper","depthM":1.7,"zone":0}},{"type":"Feature","id":"water-E830","geometry":{"type":"LineString","coordinates":[[-80.5994535,43.3025618],[-80.5993927,43.3025628],[-80.59938,43.302545]]},"properties":{"kind":"service","tier":"service","placement":"underground","from":"water-T-280","to":"water-N-P-00226","lengthM":7.16,"sizeMm":19,"diameterIn":0.75,"nominalLabel":"3/4\" copper","depthM":1.7,"zone":0}},{"type":"Feature","id":"water-E831","geometry":{"type":"LineString","coordinates":[[-80.5994535,43.3023885],[-80.5993924,43.302388],[-80.5993804,43.3023699]]},"properties":{"kind":"service","tier":"service","placement":"underground","from":"water-T-281","to":"water-N-P-00227","lengthM":7.19,"sizeMm":19,"diameterIn":0.75,"nominalLabel":"3/4\" copper","depthM":1.7,"zone":0}},{"type":"Feature","id":"water-E832","geometry":{"type":"LineString","coordinates":[[-80.5994599,43.3022322],[-80.5993983,43.3022303],[-80.599387,43.302212]]},"properties":{"kind":"service","tier":"service","placement":"underground","from":"water-T-282","to":"water-N-P-00228","lengthM":7.24,"sizeMm":25,"diameterIn":0.98,"nominalLabel":"1\" copper","depthM":1.7,"zone":0}},{"type":"Feature","id":"water-E833","geometry":{"type":"LineString","coordinates":[[-80.5994725,43.3020709],[-80.5994111,43.3020677],[-80.5994005,43.3020492]]},"properties":{"kind":"service","tier":"service","placement":"underground","from":"water-T-283","to":"water-N-P-00229","lengthM":7.23,"sizeMm":19,"diameterIn":0.75,"nominalLabel":"3/4\" copper","depthM":1.7,"zone":0}},{"type":"Feature","id":"water-E834","geometry":{"type":"LineString","coordinates":[[-80.5994923,43.301898],[-80.5994311,43.3018936],[-80.5994212,43.3018749]]},"properties":{"kind":"service","tier":"service","placement":"underground","from":"water-T-284","to":"water-N-P-00230","lengthM":7.22,"sizeMm":19,"diameterIn":0.75,"nominalLabel":"3/4\" copper","depthM":1.7,"zone":0}},{"type":"Feature","id":"water-E835","geometry":{"type":"LineString","coordinates":[[-80.5995156,43.3017385],[-80.5994547,43.3017331],[-80.5994454,43.3017142]]},"properties":{"kind":"service","tier":"service","placement":"underground","from":"water-T-285","to":"water-N-P-00231","lengthM":7.21,"sizeMm":19,"diameterIn":0.75,"nominalLabel":"3/4\" copper","depthM":1.7,"zone":0}},{"type":"Feature","id":"water-E836","geometry":{"type":"LineString","coordinates":[[-80.599544,43.3015752],[-80.5994835,43.3015691],[-80.5994746,43.3015501]]},"properties":{"kind":"service","tier":"service","placement":"underground","from":"water-T-286","to":"water-N-P-00232","lengthM":7.18,"sizeMm":19,"diameterIn":0.75,"nominalLabel":"3/4\" copper","depthM":1.7,"zone":0}},{"type":"Feature","id":"water-E837","geometry":{"type":"LineString","coordinates":[[-80.5995758,43.3014122],[-80.5995152,43.3014054],[-80.5995066,43.3013864]]},"properties":{"kind":"service","tier":"service","placement":"underground","from":"water-T-287","to":"water-N-P-00233","lengthM":7.2,"sizeMm":19,"diameterIn":0.75,"nominalLabel":"3/4\" copper","depthM":1.7,"zone":0}},{"type":"Feature","id":"water-E838","geometry":{"type":"LineString","coordinates":[[-80.5996106,43.3012469],[-80.59955,43.3012399],[-80.5995416,43.3012207]]},"properties":{"kind":"service","tier":"service","placement":"underground","from":"water-T-288","to":"water-N-P-00234","lengthM":7.21,"sizeMm":19,"diameterIn":0.75,"nominalLabel":"3/4\" copper","depthM":1.7,"zone":0}},{"type":"Feature","id":"water-E839","geometry":{"type":"LineString","coordinates":[[-80.5996483,43.3010743],[-80.5995873,43.3010672],[-80.599579,43.301048]]},"properties":{"kind":"service","tier":"service","placement":"underground","from":"water-T-289","to":"water-N-P-00235","lengthM":7.24,"sizeMm":19,"diameterIn":0.75,"nominalLabel":"3/4\" copper","depthM":1.7,"zone":0}},{"type":"Feature","id":"water-E840","geometry":{"type":"LineString","coordinates":[[-80.5994847,43.3029943],[-80.5996573,43.3029838],[-80.5996675,43.3029651]]},"properties":{"kind":"service","tier":"service","placement":"underground","from":"water-T-290","to":"water-N-P-00236","lengthM":16.27,"sizeMm":19,"diameterIn":0.75,"nominalLabel":"3/4\" copper","depthM":1.7,"zone":0}},{"type":"Feature","id":"water-E841","geometry":{"type":"LineString","coordinates":[[-80.5994662,43.3028105],[-80.5996394,43.3028037],[-80.5996503,43.3027852]]},"properties":{"kind":"service","tier":"service","placement":"underground","from":"water-T-291","to":"water-N-P-00237","lengthM":16.28,"sizeMm":19,"diameterIn":0.75,"nominalLabel":"3/4\" copper","depthM":1.7,"zone":0}},{"type":"Feature","id":"water-E842","geometry":{"type":"LineString","coordinates":[[-80.5994558,43.3026367],[-80.599629,43.3026338],[-80.5996407,43.3026156]]},"properties":{"kind":"service","tier":"service","placement":"underground","from":"water-T-292","to":"water-N-P-00238","lengthM":16.27,"sizeMm":19,"diameterIn":0.75,"nominalLabel":"3/4\" copper","depthM":1.7,"zone":0}},{"type":"Feature","id":"water-E843","geometry":{"type":"LineString","coordinates":[[-80.5994525,43.302466],[-80.5996263,43.3024671],[-80.5996387,43.3024492]]},"properties":{"kind":"service","tier":"service","placement":"underground","from":"water-T-293","to":"water-N-P-00239","lengthM":16.31,"sizeMm":19,"diameterIn":0.75,"nominalLabel":"3/4\" copper","depthM":1.7,"zone":0}},{"type":"Feature","id":"water-E844","geometry":{"type":"LineString","coordinates":[[-80.5994566,43.3022903],[-80.5996302,43.3022955],[-80.5996434,43.3022779]]},"properties":{"kind":"service","tier":"service","placement":"underground","from":"water-T-294","to":"water-N-P-00240","lengthM":16.31,"sizeMm":19,"diameterIn":0.75,"nominalLabel":"3/4\" copper","depthM":1.7,"zone":0}},{"type":"Feature","id":"water-E845","geometry":{"type":"LineString","coordinates":[[-80.5994679,43.3021183],[-80.5996414,43.3021274],[-80.5996552,43.30211]]},"properties":{"kind":"service","tier":"service","placement":"underground","from":"water-T-295","to":"water-N-P-00241","lengthM":16.33,"sizeMm":19,"diameterIn":0.75,"nominalLabel":"3/4\" copper","depthM":1.7,"zone":0}},{"type":"Feature","id":"water-E846","geometry":{"type":"LineString","coordinates":[[-80.5994861,43.3019443],[-80.5996591,43.3019567],[-80.5996736,43.3019396]]},"properties":{"kind":"service","tier":"service","placement":"underground","from":"water-T-296","to":"water-N-P-00242","lengthM":16.32,"sizeMm":19,"diameterIn":0.75,"nominalLabel":"3/4\" copper","depthM":1.7,"zone":0}},{"type":"Feature","id":"water-E847","geometry":{"type":"LineString","coordinates":[[-80.5995111,43.3017657],[-80.5996837,43.301781],[-80.5996988,43.3017642]]},"properties":{"kind":"service","tier":"service","placement":"underground","from":"water-T-297","to":"water-N-P-00243","lengthM":16.33,"sizeMm":19,"diameterIn":0.75,"nominalLabel":"3/4\" copper","depthM":1.7,"zone":0}},{"type":"Feature","id":"water-E848","geometry":{"type":"LineString","coordinates":[[-80.5995401,43.3015951],[-80.599712,43.3016127],[-80.5997275,43.301596]]},"properties":{"kind":"service","tier":"service","placement":"underground","from":"water-T-298","to":"water-N-P-00244","lengthM":16.3,"sizeMm":25,"diameterIn":0.98,"nominalLabel":"1\" copper","depthM":1.7,"zone":0}},{"type":"Feature","id":"water-E849","geometry":{"type":"LineString","coordinates":[[-80.5995716,43.3014321],[-80.5997435,43.3014497],[-80.5997593,43.3014332]]},"properties":{"kind":"service","tier":"service","placement":"underground","from":"water-T-299","to":"water-N-P-00245","lengthM":16.29,"sizeMm":19,"diameterIn":0.75,"nominalLabel":"3/4\" copper","depthM":1.7,"zone":0}},{"type":"Feature","id":"water-E850","geometry":{"type":"LineString","coordinates":[[-80.599609,43.301254],[-80.5997802,43.3012731],[-80.5997962,43.3012567]]},"properties":{"kind":"service","tier":"service","placement":"underground","from":"water-T-300","to":"water-N-P-00246","lengthM":16.26,"sizeMm":19,"diameterIn":0.75,"nominalLabel":"3/4\" copper","depthM":1.7,"zone":0}},{"type":"Feature","id":"water-E851","geometry":{"type":"LineString","coordinates":[[-80.5996465,43.3010821],[-80.5998172,43.3011018],[-80.5998333,43.3010855]]},"properties":{"kind":"service","tier":"service","placement":"underground","from":"water-T-301","to":"water-N-P-00247","lengthM":16.24,"sizeMm":19,"diameterIn":0.75,"nominalLabel":"3/4\" copper","depthM":1.7,"zone":0}},{"type":"Feature","id":"water-E852","geometry":{"type":"LineString","coordinates":[[-80.5996819,43.3009204],[-80.5998537,43.3009404],[-80.59987,43.3009242]]},"properties":{"kind":"service","tier":"service","placement":"underground","from":"water-T-302","to":"water-N-P-00248","lengthM":16.34,"sizeMm":19,"diameterIn":0.75,"nominalLabel":"3/4\" copper","depthM":1.7,"zone":0}},{"type":"Feature","id":"water-E853","geometry":{"type":"LineString","coordinates":[[-80.5993065,43.3007239],[-80.5993065,43.3008496],[-80.5992818,43.3008586]]},"properties":{"kind":"service","tier":"service","placement":"underground","from":"water-T-303","to":"water-N-P-00249","lengthM":16.24,"sizeMm":19,"diameterIn":0.75,"nominalLabel":"3/4\" copper","depthM":1.7,"zone":0}},{"type":"Feature","id":"water-E854","geometry":{"type":"LineString","coordinates":[[-80.5990727,43.3007239],[-80.5990727,43.3008496],[-80.599048,43.3008586]]},"properties":{"kind":"service","tier":"service","placement":"underground","from":"water-T-304","to":"water-N-P-00250","lengthM":16.24,"sizeMm":19,"diameterIn":0.75,"nominalLabel":"3/4\" copper","depthM":1.7,"zone":0}},{"type":"Feature","id":"water-E855","geometry":{"type":"LineString","coordinates":[[-80.5993185,43.3007239],[-80.5993185,43.3006789],[-80.5992938,43.30067]]},"properties":{"kind":"service","tier":"service","placement":"underground","from":"water-T-305","to":"water-N-P-00251","lengthM":7.24,"sizeMm":19,"diameterIn":0.75,"nominalLabel":"3/4\" copper","depthM":1.7,"zone":0}},{"type":"Feature","id":"water-E856","geometry":{"type":"LineString","coordinates":[[-80.5990786,43.3007239],[-80.5990786,43.3006789],[-80.5990539,43.30067]]},"properties":{"kind":"service","tier":"service","placement":"underground","from":"water-T-306","to":"water-N-P-00252","lengthM":7.24,"sizeMm":25,"diameterIn":0.98,"nominalLabel":"1\" copper","depthM":1.7,"zone":0}},{"type":"Feature","id":"water-E857","geometry":{"type":"LineString","coordinates":[[-80.5996789,43.2988503],[-80.5995053,43.2988478],[-80.5994936,43.2988296]]},"properties":{"kind":"service","tier":"service","placement":"underground","from":"water-T-307","to":"water-N-P-00253","lengthM":16.3,"sizeMm":25,"diameterIn":0.98,"nominalLabel":"1\" copper","depthM":1.7,"zone":0}},{"type":"Feature","id":"water-E858","geometry":{"type":"LineString","coordinates":[[-80.5996831,43.2986933],[-80.5995091,43.2986937],[-80.599497,43.2986757]]},"properties":{"kind":"service","tier":"service","placement":"underground","from":"water-T-308","to":"water-N-P-00254","lengthM":16.33,"sizeMm":19,"diameterIn":0.75,"nominalLabel":"3/4\" copper","depthM":1.7,"zone":0}},{"type":"Feature","id":"water-E859","geometry":{"type":"LineString","coordinates":[[-80.5996823,43.2985489],[-80.599509,43.2985495],[-80.5994964,43.2985316]]},"properties":{"kind":"service","tier":"service","placement":"underground","from":"water-T-309","to":"water-N-P-00255","lengthM":16.28,"sizeMm":25,"diameterIn":0.98,"nominalLabel":"1\" copper","depthM":1.7,"zone":0}},{"type":"Feature","id":"water-E860","geometry":{"type":"LineString","coordinates":[[-80.599678,43.2984004],[-80.5995051,43.2984038],[-80.599492,43.2983861]]},"properties":{"kind":"service","tier":"service","placement":"underground","from":"water-T-310","to":"water-N-P-00256","lengthM":16.25,"sizeMm":25,"diameterIn":0.98,"nominalLabel":"1\" copper","depthM":1.7,"zone":0}},{"type":"Feature","id":"water-E861","geometry":{"type":"LineString","coordinates":[[-80.5996699,43.29825],[-80.5994973,43.2982561],[-80.5994837,43.2982386]]},"properties":{"kind":"service","tier":"service","placement":"underground","from":"water-T-311","to":"water-N-P-00257","lengthM":16.24,"sizeMm":25,"diameterIn":0.98,"nominalLabel":"1\" copper","depthM":1.7,"zone":0}},{"type":"Feature","id":"water-E862","geometry":{"type":"LineString","coordinates":[[-80.5996586,43.2981025],[-80.5994859,43.2981111],[-80.5994719,43.2980938]]},"properties":{"kind":"service","tier":"service","placement":"underground","from":"water-T-312","to":"water-N-P-00258","lengthM":16.26,"sizeMm":19,"diameterIn":0.75,"nominalLabel":"3/4\" copper","depthM":1.7,"zone":0}},{"type":"Feature","id":"water-E863","geometry":{"type":"LineString","coordinates":[[-80.599644,43.2979527],[-80.5994712,43.2979633],[-80.599457,43.2979461]]},"properties":{"kind":"service","tier":"service","placement":"underground","from":"water-T-313","to":"water-N-P-00259","lengthM":16.28,"sizeMm":25,"diameterIn":0.98,"nominalLabel":"1\" copper","depthM":1.7,"zone":0}},{"type":"Feature","id":"water-E864","geometry":{"type":"LineString","coordinates":[[-80.5996267,43.2978033],[-80.5994539,43.2978139],[-80.5994394,43.2977969]]},"properties":{"kind":"service","tier":"service","placement":"underground","from":"water-T-314","to":"water-N-P-00260","lengthM":16.28,"sizeMm":25,"diameterIn":0.98,"nominalLabel":"1\" copper","depthM":1.7,"zone":0}},{"type":"Feature","id":"water-E865","geometry":{"type":"LineString","coordinates":[[-80.5996063,43.2976488],[-80.5994341,43.2976609],[-80.5994194,43.2976439]]},"properties":{"kind":"service","tier":"service","placement":"underground","from":"water-T-315","to":"water-N-P-00261","lengthM":16.25,"sizeMm":19,"diameterIn":0.75,"nominalLabel":"3/4\" copper","depthM":1.7,"zone":0}},{"type":"Feature","id":"water-E866","geometry":{"type":"LineString","coordinates":[[-80.5995854,43.2974983],[-80.5994134,43.2975112],[-80.5993986,43.2974942]]},"properties":{"kind":"service","tier":"service","placement":"underground","from":"water-T-316","to":"water-N-P-00262","lengthM":16.24,"sizeMm":19,"diameterIn":0.75,"nominalLabel":"3/4\" copper","depthM":1.7,"zone":0}},{"type":"Feature","id":"water-E867","geometry":{"type":"LineString","coordinates":[[-80.5995637,43.2973472],[-80.5993918,43.2973603],[-80.5993769,43.2973434]]},"properties":{"kind":"service","tier":"service","placement":"underground","from":"water-T-317","to":"water-N-P-00263","lengthM":16.24,"sizeMm":25,"diameterIn":0.98,"nominalLabel":"1\" copper","depthM":1.7,"zone":0}},{"type":"Feature","id":"water-E868","geometry":{"type":"LineString","coordinates":[[-80.5995425,43.2971993],[-80.5993706,43.297212],[-80.5993558,43.2971951]]},"properties":{"kind":"service","tier":"service","placement":"underground","from":"water-T-318","to":"water-N-P-00264","lengthM":16.23,"sizeMm":19,"diameterIn":0.75,"nominalLabel":"3/4\" copper","depthM":1.7,"zone":0}},{"type":"Feature","id":"water-E869","geometry":{"type":"LineString","coordinates":[[-80.5995223,43.2970532],[-80.5993505,43.2970649],[-80.5993359,43.2970479]]},"properties":{"kind":"service","tier":"service","placement":"underground","from":"water-T-319","to":"water-N-P-00265","lengthM":16.21,"sizeMm":19,"diameterIn":0.75,"nominalLabel":"3/4\" copper","depthM":1.7,"zone":0}},{"type":"Feature","id":"water-E870","geometry":{"type":"LineString","coordinates":[[-80.5996703,43.2990137],[-80.5997315,43.2990156],[-80.5997449,43.2989981]]},"properties":{"kind":"service","tier":"service","placement":"underground","from":"water-T-320","to":"water-N-P-00266","lengthM":7.2,"sizeMm":19,"diameterIn":0.75,"nominalLabel":"3/4\" copper","depthM":1.7,"zone":0}},{"type":"Feature","id":"water-E871","geometry":{"type":"LineString","coordinates":[[-80.5996784,43.2988683],[-80.5997392,43.2988693],[-80.5997522,43.2988516]]},"properties":{"kind":"service","tier":"service","placement":"underground","from":"water-T-321","to":"water-N-P-00267","lengthM":7.16,"sizeMm":19,"diameterIn":0.75,"nominalLabel":"3/4\" copper","depthM":1.7,"zone":0}},{"type":"Feature","id":"water-E872","geometry":{"type":"LineString","coordinates":[[-80.5996825,43.2987198],[-80.5997433,43.2987206],[-80.5997559,43.2987028]]},"properties":{"kind":"service","tier":"service","placement":"underground","from":"water-T-322","to":"water-N-P-00268","lengthM":7.16,"sizeMm":19,"diameterIn":0.75,"nominalLabel":"3/4\" copper","depthM":1.7,"zone":0}},{"type":"Feature","id":"water-E873","geometry":{"type":"LineString","coordinates":[[-80.5996824,43.2985649],[-80.5997437,43.2985647],[-80.5997559,43.2985467]]},"properties":{"kind":"service","tier":"service","placement":"underground","from":"water-T-323","to":"water-N-P-00269","lengthM":7.2,"sizeMm":19,"diameterIn":0.75,"nominalLabel":"3/4\" copper","depthM":1.7,"zone":0}},{"type":"Feature","id":"water-E874","geometry":{"type":"LineString","coordinates":[[-80.5996785,43.2984135],[-80.5997401,43.2984123],[-80.5997518,43.2983941]]},"properties":{"kind":"service","tier":"service","placement":"underground","from":"water-T-324","to":"water-N-P-00270","lengthM":7.24,"sizeMm":25,"diameterIn":0.98,"nominalLabel":"1\" copper","depthM":1.7,"zone":0}},{"type":"Feature","id":"water-E875","geometry":{"type":"LineString","coordinates":[[-80.5996713,43.298271],[-80.5997329,43.2982688],[-80.599744,43.2982504]]},"properties":{"kind":"service","tier":"service","placement":"underground","from":"water-T-325","to":"water-N-P-00271","lengthM":7.23,"sizeMm":25,"diameterIn":0.98,"nominalLabel":"1\" copper","depthM":1.7,"zone":0}},{"type":"Feature","id":"water-E876","geometry":{"type":"LineString","coordinates":[[-80.59959,43.2975308],[-80.5996513,43.2975262],[-80.5996611,43.2975074]]},"properties":{"kind":"service","tier":"service","placement":"underground","from":"water-T-326","to":"water-N-P-00272","lengthM":7.24,"sizeMm":19,"diameterIn":0.75,"nominalLabel":"3/4\" copper","depthM":1.7,"zone":0}},{"type":"Feature","id":"water-E877","geometry":{"type":"LineString","coordinates":[[-80.59957,43.2973911],[-80.5996313,43.2973864],[-80.599641,43.2973675]]},"properties":{"kind":"service","tier":"service","placement":"underground","from":"water-T-327","to":"water-N-P-00273","lengthM":7.23,"sizeMm":19,"diameterIn":0.75,"nominalLabel":"3/4\" copper","depthM":1.7,"zone":0}},{"type":"Feature","id":"water-E878","geometry":{"type":"LineString","coordinates":[[-80.5995469,43.297231],[-80.5996085,43.2972264],[-80.5996182,43.2972076]]},"properties":{"kind":"service","tier":"service","placement":"underground","from":"water-T-328","to":"water-N-P-00274","lengthM":7.25,"sizeMm":19,"diameterIn":0.75,"nominalLabel":"3/4\" copper","depthM":1.7,"zone":0}},{"type":"Feature","id":"water-E879","geometry":{"type":"LineString","coordinates":[[-80.5995252,43.2970757],[-80.599587,43.2970711],[-80.5995968,43.2970523]]},"properties":{"kind":"service","tier":"service","placement":"underground","from":"water-T-329","to":"water-N-P-00275","lengthM":7.27,"sizeMm":25,"diameterIn":0.98,"nominalLabel":"1\" copper","depthM":1.7,"zone":0}},{"type":"Feature","id":"water-E880","geometry":{"type":"LineString","coordinates":[[-80.5995072,43.2969356],[-80.5995689,43.2969314],[-80.5995789,43.2969127]]},"properties":{"kind":"service","tier":"service","placement":"underground","from":"water-T-330","to":"water-N-P-00276","lengthM":7.26,"sizeMm":25,"diameterIn":0.98,"nominalLabel":"1\" copper","depthM":1.7,"zone":0}},{"type":"Feature","id":"water-E881","geometry":{"type":"LineString","coordinates":[[-80.5994899,43.296786],[-80.5995515,43.2967824],[-80.5995619,43.2967638]]},"properties":{"kind":"service","tier":"service","placement":"underground","from":"water-T-331","to":"water-N-P-00277","lengthM":7.25,"sizeMm":25,"diameterIn":0.98,"nominalLabel":"1\" copper","depthM":1.7,"zone":0}},{"type":"Feature","id":"water-E882","geometry":{"type":"LineString","coordinates":[[-80.5994749,43.2966318],[-80.5995365,43.2966289],[-80.5995472,43.2966104]]},"properties":{"kind":"service","tier":"service","placement":"underground","from":"water-T-332","to":"water-N-P-00278","lengthM":7.24,"sizeMm":19,"diameterIn":0.75,"nominalLabel":"3/4\" copper","depthM":1.7,"zone":0}},{"type":"Feature","id":"water-E883","geometry":{"type":"LineString","coordinates":[[-80.5994633,43.2964798],[-80.5995252,43.2964779],[-80.5995364,43.2964595]]},"properties":{"kind":"service","tier":"service","placement":"underground","from":"water-T-333","to":"water-N-P-00279","lengthM":7.26,"sizeMm":19,"diameterIn":0.75,"nominalLabel":"3/4\" copper","depthM":1.7,"zone":0}},{"type":"Feature","id":"water-E884","geometry":{"type":"LineString","coordinates":[[-80.5994554,43.2963339],[-80.5995178,43.2963329],[-80.5995295,43.2963147]]},"properties":{"kind":"service","tier":"service","placement":"underground","from":"water-T-334","to":"water-N-P-00280","lengthM":7.29,"sizeMm":19,"diameterIn":0.75,"nominalLabel":"3/4\" copper","depthM":1.7,"zone":0}},{"type":"Feature","id":"water-E885","geometry":{"type":"LineString","coordinates":[[-80.5987946,43.300614],[-80.5987329,43.3006129],[-80.5987212,43.3005947]]},"properties":{"kind":"service","tier":"service","placement":"underground","from":"water-T-335","to":"water-N-P-00281","lengthM":7.24,"sizeMm":19,"diameterIn":0.75,"nominalLabel":"3/4\" copper","depthM":1.7,"zone":0}},{"type":"Feature","id":"water-E886","geometry":{"type":"LineString","coordinates":[[-80.5987965,43.3004762],[-80.5987346,43.3004765],[-80.5987221,43.3004586]]},"properties":{"kind":"service","tier":"service","placement":"underground","from":"water-T-336","to":"water-N-P-00282","lengthM":7.25,"sizeMm":19,"diameterIn":0.75,"nominalLabel":"3/4\" copper","depthM":1.7,"zone":0}},{"type":"Feature","id":"water-E887","geometry":{"type":"LineString","coordinates":[[-80.598794,43.3003345],[-80.5987313,43.3003363],[-80.5987182,43.3003186]]},"properties":{"kind":"service","tier":"service","placement":"underground","from":"water-T-337","to":"water-N-P-00283","lengthM":7.32,"sizeMm":19,"diameterIn":0.75,"nominalLabel":"3/4\" copper","depthM":1.7,"zone":0}},{"type":"Feature","id":"water-E888","geometry":{"type":"LineString","coordinates":[[-80.5987864,43.300196],[-80.5987236,43.3001979],[-80.59871,43.3001804]]},"properties":{"kind":"service","tier":"service","placement":"underground","from":"water-T-338","to":"water-N-P-00284","lengthM":7.33,"sizeMm":25,"diameterIn":0.98,"nominalLabel":"1\" copper","depthM":1.7,"zone":0}},{"type":"Feature","id":"water-E889","geometry":{"type":"LineString","coordinates":[[-80.5987734,43.3000555],[-80.5987115,43.3000587],[-80.5986974,43.3000415]]},"properties":{"kind":"service","tier":"service","placement":"underground","from":"water-T-339","to":"water-N-P-00285","lengthM":7.26,"sizeMm":19,"diameterIn":0.75,"nominalLabel":"3/4\" copper","depthM":1.7,"zone":0}},{"type":"Feature","id":"water-E890","geometry":{"type":"LineString","coordinates":[[-80.5987563,43.2999132],[-80.5986948,43.2999176],[-80.5986801,43.2999006]]},"properties":{"kind":"service","tier":"service","placement":"underground","from":"water-T-340","to":"water-N-P-00286","lengthM":7.24,"sizeMm":19,"diameterIn":0.75,"nominalLabel":"3/4\" copper","depthM":1.7,"zone":0}},{"type":"Feature","id":"water-E891","geometry":{"type":"LineString","coordinates":[[-80.598735,43.299768],[-80.5986734,43.2997734],[-80.5986582,43.2997566]]},"properties":{"kind":"service","tier":"service","placement":"underground","from":"water-T-341","to":"water-N-P-00287","lengthM":7.26,"sizeMm":19,"diameterIn":0.75,"nominalLabel":"3/4\" copper","depthM":1.7,"zone":0}},{"type":"Feature","id":"water-E892","geometry":{"type":"LineString","coordinates":[[-80.598786,43.3001887],[-80.5989573,43.3001836],[-80.5989683,43.3001652]]},"properties":{"kind":"service","tier":"service","placement":"underground","from":"water-T-342","to":"water-N-P-00288","lengthM":16.13,"sizeMm":19,"diameterIn":0.75,"nominalLabel":"3/4\" copper","depthM":1.7,"zone":0}},{"type":"Feature","id":"water-E893","geometry":{"type":"LineString","coordinates":[[-80.5987725,43.3000465],[-80.5989444,43.3000377],[-80.5989548,43.3000191]]},"properties":{"kind":"service","tier":"service","placement":"underground","from":"water-T-343","to":"water-N-P-00289","lengthM":16.2,"sizeMm":19,"diameterIn":0.75,"nominalLabel":"3/4\" copper","depthM":1.7,"zone":0}},{"type":"Feature","id":"water-E894","geometry":{"type":"LineString","coordinates":[[-80.5987553,43.2999065],[-80.5989273,43.2998942],[-80.5989372,43.2998754]]},"properties":{"kind":"service","tier":"service","placement":"underground","from":"water-T-344","to":"water-N-P-00290","lengthM":16.24,"sizeMm":25,"diameterIn":0.98,"nominalLabel":"1\" copper","depthM":1.7,"zone":0}},{"type":"Feature","id":"water-E895","geometry":{"type":"LineString","coordinates":[[-80.5987365,43.3012062],[-80.5989078,43.3012199],[-80.5989172,43.3012388]]},"properties":{"kind":"service","tier":"service","placement":"underground","from":"water-T-345","to":"water-N-P-00291","lengthM":16.19,"sizeMm":19,"diameterIn":0.75,"nominalLabel":"3/4\" copper","depthM":1.7,"zone":0}},{"type":"Feature","id":"water-E896","geometry":{"type":"LineString","coordinates":[[-80.5987102,43.3013589],[-80.5988815,43.3013753],[-80.5988906,43.3013943]]},"properties":{"kind":"service","tier":"service","placement":"underground","from":"water-T-346","to":"water-N-P-00292","lengthM":16.24,"sizeMm":25,"diameterIn":0.98,"nominalLabel":"1\" copper","depthM":1.7,"zone":0}},{"type":"Feature","id":"water-E897","geometry":{"type":"LineString","coordinates":[[-80.5986836,43.3014982],[-80.5988546,43.3015165],[-80.5988632,43.3015356]]},"properties":{"kind":"service","tier":"service","placement":"underground","from":"water-T-347","to":"water-N-P-00293","lengthM":16.24,"sizeMm":19,"diameterIn":0.75,"nominalLabel":"3/4\" copper","depthM":1.7,"zone":0}},{"type":"Feature","id":"water-E898","geometry":{"type":"LineString","coordinates":[[-80.5986548,43.3016387],[-80.5988253,43.3016581],[-80.5988338,43.3016772]]},"properties":{"kind":"service","tier":"service","placement":"underground","from":"water-T-348","to":"water-N-P-00294","lengthM":16.21,"sizeMm":19,"diameterIn":0.75,"nominalLabel":"3/4\" copper","depthM":1.7,"zone":0}},{"type":"Feature","id":"water-E899","geometry":{"type":"LineString","coordinates":[[-80.5986224,43.3017895],[-80.5987929,43.3018093],[-80.5988012,43.3018285]]},"properties":{"kind":"service","tier":"service","placement":"underground","from":"water-T-349","to":"water-N-P-00295","lengthM":16.22,"sizeMm":19,"diameterIn":0.75,"nominalLabel":"3/4\" copper","depthM":1.7,"zone":0}},{"type":"Feature","id":"water-E900","geometry":{"type":"LineString","coordinates":[[-80.5985889,43.3019421],[-80.5987596,43.3019619],[-80.5987679,43.3019811]]},"properties":{"kind":"service","tier":"service","placement":"underground","from":"water-T-350","to":"water-N-P-00296","lengthM":16.25,"sizeMm":19,"diameterIn":0.75,"nominalLabel":"3/4\" copper","depthM":1.7,"zone":0}},{"type":"Feature","id":"water-E901","geometry":{"type":"LineString","coordinates":[[-80.5985568,43.3020906],[-80.5987276,43.3021101],[-80.598736,43.3021292]]},"properties":{"kind":"service","tier":"service","placement":"underground","from":"water-T-351","to":"water-N-P-00297","lengthM":16.24,"sizeMm":19,"diameterIn":0.75,"nominalLabel":"3/4\" copper","depthM":1.7,"zone":0}},{"type":"Feature","id":"water-E902","geometry":{"type":"LineString","coordinates":[[-80.5985251,43.3022439],[-80.5986961,43.3022622],[-80.5987048,43.3022812]]},"properties":{"kind":"service","tier":"service","placement":"underground","from":"water-T-352","to":"water-N-P-00298","lengthM":16.24,"sizeMm":19,"diameterIn":0.75,"nominalLabel":"3/4\" copper","depthM":1.7,"zone":0}},{"type":"Feature","id":"water-E903","geometry":{"type":"LineString","coordinates":[[-80.5984967,43.3023922],[-80.598668,43.3024085],[-80.5986771,43.3024275]]},"properties":{"kind":"service","tier":"service","placement":"underground","from":"water-T-353","to":"water-N-P-00299","lengthM":16.24,"sizeMm":19,"diameterIn":0.75,"nominalLabel":"3/4\" copper","depthM":1.7,"zone":0}},{"type":"Feature","id":"water-E904","geometry":{"type":"LineString","coordinates":[[-80.5984707,43.3025416],[-80.5986432,43.3025554],[-80.5986526,43.3025743]]},"properties":{"kind":"service","tier":"service","placement":"underground","from":"water-T-354","to":"water-N-P-00300","lengthM":16.29,"sizeMm":19,"diameterIn":0.75,"nominalLabel":"3/4\" copper","depthM":1.7,"zone":0}},{"type":"Feature","id":"water-E905","geometry":{"type":"LineString","coordinates":[[-80.5984474,43.302699],[-80.5986207,43.3027097],[-80.5986307,43.3027284]]},"properties":{"kind":"service","tier":"service","placement":"underground","from":"water-T-355","to":"water-N-P-00301","lengthM":16.33,"sizeMm":19,"diameterIn":0.75,"nominalLabel":"3/4\" copper","depthM":1.7,"zone":0}},{"type":"Feature","id":"water-E906","geometry":{"type":"LineString","coordinates":[[-80.5984296,43.3028532],[-80.598603,43.3028638],[-80.5986136,43.3028823]]},"properties":{"kind":"service","tier":"service","placement":"underground","from":"water-T-356","to":"water-N-P-00302","lengthM":16.34,"sizeMm":19,"diameterIn":0.75,"nominalLabel":"3/4\" copper","depthM":1.7,"zone":0}},{"type":"Feature","id":"water-E907","geometry":{"type":"LineString","coordinates":[[-80.598417,43.3030104],[-80.5985903,43.3030173],[-80.5986015,43.3030357]]},"properties":{"kind":"service","tier":"service","placement":"underground","from":"water-T-357","to":"water-N-P-00303","lengthM":16.3,"sizeMm":25,"diameterIn":0.98,"nominalLabel":"1\" copper","depthM":1.7,"zone":0}},{"type":"Feature","id":"water-E908","geometry":{"type":"LineString","coordinates":[[-80.5984104,43.3031618],[-80.5985832,43.3031648],[-80.598595,43.3031829]]},"properties":{"kind":"service","tier":"service","placement":"underground","from":"water-T-358","to":"water-N-P-00304","lengthM":16.24,"sizeMm":25,"diameterIn":0.98,"nominalLabel":"1\" copper","depthM":1.7,"zone":0}},{"type":"Feature","id":"water-E909","geometry":{"type":"LineString","coordinates":[[-80.5987751,43.3009148],[-80.5987126,43.300911],[-80.5986985,43.3009283]]},"properties":{"kind":"service","tier":"service","placement":"underground","from":"water-T-359","to":"water-N-P-00305","lengthM":7.32,"sizeMm":19,"diameterIn":0.75,"nominalLabel":"3/4\" copper","depthM":1.7,"zone":0}},{"type":"Feature","id":"water-E910","geometry":{"type":"LineString","coordinates":[[-80.5987572,43.3010687],[-80.5986943,43.3010648],[-80.5986797,43.3010818]]},"properties":{"kind":"service","tier":"service","placement":"underground","from":"water-T-360","to":"water-N-P-00306","lengthM":7.35,"sizeMm":19,"diameterIn":0.75,"nominalLabel":"3/4\" copper","depthM":1.7,"zone":0}},{"type":"Feature","id":"water-E911","geometry":{"type":"LineString","coordinates":[[-80.598734,43.3012227],[-80.5986721,43.3012177],[-80.5986569,43.3012345]]},"properties":{"kind":"service","tier":"service","placement":"underground","from":"water-T-361","to":"water-N-P-00307","lengthM":7.28,"sizeMm":19,"diameterIn":0.75,"nominalLabel":"3/4\" copper","depthM":1.7,"zone":0}},{"type":"Feature","id":"water-E912","geometry":{"type":"LineString","coordinates":[[-80.598708,43.3013713],[-80.5986466,43.3013654],[-80.5986311,43.3013821]]},"properties":{"kind":"service","tier":"service","placement":"underground","from":"water-T-362","to":"water-N-P-00308","lengthM":7.25,"sizeMm":19,"diameterIn":0.75,"nominalLabel":"3/4\" copper","depthM":1.7,"zone":0}},{"type":"Feature","id":"water-E913","geometry":{"type":"LineString","coordinates":[[-80.5986788,43.301522],[-80.5986177,43.3015155],[-80.5986019,43.3015319]]},"properties":{"kind":"service","tier":"service","placement":"underground","from":"water-T-363","to":"water-N-P-00309","lengthM":7.24,"sizeMm":19,"diameterIn":0.75,"nominalLabel":"3/4\" copper","depthM":1.7,"zone":0}},{"type":"Feature","id":"water-E914","geometry":{"type":"LineString","coordinates":[[-80.5986482,43.3016695],[-80.5985872,43.3016625],[-80.5985712,43.3016789]]},"properties":{"kind":"service","tier":"service","placement":"underground","from":"water-T-364","to":"water-N-P-00310","lengthM":7.24,"sizeMm":25,"diameterIn":0.98,"nominalLabel":"1\" copper","depthM":1.7,"zone":0}},{"type":"Feature","id":"water-E915","geometry":{"type":"LineString","coordinates":[[-80.5986168,43.3018152],[-80.5985557,43.3018081],[-80.5985397,43.3018244]]},"properties":{"kind":"service","tier":"service","placement":"underground","from":"water-T-365","to":"water-N-P-00311","lengthM":7.24,"sizeMm":19,"diameterIn":0.75,"nominalLabel":"3/4\" copper","depthM":1.7,"zone":0}},{"type":"Feature","id":"water-E916","geometry":{"type":"LineString","coordinates":[[-80.5985824,43.3019715],[-80.5985216,43.3019645],[-80.5985056,43.3019809]]},"properties":{"kind":"service","tier":"service","placement":"underground","from":"water-T-366","to":"water-N-P-00312","lengthM":7.22,"sizeMm":19,"diameterIn":0.75,"nominalLabel":"3/4\" copper","depthM":1.7,"zone":0}},{"type":"Feature","id":"water-E917","geometry":{"type":"LineString","coordinates":[[-80.5985501,43.3021218],[-80.5984894,43.3021149],[-80.5984734,43.3021313]]},"properties":{"kind":"service","tier":"service","placement":"underground","from":"water-T-367","to":"water-N-P-00313","lengthM":7.22,"sizeMm":19,"diameterIn":0.75,"nominalLabel":"3/4\" copper","depthM":1.7,"zone":0}},{"type":"Feature","id":"water-E918","geometry":{"type":"LineString","coordinates":[[-80.5985206,43.3022665],[-80.5984597,43.30226],[-80.598444,43.3022765]]},"properties":{"kind":"service","tier":"service","placement":"underground","from":"water-T-368","to":"water-N-P-00314","lengthM":7.22,"sizeMm":25,"diameterIn":0.98,"nominalLabel":"1\" copper","depthM":1.7,"zone":0}},{"type":"Feature","id":"water-E919","geometry":{"type":"LineString","coordinates":[[-80.598491,43.3024237],[-80.5984298,43.3024179],[-80.5984143,43.3024345]]},"properties":{"kind":"service","tier":"service","placement":"underground","from":"water-T-369","to":"water-N-P-00315","lengthM":7.24,"sizeMm":19,"diameterIn":0.75,"nominalLabel":"3/4\" copper","depthM":1.7,"zone":0}},{"type":"Feature","id":"water-E920","geometry":{"type":"LineString","coordinates":[[-80.5984669,43.3025667],[-80.5984057,43.3025618],[-80.5983907,43.3025787]]},"properties":{"kind":"service","tier":"service","placement":"underground","from":"water-T-370","to":"water-N-P-00316","lengthM":7.23,"sizeMm":19,"diameterIn":0.75,"nominalLabel":"3/4\" copper","depthM":1.7,"zone":0}},{"type":"Feature","id":"water-E921","geometry":{"type":"LineString","coordinates":[[-80.5984459,43.3027121],[-80.5983854,43.3027083],[-80.5983708,43.3027254]]},"properties":{"kind":"service","tier":"service","placement":"underground","from":"water-T-371","to":"water-N-P-00317","lengthM":7.16,"sizeMm":25,"diameterIn":0.98,"nominalLabel":"1\" copper","depthM":1.7,"zone":0}},{"type":"Feature","id":"water-E922","geometry":{"type":"LineString","coordinates":[[-80.5984279,43.3028681],[-80.5983678,43.3028645],[-80.5983538,43.3028818]]},"properties":{"kind":"service","tier":"service","placement":"underground","from":"water-T-372","to":"water-N-P-00318","lengthM":7.12,"sizeMm":25,"diameterIn":0.98,"nominalLabel":"1\" copper","depthM":1.7,"zone":0}},{"type":"Feature","id":"water-E923","geometry":{"type":"LineString","coordinates":[[-80.5986168,43.2992699],[-80.598443,43.2992705],[-80.5984304,43.2992526]]},"properties":{"kind":"service","tier":"service","placement":"underground","from":"water-T-373","to":"water-N-P-00319","lengthM":16.31,"sizeMm":19,"diameterIn":0.75,"nominalLabel":"3/4\" copper","depthM":1.7,"zone":0}},{"type":"Feature","id":"water-E924","geometry":{"type":"LineString","coordinates":[[-80.5986114,43.299098],[-80.5984382,43.2991015],[-80.5984251,43.2990838]]},"properties":{"kind":"service","tier":"service","placement":"underground","from":"water-T-374","to":"water-N-P-00320","lengthM":16.28,"sizeMm":19,"diameterIn":0.75,"nominalLabel":"3/4\" copper","depthM":1.7,"zone":0}},{"type":"Feature","id":"water-E925","geometry":{"type":"LineString","coordinates":[[-80.5986016,43.298933],[-80.5984286,43.2989392],[-80.598415,43.2989217]]},"properties":{"kind":"service","tier":"service","placement":"underground","from":"water-T-375","to":"water-N-P-00321","lengthM":16.26,"sizeMm":19,"diameterIn":0.75,"nominalLabel":"3/4\" copper","depthM":1.7,"zone":0}},{"type":"Feature","id":"water-E926","geometry":{"type":"LineString","coordinates":[[-80.5985867,43.2987585],[-80.5984141,43.2987671],[-80.5984,43.2987498]]},"properties":{"kind":"service","tier":"service","placement":"underground","from":"water-T-376","to":"water-N-P-00322","lengthM":16.26,"sizeMm":19,"diameterIn":0.75,"nominalLabel":"3/4\" copper","depthM":1.7,"zone":0}},{"type":"Feature","id":"water-E927","geometry":{"type":"LineString","coordinates":[[-80.5985691,43.2985945],[-80.5983969,43.2986051],[-80.5983825,43.298588]]},"properties":{"kind":"service","tier":"service","placement":"underground","from":"water-T-377","to":"water-N-P-00323","lengthM":16.24,"sizeMm":25,"diameterIn":0.98,"nominalLabel":"1\" copper","depthM":1.7,"zone":0}},{"type":"Feature","id":"water-E928","geometry":{"type":"LineString","coordinates":[[-80.5985486,43.2984307],[-80.5983766,43.2984428],[-80.5983619,43.2984258]]},"properties":{"kind":"service","tier":"service","placement":"underground","from":"water-T-378","to":"water-N-P-00324","lengthM":16.24,"sizeMm":19,"diameterIn":0.75,"nominalLabel":"3/4\" copper","depthM":1.7,"zone":0}},{"type":"Feature","id":"water-E929","geometry":{"type":"LineString","coordinates":[[-80.5985243,43.2982532],[-80.5983524,43.2982661],[-80.5983376,43.2982492]]},"properties":{"kind":"service","tier":"service","placement":"underground","from":"water-T-379","to":"water-N-P-00325","lengthM":16.24,"sizeMm":19,"diameterIn":0.75,"nominalLabel":"3/4\" copper","depthM":1.7,"zone":0}},{"type":"Feature","id":"water-E930","geometry":{"type":"LineString","coordinates":[[-80.5984993,43.2980781],[-80.5983274,43.2980913],[-80.5983126,43.2980743]]},"properties":{"kind":"service","tier":"service","placement":"underground","from":"water-T-380","to":"water-N-P-00326","lengthM":16.24,"sizeMm":19,"diameterIn":0.75,"nominalLabel":"3/4\" copper","depthM":1.7,"zone":0}},{"type":"Feature","id":"water-E931","geometry":{"type":"LineString","coordinates":[[-80.5984763,43.297917],[-80.5983044,43.2979298],[-80.5982896,43.2979128]]},"properties":{"kind":"service","tier":"service","placement":"underground","from":"water-T-381","to":"water-N-P-00327","lengthM":16.23,"sizeMm":19,"diameterIn":0.75,"nominalLabel":"3/4\" copper","depthM":1.7,"zone":0}},{"type":"Feature","id":"water-E932","geometry":{"type":"LineString","coordinates":[[-80.5984548,43.2977611],[-80.598283,43.2977728],[-80.5982684,43.2977558]]},"properties":{"kind":"service","tier":"service","placement":"underground","from":"water-T-382","to":"water-N-P-00328","lengthM":16.21,"sizeMm":19,"diameterIn":0.75,"nominalLabel":"3/4\" copper","depthM":1.7,"zone":0}},{"type":"Feature","id":"water-E933","geometry":{"type":"LineString","coordinates":[[-80.5984332,43.2975893],[-80.5982616,43.2975993],[-80.5982472,43.2975822]]},"properties":{"kind":"service","tier":"service","placement":"underground","from":"water-T-383","to":"water-N-P-00329","lengthM":16.19,"sizeMm":19,"diameterIn":0.75,"nominalLabel":"3/4\" copper","depthM":1.7,"zone":0}},{"type":"Feature","id":"water-E934","geometry":{"type":"LineString","coordinates":[[-80.5984155,43.2974268],[-80.5982438,43.2974347],[-80.5982298,43.2974174]]},"properties":{"kind":"service","tier":"service","placement":"underground","from":"water-T-384","to":"water-N-P-00330","lengthM":16.18,"sizeMm":19,"diameterIn":0.75,"nominalLabel":"3/4\" copper","depthM":1.7,"zone":0}},{"type":"Feature","id":"water-E935","geometry":{"type":"LineString","coordinates":[[-80.5984013,43.2972615],[-80.59823,43.2972693],[-80.5982164,43.2972518]]},"properties":{"kind":"service","tier":"service","placement":"underground","from":"water-T-385","to":"water-N-P-00331","lengthM":16.14,"sizeMm":25,"diameterIn":0.98,"nominalLabel":"1\" copper","depthM":1.7,"zone":0}},{"type":"Feature","id":"water-E936","geometry":{"type":"LineString","coordinates":[[-80.5983912,43.2970935],[-80.5982195,43.2970988],[-80.5982064,43.2970812]]},"properties":{"kind":"service","tier":"service","placement":"underground","from":"water-T-386","to":"water-N-P-00332","lengthM":16.16,"sizeMm":19,"diameterIn":0.75,"nominalLabel":"3/4\" copper","depthM":1.7,"zone":0}},{"type":"Feature","id":"water-E937","geometry":{"type":"LineString","coordinates":[[-80.5983862,43.2969288],[-80.5982144,43.2969312],[-80.5982017,43.2969134]]},"properties":{"kind":"service","tier":"service","placement":"underground","from":"water-T-387","to":"water-N-P-00333","lengthM":16.16,"sizeMm":19,"diameterIn":0.75,"nominalLabel":"3/4\" copper","depthM":1.7,"zone":0}},{"type":"Feature","id":"water-E938","geometry":{"type":"LineString","coordinates":[[-80.598386,43.2967588],[-80.5982139,43.2967583],[-80.5982018,43.2967403]]},"properties":{"kind":"service","tier":"service","placement":"underground","from":"water-T-388","to":"water-N-P-00334","lengthM":16.18,"sizeMm":19,"diameterIn":0.75,"nominalLabel":"3/4\" copper","depthM":1.7,"zone":0}},{"type":"Feature","id":"water-E939","geometry":{"type":"LineString","coordinates":[[-80.5983907,43.2965984],[-80.5982189,43.296595],[-80.5982075,43.2965767]]},"properties":{"kind":"service","tier":"service","placement":"underground","from":"water-T-389","to":"water-N-P-00335","lengthM":16.15,"sizeMm":19,"diameterIn":0.75,"nominalLabel":"3/4\" copper","depthM":1.7,"zone":0}},{"type":"Feature","id":"water-E940","geometry":{"type":"LineString","coordinates":[[-80.5986168,43.2992833],[-80.5986779,43.2992831],[-80.5986901,43.2992651]]},"properties":{"kind":"service","tier":"service","placement":"underground","from":"water-T-390","to":"water-N-P-00336","lengthM":7.19,"sizeMm":19,"diameterIn":0.75,"nominalLabel":"3/4\" copper","depthM":1.7,"zone":0}},{"type":"Feature","id":"water-E941","geometry":{"type":"LineString","coordinates":[[-80.5986121,43.2991165],[-80.5986736,43.2991153],[-80.5986852,43.2990971]]},"properties":{"kind":"service","tier":"service","placement":"underground","from":"water-T-391","to":"water-N-P-00337","lengthM":7.22,"sizeMm":19,"diameterIn":0.75,"nominalLabel":"3/4\" copper","depthM":1.7,"zone":0}},{"type":"Feature","id":"water-E942","geometry":{"type":"LineString","coordinates":[[-80.5986025,43.2989463],[-80.5986639,43.2989441],[-80.5986749,43.2989257]]},"properties":{"kind":"service","tier":"service","placement":"underground","from":"water-T-392","to":"water-N-P-00338","lengthM":7.22,"sizeMm":19,"diameterIn":0.75,"nominalLabel":"3/4\" copper","depthM":1.7,"zone":0}},{"type":"Feature","id":"water-E943","geometry":{"type":"LineString","coordinates":[[-80.5985889,43.2987814],[-80.5986504,43.2987784],[-80.5986611,43.2987598]]},"properties":{"kind":"service","tier":"service","placement":"underground","from":"water-T-393","to":"water-N-P-00339","lengthM":7.24,"sizeMm":19,"diameterIn":0.75,"nominalLabel":"3/4\" copper","depthM":1.7,"zone":0}},{"type":"Feature","id":"water-E944","geometry":{"type":"LineString","coordinates":[[-80.5985723,43.2986223],[-80.5986336,43.2986185],[-80.5986439,43.2985999]]},"properties":{"kind":"service","tier":"service","placement":"underground","from":"water-T-394","to":"water-N-P-00340","lengthM":7.22,"sizeMm":25,"diameterIn":0.98,"nominalLabel":"1\" copper","depthM":1.7,"zone":0}},{"type":"Feature","id":"water-E945","geometry":{"type":"LineString","coordinates":[[-80.5985522,43.2984578],[-80.5986135,43.2984535],[-80.5986234,43.2984348]]},"properties":{"kind":"service","tier":"service","placement":"underground","from":"water-T-395","to":"water-N-P-00341","lengthM":7.22,"sizeMm":19,"diameterIn":0.75,"nominalLabel":"3/4\" copper","depthM":1.7,"zone":0}},{"type":"Feature","id":"water-E946","geometry":{"type":"LineString","coordinates":[[-80.5985303,43.2982948],[-80.5985914,43.2982902],[-80.5986012,43.2982714]]},"properties":{"kind":"service","tier":"service","placement":"underground","from":"water-T-396","to":"water-N-P-00342","lengthM":7.22,"sizeMm":19,"diameterIn":0.75,"nominalLabel":"3/4\" copper","depthM":1.7,"zone":0}},{"type":"Feature","id":"water-E947","geometry":{"type":"LineString","coordinates":[[-80.5985053,43.2981199],[-80.5985666,43.2981152],[-80.5985763,43.2980964]]},"properties":{"kind":"service","tier":"service","placement":"underground","from":"water-T-397","to":"water-N-P-00343","lengthM":7.23,"sizeMm":19,"diameterIn":0.75,"nominalLabel":"3/4\" copper","depthM":1.7,"zone":0}},{"type":"Feature","id":"water-E948","geometry":{"type":"LineString","coordinates":[[-80.5984799,43.297943],[-80.5985414,43.2979385],[-80.5985512,43.2979197]]},"properties":{"kind":"service","tier":"service","placement":"underground","from":"water-T-398","to":"water-N-P-00344","lengthM":7.25,"sizeMm":25,"diameterIn":0.98,"nominalLabel":"1\" copper","depthM":1.7,"zone":0}},{"type":"Feature","id":"water-E949","geometry":{"type":"LineString","coordinates":[[-80.5984569,43.2977772],[-80.5985187,43.297773],[-80.5985286,43.2977543]]},"properties":{"kind":"service","tier":"service","placement":"underground","from":"water-T-399","to":"water-N-P-00345","lengthM":7.27,"sizeMm":19,"diameterIn":0.75,"nominalLabel":"3/4\" copper","depthM":1.7,"zone":0}},{"type":"Feature","id":"water-E950","geometry":{"type":"LineString","coordinates":[[-80.5984368,43.2976214],[-80.5984989,43.2976172],[-80.5985091,43.2975985]]},"properties":{"kind":"service","tier":"service","placement":"underground","from":"water-T-400","to":"water-N-P-00346","lengthM":7.29,"sizeMm":19,"diameterIn":0.75,"nominalLabel":"3/4\" copper","depthM":1.7,"zone":0}},{"type":"Feature","id":"water-E951","geometry":{"type":"LineString","coordinates":[[-80.5984189,43.2974592],[-80.5984811,43.2974556],[-80.5984916,43.297437]]},"properties":{"kind":"service","tier":"service","placement":"underground","from":"water-T-401","to":"water-N-P-00347","lengthM":7.3,"sizeMm":19,"diameterIn":0.75,"nominalLabel":"3/4\" copper","depthM":1.7,"zone":0}},{"type":"Feature","id":"water-E952","geometry":{"type":"LineString","coordinates":[[-80.5984035,43.297287],[-80.5984658,43.2972842],[-80.5984768,43.2972658]]},"properties":{"kind":"service","tier":"service","placement":"underground","from":"water-T-402","to":"water-N-P-00348","lengthM":7.3,"sizeMm":19,"diameterIn":0.75,"nominalLabel":"3/4\" copper","depthM":1.7,"zone":0}},{"type":"Feature","id":"water-E953","geometry":{"type":"LineString","coordinates":[[-80.5975668,43.2999373],[-80.5977374,43.2999175],[-80.5977534,43.2999338]]},"properties":{"kind":"service","tier":"service","placement":"underground","from":"water-T-403","to":"water-N-P-00349","lengthM":16.23,"sizeMm":19,"diameterIn":0.75,"nominalLabel":"3/4\" copper","depthM":1.7,"zone":0}},{"type":"Feature","id":"water-E954","geometry":{"type":"LineString","coordinates":[[-80.5976051,43.3001141],[-80.5977757,43.3000947],[-80.5977917,43.3001111]]},"properties":{"kind":"service","tier":"service","placement":"underground","from":"water-T-404","to":"water-N-P-00350","lengthM":16.23,"sizeMm":19,"diameterIn":0.75,"nominalLabel":"3/4\" copper","depthM":1.7,"zone":0}},{"type":"Feature","id":"water-E955","geometry":{"type":"LineString","coordinates":[[-80.597641,43.3002882],[-80.5978118,43.3002701],[-80.5978276,43.3002866]]},"properties":{"kind":"service","tier":"service","placement":"underground","from":"water-T-405","to":"water-N-P-00351","lengthM":16.23,"sizeMm":25,"diameterIn":0.98,"nominalLabel":"1\" copper","depthM":1.7,"zone":0}},{"type":"Feature","id":"water-E956","geometry":{"type":"LineString","coordinates":[[-80.5976725,43.3004556],[-80.5978439,43.3004394],[-80.5978593,43.300456]]},"properties":{"kind":"service","tier":"service","placement":"underground","from":"water-T-406","to":"water-N-P-00352","lengthM":16.24,"sizeMm":19,"diameterIn":0.75,"nominalLabel":"3/4\" copper","depthM":1.7,"zone":0}},{"type":"Feature","id":"water-E957","geometry":{"type":"LineString","coordinates":[[-80.5977001,43.3006231],[-80.5978718,43.3006095],[-80.5978867,43.3006263]]},"properties":{"kind":"service","tier":"service","placement":"underground","from":"water-T-407","to":"water-N-P-00353","lengthM":16.23,"sizeMm":19,"diameterIn":0.75,"nominalLabel":"3/4\" copper","depthM":1.7,"zone":0}},{"type":"Feature","id":"water-E958","geometry":{"type":"LineString","coordinates":[[-80.597722,43.3007849],[-80.597894,43.3007746],[-80.5979084,43.3007918]]},"properties":{"kind":"service","tier":"service","placement":"underground","from":"water-T-408","to":"water-N-P-00354","lengthM":16.22,"sizeMm":19,"diameterIn":0.75,"nominalLabel":"3/4\" copper","depthM":1.7,"zone":0}},{"type":"Feature","id":"water-E959","geometry":{"type":"LineString","coordinates":[[-80.597739,43.3009533],[-80.5979107,43.3009466],[-80.5979245,43.300964]]},"properties":{"kind":"service","tier":"service","placement":"underground","from":"water-T-409","to":"water-N-P-00355","lengthM":16.17,"sizeMm":19,"diameterIn":0.75,"nominalLabel":"3/4\" copper","depthM":1.7,"zone":0}},{"type":"Feature","id":"water-E960","geometry":{"type":"LineString","coordinates":[[-80.5977496,43.3011256],[-80.5979217,43.3011228],[-80.5979347,43.3011405]]},"properties":{"kind":"service","tier":"service","placement":"underground","from":"water-T-410","to":"water-N-P-00356","lengthM":16.18,"sizeMm":25,"diameterIn":0.98,"nominalLabel":"1\" copper","depthM":1.7,"zone":0}},{"type":"Feature","id":"water-E961","geometry":{"type":"LineString","coordinates":[[-80.597753,43.3012915],[-80.5979246,43.3012928],[-80.5979369,43.3013107]]},"properties":{"kind":"service","tier":"service","placement":"underground","from":"water-T-411","to":"water-N-P-00357","lengthM":16.14,"sizeMm":19,"diameterIn":0.75,"nominalLabel":"3/4\" copper","depthM":1.7,"zone":0}},{"type":"Feature","id":"water-E962","geometry":{"type":"LineString","coordinates":[[-80.5977496,43.3014588],[-80.597921,43.301464],[-80.5979326,43.3014823]]},"properties":{"kind":"service","tier":"service","placement":"underground","from":"water-T-412","to":"water-N-P-00358","lengthM":16.14,"sizeMm":25,"diameterIn":0.98,"nominalLabel":"1\" copper","depthM":1.7,"zone":0}},{"type":"Feature","id":"water-E963","geometry":{"type":"LineString","coordinates":[[-80.5977404,43.3016161],[-80.5979111,43.3016251],[-80.597922,43.3016435]]},"properties":{"kind":"service","tier":"service","placement":"underground","from":"water-T-413","to":"water-N-P-00359","lengthM":16.11,"sizeMm":19,"diameterIn":0.75,"nominalLabel":"3/4\" copper","depthM":1.7,"zone":0}},{"type":"Feature","id":"water-E964","geometry":{"type":"LineString","coordinates":[[-80.5977228,43.3017906],[-80.5978935,43.3017998],[-80.5979037,43.3018184]]},"properties":{"kind":"service","tier":"service","placement":"underground","from":"water-T-414","to":"water-N-P-00360","lengthM":16.1,"sizeMm":19,"diameterIn":0.75,"nominalLabel":"3/4\" copper","depthM":1.7,"zone":0}},{"type":"Feature","id":"water-E965","geometry":{"type":"LineString","coordinates":[[-80.5976983,43.3019705],[-80.5978689,43.3019829],[-80.5978784,43.3020018]]},"properties":{"kind":"service","tier":"service","placement":"underground","from":"water-T-415","to":"water-N-P-00361","lengthM":16.12,"sizeMm":19,"diameterIn":0.75,"nominalLabel":"3/4\" copper","depthM":1.7,"zone":0}},{"type":"Feature","id":"water-E966","geometry":{"type":"LineString","coordinates":[[-80.5976705,43.3021352],[-80.5978412,43.3021505],[-80.5978502,43.3021695]]},"properties":{"kind":"service","tier":"service","placement":"underground","from":"water-T-416","to":"water-N-P-00362","lengthM":16.17,"sizeMm":25,"diameterIn":0.98,"nominalLabel":"1\" copper","depthM":1.7,"zone":0}},{"type":"Feature","id":"water-E967","geometry":{"type":"LineString","coordinates":[[-80.5976385,43.302302],[-80.5978091,43.3023196],[-80.5978178,43.3023386]]},"properties":{"kind":"service","tier":"service","placement":"underground","from":"water-T-417","to":"water-N-P-00363","lengthM":16.19,"sizeMm":25,"diameterIn":0.98,"nominalLabel":"1\" copper","depthM":1.7,"zone":0}},{"type":"Feature","id":"water-E968","geometry":{"type":"LineString","coordinates":[[-80.5976029,43.3024733],[-80.5977735,43.3024923],[-80.5977819,43.3025114]]},"properties":{"kind":"service","tier":"service","placement":"underground","from":"water-T-418","to":"water-N-P-00364","lengthM":16.22,"sizeMm":25,"diameterIn":0.98,"nominalLabel":"1\" copper","depthM":1.7,"zone":0}},{"type":"Feature","id":"water-E969","geometry":{"type":"LineString","coordinates":[[-80.5975688,43.3026303],[-80.5977395,43.3026501],[-80.5977478,43.3026693]]},"properties":{"kind":"service","tier":"service","placement":"underground","from":"water-T-419","to":"water-N-P-00365","lengthM":16.24,"sizeMm":19,"diameterIn":0.75,"nominalLabel":"3/4\" copper","depthM":1.7,"zone":0}},{"type":"Feature","id":"water-E970","geometry":{"type":"LineString","coordinates":[[-80.5975305,43.299771],[-80.5974695,43.299778],[-80.5974612,43.2997971]]},"properties":{"kind":"service","tier":"service","placement":"underground","from":"water-T-420","to":"water-N-P-00366","lengthM":7.23,"sizeMm":25,"diameterIn":0.98,"nominalLabel":"1\" copper","depthM":1.7,"zone":0}},{"type":"Feature","id":"water-E971","geometry":{"type":"LineString","coordinates":[[-80.597567,43.2999384],[-80.597506,43.2999455],[-80.5974977,43.2999646]]},"properties":{"kind":"service","tier":"service","placement":"underground","from":"water-T-421","to":"water-N-P-00367","lengthM":7.24,"sizeMm":19,"diameterIn":0.75,"nominalLabel":"3/4\" copper","depthM":1.7,"zone":0}},{"type":"Feature","id":"water-E972","geometry":{"type":"LineString","coordinates":[[-80.5976035,43.300107],[-80.5975425,43.3001139],[-80.5975341,43.3001331]]},"properties":{"kind":"service","tier":"service","placement":"underground","from":"water-T-422","to":"water-N-P-00368","lengthM":7.24,"sizeMm":19,"diameterIn":0.75,"nominalLabel":"3/4\" copper","depthM":1.7,"zone":0}},{"type":"Feature","id":"water-E973","geometry":{"type":"LineString","coordinates":[[-80.5976401,43.3002842],[-80.5975789,43.3002907],[-80.5975702,43.3003097]]},"properties":{"kind":"service","tier":"service","placement":"underground","from":"water-T-423","to":"water-N-P-00369","lengthM":7.25,"sizeMm":19,"diameterIn":0.75,"nominalLabel":"3/4\" copper","depthM":1.7,"zone":0}},{"type":"Feature","id":"water-E974","geometry":{"type":"LineString","coordinates":[[-80.5976731,43.3004592],[-80.5976119,43.300465],[-80.5976029,43.300484]]},"properties":{"kind":"service","tier":"service","placement":"underground","from":"water-T-424","to":"water-N-P-00370","lengthM":7.24,"sizeMm":19,"diameterIn":0.75,"nominalLabel":"3/4\" copper","depthM":1.7,"zone":0}},{"type":"Feature","id":"water-E975","geometry":{"type":"LineString","coordinates":[[-80.5976996,43.3006195],[-80.5976382,43.3006244],[-80.5976286,43.3006432]]},"properties":{"kind":"service","tier":"service","placement":"underground","from":"water-T-425","to":"water-N-P-00371","lengthM":7.24,"sizeMm":25,"diameterIn":0.98,"nominalLabel":"1\" copper","depthM":1.7,"zone":0}},{"type":"Feature","id":"water-E976","geometry":{"type":"LineString","coordinates":[[-80.5977226,43.3007898],[-80.5976607,43.3007936],[-80.5976505,43.3008122]]},"properties":{"kind":"service","tier":"service","placement":"underground","from":"water-T-426","to":"water-N-P-00372","lengthM":7.27,"sizeMm":19,"diameterIn":0.75,"nominalLabel":"3/4\" copper","depthM":1.7,"zone":0}},{"type":"Feature","id":"water-E977","geometry":{"type":"LineString","coordinates":[[-80.5977395,43.3009606],[-80.5976775,43.300963],[-80.5976666,43.3009814]]},"properties":{"kind":"service","tier":"service","placement":"underground","from":"water-T-427","to":"water-N-P-00373","lengthM":7.27,"sizeMm":19,"diameterIn":0.75,"nominalLabel":"3/4\" copper","depthM":1.7,"zone":0}},{"type":"Feature","id":"water-E978","geometry":{"type":"LineString","coordinates":[[-80.5977497,43.3011318],[-80.5976872,43.3011328],[-80.5976756,43.301151]]},"properties":{"kind":"service","tier":"service","placement":"underground","from":"water-T-428","to":"water-N-P-00374","lengthM":7.3,"sizeMm":25,"diameterIn":0.98,"nominalLabel":"1\" copper","depthM":1.7,"zone":0}},{"type":"Feature","id":"water-E979","geometry":{"type":"LineString","coordinates":[[-80.5977527,43.3013134],[-80.5976902,43.3013129],[-80.5976778,43.3013308]]},"properties":{"kind":"service","tier":"service","placement":"underground","from":"water-T-429","to":"water-N-P-00375","lengthM":7.3,"sizeMm":19,"diameterIn":0.75,"nominalLabel":"3/4\" copper","depthM":1.7,"zone":0}},{"type":"Feature","id":"water-E980","geometry":{"type":"LineString","coordinates":[[-80.5977476,43.3014926],[-80.5976853,43.3014907],[-80.597672,43.3015084]]},"properties":{"kind":"service","tier":"service","placement":"underground","from":"water-T-430","to":"water-N-P-00376","lengthM":7.29,"sizeMm":25,"diameterIn":0.98,"nominalLabel":"1\" copper","depthM":1.7,"zone":0}},{"type":"Feature","id":"water-E981","geometry":{"type":"LineString","coordinates":[[-80.5977365,43.301655],[-80.5976742,43.3016517],[-80.5976603,43.301669]]},"properties":{"kind":"service","tier":"service","placement":"underground","from":"water-T-431","to":"water-N-P-00377","lengthM":7.29,"sizeMm":25,"diameterIn":0.98,"nominalLabel":"1\" copper","depthM":1.7,"zone":0}},{"type":"Feature","id":"water-E982","geometry":{"type":"LineString","coordinates":[[-80.5977192,43.3018174],[-80.5976567,43.3018129],[-80.5976422,43.30183]]},"properties":{"kind":"service","tier":"service","placement":"underground","from":"water-T-432","to":"water-N-P-00378","lengthM":7.33,"sizeMm":19,"diameterIn":0.75,"nominalLabel":"3/4\" copper","depthM":1.7,"zone":0}},{"type":"Feature","id":"water-E983","geometry":{"type":"LineString","coordinates":[[-80.5976946,43.3019924],[-80.5976323,43.3019869],[-80.5976172,43.3020037]]},"properties":{"kind":"service","tier":"service","placement":"underground","from":"water-T-433","to":"water-N-P-00379","lengthM":7.32,"sizeMm":19,"diameterIn":0.75,"nominalLabel":"3/4\" copper","depthM":1.7,"zone":0}},{"type":"Feature","id":"water-E984","geometry":{"type":"LineString","coordinates":[[-80.5976651,43.3021648],[-80.5976031,43.3021585],[-80.5975876,43.3021751]]},"properties":{"kind":"service","tier":"service","placement":"underground","from":"water-T-434","to":"water-N-P-00380","lengthM":7.31,"sizeMm":25,"diameterIn":0.98,"nominalLabel":"1\" copper","depthM":1.7,"zone":0}},{"type":"Feature","id":"water-E985","geometry":{"type":"LineString","coordinates":[[-80.5976317,43.3023363],[-80.5975701,43.3023295],[-80.5975543,43.3023459]]},"properties":{"kind":"service","tier":"service","placement":"underground","from":"water-T-435","to":"water-N-P-00381","lengthM":7.29,"sizeMm":19,"diameterIn":0.75,"nominalLabel":"3/4\" copper","depthM":1.7,"zone":0}},{"type":"Feature","id":"water-E986","geometry":{"type":"LineString","coordinates":[[-80.5975954,43.3025091],[-80.5975341,43.302502],[-80.597518,43.3025183]]},"properties":{"kind":"service","tier":"service","placement":"underground","from":"water-T-436","to":"water-N-P-00382","lengthM":7.27,"sizeMm":19,"diameterIn":0.75,"nominalLabel":"3/4\" copper","depthM":1.7,"zone":0}},{"type":"Feature","id":"water-E987","geometry":{"type":"LineString","coordinates":[[-80.597559,43.3026751],[-80.5974981,43.3026681],[-80.597482,43.3026844]]},"properties":{"kind":"service","tier":"service","placement":"underground","from":"water-T-437","to":"water-N-P-00383","lengthM":7.23,"sizeMm":19,"diameterIn":0.75,"nominalLabel":"3/4\" copper","depthM":1.7,"zone":0}},{"type":"Feature","id":"water-E988","geometry":{"type":"LineString","coordinates":[[-80.5975214,43.3028477],[-80.5974607,43.3028408],[-80.5974447,43.3028571]]},"properties":{"kind":"service","tier":"service","placement":"underground","from":"water-T-438","to":"water-N-P-00384","lengthM":7.21,"sizeMm":25,"diameterIn":0.98,"nominalLabel":"1\" copper","depthM":1.7,"zone":0}},{"type":"Feature","id":"water-E989","geometry":{"type":"LineString","coordinates":[[-80.5975006,43.299292],[-80.5973283,43.2993026],[-80.5973139,43.2992855]]},"properties":{"kind":"service","tier":"service","placement":"underground","from":"water-T-439","to":"water-N-P-00385","lengthM":16.24,"sizeMm":19,"diameterIn":0.75,"nominalLabel":"3/4\" copper","depthM":1.7,"zone":0}},{"type":"Feature","id":"water-E990","geometry":{"type":"LineString","coordinates":[[-80.5974812,43.2991391],[-80.5973092,43.2991512],[-80.5972946,43.2991342]]},"properties":{"kind":"service","tier":"service","placement":"underground","from":"water-T-440","to":"water-N-P-00386","lengthM":16.24,"sizeMm":19,"diameterIn":0.75,"nominalLabel":"3/4\" copper","depthM":1.7,"zone":0}},{"type":"Feature","id":"water-E991","geometry":{"type":"LineString","coordinates":[[-80.5974603,43.2989866],[-80.5972884,43.2989996],[-80.5972736,43.2989826]]},"properties":{"kind":"service","tier":"service","placement":"underground","from":"water-T-441","to":"water-N-P-00387","lengthM":16.24,"sizeMm":19,"diameterIn":0.75,"nominalLabel":"3/4\" copper","depthM":1.7,"zone":0}},{"type":"Feature","id":"water-E992","geometry":{"type":"LineString","coordinates":[[-80.5974386,43.2988343],[-80.5972667,43.2988475],[-80.5972518,43.2988306]]},"properties":{"kind":"service","tier":"service","placement":"underground","from":"water-T-442","to":"water-N-P-00388","lengthM":16.24,"sizeMm":19,"diameterIn":0.75,"nominalLabel":"3/4\" copper","depthM":1.7,"zone":0}},{"type":"Feature","id":"water-E993","geometry":{"type":"LineString","coordinates":[[-80.5974163,43.2986802],[-80.5972446,43.2986929],[-80.5972298,43.298676]]},"properties":{"kind":"service","tier":"service","placement":"underground","from":"water-T-443","to":"water-N-P-00389","lengthM":16.22,"sizeMm":19,"diameterIn":0.75,"nominalLabel":"3/4\" copper","depthM":1.7,"zone":0}},{"type":"Feature","id":"water-E994","geometry":{"type":"LineString","coordinates":[[-80.5973955,43.2985309],[-80.5972239,43.2985436],[-80.5972092,43.2985266]]},"properties":{"kind":"service","tier":"service","placement":"underground","from":"water-T-444","to":"water-N-P-00390","lengthM":16.21,"sizeMm":25,"diameterIn":0.98,"nominalLabel":"1\" copper","depthM":1.7,"zone":0}},{"type":"Feature","id":"water-E995","geometry":{"type":"LineString","coordinates":[[-80.5973762,43.2983819],[-80.5972044,43.2983936],[-80.5971899,43.2983765]]},"properties":{"kind":"service","tier":"service","placement":"underground","from":"water-T-445","to":"water-N-P-00391","lengthM":16.22,"sizeMm":19,"diameterIn":0.75,"nominalLabel":"3/4\" copper","depthM":1.7,"zone":0}},{"type":"Feature","id":"water-E996","geometry":{"type":"LineString","coordinates":[[-80.5973592,43.2982352],[-80.597187,43.2982452],[-80.5971727,43.298228]]},"properties":{"kind":"service","tier":"service","placement":"underground","from":"water-T-446","to":"water-N-P-00392","lengthM":16.24,"sizeMm":25,"diameterIn":0.98,"nominalLabel":"1\" copper","depthM":1.7,"zone":0}},{"type":"Feature","id":"water-E997","geometry":{"type":"LineString","coordinates":[[-80.5973447,43.2980884],[-80.5971723,43.2980963],[-80.5971584,43.2980789]]},"properties":{"kind":"service","tier":"service","placement":"underground","from":"water-T-447","to":"water-N-P-00393","lengthM":16.23,"sizeMm":25,"diameterIn":0.98,"nominalLabel":"1\" copper","depthM":1.7,"zone":0}},{"type":"Feature","id":"water-E998","geometry":{"type":"LineString","coordinates":[[-80.5974996,43.299283],[-80.5975608,43.2992792],[-80.5975709,43.2992606]]},"properties":{"kind":"service","tier":"service","placement":"underground","from":"water-T-448","to":"water-N-P-00394","lengthM":7.21,"sizeMm":19,"diameterIn":0.75,"nominalLabel":"3/4\" copper","depthM":1.7,"zone":0}},{"type":"Feature","id":"water-E999","geometry":{"type":"LineString","coordinates":[[-80.5974778,43.2991132],[-80.5975391,43.2991088],[-80.597549,43.2990901]]},"properties":{"kind":"service","tier":"service","placement":"underground","from":"water-T-449","to":"water-N-P-00395","lengthM":7.23,"sizeMm":19,"diameterIn":0.75,"nominalLabel":"3/4\" copper","depthM":1.7,"zone":0}},{"type":"Feature","id":"water-E1000","geometry":{"type":"LineString","coordinates":[[-80.5974542,43.2989435],[-80.5975156,43.2989388],[-80.5975253,43.29892]]},"properties":{"kind":"service","tier":"service","placement":"underground","from":"water-T-450","to":"water-N-P-00396","lengthM":7.23,"sizeMm":19,"diameterIn":0.75,"nominalLabel":"3/4\" copper","depthM":1.7,"zone":0}},{"type":"Feature","id":"water-E1001","geometry":{"type":"LineString","coordinates":[[-80.5974297,43.2987729],[-80.5974911,43.2987682],[-80.5975008,43.2987494]]},"properties":{"kind":"service","tier":"service","placement":"underground","from":"water-T-451","to":"water-N-P-00397","lengthM":7.24,"sizeMm":19,"diameterIn":0.75,"nominalLabel":"3/4\" copper","depthM":1.7,"zone":0}},{"type":"Feature","id":"water-E1002","geometry":{"type":"LineString","coordinates":[[-80.5974069,43.2986126],[-80.5974683,43.2986081],[-80.5974781,43.2985893]]},"properties":{"kind":"service","tier":"service","placement":"underground","from":"water-T-452","to":"water-N-P-00398","lengthM":7.24,"sizeMm":25,"diameterIn":0.98,"nominalLabel":"1\" copper","depthM":1.7,"zone":0}},{"type":"Feature","id":"water-E1003","geometry":{"type":"LineString","coordinates":[[-80.5973852,43.298452],[-80.5974468,43.2984478],[-80.5974567,43.2984291]]},"properties":{"kind":"service","tier":"service","placement":"underground","from":"water-T-453","to":"water-N-P-00399","lengthM":7.25,"sizeMm":25,"diameterIn":0.98,"nominalLabel":"1\" copper","depthM":1.7,"zone":0}},{"type":"Feature","id":"water-E1004","geometry":{"type":"LineString","coordinates":[[-80.5973648,43.2982858],[-80.5974266,43.2982822],[-80.5974369,43.2982635]]},"properties":{"kind":"service","tier":"service","placement":"underground","from":"water-T-454","to":"water-N-P-00400","lengthM":7.26,"sizeMm":19,"diameterIn":0.75,"nominalLabel":"3/4\" copper","depthM":1.7,"zone":0}},{"type":"Feature","id":"water-E1005","geometry":{"type":"LineString","coordinates":[[-80.5973469,43.2981148],[-80.5974091,43.2981119],[-80.5974198,43.2980934]]},"properties":{"kind":"service","tier":"service","placement":"underground","from":"water-T-455","to":"water-N-P-00401","lengthM":7.29,"sizeMm":25,"diameterIn":0.98,"nominalLabel":"1\" copper","depthM":1.7,"zone":0}},{"type":"Feature","id":"water-E1006","geometry":{"type":"LineString","coordinates":[[-80.5973329,43.29794],[-80.5973952,43.297938],[-80.5974064,43.2979197]]},"properties":{"kind":"service","tier":"service","placement":"underground","from":"water-T-456","to":"water-N-P-00402","lengthM":7.29,"sizeMm":19,"diameterIn":0.75,"nominalLabel":"3/4\" copper","depthM":1.7,"zone":0}},{"type":"Feature","id":"water-E1007","geometry":{"type":"LineString","coordinates":[[-80.597324,43.2977733],[-80.5973866,43.2977724],[-80.5973982,43.2977542]]},"properties":{"kind":"service","tier":"service","placement":"underground","from":"water-T-457","to":"water-N-P-00403","lengthM":7.31,"sizeMm":25,"diameterIn":0.98,"nominalLabel":"1\" copper","depthM":1.7,"zone":0}},{"type":"Feature","id":"water-E1008","geometry":{"type":"LineString","coordinates":[[-80.5973198,43.2976109],[-80.5973827,43.2976111],[-80.5973949,43.297593]]},"properties":{"kind":"service","tier":"service","placement":"underground","from":"water-T-458","to":"water-N-P-00404","lengthM":7.33,"sizeMm":25,"diameterIn":0.98,"nominalLabel":"1\" copper","depthM":1.7,"zone":0}},{"type":"Feature","id":"water-E1009","geometry":{"type":"LineString","coordinates":[[-80.5973207,43.2974449],[-80.5973837,43.2974451],[-80.5973964,43.2974273]]},"properties":{"kind":"service","tier":"service","placement":"underground","from":"water-T-459","to":"water-N-P-00405","lengthM":7.34,"sizeMm":25,"diameterIn":0.98,"nominalLabel":"1\" copper","depthM":1.7,"zone":0}},{"type":"Feature","id":"water-E1010","geometry":{"type":"LineString","coordinates":[[-80.5973268,43.2972764],[-80.5973895,43.2972777],[-80.5974027,43.29726]]},"properties":{"kind":"service","tier":"service","placement":"underground","from":"water-T-460","to":"water-N-P-00406","lengthM":7.32,"sizeMm":25,"diameterIn":0.98,"nominalLabel":"1\" copper","depthM":1.7,"zone":0}},{"type":"Feature","id":"water-E1011","geometry":{"type":"LineString","coordinates":[[-80.5973372,43.2971146],[-80.5973994,43.2971169],[-80.5974131,43.2970994]]},"properties":{"kind":"service","tier":"service","placement":"underground","from":"water-T-461","to":"water-N-P-00407","lengthM":7.29,"sizeMm":19,"diameterIn":0.75,"nominalLabel":"3/4\" copper","depthM":1.7,"zone":0}},{"type":"Feature","id":"water-E1012","geometry":{"type":"LineString","coordinates":[[-80.5973525,43.2969419],[-80.5974147,43.2969451],[-80.5974288,43.2969278]]},"properties":{"kind":"service","tier":"service","placement":"underground","from":"water-T-462","to":"water-N-P-00408","lengthM":7.28,"sizeMm":19,"diameterIn":0.75,"nominalLabel":"3/4\" copper","depthM":1.7,"zone":0}},{"type":"Feature","id":"water-E1013","geometry":{"type":"LineString","coordinates":[[-80.597371,43.2967751],[-80.5974327,43.2967789],[-80.5974471,43.2967618]]},"properties":{"kind":"service","tier":"service","placement":"underground","from":"water-T-463","to":"water-N-P-00409","lengthM":7.25,"sizeMm":19,"diameterIn":0.75,"nominalLabel":"3/4\" copper","depthM":1.7,"zone":0}},{"type":"Feature","id":"water-E1014","geometry":{"type":"LineString","coordinates":[[-80.596521,43.3001864],[-80.5965845,43.30018],[-80.5965996,43.3001968]]},"properties":{"kind":"service","tier":"service","placement":"underground","from":"water-T-464","to":"water-N-P-00410","lengthM":7.43,"sizeMm":19,"diameterIn":0.75,"nominalLabel":"3/4\" copper","depthM":1.7,"zone":0}},{"type":"Feature","id":"water-E1015","geometry":{"type":"LineString","coordinates":[[-80.5965512,43.300342],[-80.5966129,43.3003356],[-80.5966287,43.3003521]]},"properties":{"kind":"service","tier":"service","placement":"underground","from":"water-T-465","to":"water-N-P-00411","lengthM":7.28,"sizeMm":19,"diameterIn":0.75,"nominalLabel":"3/4\" copper","depthM":1.7,"zone":0}},{"type":"Feature","id":"water-E1016","geometry":{"type":"LineString","coordinates":[[-80.5965812,43.3004847],[-80.5966423,43.3004779],[-80.5966583,43.3004942]]},"properties":{"kind":"service","tier":"service","placement":"underground","from":"water-T-466","to":"water-N-P-00412","lengthM":7.24,"sizeMm":25,"diameterIn":0.98,"nominalLabel":"1\" copper","depthM":1.7,"zone":0}},{"type":"Feature","id":"water-E1017","geometry":{"type":"LineString","coordinates":[[-80.5966113,43.3006239],[-80.5966723,43.3006169],[-80.5966884,43.3006332]]},"properties":{"kind":"service","tier":"service","placement":"underground","from":"water-T-467","to":"water-N-P-00413","lengthM":7.24,"sizeMm":19,"diameterIn":0.75,"nominalLabel":"3/4\" copper","depthM":1.7,"zone":0}},{"type":"Feature","id":"water-E1018","geometry":{"type":"LineString","coordinates":[[-80.5966438,43.3007724],[-80.5967047,43.3007653],[-80.5967208,43.3007816]]},"properties":{"kind":"service","tier":"service","placement":"underground","from":"water-T-468","to":"water-N-P-00414","lengthM":7.24,"sizeMm":25,"diameterIn":0.98,"nominalLabel":"1\" copper","depthM":1.7,"zone":0}},{"type":"Feature","id":"water-E1019","geometry":{"type":"LineString","coordinates":[[-80.5966766,43.3009244],[-80.5967374,43.3009178],[-80.5967534,43.3009342]]},"properties":{"kind":"service","tier":"service","placement":"underground","from":"water-T-469","to":"water-N-P-00415","lengthM":7.22,"sizeMm":19,"diameterIn":0.75,"nominalLabel":"3/4\" copper","depthM":1.7,"zone":0}},{"type":"Feature","id":"water-E1020","geometry":{"type":"LineString","coordinates":[[-80.5967093,43.3010831],[-80.5967698,43.301077],[-80.5967856,43.3010935]]},"properties":{"kind":"service","tier":"service","placement":"underground","from":"water-T-470","to":"water-N-P-00416","lengthM":7.19,"sizeMm":25,"diameterIn":0.98,"nominalLabel":"1\" copper","depthM":1.7,"zone":0}},{"type":"Feature","id":"water-E1021","geometry":{"type":"LineString","coordinates":[[-80.5967379,43.3012338],[-80.5967984,43.3012278],[-80.5968138,43.3012444]]},"properties":{"kind":"service","tier":"service","placement":"underground","from":"water-T-471","to":"water-N-P-00417","lengthM":7.18,"sizeMm":19,"diameterIn":0.75,"nominalLabel":"3/4\" copper","depthM":1.7,"zone":0}},{"type":"Feature","id":"water-E1022","geometry":{"type":"LineString","coordinates":[[-80.5967629,43.3013844],[-80.5968236,43.3013791],[-80.5968386,43.301396]]},"properties":{"kind":"service","tier":"service","placement":"underground","from":"water-T-472","to":"water-N-P-00418","lengthM":7.19,"sizeMm":19,"diameterIn":0.75,"nominalLabel":"3/4\" copper","depthM":1.7,"zone":0}},{"type":"Feature","id":"water-E1023","geometry":{"type":"LineString","coordinates":[[-80.5967846,43.30154],[-80.596846,43.3015358],[-80.5968606,43.3015528]]},"properties":{"kind":"service","tier":"service","placement":"underground","from":"water-T-473","to":"water-N-P-00419","lengthM":7.23,"sizeMm":19,"diameterIn":0.75,"nominalLabel":"3/4\" copper","depthM":1.7,"zone":0}},{"type":"Feature","id":"water-E1024","geometry":{"type":"LineString","coordinates":[[-80.5968002,43.3016808],[-80.5968617,43.3016778],[-80.5968757,43.3016952]]},"properties":{"kind":"service","tier":"service","placement":"underground","from":"water-T-474","to":"water-N-P-00420","lengthM":7.24,"sizeMm":19,"diameterIn":0.75,"nominalLabel":"3/4\" copper","depthM":1.7,"zone":0}},{"type":"Feature","id":"water-E1025","geometry":{"type":"LineString","coordinates":[[-80.5968121,43.3018261],[-80.5968728,43.3018245],[-80.5968862,43.3018421]]},"properties":{"kind":"service","tier":"service","placement":"underground","from":"water-T-475","to":"water-N-P-00421","lengthM":7.16,"sizeMm":25,"diameterIn":0.98,"nominalLabel":"1\" copper","depthM":1.7,"zone":0}},{"type":"Feature","id":"water-E1026","geometry":{"type":"LineString","coordinates":[[-80.5968195,43.3019882],[-80.5968796,43.301988],[-80.5968924,43.3020058]]},"properties":{"kind":"service","tier":"service","placement":"underground","from":"water-T-476","to":"water-N-P-00422","lengthM":7.11,"sizeMm":19,"diameterIn":0.75,"nominalLabel":"3/4\" copper","depthM":1.7,"zone":0}},{"type":"Feature","id":"water-E1027","geometry":{"type":"LineString","coordinates":[[-80.5968203,43.3021483],[-80.5968805,43.3021482],[-80.5968926,43.3021663]]},"properties":{"kind":"service","tier":"service","placement":"underground","from":"water-T-477","to":"water-N-P-00423","lengthM":7.11,"sizeMm":19,"diameterIn":0.75,"nominalLabel":"3/4\" copper","depthM":1.7,"zone":0}},{"type":"Feature","id":"water-E1028","geometry":{"type":"LineString","coordinates":[[-80.5968147,43.3022963],[-80.5968757,43.3022976],[-80.5968872,43.3023159]]},"properties":{"kind":"service","tier":"service","placement":"underground","from":"water-T-478","to":"water-N-P-00424","lengthM":7.18,"sizeMm":19,"diameterIn":0.75,"nominalLabel":"3/4\" copper","depthM":1.7,"zone":0}},{"type":"Feature","id":"water-E1029","geometry":{"type":"LineString","coordinates":[[-80.5968041,43.3024462],[-80.5968656,43.3024489],[-80.5968765,43.3024674]]},"properties":{"kind":"service","tier":"service","placement":"underground","from":"water-T-479","to":"water-N-P-00425","lengthM":7.23,"sizeMm":25,"diameterIn":0.98,"nominalLabel":"1\" copper","depthM":1.7,"zone":0}},{"type":"Feature","id":"water-E1030","geometry":{"type":"LineString","coordinates":[[-80.5967897,43.3025884],[-80.5968511,43.3025923],[-80.5968613,43.302611]]},"properties":{"kind":"service","tier":"service","placement":"underground","from":"water-T-480","to":"water-N-P-00426","lengthM":7.24,"sizeMm":19,"diameterIn":0.75,"nominalLabel":"3/4\" copper","depthM":1.7,"zone":0}},{"type":"Feature","id":"water-E1031","geometry":{"type":"LineString","coordinates":[[-80.5967708,43.3027336],[-80.5968314,43.3027386],[-80.596841,43.3027574]]},"properties":{"kind":"service","tier":"service","placement":"underground","from":"water-T-481","to":"water-N-P-00427","lengthM":7.18,"sizeMm":25,"diameterIn":0.98,"nominalLabel":"1\" copper","depthM":1.7,"zone":0}},{"type":"Feature","id":"water-E1032","geometry":{"type":"LineString","coordinates":[[-80.5965488,43.3003297],[-80.5963781,43.3003473],[-80.5963695,43.3003664]]},"properties":{"kind":"service","tier":"service","placement":"underground","from":"water-T-482","to":"water-N-P-00428","lengthM":16.2,"sizeMm":19,"diameterIn":0.75,"nominalLabel":"3/4\" copper","depthM":1.7,"zone":0}},{"type":"Feature","id":"water-E1033","geometry":{"type":"LineString","coordinates":[[-80.5965794,43.3004759],[-80.5964087,43.3004951],[-80.5964002,43.3005142]]},"properties":{"kind":"service","tier":"service","placement":"underground","from":"water-T-483","to":"water-N-P-00429","lengthM":16.23,"sizeMm":25,"diameterIn":0.98,"nominalLabel":"1\" copper","depthM":1.7,"zone":0}},{"type":"Feature","id":"water-E1034","geometry":{"type":"LineString","coordinates":[[-80.5966118,43.300626],[-80.5964411,43.3006458],[-80.5964328,43.3006649]]},"properties":{"kind":"service","tier":"service","placement":"underground","from":"water-T-484","to":"water-N-P-00430","lengthM":16.24,"sizeMm":25,"diameterIn":0.98,"nominalLabel":"1\" copper","depthM":1.7,"zone":0}},{"type":"Feature","id":"water-E1035","geometry":{"type":"LineString","coordinates":[[-80.5966442,43.3007745],[-80.5964736,43.3007942],[-80.5964653,43.3008134]]},"properties":{"kind":"service","tier":"service","placement":"underground","from":"water-T-485","to":"water-N-P-00431","lengthM":16.24,"sizeMm":19,"diameterIn":0.75,"nominalLabel":"3/4\" copper","depthM":1.7,"zone":0}},{"type":"Feature","id":"water-E1036","geometry":{"type":"LineString","coordinates":[[-80.5966759,43.300921],[-80.5965048,43.3009398],[-80.5964964,43.3009589]]},"properties":{"kind":"service","tier":"service","placement":"underground","from":"water-T-486","to":"water-N-P-00432","lengthM":16.25,"sizeMm":19,"diameterIn":0.75,"nominalLabel":"3/4\" copper","depthM":1.7,"zone":0}},{"type":"Feature","id":"water-E1037","geometry":{"type":"LineString","coordinates":[[-80.5967058,43.3010652],[-80.5965343,43.301084],[-80.5965257,43.301103]]},"properties":{"kind":"service","tier":"service","placement":"underground","from":"water-T-487","to":"water-N-P-00433","lengthM":16.29,"sizeMm":19,"diameterIn":0.75,"nominalLabel":"3/4\" copper","depthM":1.7,"zone":0}},{"type":"Feature","id":"water-E1038","geometry":{"type":"LineString","coordinates":[[-80.5967352,43.3012194],[-80.5965633,43.3012366],[-80.5965543,43.3012556]]},"properties":{"kind":"service","tier":"service","placement":"underground","from":"water-T-488","to":"water-N-P-00434","lengthM":16.29,"sizeMm":19,"diameterIn":0.75,"nominalLabel":"3/4\" copper","depthM":1.7,"zone":0}},{"type":"Feature","id":"water-E1039","geometry":{"type":"LineString","coordinates":[[-80.596762,43.3013792],[-80.59659,43.301394],[-80.5965805,43.3014129]]},"properties":{"kind":"service","tier":"service","placement":"underground","from":"water-T-489","to":"water-N-P-00435","lengthM":16.27,"sizeMm":25,"diameterIn":0.98,"nominalLabel":"1\" copper","depthM":1.7,"zone":0}},{"type":"Feature","id":"water-E1040","geometry":{"type":"LineString","coordinates":[[-80.5967834,43.3015307],[-80.5966113,43.3015425],[-80.5966013,43.3015612]]},"properties":{"kind":"service","tier":"service","placement":"underground","from":"water-T-490","to":"water-N-P-00436","lengthM":16.24,"sizeMm":19,"diameterIn":0.75,"nominalLabel":"3/4\" copper","depthM":1.7,"zone":0}},{"type":"Feature","id":"water-E1041","geometry":{"type":"LineString","coordinates":[[-80.5968006,43.3016853],[-80.596628,43.3016936],[-80.5966173,43.3017122]]},"properties":{"kind":"service","tier":"service","placement":"underground","from":"water-T-491","to":"water-N-P-00437","lengthM":16.25,"sizeMm":19,"diameterIn":0.75,"nominalLabel":"3/4\" copper","depthM":1.7,"zone":0}},{"type":"Feature","id":"water-E1042","geometry":{"type":"LineString","coordinates":[[-80.5968131,43.3018464],[-80.5966399,43.301851],[-80.5966285,43.3018693]]},"properties":{"kind":"service","tier":"service","placement":"underground","from":"water-T-492","to":"water-N-P-00438","lengthM":16.28,"sizeMm":25,"diameterIn":0.98,"nominalLabel":"1\" copper","depthM":1.7,"zone":0}},{"type":"Feature","id":"water-E1043","geometry":{"type":"LineString","coordinates":[[-80.5968195,43.3019991],[-80.5966456,43.3019996],[-80.5966336,43.3020177]]},"properties":{"kind":"service","tier":"service","placement":"underground","from":"water-T-493","to":"water-N-P-00439","lengthM":16.33,"sizeMm":19,"diameterIn":0.75,"nominalLabel":"3/4\" copper","depthM":1.7,"zone":0}},{"type":"Feature","id":"water-E1044","geometry":{"type":"LineString","coordinates":[[-80.5968204,43.3021521],[-80.5966458,43.3021525],[-80.5966331,43.3021703]]},"properties":{"kind":"service","tier":"service","placement":"underground","from":"water-T-494","to":"water-N-P-00440","lengthM":16.38,"sizeMm":25,"diameterIn":0.98,"nominalLabel":"1\" copper","depthM":1.7,"zone":0}},{"type":"Feature","id":"water-E1045","geometry":{"type":"LineString","coordinates":[[-80.5968144,43.3023037],[-80.5966409,43.3023],[-80.5966277,43.3023176]]},"properties":{"kind":"service","tier":"service","placement":"underground","from":"water-T-495","to":"water-N-P-00441","lengthM":16.3,"sizeMm":19,"diameterIn":0.75,"nominalLabel":"3/4\" copper","depthM":1.7,"zone":0}},{"type":"Feature","id":"water-E1046","geometry":{"type":"LineString","coordinates":[[-80.596462,43.2998038],[-80.5965256,43.2998003],[-80.5965358,43.2997816]]},"properties":{"kind":"service","tier":"service","placement":"underground","from":"water-T-496","to":"water-N-P-00442","lengthM":7.4,"sizeMm":19,"diameterIn":0.75,"nominalLabel":"3/4\" copper","depthM":1.7,"zone":0}},{"type":"Feature","id":"water-E1047","geometry":{"type":"LineString","coordinates":[[-80.5962253,43.2999877],[-80.5962253,43.3001135],[-80.5962006,43.3001224]]},"properties":{"kind":"service","tier":"service","placement":"underground","from":"water-T-497","to":"water-N-P-00443","lengthM":16.24,"sizeMm":19,"diameterIn":0.75,"nominalLabel":"3/4\" copper","depthM":1.7,"zone":0}},{"type":"Feature","id":"water-E1048","geometry":{"type":"LineString","coordinates":[[-80.5960057,43.2999877],[-80.5960057,43.3001135],[-80.595981,43.3001224]]},"properties":{"kind":"service","tier":"service","placement":"underground","from":"water-T-498","to":"water-N-P-00444","lengthM":16.24,"sizeMm":19,"diameterIn":0.75,"nominalLabel":"3/4\" copper","depthM":1.7,"zone":0}},{"type":"Feature","id":"water-E1049","geometry":{"type":"LineString","coordinates":[[-80.5957789,43.2999877],[-80.5957789,43.3001135],[-80.5957542,43.3001224]]},"properties":{"kind":"service","tier":"service","placement":"underground","from":"water-T-499","to":"water-N-P-00445","lengthM":16.24,"sizeMm":19,"diameterIn":0.75,"nominalLabel":"3/4\" copper","depthM":1.7,"zone":0}},{"type":"Feature","id":"water-E1050","geometry":{"type":"LineString","coordinates":[[-80.5955537,43.2999877],[-80.5955537,43.3001135],[-80.5955291,43.3001224]]},"properties":{"kind":"service","tier":"service","placement":"underground","from":"water-T-500","to":"water-N-P-00446","lengthM":16.24,"sizeMm":19,"diameterIn":0.75,"nominalLabel":"3/4\" copper","depthM":1.7,"zone":0}},{"type":"Feature","id":"water-E1051","geometry":{"type":"LineString","coordinates":[[-80.5959948,43.2999877],[-80.5959948,43.2999428],[-80.5959701,43.2999338]]},"properties":{"kind":"service","tier":"service","placement":"underground","from":"water-T-501","to":"water-N-P-00447","lengthM":7.24,"sizeMm":25,"diameterIn":0.98,"nominalLabel":"1\" copper","depthM":1.7,"zone":0}},{"type":"Feature","id":"water-E1052","geometry":{"type":"LineString","coordinates":[[-80.5957835,43.2999877],[-80.5957835,43.2999428],[-80.5957588,43.2999338]]},"properties":{"kind":"service","tier":"service","placement":"underground","from":"water-T-502","to":"water-N-P-00448","lengthM":7.24,"sizeMm":25,"diameterIn":0.98,"nominalLabel":"1\" copper","depthM":1.7,"zone":0}},{"type":"Feature","id":"water-E1053","geometry":{"type":"LineString","coordinates":[[-80.5955631,43.2999877],[-80.5955631,43.2999428],[-80.5955385,43.2999338]]},"properties":{"kind":"service","tier":"service","placement":"underground","from":"water-T-503","to":"water-N-P-00449","lengthM":7.24,"sizeMm":19,"diameterIn":0.75,"nominalLabel":"3/4\" copper","depthM":1.7,"zone":0}},{"type":"Feature","id":"water-E1054","geometry":{"type":"LineString","coordinates":[[-80.5961446,43.2983971],[-80.5963175,43.2983947],[-80.5963303,43.2984125]]},"properties":{"kind":"service","tier":"service","placement":"underground","from":"water-T-504","to":"water-N-P-00450","lengthM":16.25,"sizeMm":19,"diameterIn":0.75,"nominalLabel":"3/4\" copper","depthM":1.7,"zone":0}},{"type":"Feature","id":"water-E1055","geometry":{"type":"LineString","coordinates":[[-80.5961497,43.2985511],[-80.5963232,43.2985459],[-80.5963363,43.2985635]]},"properties":{"kind":"service","tier":"service","placement":"underground","from":"water-T-505","to":"water-N-P-00451","lengthM":16.3,"sizeMm":19,"diameterIn":0.75,"nominalLabel":"3/4\" copper","depthM":1.7,"zone":0}},{"type":"Feature","id":"water-E1056","geometry":{"type":"LineString","coordinates":[[-80.5961593,43.2987111],[-80.5963326,43.2987033],[-80.5963463,43.2987208]]},"properties":{"kind":"service","tier":"service","placement":"underground","from":"water-T-506","to":"water-N-P-00452","lengthM":16.31,"sizeMm":25,"diameterIn":0.98,"nominalLabel":"1\" copper","depthM":1.7,"zone":0}},{"type":"Feature","id":"water-E1057","geometry":{"type":"LineString","coordinates":[[-80.5961711,43.2988503],[-80.596344,43.2988425],[-80.596358,43.2988598]]},"properties":{"kind":"service","tier":"service","placement":"underground","from":"water-T-507","to":"water-N-P-00453","lengthM":16.27,"sizeMm":19,"diameterIn":0.75,"nominalLabel":"3/4\" copper","depthM":1.7,"zone":0}},{"type":"Feature","id":"water-E1058","geometry":{"type":"LineString","coordinates":[[-80.5961868,43.2989999],[-80.5963593,43.2989899],[-80.5963736,43.299007]]},"properties":{"kind":"service","tier":"service","placement":"underground","from":"water-T-508","to":"water-N-P-00454","lengthM":16.26,"sizeMm":19,"diameterIn":0.75,"nominalLabel":"3/4\" copper","depthM":1.7,"zone":0}},{"type":"Feature","id":"water-E1059","geometry":{"type":"LineString","coordinates":[[-80.5962051,43.2991514],[-80.5963771,43.2991397],[-80.5963917,43.2991568]]},"properties":{"kind":"service","tier":"service","placement":"underground","from":"water-T-509","to":"water-N-P-00455","lengthM":16.24,"sizeMm":25,"diameterIn":0.98,"nominalLabel":"1\" copper","depthM":1.7,"zone":0}},{"type":"Feature","id":"water-E1060","geometry":{"type":"LineString","coordinates":[[-80.596225,43.2993014],[-80.596397,43.2992887],[-80.5964118,43.2993056]]},"properties":{"kind":"service","tier":"service","placement":"underground","from":"water-T-510","to":"water-N-P-00456","lengthM":16.25,"sizeMm":19,"diameterIn":0.75,"nominalLabel":"3/4\" copper","depthM":1.7,"zone":0}},{"type":"Feature","id":"water-E1061","geometry":{"type":"LineString","coordinates":[[-80.5961494,43.2985451],[-80.5960884,43.2985469],[-80.5960769,43.2985652]]},"properties":{"kind":"service","tier":"service","placement":"underground","from":"water-T-511","to":"water-N-P-00457","lengthM":7.18,"sizeMm":19,"diameterIn":0.75,"nominalLabel":"3/4\" copper","depthM":1.7,"zone":0}},{"type":"Feature","id":"water-E1062","geometry":{"type":"LineString","coordinates":[[-80.5961582,43.2986993],[-80.5960978,43.298702],[-80.5960867,43.2987204]]},"properties":{"kind":"service","tier":"service","placement":"underground","from":"water-T-512","to":"water-N-P-00458","lengthM":7.14,"sizeMm":19,"diameterIn":0.75,"nominalLabel":"3/4\" copper","depthM":1.7,"zone":0}},{"type":"Feature","id":"water-E1063","geometry":{"type":"LineString","coordinates":[[-80.5961715,43.2988548],[-80.5961105,43.2988575],[-80.5960998,43.2988761]]},"properties":{"kind":"service","tier":"service","placement":"underground","from":"water-T-513","to":"water-N-P-00459","lengthM":7.19,"sizeMm":19,"diameterIn":0.75,"nominalLabel":"3/4\" copper","depthM":1.7,"zone":0}},{"type":"Feature","id":"water-E1064","geometry":{"type":"LineString","coordinates":[[-80.5961865,43.2989974],[-80.5961251,43.299001],[-80.5961148,43.2990196]]},"properties":{"kind":"service","tier":"service","placement":"underground","from":"water-T-514","to":"water-N-P-00460","lengthM":7.23,"sizeMm":19,"diameterIn":0.75,"nominalLabel":"3/4\" copper","depthM":1.7,"zone":0}},{"type":"Feature","id":"water-E1065","geometry":{"type":"LineString","coordinates":[[-80.5962038,43.2991412],[-80.5961423,43.2991454],[-80.5961323,43.2991641]]},"properties":{"kind":"service","tier":"service","placement":"underground","from":"water-T-515","to":"water-N-P-00461","lengthM":7.24,"sizeMm":19,"diameterIn":0.75,"nominalLabel":"3/4\" copper","depthM":1.7,"zone":0}},{"type":"Feature","id":"water-E1066","geometry":{"type":"LineString","coordinates":[[-80.5962247,43.2992995],[-80.5961634,43.299304],[-80.5961536,43.2993227]]},"properties":{"kind":"service","tier":"service","placement":"underground","from":"water-T-516","to":"water-N-P-00462","lengthM":7.23,"sizeMm":25,"diameterIn":0.98,"nominalLabel":"1\" copper","depthM":1.7,"zone":0}},{"type":"Feature","id":"water-E1067","geometry":{"type":"LineString","coordinates":[[-80.5954139,43.3012295],[-80.5953531,43.3012361],[-80.5953372,43.3012197]]},"properties":{"kind":"service","tier":"service","placement":"underground","from":"water-T-517","to":"water-N-P-00463","lengthM":7.22,"sizeMm":19,"diameterIn":0.75,"nominalLabel":"3/4\" copper","depthM":1.7,"zone":0}},{"type":"Feature","id":"water-E1068","geometry":{"type":"LineString","coordinates":[[-80.5953847,43.3010866],[-80.5953243,43.3010931],[-80.5953086,43.3010766]]},"properties":{"kind":"service","tier":"service","placement":"underground","from":"water-T-518","to":"water-N-P-00464","lengthM":7.18,"sizeMm":19,"diameterIn":0.75,"nominalLabel":"3/4\" copper","depthM":1.7,"zone":0}},{"type":"Feature","id":"water-E1069","geometry":{"type":"LineString","coordinates":[[-80.5953578,43.3009418],[-80.5952971,43.3009477],[-80.5952817,43.300931]]},"properties":{"kind":"service","tier":"service","placement":"underground","from":"water-T-519","to":"water-N-P-00465","lengthM":7.2,"sizeMm":25,"diameterIn":0.98,"nominalLabel":"1\" copper","depthM":1.7,"zone":0}},{"type":"Feature","id":"water-E1070","geometry":{"type":"LineString","coordinates":[[-80.5953323,43.3007861],[-80.5952713,43.3007912],[-80.5952563,43.3007744]]},"properties":{"kind":"service","tier":"service","placement":"underground","from":"water-T-520","to":"water-N-P-00466","lengthM":7.21,"sizeMm":19,"diameterIn":0.75,"nominalLabel":"3/4\" copper","depthM":1.7,"zone":0}},{"type":"Feature","id":"water-E1071","geometry":{"type":"LineString","coordinates":[[-80.5953106,43.3006282],[-80.5952491,43.3006322],[-80.5952346,43.3006151]]},"properties":{"kind":"service","tier":"service","placement":"underground","from":"water-T-521","to":"water-N-P-00467","lengthM":7.24,"sizeMm":19,"diameterIn":0.75,"nominalLabel":"3/4\" copper","depthM":1.7,"zone":0}},{"type":"Feature","id":"water-E1072","geometry":{"type":"LineString","coordinates":[[-80.5952954,43.300488],[-80.5952341,43.3004907],[-80.5952202,43.3004734]]},"properties":{"kind":"service","tier":"service","placement":"underground","from":"water-T-522","to":"water-N-P-00468","lengthM":7.21,"sizeMm":19,"diameterIn":0.75,"nominalLabel":"3/4\" copper","depthM":1.7,"zone":0}},{"type":"Feature","id":"water-E1073","geometry":{"type":"LineString","coordinates":[[-80.595284,43.3003428],[-80.5952236,43.3003441],[-80.5952102,43.3003265]]},"properties":{"kind":"service","tier":"service","placement":"underground","from":"water-T-523","to":"water-N-P-00469","lengthM":7.13,"sizeMm":19,"diameterIn":0.75,"nominalLabel":"3/4\" copper","depthM":1.7,"zone":0}},{"type":"Feature","id":"water-E1074","geometry":{"type":"LineString","coordinates":[[-80.5952775,43.3001855],[-80.5952173,43.3001868],[-80.5952046,43.3001689]]},"properties":{"kind":"service","tier":"service","placement":"underground","from":"water-T-524","to":"water-N-P-00470","lengthM":7.11,"sizeMm":25,"diameterIn":0.98,"nominalLabel":"1\" copper","depthM":1.7,"zone":0}},{"type":"Feature","id":"water-E1075","geometry":{"type":"LineString","coordinates":[[-80.5955491,43.3018604],[-80.5957201,43.3018425],[-80.5957288,43.3018234]]},"properties":{"kind":"service","tier":"service","placement":"underground","from":"water-T-525","to":"water-N-P-00471","lengthM":16.23,"sizeMm":19,"diameterIn":0.75,"nominalLabel":"3/4\" copper","depthM":1.7,"zone":0}},{"type":"Feature","id":"water-E1076","geometry":{"type":"LineString","coordinates":[[-80.5955188,43.3017142],[-80.5956896,43.3016949],[-80.595698,43.3016757]]},"properties":{"kind":"service","tier":"service","placement":"underground","from":"water-T-526","to":"water-N-P-00472","lengthM":16.24,"sizeMm":25,"diameterIn":0.98,"nominalLabel":"1\" copper","depthM":1.7,"zone":0}},{"type":"Feature","id":"water-E1077","geometry":{"type":"LineString","coordinates":[[-80.5954846,43.3015556],[-80.5956552,43.3015358],[-80.5956635,43.3015166]]},"properties":{"kind":"service","tier":"service","placement":"underground","from":"water-T-527","to":"water-N-P-00473","lengthM":16.23,"sizeMm":25,"diameterIn":0.98,"nominalLabel":"1\" copper","depthM":1.7,"zone":0}},{"type":"Feature","id":"water-E1078","geometry":{"type":"LineString","coordinates":[[-80.595452,43.3014066],[-80.5956227,43.301387],[-80.595631,43.3013678]]},"properties":{"kind":"service","tier":"service","placement":"underground","from":"water-T-528","to":"water-N-P-00474","lengthM":16.24,"sizeMm":25,"diameterIn":0.98,"nominalLabel":"1\" copper","depthM":1.7,"zone":0}},{"type":"Feature","id":"water-E1079","geometry":{"type":"LineString","coordinates":[[-80.5954204,43.3012611],[-80.5955918,43.3012425],[-80.5956002,43.3012234]]},"properties":{"kind":"service","tier":"service","placement":"underground","from":"water-T-529","to":"water-N-P-00475","lengthM":16.27,"sizeMm":25,"diameterIn":0.98,"nominalLabel":"1\" copper","depthM":1.7,"zone":0}},{"type":"Feature","id":"water-E1080","geometry":{"type":"LineString","coordinates":[[-80.5953892,43.3011087],[-80.5955607,43.3010901],[-80.5955693,43.301071]]},"properties":{"kind":"service","tier":"service","placement":"underground","from":"water-T-530","to":"water-N-P-00476","lengthM":16.28,"sizeMm":25,"diameterIn":0.98,"nominalLabel":"1\" copper","depthM":1.7,"zone":0}},{"type":"Feature","id":"water-E1081","geometry":{"type":"LineString","coordinates":[[-80.5953596,43.3009512],[-80.5955312,43.3009344],[-80.5955403,43.3009155]]},"properties":{"kind":"service","tier":"service","placement":"underground","from":"water-T-531","to":"water-N-P-00477","lengthM":16.27,"sizeMm":25,"diameterIn":0.98,"nominalLabel":"1\" copper","depthM":1.7,"zone":0}},{"type":"Feature","id":"water-E1082","geometry":{"type":"LineString","coordinates":[[-80.5953353,43.3008055],[-80.595507,43.3007912],[-80.5955164,43.3007723]]},"properties":{"kind":"service","tier":"service","placement":"underground","from":"water-T-532","to":"water-N-P-00478","lengthM":16.24,"sizeMm":19,"diameterIn":0.75,"nominalLabel":"3/4\" copper","depthM":1.7,"zone":0}},{"type":"Feature","id":"water-E1083","geometry":{"type":"LineString","coordinates":[[-80.5953144,43.3006594],[-80.5954868,43.3006482],[-80.5954969,43.3006295]]},"properties":{"kind":"service","tier":"service","placement":"underground","from":"water-T-533","to":"water-N-P-00479","lengthM":16.26,"sizeMm":19,"diameterIn":0.75,"nominalLabel":"3/4\" copper","depthM":1.7,"zone":0}},{"type":"Feature","id":"water-E1084","geometry":{"type":"LineString","coordinates":[[-80.5952961,43.3004967],[-80.5954694,43.3004889],[-80.5954801,43.3004704]]},"properties":{"kind":"service","tier":"service","placement":"underground","from":"water-T-534","to":"water-N-P-00480","lengthM":16.3,"sizeMm":19,"diameterIn":0.75,"nominalLabel":"3/4\" copper","depthM":1.7,"zone":0}},{"type":"Feature","id":"water-E1085","geometry":{"type":"LineString","coordinates":[[-80.6009622,43.2995735],[-80.600959,43.2997532],[-80.6009342,43.299762]]},"properties":{"kind":"service","tier":"service","placement":"underground","from":"water-T-535","to":"water-N-P-00481","lengthM":22.24,"sizeMm":38,"diameterIn":1.5,"nominalLabel":"1-1/2\" copper","depthM":1.7,"zone":0}},{"type":"Feature","id":"water-E1086","geometry":{"type":"LineString","coordinates":[[-80.6009871,43.2995737],[-80.6009888,43.299475],[-80.6009643,43.2994658]]},"properties":{"kind":"service","tier":"service","placement":"underground","from":"water-T-536","to":"water-N-P-00482","lengthM":13.23,"sizeMm":38,"diameterIn":1.5,"nominalLabel":"1-1/2\" copper","depthM":1.7,"zone":0}},{"type":"Feature","id":"water-E1087","geometry":{"type":"LineString","coordinates":[[-80.6006001,43.2969279],[-80.6008467,43.2969368],[-80.6008578,43.2969552]]},"properties":{"kind":"service","tier":"service","placement":"underground","from":"water-T-537","to":"water-N-P-00483","lengthM":22.24,"sizeMm":38,"diameterIn":1.5,"nominalLabel":"1-1/2\" copper","depthM":1.7,"zone":0}},{"type":"Feature","id":"water-E1088","geometry":{"type":"LineString","coordinates":[[-80.6005899,43.2970769],[-80.6008366,43.2970855],[-80.6008478,43.2971039]]},"properties":{"kind":"service","tier":"service","placement":"underground","from":"water-T-538","to":"water-N-P-00484","lengthM":22.25,"sizeMm":38,"diameterIn":1.5,"nominalLabel":"1-1/2\" copper","depthM":1.7,"zone":0}},{"type":"Feature","id":"water-E1089","geometry":{"type":"LineString","coordinates":[[-80.6005808,43.2972195],[-80.6008274,43.2972278],[-80.6008385,43.2972462]]},"properties":{"kind":"service","tier":"service","placement":"underground","from":"water-T-539","to":"water-N-P-00485","lengthM":22.24,"sizeMm":38,"diameterIn":1.5,"nominalLabel":"1-1/2\" copper","depthM":1.7,"zone":0}},{"type":"Feature","id":"water-E1090","geometry":{"type":"LineString","coordinates":[[-80.6005718,43.2973626],[-80.6008185,43.2973706],[-80.6008297,43.297389]]},"properties":{"kind":"service","tier":"service","placement":"underground","from":"water-T-540","to":"water-N-P-00486","lengthM":22.24,"sizeMm":38,"diameterIn":1.5,"nominalLabel":"1-1/2\" copper","depthM":1.7,"zone":0}},{"type":"Feature","id":"water-E1091","geometry":{"type":"LineString","coordinates":[[-80.6005625,43.2975185],[-80.6008092,43.2975263],[-80.6008204,43.2975446]]},"properties":{"kind":"service","tier":"service","placement":"underground","from":"water-T-541","to":"water-N-P-00487","lengthM":22.24,"sizeMm":38,"diameterIn":1.5,"nominalLabel":"1-1/2\" copper","depthM":1.7,"zone":0}},{"type":"Feature","id":"water-E1092","geometry":{"type":"LineString","coordinates":[[-80.6005538,43.2976709],[-80.6008005,43.2976784],[-80.6008118,43.2976967]]},"properties":{"kind":"service","tier":"service","placement":"underground","from":"water-T-542","to":"water-N-P-00488","lengthM":22.24,"sizeMm":38,"diameterIn":1.5,"nominalLabel":"1-1/2\" copper","depthM":1.7,"zone":0}},{"type":"Feature","id":"water-E1093","geometry":{"type":"LineString","coordinates":[[-80.600546,43.2978142],[-80.6007928,43.2978211],[-80.6008042,43.2978394]]},"properties":{"kind":"service","tier":"service","placement":"underground","from":"water-T-543","to":"water-N-P-00489","lengthM":22.24,"sizeMm":38,"diameterIn":1.5,"nominalLabel":"1-1/2\" copper","depthM":1.7,"zone":0}},{"type":"Feature","id":"water-E1094","geometry":{"type":"LineString","coordinates":[[-80.6005385,43.297962],[-80.6007853,43.2979684],[-80.6007967,43.2979866]]},"properties":{"kind":"service","tier":"service","placement":"underground","from":"water-T-544","to":"water-N-P-00490","lengthM":22.24,"sizeMm":38,"diameterIn":1.5,"nominalLabel":"1-1/2\" copper","depthM":1.7,"zone":0}},{"type":"Feature","id":"water-E1095","geometry":{"type":"LineString","coordinates":[[-80.6005313,43.2981122],[-80.6007781,43.2981182],[-80.6007896,43.2981365]]},"properties":{"kind":"service","tier":"service","placement":"underground","from":"water-T-545","to":"water-N-P-00491","lengthM":22.24,"sizeMm":38,"diameterIn":1.5,"nominalLabel":"1-1/2\" copper","depthM":1.7,"zone":0}},{"type":"Feature","id":"water-E1096","geometry":{"type":"LineString","coordinates":[[-80.6005249,43.2982549],[-80.6007717,43.2982607],[-80.6007832,43.2982789]]},"properties":{"kind":"service","tier":"service","placement":"underground","from":"water-T-546","to":"water-N-P-00492","lengthM":22.24,"sizeMm":38,"diameterIn":1.5,"nominalLabel":"1-1/2\" copper","depthM":1.7,"zone":0}},{"type":"Feature","id":"water-E1097","geometry":{"type":"LineString","coordinates":[[-80.6005185,43.2984049],[-80.6007654,43.2984103],[-80.600777,43.2984286]]},"properties":{"kind":"service","tier":"service","placement":"underground","from":"water-T-547","to":"water-N-P-00493","lengthM":22.25,"sizeMm":38,"diameterIn":1.5,"nominalLabel":"1-1/2\" copper","depthM":1.7,"zone":0}},{"type":"Feature","id":"water-E1098","geometry":{"type":"LineString","coordinates":[[-80.6005128,43.2985555],[-80.6007596,43.2985604],[-80.6007713,43.2985786]]},"properties":{"kind":"service","tier":"service","placement":"underground","from":"water-T-548","to":"water-N-P-00494","lengthM":22.24,"sizeMm":38,"diameterIn":1.5,"nominalLabel":"1-1/2\" copper","depthM":1.7,"zone":0}},{"type":"Feature","id":"water-E1099","geometry":{"type":"LineString","coordinates":[[-80.6005074,43.2987089],[-80.6007543,43.2987135],[-80.600766,43.2987317]]},"properties":{"kind":"service","tier":"service","placement":"underground","from":"water-T-549","to":"water-N-P-00495","lengthM":22.24,"sizeMm":38,"diameterIn":1.5,"nominalLabel":"1-1/2\" copper","depthM":1.7,"zone":0}},{"type":"Feature","id":"water-E1100","geometry":{"type":"LineString","coordinates":[[-80.6005024,43.2988667],[-80.6007493,43.2988704],[-80.6007611,43.2988886]]},"properties":{"kind":"service","tier":"service","placement":"underground","from":"water-T-550","to":"water-N-P-00496","lengthM":22.24,"sizeMm":38,"diameterIn":1.5,"nominalLabel":"1-1/2\" copper","depthM":1.7,"zone":0}},{"type":"Feature","id":"water-E1101","geometry":{"type":"LineString","coordinates":[[-80.6004984,43.2990121],[-80.6007453,43.2990156],[-80.6007571,43.2990337]]},"properties":{"kind":"service","tier":"service","placement":"underground","from":"water-T-551","to":"water-N-P-00497","lengthM":22.24,"sizeMm":38,"diameterIn":1.5,"nominalLabel":"1-1/2\" copper","depthM":1.7,"zone":0}},{"type":"Feature","id":"water-E1102","geometry":{"type":"LineString","coordinates":[[-80.6004948,43.2991607],[-80.6007417,43.2991635],[-80.6007537,43.2991816]]},"properties":{"kind":"service","tier":"service","placement":"underground","from":"water-T-552","to":"water-N-P-00498","lengthM":22.25,"sizeMm":38,"diameterIn":1.5,"nominalLabel":"1-1/2\" copper","depthM":1.7,"zone":0}},{"type":"Feature","id":"water-E1103","geometry":{"type":"LineString","coordinates":[[-80.6006323,43.2964814],[-80.6004967,43.296476],[-80.6004831,43.2964934]]},"properties":{"kind":"service","tier":"service","placement":"underground","from":"water-T-553","to":"water-N-P-00499","lengthM":13.24,"sizeMm":38,"diameterIn":1.5,"nominalLabel":"1-1/2\" copper","depthM":1.7,"zone":0}},{"type":"Feature","id":"water-E1104","geometry":{"type":"LineString","coordinates":[[-80.6006214,43.296628],[-80.6004858,43.2966226],[-80.6004721,43.2966401]]},"properties":{"kind":"service","tier":"service","placement":"underground","from":"water-T-554","to":"water-N-P-00500","lengthM":13.24,"sizeMm":38,"diameterIn":1.5,"nominalLabel":"1-1/2\" copper","depthM":1.7,"zone":0}},{"type":"Feature","id":"water-E1105","geometry":{"type":"LineString","coordinates":[[-80.6006108,43.2967737],[-80.6004753,43.2967686],[-80.6004617,43.2967861]]},"properties":{"kind":"service","tier":"service","placement":"underground","from":"water-T-555","to":"water-N-P-00501","lengthM":13.23,"sizeMm":38,"diameterIn":1.5,"nominalLabel":"1-1/2\" copper","depthM":1.7,"zone":0}},{"type":"Feature","id":"water-E1106","geometry":{"type":"LineString","coordinates":[[-80.6006005,43.2969218],[-80.6004649,43.2969169],[-80.6004514,43.2969344]]},"properties":{"kind":"service","tier":"service","placement":"underground","from":"water-T-556","to":"water-N-P-00502","lengthM":13.23,"sizeMm":38,"diameterIn":1.5,"nominalLabel":"1-1/2\" copper","depthM":1.7,"zone":0}},{"type":"Feature","id":"water-E1107","geometry":{"type":"LineString","coordinates":[[-80.6005901,43.2970745],[-80.6004546,43.2970697],[-80.6004411,43.2970873]]},"properties":{"kind":"service","tier":"service","placement":"underground","from":"water-T-557","to":"water-N-P-00503","lengthM":13.23,"sizeMm":38,"diameterIn":1.5,"nominalLabel":"1-1/2\" copper","depthM":1.7,"zone":0}},{"type":"Feature","id":"water-E1108","geometry":{"type":"LineString","coordinates":[[-80.6005804,43.297225],[-80.6004448,43.2972204],[-80.6004313,43.2972379]]},"properties":{"kind":"service","tier":"service","placement":"underground","from":"water-T-558","to":"water-N-P-00504","lengthM":13.23,"sizeMm":38,"diameterIn":1.5,"nominalLabel":"1-1/2\" copper","depthM":1.7,"zone":0}},{"type":"Feature","id":"water-E1109","geometry":{"type":"LineString","coordinates":[[-80.6005711,43.2973733],[-80.6004356,43.2973689],[-80.6004221,43.2973864]]},"properties":{"kind":"service","tier":"service","placement":"underground","from":"water-T-559","to":"water-N-P-00505","lengthM":13.23,"sizeMm":38,"diameterIn":1.5,"nominalLabel":"1-1/2\" copper","depthM":1.7,"zone":0}},{"type":"Feature","id":"water-E1110","geometry":{"type":"LineString","coordinates":[[-80.6005623,43.297522],[-80.6004267,43.2975177],[-80.6004133,43.2975353]]},"properties":{"kind":"service","tier":"service","placement":"underground","from":"water-T-560","to":"water-N-P-00506","lengthM":13.23,"sizeMm":38,"diameterIn":1.5,"nominalLabel":"1-1/2\" copper","depthM":1.7,"zone":0}},{"type":"Feature","id":"water-E1111","geometry":{"type":"LineString","coordinates":[[-80.6005535,43.2976752],[-80.6004179,43.2976711],[-80.6004046,43.2976887]]},"properties":{"kind":"service","tier":"service","placement":"underground","from":"water-T-561","to":"water-N-P-00507","lengthM":13.23,"sizeMm":38,"diameterIn":1.5,"nominalLabel":"1-1/2\" copper","depthM":1.7,"zone":0}},{"type":"Feature","id":"water-E1112","geometry":{"type":"LineString","coordinates":[[-80.6005246,43.2982609],[-80.600389,43.2982578],[-80.6003758,43.2982754]]},"properties":{"kind":"service","tier":"service","placement":"underground","from":"water-T-562","to":"water-N-P-00508","lengthM":13.23,"sizeMm":38,"diameterIn":1.5,"nominalLabel":"1-1/2\" copper","depthM":1.7,"zone":0}},{"type":"Feature","id":"water-E1113","geometry":{"type":"LineString","coordinates":[[-80.6005184,43.2984075],[-80.6003829,43.2984045],[-80.6003698,43.2984222]]},"properties":{"kind":"service","tier":"service","placement":"underground","from":"water-T-563","to":"water-N-P-00509","lengthM":13.22,"sizeMm":38,"diameterIn":1.5,"nominalLabel":"1-1/2\" copper","depthM":1.7,"zone":0}},{"type":"Feature","id":"water-E1114","geometry":{"type":"LineString","coordinates":[[-80.6005124,43.2985662],[-80.6003768,43.2985636],[-80.6003638,43.2985813]]},"properties":{"kind":"service","tier":"service","placement":"underground","from":"water-T-564","to":"water-N-P-00510","lengthM":13.23,"sizeMm":38,"diameterIn":1.5,"nominalLabel":"1-1/2\" copper","depthM":1.7,"zone":0}},{"type":"Feature","id":"water-E1115","geometry":{"type":"LineString","coordinates":[[-80.6005074,43.298711],[-80.6003716,43.2987085],[-80.6003587,43.2987263]]},"properties":{"kind":"service","tier":"service","placement":"underground","from":"water-T-565","to":"water-N-P-00511","lengthM":13.23,"sizeMm":38,"diameterIn":1.5,"nominalLabel":"1-1/2\" copper","depthM":1.7,"zone":0}},{"type":"Feature","id":"water-E1116","geometry":{"type":"LineString","coordinates":[[-80.6005029,43.2988518],[-80.6003672,43.2988496],[-80.6003543,43.2988673]]},"properties":{"kind":"service","tier":"service","placement":"underground","from":"water-T-566","to":"water-N-P-00512","lengthM":13.23,"sizeMm":38,"diameterIn":1.5,"nominalLabel":"1-1/2\" copper","depthM":1.7,"zone":0}},{"type":"Feature","id":"water-E1117","geometry":{"type":"LineString","coordinates":[[-80.6004987,43.2990009],[-80.600363,43.298999],[-80.6003502,43.2990168]]},"properties":{"kind":"service","tier":"service","placement":"underground","from":"water-T-567","to":"water-N-P-00513","lengthM":13.23,"sizeMm":38,"diameterIn":1.5,"nominalLabel":"1-1/2\" copper","depthM":1.7,"zone":0}},{"type":"Feature","id":"water-E1118","geometry":{"type":"LineString","coordinates":[[-80.6004948,43.2991577],[-80.6003592,43.2991561],[-80.6003465,43.2991739]]},"properties":{"kind":"service","tier":"service","placement":"underground","from":"water-T-568","to":"water-N-P-00514","lengthM":13.23,"sizeMm":38,"diameterIn":1.5,"nominalLabel":"1-1/2\" copper","depthM":1.7,"zone":0}},{"type":"Feature","id":"water-E1119","geometry":{"type":"LineString","coordinates":[[-80.6004918,43.2993084],[-80.6003561,43.299307],[-80.6003434,43.2993248]]},"properties":{"kind":"service","tier":"service","placement":"underground","from":"water-T-569","to":"water-N-P-00515","lengthM":13.23,"sizeMm":38,"diameterIn":1.5,"nominalLabel":"1-1/2\" copper","depthM":1.7,"zone":0}},{"type":"Feature","id":"water-E1120","geometry":{"type":"LineString","coordinates":[[-80.6004858,43.3029565],[-80.6003501,43.3029566],[-80.6003377,43.3029387]]},"properties":{"kind":"service","tier":"service","placement":"underground","from":"water-T-570","to":"water-N-P-00516","lengthM":13.23,"sizeMm":38,"diameterIn":1.5,"nominalLabel":"1-1/2\" copper","depthM":1.7,"zone":0}},{"type":"Feature","id":"water-E1121","geometry":{"type":"LineString","coordinates":[[-80.6004855,43.3027882],[-80.6003496,43.3027885],[-80.6003372,43.3027706]]},"properties":{"kind":"service","tier":"service","placement":"underground","from":"water-T-571","to":"water-N-P-00517","lengthM":13.24,"sizeMm":38,"diameterIn":1.5,"nominalLabel":"1-1/2\" copper","depthM":1.7,"zone":0}},{"type":"Feature","id":"water-E1122","geometry":{"type":"LineString","coordinates":[[-80.600485,43.302628],[-80.6003492,43.3026281],[-80.6003368,43.3026102]]},"properties":{"kind":"service","tier":"service","placement":"underground","from":"water-T-572","to":"water-N-P-00518","lengthM":13.23,"sizeMm":38,"diameterIn":1.5,"nominalLabel":"1-1/2\" copper","depthM":1.7,"zone":0}},{"type":"Feature","id":"water-E1123","geometry":{"type":"LineString","coordinates":[[-80.6004847,43.3024602],[-80.6003489,43.3024604],[-80.6003366,43.3024424]]},"properties":{"kind":"service","tier":"service","placement":"underground","from":"water-T-573","to":"water-N-P-00519","lengthM":13.24,"sizeMm":38,"diameterIn":1.5,"nominalLabel":"1-1/2\" copper","depthM":1.7,"zone":0}},{"type":"Feature","id":"water-E1124","geometry":{"type":"LineString","coordinates":[[-80.6004845,43.3022921],[-80.6003487,43.3022922],[-80.6003364,43.3022743]]},"properties":{"kind":"service","tier":"service","placement":"underground","from":"water-T-574","to":"water-N-P-00520","lengthM":13.23,"sizeMm":38,"diameterIn":1.5,"nominalLabel":"1-1/2\" copper","depthM":1.7,"zone":0}},{"type":"Feature","id":"water-E1125","geometry":{"type":"LineString","coordinates":[[-80.6004844,43.3021303],[-80.6003486,43.3021303],[-80.6003362,43.3021124]]},"properties":{"kind":"service","tier":"service","placement":"underground","from":"water-T-575","to":"water-N-P-00521","lengthM":13.23,"sizeMm":38,"diameterIn":1.5,"nominalLabel":"1-1/2\" copper","depthM":1.7,"zone":0}},{"type":"Feature","id":"water-E1126","geometry":{"type":"LineString","coordinates":[[-80.6004842,43.3019552],[-80.6003485,43.3019552],[-80.6003361,43.3019372]]},"properties":{"kind":"service","tier":"service","placement":"underground","from":"water-T-576","to":"water-N-P-00522","lengthM":13.23,"sizeMm":38,"diameterIn":1.5,"nominalLabel":"1-1/2\" copper","depthM":1.7,"zone":0}},{"type":"Feature","id":"water-E1127","geometry":{"type":"LineString","coordinates":[[-80.6004842,43.3017906],[-80.6003485,43.3017906],[-80.6003361,43.3017726]]},"properties":{"kind":"service","tier":"service","placement":"underground","from":"water-T-577","to":"water-N-P-00523","lengthM":13.24,"sizeMm":38,"diameterIn":1.5,"nominalLabel":"1-1/2\" copper","depthM":1.7,"zone":0}},{"type":"Feature","id":"water-E1128","geometry":{"type":"LineString","coordinates":[[-80.6004842,43.3016304],[-80.6003485,43.3016304],[-80.6003361,43.3016124]]},"properties":{"kind":"service","tier":"service","placement":"underground","from":"water-T-578","to":"water-N-P-00524","lengthM":13.24,"sizeMm":38,"diameterIn":1.5,"nominalLabel":"1-1/2\" copper","depthM":1.7,"zone":0}},{"type":"Feature","id":"water-E1129","geometry":{"type":"LineString","coordinates":[[-80.6004844,43.3014547],[-80.6003485,43.3014547],[-80.6003362,43.3014367]]},"properties":{"kind":"service","tier":"service","placement":"underground","from":"water-T-579","to":"water-N-P-00525","lengthM":13.24,"sizeMm":38,"diameterIn":1.5,"nominalLabel":"1-1/2\" copper","depthM":1.7,"zone":0}},{"type":"Feature","id":"water-E1130","geometry":{"type":"LineString","coordinates":[[-80.6004844,43.3012786],[-80.6003486,43.3012786],[-80.6003363,43.3012606]]},"properties":{"kind":"service","tier":"service","placement":"underground","from":"water-T-580","to":"water-N-P-00526","lengthM":13.23,"sizeMm":38,"diameterIn":1.5,"nominalLabel":"1-1/2\" copper","depthM":1.7,"zone":0}},{"type":"Feature","id":"water-E1131","geometry":{"type":"LineString","coordinates":[[-80.6004845,43.3011172],[-80.6003488,43.3011171],[-80.6003364,43.3010992]]},"properties":{"kind":"service","tier":"service","placement":"underground","from":"water-T-581","to":"water-N-P-00527","lengthM":13.23,"sizeMm":38,"diameterIn":1.5,"nominalLabel":"1-1/2\" copper","depthM":1.7,"zone":0}},{"type":"Feature","id":"water-E1132","geometry":{"type":"LineString","coordinates":[[-80.6004846,43.3009525],[-80.6003489,43.3009525],[-80.6003366,43.3009346]]},"properties":{"kind":"service","tier":"service","placement":"underground","from":"water-T-582","to":"water-N-P-00528","lengthM":13.23,"sizeMm":38,"diameterIn":1.5,"nominalLabel":"1-1/2\" copper","depthM":1.7,"zone":0}},{"type":"Feature","id":"water-E1133","geometry":{"type":"LineString","coordinates":[[-80.6004847,43.3007741],[-80.600349,43.3007741],[-80.6003367,43.3007561]]},"properties":{"kind":"service","tier":"service","placement":"underground","from":"water-T-583","to":"water-N-P-00529","lengthM":13.23,"sizeMm":38,"diameterIn":1.5,"nominalLabel":"1-1/2\" copper","depthM":1.7,"zone":0}},{"type":"Feature","id":"water-E1134","geometry":{"type":"LineString","coordinates":[[-80.6004848,43.3006125],[-80.6003491,43.3006125],[-80.6003367,43.3005946]]},"properties":{"kind":"service","tier":"service","placement":"underground","from":"water-T-584","to":"water-N-P-00530","lengthM":13.24,"sizeMm":38,"diameterIn":1.5,"nominalLabel":"1-1/2\" copper","depthM":1.7,"zone":0}},{"type":"Feature","id":"water-E1135","geometry":{"type":"LineString","coordinates":[[-80.600485,43.3004487],[-80.6003491,43.3004487],[-80.6003368,43.3004307]]},"properties":{"kind":"service","tier":"service","placement":"underground","from":"water-T-585","to":"water-N-P-00531","lengthM":13.24,"sizeMm":38,"diameterIn":1.5,"nominalLabel":"1-1/2\" copper","depthM":1.7,"zone":0}},{"type":"Feature","id":"water-E1136","geometry":{"type":"LineString","coordinates":[[-80.6004851,43.3002799],[-80.6003493,43.3002797],[-80.6003369,43.3002617]]},"properties":{"kind":"service","tier":"service","placement":"underground","from":"water-T-586","to":"water-N-P-00532","lengthM":13.24,"sizeMm":38,"diameterIn":1.5,"nominalLabel":"1-1/2\" copper","depthM":1.7,"zone":0}},{"type":"Feature","id":"water-E1137","geometry":{"type":"LineString","coordinates":[[-80.6004851,43.3001195],[-80.6003493,43.3001195],[-80.600337,43.3001015]]},"properties":{"kind":"service","tier":"service","placement":"underground","from":"water-T-587","to":"water-N-P-00533","lengthM":13.24,"sizeMm":38,"diameterIn":1.5,"nominalLabel":"1-1/2\" copper","depthM":1.7,"zone":0}},{"type":"Feature","id":"water-E1138","geometry":{"type":"LineString","coordinates":[[-80.6004853,43.2999438],[-80.6003495,43.2999436],[-80.6003372,43.2999256]]},"properties":{"kind":"service","tier":"service","placement":"underground","from":"water-T-588","to":"water-N-P-00534","lengthM":13.23,"sizeMm":38,"diameterIn":1.5,"nominalLabel":"1-1/2\" copper","depthM":1.7,"zone":0}},{"type":"Feature","id":"water-E1139","geometry":{"type":"LineString","coordinates":[[-80.6004859,43.3029652],[-80.6007328,43.3029647],[-80.6007451,43.3029467]]},"properties":{"kind":"service","tier":"service","placement":"underground","from":"water-T-589","to":"water-N-P-00535","lengthM":22.24,"sizeMm":38,"diameterIn":1.5,"nominalLabel":"1-1/2\" copper","depthM":1.7,"zone":0}},{"type":"Feature","id":"water-E1140","geometry":{"type":"LineString","coordinates":[[-80.6004855,43.302799],[-80.6007323,43.3027987],[-80.6007446,43.3027807]]},"properties":{"kind":"service","tier":"service","placement":"underground","from":"water-T-590","to":"water-N-P-00536","lengthM":22.23,"sizeMm":38,"diameterIn":1.5,"nominalLabel":"1-1/2\" copper","depthM":1.7,"zone":0}},{"type":"Feature","id":"water-E1141","geometry":{"type":"LineString","coordinates":[[-80.600485,43.3026256],[-80.6007319,43.3026253],[-80.6007442,43.3026073]]},"properties":{"kind":"service","tier":"service","placement":"underground","from":"water-T-591","to":"water-N-P-00537","lengthM":22.24,"sizeMm":38,"diameterIn":1.5,"nominalLabel":"1-1/2\" copper","depthM":1.7,"zone":0}},{"type":"Feature","id":"water-E1142","geometry":{"type":"LineString","coordinates":[[-80.6004847,43.3024666],[-80.6007316,43.3024663],[-80.6007439,43.3024484]]},"properties":{"kind":"service","tier":"service","placement":"underground","from":"water-T-592","to":"water-N-P-00538","lengthM":22.23,"sizeMm":38,"diameterIn":1.5,"nominalLabel":"1-1/2\" copper","depthM":1.7,"zone":0}},{"type":"Feature","id":"water-E1143","geometry":{"type":"LineString","coordinates":[[-80.6004845,43.3023001],[-80.6007314,43.3022998],[-80.6007437,43.3022819]]},"properties":{"kind":"service","tier":"service","placement":"underground","from":"water-T-593","to":"water-N-P-00539","lengthM":22.24,"sizeMm":38,"diameterIn":1.5,"nominalLabel":"1-1/2\" copper","depthM":1.7,"zone":0}},{"type":"Feature","id":"water-E1144","geometry":{"type":"LineString","coordinates":[[-80.6004844,43.3021323],[-80.6007313,43.3021323],[-80.6007436,43.3021143]]},"properties":{"kind":"service","tier":"service","placement":"underground","from":"water-T-594","to":"water-N-P-00540","lengthM":22.24,"sizeMm":38,"diameterIn":1.5,"nominalLabel":"1-1/2\" copper","depthM":1.7,"zone":0}},{"type":"Feature","id":"water-E1145","geometry":{"type":"LineString","coordinates":[[-80.6004842,43.301963],[-80.6007311,43.301963],[-80.6007435,43.301945]]},"properties":{"kind":"service","tier":"service","placement":"underground","from":"water-T-595","to":"water-N-P-00541","lengthM":22.24,"sizeMm":38,"diameterIn":1.5,"nominalLabel":"1-1/2\" copper","depthM":1.7,"zone":0}},{"type":"Feature","id":"water-E1146","geometry":{"type":"LineString","coordinates":[[-80.6004842,43.3017886],[-80.6007311,43.3017886],[-80.6007434,43.3017706]]},"properties":{"kind":"service","tier":"service","placement":"underground","from":"water-T-596","to":"water-N-P-00542","lengthM":22.24,"sizeMm":38,"diameterIn":1.5,"nominalLabel":"1-1/2\" copper","depthM":1.7,"zone":0}},{"type":"Feature","id":"water-E1147","geometry":{"type":"LineString","coordinates":[[-80.6004842,43.3016259],[-80.6007311,43.3016259],[-80.6007434,43.301608]]},"properties":{"kind":"service","tier":"service","placement":"underground","from":"water-T-597","to":"water-N-P-00543","lengthM":22.24,"sizeMm":38,"diameterIn":1.5,"nominalLabel":"1-1/2\" copper","depthM":1.7,"zone":0}},{"type":"Feature","id":"water-E1148","geometry":{"type":"LineString","coordinates":[[-80.6004844,43.3014537],[-80.6007312,43.3014537],[-80.6007435,43.3014357]]},"properties":{"kind":"service","tier":"service","placement":"underground","from":"water-T-598","to":"water-N-P-00544","lengthM":22.23,"sizeMm":38,"diameterIn":1.5,"nominalLabel":"1-1/2\" copper","depthM":1.7,"zone":0}},{"type":"Feature","id":"water-E1149","geometry":{"type":"LineString","coordinates":[[-80.6004844,43.3012804],[-80.6007313,43.3012804],[-80.6007436,43.3012624]]},"properties":{"kind":"service","tier":"service","placement":"underground","from":"water-T-599","to":"water-N-P-00545","lengthM":22.24,"sizeMm":38,"diameterIn":1.5,"nominalLabel":"1-1/2\" copper","depthM":1.7,"zone":0}},{"type":"Feature","id":"water-E1150","geometry":{"type":"LineString","coordinates":[[-80.6004845,43.3011246],[-80.6007314,43.3011246],[-80.6007438,43.3011066]]},"properties":{"kind":"service","tier":"service","placement":"underground","from":"water-T-600","to":"water-N-P-00546","lengthM":22.24,"sizeMm":38,"diameterIn":1.5,"nominalLabel":"1-1/2\" copper","depthM":1.7,"zone":0}},{"type":"Feature","id":"water-E1151","geometry":{"type":"LineString","coordinates":[[-80.6004846,43.300955],[-80.6007315,43.300955],[-80.6007439,43.300937]]},"properties":{"kind":"service","tier":"service","placement":"underground","from":"water-T-601","to":"water-N-P-00547","lengthM":22.24,"sizeMm":38,"diameterIn":1.5,"nominalLabel":"1-1/2\" copper","depthM":1.7,"zone":0}},{"type":"Feature","id":"water-E1152","geometry":{"type":"LineString","coordinates":[[-80.6004847,43.3007795],[-80.6007316,43.3007795],[-80.600744,43.3007615]]},"properties":{"kind":"service","tier":"service","placement":"underground","from":"water-T-602","to":"water-N-P-00548","lengthM":22.24,"sizeMm":38,"diameterIn":1.5,"nominalLabel":"1-1/2\" copper","depthM":1.7,"zone":0}},{"type":"Feature","id":"water-E1153","geometry":{"type":"LineString","coordinates":[[-80.6004848,43.3006102],[-80.6007317,43.3006102],[-80.6007441,43.3005923]]},"properties":{"kind":"service","tier":"service","placement":"underground","from":"water-T-603","to":"water-N-P-00549","lengthM":22.24,"sizeMm":38,"diameterIn":1.5,"nominalLabel":"1-1/2\" copper","depthM":1.7,"zone":0}},{"type":"Feature","id":"water-E1154","geometry":{"type":"LineString","coordinates":[[-80.600485,43.3004463],[-80.6007318,43.3004463],[-80.6007441,43.3004284]]},"properties":{"kind":"service","tier":"service","placement":"underground","from":"water-T-604","to":"water-N-P-00550","lengthM":22.23,"sizeMm":38,"diameterIn":1.5,"nominalLabel":"1-1/2\" copper","depthM":1.7,"zone":0}},{"type":"Feature","id":"water-E1155","geometry":{"type":"LineString","coordinates":[[-80.600485,43.3002863],[-80.6007319,43.3002866],[-80.6007443,43.3002686]]},"properties":{"kind":"service","tier":"service","placement":"underground","from":"water-T-605","to":"water-N-P-00551","lengthM":22.24,"sizeMm":38,"diameterIn":1.5,"nominalLabel":"1-1/2\" copper","depthM":1.7,"zone":0}},{"type":"Feature","id":"water-E1156","geometry":{"type":"LineString","coordinates":[[-80.6004851,43.3001159],[-80.600732,43.3001159],[-80.6007443,43.3000979]]},"properties":{"kind":"service","tier":"service","placement":"underground","from":"water-T-606","to":"water-N-P-00552","lengthM":22.24,"sizeMm":38,"diameterIn":1.5,"nominalLabel":"1-1/2\" copper","depthM":1.7,"zone":0}},{"type":"Feature","id":"water-E1157","geometry":{"type":"LineString","coordinates":[[-80.5998349,43.2999029],[-80.5997733,43.2999011],[-80.59976,43.2999187]]},"properties":{"kind":"service","tier":"service","placement":"underground","from":"water-T-607","to":"water-N-P-00553","lengthM":7.24,"sizeMm":38,"diameterIn":1.5,"nominalLabel":"1-1/2\" copper","depthM":1.7,"zone":0}},{"type":"Feature","id":"water-E1158","geometry":{"type":"LineString","coordinates":[[-80.5998256,43.3000429],[-80.5997635,43.3000399],[-80.5997496,43.3000572]]},"properties":{"kind":"service","tier":"service","placement":"underground","from":"water-T-608","to":"water-N-P-00554","lengthM":7.28,"sizeMm":38,"diameterIn":1.5,"nominalLabel":"1-1/2\" copper","depthM":1.7,"zone":0}},{"type":"Feature","id":"water-E1159","geometry":{"type":"LineString","coordinates":[[-80.5998107,43.3001933],[-80.5997482,43.3001889],[-80.5997337,43.3002061]]},"properties":{"kind":"service","tier":"service","placement":"underground","from":"water-T-609","to":"water-N-P-00555","lengthM":7.33,"sizeMm":38,"diameterIn":1.5,"nominalLabel":"1-1/2\" copper","depthM":1.7,"zone":0}},{"type":"Feature","id":"water-E1160","geometry":{"type":"LineString","coordinates":[[-80.5997918,43.3003363],[-80.5997296,43.3003318],[-80.5997147,43.3003488]]},"properties":{"kind":"service","tier":"service","placement":"underground","from":"water-T-610","to":"water-N-P-00556","lengthM":7.3,"sizeMm":38,"diameterIn":1.5,"nominalLabel":"1-1/2\" copper","depthM":1.7,"zone":0}},{"type":"Feature","id":"water-E1161","geometry":{"type":"LineString","coordinates":[[-80.5997705,43.3004688],[-80.5997092,43.3004634],[-80.599694,43.3004802]]},"properties":{"kind":"service","tier":"service","placement":"underground","from":"water-T-611","to":"water-N-P-00557","lengthM":7.24,"sizeMm":38,"diameterIn":1.5,"nominalLabel":"1-1/2\" copper","depthM":1.7,"zone":0}},{"type":"Feature","id":"water-E1162","geometry":{"type":"LineString","coordinates":[[-80.5996443,43.2993091],[-80.5994719,43.2992991],[-80.5994615,43.2992805]]},"properties":{"kind":"service","tier":"service","placement":"underground","from":"water-T-612","to":"water-N-P-00558","lengthM":16.24,"sizeMm":38,"diameterIn":1.5,"nominalLabel":"1-1/2\" copper","depthM":1.7,"zone":0}},{"type":"Feature","id":"water-E1163","geometry":{"type":"LineString","coordinates":[[-80.5996589,43.2991598],[-80.5994864,43.2991519],[-80.5994756,43.2991334]]},"properties":{"kind":"service","tier":"service","placement":"underground","from":"water-T-613","to":"water-N-P-00559","lengthM":16.24,"sizeMm":38,"diameterIn":1.5,"nominalLabel":"1-1/2\" copper","depthM":1.7,"zone":0}},{"type":"Feature","id":"water-E1164","geometry":{"type":"LineString","coordinates":[[-80.5996704,43.299011],[-80.5994973,43.2990057],[-80.5994861,43.2989873]]},"properties":{"kind":"service","tier":"service","placement":"underground","from":"water-T-614","to":"water-N-P-00560","lengthM":16.28,"sizeMm":38,"diameterIn":1.5,"nominalLabel":"1-1/2\" copper","depthM":1.7,"zone":0}},{"type":"Feature","id":"water-E1165","geometry":{"type":"LineString","coordinates":[[-80.5996445,43.2993068],[-80.599706,43.2993104],[-80.5997203,43.2992932]]},"properties":{"kind":"service","tier":"service","placement":"underground","from":"water-T-615","to":"water-N-P-00561","lengthM":7.23,"sizeMm":38,"diameterIn":1.5,"nominalLabel":"1-1/2\" copper","depthM":1.7,"zone":0}},{"type":"Feature","id":"water-E1166","geometry":{"type":"LineString","coordinates":[[-80.5996587,43.2991614],[-80.5997203,43.2991642],[-80.5997342,43.2991469]]},"properties":{"kind":"service","tier":"service","placement":"underground","from":"water-T-616","to":"water-N-P-00562","lengthM":7.24,"sizeMm":38,"diameterIn":1.5,"nominalLabel":"1-1/2\" copper","depthM":1.7,"zone":0}},{"type":"Feature","id":"water-E1167","geometry":{"type":"LineString","coordinates":[[-80.597954,43.2995651],[-80.5979547,43.2994663],[-80.5979301,43.2994572]]},"properties":{"kind":"service","tier":"service","placement":"underground","from":"water-T-617","to":"water-N-P-00563","lengthM":13.24,"sizeMm":38,"diameterIn":1.5,"nominalLabel":"1-1/2\" copper","depthM":1.7,"zone":0}},{"type":"Feature","id":"water-E1168","geometry":{"type":"LineString","coordinates":[[-80.5969496,43.299561],[-80.5969505,43.2994622],[-80.5969259,43.2994531]]},"properties":{"kind":"service","tier":"service","placement":"underground","from":"water-T-618","to":"water-N-P-00564","lengthM":13.24,"sizeMm":38,"diameterIn":1.5,"nominalLabel":"1-1/2\" copper","depthM":1.7,"zone":0}},{"type":"Feature","id":"water-E1169","geometry":{"type":"LineString","coordinates":[[-80.5960347,43.2995564],[-80.5960331,43.2997361],[-80.5960083,43.2997449]]},"properties":{"kind":"service","tier":"service","placement":"underground","from":"water-T-619","to":"water-N-P-00565","lengthM":22.23,"sizeMm":38,"diameterIn":1.5,"nominalLabel":"1-1/2\" copper","depthM":1.7,"zone":0}},{"type":"Feature","id":"water-E1170","geometry":{"type":"LineString","coordinates":[[-80.5957935,43.2995551],[-80.595792,43.2997348],[-80.5957672,43.2997436]]},"properties":{"kind":"service","tier":"service","placement":"underground","from":"water-T-620","to":"water-N-P-00566","lengthM":22.23,"sizeMm":38,"diameterIn":1.5,"nominalLabel":"1-1/2\" copper","depthM":1.7,"zone":0}},{"type":"Feature","id":"water-E1171","geometry":{"type":"LineString","coordinates":[[-80.600553,43.3046277],[-80.6007073,43.3045863],[-80.6007194,43.3045683]]},"properties":{"kind":"service","tier":"service","placement":"underground","from":"water-T-621","to":"water-N-P-00567","lengthM":15.56,"sizeMm":38,"diameterIn":1.5,"nominalLabel":"1-1/2\" copper","depthM":1.7,"zone":0}},{"type":"Feature","id":"water-E1172","geometry":{"type":"LineString","coordinates":[[-80.6063201,43.299701],[-80.6063114,43.2998536],[-80.6062862,43.2998618]]},"properties":{"kind":"service","tier":"service","placement":"underground","from":"water-T-622","to":"water-N-P-00568","lengthM":19.24,"sizeMm":38,"diameterIn":1.5,"nominalLabel":"1-1/2\" copper","depthM":1.7,"zone":0}},{"type":"Feature","id":"water-E1173","geometry":{"type":"LineString","coordinates":[[-80.6007808,43.2947645],[-80.6006823,43.2947596],[-80.6006683,43.2947769]]},"properties":{"kind":"service","tier":"service","placement":"underground","from":"water-T-623","to":"water-N-P-00569","lengthM":10.24,"sizeMm":50,"diameterIn":1.97,"nominalLabel":"2\" copper","depthM":1.7,"zone":0}},{"type":"Feature","id":"water-E1174","geometry":{"type":"LineString","coordinates":[[-80.5935917,43.2995381],[-80.5936109,43.2994676],[-80.5935891,43.2994553]]},"properties":{"kind":"service","tier":"service","placement":"underground","from":"water-T-624","to":"water-N-P-00570","lengthM":10.24,"sizeMm":50,"diameterIn":1.97,"nominalLabel":"2\" copper","depthM":1.7,"zone":0}}]}