{"type":"FeatureCollection","name":"water_mains","crs_note":"EPSG:4326","features":[{"type":"Feature","id":"water-E1","geometry":{"type":"LineString","coordinates":[[-80.601022,43.3045843],[-80.6004974,43.3045877]]},"properties":{"kind":"trunk","tier":"trunk","placement":"underground","from":"water-station","to":"water-J-T625","lengthM":42.5,"sizeMm":400,"diameterIn":15.7,"nominalLabel":"16\" ductile iron","material":"ductile iron","depthM":1.8,"zone":0}},{"type":"Feature","id":"water-E2","geometry":{"type":"LineString","coordinates":[[-80.6004974,43.3045877],[-80.6004974,43.3045874],[-80.6004962,43.3044751],[-80.6004956,43.3044189],[-80.600495,43.3043628],[-80.6004944,43.3043066],[-80.6004934,43.3041943],[-80.6004927,43.3041382],[-80.6004923,43.304082],[-80.6004919,43.3040258],[-80.6004909,43.3039135],[-80.600489,43.3036328],[-80.6004887,43.3035766],[-80.6004883,43.3035205],[-80.6004881,43.3034643],[-80.6004877,43.3034082],[-80.6004874,43.303352],[-80.6004872,43.3032959],[-80.6004869,43.3032397],[-80.6004864,43.3031274],[-80.6004863,43.3030712],[-80.6004861,43.3030151],[-80.6004859,43.3029652]]},"properties":{"kind":"distribution","tier":"trunk","placement":"underground","from":"water-J-T625","to":"water-T-589","lengthM":180.61,"sizeMm":400,"diameterIn":15.7,"nominalLabel":"16\" ductile iron","material":"ductile iron","depthM":1.8,"zone":0,"roadEdge":28,"customers":569,"designPeakHourLps":15.783,"designFireLps":115.02}},{"type":"Feature","id":"water-E3","geometry":{"type":"LineString","coordinates":[[-80.6004974,43.3045877],[-80.600553,43.3046277]]},"properties":{"kind":"distribution","tier":"trunk","placement":"underground","from":"water-J-T625","to":"water-T-621","lengthM":6.34,"sizeMm":300,"diameterIn":11.8,"nominalLabel":"12\" PVC","material":"PVC C900","depthM":1.8,"zone":0,"roadEdge":28,"customers":1,"designPeakHourLps":0.069,"designFireLps":95.05}},{"type":"Feature","id":"water-E4","geometry":{"type":"LineString","coordinates":[[-80.6004859,43.3029652],[-80.6004858,43.302959],[-80.6004858,43.3029565]]},"properties":{"kind":"distribution","tier":"trunk","placement":"underground","from":"water-T-589","to":"water-T-570","lengthM":0.98,"sizeMm":400,"diameterIn":15.7,"nominalLabel":"16\" ductile iron","material":"ductile iron","depthM":1.8,"zone":0,"roadEdge":28,"customers":568,"designPeakHourLps":15.755,"designFireLps":115.0}},{"type":"Feature","id":"water-E5","geometry":{"type":"LineString","coordinates":[[-80.6004858,43.3029565],[-80.6004857,43.3029028],[-80.6004856,43.3028466],[-80.6004855,43.302799]]},"properties":{"kind":"distribution","tier":"trunk","placement":"underground","from":"water-T-570","to":"water-T-590","lengthM":17.52,"sizeMm":400,"diameterIn":15.7,"nominalLabel":"16\" ductile iron","material":"ductile iron","depthM":1.8,"zone":0,"roadEdge":28,"customers":567,"designPeakHourLps":15.727,"designFireLps":114.98}},{"type":"Feature","id":"water-E6","geometry":{"type":"LineString","coordinates":[[-80.6004855,43.302799],[-80.6004855,43.3027905],[-80.6004855,43.3027882]]},"properties":{"kind":"distribution","tier":"trunk","placement":"underground","from":"water-T-590","to":"water-T-571","lengthM":1.2,"sizeMm":400,"diameterIn":15.7,"nominalLabel":"16\" ductile iron","material":"ductile iron","depthM":1.8,"zone":0,"roadEdge":28,"customers":566,"designPeakHourLps":15.699,"designFireLps":114.97}},{"type":"Feature","id":"water-E7","geometry":{"type":"LineString","coordinates":[[-80.6004855,43.3027882],[-80.6004852,43.3027344],[-80.6004851,43.3026782],[-80.600485,43.302628]]},"properties":{"kind":"distribution","tier":"trunk","placement":"underground","from":"water-T-571","to":"water-T-572","lengthM":17.84,"sizeMm":400,"diameterIn":15.7,"nominalLabel":"16\" ductile iron","material":"ductile iron","depthM":1.8,"zone":0,"roadEdge":28,"customers":565,"designPeakHourLps":15.672,"designFireLps":114.95}},{"type":"Feature","id":"water-E8","geometry":{"type":"LineString","coordinates":[[-80.600485,43.302628],[-80.600485,43.3026256]]},"properties":{"kind":"distribution","tier":"trunk","placement":"underground","from":"water-T-572","to":"water-T-591","lengthM":0.27,"sizeMm":400,"diameterIn":15.7,"nominalLabel":"16\" ductile iron","material":"ductile iron","depthM":1.8,"zone":0,"roadEdge":28,"customers":564,"designPeakHourLps":15.644,"designFireLps":114.93}},{"type":"Feature","id":"water-E9","geometry":{"type":"LineString","coordinates":[[-80.600485,43.3026256],[-80.600485,43.3026221],[-80.6004848,43.3025659],[-80.6004848,43.3025097],[-80.6004847,43.3024666]]},"properties":{"kind":"distribution","tier":"trunk","placement":"underground","from":"water-T-591","to":"water-T-592","lengthM":17.69,"sizeMm":400,"diameterIn":15.7,"nominalLabel":"16\" ductile iron","material":"ductile iron","depthM":1.8,"zone":0,"roadEdge":28,"customers":563,"designPeakHourLps":15.616,"designFireLps":114.91}},{"type":"Feature","id":"water-E10","geometry":{"type":"LineString","coordinates":[[-80.6004847,43.3024666],[-80.6004847,43.3024602]]},"properties":{"kind":"distribution","tier":"trunk","placement":"underground","from":"water-T-592","to":"water-T-573","lengthM":0.71,"sizeMm":400,"diameterIn":15.7,"nominalLabel":"16\" ductile iron","material":"ductile iron","depthM":1.8,"zone":0,"roadEdge":28,"customers":562,"designPeakHourLps":15.588,"designFireLps":114.89}},{"type":"Feature","id":"water-E11","geometry":{"type":"LineString","coordinates":[[-80.6004847,43.3024602],[-80.6004847,43.3024536],[-80.6004846,43.3023974],[-80.6004846,43.3023413],[-80.6004845,43.3023001]]},"properties":{"kind":"distribution","tier":"trunk","placement":"underground","from":"water-T-573","to":"water-T-593","lengthM":17.82,"sizeMm":400,"diameterIn":15.7,"nominalLabel":"16\" ductile iron","material":"ductile iron","depthM":1.8,"zone":0,"roadEdge":28,"customers":561,"designPeakHourLps":15.56,"designFireLps":114.87}},{"type":"Feature","id":"water-E12","geometry":{"type":"LineString","coordinates":[[-80.6004845,43.3023001],[-80.6004845,43.3022921]]},"properties":{"kind":"distribution","tier":"trunk","placement":"underground","from":"water-T-593","to":"water-T-574","lengthM":0.9,"sizeMm":400,"diameterIn":15.7,"nominalLabel":"16\" ductile iron","material":"ductile iron","depthM":1.8,"zone":0,"roadEdge":28,"customers":560,"designPeakHourLps":15.533,"designFireLps":114.86}},{"type":"Feature","id":"water-E13","geometry":{"type":"LineString","coordinates":[[-80.6004845,43.3022921],[-80.6004845,43.3022852],[-80.6004845,43.302229],[-80.6004844,43.3021729],[-80.6004844,43.3021323]]},"properties":{"kind":"distribution","tier":"trunk","placement":"underground","from":"water-T-574","to":"water-T-594","lengthM":17.78,"sizeMm":400,"diameterIn":15.7,"nominalLabel":"16\" ductile iron","material":"ductile iron","depthM":1.8,"zone":0,"roadEdge":28,"customers":559,"designPeakHourLps":15.505,"designFireLps":114.84}},{"type":"Feature","id":"water-E14","geometry":{"type":"LineString","coordinates":[[-80.6004844,43.3021323],[-80.6004844,43.3021303]]},"properties":{"kind":"distribution","tier":"trunk","placement":"underground","from":"water-T-594","to":"water-T-575","lengthM":0.22,"sizeMm":400,"diameterIn":15.7,"nominalLabel":"16\" ductile iron","material":"ductile iron","depthM":1.8,"zone":0,"roadEdge":28,"customers":558,"designPeakHourLps":15.477,"designFireLps":114.82}},{"type":"Feature","id":"water-E15","geometry":{"type":"LineString","coordinates":[[-80.6004844,43.3021303],[-80.6004844,43.3020606],[-80.6004842,43.3020044],[-80.6004842,43.301963]]},"properties":{"kind":"distribution","tier":"trunk","placement":"underground","from":"water-T-575","to":"water-T-595","lengthM":18.63,"sizeMm":400,"diameterIn":15.7,"nominalLabel":"16\" ductile iron","material":"ductile iron","depthM":1.8,"zone":0,"roadEdge":28,"customers":557,"designPeakHourLps":15.449,"designFireLps":114.8}},{"type":"Feature","id":"water-E16","geometry":{"type":"LineString","coordinates":[[-80.6004842,43.301963],[-80.6004842,43.3019552]]},"properties":{"kind":"distribution","tier":"trunk","placement":"underground","from":"water-T-595","to":"water-T-576","lengthM":0.87,"sizeMm":400,"diameterIn":15.7,"nominalLabel":"16\" ductile iron","material":"ductile iron","depthM":1.8,"zone":0,"roadEdge":28,"customers":556,"designPeakHourLps":15.422,"designFireLps":114.78}},{"type":"Feature","id":"water-E17","geometry":{"type":"LineString","coordinates":[[-80.6004842,43.3019552],[-80.6004842,43.3017906]]},"properties":{"kind":"distribution","tier":"trunk","placement":"underground","from":"water-T-576","to":"water-T-577","lengthM":18.32,"sizeMm":400,"diameterIn":15.7,"nominalLabel":"16\" ductile iron","material":"ductile iron","depthM":1.8,"zone":0,"roadEdge":28,"customers":555,"designPeakHourLps":15.394,"designFireLps":114.76}},{"type":"Feature","id":"water-E18","geometry":{"type":"LineString","coordinates":[[-80.6004842,43.3017906],[-80.6004842,43.3017886]]},"properties":{"kind":"distribution","tier":"trunk","placement":"underground","from":"water-T-577","to":"water-T-596","lengthM":0.22,"sizeMm":400,"diameterIn":15.7,"nominalLabel":"16\" ductile iron","material":"ductile iron","depthM":1.8,"zone":0,"roadEdge":28,"customers":554,"designPeakHourLps":15.366,"designFireLps":114.74}},{"type":"Feature","id":"water-E19","geometry":{"type":"LineString","coordinates":[[-80.6004842,43.3017886],[-80.6004842,43.3016304]]},"properties":{"kind":"distribution","tier":"trunk","placement":"underground","from":"water-T-596","to":"water-T-578","lengthM":17.61,"sizeMm":400,"diameterIn":15.7,"nominalLabel":"16\" ductile iron","material":"ductile iron","depthM":1.8,"zone":0,"roadEdge":28,"customers":553,"designPeakHourLps":15.338,"designFireLps":114.73}},{"type":"Feature","id":"water-E20","geometry":{"type":"LineString","coordinates":[[-80.6004842,43.3016304],[-80.6004842,43.3016259]]},"properties":{"kind":"distribution","tier":"trunk","placement":"underground","from":"water-T-578","to":"water-T-597","lengthM":0.5,"sizeMm":400,"diameterIn":15.7,"nominalLabel":"16\" ductile iron","material":"ductile iron","depthM":1.8,"zone":0,"roadEdge":28,"customers":552,"designPeakHourLps":15.31,"designFireLps":114.71}},{"type":"Feature","id":"water-E21","geometry":{"type":"LineString","coordinates":[[-80.6004842,43.3016259],[-80.6004842,43.3015552],[-80.6004844,43.3014991],[-80.6004844,43.3014547]]},"properties":{"kind":"distribution","tier":"trunk","placement":"underground","from":"water-T-597","to":"water-T-579","lengthM":19.06,"sizeMm":400,"diameterIn":15.7,"nominalLabel":"16\" ductile iron","material":"ductile iron","depthM":1.8,"zone":0,"roadEdge":28,"customers":551,"designPeakHourLps":15.283,"designFireLps":114.69}},{"type":"Feature","id":"water-E22","geometry":{"type":"LineString","coordinates":[[-80.6004844,43.3014547],[-80.6004844,43.3014537]]},"properties":{"kind":"distribution","tier":"trunk","placement":"underground","from":"water-T-579","to":"water-T-598","lengthM":0.11,"sizeMm":400,"diameterIn":15.7,"nominalLabel":"16\" ductile iron","material":"ductile iron","depthM":1.8,"zone":0,"roadEdge":28,"customers":550,"designPeakHourLps":15.255,"designFireLps":114.67}},{"type":"Feature","id":"water-E23","geometry":{"type":"LineString","coordinates":[[-80.6004844,43.3014537],[-80.6004844,43.3012804]]},"properties":{"kind":"distribution","tier":"trunk","placement":"underground","from":"water-T-598","to":"water-T-599","lengthM":19.3,"sizeMm":400,"diameterIn":15.7,"nominalLabel":"16\" ductile iron","material":"ductile iron","depthM":1.8,"zone":0,"roadEdge":28,"customers":549,"designPeakHourLps":15.227,"designFireLps":114.65}},{"type":"Feature","id":"water-E24","geometry":{"type":"LineString","coordinates":[[-80.6004844,43.3012804],[-80.6004844,43.3012786]]},"properties":{"kind":"distribution","tier":"trunk","placement":"underground","from":"water-T-599","to":"water-T-580","lengthM":0.19,"sizeMm":400,"diameterIn":15.7,"nominalLabel":"16\" ductile iron","material":"ductile iron","depthM":1.8,"zone":0,"roadEdge":28,"customers":548,"designPeakHourLps":15.199,"designFireLps":114.63}},{"type":"Feature","id":"water-E25","geometry":{"type":"LineString","coordinates":[[-80.6004844,43.3012786],[-80.6004844,43.3012745],[-80.6004845,43.3012183],[-80.6004845,43.3011246]]},"properties":{"kind":"distribution","tier":"trunk","placement":"underground","from":"water-T-580","to":"water-T-600","lengthM":17.15,"sizeMm":400,"diameterIn":15.7,"nominalLabel":"16\" ductile iron","material":"ductile iron","depthM":1.8,"zone":0,"roadEdge":28,"customers":547,"designPeakHourLps":15.172,"designFireLps":114.61}},{"type":"Feature","id":"water-E26","geometry":{"type":"LineString","coordinates":[[-80.6004845,43.3011246],[-80.6004845,43.3011172]]},"properties":{"kind":"distribution","tier":"trunk","placement":"underground","from":"water-T-600","to":"water-T-581","lengthM":0.83,"sizeMm":400,"diameterIn":15.7,"nominalLabel":"16\" ductile iron","material":"ductile iron","depthM":1.8,"zone":0,"roadEdge":28,"customers":546,"designPeakHourLps":15.144,"designFireLps":114.6}},{"type":"Feature","id":"water-E27","geometry":{"type":"LineString","coordinates":[[-80.6004845,43.3011172],[-80.6004845,43.3011061],[-80.6004846,43.3010499],[-80.6004846,43.300955]]},"properties":{"kind":"distribution","tier":"trunk","placement":"underground","from":"water-T-581","to":"water-T-601","lengthM":18.05,"sizeMm":400,"diameterIn":15.7,"nominalLabel":"16\" ductile iron","material":"ductile iron","depthM":1.8,"zone":0,"roadEdge":28,"customers":545,"designPeakHourLps":15.116,"designFireLps":114.58}},{"type":"Feature","id":"water-E28","geometry":{"type":"LineString","coordinates":[[-80.6004846,43.300955],[-80.6004846,43.3009525]]},"properties":{"kind":"distribution","tier":"trunk","placement":"underground","from":"water-T-601","to":"water-T-582","lengthM":0.27,"sizeMm":400,"diameterIn":15.7,"nominalLabel":"16\" ductile iron","material":"ductile iron","depthM":1.8,"zone":0,"roadEdge":28,"customers":544,"designPeakHourLps":15.088,"designFireLps":114.56}},{"type":"Feature","id":"water-E29","geometry":{"type":"LineString","coordinates":[[-80.6004846,43.3009525],[-80.6004846,43.3009376],[-80.6004847,43.3008815],[-80.6004847,43.3007795]]},"properties":{"kind":"distribution","tier":"trunk","placement":"underground","from":"water-T-582","to":"water-T-602","lengthM":19.26,"sizeMm":400,"diameterIn":15.7,"nominalLabel":"16\" ductile iron","material":"ductile iron","depthM":1.8,"zone":0,"roadEdge":28,"customers":543,"designPeakHourLps":15.06,"designFireLps":114.54}},{"type":"Feature","id":"water-E30","geometry":{"type":"LineString","coordinates":[[-80.6004847,43.3007795],[-80.6004847,43.3007741]]},"properties":{"kind":"distribution","tier":"trunk","placement":"underground","from":"water-T-602","to":"water-T-583","lengthM":0.6,"sizeMm":400,"diameterIn":15.7,"nominalLabel":"16\" ductile iron","material":"ductile iron","depthM":1.8,"zone":0,"roadEdge":28,"customers":542,"designPeakHourLps":15.033,"designFireLps":114.52}},{"type":"Feature","id":"water-E31","geometry":{"type":"LineString","coordinates":[[-80.6004847,43.3007741],[-80.6004847,43.3007692],[-80.6004848,43.300713],[-80.6004848,43.3006125]]},"properties":{"kind":"distribution","tier":"trunk","placement":"underground","from":"water-T-583","to":"water-T-584","lengthM":17.98,"sizeMm":400,"diameterIn":15.7,"nominalLabel":"16\" ductile iron","material":"ductile iron","depthM":1.8,"zone":0,"roadEdge":28,"customers":541,"designPeakHourLps":15.005,"designFireLps":114.5}},{"type":"Feature","id":"water-E32","geometry":{"type":"LineString","coordinates":[[-80.6004848,43.3006125],[-80.6004848,43.3006102]]},"properties":{"kind":"distribution","tier":"trunk","placement":"underground","from":"water-T-584","to":"water-T-603","lengthM":0.26,"sizeMm":400,"diameterIn":15.7,"nominalLabel":"16\" ductile iron","material":"ductile iron","depthM":1.8,"zone":0,"roadEdge":28,"customers":540,"designPeakHourLps":14.977,"designFireLps":114.48}},{"type":"Feature","id":"water-E33","geometry":{"type":"LineString","coordinates":[[-80.6004848,43.3006102],[-80.6004848,43.3005446],[-80.600485,43.3004885],[-80.600485,43.3004487]]},"properties":{"kind":"distribution","tier":"trunk","placement":"underground","from":"water-T-603","to":"water-T-585","lengthM":17.98,"sizeMm":400,"diameterIn":15.7,"nominalLabel":"16\" ductile iron","material":"ductile iron","depthM":1.8,"zone":0,"roadEdge":28,"customers":539,"designPeakHourLps":14.949,"designFireLps":114.47}},{"type":"Feature","id":"water-E34","geometry":{"type":"LineString","coordinates":[[-80.600485,43.3004487],[-80.600485,43.3004463]]},"properties":{"kind":"distribution","tier":"trunk","placement":"underground","from":"water-T-585","to":"water-T-604","lengthM":0.26,"sizeMm":400,"diameterIn":15.7,"nominalLabel":"16\" ductile iron","material":"ductile iron","depthM":1.8,"zone":0,"roadEdge":28,"customers":538,"designPeakHourLps":14.922,"designFireLps":114.45}},{"type":"Feature","id":"water-E35","geometry":{"type":"LineString","coordinates":[[-80.600485,43.3004463],[-80.600485,43.30032],[-80.600485,43.3002863]]},"properties":{"kind":"distribution","tier":"trunk","placement":"underground","from":"water-T-604","to":"water-T-605","lengthM":17.81,"sizeMm":400,"diameterIn":15.7,"nominalLabel":"16\" ductile iron","material":"ductile iron","depthM":1.8,"zone":0,"roadEdge":28,"customers":537,"designPeakHourLps":14.894,"designFireLps":114.43}},{"type":"Feature","id":"water-E36","geometry":{"type":"LineString","coordinates":[[-80.600485,43.3002863],[-80.6004851,43.3002799]]},"properties":{"kind":"distribution","tier":"trunk","placement":"underground","from":"water-T-605","to":"water-T-586","lengthM":0.72,"sizeMm":400,"diameterIn":15.7,"nominalLabel":"16\" ductile iron","material":"ductile iron","depthM":1.8,"zone":0,"roadEdge":28,"customers":536,"designPeakHourLps":14.866,"designFireLps":114.41}},{"type":"Feature","id":"water-E37","geometry":{"type":"LineString","coordinates":[[-80.6004851,43.3002799],[-80.6004851,43.3002639],[-80.6004851,43.3001195]]},"properties":{"kind":"distribution","tier":"trunk","placement":"underground","from":"water-T-586","to":"water-T-587","lengthM":17.85,"sizeMm":400,"diameterIn":15.7,"nominalLabel":"16\" ductile iron","material":"ductile iron","depthM":1.8,"zone":0,"roadEdge":28,"customers":535,"designPeakHourLps":14.838,"designFireLps":114.39}},{"type":"Feature","id":"water-E38","geometry":{"type":"LineString","coordinates":[[-80.6004851,43.3001195],[-80.6004851,43.3001159]]},"properties":{"kind":"distribution","tier":"trunk","placement":"underground","from":"water-T-587","to":"water-T-606","lengthM":0.4,"sizeMm":400,"diameterIn":15.7,"nominalLabel":"16\" ductile iron","material":"ductile iron","depthM":1.8,"zone":0,"roadEdge":28,"customers":534,"designPeakHourLps":14.81,"designFireLps":114.37}},{"type":"Feature","id":"water-E39","geometry":{"type":"LineString","coordinates":[[-80.6004851,43.3001159],[-80.6004851,43.3000393],[-80.6004852,43.2999831],[-80.6004853,43.2999438]]},"properties":{"kind":"distribution","tier":"trunk","placement":"underground","from":"water-T-606","to":"water-T-588","lengthM":19.16,"sizeMm":400,"diameterIn":15.7,"nominalLabel":"16\" ductile iron","material":"ductile iron","depthM":1.8,"zone":0,"roadEdge":28,"customers":533,"designPeakHourLps":14.783,"designFireLps":114.36}},{"type":"Feature","id":"water-E40","geometry":{"type":"LineString","coordinates":[[-80.6004853,43.2999438],[-80.6004853,43.299927],[-80.6004855,43.2998708],[-80.6004857,43.2998146],[-80.6004861,43.2997584],[-80.6004864,43.2997023],[-80.6004869,43.2996461],[-80.6004873,43.2996106]]},"properties":{"kind":"distribution","tier":"trunk","placement":"underground","from":"water-T-588","to":"water-J-26","lengthM":37.09,"sizeMm":400,"diameterIn":15.7,"nominalLabel":"16\" ductile iron","material":"ductile iron","depthM":1.8,"zone":0,"roadEdge":28,"customers":532,"designPeakHourLps":14.755,"designFireLps":114.34}},{"type":"Feature","id":"water-E41","geometry":{"type":"LineString","coordinates":[[-80.6004873,43.2996106],[-80.6004863,43.2995702],[-80.6004091,43.2995699],[-80.6003319,43.2995696],[-80.6002547,43.2995693],[-80.6001775,43.2995692],[-80.6001003,43.2995691],[-80.6000231,43.299569],[-80.599946,43.299569],[-80.5998956,43.2995689]]},"properties":{"kind":"distribution","tier":"trunk","placement":"underground","from":"water-J-26","to":"water-J-27","lengthM":52.35,"sizeMm":400,"diameterIn":15.7,"nominalLabel":"16\" cast iron","material":"cast iron","depthM":1.8,"zone":0,"roadEdge":29,"customers":281,"designPeakHourLps":7.614,"designFireLps":109.58}},{"type":"Feature","id":"water-E42","geometry":{"type":"LineString","coordinates":[[-80.6004873,43.2996106],[-80.6005635,43.2995706],[-80.6006407,43.2995711],[-80.6007179,43.2995716],[-80.6007951,43.2995721],[-80.6009495,43.2995734],[-80.6009622,43.2995735]]},"properties":{"kind":"distribution","tier":"trunk","placement":"underground","from":"water-J-26","to":"water-T-535","lengthM":39.92,"sizeMm":400,"diameterIn":15.7,"nominalLabel":"16\" cast iron","material":"cast iron","depthM":1.8,"zone":0,"roadEdge":26,"customers":217,"designPeakHourLps":4.662,"designFireLps":55.36}},{"type":"Feature","id":"water-E43","geometry":{"type":"LineString","coordinates":[[-80.6004873,43.2996106],[-80.6004876,43.2995898],[-80.6004883,43.2995337],[-80.600489,43.2994775],[-80.6004899,43.2994213],[-80.6004908,43.2993651],[-80.6004918,43.2993089],[-80.6004918,43.2993084]]},"properties":{"kind":"distribution","tier":"trunk","placement":"underground","from":"water-J-26","to":"water-T-569","lengthM":33.65,"sizeMm":300,"diameterIn":11.8,"nominalLabel":"12\" PVC","material":"PVC C900","depthM":1.8,"zone":0,"roadEdge":27,"customers":34,"designPeakHourLps":2.479,"designFireLps":191.65}},{"type":"Feature","id":"water-E44","geometry":{"type":"LineString","coordinates":[[-80.5998956,43.2995689],[-80.5998688,43.2995689],[-80.5997917,43.2995688],[-80.5997145,43.2995688],[-80.5996374,43.2995687],[-80.5995519,43.2995687]]},"properties":{"kind":"distribution","tier":"trunk","placement":"underground","from":"water-J-27","to":"water-J-30","lengthM":27.84,"sizeMm":400,"diameterIn":15.7,"nominalLabel":"16\" cast iron","material":"cast iron","depthM":1.8,"zone":0,"roadEdge":31,"customers":238,"designPeakHourLps":6.774,"designFireLps":109.02}},{"type":"Feature","id":"water-E45","geometry":{"type":"LineString","coordinates":[[-80.5998956,43.2995689],[-80.5998409,43.2996396],[-80.5998394,43.299818],[-80.5998353,43.2998965]]},"properties":{"kind":"distribution","tier":"distribution","placement":"underground","from":"water-J-27","to":"water-T-269","lengthM":37.63,"sizeMm":200,"diameterIn":7.9,"nominalLabel":"8\" cast iron","material":"cast iron","depthM":1.8,"zone":0,"roadEdge":30,"customers":43,"designPeakHourLps":0.84,"designFireLps":52.81}},{"type":"Feature","id":"water-E46","geometry":{"type":"LineString","coordinates":[[-80.6009622,43.2995735],[-80.6009871,43.2995737]]},"properties":{"kind":"distribution","tier":"trunk","placement":"underground","from":"water-T-535","to":"water-T-536","lengthM":2.02,"sizeMm":400,"diameterIn":15.7,"nominalLabel":"16\" cast iron","material":"cast iron","depthM":1.8,"zone":0,"roadEdge":26,"customers":216,"designPeakHourLps":4.634,"designFireLps":55.34}},{"type":"Feature","id":"water-E47","geometry":{"type":"LineString","coordinates":[[-80.6004918,43.2993084],[-80.6004929,43.2992527],[-80.600494,43.2991966],[-80.6004948,43.2991607]]},"properties":{"kind":"distribution","tier":"trunk","placement":"underground","from":"water-T-569","to":"water-T-552","lengthM":16.45,"sizeMm":300,"diameterIn":11.8,"nominalLabel":"12\" PVC","material":"PVC C900","depthM":1.8,"zone":0,"roadEdge":27,"customers":33,"designPeakHourLps":2.451,"designFireLps":191.63}},{"type":"Feature","id":"water-E48","geometry":{"type":"LineString","coordinates":[[-80.5995519,43.2995687],[-80.5994832,43.2995686],[-80.5992518,43.2995684],[-80.5991746,43.2995682],[-80.5990975,43.2995681],[-80.5990203,43.2995679],[-80.5989432,43.2995678],[-80.5988661,43.2995676],[-80.598789,43.2995675],[-80.5987637,43.2995674]]},"properties":{"kind":"distribution","tier":"trunk","placement":"underground","from":"water-J-30","to":"water-J-33","lengthM":63.86,"sizeMm":400,"diameterIn":15.7,"nominalLabel":"16\" cast iron","material":"cast iron","depthM":1.8,"zone":0,"roadEdge":35,"customers":205,"designPeakHourLps":5.932,"designFireLps":108.45}},{"type":"Feature","id":"water-E49","geometry":{"type":"LineString","coordinates":[[-80.5995519,43.2995687],[-80.5996093,43.2995977],[-80.5996323,43.2994176],[-80.5996443,43.2993091]]},"properties":{"kind":"distribution","tier":"distribution","placement":"underground","from":"water-J-30","to":"water-T-612","lengthM":37.9,"sizeMm":200,"diameterIn":7.9,"nominalLabel":"8\" PVC","material":"PVC C900","depthM":1.8,"zone":0,"roadEdge":34,"customers":33,"designPeakHourLps":0.842,"designFireLps":95.56}},{"type":"Feature","id":"water-E50","geometry":{"type":"LineString","coordinates":[[-80.5998353,43.2998965],[-80.5998349,43.2999029]]},"properties":{"kind":"distribution","tier":"distribution","placement":"underground","from":"water-T-269","to":"water-T-607","lengthM":0.71,"sizeMm":200,"diameterIn":7.9,"nominalLabel":"8\" cast iron","material":"cast iron","depthM":1.8,"zone":0,"roadEdge":30,"customers":42,"designPeakHourLps":0.824,"designFireLps":52.8}},{"type":"Feature","id":"water-E51","geometry":{"type":"LineString","coordinates":[[-80.6009871,43.2995737],[-80.6010267,43.2995741],[-80.6011039,43.2995749],[-80.6011811,43.2995757],[-80.6012583,43.2995766],[-80.6013355,43.2995775],[-80.6014899,43.2995795],[-80.601572,43.2995807],[-80.6016179,43.2995873]]},"properties":{"kind":"distribution","tier":"trunk","placement":"underground","from":"water-T-536","to":"water-J-21","lengthM":51.18,"sizeMm":400,"diameterIn":15.7,"nominalLabel":"16\" cast iron","material":"cast iron","depthM":1.8,"zone":0,"roadEdge":26,"customers":215,"designPeakHourLps":4.606,"designFireLps":55.32}},{"type":"Feature","id":"water-E52","geometry":{"type":"LineString","coordinates":[[-80.6004948,43.2991607],[-80.6004948,43.2991577]]},"properties":{"kind":"distribution","tier":"trunk","placement":"underground","from":"water-T-552","to":"water-T-568","lengthM":0.33,"sizeMm":300,"diameterIn":11.8,"nominalLabel":"12\" PVC","material":"PVC C900","depthM":1.8,"zone":0,"roadEdge":27,"customers":32,"designPeakHourLps":2.424,"designFireLps":191.62}},{"type":"Feature","id":"water-E53","geometry":{"type":"LineString","coordinates":[[-80.5987637,43.2995674],[-80.5987118,43.2995673],[-80.5986346,43.2995671],[-80.5985574,43.2995669],[-80.5985565,43.2995669]]},"properties":{"kind":"distribution","tier":"trunk","placement":"underground","from":"water-J-33","to":"water-J-36","lengthM":16.79,"sizeMm":300,"diameterIn":11.8,"nominalLabel":"12\" cast iron","material":"cast iron","depthM":1.8,"zone":0,"roadEdge":38,"customers":167,"designPeakHourLps":5.07,"designFireLps":107.88}},{"type":"Feature","id":"water-E54","geometry":{"type":"LineString","coordinates":[[-80.5987637,43.2995674],[-80.5987144,43.2996445],[-80.598735,43.299768]]},"properties":{"kind":"distribution","tier":"distribution","placement":"underground","from":"water-J-33","to":"water-T-341","lengthM":23.32,"sizeMm":200,"diameterIn":7.9,"nominalLabel":"8\" cast iron","material":"cast iron","depthM":1.8,"zone":0,"roadEdge":36,"customers":38,"designPeakHourLps":0.862,"designFireLps":35.22}},{"type":"Feature","id":"water-E55","geometry":{"type":"LineString","coordinates":[[-80.5996443,43.2993091],[-80.5996445,43.2993068]]},"properties":{"kind":"distribution","tier":"distribution","placement":"underground","from":"water-T-612","to":"water-T-615","lengthM":0.26,"sizeMm":200,"diameterIn":7.9,"nominalLabel":"8\" PVC","material":"PVC C900","depthM":1.8,"zone":0,"roadEdge":34,"customers":32,"designPeakHourLps":0.815,"designFireLps":95.54}},{"type":"Feature","id":"water-E56","geometry":{"type":"LineString","coordinates":[[-80.5998349,43.2999029],[-80.59983,43.2999964],[-80.5998256,43.3000429]]},"properties":{"kind":"distribution","tier":"distribution","placement":"underground","from":"water-T-607","to":"water-T-608","lengthM":15.61,"sizeMm":200,"diameterIn":7.9,"nominalLabel":"8\" cast iron","material":"cast iron","depthM":1.8,"zone":0,"roadEdge":30,"customers":41,"designPeakHourLps":0.797,"designFireLps":52.78}},{"type":"Feature","id":"water-E57","geometry":{"type":"LineString","coordinates":[[-80.6016179,43.2995873],[-80.6016386,43.2995816],[-80.6017214,43.2995828],[-80.6017986,43.299584],[-80.6018758,43.2995852],[-80.601953,43.2995865],[-80.6020302,43.2995878],[-80.6021074,43.2995891],[-80.6021846,43.2995906],[-80.6022617,43.299592],[-80.6023389,43.2995934],[-80.6024161,43.299595],[-80.602489,43.2995964],[-80.602533,43.2995924]]},"properties":{"kind":"distribution","tier":"trunk","placement":"underground","from":"water-J-21","to":"water-J-18","lengthM":74.3,"sizeMm":300,"diameterIn":11.8,"nominalLabel":"12\" cast iron","material":"cast iron","depthM":1.8,"zone":0,"roadEdge":22,"customers":149,"designPeakHourLps":3.182,"designFireLps":54.37}},{"type":"Feature","id":"water-E58","geometry":{"type":"LineString","coordinates":[[-80.6016179,43.2995873],[-80.6015249,43.2994673]]},"properties":{"kind":"distribution","tier":"distribution","placement":"underground","from":"water-J-21","to":"water-T-216","lengthM":15.34,"sizeMm":200,"diameterIn":7.9,"nominalLabel":"8\" cast iron","material":"cast iron","depthM":1.8,"zone":0,"roadEdge":23,"customers":28,"designPeakHourLps":0.56,"designFireLps":35.02}},{"type":"Feature","id":"water-E59","geometry":{"type":"LineString","coordinates":[[-80.6016179,43.2995873],[-80.6015476,43.2996375],[-80.6015306,43.2998193],[-80.6015149,43.2999464]]},"properties":{"kind":"distribution","tier":"distribution","placement":"underground","from":"water-J-21","to":"water-T-251","lengthM":42.48,"sizeMm":200,"diameterIn":7.9,"nominalLabel":"8\" PVC","material":"PVC C900","depthM":1.8,"zone":0,"roadEdge":25,"customers":38,"designPeakHourLps":0.865,"designFireLps":63.58}},{"type":"Feature","id":"water-E60","geometry":{"type":"LineString","coordinates":[[-80.6004948,43.2991577],[-80.6004952,43.2991404],[-80.6004966,43.2990842],[-80.6004979,43.299028],[-80.6004984,43.2990121]]},"properties":{"kind":"distribution","tier":"trunk","placement":"underground","from":"water-T-568","to":"water-T-551","lengthM":16.21,"sizeMm":300,"diameterIn":11.8,"nominalLabel":"12\" PVC","material":"PVC C900","depthM":1.8,"zone":0,"roadEdge":27,"customers":31,"designPeakHourLps":2.396,"designFireLps":191.6}},{"type":"Feature","id":"water-E61","geometry":{"type":"LineString","coordinates":[[-80.5985565,43.2995669],[-80.5986127,43.299595],[-80.5986176,43.2994144],[-80.5986168,43.2992833]]},"properties":{"kind":"distribution","tier":"distribution","placement":"underground","from":"water-J-36","to":"water-T-390","lengthM":40.22,"sizeMm":200,"diameterIn":7.9,"nominalLabel":"8\" PVC","material":"PVC C900","depthM":1.8,"zone":0,"roadEdge":41,"customers":30,"designPeakHourLps":0.553,"designFireLps":63.37}},{"type":"Feature","id":"water-E62","geometry":{"type":"LineString","coordinates":[[-80.5985565,43.2995669],[-80.5984804,43.2995667],[-80.5984032,43.2995665],[-80.5983261,43.2995663],[-80.5981718,43.2995658],[-80.5980947,43.2995656],[-80.5980176,43.2995653],[-80.597954,43.2995651]]},"properties":{"kind":"distribution","tier":"trunk","placement":"underground","from":"water-J-36","to":"water-T-617","lengthM":48.81,"sizeMm":300,"diameterIn":11.8,"nominalLabel":"12\" cast iron","material":"cast iron","depthM":1.8,"zone":0,"roadEdge":42,"customers":137,"designPeakHourLps":4.517,"designFireLps":107.51}},{"type":"Feature","id":"water-E63","geometry":{"type":"LineString","coordinates":[[-80.598735,43.299768],[-80.5987441,43.2998233],[-80.5987553,43.2999065]]},"properties":{"kind":"distribution","tier":"distribution","placement":"underground","from":"water-T-341","to":"water-T-344","lengthM":15.5,"sizeMm":200,"diameterIn":7.9,"nominalLabel":"8\" cast iron","material":"cast iron","depthM":1.8,"zone":0,"roadEdge":36,"customers":37,"designPeakHourLps":0.854,"designFireLps":35.22}},{"type":"Feature","id":"water-E64","geometry":{"type":"LineString","coordinates":[[-80.5996445,43.2993068],[-80.5996522,43.2992373],[-80.5996587,43.2991614]]},"properties":{"kind":"distribution","tier":"distribution","placement":"underground","from":"water-T-615","to":"water-T-616","lengthM":16.23,"sizeMm":200,"diameterIn":7.9,"nominalLabel":"8\" PVC","material":"PVC C900","depthM":1.8,"zone":0,"roadEdge":34,"customers":31,"designPeakHourLps":0.787,"designFireLps":95.52}},{"type":"Feature","id":"water-E65","geometry":{"type":"LineString","coordinates":[[-80.5998256,43.3000429],[-80.5998255,43.3000436]]},"properties":{"kind":"distribution","tier":"distribution","placement":"underground","from":"water-T-608","to":"water-T-270","lengthM":0.07,"sizeMm":200,"diameterIn":7.9,"nominalLabel":"8\" cast iron","material":"cast iron","depthM":1.8,"zone":0,"roadEdge":30,"customers":40,"designPeakHourLps":0.769,"designFireLps":52.76}},{"type":"Feature","id":"water-E66","geometry":{"type":"LineString","coordinates":[[-80.602533,43.2995924],[-80.6025774,43.2995983],[-80.6027305,43.2996015],[-80.6027711,43.2996086]]},"properties":{"kind":"distribution","tier":"trunk","placement":"underground","from":"water-J-18","to":"water-J-14","lengthM":19.45,"sizeMm":300,"diameterIn":11.8,"nominalLabel":"12\" cast iron","material":"cast iron","depthM":1.8,"zone":0,"roadEdge":17,"customers":108,"designPeakHourLps":2.351,"designFireLps":53.82}},{"type":"Feature","id":"water-E67","geometry":{"type":"LineString","coordinates":[[-80.602533,43.2995924],[-80.6024831,43.2996381],[-80.6024525,43.2998175],[-80.6024337,43.2999284]]},"properties":{"kind":"distribution","tier":"distribution","placement":"underground","from":"water-J-18","to":"water-T-168","lengthM":39.06,"sizeMm":200,"diameterIn":7.9,"nominalLabel":"8\" PVC","material":"PVC C900","depthM":1.8,"zone":0,"roadEdge":21,"customers":41,"designPeakHourLps":0.831,"designFireLps":63.55}},{"type":"Feature","id":"water-E68","geometry":{"type":"LineString","coordinates":[[-80.6015249,43.2994673],[-80.6015221,43.2994505],[-80.6015028,43.299298]]},"properties":{"kind":"distribution","tier":"distribution","placement":"underground","from":"water-T-216","to":"water-T-215","lengthM":18.92,"sizeMm":200,"diameterIn":7.9,"nominalLabel":"8\" cast iron","material":"cast iron","depthM":1.8,"zone":0,"roadEdge":23,"customers":27,"designPeakHourLps":0.522,"designFireLps":35.0}},{"type":"Feature","id":"water-E69","geometry":{"type":"LineString","coordinates":[[-80.6015149,43.2999464],[-80.6015138,43.2999549]]},"properties":{"kind":"distribution","tier":"distribution","placement":"underground","from":"water-T-251","to":"water-T-231","lengthM":0.95,"sizeMm":200,"diameterIn":7.9,"nominalLabel":"8\" PVC","material":"PVC C900","depthM":1.8,"zone":0,"roadEdge":25,"customers":37,"designPeakHourLps":0.849,"designFireLps":63.57}},{"type":"Feature","id":"water-E70","geometry":{"type":"LineString","coordinates":[[-80.6004984,43.2990121],[-80.6004987,43.2990009]]},"properties":{"kind":"distribution","tier":"trunk","placement":"underground","from":"water-T-551","to":"water-T-567","lengthM":1.24,"sizeMm":300,"diameterIn":11.8,"nominalLabel":"12\" PVC","material":"PVC C900","depthM":1.8,"zone":0,"roadEdge":27,"customers":30,"designPeakHourLps":2.368,"designFireLps":191.58}},{"type":"Feature","id":"water-E71","geometry":{"type":"LineString","coordinates":[[-80.5986168,43.2992833],[-80.5986168,43.2992699]]},"properties":{"kind":"distribution","tier":"distribution","placement":"underground","from":"water-T-390","to":"water-T-373","lengthM":1.49,"sizeMm":200,"diameterIn":7.9,"nominalLabel":"8\" PVC","material":"PVC C900","depthM":1.8,"zone":0,"roadEdge":41,"customers":29,"designPeakHourLps":0.522,"designFireLps":63.35}},{"type":"Feature","id":"water-E72","geometry":{"type":"LineString","coordinates":[[-80.597954,43.2995651],[-80.5979404,43.299565],[-80.5978633,43.2995648],[-80.5977862,43.2995645],[-80.597709,43.2995641],[-80.5976318,43.2995639],[-80.5975546,43.2995636],[-80.5975511,43.2995636]]},"properties":{"kind":"distribution","tier":"trunk","placement":"underground","from":"water-T-617","to":"water-J-38","lengthM":32.64,"sizeMm":300,"diameterIn":11.8,"nominalLabel":"12\" cast iron","material":"cast iron","depthM":1.8,"zone":0,"roadEdge":42,"customers":136,"designPeakHourLps":4.49,"designFireLps":107.49}},{"type":"Feature","id":"water-E73","geometry":{"type":"LineString","coordinates":[[-80.5987553,43.2999065],[-80.5987563,43.2999132]]},"properties":{"kind":"distribution","tier":"distribution","placement":"underground","from":"water-T-344","to":"water-T-340","lengthM":0.75,"sizeMm":200,"diameterIn":7.9,"nominalLabel":"8\" cast iron","material":"cast iron","depthM":1.8,"zone":0,"roadEdge":36,"customers":36,"designPeakHourLps":0.815,"designFireLps":35.19}},{"type":"Feature","id":"water-E74","geometry":{"type":"LineString","coordinates":[[-80.5996587,43.2991614],[-80.5996589,43.2991598]]},"properties":{"kind":"distribution","tier":"distribution","placement":"underground","from":"water-T-616","to":"water-T-613","lengthM":0.18,"sizeMm":200,"diameterIn":7.9,"nominalLabel":"8\" PVC","material":"PVC C900","depthM":1.8,"zone":0,"roadEdge":34,"customers":30,"designPeakHourLps":0.759,"designFireLps":95.51}},{"type":"Feature","id":"water-E75","geometry":{"type":"LineString","coordinates":[[-80.5998255,43.3000436],[-80.5998132,43.3001749],[-80.5998121,43.3001832]]},"properties":{"kind":"distribution","tier":"distribution","placement":"underground","from":"water-T-270","to":"water-T-271","lengthM":15.59,"sizeMm":200,"diameterIn":7.9,"nominalLabel":"8\" cast iron","material":"cast iron","depthM":1.8,"zone":0,"roadEdge":30,"customers":39,"designPeakHourLps":0.761,"designFireLps":52.76}},{"type":"Feature","id":"water-E76","geometry":{"type":"LineString","coordinates":[[-80.6027711,43.2996086],[-80.6027972,43.2996029],[-80.6029563,43.2996065],[-80.6031107,43.2996101],[-80.6031879,43.2996119],[-80.6034134,43.2996174],[-80.6034413,43.2996137]]},"properties":{"kind":"distribution","tier":"trunk","placement":"underground","from":"water-J-14","to":"water-J-12","lengthM":54.45,"sizeMm":300,"diameterIn":11.8,"nominalLabel":"12\" PVC","material":"PVC C900","depthM":1.8,"zone":0,"roadEdge":15,"customers":83,"designPeakHourLps":1.694,"designFireLps":53.38}},{"type":"Feature","id":"water-E77","geometry":{"type":"LineString","coordinates":[[-80.6027711,43.2996086],[-80.6028092,43.2996204],[-80.6027796,43.2994723]]},"properties":{"kind":"distribution","tier":"distribution","placement":"underground","from":"water-J-14","to":"water-T-148","lengthM":20.02,"sizeMm":200,"diameterIn":7.9,"nominalLabel":"8\" cast iron","material":"cast iron","depthM":1.8,"zone":0,"roadEdge":16,"customers":25,"designPeakHourLps":0.656,"designFireLps":35.09}},{"type":"Feature","id":"water-E78","geometry":{"type":"LineString","coordinates":[[-80.6024337,43.2999284],[-80.6024272,43.2999671]]},"properties":{"kind":"distribution","tier":"distribution","placement":"underground","from":"water-T-168","to":"water-T-190","lengthM":4.33,"sizeMm":200,"diameterIn":7.9,"nominalLabel":"8\" PVC","material":"PVC C900","depthM":1.8,"zone":0,"roadEdge":21,"customers":40,"designPeakHourLps":0.816,"designFireLps":63.54}},{"type":"Feature","id":"water-E79","geometry":{"type":"LineString","coordinates":[[-80.6015028,43.299298],[-80.6015015,43.2992878]]},"properties":{"kind":"distribution","tier":"distribution","placement":"underground","from":"water-T-215","to":"water-T-221","lengthM":1.14,"sizeMm":200,"diameterIn":7.9,"nominalLabel":"8\" cast iron","material":"cast iron","depthM":1.8,"zone":0,"roadEdge":23,"customers":26,"designPeakHourLps":0.483,"designFireLps":34.97}},{"type":"Feature","id":"water-E80","geometry":{"type":"LineString","coordinates":[[-80.6015138,43.2999549],[-80.6015085,43.2999982],[-80.6014911,43.3001163]]},"properties":{"kind":"distribution","tier":"distribution","placement":"underground","from":"water-T-231","to":"water-T-252","lengthM":18.06,"sizeMm":200,"diameterIn":7.9,"nominalLabel":"8\" PVC","material":"PVC C900","depthM":1.8,"zone":0,"roadEdge":25,"customers":36,"designPeakHourLps":0.826,"designFireLps":63.55}},{"type":"Feature","id":"water-E81","geometry":{"type":"LineString","coordinates":[[-80.6004987,43.2990009],[-80.6004994,43.2989718],[-80.600501,43.2989156],[-80.6005024,43.2988667]]},"properties":{"kind":"distribution","tier":"trunk","placement":"underground","from":"water-T-567","to":"water-T-550","lengthM":14.95,"sizeMm":300,"diameterIn":11.8,"nominalLabel":"12\" PVC","material":"PVC C900","depthM":1.8,"zone":0,"roadEdge":27,"customers":29,"designPeakHourLps":2.34,"designFireLps":191.56}},{"type":"Feature","id":"water-E82","geometry":{"type":"LineString","coordinates":[[-80.5986168,43.2992699],[-80.5986166,43.2992338],[-80.5986121,43.2991165]]},"properties":{"kind":"distribution","tier":"distribution","placement":"underground","from":"water-T-373","to":"water-T-391","lengthM":17.08,"sizeMm":200,"diameterIn":7.9,"nominalLabel":"8\" PVC","material":"PVC C900","depthM":1.8,"zone":0,"roadEdge":41,"customers":28,"designPeakHourLps":0.499,"designFireLps":63.33}},{"type":"Feature","id":"water-E83","geometry":{"type":"LineString","coordinates":[[-80.5975511,43.2995636],[-80.5974227,43.299563],[-80.5974216,43.2996084]]},"properties":{"kind":"distribution","tier":"trunk","placement":"underground","from":"water-J-38","to":"water-J-39","lengthM":15.46,"sizeMm":300,"diameterIn":11.8,"nominalLabel":"12\" cast iron","material":"cast iron","depthM":1.8,"zone":0,"roadEdge":44,"customers":100,"designPeakHourLps":3.732,"designFireLps":106.99}},{"type":"Feature","id":"water-E84","geometry":{"type":"LineString","coordinates":[[-80.5975511,43.2995636],[-80.5975033,43.2996453],[-80.5975305,43.299771]]},"properties":{"kind":"distribution","tier":"distribution","placement":"underground","from":"water-J-38","to":"water-T-420","lengthM":24.05,"sizeMm":200,"diameterIn":7.9,"nominalLabel":"8\" PVC","material":"PVC C900","depthM":1.8,"zone":0,"roadEdge":45,"customers":36,"designPeakHourLps":0.758,"designFireLps":63.51}},{"type":"Feature","id":"water-E85","geometry":{"type":"LineString","coordinates":[[-80.5987563,43.2999132],[-80.5987682,43.300002],[-80.5987725,43.3000465]]},"properties":{"kind":"distribution","tier":"distribution","placement":"underground","from":"water-T-340","to":"water-T-343","lengthM":14.9,"sizeMm":200,"diameterIn":7.9,"nominalLabel":"8\" cast iron","material":"cast iron","depthM":1.8,"zone":0,"roadEdge":36,"customers":35,"designPeakHourLps":0.808,"designFireLps":35.19}},{"type":"Feature","id":"water-E86","geometry":{"type":"LineString","coordinates":[[-80.5996589,43.2991598],[-80.5996678,43.2990569],[-80.5996703,43.2990137]]},"properties":{"kind":"distribution","tier":"distribution","placement":"underground","from":"water-T-613","to":"water-T-320","lengthM":16.29,"sizeMm":200,"diameterIn":7.9,"nominalLabel":"8\" PVC","material":"PVC C900","depthM":1.8,"zone":0,"roadEdge":34,"customers":29,"designPeakHourLps":0.731,"designFireLps":95.49}},{"type":"Feature","id":"water-E87","geometry":{"type":"LineString","coordinates":[[-80.5998121,43.3001832],[-80.5998107,43.3001933]]},"properties":{"kind":"distribution","tier":"distribution","placement":"underground","from":"water-T-271","to":"water-T-609","lengthM":1.12,"sizeMm":200,"diameterIn":7.9,"nominalLabel":"8\" cast iron","material":"cast iron","depthM":1.8,"zone":0,"roadEdge":30,"customers":38,"designPeakHourLps":0.73,"designFireLps":52.74}},{"type":"Feature","id":"water-E88","geometry":{"type":"LineString","coordinates":[[-80.6034413,43.2996137],[-80.6035012,43.2996196],[-80.6037281,43.2996254],[-80.6038087,43.2996276],[-80.6038715,43.299635]]},"properties":{"kind":"distribution","tier":"trunk","placement":"underground","from":"water-J-12","to":"water-J-9","lengthM":34.98,"sizeMm":300,"diameterIn":11.8,"nominalLabel":"12\" PVC","material":"PVC C900","depthM":1.8,"zone":0,"roadEdge":11,"customers":49,"designPeakHourLps":0.952,"designFireLps":52.88}},{"type":"Feature","id":"water-E89","geometry":{"type":"LineString","coordinates":[[-80.6034413,43.2996137],[-80.6033759,43.2998195],[-80.6033644,43.2999502]]},"properties":{"kind":"distribution","tier":"distribution","placement":"underground","from":"water-J-12","to":"water-T-107","lengthM":38.1,"sizeMm":200,"diameterIn":7.9,"nominalLabel":"8\" PVC","material":"PVC C900","depthM":1.8,"zone":0,"roadEdge":14,"customers":34,"designPeakHourLps":0.742,"designFireLps":63.49}},{"type":"Feature","id":"water-E90","geometry":{"type":"LineString","coordinates":[[-80.6027796,43.2994723],[-80.6027732,43.2994404],[-80.602745,43.2993038]]},"properties":{"kind":"distribution","tier":"distribution","placement":"underground","from":"water-T-148","to":"water-T-149","lengthM":18.96,"sizeMm":200,"diameterIn":7.9,"nominalLabel":"8\" cast iron","material":"cast iron","depthM":1.8,"zone":0,"roadEdge":16,"customers":24,"designPeakHourLps":0.626,"designFireLps":35.07}},{"type":"Feature","id":"water-E91","geometry":{"type":"LineString","coordinates":[[-80.6024272,43.2999671],[-80.602422,43.2999973],[-80.602409,43.300079]]},"properties":{"kind":"distribution","tier":"distribution","placement":"underground","from":"water-T-190","to":"water-T-169","lengthM":12.54,"sizeMm":200,"diameterIn":7.9,"nominalLabel":"8\" PVC","material":"PVC C900","depthM":1.8,"zone":0,"roadEdge":21,"customers":39,"designPeakHourLps":0.77,"designFireLps":63.51}},{"type":"Feature","id":"water-E92","geometry":{"type":"LineString","coordinates":[[-80.6015015,43.2992878],[-80.6014992,43.2992697],[-80.6014873,43.299122]]},"properties":{"kind":"distribution","tier":"distribution","placement":"underground","from":"water-T-221","to":"water-T-214","lengthM":18.5,"sizeMm":200,"diameterIn":7.9,"nominalLabel":"8\" cast iron","material":"cast iron","depthM":1.8,"zone":0,"roadEdge":23,"customers":25,"designPeakHourLps":0.46,"designFireLps":34.96}},{"type":"Feature","id":"water-E93","geometry":{"type":"LineString","coordinates":[[-80.6014911,43.3001163],[-80.6014902,43.3001224]]},"properties":{"kind":"distribution","tier":"distribution","placement":"underground","from":"water-T-252","to":"water-T-232","lengthM":0.69,"sizeMm":200,"diameterIn":7.9,"nominalLabel":"8\" PVC","material":"PVC C900","depthM":1.8,"zone":0,"roadEdge":25,"customers":35,"designPeakHourLps":0.811,"designFireLps":63.54}},{"type":"Feature","id":"water-E94","geometry":{"type":"LineString","coordinates":[[-80.6005024,43.2988667],[-80.6005026,43.2988594],[-80.6005029,43.2988518]]},"properties":{"kind":"distribution","tier":"trunk","placement":"underground","from":"water-T-550","to":"water-T-566","lengthM":1.66,"sizeMm":300,"diameterIn":11.8,"nominalLabel":"12\" PVC","material":"PVC C900","depthM":1.8,"zone":0,"roadEdge":27,"customers":28,"designPeakHourLps":2.313,"designFireLps":191.54}},{"type":"Feature","id":"water-E95","geometry":{"type":"LineString","coordinates":[[-80.5986121,43.2991165],[-80.5986114,43.299098]]},"properties":{"kind":"distribution","tier":"distribution","placement":"underground","from":"water-T-391","to":"water-T-374","lengthM":2.07,"sizeMm":200,"diameterIn":7.9,"nominalLabel":"8\" PVC","material":"PVC C900","depthM":1.8,"zone":0,"roadEdge":41,"customers":27,"designPeakHourLps":0.476,"designFireLps":63.32}},{"type":"Feature","id":"water-E96","geometry":{"type":"LineString","coordinates":[[-80.5974216,43.2996084],[-80.5975316,43.2995914],[-80.5975145,43.299411],[-80.5975006,43.299292]]},"properties":{"kind":"distribution","tier":"distribution","placement":"underground","from":"water-J-39","to":"water-T-439","lengthM":42.54,"sizeMm":200,"diameterIn":7.9,"nominalLabel":"8\" PVC","material":"PVC C900","depthM":1.8,"zone":0,"roadEdge":46,"customers":25,"designPeakHourLps":0.58,"designFireLps":63.39}},{"type":"Feature","id":"water-E97","geometry":{"type":"LineString","coordinates":[[-80.5974216,43.2996084],[-80.5974031,43.299563],[-80.5972462,43.2995623],[-80.597169,43.299562],[-80.5970919,43.2995616],[-80.5970148,43.2995613],[-80.5969496,43.299561]]},"properties":{"kind":"distribution","tier":"trunk","placement":"underground","from":"water-J-39","to":"water-T-618","lengthM":42.01,"sizeMm":300,"diameterIn":11.8,"nominalLabel":"12\" PVC","material":"PVC C900","depthM":1.8,"zone":0,"roadEdge":47,"customers":75,"designPeakHourLps":3.152,"designFireLps":106.6}},{"type":"Feature","id":"water-E98","geometry":{"type":"LineString","coordinates":[[-80.5975305,43.299771],[-80.5975421,43.2998252],[-80.5975668,43.2999373]]},"properties":{"kind":"distribution","tier":"distribution","placement":"underground","from":"water-T-420","to":"water-T-403","lengthM":18.75,"sizeMm":200,"diameterIn":7.9,"nominalLabel":"8\" PVC","material":"PVC C900","depthM":1.8,"zone":0,"roadEdge":45,"customers":35,"designPeakHourLps":0.703,"designFireLps":63.47}},{"type":"Feature","id":"water-E99","geometry":{"type":"LineString","coordinates":[[-80.5987725,43.3000465],[-80.5987734,43.3000555]]},"properties":{"kind":"distribution","tier":"distribution","placement":"underground","from":"water-T-343","to":"water-T-339","lengthM":1.0,"sizeMm":200,"diameterIn":7.9,"nominalLabel":"8\" cast iron","material":"cast iron","depthM":1.8,"zone":0,"roadEdge":36,"customers":34,"designPeakHourLps":0.785,"designFireLps":35.17}},{"type":"Feature","id":"water-E100","geometry":{"type":"LineString","coordinates":[[-80.5996703,43.2990137],[-80.5996704,43.299011]]},"properties":{"kind":"distribution","tier":"distribution","placement":"underground","from":"water-T-320","to":"water-T-614","lengthM":0.3,"sizeMm":200,"diameterIn":7.9,"nominalLabel":"8\" PVC","material":"PVC C900","depthM":1.8,"zone":0,"roadEdge":34,"customers":28,"designPeakHourLps":0.716,"designFireLps":95.48}},{"type":"Feature","id":"water-E101","geometry":{"type":"LineString","coordinates":[[-80.5998107,43.3001933],[-80.5997942,43.3003182]]},"properties":{"kind":"distribution","tier":"distribution","placement":"underground","from":"water-T-609","to":"water-T-272","lengthM":13.97,"sizeMm":200,"diameterIn":7.9,"nominalLabel":"8\" cast iron","material":"cast iron","depthM":1.8,"zone":0,"roadEdge":30,"customers":37,"designPeakHourLps":0.702,"designFireLps":52.72}},{"type":"Feature","id":"water-E102","geometry":{"type":"LineString","coordinates":[[-80.6038715,43.299635],[-80.6038711,43.2996293],[-80.6039595,43.2996316],[-80.6040367,43.2996337],[-80.6041911,43.299638],[-80.6042682,43.2996402],[-80.6044226,43.2996445],[-80.6044347,43.2996448]]},"properties":{"kind":"distribution","tier":"trunk","placement":"underground","from":"water-J-9","to":"water-J-8","lengthM":46.34,"sizeMm":300,"diameterIn":11.8,"nominalLabel":"12\" PVC","material":"PVC C900","depthM":1.8,"zone":0,"roadEdge":9,"customers":28,"designPeakHourLps":0.59,"designFireLps":95.39}},{"type":"Feature","id":"water-E103","geometry":{"type":"LineString","coordinates":[[-80.6038715,43.299635],[-80.6039165,43.2996242],[-80.6039013,43.2994432],[-80.6038911,43.2993643]]},"properties":{"kind":"distribution","tier":"distribution","placement":"underground","from":"water-J-9","to":"water-T-82","lengthM":32.85,"sizeMm":200,"diameterIn":7.9,"nominalLabel":"8\" PVC","material":"PVC C900","depthM":1.8,"zone":0,"roadEdge":10,"customers":21,"designPeakHourLps":0.362,"designFireLps":34.89}},{"type":"Feature","id":"water-E104","geometry":{"type":"LineString","coordinates":[[-80.6033644,43.2999502],[-80.6033634,43.2999615]]},"properties":{"kind":"distribution","tier":"distribution","placement":"underground","from":"water-T-107","to":"water-T-121","lengthM":1.26,"sizeMm":200,"diameterIn":7.9,"nominalLabel":"8\" PVC","material":"PVC C900","depthM":1.8,"zone":0,"roadEdge":14,"customers":33,"designPeakHourLps":0.735,"designFireLps":63.49}},{"type":"Feature","id":"water-E105","geometry":{"type":"LineString","coordinates":[[-80.602745,43.2993038],[-80.6027422,43.2992901]]},"properties":{"kind":"distribution","tier":"distribution","placement":"underground","from":"water-T-149","to":"water-T-141","lengthM":1.54,"sizeMm":200,"diameterIn":7.9,"nominalLabel":"8\" cast iron","material":"cast iron","depthM":1.8,"zone":0,"roadEdge":16,"customers":23,"designPeakHourLps":0.587,"designFireLps":35.04}},{"type":"Feature","id":"water-E106","geometry":{"type":"LineString","coordinates":[[-80.602409,43.300079],[-80.6024008,43.3001298]]},"properties":{"kind":"distribution","tier":"distribution","placement":"underground","from":"water-T-169","to":"water-T-191","lengthM":5.7,"sizeMm":200,"diameterIn":7.9,"nominalLabel":"8\" PVC","material":"PVC C900","depthM":1.8,"zone":0,"roadEdge":21,"customers":38,"designPeakHourLps":0.747,"designFireLps":63.5}},{"type":"Feature","id":"water-E107","geometry":{"type":"LineString","coordinates":[[-80.6014873,43.299122],[-80.6014846,43.2990886],[-80.60148,43.298936]]},"properties":{"kind":"distribution","tier":"distribution","placement":"underground","from":"water-T-214","to":"water-T-213","lengthM":20.72,"sizeMm":200,"diameterIn":7.9,"nominalLabel":"8\" cast iron","material":"cast iron","depthM":1.8,"zone":0,"roadEdge":23,"customers":24,"designPeakHourLps":0.445,"designFireLps":34.95}},{"type":"Feature","id":"water-E108","geometry":{"type":"LineString","coordinates":[[-80.6014902,43.3001224],[-80.6014822,43.3001773],[-80.6014653,43.3002802]]},"properties":{"kind":"distribution","tier":"distribution","placement":"underground","from":"water-T-232","to":"water-T-253","lengthM":17.68,"sizeMm":200,"diameterIn":7.9,"nominalLabel":"8\" PVC","material":"PVC C900","depthM":1.8,"zone":0,"roadEdge":25,"customers":34,"designPeakHourLps":0.796,"designFireLps":63.53}},{"type":"Feature","id":"water-E109","geometry":{"type":"LineString","coordinates":[[-80.6005029,43.2988518],[-80.6005044,43.2988033],[-80.6005061,43.2987471],[-80.6005074,43.298711]]},"properties":{"kind":"distribution","tier":"trunk","placement":"underground","from":"water-T-566","to":"water-T-565","lengthM":15.67,"sizeMm":300,"diameterIn":11.8,"nominalLabel":"12\" PVC","material":"PVC C900","depthM":1.8,"zone":0,"roadEdge":27,"customers":27,"designPeakHourLps":2.285,"designFireLps":191.52}},{"type":"Feature","id":"water-E110","geometry":{"type":"LineString","coordinates":[[-80.5986114,43.299098],[-80.5986097,43.2990532],[-80.5986025,43.2989463]]},"properties":{"kind":"distribution","tier":"distribution","placement":"underground","from":"water-T-374","to":"water-T-392","lengthM":16.9,"sizeMm":200,"diameterIn":7.9,"nominalLabel":"8\" PVC","material":"PVC C900","depthM":1.8,"zone":0,"roadEdge":41,"customers":26,"designPeakHourLps":0.469,"designFireLps":63.31}},{"type":"Feature","id":"water-E111","geometry":{"type":"LineString","coordinates":[[-80.5975006,43.299292],[-80.5974996,43.299283]]},"properties":{"kind":"distribution","tier":"distribution","placement":"underground","from":"water-T-439","to":"water-T-448","lengthM":1.0,"sizeMm":200,"diameterIn":7.9,"nominalLabel":"8\" PVC","material":"PVC C900","depthM":1.8,"zone":0,"roadEdge":46,"customers":24,"designPeakHourLps":0.572,"designFireLps":63.38}},{"type":"Feature","id":"water-E112","geometry":{"type":"LineString","coordinates":[[-80.5969496,43.299561],[-80.5969376,43.2995609],[-80.5966291,43.2995595],[-80.5965519,43.299559],[-80.5963978,43.2995583],[-80.5963879,43.2995582]]},"properties":{"kind":"distribution","tier":"trunk","placement":"underground","from":"water-T-618","to":"water-J-45","lengthM":45.51,"sizeMm":300,"diameterIn":11.8,"nominalLabel":"12\" PVC","material":"PVC C900","depthM":1.8,"zone":0,"roadEdge":47,"customers":74,"designPeakHourLps":3.124,"designFireLps":106.58}},{"type":"Feature","id":"water-E113","geometry":{"type":"LineString","coordinates":[[-80.5975668,43.2999373],[-80.597567,43.2999384]]},"properties":{"kind":"distribution","tier":"distribution","placement":"underground","from":"water-T-403","to":"water-T-421","lengthM":0.12,"sizeMm":200,"diameterIn":7.9,"nominalLabel":"8\" PVC","material":"PVC C900","depthM":1.8,"zone":0,"roadEdge":45,"customers":34,"designPeakHourLps":0.696,"designFireLps":63.46}},{"type":"Feature","id":"water-E114","geometry":{"type":"LineString","coordinates":[[-80.5987734,43.3000555],[-80.5987855,43.3001805],[-80.598786,43.3001887]]},"properties":{"kind":"distribution","tier":"distribution","placement":"underground","from":"water-T-339","to":"water-T-342","lengthM":14.86,"sizeMm":200,"diameterIn":7.9,"nominalLabel":"8\" cast iron","material":"cast iron","depthM":1.8,"zone":0,"roadEdge":36,"customers":33,"designPeakHourLps":0.747,"designFireLps":35.15}},{"type":"Feature","id":"water-E115","geometry":{"type":"LineString","coordinates":[[-80.5996704,43.299011],[-80.5996782,43.2988764],[-80.5996784,43.2988683]]},"properties":{"kind":"distribution","tier":"distribution","placement":"underground","from":"water-T-614","to":"water-T-321","lengthM":15.9,"sizeMm":200,"diameterIn":7.9,"nominalLabel":"8\" PVC","material":"PVC C900","depthM":1.8,"zone":0,"roadEdge":34,"customers":27,"designPeakHourLps":0.688,"designFireLps":63.46}},{"type":"Feature","id":"water-E116","geometry":{"type":"LineString","coordinates":[[-80.5997942,43.3003182],[-80.5997918,43.3003363]]},"properties":{"kind":"distribution","tier":"distribution","placement":"underground","from":"water-T-272","to":"water-T-610","lengthM":2.02,"sizeMm":200,"diameterIn":7.9,"nominalLabel":"8\" cast iron","material":"cast iron","depthM":1.8,"zone":0,"roadEdge":30,"customers":36,"designPeakHourLps":0.672,"designFireLps":52.7}},{"type":"Feature","id":"water-E117","geometry":{"type":"LineString","coordinates":[[-80.6044347,43.2996448],[-80.6044997,43.2996467],[-80.6045768,43.2996489],[-80.6048083,43.2996556],[-80.604856,43.299657]]},"properties":{"kind":"distribution","tier":"trunk","placement":"underground","from":"water-J-8","to":"water-J-4","lengthM":34.16,"sizeMm":300,"diameterIn":11.8,"nominalLabel":"12\" PVC","material":"PVC C900","depthM":1.8,"zone":0,"roadEdge":6,"customers":10,"designPeakHourLps":0.264,"designFireLps":95.18}},{"type":"Feature","id":"water-E118","geometry":{"type":"LineString","coordinates":[[-80.6044347,43.2996448],[-80.6044901,43.2997753]]},"properties":{"kind":"distribution","tier":"distribution","placement":"underground","from":"water-J-8","to":"water-J-7","lengthM":15.2,"sizeMm":200,"diameterIn":7.9,"nominalLabel":"8\" PVC","material":"PVC C900","depthM":1.8,"zone":0,"roadEdge":8,"customers":18,"designPeakHourLps":0.326,"designFireLps":63.22}},{"type":"Feature","id":"water-E119","geometry":{"type":"LineString","coordinates":[[-80.6038911,43.2993643],[-80.6038896,43.2993527]]},"properties":{"kind":"distribution","tier":"distribution","placement":"underground","from":"water-T-82","to":"water-T-91","lengthM":1.3,"sizeMm":200,"diameterIn":7.9,"nominalLabel":"8\" PVC","material":"PVC C900","depthM":1.8,"zone":0,"roadEdge":10,"customers":20,"designPeakHourLps":0.355,"designFireLps":34.89}},{"type":"Feature","id":"water-E120","geometry":{"type":"LineString","coordinates":[[-80.6033634,43.2999615],[-80.60336,43.3000001],[-80.6033544,43.3001094]]},"properties":{"kind":"distribution","tier":"distribution","placement":"underground","from":"water-T-121","to":"water-T-108","lengthM":16.48,"sizeMm":200,"diameterIn":7.9,"nominalLabel":"8\" PVC","material":"PVC C900","depthM":1.8,"zone":0,"roadEdge":14,"customers":32,"designPeakHourLps":0.719,"designFireLps":63.48}},{"type":"Feature","id":"water-E121","geometry":{"type":"LineString","coordinates":[[-80.6027422,43.2992901],[-80.6027362,43.2992607],[-80.6027118,43.2991381]]},"properties":{"kind":"distribution","tier":"distribution","placement":"underground","from":"water-T-141","to":"water-T-150","lengthM":17.11,"sizeMm":200,"diameterIn":7.9,"nominalLabel":"8\" cast iron","material":"cast iron","depthM":1.8,"zone":0,"roadEdge":16,"customers":22,"designPeakHourLps":0.579,"designFireLps":35.04}},{"type":"Feature","id":"water-E122","geometry":{"type":"LineString","coordinates":[[-80.6024008,43.3001298],[-80.6023932,43.3001774],[-80.6023854,43.3002321]]},"properties":{"kind":"distribution","tier":"distribution","placement":"underground","from":"water-T-191","to":"water-T-170","lengthM":11.45,"sizeMm":200,"diameterIn":7.9,"nominalLabel":"8\" PVC","material":"PVC C900","depthM":1.8,"zone":0,"roadEdge":21,"customers":37,"designPeakHourLps":0.732,"designFireLps":63.49}},{"type":"Feature","id":"water-E123","geometry":{"type":"LineString","coordinates":[[-80.60148,43.298936],[-80.6014791,43.2989074],[-80.6014828,43.2987504]]},"properties":{"kind":"distribution","tier":"distribution","placement":"underground","from":"water-T-213","to":"water-T-212","lengthM":20.66,"sizeMm":200,"diameterIn":7.9,"nominalLabel":"8\" cast iron","material":"cast iron","depthM":1.8,"zone":0,"roadEdge":23,"customers":23,"designPeakHourLps":0.422,"designFireLps":34.93}},{"type":"Feature","id":"water-E124","geometry":{"type":"LineString","coordinates":[[-80.6014653,43.3002802],[-80.6014637,43.30029]]},"properties":{"kind":"distribution","tier":"distribution","placement":"underground","from":"water-T-253","to":"water-T-233","lengthM":1.09,"sizeMm":200,"diameterIn":7.9,"nominalLabel":"8\" PVC","material":"PVC C900","depthM":1.8,"zone":0,"roadEdge":25,"customers":33,"designPeakHourLps":0.772,"designFireLps":63.51}},{"type":"Feature","id":"water-E125","geometry":{"type":"LineString","coordinates":[[-80.6005074,43.298711],[-80.6005074,43.2987089]]},"properties":{"kind":"distribution","tier":"trunk","placement":"underground","from":"water-T-565","to":"water-T-549","lengthM":0.24,"sizeMm":300,"diameterIn":11.8,"nominalLabel":"12\" PVC","material":"PVC C900","depthM":1.8,"zone":0,"roadEdge":27,"customers":26,"designPeakHourLps":2.257,"designFireLps":191.5}},{"type":"Feature","id":"water-E126","geometry":{"type":"LineString","coordinates":[[-80.5986025,43.2989463],[-80.5986016,43.298933]]},"properties":{"kind":"distribution","tier":"distribution","placement":"underground","from":"water-T-392","to":"water-T-375","lengthM":1.49,"sizeMm":200,"diameterIn":7.9,"nominalLabel":"8\" PVC","material":"PVC C900","depthM":1.8,"zone":0,"roadEdge":41,"customers":25,"designPeakHourLps":0.453,"designFireLps":63.3}},{"type":"Feature","id":"water-E127","geometry":{"type":"LineString","coordinates":[[-80.5974996,43.299283],[-80.5974935,43.2992308],[-80.5974812,43.2991391]]},"properties":{"kind":"distribution","tier":"distribution","placement":"underground","from":"water-T-448","to":"water-T-440","lengthM":16.09,"sizeMm":200,"diameterIn":7.9,"nominalLabel":"8\" PVC","material":"PVC C900","depthM":1.8,"zone":0,"roadEdge":46,"customers":23,"designPeakHourLps":0.549,"designFireLps":63.37}},{"type":"Feature","id":"water-E128","geometry":{"type":"LineString","coordinates":[[-80.5963879,43.2995582],[-80.5963178,43.2995636]]},"properties":{"kind":"distribution","tier":"trunk","placement":"underground","from":"water-J-45","to":"water-J-46","lengthM":5.71,"sizeMm":300,"diameterIn":11.8,"nominalLabel":"12\" PVC","material":"PVC C900","depthM":1.8,"zone":0,"roadEdge":52,"customers":36,"designPeakHourLps":2.252,"designFireLps":106.0}},{"type":"Feature","id":"water-E129","geometry":{"type":"LineString","coordinates":[[-80.5963879,43.2995582],[-80.596445,43.2996369],[-80.596462,43.2998038]]},"properties":{"kind":"distribution","tier":"distribution","placement":"underground","from":"water-J-45","to":"water-T-496","lengthM":28.53,"sizeMm":200,"diameterIn":7.9,"nominalLabel":"8\" PVC","material":"PVC C900","depthM":1.8,"zone":0,"roadEdge":49,"customers":38,"designPeakHourLps":0.872,"designFireLps":35.23}},{"type":"Feature","id":"water-E130","geometry":{"type":"LineString","coordinates":[[-80.597567,43.2999384],[-80.5975816,43.3000049],[-80.5976035,43.300107]]},"properties":{"kind":"distribution","tier":"distribution","placement":"underground","from":"water-T-421","to":"water-T-422","lengthM":19.01,"sizeMm":200,"diameterIn":7.9,"nominalLabel":"8\" PVC","material":"PVC C900","depthM":1.8,"zone":0,"roadEdge":45,"customers":33,"designPeakHourLps":0.665,"designFireLps":63.44}},{"type":"Feature","id":"water-E131","geometry":{"type":"LineString","coordinates":[[-80.598786,43.3001887],[-80.5987864,43.300196]]},"properties":{"kind":"distribution","tier":"distribution","placement":"underground","from":"water-T-342","to":"water-T-338","lengthM":0.81,"sizeMm":200,"diameterIn":7.9,"nominalLabel":"8\" cast iron","material":"cast iron","depthM":1.8,"zone":0,"roadEdge":36,"customers":32,"designPeakHourLps":0.739,"designFireLps":35.14}},{"type":"Feature","id":"water-E132","geometry":{"type":"LineString","coordinates":[[-80.5996784,43.2988683],[-80.5996789,43.2988503]]},"properties":{"kind":"distribution","tier":"distribution","placement":"underground","from":"water-T-321","to":"water-T-307","lengthM":2.0,"sizeMm":200,"diameterIn":7.9,"nominalLabel":"8\" PVC","material":"PVC C900","depthM":1.8,"zone":0,"roadEdge":34,"customers":26,"designPeakHourLps":0.681,"designFireLps":63.45}},{"type":"Feature","id":"water-E133","geometry":{"type":"LineString","coordinates":[[-80.5997918,43.3003363],[-80.5997895,43.3003535],[-80.5997723,43.300458]]},"properties":{"kind":"distribution","tier":"distribution","placement":"underground","from":"water-T-610","to":"water-T-273","lengthM":13.65,"sizeMm":200,"diameterIn":7.9,"nominalLabel":"8\" cast iron","material":"cast iron","depthM":1.8,"zone":0,"roadEdge":30,"customers":35,"designPeakHourLps":0.644,"designFireLps":52.68}},{"type":"Feature","id":"water-E134","geometry":{"type":"LineString","coordinates":[[-80.604856,43.299657],[-80.6048856,43.2996579],[-80.6049627,43.2996602],[-80.6050398,43.2996624],[-80.605117,43.2996648],[-80.6051941,43.299667],[-80.6052713,43.2996694],[-80.6053484,43.2996717],[-80.6054255,43.299674],[-80.6055027,43.2996763],[-80.6055254,43.299677]]},"properties":{"kind":"distribution","tier":"trunk","placement":"underground","from":"water-J-4","to":"water-J-3","lengthM":54.28,"sizeMm":300,"diameterIn":11.8,"nominalLabel":"12\" PVC","material":"PVC C900","depthM":1.8,"zone":0,"roadEdge":4,"customers":1,"designPeakHourLps":0.069,"designFireLps":95.05}},{"type":"Feature","id":"water-E135","geometry":{"type":"LineString","coordinates":[[-80.604856,43.299657],[-80.6049192,43.2996294],[-80.6049365,43.2994483],[-80.6049397,43.299378]]},"properties":{"kind":"distribution","tier":"distribution","placement":"underground","from":"water-J-4","to":"water-T-57","lengthM":34.01,"sizeMm":200,"diameterIn":7.9,"nominalLabel":"8\" PVC","material":"PVC C900","depthM":1.8,"zone":0,"roadEdge":5,"customers":9,"designPeakHourLps":0.194,"designFireLps":63.13}},{"type":"Feature","id":"water-E136","geometry":{"type":"LineString","coordinates":[[-80.6044901,43.2997753],[-80.6046595,43.2997355]]},"properties":{"kind":"distribution","tier":"distribution","placement":"underground","from":"water-J-7","to":"water-T-56","lengthM":14.42,"sizeMm":200,"diameterIn":7.9,"nominalLabel":"8\" PVC","material":"PVC C900","depthM":1.8,"zone":0,"roadEdge":3,"customers":2,"designPeakHourLps":0.047,"designFireLps":63.03}},{"type":"Feature","id":"water-E137","geometry":{"type":"LineString","coordinates":[[-80.6044901,43.2997753],[-80.6044912,43.2998212],[-80.604498,43.2999322]]},"properties":{"kind":"distribution","tier":"distribution","placement":"underground","from":"water-J-7","to":"water-T-76","lengthM":17.48,"sizeMm":200,"diameterIn":7.9,"nominalLabel":"8\" PVC","material":"PVC C900","depthM":1.8,"zone":0,"roadEdge":7,"customers":16,"designPeakHourLps":0.279,"designFireLps":63.19}},{"type":"Feature","id":"water-E138","geometry":{"type":"LineString","coordinates":[[-80.6038896,43.2993527],[-80.6038779,43.2992623],[-80.6038709,43.29922]]},"properties":{"kind":"distribution","tier":"distribution","placement":"underground","from":"water-T-91","to":"water-T-83","lengthM":14.85,"sizeMm":200,"diameterIn":7.9,"nominalLabel":"8\" PVC","material":"PVC C900","depthM":1.8,"zone":0,"roadEdge":10,"customers":19,"designPeakHourLps":0.347,"designFireLps":34.88}},{"type":"Feature","id":"water-E139","geometry":{"type":"LineString","coordinates":[[-80.6033544,43.3001094],[-80.6033543,43.3001111]]},"properties":{"kind":"distribution","tier":"distribution","placement":"underground","from":"water-T-108","to":"water-T-122","lengthM":0.2,"sizeMm":200,"diameterIn":7.9,"nominalLabel":"8\" PVC","material":"PVC C900","depthM":1.8,"zone":0,"roadEdge":14,"customers":31,"designPeakHourLps":0.712,"designFireLps":63.47}},{"type":"Feature","id":"water-E140","geometry":{"type":"LineString","coordinates":[[-80.6027118,43.2991381],[-80.6027085,43.2991215]]},"properties":{"kind":"distribution","tier":"distribution","placement":"underground","from":"water-T-150","to":"water-T-142","lengthM":1.86,"sizeMm":200,"diameterIn":7.9,"nominalLabel":"8\" cast iron","material":"cast iron","depthM":1.8,"zone":0,"roadEdge":16,"customers":21,"designPeakHourLps":0.564,"designFireLps":35.03}},{"type":"Feature","id":"water-E141","geometry":{"type":"LineString","coordinates":[[-80.6023854,43.3002321],[-80.6023759,43.3002994]]},"properties":{"kind":"distribution","tier":"distribution","placement":"underground","from":"water-T-170","to":"water-T-192","lengthM":7.53,"sizeMm":200,"diameterIn":7.9,"nominalLabel":"8\" PVC","material":"PVC C900","depthM":1.8,"zone":0,"roadEdge":21,"customers":36,"designPeakHourLps":0.717,"designFireLps":63.48}},{"type":"Feature","id":"water-E142","geometry":{"type":"LineString","coordinates":[[-80.6014828,43.2987504],[-80.6014833,43.2987262],[-80.6014945,43.2985774]]},"properties":{"kind":"distribution","tier":"distribution","placement":"underground","from":"water-T-212","to":"water-T-220","lengthM":19.29,"sizeMm":200,"diameterIn":7.9,"nominalLabel":"8\" cast iron","material":"cast iron","depthM":1.8,"zone":0,"roadEdge":23,"customers":22,"designPeakHourLps":0.399,"designFireLps":34.92}},{"type":"Feature","id":"water-E143","geometry":{"type":"LineString","coordinates":[[-80.6014637,43.30029],[-80.6014528,43.3003566],[-80.601437,43.3004495]]},"properties":{"kind":"distribution","tier":"distribution","placement":"underground","from":"water-T-233","to":"water-T-254","lengthM":17.89,"sizeMm":200,"diameterIn":7.9,"nominalLabel":"8\" PVC","material":"PVC C900","depthM":1.8,"zone":0,"roadEdge":25,"customers":32,"designPeakHourLps":0.757,"designFireLps":63.5}},{"type":"Feature","id":"water-E144","geometry":{"type":"LineString","coordinates":[[-80.6005074,43.2987089],[-80.6005081,43.2986909],[-80.6005099,43.2986347],[-80.6005119,43.2985785],[-80.6005124,43.2985662]]},"properties":{"kind":"distribution","tier":"trunk","placement":"underground","from":"water-T-549","to":"water-T-564","lengthM":15.88,"sizeMm":300,"diameterIn":11.8,"nominalLabel":"12\" PVC","material":"PVC C900","depthM":1.8,"zone":0,"roadEdge":27,"customers":25,"designPeakHourLps":2.229,"designFireLps":191.49}},{"type":"Feature","id":"water-E145","geometry":{"type":"LineString","coordinates":[[-80.5986016,43.298933],[-80.5985975,43.2988728],[-80.5985889,43.2987814]]},"properties":{"kind":"distribution","tier":"distribution","placement":"underground","from":"water-T-375","to":"water-T-393","lengthM":16.9,"sizeMm":200,"diameterIn":7.9,"nominalLabel":"8\" PVC","material":"PVC C900","depthM":1.8,"zone":0,"roadEdge":41,"customers":24,"designPeakHourLps":0.438,"designFireLps":63.29}},{"type":"Feature","id":"water-E146","geometry":{"type":"LineString","coordinates":[[-80.5974812,43.2991391],[-80.5974778,43.2991132]]},"properties":{"kind":"distribution","tier":"distribution","placement":"underground","from":"water-T-440","to":"water-T-449","lengthM":2.9,"sizeMm":200,"diameterIn":7.9,"nominalLabel":"8\" PVC","material":"PVC C900","depthM":1.8,"zone":0,"roadEdge":46,"customers":22,"designPeakHourLps":0.542,"designFireLps":63.36}},{"type":"Feature","id":"water-E147","geometry":{"type":"LineString","coordinates":[[-80.5963178,43.2995636],[-80.5962673,43.2995979],[-80.5962413,43.2994183],[-80.596225,43.2993014]]},"properties":{"kind":"distribution","tier":"distribution","placement":"underground","from":"water-J-46","to":"water-T-510","lengthM":38.78,"sizeMm":200,"diameterIn":7.9,"nominalLabel":"8\" PVC","material":"PVC C900","depthM":1.8,"zone":0,"roadEdge":51,"customers":13,"designPeakHourLps":0.262,"designFireLps":63.17}},{"type":"Feature","id":"water-E148","geometry":{"type":"LineString","coordinates":[[-80.5963178,43.2995636],[-80.5963541,43.2995581],[-80.5962433,43.2995575],[-80.5961662,43.2995571],[-80.5960891,43.2995567],[-80.5960347,43.2995564]]},"properties":{"kind":"distribution","tier":"trunk","placement":"underground","from":"water-J-46","to":"water-T-619","lengthM":28.87,"sizeMm":300,"diameterIn":11.8,"nominalLabel":"12\" PVC","material":"PVC C900","depthM":1.8,"zone":0,"roadEdge":53,"customers":23,"designPeakHourLps":1.99,"designFireLps":105.83}},{"type":"Feature","id":"water-E149","geometry":{"type":"LineString","coordinates":[[-80.596462,43.2998038],[-80.5964632,43.2998154],[-80.5964874,43.2999907],[-80.596498,43.3000166]]},"properties":{"kind":"distribution","tier":"distribution","placement":"underground","from":"water-T-496","to":"water-J-42","lengthM":23.91,"sizeMm":200,"diameterIn":7.9,"nominalLabel":"8\" PVC","material":"PVC C900","depthM":1.8,"zone":0,"roadEdge":49,"customers":37,"designPeakHourLps":0.842,"designFireLps":35.21}},{"type":"Feature","id":"water-E150","geometry":{"type":"LineString","coordinates":[[-80.5976035,43.300107],[-80.5976051,43.3001141]]},"properties":{"kind":"distribution","tier":"distribution","placement":"underground","from":"water-T-422","to":"water-T-404","lengthM":0.8,"sizeMm":200,"diameterIn":7.9,"nominalLabel":"8\" PVC","material":"PVC C900","depthM":1.8,"zone":0,"roadEdge":45,"customers":32,"designPeakHourLps":0.65,"designFireLps":63.43}},{"type":"Feature","id":"water-E151","geometry":{"type":"LineString","coordinates":[[-80.5987864,43.300196],[-80.598794,43.3003345]]},"properties":{"kind":"distribution","tier":"distribution","placement":"underground","from":"water-T-338","to":"water-T-337","lengthM":15.43,"sizeMm":200,"diameterIn":7.9,"nominalLabel":"8\" cast iron","material":"cast iron","depthM":1.8,"zone":0,"roadEdge":36,"customers":31,"designPeakHourLps":0.7,"designFireLps":35.12}},{"type":"Feature","id":"water-E152","geometry":{"type":"LineString","coordinates":[[-80.5996789,43.2988503],[-80.5996825,43.2987198]]},"properties":{"kind":"distribution","tier":"distribution","placement":"underground","from":"water-T-307","to":"water-T-322","lengthM":14.54,"sizeMm":200,"diameterIn":7.9,"nominalLabel":"8\" PVC","material":"PVC C900","depthM":1.8,"zone":0,"roadEdge":34,"customers":25,"designPeakHourLps":0.657,"designFireLps":63.44}},{"type":"Feature","id":"water-E153","geometry":{"type":"LineString","coordinates":[[-80.5997723,43.300458],[-80.5997705,43.3004688]]},"properties":{"kind":"distribution","tier":"distribution","placement":"underground","from":"water-T-273","to":"water-T-611","lengthM":1.21,"sizeMm":200,"diameterIn":7.9,"nominalLabel":"8\" cast iron","material":"cast iron","depthM":1.8,"zone":0,"roadEdge":30,"customers":34,"designPeakHourLps":0.613,"designFireLps":52.66}},{"type":"Feature","id":"water-E154","geometry":{"type":"LineString","coordinates":[[-80.6055254,43.299677],[-80.6055798,43.2996786],[-80.605657,43.299681],[-80.6057342,43.2996833],[-80.6057599,43.2996841]]},"properties":{"kind":"distribution","tier":"trunk","placement":"underground","from":"water-J-3","to":"water-J-1","lengthM":19.01,"sizeMm":300,"diameterIn":11.8,"nominalLabel":"12\" PVC","material":"PVC C900","depthM":1.8,"zone":0,"roadEdge":1,"customers":1,"designPeakHourLps":0.069,"designFireLps":95.05}},{"type":"Feature","id":"water-E155","geometry":{"type":"LineString","coordinates":[[-80.6049397,43.299378],[-80.6049447,43.2992672],[-80.6049443,43.2992128]]},"properties":{"kind":"distribution","tier":"distribution","placement":"underground","from":"water-T-57","to":"water-T-58","lengthM":18.4,"sizeMm":200,"diameterIn":7.9,"nominalLabel":"8\" PVC","material":"PVC C900","depthM":1.8,"zone":0,"roadEdge":5,"customers":8,"designPeakHourLps":0.179,"designFireLps":63.12}},{"type":"Feature","id":"water-E156","geometry":{"type":"LineString","coordinates":[[-80.6046595,43.2997355],[-80.6048828,43.2997355]]},"properties":{"kind":"distribution","tier":"distribution","placement":"underground","from":"water-T-56","to":"water-T-55","lengthM":18.09,"sizeMm":200,"diameterIn":7.9,"nominalLabel":"8\" PVC","material":"PVC C900","depthM":1.8,"zone":0,"roadEdge":3,"customers":1,"designPeakHourLps":0.015,"designFireLps":63.01}},{"type":"Feature","id":"water-E157","geometry":{"type":"LineString","coordinates":[[-80.604498,43.2999322],[-80.6045021,43.2999999],[-80.6045092,43.3000735]]},"properties":{"kind":"distribution","tier":"distribution","placement":"underground","from":"water-T-76","to":"water-T-75","lengthM":15.76,"sizeMm":200,"diameterIn":7.9,"nominalLabel":"8\" PVC","material":"PVC C900","depthM":1.8,"zone":0,"roadEdge":7,"customers":15,"designPeakHourLps":0.248,"designFireLps":63.17}},{"type":"Feature","id":"water-E158","geometry":{"type":"LineString","coordinates":[[-80.6038709,43.29922],[-80.6038671,43.2991972]]},"properties":{"kind":"distribution","tier":"distribution","placement":"underground","from":"water-T-83","to":"water-T-92","lengthM":2.55,"sizeMm":200,"diameterIn":7.9,"nominalLabel":"8\" PVC","material":"PVC C900","depthM":1.8,"zone":0,"roadEdge":10,"customers":18,"designPeakHourLps":0.324,"designFireLps":34.87}},{"type":"Feature","id":"water-E159","geometry":{"type":"LineString","coordinates":[[-80.6033543,43.3001111],[-80.6033507,43.3001809],[-80.6033498,43.3002505]]},"properties":{"kind":"distribution","tier":"distribution","placement":"underground","from":"water-T-122","to":"water-T-123","lengthM":15.52,"sizeMm":200,"diameterIn":7.9,"nominalLabel":"8\" PVC","material":"PVC C900","depthM":1.8,"zone":0,"roadEdge":14,"customers":30,"designPeakHourLps":0.696,"designFireLps":63.46}},{"type":"Feature","id":"water-E160","geometry":{"type":"LineString","coordinates":[[-80.6027085,43.2991215],[-80.6027006,43.2990815],[-80.602678,43.2989552]]},"properties":{"kind":"distribution","tier":"distribution","placement":"underground","from":"water-T-142","to":"water-T-151","lengthM":18.68,"sizeMm":200,"diameterIn":7.9,"nominalLabel":"8\" cast iron","material":"cast iron","depthM":1.8,"zone":0,"roadEdge":16,"customers":20,"designPeakHourLps":0.526,"designFireLps":35.0}},{"type":"Feature","id":"water-E161","geometry":{"type":"LineString","coordinates":[[-80.6023759,43.3002994],[-80.6023676,43.3003577],[-80.6023642,43.3003864]]},"properties":{"kind":"distribution","tier":"distribution","placement":"underground","from":"water-T-192","to":"water-T-171","lengthM":9.73,"sizeMm":200,"diameterIn":7.9,"nominalLabel":"8\" PVC","material":"PVC C900","depthM":1.8,"zone":0,"roadEdge":21,"customers":35,"designPeakHourLps":0.709,"designFireLps":63.47}},{"type":"Feature","id":"water-E162","geometry":{"type":"LineString","coordinates":[[-80.6014945,43.2985774],[-80.6014947,43.2985738]]},"properties":{"kind":"distribution","tier":"distribution","placement":"underground","from":"water-T-220","to":"water-T-211","lengthM":0.39,"sizeMm":200,"diameterIn":7.9,"nominalLabel":"8\" cast iron","material":"cast iron","depthM":1.8,"zone":0,"roadEdge":23,"customers":21,"designPeakHourLps":0.376,"designFireLps":34.9}},{"type":"Feature","id":"water-E163","geometry":{"type":"LineString","coordinates":[[-80.601437,43.3004495],[-80.601437,43.3004497]]},"properties":{"kind":"distribution","tier":"distribution","placement":"underground","from":"water-T-254","to":"water-T-234","lengthM":0.02,"sizeMm":200,"diameterIn":7.9,"nominalLabel":"8\" PVC","material":"PVC C900","depthM":1.8,"zone":0,"roadEdge":25,"customers":31,"designPeakHourLps":0.726,"designFireLps":63.48}},{"type":"Feature","id":"water-E164","geometry":{"type":"LineString","coordinates":[[-80.6005124,43.2985662],[-80.6005128,43.2985555]]},"properties":{"kind":"distribution","tier":"trunk","placement":"underground","from":"water-T-564","to":"water-T-548","lengthM":1.2,"sizeMm":300,"diameterIn":11.8,"nominalLabel":"12\" PVC","material":"PVC C900","depthM":1.8,"zone":0,"roadEdge":27,"customers":24,"designPeakHourLps":2.201,"designFireLps":191.47}},{"type":"Feature","id":"water-E165","geometry":{"type":"LineString","coordinates":[[-80.5985889,43.2987814],[-80.5985867,43.2987585]]},"properties":{"kind":"distribution","tier":"distribution","placement":"underground","from":"water-T-393","to":"water-T-376","lengthM":2.56,"sizeMm":200,"diameterIn":7.9,"nominalLabel":"8\" PVC","material":"PVC C900","depthM":1.8,"zone":0,"roadEdge":41,"customers":23,"designPeakHourLps":0.423,"designFireLps":63.28}},{"type":"Feature","id":"water-E166","geometry":{"type":"LineString","coordinates":[[-80.5974778,43.2991132],[-80.5974695,43.2990508],[-80.5974603,43.2989866]]},"properties":{"kind":"distribution","tier":"distribution","placement":"underground","from":"water-T-449","to":"water-T-441","lengthM":14.16,"sizeMm":200,"diameterIn":7.9,"nominalLabel":"8\" PVC","material":"PVC C900","depthM":1.8,"zone":0,"roadEdge":46,"customers":21,"designPeakHourLps":0.503,"designFireLps":63.34}},{"type":"Feature","id":"water-E167","geometry":{"type":"LineString","coordinates":[[-80.596225,43.2993014],[-80.5962247,43.2992995]]},"properties":{"kind":"distribution","tier":"distribution","placement":"underground","from":"water-T-510","to":"water-T-516","lengthM":0.21,"sizeMm":200,"diameterIn":7.9,"nominalLabel":"8\" PVC","material":"PVC C900","depthM":1.8,"zone":0,"roadEdge":51,"customers":12,"designPeakHourLps":0.254,"designFireLps":63.17}},{"type":"Feature","id":"water-E168","geometry":{"type":"LineString","coordinates":[[-80.5960347,43.2995564],[-80.5960119,43.2995563],[-80.5959348,43.2995559],[-80.5958576,43.2995554],[-80.5957935,43.2995551]]},"properties":{"kind":"distribution","tier":"trunk","placement":"underground","from":"water-T-619","to":"water-T-620","lengthM":19.54,"sizeMm":300,"diameterIn":11.8,"nominalLabel":"12\" PVC","material":"PVC C900","depthM":1.8,"zone":0,"roadEdge":53,"customers":22,"designPeakHourLps":1.963,"designFireLps":105.81}},{"type":"Feature","id":"water-E169","geometry":{"type":"LineString","coordinates":[[-80.596498,43.3000166],[-80.5965185,43.3001736],[-80.596521,43.3001864]]},"properties":{"kind":"distribution","tier":"distribution","placement":"underground","from":"water-J-42","to":"water-T-464","lengthM":19.0,"sizeMm":200,"diameterIn":7.9,"nominalLabel":"8\" PVC","material":"PVC C900","depthM":1.8,"zone":0,"roadEdge":48,"customers":32,"designPeakHourLps":0.741,"designFireLps":63.49}},{"type":"Feature","id":"water-E170","geometry":{"type":"LineString","coordinates":[[-80.596498,43.3000166],[-80.5962253,43.2999877]]},"properties":{"kind":"distribution","tier":"distribution","placement":"underground","from":"water-J-42","to":"water-T-497","lengthM":22.33,"sizeMm":150,"diameterIn":5.9,"nominalLabel":"6\" PVC","material":"PVC C900","depthM":1.8,"zone":0,"roadEdge":50,"customers":5,"designPeakHourLps":0.101,"designFireLps":34.72}},{"type":"Feature","id":"water-E171","geometry":{"type":"LineString","coordinates":[[-80.5976051,43.3001141],[-80.5976201,43.3001843],[-80.5976401,43.3002842]]},"properties":{"kind":"distribution","tier":"distribution","placement":"underground","from":"water-T-404","to":"water-T-423","lengthM":19.14,"sizeMm":200,"diameterIn":7.9,"nominalLabel":"8\" PVC","material":"PVC C900","depthM":1.8,"zone":0,"roadEdge":45,"customers":31,"designPeakHourLps":0.627,"designFireLps":63.42}},{"type":"Feature","id":"water-E172","geometry":{"type":"LineString","coordinates":[[-80.598794,43.3003345],[-80.5987953,43.3003588],[-80.5987965,43.3004762]]},"properties":{"kind":"distribution","tier":"distribution","placement":"underground","from":"water-T-337","to":"water-T-336","lengthM":15.78,"sizeMm":200,"diameterIn":7.9,"nominalLabel":"8\" cast iron","material":"cast iron","depthM":1.8,"zone":0,"roadEdge":36,"customers":30,"designPeakHourLps":0.677,"designFireLps":35.1}},{"type":"Feature","id":"water-E173","geometry":{"type":"LineString","coordinates":[[-80.5996825,43.2987198],[-80.5996831,43.2986958],[-80.5996831,43.2986933]]},"properties":{"kind":"distribution","tier":"distribution","placement":"underground","from":"water-T-322","to":"water-T-308","lengthM":2.95,"sizeMm":200,"diameterIn":7.9,"nominalLabel":"8\" PVC","material":"PVC C900","depthM":1.8,"zone":0,"roadEdge":34,"customers":24,"designPeakHourLps":0.626,"designFireLps":63.42}},{"type":"Feature","id":"water-E174","geometry":{"type":"LineString","coordinates":[[-80.5997705,43.3004688],[-80.59976,43.3005324],[-80.599747,43.3006006]]},"properties":{"kind":"distribution","tier":"distribution","placement":"underground","from":"water-T-611","to":"water-T-274","lengthM":14.79,"sizeMm":200,"diameterIn":7.9,"nominalLabel":"8\" cast iron","material":"cast iron","depthM":1.8,"zone":0,"roadEdge":30,"customers":33,"designPeakHourLps":0.585,"designFireLps":35.04}},{"type":"Feature","id":"water-E175","geometry":{"type":"LineString","coordinates":[[-80.6057599,43.2996841],[-80.6058113,43.2996856],[-80.6058885,43.299688],[-80.6059656,43.2996903],[-80.6060427,43.2996926],[-80.6061199,43.299695],[-80.606197,43.2996973],[-80.6062742,43.2996996],[-80.6063201,43.299701]]},"properties":{"kind":"distribution","tier":"trunk","placement":"underground","from":"water-J-1","to":"water-T-622","lengthM":45.42,"sizeMm":300,"diameterIn":11.8,"nominalLabel":"12\" PVC","material":"PVC C900","depthM":1.8,"zone":0,"roadEdge":0,"customers":1,"designPeakHourLps":0.069,"designFireLps":95.05}},{"type":"Feature","id":"water-E176","geometry":{"type":"LineString","coordinates":[[-80.6049443,43.2992128],[-80.6049432,43.299086],[-80.6049412,43.2990512]]},"properties":{"kind":"distribution","tier":"distribution","placement":"underground","from":"water-T-58","to":"water-T-59","lengthM":17.99,"sizeMm":200,"diameterIn":7.9,"nominalLabel":"8\" PVC","material":"PVC C900","depthM":1.8,"zone":0,"roadEdge":5,"customers":7,"designPeakHourLps":0.149,"designFireLps":63.1}},{"type":"Feature","id":"water-E177","geometry":{"type":"LineString","coordinates":[[-80.6045092,43.3000735],[-80.6045192,43.3001786],[-80.6045243,43.300219]]},"properties":{"kind":"distribution","tier":"distribution","placement":"underground","from":"water-T-75","to":"water-T-74","lengthM":16.25,"sizeMm":200,"diameterIn":7.9,"nominalLabel":"8\" PVC","material":"PVC C900","depthM":1.8,"zone":0,"roadEdge":7,"customers":14,"designPeakHourLps":0.233,"designFireLps":63.16}},{"type":"Feature","id":"water-E178","geometry":{"type":"LineString","coordinates":[[-80.6038671,43.2991972],[-80.6038479,43.2990817],[-80.6038444,43.2990634]]},"properties":{"kind":"distribution","tier":"distribution","placement":"underground","from":"water-T-92","to":"water-T-84","lengthM":15.01,"sizeMm":200,"diameterIn":7.9,"nominalLabel":"8\" PVC","material":"PVC C900","depthM":1.8,"zone":0,"roadEdge":10,"customers":17,"designPeakHourLps":0.301,"designFireLps":34.85}},{"type":"Feature","id":"water-E179","geometry":{"type":"LineString","coordinates":[[-80.6033498,43.3002505],[-80.6033496,43.3002674]]},"properties":{"kind":"distribution","tier":"distribution","placement":"underground","from":"water-T-123","to":"water-T-109","lengthM":1.89,"sizeMm":200,"diameterIn":7.9,"nominalLabel":"8\" PVC","material":"PVC C900","depthM":1.8,"zone":0,"roadEdge":14,"customers":29,"designPeakHourLps":0.673,"designFireLps":63.45}},{"type":"Feature","id":"water-E180","geometry":{"type":"LineString","coordinates":[[-80.602678,43.2989552],[-80.6026751,43.2989387]]},"properties":{"kind":"distribution","tier":"distribution","placement":"underground","from":"water-T-151","to":"water-T-143","lengthM":1.86,"sizeMm":200,"diameterIn":7.9,"nominalLabel":"8\" cast iron","material":"cast iron","depthM":1.8,"zone":0,"roadEdge":16,"customers":19,"designPeakHourLps":0.487,"designFireLps":34.97}},{"type":"Feature","id":"water-E181","geometry":{"type":"LineString","coordinates":[[-80.6023642,43.3003864],[-80.6023542,43.3004725]]},"properties":{"kind":"distribution","tier":"distribution","placement":"underground","from":"water-T-171","to":"water-T-193","lengthM":9.62,"sizeMm":200,"diameterIn":7.9,"nominalLabel":"8\" PVC","material":"PVC C900","depthM":1.8,"zone":0,"roadEdge":21,"customers":34,"designPeakHourLps":0.694,"designFireLps":63.46}},{"type":"Feature","id":"water-E182","geometry":{"type":"LineString","coordinates":[[-80.6014947,43.2985738],[-80.6014969,43.2985451],[-80.6015135,43.2984085]]},"properties":{"kind":"distribution","tier":"distribution","placement":"underground","from":"water-T-211","to":"water-T-210","lengthM":18.47,"sizeMm":200,"diameterIn":7.9,"nominalLabel":"8\" cast iron","material":"cast iron","depthM":1.8,"zone":0,"roadEdge":23,"customers":20,"designPeakHourLps":0.369,"designFireLps":34.9}},{"type":"Feature","id":"water-E183","geometry":{"type":"LineString","coordinates":[[-80.601437,43.3004497],[-80.6014222,43.3005362],[-80.6014074,43.3006243]]},"properties":{"kind":"distribution","tier":"distribution","placement":"underground","from":"water-T-234","to":"water-T-235","lengthM":19.58,"sizeMm":200,"diameterIn":7.9,"nominalLabel":"8\" PVC","material":"PVC C900","depthM":1.8,"zone":0,"roadEdge":25,"customers":30,"designPeakHourLps":0.711,"designFireLps":63.47}},{"type":"Feature","id":"water-E184","geometry":{"type":"LineString","coordinates":[[-80.6005128,43.2985555],[-80.600514,43.2985223],[-80.6005162,43.2984662],[-80.6005183,43.29841],[-80.6005184,43.2984075]]},"properties":{"kind":"distribution","tier":"trunk","placement":"underground","from":"water-T-548","to":"water-T-563","lengthM":16.48,"sizeMm":300,"diameterIn":11.8,"nominalLabel":"12\" PVC","material":"PVC C900","depthM":1.8,"zone":0,"roadEdge":27,"customers":23,"designPeakHourLps":2.174,"designFireLps":191.45}},{"type":"Feature","id":"water-E185","geometry":{"type":"LineString","coordinates":[[-80.5985867,43.2987585],[-80.5985805,43.2986924],[-80.5985723,43.2986223]]},"properties":{"kind":"distribution","tier":"distribution","placement":"underground","from":"water-T-376","to":"water-T-394","lengthM":15.2,"sizeMm":200,"diameterIn":7.9,"nominalLabel":"8\" PVC","material":"PVC C900","depthM":1.8,"zone":0,"roadEdge":41,"customers":22,"designPeakHourLps":0.385,"designFireLps":63.26}},{"type":"Feature","id":"water-E186","geometry":{"type":"LineString","coordinates":[[-80.5974603,43.2989866],[-80.5974542,43.2989435]]},"properties":{"kind":"distribution","tier":"distribution","placement":"underground","from":"water-T-441","to":"water-T-450","lengthM":4.83,"sizeMm":200,"diameterIn":7.9,"nominalLabel":"8\" PVC","material":"PVC C900","depthM":1.8,"zone":0,"roadEdge":46,"customers":20,"designPeakHourLps":0.481,"designFireLps":63.32}},{"type":"Feature","id":"water-E187","geometry":{"type":"LineString","coordinates":[[-80.5962247,43.2992995],[-80.5962162,43.2992384],[-80.5962051,43.2991514]]},"properties":{"kind":"distribution","tier":"distribution","placement":"underground","from":"water-T-516","to":"water-T-509","lengthM":16.56,"sizeMm":200,"diameterIn":7.9,"nominalLabel":"8\" PVC","material":"PVC C900","depthM":1.8,"zone":0,"roadEdge":51,"customers":11,"designPeakHourLps":0.231,"designFireLps":63.15}},{"type":"Feature","id":"water-E188","geometry":{"type":"LineString","coordinates":[[-80.5957935,43.2995551],[-80.5957805,43.2995551],[-80.5957034,43.2995546],[-80.5956262,43.2995542],[-80.595549,43.2995538],[-80.5954719,43.2995534],[-80.5954016,43.299553],[-80.5953783,43.2995486]]},"properties":{"kind":"distribution","tier":"trunk","placement":"underground","from":"water-T-620","to":"water-J-47","lengthM":33.71,"sizeMm":300,"diameterIn":11.8,"nominalLabel":"12\" PVC","material":"PVC C900","depthM":1.8,"zone":0,"roadEdge":53,"customers":21,"designPeakHourLps":1.935,"designFireLps":105.79}},{"type":"Feature","id":"water-E189","geometry":{"type":"LineString","coordinates":[[-80.596521,43.3001864],[-80.5965488,43.3003297]]},"properties":{"kind":"distribution","tier":"distribution","placement":"underground","from":"water-T-464","to":"water-T-482","lengthM":16.11,"sizeMm":200,"diameterIn":7.9,"nominalLabel":"8\" PVC","material":"PVC C900","depthM":1.8,"zone":0,"roadEdge":48,"customers":31,"designPeakHourLps":0.71,"designFireLps":63.47}},{"type":"Feature","id":"water-E190","geometry":{"type":"LineString","coordinates":[[-80.5962253,43.2999877],[-80.5960057,43.2999877]]},"properties":{"kind":"distribution","tier":"distribution","placement":"underground","from":"water-T-497","to":"water-T-498","lengthM":17.79,"sizeMm":150,"diameterIn":5.9,"nominalLabel":"6\" PVC","material":"PVC C900","depthM":1.8,"zone":0,"roadEdge":50,"customers":4,"designPeakHourLps":0.07,"designFireLps":34.7}},{"type":"Feature","id":"water-E191","geometry":{"type":"LineString","coordinates":[[-80.5976401,43.3002842],[-80.597641,43.3002882]]},"properties":{"kind":"distribution","tier":"distribution","placement":"underground","from":"water-T-423","to":"water-T-405","lengthM":0.46,"sizeMm":200,"diameterIn":7.9,"nominalLabel":"8\" PVC","material":"PVC C900","depthM":1.8,"zone":0,"roadEdge":45,"customers":30,"designPeakHourLps":0.612,"designFireLps":63.41}},{"type":"Feature","id":"water-E192","geometry":{"type":"LineString","coordinates":[[-80.5987965,43.3004762],[-80.5987971,43.3005372],[-80.5987946,43.300614]]},"properties":{"kind":"distribution","tier":"distribution","placement":"underground","from":"water-T-336","to":"water-T-335","lengthM":15.34,"sizeMm":200,"diameterIn":7.9,"nominalLabel":"8\" cast iron","material":"cast iron","depthM":1.8,"zone":0,"roadEdge":36,"customers":29,"designPeakHourLps":0.654,"designFireLps":35.09}},{"type":"Feature","id":"water-E193","geometry":{"type":"LineString","coordinates":[[-80.5996831,43.2986933],[-80.5996824,43.2985649]]},"properties":{"kind":"distribution","tier":"distribution","placement":"underground","from":"water-T-308","to":"water-T-323","lengthM":14.29,"sizeMm":200,"diameterIn":7.9,"nominalLabel":"8\" PVC","material":"PVC C900","depthM":1.8,"zone":0,"roadEdge":34,"customers":23,"designPeakHourLps":0.611,"designFireLps":63.41}},{"type":"Feature","id":"water-E194","geometry":{"type":"LineString","coordinates":[[-80.599747,43.3006006],[-80.5997449,43.3006116]]},"properties":{"kind":"distribution","tier":"distribution","placement":"underground","from":"water-T-274","to":"water-T-275","lengthM":1.24,"sizeMm":200,"diameterIn":7.9,"nominalLabel":"8\" cast iron","material":"cast iron","depthM":1.8,"zone":0,"roadEdge":30,"customers":32,"designPeakHourLps":0.569,"designFireLps":35.03}},{"type":"Feature","id":"water-E195","geometry":{"type":"LineString","coordinates":[[-80.6049412,43.2990512],[-80.6049324,43.2989048],[-80.6049304,43.2988864]]},"properties":{"kind":"distribution","tier":"distribution","placement":"underground","from":"water-T-59","to":"water-T-60","lengthM":18.37,"sizeMm":200,"diameterIn":7.9,"nominalLabel":"8\" PVC","material":"PVC C900","depthM":1.8,"zone":0,"roadEdge":5,"customers":6,"designPeakHourLps":0.133,"designFireLps":63.09}},{"type":"Feature","id":"water-E196","geometry":{"type":"LineString","coordinates":[[-80.6045243,43.300219],[-80.6045268,43.3002389]]},"properties":{"kind":"distribution","tier":"distribution","placement":"underground","from":"water-T-74","to":"water-T-81","lengthM":2.22,"sizeMm":200,"diameterIn":7.9,"nominalLabel":"8\" PVC","material":"PVC C900","depthM":1.8,"zone":0,"roadEdge":7,"customers":13,"designPeakHourLps":0.217,"designFireLps":63.14}},{"type":"Feature","id":"water-E197","geometry":{"type":"LineString","coordinates":[[-80.6038444,43.2990634],[-80.6038399,43.29904]]},"properties":{"kind":"distribution","tier":"distribution","placement":"underground","from":"water-T-84","to":"water-T-93","lengthM":2.63,"sizeMm":200,"diameterIn":7.9,"nominalLabel":"8\" PVC","material":"PVC C900","depthM":1.8,"zone":0,"roadEdge":10,"customers":16,"designPeakHourLps":0.293,"designFireLps":34.85}},{"type":"Feature","id":"water-E198","geometry":{"type":"LineString","coordinates":[[-80.6033496,43.3002674],[-80.6033484,43.3003617],[-80.6033491,43.3003889]]},"properties":{"kind":"distribution","tier":"distribution","placement":"underground","from":"water-T-109","to":"water-T-124","lengthM":13.53,"sizeMm":200,"diameterIn":7.9,"nominalLabel":"8\" PVC","material":"PVC C900","depthM":1.8,"zone":0,"roadEdge":14,"customers":28,"designPeakHourLps":0.658,"designFireLps":63.44}},{"type":"Feature","id":"water-E199","geometry":{"type":"LineString","coordinates":[[-80.6026751,43.2989387],[-80.6026686,43.2989026],[-80.6026509,43.298781]]},"properties":{"kind":"distribution","tier":"distribution","placement":"underground","from":"water-T-143","to":"water-T-152","lengthM":17.66,"sizeMm":200,"diameterIn":7.9,"nominalLabel":"8\" cast iron","material":"cast iron","depthM":1.8,"zone":0,"roadEdge":16,"customers":18,"designPeakHourLps":0.449,"designFireLps":34.95}},{"type":"Feature","id":"water-E200","geometry":{"type":"LineString","coordinates":[[-80.6023542,43.3004725],[-80.6023474,43.3005312]]},"properties":{"kind":"distribution","tier":"distribution","placement":"underground","from":"water-T-193","to":"water-T-172","lengthM":6.55,"sizeMm":200,"diameterIn":7.9,"nominalLabel":"8\" PVC","material":"PVC C900","depthM":1.8,"zone":0,"roadEdge":21,"customers":33,"designPeakHourLps":0.686,"designFireLps":63.46}},{"type":"Feature","id":"water-E201","geometry":{"type":"LineString","coordinates":[[-80.6015135,43.2984085],[-80.601514,43.2984041]]},"properties":{"kind":"distribution","tier":"distribution","placement":"underground","from":"water-T-210","to":"water-T-219","lengthM":0.49,"sizeMm":200,"diameterIn":7.9,"nominalLabel":"8\" cast iron","material":"cast iron","depthM":1.8,"zone":0,"roadEdge":23,"customers":19,"designPeakHourLps":0.353,"designFireLps":34.89}},{"type":"Feature","id":"water-E202","geometry":{"type":"LineString","coordinates":[[-80.6014074,43.3006243],[-80.6014071,43.300626]]},"properties":{"kind":"distribution","tier":"distribution","placement":"underground","from":"water-T-235","to":"water-T-255","lengthM":0.19,"sizeMm":200,"diameterIn":7.9,"nominalLabel":"8\" PVC","material":"PVC C900","depthM":1.8,"zone":0,"roadEdge":25,"customers":29,"designPeakHourLps":0.681,"designFireLps":63.45}},{"type":"Feature","id":"water-E203","geometry":{"type":"LineString","coordinates":[[-80.6005184,43.2984075],[-80.6005185,43.2984049]]},"properties":{"kind":"distribution","tier":"trunk","placement":"underground","from":"water-T-563","to":"water-T-547","lengthM":0.29,"sizeMm":300,"diameterIn":11.8,"nominalLabel":"12\" PVC","material":"PVC C900","depthM":1.8,"zone":0,"roadEdge":27,"customers":22,"designPeakHourLps":2.146,"designFireLps":191.43}},{"type":"Feature","id":"water-E204","geometry":{"type":"LineString","coordinates":[[-80.5985723,43.2986223],[-80.5985691,43.2985945]]},"properties":{"kind":"distribution","tier":"distribution","placement":"underground","from":"water-T-394","to":"water-T-377","lengthM":3.11,"sizeMm":200,"diameterIn":7.9,"nominalLabel":"8\" PVC","material":"PVC C900","depthM":1.8,"zone":0,"roadEdge":41,"customers":21,"designPeakHourLps":0.369,"designFireLps":63.25}},{"type":"Feature","id":"water-E205","geometry":{"type":"LineString","coordinates":[[-80.5974542,43.2989435],[-80.5974439,43.2988709],[-80.5974386,43.2988343]]},"properties":{"kind":"distribution","tier":"distribution","placement":"underground","from":"water-T-450","to":"water-T-442","lengthM":12.21,"sizeMm":200,"diameterIn":7.9,"nominalLabel":"8\" PVC","material":"PVC C900","depthM":1.8,"zone":0,"roadEdge":46,"customers":19,"designPeakHourLps":0.442,"designFireLps":63.29}},{"type":"Feature","id":"water-E206","geometry":{"type":"LineString","coordinates":[[-80.5962051,43.2991514],[-80.5962038,43.2991412]]},"properties":{"kind":"distribution","tier":"distribution","placement":"underground","from":"water-T-509","to":"water-T-515","lengthM":1.13,"sizeMm":200,"diameterIn":7.9,"nominalLabel":"8\" PVC","material":"PVC C900","depthM":1.8,"zone":0,"roadEdge":51,"customers":10,"designPeakHourLps":0.215,"designFireLps":63.14}},{"type":"Feature","id":"water-E207","geometry":{"type":"LineString","coordinates":[[-80.5953783,43.2995486],[-80.5953026,43.2996361],[-80.5952863,43.2998169],[-80.5952777,43.2999978],[-80.5952776,43.300028]]},"properties":{"kind":"distribution","tier":"distribution","placement":"underground","from":"water-J-47","to":"water-J-49","lengthM":55.19,"sizeMm":200,"diameterIn":7.9,"nominalLabel":"8\" PVC","material":"PVC C900","depthM":1.8,"zone":0,"roadEdge":54,"customers":20,"designPeakHourLps":0.372,"designFireLps":34.9}},{"type":"Feature","id":"water-E208","geometry":{"type":"LineString","coordinates":[[-80.5953783,43.2995486],[-80.5953133,43.2995524],[-80.5952405,43.2995521],[-80.5951035,43.2995513],[-80.595108,43.2996002]]},"properties":{"kind":"distribution","tier":"trunk","placement":"underground","from":"water-J-47","to":"water-J-50","lengthM":27.73,"sizeMm":300,"diameterIn":11.8,"nominalLabel":"12\" PVC","material":"PVC C900","depthM":1.8,"zone":0,"roadEdge":55,"customers":1,"designPeakHourLps":1.562,"designFireLps":191.04}},{"type":"Feature","id":"water-E209","geometry":{"type":"LineString","coordinates":[[-80.5965488,43.3003297],[-80.5965512,43.300342]]},"properties":{"kind":"distribution","tier":"distribution","placement":"underground","from":"water-T-482","to":"water-T-465","lengthM":1.38,"sizeMm":200,"diameterIn":7.9,"nominalLabel":"8\" PVC","material":"PVC C900","depthM":1.8,"zone":0,"roadEdge":48,"customers":30,"designPeakHourLps":0.703,"designFireLps":63.47}},{"type":"Feature","id":"water-E210","geometry":{"type":"LineString","coordinates":[[-80.5960057,43.2999877],[-80.5959948,43.2999877]]},"properties":{"kind":"distribution","tier":"distribution","placement":"underground","from":"water-T-498","to":"water-T-501","lengthM":0.88,"sizeMm":150,"diameterIn":5.9,"nominalLabel":"6\" PVC","material":"PVC C900","depthM":1.8,"zone":0,"roadEdge":50,"customers":3,"designPeakHourLps":0.055,"designFireLps":34.69}},{"type":"Feature","id":"water-E211","geometry":{"type":"LineString","coordinates":[[-80.597641,43.3002882],[-80.597656,43.3003634],[-80.5976725,43.3004556]]},"properties":{"kind":"distribution","tier":"distribution","placement":"underground","from":"water-T-405","to":"water-T-406","lengthM":18.81,"sizeMm":200,"diameterIn":7.9,"nominalLabel":"8\" PVC","material":"PVC C900","depthM":1.8,"zone":0,"roadEdge":45,"customers":29,"designPeakHourLps":0.596,"designFireLps":63.4}},{"type":"Feature","id":"water-E212","geometry":{"type":"LineString","coordinates":[[-80.5987946,43.300614],[-80.5987913,43.3007156],[-80.5987877,43.300762]]},"properties":{"kind":"distribution","tier":"distribution","placement":"underground","from":"water-T-335","to":"water-J-32","lengthM":16.5,"sizeMm":200,"diameterIn":7.9,"nominalLabel":"8\" cast iron","material":"cast iron","depthM":1.8,"zone":0,"roadEdge":36,"customers":28,"designPeakHourLps":0.616,"designFireLps":35.06}},{"type":"Feature","id":"water-E213","geometry":{"type":"LineString","coordinates":[[-80.5996824,43.2985649],[-80.5996823,43.2985489]]},"properties":{"kind":"distribution","tier":"distribution","placement":"underground","from":"water-T-323","to":"water-T-309","lengthM":1.78,"sizeMm":200,"diameterIn":7.9,"nominalLabel":"8\" PVC","material":"PVC C900","depthM":1.8,"zone":0,"roadEdge":34,"customers":22,"designPeakHourLps":0.588,"designFireLps":63.39}},{"type":"Feature","id":"water-E214","geometry":{"type":"LineString","coordinates":[[-80.5997449,43.3006116],[-80.5997254,43.3007137],[-80.599723,43.3007629]]},"properties":{"kind":"distribution","tier":"distribution","placement":"underground","from":"water-T-275","to":"water-J-29","lengthM":16.95,"sizeMm":200,"diameterIn":7.9,"nominalLabel":"8\" cast iron","material":"cast iron","depthM":1.8,"zone":0,"roadEdge":30,"customers":31,"designPeakHourLps":0.546,"designFireLps":35.01}},{"type":"Feature","id":"water-E215","geometry":{"type":"LineString","coordinates":[[-80.6049304,43.2988864],[-80.6049136,43.2987316]]},"properties":{"kind":"distribution","tier":"distribution","placement":"underground","from":"water-T-60","to":"water-T-61","lengthM":17.28,"sizeMm":200,"diameterIn":7.9,"nominalLabel":"8\" PVC","material":"PVC C900","depthM":1.8,"zone":0,"roadEdge":5,"customers":5,"designPeakHourLps":0.125,"designFireLps":63.08}},{"type":"Feature","id":"water-E216","geometry":{"type":"LineString","coordinates":[[-80.6045268,43.3002389],[-80.6045417,43.3003575],[-80.6045442,43.3003741]]},"properties":{"kind":"distribution","tier":"distribution","placement":"underground","from":"water-T-81","to":"water-T-73","lengthM":15.12,"sizeMm":200,"diameterIn":7.9,"nominalLabel":"8\" PVC","material":"PVC C900","depthM":1.8,"zone":0,"roadEdge":7,"customers":12,"designPeakHourLps":0.21,"designFireLps":63.14}},{"type":"Feature","id":"water-E217","geometry":{"type":"LineString","coordinates":[[-80.6038399,43.29904],[-80.6038155,43.2989127]]},"properties":{"kind":"distribution","tier":"distribution","placement":"underground","from":"water-T-93","to":"water-T-85","lengthM":14.31,"sizeMm":200,"diameterIn":7.9,"nominalLabel":"8\" PVC","material":"PVC C900","depthM":1.8,"zone":0,"roadEdge":10,"customers":15,"designPeakHourLps":0.262,"designFireLps":34.83}},{"type":"Feature","id":"water-E218","geometry":{"type":"LineString","coordinates":[[-80.6033491,43.3003889],[-80.6033499,43.30042]]},"properties":{"kind":"distribution","tier":"distribution","placement":"underground","from":"water-T-124","to":"water-T-110","lengthM":3.46,"sizeMm":200,"diameterIn":7.9,"nominalLabel":"8\" PVC","material":"PVC C900","depthM":1.8,"zone":0,"roadEdge":14,"customers":27,"designPeakHourLps":0.642,"designFireLps":63.43}},{"type":"Feature","id":"water-E219","geometry":{"type":"LineString","coordinates":[[-80.6026509,43.298781],[-80.6026481,43.298762]]},"properties":{"kind":"distribution","tier":"distribution","placement":"underground","from":"water-T-152","to":"water-T-144","lengthM":2.13,"sizeMm":200,"diameterIn":7.9,"nominalLabel":"8\" cast iron","material":"cast iron","depthM":1.8,"zone":0,"roadEdge":16,"customers":17,"designPeakHourLps":0.425,"designFireLps":34.93}},{"type":"Feature","id":"water-E220","geometry":{"type":"LineString","coordinates":[[-80.6023474,43.3005312],[-80.6023466,43.3005382],[-80.6023381,43.3006388]]},"properties":{"kind":"distribution","tier":"distribution","placement":"underground","from":"water-T-172","to":"water-T-194","lengthM":12.01,"sizeMm":200,"diameterIn":7.9,"nominalLabel":"8\" PVC","material":"PVC C900","depthM":1.8,"zone":0,"roadEdge":21,"customers":32,"designPeakHourLps":0.67,"designFireLps":63.45}},{"type":"Feature","id":"water-E221","geometry":{"type":"LineString","coordinates":[[-80.601514,43.2984041],[-80.6015189,43.2983642],[-80.6015391,43.2982381]]},"properties":{"kind":"distribution","tier":"distribution","placement":"underground","from":"water-T-219","to":"water-T-209","lengthM":18.59,"sizeMm":200,"diameterIn":7.9,"nominalLabel":"8\" cast iron","material":"cast iron","depthM":1.8,"zone":0,"roadEdge":23,"customers":18,"designPeakHourLps":0.346,"designFireLps":34.88}},{"type":"Feature","id":"water-E222","geometry":{"type":"LineString","coordinates":[[-80.6014071,43.300626],[-80.6013918,43.300716],[-80.6013792,43.3007959]]},"properties":{"kind":"distribution","tier":"distribution","placement":"underground","from":"water-T-255","to":"water-T-236","lengthM":19.04,"sizeMm":200,"diameterIn":7.9,"nominalLabel":"8\" PVC","material":"PVC C900","depthM":1.8,"zone":0,"roadEdge":25,"customers":28,"designPeakHourLps":0.65,"designFireLps":63.43}},{"type":"Feature","id":"water-E223","geometry":{"type":"LineString","coordinates":[[-80.6005185,43.2984049],[-80.6005207,43.2983538],[-80.600523,43.2982976],[-80.6005246,43.2982609]]},"properties":{"kind":"distribution","tier":"trunk","placement":"underground","from":"water-T-547","to":"water-T-562","lengthM":16.03,"sizeMm":300,"diameterIn":11.8,"nominalLabel":"12\" PVC","material":"PVC C900","depthM":1.8,"zone":0,"roadEdge":27,"customers":21,"designPeakHourLps":2.118,"designFireLps":191.41}},{"type":"Feature","id":"water-E224","geometry":{"type":"LineString","coordinates":[[-80.5985691,43.2985945],[-80.5985594,43.2985122],[-80.5985522,43.2984578]]},"properties":{"kind":"distribution","tier":"distribution","placement":"underground","from":"water-T-377","to":"water-T-395","lengthM":15.28,"sizeMm":200,"diameterIn":7.9,"nominalLabel":"8\" PVC","material":"PVC C900","depthM":1.8,"zone":0,"roadEdge":41,"customers":20,"designPeakHourLps":0.353,"designFireLps":63.24}},{"type":"Feature","id":"water-E225","geometry":{"type":"LineString","coordinates":[[-80.5974386,43.2988343],[-80.5974297,43.2987729]]},"properties":{"kind":"distribution","tier":"distribution","placement":"underground","from":"water-T-442","to":"water-T-451","lengthM":6.88,"sizeMm":200,"diameterIn":7.9,"nominalLabel":"8\" PVC","material":"PVC C900","depthM":1.8,"zone":0,"roadEdge":46,"customers":18,"designPeakHourLps":0.412,"designFireLps":63.27}},{"type":"Feature","id":"water-E226","geometry":{"type":"LineString","coordinates":[[-80.5962038,43.2991412],[-80.5961932,43.2990583],[-80.5961868,43.2989999]]},"properties":{"kind":"distribution","tier":"distribution","placement":"underground","from":"water-T-515","to":"water-T-508","lengthM":15.8,"sizeMm":200,"diameterIn":7.9,"nominalLabel":"8\" PVC","material":"PVC C900","depthM":1.8,"zone":0,"roadEdge":51,"customers":9,"designPeakHourLps":0.184,"designFireLps":63.12}},{"type":"Feature","id":"water-E227","geometry":{"type":"LineString","coordinates":[[-80.5952776,43.300028],[-80.5955537,43.2999877]]},"properties":{"kind":"distribution","tier":"distribution","placement":"underground","from":"water-J-49","to":"water-T-500","lengthM":22.82,"sizeMm":150,"diameterIn":5.9,"nominalLabel":"6\" PVC","material":"PVC C900","depthM":1.8,"zone":0,"roadEdge":50,"customers":2,"designPeakHourLps":0.031,"designFireLps":34.67}},{"type":"Feature","id":"water-E228","geometry":{"type":"LineString","coordinates":[[-80.5952776,43.300028],[-80.5952772,43.3001788],[-80.5952775,43.3001855]]},"properties":{"kind":"distribution","tier":"distribution","placement":"underground","from":"water-J-49","to":"water-T-524","lengthM":17.53,"sizeMm":200,"diameterIn":7.9,"nominalLabel":"8\" PVC","material":"PVC C900","depthM":1.8,"zone":0,"roadEdge":56,"customers":18,"designPeakHourLps":0.342,"designFireLps":63.23}},{"type":"Feature","id":"water-E229","geometry":{"type":"LineString","coordinates":[[-80.595108,43.2996002],[-80.5950888,43.2995512],[-80.5950091,43.2995508],[-80.5949319,43.2995503],[-80.5947776,43.2995494],[-80.5947004,43.299549],[-80.5945462,43.2995482],[-80.5944942,43.2995478]]},"properties":{"kind":"distribution","tier":"trunk","placement":"underground","from":"water-J-50","to":"water-J-51","lengthM":53.84,"sizeMm":300,"diameterIn":11.8,"nominalLabel":"12\" PVC","material":"PVC C900","depthM":1.8,"zone":0,"roadEdge":57,"customers":1,"designPeakHourLps":1.562,"designFireLps":191.04}},{"type":"Feature","id":"water-E230","geometry":{"type":"LineString","coordinates":[[-80.5965512,43.300342],[-80.5965532,43.300352],[-80.5965794,43.3004759]]},"properties":{"kind":"distribution","tier":"distribution","placement":"underground","from":"water-T-465","to":"water-T-483","lengthM":15.08,"sizeMm":200,"diameterIn":7.9,"nominalLabel":"8\" PVC","material":"PVC C900","depthM":1.8,"zone":0,"roadEdge":48,"customers":29,"designPeakHourLps":0.695,"designFireLps":63.46}},{"type":"Feature","id":"water-E231","geometry":{"type":"LineString","coordinates":[[-80.5959948,43.2999877],[-80.5957835,43.2999877]]},"properties":{"kind":"distribution","tier":"distribution","placement":"underground","from":"water-T-501","to":"water-T-502","lengthM":17.12,"sizeMm":150,"diameterIn":5.9,"nominalLabel":"6\" PVC","material":"PVC C900","depthM":1.8,"zone":0,"roadEdge":50,"customers":2,"designPeakHourLps":0.031,"designFireLps":34.67}},{"type":"Feature","id":"water-E232","geometry":{"type":"LineString","coordinates":[[-80.5976725,43.3004556],[-80.5976731,43.3004592]]},"properties":{"kind":"distribution","tier":"distribution","placement":"underground","from":"water-T-406","to":"water-T-424","lengthM":0.41,"sizeMm":200,"diameterIn":7.9,"nominalLabel":"8\" PVC","material":"PVC C900","depthM":1.8,"zone":0,"roadEdge":45,"customers":28,"designPeakHourLps":0.581,"designFireLps":63.39}},{"type":"Feature","id":"water-E233","geometry":{"type":"LineString","coordinates":[[-80.5987877,43.300762],[-80.5987775,43.300894],[-80.5987751,43.3009148]]},"properties":{"kind":"distribution","tier":"distribution","placement":"underground","from":"water-J-32","to":"water-T-359","lengthM":17.04,"sizeMm":200,"diameterIn":7.9,"nominalLabel":"8\" PVC","material":"PVC C900","depthM":1.8,"zone":0,"roadEdge":37,"customers":28,"designPeakHourLps":0.616,"designFireLps":63.41}},{"type":"Feature","id":"water-E234","geometry":{"type":"LineString","coordinates":[[-80.5996823,43.2985489],[-80.5996822,43.2985152],[-80.5996785,43.2984135]]},"properties":{"kind":"distribution","tier":"distribution","placement":"underground","from":"water-T-309","to":"water-T-324","lengthM":15.08,"sizeMm":200,"diameterIn":7.9,"nominalLabel":"8\" PVC","material":"PVC C900","depthM":1.8,"zone":0,"roadEdge":34,"customers":21,"designPeakHourLps":0.565,"designFireLps":63.38}},{"type":"Feature","id":"water-E235","geometry":{"type":"LineString","coordinates":[[-80.599723,43.3007629],[-80.5996886,43.3008899],[-80.5996819,43.3009204]]},"properties":{"kind":"distribution","tier":"distribution","placement":"underground","from":"water-J-29","to":"water-T-302","lengthM":17.85,"sizeMm":200,"diameterIn":7.9,"nominalLabel":"8\" PVC","material":"PVC C900","depthM":1.8,"zone":0,"roadEdge":32,"customers":27,"designPeakHourLps":0.499,"designFireLps":63.33}},{"type":"Feature","id":"water-E236","geometry":{"type":"LineString","coordinates":[[-80.599723,43.3007629],[-80.5993185,43.3007239]]},"properties":{"kind":"distribution","tier":"distribution","placement":"underground","from":"water-J-29","to":"water-T-305","lengthM":33.06,"sizeMm":150,"diameterIn":5.9,"nominalLabel":"6\" cast iron","material":"cast iron","depthM":1.8,"zone":0,"roadEdge":33,"customers":4,"designPeakHourLps":0.047,"designFireLps":34.68}},{"type":"Feature","id":"water-E237","geometry":{"type":"LineString","coordinates":[[-80.6049136,43.2987316],[-80.6049128,43.2987238],[-80.6048888,43.298564]]},"properties":{"kind":"distribution","tier":"distribution","placement":"underground","from":"water-T-61","to":"water-T-62","lengthM":18.77,"sizeMm":200,"diameterIn":7.9,"nominalLabel":"8\" PVC","material":"PVC C900","depthM":1.8,"zone":0,"roadEdge":5,"customers":4,"designPeakHourLps":0.11,"designFireLps":63.07}},{"type":"Feature","id":"water-E238","geometry":{"type":"LineString","coordinates":[[-80.6045442,43.3003741],[-80.6045457,43.3003843]]},"properties":{"kind":"distribution","tier":"distribution","placement":"underground","from":"water-T-73","to":"water-T-80","lengthM":1.13,"sizeMm":200,"diameterIn":7.9,"nominalLabel":"8\" PVC","material":"PVC C900","depthM":1.8,"zone":0,"roadEdge":7,"customers":11,"designPeakHourLps":0.186,"designFireLps":63.12}},{"type":"Feature","id":"water-E239","geometry":{"type":"LineString","coordinates":[[-80.6038155,43.2989127],[-80.6038134,43.2989015],[-80.6038095,43.2988824]]},"properties":{"kind":"distribution","tier":"distribution","placement":"underground","from":"water-T-85","to":"water-T-94","lengthM":3.4,"sizeMm":200,"diameterIn":7.9,"nominalLabel":"8\" PVC","material":"PVC C900","depthM":1.8,"zone":0,"roadEdge":10,"customers":14,"designPeakHourLps":0.247,"designFireLps":34.81}},{"type":"Feature","id":"water-E240","geometry":{"type":"LineString","coordinates":[[-80.6033499,43.30042],[-80.6033531,43.3005419]]},"properties":{"kind":"distribution","tier":"distribution","placement":"underground","from":"water-T-110","to":"water-T-125","lengthM":13.58,"sizeMm":200,"diameterIn":7.9,"nominalLabel":"8\" PVC","material":"PVC C900","depthM":1.8,"zone":0,"roadEdge":14,"customers":26,"designPeakHourLps":0.619,"designFireLps":63.41}},{"type":"Feature","id":"water-E241","geometry":{"type":"LineString","coordinates":[[-80.6026481,43.298762],[-80.6026426,43.298724],[-80.6026306,43.2986081]]},"properties":{"kind":"distribution","tier":"distribution","placement":"underground","from":"water-T-144","to":"water-T-153","lengthM":17.2,"sizeMm":200,"diameterIn":7.9,"nominalLabel":"8\" cast iron","material":"cast iron","depthM":1.8,"zone":0,"roadEdge":16,"customers":16,"designPeakHourLps":0.41,"designFireLps":34.92}},{"type":"Feature","id":"water-E242","geometry":{"type":"LineString","coordinates":[[-80.6023381,43.3006388],[-80.6023345,43.3006813]]},"properties":{"kind":"distribution","tier":"distribution","placement":"underground","from":"water-T-194","to":"water-T-173","lengthM":4.74,"sizeMm":200,"diameterIn":7.9,"nominalLabel":"8\" PVC","material":"PVC C900","depthM":1.8,"zone":0,"roadEdge":21,"customers":31,"designPeakHourLps":0.654,"designFireLps":63.44}},{"type":"Feature","id":"water-E243","geometry":{"type":"LineString","coordinates":[[-80.6015391,43.2982381],[-80.6015408,43.2982273]]},"properties":{"kind":"distribution","tier":"distribution","placement":"underground","from":"water-T-209","to":"water-T-218","lengthM":1.21,"sizeMm":200,"diameterIn":7.9,"nominalLabel":"8\" cast iron","material":"cast iron","depthM":1.8,"zone":0,"roadEdge":23,"customers":17,"designPeakHourLps":0.331,"designFireLps":34.87}},{"type":"Feature","id":"water-E244","geometry":{"type":"LineString","coordinates":[[-80.6013792,43.3007959],[-80.6014342,43.3007601]]},"properties":{"kind":"distribution","tier":"distribution","placement":"underground","from":"water-T-236","to":"water-T-256","lengthM":5.98,"sizeMm":200,"diameterIn":7.9,"nominalLabel":"8\" PVC","material":"PVC C900","depthM":1.8,"zone":0,"roadEdge":25,"customers":27,"designPeakHourLps":0.626,"designFireLps":63.42}},{"type":"Feature","id":"water-E245","geometry":{"type":"LineString","coordinates":[[-80.6005246,43.2982609],[-80.6005249,43.2982549]]},"properties":{"kind":"distribution","tier":"trunk","placement":"underground","from":"water-T-562","to":"water-T-546","lengthM":0.67,"sizeMm":300,"diameterIn":11.8,"nominalLabel":"12\" PVC","material":"PVC C900","depthM":1.8,"zone":0,"roadEdge":27,"customers":20,"designPeakHourLps":2.09,"designFireLps":191.39}},{"type":"Feature","id":"water-E246","geometry":{"type":"LineString","coordinates":[[-80.5985522,43.2984578],[-80.5985486,43.2984307]]},"properties":{"kind":"distribution","tier":"distribution","placement":"underground","from":"water-T-395","to":"water-T-378","lengthM":3.03,"sizeMm":200,"diameterIn":7.9,"nominalLabel":"8\" PVC","material":"PVC C900","depthM":1.8,"zone":0,"roadEdge":41,"customers":19,"designPeakHourLps":0.322,"designFireLps":63.21}},{"type":"Feature","id":"water-E247","geometry":{"type":"LineString","coordinates":[[-80.5974297,43.2987729],[-80.5974179,43.2986913],[-80.5974163,43.2986802]]},"properties":{"kind":"distribution","tier":"distribution","placement":"underground","from":"water-T-451","to":"water-T-443","lengthM":10.37,"sizeMm":200,"diameterIn":7.9,"nominalLabel":"8\" PVC","material":"PVC C900","depthM":1.8,"zone":0,"roadEdge":46,"customers":17,"designPeakHourLps":0.381,"designFireLps":63.25}},{"type":"Feature","id":"water-E248","geometry":{"type":"LineString","coordinates":[[-80.5961868,43.2989999],[-80.5961865,43.2989974]]},"properties":{"kind":"distribution","tier":"distribution","placement":"underground","from":"water-T-508","to":"water-T-514","lengthM":0.27,"sizeMm":200,"diameterIn":7.9,"nominalLabel":"8\" PVC","material":"PVC C900","depthM":1.8,"zone":0,"roadEdge":51,"customers":8,"designPeakHourLps":0.153,"designFireLps":63.1}},{"type":"Feature","id":"water-E249","geometry":{"type":"LineString","coordinates":[[-80.5955537,43.2999877],[-80.5955631,43.2999877]]},"properties":{"kind":"distribution","tier":"distribution","placement":"underground","from":"water-T-500","to":"water-T-503","lengthM":0.76,"sizeMm":150,"diameterIn":5.9,"nominalLabel":"6\" PVC","material":"PVC C900","depthM":1.8,"zone":0,"roadEdge":50,"customers":1,"designPeakHourLps":0.023,"designFireLps":34.67}},{"type":"Feature","id":"water-E250","geometry":{"type":"LineString","coordinates":[[-80.5952775,43.3001855],[-80.595284,43.3003428]]},"properties":{"kind":"distribution","tier":"distribution","placement":"underground","from":"water-T-524","to":"water-T-523","lengthM":17.51,"sizeMm":200,"diameterIn":7.9,"nominalLabel":"8\" PVC","material":"PVC C900","depthM":1.8,"zone":0,"roadEdge":56,"customers":17,"designPeakHourLps":0.318,"designFireLps":63.21}},{"type":"Feature","id":"water-E251","geometry":{"type":"LineString","coordinates":[[-80.5944942,43.2995478],[-80.5943892,43.2995472],[-80.5943148,43.2995468],[-80.5941604,43.2995459],[-80.5940833,43.2995455],[-80.5940694,43.2995455]]},"properties":{"kind":"distribution","tier":"trunk","placement":"underground","from":"water-J-51","to":"water-J-52","lengthM":34.41,"sizeMm":300,"diameterIn":11.8,"nominalLabel":"12\" PVC","material":"PVC C900","depthM":1.8,"zone":0,"roadEdge":58,"customers":1,"designPeakHourLps":1.562,"designFireLps":191.04}},{"type":"Feature","id":"water-E252","geometry":{"type":"LineString","coordinates":[[-80.5965794,43.3004759],[-80.5965812,43.3004847]]},"properties":{"kind":"distribution","tier":"distribution","placement":"underground","from":"water-T-483","to":"water-T-466","lengthM":0.99,"sizeMm":200,"diameterIn":7.9,"nominalLabel":"8\" PVC","material":"PVC C900","depthM":1.8,"zone":0,"roadEdge":48,"customers":28,"designPeakHourLps":0.672,"designFireLps":63.45}},{"type":"Feature","id":"water-E253","geometry":{"type":"LineString","coordinates":[[-80.5957835,43.2999877],[-80.5957789,43.2999877]]},"properties":{"kind":"distribution","tier":"distribution","placement":"underground","from":"water-T-502","to":"water-T-499","lengthM":0.37,"sizeMm":150,"diameterIn":5.9,"nominalLabel":"6\" PVC","material":"PVC C900","depthM":1.8,"zone":0,"roadEdge":50,"customers":1,"designPeakHourLps":0.015,"designFireLps":34.66}},{"type":"Feature","id":"water-E254","geometry":{"type":"LineString","coordinates":[[-80.5976731,43.3004592],[-80.597688,43.3005423],[-80.5976996,43.3006195]]},"properties":{"kind":"distribution","tier":"distribution","placement":"underground","from":"water-T-424","to":"water-T-425","lengthM":17.98,"sizeMm":200,"diameterIn":7.9,"nominalLabel":"8\" PVC","material":"PVC C900","depthM":1.8,"zone":0,"roadEdge":45,"customers":27,"designPeakHourLps":0.565,"designFireLps":63.38}},{"type":"Feature","id":"water-E255","geometry":{"type":"LineString","coordinates":[[-80.5987751,43.3009148],[-80.5987572,43.3010687]]},"properties":{"kind":"distribution","tier":"distribution","placement":"underground","from":"water-T-359","to":"water-T-360","lengthM":17.19,"sizeMm":200,"diameterIn":7.9,"nominalLabel":"8\" PVC","material":"PVC C900","depthM":1.8,"zone":0,"roadEdge":37,"customers":27,"designPeakHourLps":0.601,"designFireLps":63.4}},{"type":"Feature","id":"water-E256","geometry":{"type":"LineString","coordinates":[[-80.5996785,43.2984135],[-80.599678,43.2984004]]},"properties":{"kind":"distribution","tier":"distribution","placement":"underground","from":"water-T-324","to":"water-T-310","lengthM":1.46,"sizeMm":200,"diameterIn":7.9,"nominalLabel":"8\" PVC","material":"PVC C900","depthM":1.8,"zone":0,"roadEdge":34,"customers":20,"designPeakHourLps":0.549,"designFireLps":63.37}},{"type":"Feature","id":"water-E257","geometry":{"type":"LineString","coordinates":[[-80.5996819,43.3009204],[-80.5996492,43.3010702],[-80.5996483,43.3010743]]},"properties":{"kind":"distribution","tier":"distribution","placement":"underground","from":"water-T-302","to":"water-T-289","lengthM":17.34,"sizeMm":200,"diameterIn":7.9,"nominalLabel":"8\" PVC","material":"PVC C900","depthM":1.8,"zone":0,"roadEdge":32,"customers":26,"designPeakHourLps":0.476,"designFireLps":63.32}},{"type":"Feature","id":"water-E258","geometry":{"type":"LineString","coordinates":[[-80.5993185,43.3007239],[-80.5993065,43.3007239]]},"properties":{"kind":"distribution","tier":"distribution","placement":"underground","from":"water-T-305","to":"water-T-303","lengthM":0.97,"sizeMm":150,"diameterIn":5.9,"nominalLabel":"6\" cast iron","material":"cast iron","depthM":1.8,"zone":0,"roadEdge":33,"customers":3,"designPeakHourLps":0.039,"designFireLps":34.68}},{"type":"Feature","id":"water-E259","geometry":{"type":"LineString","coordinates":[[-80.6048888,43.298564],[-80.6048857,43.2985431],[-80.6048591,43.2983967]]},"properties":{"kind":"distribution","tier":"distribution","placement":"underground","from":"water-T-62","to":"water-T-63","lengthM":18.79,"sizeMm":200,"diameterIn":7.9,"nominalLabel":"8\" PVC","material":"PVC C900","depthM":1.8,"zone":0,"roadEdge":5,"customers":3,"designPeakHourLps":0.086,"designFireLps":63.06}},{"type":"Feature","id":"water-E260","geometry":{"type":"LineString","coordinates":[[-80.6045457,43.3003843],[-80.6045654,43.3005173]]},"properties":{"kind":"distribution","tier":"distribution","placement":"underground","from":"water-T-80","to":"water-T-72","lengthM":14.89,"sizeMm":200,"diameterIn":7.9,"nominalLabel":"8\" PVC","material":"PVC C900","depthM":1.8,"zone":0,"roadEdge":7,"customers":10,"designPeakHourLps":0.171,"designFireLps":63.11}},{"type":"Feature","id":"water-E261","geometry":{"type":"LineString","coordinates":[[-80.6038095,43.2988824],[-80.6037863,43.2987692]]},"properties":{"kind":"distribution","tier":"distribution","placement":"underground","from":"water-T-94","to":"water-T-86","lengthM":12.75,"sizeMm":200,"diameterIn":7.9,"nominalLabel":"8\" PVC","material":"PVC C900","depthM":1.8,"zone":0,"roadEdge":10,"customers":13,"designPeakHourLps":0.232,"designFireLps":34.8}},{"type":"Feature","id":"water-E262","geometry":{"type":"LineString","coordinates":[[-80.6033531,43.3005419],[-80.6033545,43.3005647]]},"properties":{"kind":"distribution","tier":"distribution","placement":"underground","from":"water-T-125","to":"water-T-111","lengthM":2.54,"sizeMm":200,"diameterIn":7.9,"nominalLabel":"8\" PVC","material":"PVC C900","depthM":1.8,"zone":0,"roadEdge":14,"customers":25,"designPeakHourLps":0.581,"designFireLps":63.39}},{"type":"Feature","id":"water-E263","geometry":{"type":"LineString","coordinates":[[-80.6026306,43.2986081],[-80.6026283,43.2985857]]},"properties":{"kind":"distribution","tier":"distribution","placement":"underground","from":"water-T-153","to":"water-T-145","lengthM":2.49,"sizeMm":200,"diameterIn":7.9,"nominalLabel":"8\" cast iron","material":"cast iron","depthM":1.8,"zone":0,"roadEdge":16,"customers":15,"designPeakHourLps":0.394,"designFireLps":34.91}},{"type":"Feature","id":"water-E264","geometry":{"type":"LineString","coordinates":[[-80.6023345,43.3006813],[-80.6023313,43.3007188],[-80.6023267,43.3008145]]},"properties":{"kind":"distribution","tier":"distribution","placement":"underground","from":"water-T-173","to":"water-T-195","lengthM":14.85,"sizeMm":200,"diameterIn":7.9,"nominalLabel":"8\" PVC","material":"PVC C900","depthM":1.8,"zone":0,"roadEdge":21,"customers":30,"designPeakHourLps":0.624,"designFireLps":63.42}},{"type":"Feature","id":"water-E265","geometry":{"type":"LineString","coordinates":[[-80.6015408,43.2982273],[-80.6015478,43.2981836],[-80.6015719,43.2980557]]},"properties":{"kind":"distribution","tier":"distribution","placement":"underground","from":"water-T-218","to":"water-T-217","lengthM":19.27,"sizeMm":200,"diameterIn":7.9,"nominalLabel":"8\" cast iron","material":"cast iron","depthM":1.8,"zone":0,"roadEdge":23,"customers":16,"designPeakHourLps":0.308,"designFireLps":34.86}},{"type":"Feature","id":"water-E266","geometry":{"type":"LineString","coordinates":[[-80.6014342,43.3007601],[-80.6013633,43.3008961],[-80.6013548,43.3009568]]},"properties":{"kind":"distribution","tier":"distribution","placement":"underground","from":"water-T-256","to":"water-T-257","lengthM":22.99,"sizeMm":200,"diameterIn":7.9,"nominalLabel":"8\" PVC","material":"PVC C900","depthM":1.8,"zone":0,"roadEdge":25,"customers":26,"designPeakHourLps":0.611,"designFireLps":63.41}},{"type":"Feature","id":"water-E267","geometry":{"type":"LineString","coordinates":[[-80.6005249,43.2982549],[-80.6005255,43.2982414],[-80.600528,43.2981853],[-80.6005305,43.2981291],[-80.6005313,43.2981122]]},"properties":{"kind":"distribution","tier":"trunk","placement":"underground","from":"water-T-546","to":"water-T-545","lengthM":15.9,"sizeMm":300,"diameterIn":11.8,"nominalLabel":"12\" PVC","material":"PVC C900","depthM":1.8,"zone":0,"roadEdge":27,"customers":19,"designPeakHourLps":2.063,"designFireLps":191.38}},{"type":"Feature","id":"water-E268","geometry":{"type":"LineString","coordinates":[[-80.5985486,43.2984307],[-80.5985356,43.2983321],[-80.5985303,43.2982948]]},"properties":{"kind":"distribution","tier":"distribution","placement":"underground","from":"water-T-378","to":"water-T-396","lengthM":15.21,"sizeMm":200,"diameterIn":7.9,"nominalLabel":"8\" PVC","material":"PVC C900","depthM":1.8,"zone":0,"roadEdge":41,"customers":18,"designPeakHourLps":0.315,"designFireLps":63.21}},{"type":"Feature","id":"water-E269","geometry":{"type":"LineString","coordinates":[[-80.5974163,43.2986802],[-80.5974069,43.2986126]]},"properties":{"kind":"distribution","tier":"distribution","placement":"underground","from":"water-T-443","to":"water-T-452","lengthM":7.56,"sizeMm":200,"diameterIn":7.9,"nominalLabel":"8\" PVC","material":"PVC C900","depthM":1.8,"zone":0,"roadEdge":46,"customers":16,"designPeakHourLps":0.351,"designFireLps":63.23}},{"type":"Feature","id":"water-E270","geometry":{"type":"LineString","coordinates":[[-80.5961865,43.2989974],[-80.5961735,43.298878],[-80.5961715,43.2988548]]},"properties":{"kind":"distribution","tier":"distribution","placement":"underground","from":"water-T-514","to":"water-T-513","lengthM":15.92,"sizeMm":200,"diameterIn":7.9,"nominalLabel":"8\" PVC","material":"PVC C900","depthM":1.8,"zone":0,"roadEdge":51,"customers":7,"designPeakHourLps":0.146,"designFireLps":63.1}},{"type":"Feature","id":"water-E271","geometry":{"type":"LineString","coordinates":[[-80.595284,43.3003428],[-80.5952847,43.3003597],[-80.5952954,43.300488]]},"properties":{"kind":"distribution","tier":"distribution","placement":"underground","from":"water-T-523","to":"water-T-522","lengthM":16.2,"sizeMm":200,"diameterIn":7.9,"nominalLabel":"8\" PVC","material":"PVC C900","depthM":1.8,"zone":0,"roadEdge":56,"customers":16,"designPeakHourLps":0.303,"designFireLps":63.2}},{"type":"Feature","id":"water-E272","geometry":{"type":"LineString","coordinates":[[-80.5940694,43.2995455],[-80.5940062,43.2995451],[-80.593929,43.2995446],[-80.5938519,43.2995442],[-80.5937747,43.2995437],[-80.5936975,43.2995433],[-80.5936256,43.299543],[-80.5935917,43.2995381]]},"properties":{"kind":"distribution","tier":"trunk","placement":"underground","from":"water-J-52","to":"water-T-624","lengthM":38.76,"sizeMm":300,"diameterIn":11.8,"nominalLabel":"12\" PVC","material":"PVC C900","depthM":1.8,"zone":0,"roadEdge":59,"customers":1,"designPeakHourLps":1.562,"designFireLps":191.04}},{"type":"Feature","id":"water-E273","geometry":{"type":"LineString","coordinates":[[-80.5965812,43.3004847],[-80.5965911,43.3005313],[-80.5966113,43.3006239]]},"properties":{"kind":"distribution","tier":"distribution","placement":"underground","from":"water-T-466","to":"water-T-467","lengthM":15.69,"sizeMm":200,"diameterIn":7.9,"nominalLabel":"8\" PVC","material":"PVC C900","depthM":1.8,"zone":0,"roadEdge":48,"customers":27,"designPeakHourLps":0.64,"designFireLps":63.43}},{"type":"Feature","id":"water-E274","geometry":{"type":"LineString","coordinates":[[-80.5976996,43.3006195],[-80.5977001,43.3006231]]},"properties":{"kind":"distribution","tier":"distribution","placement":"underground","from":"water-T-425","to":"water-T-407","lengthM":0.4,"sizeMm":200,"diameterIn":7.9,"nominalLabel":"8\" PVC","material":"PVC C900","depthM":1.8,"zone":0,"roadEdge":45,"customers":26,"designPeakHourLps":0.542,"designFireLps":63.36}},{"type":"Feature","id":"water-E275","geometry":{"type":"LineString","coordinates":[[-80.5987572,43.3010687],[-80.5987568,43.3010726],[-80.5987365,43.3012062]]},"properties":{"kind":"distribution","tier":"distribution","placement":"underground","from":"water-T-360","to":"water-T-345","lengthM":15.39,"sizeMm":200,"diameterIn":7.9,"nominalLabel":"8\" PVC","material":"PVC C900","depthM":1.8,"zone":0,"roadEdge":37,"customers":26,"designPeakHourLps":0.578,"designFireLps":63.39}},{"type":"Feature","id":"water-E276","geometry":{"type":"LineString","coordinates":[[-80.599678,43.2984004],[-80.5996756,43.2983346],[-80.5996713,43.298271]]},"properties":{"kind":"distribution","tier":"distribution","placement":"underground","from":"water-T-310","to":"water-T-325","lengthM":14.42,"sizeMm":200,"diameterIn":7.9,"nominalLabel":"8\" PVC","material":"PVC C900","depthM":1.8,"zone":0,"roadEdge":34,"customers":19,"designPeakHourLps":0.517,"designFireLps":63.34}},{"type":"Feature","id":"water-E277","geometry":{"type":"LineString","coordinates":[[-80.5996483,43.3010743],[-80.5996465,43.3010821]]},"properties":{"kind":"distribution","tier":"distribution","placement":"underground","from":"water-T-289","to":"water-T-301","lengthM":0.88,"sizeMm":200,"diameterIn":7.9,"nominalLabel":"8\" PVC","material":"PVC C900","depthM":1.8,"zone":0,"roadEdge":32,"customers":25,"designPeakHourLps":0.446,"designFireLps":63.3}},{"type":"Feature","id":"water-E278","geometry":{"type":"LineString","coordinates":[[-80.5993065,43.3007239],[-80.5990786,43.3007239]]},"properties":{"kind":"distribution","tier":"distribution","placement":"underground","from":"water-T-303","to":"water-T-306","lengthM":18.47,"sizeMm":150,"diameterIn":5.9,"nominalLabel":"6\" cast iron","material":"cast iron","depthM":1.8,"zone":0,"roadEdge":33,"customers":2,"designPeakHourLps":0.024,"designFireLps":34.67}},{"type":"Feature","id":"water-E279","geometry":{"type":"LineString","coordinates":[[-80.6048591,43.2983967],[-80.604853,43.2983628],[-80.6048288,43.298242]]},"properties":{"kind":"distribution","tier":"distribution","placement":"underground","from":"water-T-63","to":"water-T-64","lengthM":17.39,"sizeMm":200,"diameterIn":7.9,"nominalLabel":"8\" PVC","material":"PVC C900","depthM":1.8,"zone":0,"roadEdge":5,"customers":2,"designPeakHourLps":0.062,"designFireLps":63.04}},{"type":"Feature","id":"water-E280","geometry":{"type":"LineString","coordinates":[[-80.6045654,43.3005173],[-80.6045676,43.3005322]]},"properties":{"kind":"distribution","tier":"distribution","placement":"underground","from":"water-T-72","to":"water-T-79","lengthM":1.67,"sizeMm":200,"diameterIn":7.9,"nominalLabel":"8\" PVC","material":"PVC C900","depthM":1.8,"zone":0,"roadEdge":7,"customers":9,"designPeakHourLps":0.155,"designFireLps":63.1}},{"type":"Feature","id":"water-E281","geometry":{"type":"LineString","coordinates":[[-80.6037863,43.2987692],[-80.6037771,43.2987244]]},"properties":{"kind":"distribution","tier":"distribution","placement":"underground","from":"water-T-86","to":"water-T-95","lengthM":5.04,"sizeMm":200,"diameterIn":7.9,"nominalLabel":"8\" PVC","material":"PVC C900","depthM":1.8,"zone":0,"roadEdge":10,"customers":12,"designPeakHourLps":0.194,"designFireLps":34.78}},{"type":"Feature","id":"water-E282","geometry":{"type":"LineString","coordinates":[[-80.6033545,43.3005647],[-80.6033627,43.3006923]]},"properties":{"kind":"distribution","tier":"distribution","placement":"underground","from":"water-T-111","to":"water-T-126","lengthM":14.22,"sizeMm":200,"diameterIn":7.9,"nominalLabel":"8\" PVC","material":"PVC C900","depthM":1.8,"zone":0,"roadEdge":14,"customers":24,"designPeakHourLps":0.573,"designFireLps":63.38}},{"type":"Feature","id":"water-E283","geometry":{"type":"LineString","coordinates":[[-80.6026283,43.2985857],[-80.6026241,43.2985456],[-80.6026178,43.2984305]]},"properties":{"kind":"distribution","tier":"distribution","placement":"underground","from":"water-T-145","to":"water-T-154","lengthM":17.31,"sizeMm":200,"diameterIn":7.9,"nominalLabel":"8\" cast iron","material":"cast iron","depthM":1.8,"zone":0,"roadEdge":16,"customers":14,"designPeakHourLps":0.363,"designFireLps":34.89}},{"type":"Feature","id":"water-E284","geometry":{"type":"LineString","coordinates":[[-80.6023267,43.3008145],[-80.6023257,43.3008347]]},"properties":{"kind":"distribution","tier":"distribution","placement":"underground","from":"water-T-195","to":"water-T-174","lengthM":2.24,"sizeMm":200,"diameterIn":7.9,"nominalLabel":"8\" PVC","material":"PVC C900","depthM":1.8,"zone":0,"roadEdge":21,"customers":29,"designPeakHourLps":0.601,"designFireLps":63.4}},{"type":"Feature","id":"water-E285","geometry":{"type":"LineString","coordinates":[[-80.6015719,43.2980557],[-80.6015817,43.2980033],[-80.6016057,43.2978855]]},"properties":{"kind":"distribution","tier":"distribution","placement":"underground","from":"water-T-217","to":"water-J-20","lengthM":19.14,"sizeMm":200,"diameterIn":7.9,"nominalLabel":"8\" cast iron","material":"cast iron","depthM":1.8,"zone":0,"roadEdge":23,"customers":15,"designPeakHourLps":0.269,"designFireLps":34.83}},{"type":"Feature","id":"water-E286","geometry":{"type":"LineString","coordinates":[[-80.6013548,43.3009568],[-80.6013533,43.300967]]},"properties":{"kind":"distribution","tier":"distribution","placement":"underground","from":"water-T-257","to":"water-T-237","lengthM":1.15,"sizeMm":200,"diameterIn":7.9,"nominalLabel":"8\" PVC","material":"PVC C900","depthM":1.8,"zone":0,"roadEdge":25,"customers":25,"designPeakHourLps":0.596,"designFireLps":63.4}},{"type":"Feature","id":"water-E287","geometry":{"type":"LineString","coordinates":[[-80.6005313,43.2981122],[-80.6005331,43.2980729],[-80.6005359,43.2980167],[-80.6005385,43.297962]]},"properties":{"kind":"distribution","tier":"trunk","placement":"underground","from":"water-T-545","to":"water-T-544","lengthM":16.72,"sizeMm":300,"diameterIn":11.8,"nominalLabel":"12\" PVC","material":"PVC C900","depthM":1.8,"zone":0,"roadEdge":27,"customers":18,"designPeakHourLps":2.035,"designFireLps":191.36}},{"type":"Feature","id":"water-E288","geometry":{"type":"LineString","coordinates":[[-80.5985303,43.2982948],[-80.5985243,43.2982532]]},"properties":{"kind":"distribution","tier":"distribution","placement":"underground","from":"water-T-396","to":"water-T-379","lengthM":4.66,"sizeMm":200,"diameterIn":7.9,"nominalLabel":"8\" PVC","material":"PVC C900","depthM":1.8,"zone":0,"roadEdge":41,"customers":17,"designPeakHourLps":0.307,"designFireLps":63.2}},{"type":"Feature","id":"water-E289","geometry":{"type":"LineString","coordinates":[[-80.5974069,43.2986126],[-80.5973955,43.2985309]]},"properties":{"kind":"distribution","tier":"distribution","placement":"underground","from":"water-T-452","to":"water-T-444","lengthM":9.15,"sizeMm":200,"diameterIn":7.9,"nominalLabel":"8\" PVC","material":"PVC C900","depthM":1.8,"zone":0,"roadEdge":46,"customers":15,"designPeakHourLps":0.312,"designFireLps":63.21}},{"type":"Feature","id":"water-E290","geometry":{"type":"LineString","coordinates":[[-80.5961715,43.2988548],[-80.5961711,43.2988503]]},"properties":{"kind":"distribution","tier":"distribution","placement":"underground","from":"water-T-513","to":"water-T-507","lengthM":0.49,"sizeMm":200,"diameterIn":7.9,"nominalLabel":"8\" PVC","material":"PVC C900","depthM":1.8,"zone":0,"roadEdge":51,"customers":6,"designPeakHourLps":0.115,"designFireLps":63.08}},{"type":"Feature","id":"water-E291","geometry":{"type":"LineString","coordinates":[[-80.5952954,43.300488],[-80.5952961,43.3004967]]},"properties":{"kind":"distribution","tier":"distribution","placement":"underground","from":"water-T-522","to":"water-T-534","lengthM":0.97,"sizeMm":200,"diameterIn":7.9,"nominalLabel":"8\" PVC","material":"PVC C900","depthM":1.8,"zone":0,"roadEdge":56,"customers":15,"designPeakHourLps":0.287,"designFireLps":63.19}},{"type":"Feature","id":"water-E292","geometry":{"type":"LineString","coordinates":[[-80.5966113,43.3006239],[-80.5966118,43.300626]]},"properties":{"kind":"distribution","tier":"distribution","placement":"underground","from":"water-T-467","to":"water-T-484","lengthM":0.24,"sizeMm":200,"diameterIn":7.9,"nominalLabel":"8\" PVC","material":"PVC C900","depthM":1.8,"zone":0,"roadEdge":48,"customers":26,"designPeakHourLps":0.625,"designFireLps":63.42}},{"type":"Feature","id":"water-E293","geometry":{"type":"LineString","coordinates":[[-80.5977001,43.3006231],[-80.5977148,43.3007211],[-80.597722,43.3007849]]},"properties":{"kind":"distribution","tier":"distribution","placement":"underground","from":"water-T-407","to":"water-T-408","lengthM":18.11,"sizeMm":200,"diameterIn":7.9,"nominalLabel":"8\" PVC","material":"PVC C900","depthM":1.8,"zone":0,"roadEdge":45,"customers":25,"designPeakHourLps":0.511,"designFireLps":63.34}},{"type":"Feature","id":"water-E294","geometry":{"type":"LineString","coordinates":[[-80.5987365,43.3012062],[-80.598734,43.3012227]]},"properties":{"kind":"distribution","tier":"distribution","placement":"underground","from":"water-T-345","to":"water-T-361","lengthM":1.86,"sizeMm":200,"diameterIn":7.9,"nominalLabel":"8\" PVC","material":"PVC C900","depthM":1.8,"zone":0,"roadEdge":37,"customers":25,"designPeakHourLps":0.555,"designFireLps":63.37}},{"type":"Feature","id":"water-E295","geometry":{"type":"LineString","coordinates":[[-80.5996713,43.298271],[-80.5996699,43.29825]]},"properties":{"kind":"distribution","tier":"distribution","placement":"underground","from":"water-T-325","to":"water-T-311","lengthM":2.34,"sizeMm":200,"diameterIn":7.9,"nominalLabel":"8\" PVC","material":"PVC C900","depthM":1.8,"zone":0,"roadEdge":34,"customers":18,"designPeakHourLps":0.494,"designFireLps":63.33}},{"type":"Feature","id":"water-E296","geometry":{"type":"LineString","coordinates":[[-80.5996465,43.3010821],[-80.5996106,43.3012469]]},"properties":{"kind":"distribution","tier":"distribution","placement":"underground","from":"water-T-301","to":"water-T-288","lengthM":18.57,"sizeMm":200,"diameterIn":7.9,"nominalLabel":"8\" PVC","material":"PVC C900","depthM":1.8,"zone":0,"roadEdge":32,"customers":24,"designPeakHourLps":0.431,"designFireLps":63.29}},{"type":"Feature","id":"water-E297","geometry":{"type":"LineString","coordinates":[[-80.5990786,43.3007239],[-80.5990727,43.3007239]]},"properties":{"kind":"distribution","tier":"distribution","placement":"underground","from":"water-T-306","to":"water-T-304","lengthM":0.48,"sizeMm":150,"diameterIn":5.9,"nominalLabel":"6\" cast iron","material":"cast iron","depthM":1.8,"zone":0,"roadEdge":33,"customers":1,"designPeakHourLps":0.008,"designFireLps":34.66}},{"type":"Feature","id":"water-E298","geometry":{"type":"LineString","coordinates":[[-80.6048288,43.298242],[-80.604817,43.2981827],[-80.6047976,43.2980889]]},"properties":{"kind":"distribution","tier":"distribution","placement":"underground","from":"water-T-64","to":"water-T-65","lengthM":17.23,"sizeMm":200,"diameterIn":7.9,"nominalLabel":"8\" PVC","material":"PVC C900","depthM":1.8,"zone":0,"roadEdge":5,"customers":1,"designPeakHourLps":0.031,"designFireLps":63.02}},{"type":"Feature","id":"water-E299","geometry":{"type":"LineString","coordinates":[[-80.6045676,43.3005322],[-80.6045683,43.3005366],[-80.6045898,43.3006675]]},"properties":{"kind":"distribution","tier":"distribution","placement":"underground","from":"water-T-79","to":"water-T-71","lengthM":15.17,"sizeMm":200,"diameterIn":7.9,"nominalLabel":"8\" PVC","material":"PVC C900","depthM":1.8,"zone":0,"roadEdge":7,"customers":8,"designPeakHourLps":0.139,"designFireLps":63.09}},{"type":"Feature","id":"water-E300","geometry":{"type":"LineString","coordinates":[[-80.6037771,43.2987244],[-80.6037766,43.2987217],[-80.6037566,43.2986236]]},"properties":{"kind":"distribution","tier":"distribution","placement":"underground","from":"water-T-95","to":"water-T-87","lengthM":11.34,"sizeMm":200,"diameterIn":7.9,"nominalLabel":"8\" PVC","material":"PVC C900","depthM":1.8,"zone":0,"roadEdge":10,"customers":11,"designPeakHourLps":0.178,"designFireLps":34.77}},{"type":"Feature","id":"water-E301","geometry":{"type":"LineString","coordinates":[[-80.6033627,43.3006923],[-80.6033635,43.3007051]]},"properties":{"kind":"distribution","tier":"distribution","placement":"underground","from":"water-T-126","to":"water-T-112","lengthM":1.43,"sizeMm":200,"diameterIn":7.9,"nominalLabel":"8\" PVC","material":"PVC C900","depthM":1.8,"zone":0,"roadEdge":14,"customers":23,"designPeakHourLps":0.542,"designFireLps":63.36}},{"type":"Feature","id":"water-E302","geometry":{"type":"LineString","coordinates":[[-80.6026178,43.2984305],[-80.6026166,43.2984101]]},"properties":{"kind":"distribution","tier":"distribution","placement":"underground","from":"water-T-154","to":"water-T-146","lengthM":2.27,"sizeMm":200,"diameterIn":7.9,"nominalLabel":"8\" cast iron","material":"cast iron","depthM":1.8,"zone":0,"roadEdge":16,"customers":13,"designPeakHourLps":0.34,"designFireLps":34.88}},{"type":"Feature","id":"water-E303","geometry":{"type":"LineString","coordinates":[[-80.6023257,43.3008347],[-80.6023225,43.3008996],[-80.6023217,43.3009807]]},"properties":{"kind":"distribution","tier":"distribution","placement":"underground","from":"water-T-174","to":"water-T-196","lengthM":16.26,"sizeMm":200,"diameterIn":7.9,"nominalLabel":"8\" PVC","material":"PVC C900","depthM":1.8,"zone":0,"roadEdge":21,"customers":28,"designPeakHourLps":0.585,"designFireLps":63.39}},{"type":"Feature","id":"water-E304","geometry":{"type":"LineString","coordinates":[[-80.6016057,43.2978855],[-80.6018884,43.297851]]},"properties":{"kind":"distribution","tier":"distribution","placement":"underground","from":"water-J-20","to":"water-T-167","lengthM":23.22,"sizeMm":150,"diameterIn":5.9,"nominalLabel":"6\" PVC","material":"PVC C900","depthM":1.8,"zone":0,"roadEdge":20,"customers":6,"designPeakHourLps":0.107,"designFireLps":34.72}},{"type":"Feature","id":"water-E305","geometry":{"type":"LineString","coordinates":[[-80.6016057,43.2978855],[-80.6016183,43.2978234],[-80.601637,43.2977323]]},"properties":{"kind":"distribution","tier":"distribution","placement":"underground","from":"water-J-20","to":"water-T-222","lengthM":17.24,"sizeMm":200,"diameterIn":7.9,"nominalLabel":"8\" PVC","material":"PVC C900","depthM":1.8,"zone":0,"roadEdge":24,"customers":9,"designPeakHourLps":0.162,"designFireLps":63.11}},{"type":"Feature","id":"water-E306","geometry":{"type":"LineString","coordinates":[[-80.6013533,43.300967],[-80.601338,43.3010764],[-80.6013338,43.3011129]]},"properties":{"kind":"distribution","tier":"distribution","placement":"underground","from":"water-T-237","to":"water-T-258","lengthM":16.32,"sizeMm":200,"diameterIn":7.9,"nominalLabel":"8\" PVC","material":"PVC C900","depthM":1.8,"zone":0,"roadEdge":25,"customers":24,"designPeakHourLps":0.572,"designFireLps":63.38}},{"type":"Feature","id":"water-E307","geometry":{"type":"LineString","coordinates":[[-80.6005385,43.297962],[-80.6005386,43.2979605],[-80.6005414,43.2979044],[-80.6005443,43.2978482],[-80.600546,43.2978142]]},"properties":{"kind":"distribution","tier":"trunk","placement":"underground","from":"water-T-544","to":"water-T-543","lengthM":16.47,"sizeMm":300,"diameterIn":11.8,"nominalLabel":"12\" PVC","material":"PVC C900","depthM":1.8,"zone":0,"roadEdge":27,"customers":17,"designPeakHourLps":2.007,"designFireLps":191.34}},{"type":"Feature","id":"water-E308","geometry":{"type":"LineString","coordinates":[[-80.5985243,43.2982532],[-80.59851,43.2981523],[-80.5985053,43.2981199]]},"properties":{"kind":"distribution","tier":"distribution","placement":"underground","from":"water-T-379","to":"water-T-397","lengthM":14.91,"sizeMm":200,"diameterIn":7.9,"nominalLabel":"8\" PVC","material":"PVC C900","depthM":1.8,"zone":0,"roadEdge":41,"customers":16,"designPeakHourLps":0.284,"designFireLps":63.19}},{"type":"Feature","id":"water-E309","geometry":{"type":"LineString","coordinates":[[-80.5973955,43.2985309],[-80.5973928,43.2985119],[-80.5973852,43.298452]]},"properties":{"kind":"distribution","tier":"distribution","placement":"underground","from":"water-T-444","to":"water-T-453","lengthM":8.82,"sizeMm":200,"diameterIn":7.9,"nominalLabel":"8\" PVC","material":"PVC C900","depthM":1.8,"zone":0,"roadEdge":46,"customers":14,"designPeakHourLps":0.288,"designFireLps":63.19}},{"type":"Feature","id":"water-E310","geometry":{"type":"LineString","coordinates":[[-80.5961711,43.2988503],[-80.5961593,43.2987111]]},"properties":{"kind":"distribution","tier":"distribution","placement":"underground","from":"water-T-507","to":"water-T-506","lengthM":15.53,"sizeMm":200,"diameterIn":7.9,"nominalLabel":"8\" PVC","material":"PVC C900","depthM":1.8,"zone":0,"roadEdge":51,"customers":5,"designPeakHourLps":0.108,"designFireLps":63.07}},{"type":"Feature","id":"water-E311","geometry":{"type":"LineString","coordinates":[[-80.5952961,43.3004967],[-80.5952998,43.3005406],[-80.5953106,43.3006282]]},"properties":{"kind":"distribution","tier":"distribution","placement":"underground","from":"water-T-534","to":"water-T-521","lengthM":14.69,"sizeMm":200,"diameterIn":7.9,"nominalLabel":"8\" PVC","material":"PVC C900","depthM":1.8,"zone":0,"roadEdge":56,"customers":14,"designPeakHourLps":0.272,"designFireLps":63.18}},{"type":"Feature","id":"water-E312","geometry":{"type":"LineString","coordinates":[[-80.5966118,43.300626],[-80.5966303,43.3007109],[-80.5966438,43.3007724]]},"properties":{"kind":"distribution","tier":"distribution","placement":"underground","from":"water-T-484","to":"water-T-468","lengthM":16.49,"sizeMm":200,"diameterIn":7.9,"nominalLabel":"8\" PVC","material":"PVC C900","depthM":1.8,"zone":0,"roadEdge":48,"customers":25,"designPeakHourLps":0.594,"designFireLps":63.4}},{"type":"Feature","id":"water-E313","geometry":{"type":"LineString","coordinates":[[-80.597722,43.3007849],[-80.5977226,43.3007898]]},"properties":{"kind":"distribution","tier":"distribution","placement":"underground","from":"water-T-408","to":"water-T-426","lengthM":0.54,"sizeMm":200,"diameterIn":7.9,"nominalLabel":"8\" PVC","material":"PVC C900","depthM":1.8,"zone":0,"roadEdge":45,"customers":24,"designPeakHourLps":0.488,"designFireLps":63.33}},{"type":"Feature","id":"water-E314","geometry":{"type":"LineString","coordinates":[[-80.598734,43.3012227],[-80.5987297,43.3012513],[-80.5987102,43.3013589]]},"properties":{"kind":"distribution","tier":"distribution","placement":"underground","from":"water-T-361","to":"water-T-346","lengthM":15.28,"sizeMm":200,"diameterIn":7.9,"nominalLabel":"8\" PVC","material":"PVC C900","depthM":1.8,"zone":0,"roadEdge":37,"customers":24,"designPeakHourLps":0.524,"designFireLps":63.35}},{"type":"Feature","id":"water-E315","geometry":{"type":"LineString","coordinates":[[-80.5996699,43.29825],[-80.5996634,43.2981541],[-80.5996586,43.2981025]]},"properties":{"kind":"distribution","tier":"distribution","placement":"underground","from":"water-T-311","to":"water-T-312","lengthM":16.44,"sizeMm":200,"diameterIn":7.9,"nominalLabel":"8\" PVC","material":"PVC C900","depthM":1.8,"zone":0,"roadEdge":34,"customers":17,"designPeakHourLps":0.478,"designFireLps":63.32}},{"type":"Feature","id":"water-E316","geometry":{"type":"LineString","coordinates":[[-80.5996106,43.3012469],[-80.5996099,43.30125],[-80.599609,43.301254]]},"properties":{"kind":"distribution","tier":"distribution","placement":"underground","from":"water-T-288","to":"water-T-300","lengthM":0.81,"sizeMm":200,"diameterIn":7.9,"nominalLabel":"8\" PVC","material":"PVC C900","depthM":1.8,"zone":0,"roadEdge":32,"customers":23,"designPeakHourLps":0.423,"designFireLps":63.28}},{"type":"Feature","id":"water-E317","geometry":{"type":"LineString","coordinates":[[-80.6045898,43.3006675],[-80.6045929,43.3006867]]},"properties":{"kind":"distribution","tier":"distribution","placement":"underground","from":"water-T-71","to":"water-T-78","lengthM":2.16,"sizeMm":200,"diameterIn":7.9,"nominalLabel":"8\" PVC","material":"PVC C900","depthM":1.8,"zone":0,"roadEdge":7,"customers":7,"designPeakHourLps":0.131,"designFireLps":63.09}},{"type":"Feature","id":"water-E318","geometry":{"type":"LineString","coordinates":[[-80.6037566,43.2986236],[-80.6037443,43.2985634]]},"properties":{"kind":"distribution","tier":"distribution","placement":"underground","from":"water-T-87","to":"water-T-96","lengthM":6.78,"sizeMm":200,"diameterIn":7.9,"nominalLabel":"8\" PVC","material":"PVC C900","depthM":1.8,"zone":0,"roadEdge":10,"customers":10,"designPeakHourLps":0.156,"designFireLps":34.75}},{"type":"Feature","id":"water-E319","geometry":{"type":"LineString","coordinates":[[-80.6033635,43.3007051],[-80.6033646,43.3007232],[-80.6033765,43.3008436]]},"properties":{"kind":"distribution","tier":"distribution","placement":"underground","from":"water-T-112","to":"water-T-127","lengthM":15.45,"sizeMm":200,"diameterIn":7.9,"nominalLabel":"8\" PVC","material":"PVC C900","depthM":1.8,"zone":0,"roadEdge":14,"customers":22,"designPeakHourLps":0.519,"designFireLps":63.35}},{"type":"Feature","id":"water-E320","geometry":{"type":"LineString","coordinates":[[-80.6026166,43.2984101],[-80.6026143,43.2983675],[-80.6026141,43.2982533]]},"properties":{"kind":"distribution","tier":"distribution","placement":"underground","from":"water-T-146","to":"water-T-155","lengthM":17.45,"sizeMm":200,"diameterIn":7.9,"nominalLabel":"8\" cast iron","material":"cast iron","depthM":1.8,"zone":0,"roadEdge":16,"customers":12,"designPeakHourLps":0.317,"designFireLps":34.86}},{"type":"Feature","id":"water-E321","geometry":{"type":"LineString","coordinates":[[-80.6023217,43.3009807],[-80.6023217,43.3009861]]},"properties":{"kind":"distribution","tier":"distribution","placement":"underground","from":"water-T-196","to":"water-T-175","lengthM":0.6,"sizeMm":200,"diameterIn":7.9,"nominalLabel":"8\" PVC","material":"PVC C900","depthM":1.8,"zone":0,"roadEdge":21,"customers":27,"designPeakHourLps":0.562,"designFireLps":63.38}},{"type":"Feature","id":"water-E322","geometry":{"type":"LineString","coordinates":[[-80.6018884,43.297851],[-80.6018955,43.297851]]},"properties":{"kind":"distribution","tier":"distribution","placement":"underground","from":"water-T-167","to":"water-T-164","lengthM":0.58,"sizeMm":150,"diameterIn":5.9,"nominalLabel":"6\" PVC","material":"PVC C900","depthM":1.8,"zone":0,"roadEdge":20,"customers":5,"designPeakHourLps":0.084,"designFireLps":34.71}},{"type":"Feature","id":"water-E323","geometry":{"type":"LineString","coordinates":[[-80.601637,43.2977323],[-80.6016552,43.2976439],[-80.6016681,43.2975769]]},"properties":{"kind":"distribution","tier":"distribution","placement":"underground","from":"water-T-222","to":"water-T-223","lengthM":17.49,"sizeMm":200,"diameterIn":7.9,"nominalLabel":"8\" PVC","material":"PVC C900","depthM":1.8,"zone":0,"roadEdge":24,"customers":8,"designPeakHourLps":0.139,"designFireLps":63.09}},{"type":"Feature","id":"water-E324","geometry":{"type":"LineString","coordinates":[[-80.6013338,43.3011129],[-80.6013306,43.3011415]]},"properties":{"kind":"distribution","tier":"distribution","placement":"underground","from":"water-T-258","to":"water-T-238","lengthM":3.19,"sizeMm":200,"diameterIn":7.9,"nominalLabel":"8\" PVC","material":"PVC C900","depthM":1.8,"zone":0,"roadEdge":25,"customers":23,"designPeakHourLps":0.565,"designFireLps":63.38}},{"type":"Feature","id":"water-E325","geometry":{"type":"LineString","coordinates":[[-80.600546,43.2978142],[-80.6005472,43.297792],[-80.6005502,43.2977358],[-80.6005533,43.2976796],[-80.6005535,43.2976752]]},"properties":{"kind":"distribution","tier":"trunk","placement":"underground","from":"water-T-543","to":"water-T-561","lengthM":15.49,"sizeMm":300,"diameterIn":11.8,"nominalLabel":"12\" PVC","material":"PVC C900","depthM":1.8,"zone":0,"roadEdge":27,"customers":16,"designPeakHourLps":1.979,"designFireLps":191.32}},{"type":"Feature","id":"water-E326","geometry":{"type":"LineString","coordinates":[[-80.5985053,43.2981199],[-80.5984993,43.2980781]]},"properties":{"kind":"distribution","tier":"distribution","placement":"underground","from":"water-T-397","to":"water-T-380","lengthM":4.68,"sizeMm":200,"diameterIn":7.9,"nominalLabel":"8\" PVC","material":"PVC C900","depthM":1.8,"zone":0,"roadEdge":41,"customers":15,"designPeakHourLps":0.269,"designFireLps":63.18}},{"type":"Feature","id":"water-E327","geometry":{"type":"LineString","coordinates":[[-80.5973852,43.298452],[-80.5973762,43.2983819]]},"properties":{"kind":"distribution","tier":"distribution","placement":"underground","from":"water-T-453","to":"water-T-445","lengthM":7.83,"sizeMm":200,"diameterIn":7.9,"nominalLabel":"8\" PVC","material":"PVC C900","depthM":1.8,"zone":0,"roadEdge":46,"customers":13,"designPeakHourLps":0.257,"designFireLps":63.17}},{"type":"Feature","id":"water-E328","geometry":{"type":"LineString","coordinates":[[-80.5961593,43.2987111],[-80.5961582,43.2986993]]},"properties":{"kind":"distribution","tier":"distribution","placement":"underground","from":"water-T-506","to":"water-T-512","lengthM":1.32,"sizeMm":200,"diameterIn":7.9,"nominalLabel":"8\" PVC","material":"PVC C900","depthM":1.8,"zone":0,"roadEdge":51,"customers":4,"designPeakHourLps":0.053,"designFireLps":63.04}},{"type":"Feature","id":"water-E329","geometry":{"type":"LineString","coordinates":[[-80.5953106,43.3006282],[-80.5953144,43.3006594]]},"properties":{"kind":"distribution","tier":"distribution","placement":"underground","from":"water-T-521","to":"water-T-533","lengthM":3.49,"sizeMm":200,"diameterIn":7.9,"nominalLabel":"8\" PVC","material":"PVC C900","depthM":1.8,"zone":0,"roadEdge":56,"customers":13,"designPeakHourLps":0.257,"designFireLps":63.17}},{"type":"Feature","id":"water-E330","geometry":{"type":"LineString","coordinates":[[-80.5966438,43.3007724],[-80.5966442,43.3007745]]},"properties":{"kind":"distribution","tier":"distribution","placement":"underground","from":"water-T-468","to":"water-T-485","lengthM":0.24,"sizeMm":200,"diameterIn":7.9,"nominalLabel":"8\" PVC","material":"PVC C900","depthM":1.8,"zone":0,"roadEdge":48,"customers":24,"designPeakHourLps":0.555,"designFireLps":63.37}},{"type":"Feature","id":"water-E331","geometry":{"type":"LineString","coordinates":[[-80.5977226,43.3007898],[-80.597735,43.3008996],[-80.597739,43.3009533]]},"properties":{"kind":"distribution","tier":"distribution","placement":"underground","from":"water-T-426","to":"water-T-409","lengthM":18.25,"sizeMm":200,"diameterIn":7.9,"nominalLabel":"8\" PVC","material":"PVC C900","depthM":1.8,"zone":0,"roadEdge":45,"customers":23,"designPeakHourLps":0.473,"designFireLps":63.32}},{"type":"Feature","id":"water-E332","geometry":{"type":"LineString","coordinates":[[-80.5987102,43.3013589],[-80.598708,43.3013713]]},"properties":{"kind":"distribution","tier":"distribution","placement":"underground","from":"water-T-346","to":"water-T-362","lengthM":1.4,"sizeMm":200,"diameterIn":7.9,"nominalLabel":"8\" PVC","material":"PVC C900","depthM":1.8,"zone":0,"roadEdge":37,"customers":23,"designPeakHourLps":0.485,"designFireLps":63.32}},{"type":"Feature","id":"water-E333","geometry":{"type":"LineString","coordinates":[[-80.5996586,43.2981025],[-80.5996467,43.2979765]]},"properties":{"kind":"distribution","tier":"distribution","placement":"underground","from":"water-T-312","to":"water-T-626","lengthM":14.06,"sizeMm":200,"diameterIn":7.9,"nominalLabel":"8\" PVC","material":"PVC C900","depthM":1.8,"zone":0,"roadEdge":34,"customers":16,"designPeakHourLps":0.462,"designFireLps":63.31}},{"type":"Feature","id":"water-E334","geometry":{"type":"LineString","coordinates":[[-80.599609,43.301254],[-80.5995758,43.3014122]]},"properties":{"kind":"distribution","tier":"distribution","placement":"underground","from":"water-T-300","to":"water-T-287","lengthM":17.81,"sizeMm":200,"diameterIn":7.9,"nominalLabel":"8\" PVC","material":"PVC C900","depthM":1.8,"zone":0,"roadEdge":32,"customers":22,"designPeakHourLps":0.415,"designFireLps":63.28}},{"type":"Feature","id":"water-E335","geometry":{"type":"LineString","coordinates":[[-80.6045929,43.3006867],[-80.6045977,43.3007159],[-80.6046156,43.3008204]]},"properties":{"kind":"distribution","tier":"distribution","placement":"underground","from":"water-T-78","to":"water-T-70","lengthM":15.0,"sizeMm":200,"diameterIn":7.9,"nominalLabel":"8\" PVC","material":"PVC C900","depthM":1.8,"zone":0,"roadEdge":7,"customers":6,"designPeakHourLps":0.116,"designFireLps":63.08}},{"type":"Feature","id":"water-E336","geometry":{"type":"LineString","coordinates":[[-80.6037443,43.2985634],[-80.60374,43.2985422],[-80.6037274,43.2984759]]},"properties":{"kind":"distribution","tier":"distribution","placement":"underground","from":"water-T-96","to":"water-T-88","lengthM":9.84,"sizeMm":200,"diameterIn":7.9,"nominalLabel":"8\" PVC","material":"PVC C900","depthM":1.8,"zone":0,"roadEdge":10,"customers":9,"designPeakHourLps":0.14,"designFireLps":34.74}},{"type":"Feature","id":"water-E337","geometry":{"type":"LineString","coordinates":[[-80.6033765,43.3008436],[-80.6033783,43.3008627]]},"properties":{"kind":"distribution","tier":"distribution","placement":"underground","from":"water-T-127","to":"water-T-113","lengthM":2.13,"sizeMm":200,"diameterIn":7.9,"nominalLabel":"8\" PVC","material":"PVC C900","depthM":1.8,"zone":0,"roadEdge":14,"customers":21,"designPeakHourLps":0.48,"designFireLps":63.32}},{"type":"Feature","id":"water-E338","geometry":{"type":"LineString","coordinates":[[-80.6026141,43.2982533],[-80.602614,43.2982419]]},"properties":{"kind":"distribution","tier":"distribution","placement":"underground","from":"water-T-155","to":"water-T-147","lengthM":1.26,"sizeMm":200,"diameterIn":7.9,"nominalLabel":"8\" cast iron","material":"cast iron","depthM":1.8,"zone":0,"roadEdge":16,"customers":11,"designPeakHourLps":0.294,"designFireLps":34.85}},{"type":"Feature","id":"water-E339","geometry":{"type":"LineString","coordinates":[[-80.6023217,43.3009861],[-80.6023208,43.3010804],[-80.6023226,43.3011434]]},"properties":{"kind":"distribution","tier":"distribution","placement":"underground","from":"water-T-175","to":"water-T-176","lengthM":17.51,"sizeMm":200,"diameterIn":7.9,"nominalLabel":"8\" PVC","material":"PVC C900","depthM":1.8,"zone":0,"roadEdge":21,"customers":26,"designPeakHourLps":0.555,"designFireLps":63.37}},{"type":"Feature","id":"water-E340","geometry":{"type":"LineString","coordinates":[[-80.6018955,43.297851],[-80.6021259,43.297851]]},"properties":{"kind":"distribution","tier":"distribution","placement":"underground","from":"water-T-164","to":"water-T-163","lengthM":18.66,"sizeMm":150,"diameterIn":5.9,"nominalLabel":"6\" PVC","material":"PVC C900","depthM":1.8,"zone":0,"roadEdge":20,"customers":4,"designPeakHourLps":0.061,"designFireLps":34.69}},{"type":"Feature","id":"water-E341","geometry":{"type":"LineString","coordinates":[[-80.6016681,43.2975769],[-80.6016898,43.2974647],[-80.6016947,43.2974357]]},"properties":{"kind":"distribution","tier":"distribution","placement":"underground","from":"water-T-223","to":"water-T-227","lengthM":15.86,"sizeMm":200,"diameterIn":7.9,"nominalLabel":"8\" PVC","material":"PVC C900","depthM":1.8,"zone":0,"roadEdge":24,"customers":7,"designPeakHourLps":0.124,"designFireLps":63.08}},{"type":"Feature","id":"water-E342","geometry":{"type":"LineString","coordinates":[[-80.6013306,43.3011415],[-80.6013174,43.3012569],[-80.6013161,43.3012735]]},"properties":{"kind":"distribution","tier":"distribution","placement":"underground","from":"water-T-238","to":"water-T-259","lengthM":14.75,"sizeMm":200,"diameterIn":7.9,"nominalLabel":"8\" PVC","material":"PVC C900","depthM":1.8,"zone":0,"roadEdge":25,"customers":22,"designPeakHourLps":0.542,"designFireLps":63.36}},{"type":"Feature","id":"water-E343","geometry":{"type":"LineString","coordinates":[[-80.6005535,43.2976752],[-80.6005538,43.2976709]]},"properties":{"kind":"distribution","tier":"trunk","placement":"underground","from":"water-T-561","to":"water-T-542","lengthM":0.48,"sizeMm":300,"diameterIn":11.8,"nominalLabel":"12\" PVC","material":"PVC C900","depthM":1.8,"zone":0,"roadEdge":27,"customers":15,"designPeakHourLps":1.951,"designFireLps":191.3}},{"type":"Feature","id":"water-E344","geometry":{"type":"LineString","coordinates":[[-80.5984993,43.2980781],[-80.5984841,43.2979727],[-80.5984799,43.297943]]},"properties":{"kind":"distribution","tier":"distribution","placement":"underground","from":"water-T-380","to":"water-T-398","lengthM":15.12,"sizeMm":200,"diameterIn":7.9,"nominalLabel":"8\" PVC","material":"PVC C900","depthM":1.8,"zone":0,"roadEdge":41,"customers":14,"designPeakHourLps":0.253,"designFireLps":63.17}},{"type":"Feature","id":"water-E345","geometry":{"type":"LineString","coordinates":[[-80.5973762,43.2983819],[-80.5973699,43.2983327],[-80.5973648,43.2982858]]},"properties":{"kind":"distribution","tier":"distribution","placement":"underground","from":"water-T-445","to":"water-T-454","lengthM":10.75,"sizeMm":200,"diameterIn":7.9,"nominalLabel":"8\" PVC","material":"PVC C900","depthM":1.8,"zone":0,"roadEdge":46,"customers":12,"designPeakHourLps":0.242,"designFireLps":63.16}},{"type":"Feature","id":"water-E346","geometry":{"type":"LineString","coordinates":[[-80.5961582,43.2986993],[-80.5961581,43.2986976],[-80.5961497,43.2985511]]},"properties":{"kind":"distribution","tier":"distribution","placement":"underground","from":"water-T-512","to":"water-T-505","lengthM":16.51,"sizeMm":200,"diameterIn":7.9,"nominalLabel":"8\" PVC","material":"PVC C900","depthM":1.8,"zone":0,"roadEdge":51,"customers":3,"designPeakHourLps":0.046,"designFireLps":63.03}},{"type":"Feature","id":"water-E347","geometry":{"type":"LineString","coordinates":[[-80.5953144,43.3006594],[-80.5953221,43.3007213],[-80.5953323,43.3007861]]},"properties":{"kind":"distribution","tier":"distribution","placement":"underground","from":"water-T-533","to":"water-T-520","lengthM":14.18,"sizeMm":200,"diameterIn":7.9,"nominalLabel":"8\" PVC","material":"PVC C900","depthM":1.8,"zone":0,"roadEdge":56,"customers":12,"designPeakHourLps":0.242,"designFireLps":63.16}},{"type":"Feature","id":"water-E348","geometry":{"type":"LineString","coordinates":[[-80.5966442,43.3007745],[-80.5966696,43.3008907],[-80.5966759,43.300921]]},"properties":{"kind":"distribution","tier":"distribution","placement":"underground","from":"water-T-485","to":"water-T-486","lengthM":16.51,"sizeMm":200,"diameterIn":7.9,"nominalLabel":"8\" PVC","material":"PVC C900","depthM":1.8,"zone":0,"roadEdge":48,"customers":23,"designPeakHourLps":0.54,"designFireLps":63.36}},{"type":"Feature","id":"water-E349","geometry":{"type":"LineString","coordinates":[[-80.597739,43.3009533],[-80.5977395,43.3009606]]},"properties":{"kind":"distribution","tier":"distribution","placement":"underground","from":"water-T-409","to":"water-T-427","lengthM":0.81,"sizeMm":200,"diameterIn":7.9,"nominalLabel":"8\" PVC","material":"PVC C900","depthM":1.8,"zone":0,"roadEdge":45,"customers":22,"designPeakHourLps":0.465,"designFireLps":63.31}},{"type":"Feature","id":"water-E350","geometry":{"type":"LineString","coordinates":[[-80.598708,43.3013713],[-80.5986973,43.3014303],[-80.5986836,43.3014982]]},"properties":{"kind":"distribution","tier":"distribution","placement":"underground","from":"water-T-362","to":"water-T-347","lengthM":14.26,"sizeMm":200,"diameterIn":7.9,"nominalLabel":"8\" PVC","material":"PVC C900","depthM":1.8,"zone":0,"roadEdge":37,"customers":22,"designPeakHourLps":0.478,"designFireLps":63.32}},{"type":"Feature","id":"water-E351","geometry":{"type":"LineString","coordinates":[[-80.5996467,43.2979765],[-80.5996465,43.2979737],[-80.599644,43.2979527]]},"properties":{"kind":"distribution","tier":"distribution","placement":"underground","from":"water-T-626","to":"water-T-313","lengthM":2.66,"sizeMm":200,"diameterIn":7.9,"nominalLabel":"8\" PVC","material":"PVC C900","depthM":1.8,"zone":0,"roadEdge":34,"customers":16,"designPeakHourLps":0.462,"designFireLps":63.31}},{"type":"Feature","id":"water-E352","geometry":{"type":"LineString","coordinates":[[-80.5995758,43.3014122],[-80.599572,43.30143],[-80.5995716,43.3014321]]},"properties":{"kind":"distribution","tier":"distribution","placement":"underground","from":"water-T-287","to":"water-T-299","lengthM":2.24,"sizeMm":200,"diameterIn":7.9,"nominalLabel":"8\" PVC","material":"PVC C900","depthM":1.8,"zone":0,"roadEdge":32,"customers":21,"designPeakHourLps":0.385,"designFireLps":63.26}},{"type":"Feature","id":"water-E353","geometry":{"type":"LineString","coordinates":[[-80.6046156,43.3008204],[-80.6046183,43.3008363]]},"properties":{"kind":"distribution","tier":"distribution","placement":"underground","from":"water-T-70","to":"water-T-77","lengthM":1.78,"sizeMm":200,"diameterIn":7.9,"nominalLabel":"8\" PVC","material":"PVC C900","depthM":1.8,"zone":0,"roadEdge":7,"customers":5,"designPeakHourLps":0.092,"designFireLps":63.06}},{"type":"Feature","id":"water-E354","geometry":{"type":"LineString","coordinates":[[-80.6037274,43.2984759],[-80.6037129,43.2983993]]},"properties":{"kind":"distribution","tier":"distribution","placement":"underground","from":"water-T-88","to":"water-T-97","lengthM":8.6,"sizeMm":200,"diameterIn":7.9,"nominalLabel":"8\" PVC","material":"PVC C900","depthM":1.8,"zone":0,"roadEdge":10,"customers":8,"designPeakHourLps":0.124,"designFireLps":34.73}},{"type":"Feature","id":"water-E355","geometry":{"type":"LineString","coordinates":[[-80.6033783,43.3008627],[-80.6033824,43.3009038],[-80.6033947,43.3009999]]},"properties":{"kind":"distribution","tier":"distribution","placement":"underground","from":"water-T-113","to":"water-T-128","lengthM":15.33,"sizeMm":200,"diameterIn":7.9,"nominalLabel":"8\" PVC","material":"PVC C900","depthM":1.8,"zone":0,"roadEdge":14,"customers":20,"designPeakHourLps":0.465,"designFireLps":63.31}},{"type":"Feature","id":"water-E356","geometry":{"type":"LineString","coordinates":[[-80.602614,43.2982419],[-80.6026139,43.2981894],[-80.602623,43.298012],[-80.602641,43.2978959]]},"properties":{"kind":"distribution","tier":"distribution","placement":"underground","from":"water-T-147","to":"water-J-17","lengthM":38.61,"sizeMm":200,"diameterIn":7.9,"nominalLabel":"8\" cast iron","material":"cast iron","depthM":1.8,"zone":0,"roadEdge":16,"customers":10,"designPeakHourLps":0.278,"designFireLps":34.84}},{"type":"Feature","id":"water-E357","geometry":{"type":"LineString","coordinates":[[-80.6023226,43.3011434],[-80.6023228,43.3011474]]},"properties":{"kind":"distribution","tier":"distribution","placement":"underground","from":"water-T-176","to":"water-T-197","lengthM":0.45,"sizeMm":200,"diameterIn":7.9,"nominalLabel":"8\" PVC","material":"PVC C900","depthM":1.8,"zone":0,"roadEdge":21,"customers":25,"designPeakHourLps":0.547,"designFireLps":63.36}},{"type":"Feature","id":"water-E358","geometry":{"type":"LineString","coordinates":[[-80.6021259,43.297851],[-80.6021308,43.297851]]},"properties":{"kind":"distribution","tier":"distribution","placement":"underground","from":"water-T-163","to":"water-T-166","lengthM":0.4,"sizeMm":150,"diameterIn":5.9,"nominalLabel":"6\" PVC","material":"PVC C900","depthM":1.8,"zone":0,"roadEdge":20,"customers":3,"designPeakHourLps":0.038,"designFireLps":34.68}},{"type":"Feature","id":"water-E359","geometry":{"type":"LineString","coordinates":[[-80.6016947,43.2974357],[-80.6016962,43.2974265]]},"properties":{"kind":"distribution","tier":"distribution","placement":"underground","from":"water-T-227","to":"water-T-224","lengthM":1.03,"sizeMm":200,"diameterIn":7.9,"nominalLabel":"8\" PVC","material":"PVC C900","depthM":1.8,"zone":0,"roadEdge":24,"customers":6,"designPeakHourLps":0.116,"designFireLps":63.08}},{"type":"Feature","id":"water-E360","geometry":{"type":"LineString","coordinates":[[-80.6013161,43.3012735],[-80.601313,43.3013106]]},"properties":{"kind":"distribution","tier":"distribution","placement":"underground","from":"water-T-259","to":"water-T-239","lengthM":4.14,"sizeMm":200,"diameterIn":7.9,"nominalLabel":"8\" PVC","material":"PVC C900","depthM":1.8,"zone":0,"roadEdge":25,"customers":21,"designPeakHourLps":0.495,"designFireLps":63.33}},{"type":"Feature","id":"water-E361","geometry":{"type":"LineString","coordinates":[[-80.6005538,43.2976709],[-80.6005565,43.2976235],[-80.6005596,43.2975673],[-80.6005623,43.297522]]},"properties":{"kind":"distribution","tier":"trunk","placement":"underground","from":"water-T-542","to":"water-T-560","lengthM":16.59,"sizeMm":300,"diameterIn":11.8,"nominalLabel":"12\" PVC","material":"PVC C900","depthM":1.8,"zone":0,"roadEdge":27,"customers":14,"designPeakHourLps":1.924,"designFireLps":191.28}},{"type":"Feature","id":"water-E362","geometry":{"type":"LineString","coordinates":[[-80.5984799,43.297943],[-80.5984763,43.297917]]},"properties":{"kind":"distribution","tier":"distribution","placement":"underground","from":"water-T-398","to":"water-T-381","lengthM":2.91,"sizeMm":200,"diameterIn":7.9,"nominalLabel":"8\" PVC","material":"PVC C900","depthM":1.8,"zone":0,"roadEdge":41,"customers":13,"designPeakHourLps":0.237,"designFireLps":63.16}},{"type":"Feature","id":"water-E363","geometry":{"type":"LineString","coordinates":[[-80.5973648,43.2982858],[-80.5973592,43.2982352]]},"properties":{"kind":"distribution","tier":"distribution","placement":"underground","from":"water-T-454","to":"water-T-446","lengthM":5.65,"sizeMm":200,"diameterIn":7.9,"nominalLabel":"8\" PVC","material":"PVC C900","depthM":1.8,"zone":0,"roadEdge":46,"customers":11,"designPeakHourLps":0.234,"designFireLps":63.16}},{"type":"Feature","id":"water-E364","geometry":{"type":"LineString","coordinates":[[-80.5961497,43.2985511],[-80.5961494,43.2985451]]},"properties":{"kind":"distribution","tier":"distribution","placement":"underground","from":"water-T-505","to":"water-T-511","lengthM":0.67,"sizeMm":200,"diameterIn":7.9,"nominalLabel":"8\" PVC","material":"PVC C900","depthM":1.8,"zone":0,"roadEdge":51,"customers":2,"designPeakHourLps":0.031,"designFireLps":63.02}},{"type":"Feature","id":"water-E365","geometry":{"type":"LineString","coordinates":[[-80.5953323,43.3007861],[-80.5953353,43.3008055]]},"properties":{"kind":"distribution","tier":"distribution","placement":"underground","from":"water-T-520","to":"water-T-532","lengthM":2.17,"sizeMm":200,"diameterIn":7.9,"nominalLabel":"8\" PVC","material":"PVC C900","depthM":1.8,"zone":0,"roadEdge":56,"customers":11,"designPeakHourLps":0.234,"designFireLps":63.16}},{"type":"Feature","id":"water-E366","geometry":{"type":"LineString","coordinates":[[-80.5966759,43.300921],[-80.5966766,43.3009244]]},"properties":{"kind":"distribution","tier":"distribution","placement":"underground","from":"water-T-486","to":"water-T-469","lengthM":0.39,"sizeMm":200,"diameterIn":7.9,"nominalLabel":"8\" PVC","material":"PVC C900","depthM":1.8,"zone":0,"roadEdge":48,"customers":22,"designPeakHourLps":0.532,"designFireLps":63.35}},{"type":"Feature","id":"water-E367","geometry":{"type":"LineString","coordinates":[[-80.5977395,43.3009606],[-80.5977481,43.3010781],[-80.5977496,43.3011256]]},"properties":{"kind":"distribution","tier":"distribution","placement":"underground","from":"water-T-427","to":"water-T-410","lengthM":18.39,"sizeMm":200,"diameterIn":7.9,"nominalLabel":"8\" PVC","material":"PVC C900","depthM":1.8,"zone":0,"roadEdge":45,"customers":21,"designPeakHourLps":0.458,"designFireLps":63.31}},{"type":"Feature","id":"water-E368","geometry":{"type":"LineString","coordinates":[[-80.5986836,43.3014982],[-80.5986788,43.301522]]},"properties":{"kind":"distribution","tier":"distribution","placement":"underground","from":"water-T-347","to":"water-T-363","lengthM":2.68,"sizeMm":200,"diameterIn":7.9,"nominalLabel":"8\" PVC","material":"PVC C900","depthM":1.8,"zone":0,"roadEdge":37,"customers":21,"designPeakHourLps":0.44,"designFireLps":63.29}},{"type":"Feature","id":"water-E369","geometry":{"type":"LineString","coordinates":[[-80.599644,43.2979527],[-80.5996267,43.2978033]]},"properties":{"kind":"distribution","tier":"distribution","placement":"underground","from":"water-T-313","to":"water-T-314","lengthM":16.69,"sizeMm":200,"diameterIn":7.9,"nominalLabel":"8\" PVC","material":"PVC C900","depthM":1.8,"zone":0,"roadEdge":34,"customers":15,"designPeakHourLps":0.408,"designFireLps":63.27}},{"type":"Feature","id":"water-E370","geometry":{"type":"LineString","coordinates":[[-80.5995716,43.3014321],[-80.599544,43.3015752]]},"properties":{"kind":"distribution","tier":"distribution","placement":"underground","from":"water-T-299","to":"water-T-286","lengthM":16.09,"sizeMm":200,"diameterIn":7.9,"nominalLabel":"8\" PVC","material":"PVC C900","depthM":1.8,"zone":0,"roadEdge":32,"customers":20,"designPeakHourLps":0.377,"designFireLps":63.25}},{"type":"Feature","id":"water-E371","geometry":{"type":"LineString","coordinates":[[-80.6046183,43.3008363],[-80.6046284,43.3008955],[-80.6046401,43.3009648]]},"properties":{"kind":"distribution","tier":"distribution","placement":"underground","from":"water-T-77","to":"water-T-69","lengthM":14.42,"sizeMm":200,"diameterIn":7.9,"nominalLabel":"8\" PVC","material":"PVC C900","depthM":1.8,"zone":0,"roadEdge":7,"customers":4,"designPeakHourLps":0.069,"designFireLps":63.05}},{"type":"Feature","id":"water-E372","geometry":{"type":"LineString","coordinates":[[-80.6037129,43.2983993],[-80.603706,43.2983632],[-80.6036998,43.298325]]},"properties":{"kind":"distribution","tier":"distribution","placement":"underground","from":"water-T-97","to":"water-T-89","lengthM":8.34,"sizeMm":200,"diameterIn":7.9,"nominalLabel":"8\" PVC","material":"PVC C900","depthM":1.8,"zone":0,"roadEdge":10,"customers":7,"designPeakHourLps":0.094,"designFireLps":34.71}},{"type":"Feature","id":"water-E373","geometry":{"type":"LineString","coordinates":[[-80.6033947,43.3009999],[-80.603397,43.3010179]]},"properties":{"kind":"distribution","tier":"distribution","placement":"underground","from":"water-T-128","to":"water-T-114","lengthM":2.01,"sizeMm":200,"diameterIn":7.9,"nominalLabel":"8\" PVC","material":"PVC C900","depthM":1.8,"zone":0,"roadEdge":14,"customers":19,"designPeakHourLps":0.457,"designFireLps":63.3}},{"type":"Feature","id":"water-E374","geometry":{"type":"LineString","coordinates":[[-80.602641,43.2978959],[-80.6026411,43.2978314],[-80.6026524,43.2977524]]},"properties":{"kind":"distribution","tier":"distribution","placement":"underground","from":"water-J-17","to":"water-J-16","lengthM":16.03,"sizeMm":200,"diameterIn":7.9,"nominalLabel":"8\" PVC","material":"PVC C900","depthM":1.8,"zone":0,"roadEdge":19,"customers":10,"designPeakHourLps":0.278,"designFireLps":34.84}},{"type":"Feature","id":"water-E375","geometry":{"type":"LineString","coordinates":[[-80.6023228,43.3011474],[-80.6023261,43.3012612],[-80.6023284,43.3012961]]},"properties":{"kind":"distribution","tier":"distribution","placement":"underground","from":"water-T-197","to":"water-T-177","lengthM":16.56,"sizeMm":200,"diameterIn":7.9,"nominalLabel":"8\" PVC","material":"PVC C900","depthM":1.8,"zone":0,"roadEdge":21,"customers":24,"designPeakHourLps":0.532,"designFireLps":63.35}},{"type":"Feature","id":"water-E376","geometry":{"type":"LineString","coordinates":[[-80.6021308,43.297851],[-80.6023536,43.297851]]},"properties":{"kind":"distribution","tier":"distribution","placement":"underground","from":"water-T-166","to":"water-T-162","lengthM":18.05,"sizeMm":150,"diameterIn":5.9,"nominalLabel":"6\" PVC","material":"PVC C900","depthM":1.8,"zone":0,"roadEdge":20,"customers":2,"designPeakHourLps":0.023,"designFireLps":34.67}},{"type":"Feature","id":"water-E377","geometry":{"type":"LineString","coordinates":[[-80.6016962,43.2974265],[-80.6017199,43.2972859],[-80.6017205,43.2972813]]},"properties":{"kind":"distribution","tier":"distribution","placement":"underground","from":"water-T-224","to":"water-T-228","lengthM":16.28,"sizeMm":200,"diameterIn":7.9,"nominalLabel":"8\" PVC","material":"PVC C900","depthM":1.8,"zone":0,"roadEdge":24,"customers":5,"designPeakHourLps":0.101,"designFireLps":63.07}},{"type":"Feature","id":"water-E378","geometry":{"type":"LineString","coordinates":[[-80.601313,43.3013106],[-80.6013026,43.3014376],[-80.6013021,43.301449]]},"properties":{"kind":"distribution","tier":"distribution","placement":"underground","from":"water-T-239","to":"water-T-260","lengthM":15.43,"sizeMm":200,"diameterIn":7.9,"nominalLabel":"8\" PVC","material":"PVC C900","depthM":1.8,"zone":0,"roadEdge":25,"customers":20,"designPeakHourLps":0.472,"designFireLps":63.31}},{"type":"Feature","id":"water-E379","geometry":{"type":"LineString","coordinates":[[-80.6005623,43.297522],[-80.6005625,43.2975185]]},"properties":{"kind":"distribution","tier":"trunk","placement":"underground","from":"water-T-560","to":"water-T-541","lengthM":0.39,"sizeMm":300,"diameterIn":11.8,"nominalLabel":"12\" PVC","material":"PVC C900","depthM":1.8,"zone":0,"roadEdge":27,"customers":13,"designPeakHourLps":1.896,"designFireLps":191.26}},{"type":"Feature","id":"water-E380","geometry":{"type":"LineString","coordinates":[[-80.5984763,43.297917],[-80.5984589,43.2977932],[-80.5984569,43.2977772]]},"properties":{"kind":"distribution","tier":"distribution","placement":"underground","from":"water-T-381","to":"water-T-399","lengthM":15.64,"sizeMm":200,"diameterIn":7.9,"nominalLabel":"8\" PVC","material":"PVC C900","depthM":1.8,"zone":0,"roadEdge":41,"customers":12,"designPeakHourLps":0.23,"designFireLps":63.15}},{"type":"Feature","id":"water-E381","geometry":{"type":"LineString","coordinates":[[-80.5973592,43.2982352],[-80.5973503,43.2981536],[-80.5973469,43.2981148]]},"properties":{"kind":"distribution","tier":"distribution","placement":"underground","from":"water-T-446","to":"water-T-455","lengthM":13.44,"sizeMm":200,"diameterIn":7.9,"nominalLabel":"8\" PVC","material":"PVC C900","depthM":1.8,"zone":0,"roadEdge":46,"customers":10,"designPeakHourLps":0.21,"designFireLps":63.14}},{"type":"Feature","id":"water-E382","geometry":{"type":"LineString","coordinates":[[-80.5961494,43.2985451],[-80.5961478,43.298517],[-80.5961446,43.2983971]]},"properties":{"kind":"distribution","tier":"distribution","placement":"underground","from":"water-T-511","to":"water-T-504","lengthM":16.48,"sizeMm":200,"diameterIn":7.9,"nominalLabel":"8\" PVC","material":"PVC C900","depthM":1.8,"zone":0,"roadEdge":51,"customers":1,"designPeakHourLps":0.015,"designFireLps":63.01}},{"type":"Feature","id":"water-E383","geometry":{"type":"LineString","coordinates":[[-80.5953353,43.3008055],[-80.5953505,43.3009019],[-80.5953578,43.3009418]]},"properties":{"kind":"distribution","tier":"distribution","placement":"underground","from":"water-T-532","to":"water-T-519","lengthM":15.28,"sizeMm":200,"diameterIn":7.9,"nominalLabel":"8\" PVC","material":"PVC C900","depthM":1.8,"zone":0,"roadEdge":56,"customers":10,"designPeakHourLps":0.203,"designFireLps":63.14}},{"type":"Feature","id":"water-E384","geometry":{"type":"LineString","coordinates":[[-80.5966766,43.3009244],[-80.5967058,43.3010652]]},"properties":{"kind":"distribution","tier":"distribution","placement":"underground","from":"water-T-469","to":"water-T-487","lengthM":15.84,"sizeMm":200,"diameterIn":7.9,"nominalLabel":"8\" PVC","material":"PVC C900","depthM":1.8,"zone":0,"roadEdge":48,"customers":21,"designPeakHourLps":0.517,"designFireLps":63.34}},{"type":"Feature","id":"water-E385","geometry":{"type":"LineString","coordinates":[[-80.5977496,43.3011256],[-80.5977497,43.3011318]]},"properties":{"kind":"distribution","tier":"distribution","placement":"underground","from":"water-T-410","to":"water-T-428","lengthM":0.69,"sizeMm":200,"diameterIn":7.9,"nominalLabel":"8\" PVC","material":"PVC C900","depthM":1.8,"zone":0,"roadEdge":45,"customers":20,"designPeakHourLps":0.434,"designFireLps":63.29}},{"type":"Feature","id":"water-E386","geometry":{"type":"LineString","coordinates":[[-80.5986788,43.301522],[-80.5986611,43.3016095],[-80.5986548,43.3016387]]},"properties":{"kind":"distribution","tier":"distribution","placement":"underground","from":"water-T-363","to":"water-T-348","lengthM":13.13,"sizeMm":200,"diameterIn":7.9,"nominalLabel":"8\" PVC","material":"PVC C900","depthM":1.8,"zone":0,"roadEdge":37,"customers":20,"designPeakHourLps":0.417,"designFireLps":63.28}},{"type":"Feature","id":"water-E387","geometry":{"type":"LineString","coordinates":[[-80.5996267,43.2978033],[-80.5996255,43.2977935],[-80.5996063,43.2976488]]},"properties":{"kind":"distribution","tier":"distribution","placement":"underground","from":"water-T-314","to":"water-T-315","lengthM":17.28,"sizeMm":200,"diameterIn":7.9,"nominalLabel":"8\" PVC","material":"PVC C900","depthM":1.8,"zone":0,"roadEdge":34,"customers":14,"designPeakHourLps":0.392,"designFireLps":63.26}},{"type":"Feature","id":"water-E388","geometry":{"type":"LineString","coordinates":[[-80.599544,43.3015752],[-80.5995401,43.3015951]]},"properties":{"kind":"distribution","tier":"distribution","placement":"underground","from":"water-T-286","to":"water-T-298","lengthM":2.24,"sizeMm":200,"diameterIn":7.9,"nominalLabel":"8\" PVC","material":"PVC C900","depthM":1.8,"zone":0,"roadEdge":32,"customers":19,"designPeakHourLps":0.354,"designFireLps":63.24}},{"type":"Feature","id":"water-E389","geometry":{"type":"LineString","coordinates":[[-80.6046401,43.3009648],[-80.6046587,43.3010754],[-80.6046639,43.3011082]]},"properties":{"kind":"distribution","tier":"distribution","placement":"underground","from":"water-T-69","to":"water-T-68","lengthM":16.08,"sizeMm":200,"diameterIn":7.9,"nominalLabel":"8\" PVC","material":"PVC C900","depthM":1.8,"zone":0,"roadEdge":7,"customers":3,"designPeakHourLps":0.053,"designFireLps":63.04}},{"type":"Feature","id":"water-E390","geometry":{"type":"LineString","coordinates":[[-80.6036998,43.298325],[-80.6036851,43.2982347]]},"properties":{"kind":"distribution","tier":"distribution","placement":"underground","from":"water-T-89","to":"water-T-98","lengthM":10.13,"sizeMm":200,"diameterIn":7.9,"nominalLabel":"8\" PVC","material":"PVC C900","depthM":1.8,"zone":0,"roadEdge":10,"customers":6,"designPeakHourLps":0.078,"designFireLps":34.7}},{"type":"Feature","id":"water-E391","geometry":{"type":"LineString","coordinates":[[-80.603397,43.3010179],[-80.6034054,43.3010842],[-80.6034143,43.3011431]]},"properties":{"kind":"distribution","tier":"distribution","placement":"underground","from":"water-T-114","to":"water-T-129","lengthM":14.0,"sizeMm":200,"diameterIn":7.9,"nominalLabel":"8\" PVC","material":"PVC C900","depthM":1.8,"zone":0,"roadEdge":14,"customers":18,"designPeakHourLps":0.433,"designFireLps":63.29}},{"type":"Feature","id":"water-E392","geometry":{"type":"LineString","coordinates":[[-80.6026524,43.2977524],[-80.6028283,43.2977078]]},"properties":{"kind":"distribution","tier":"distribution","placement":"underground","from":"water-J-16","to":"water-T-106","lengthM":15.09,"sizeMm":150,"diameterIn":5.9,"nominalLabel":"6\" PVC","material":"PVC C900","depthM":1.8,"zone":0,"roadEdge":13,"customers":4,"designPeakHourLps":0.085,"designFireLps":34.71}},{"type":"Feature","id":"water-E393","geometry":{"type":"LineString","coordinates":[[-80.6026524,43.2977524],[-80.6026664,43.2976543],[-80.6026767,43.2975961]]},"properties":{"kind":"distribution","tier":"distribution","placement":"underground","from":"water-J-16","to":"water-T-161","lengthM":17.51,"sizeMm":200,"diameterIn":7.9,"nominalLabel":"8\" PVC","material":"PVC C900","depthM":1.8,"zone":0,"roadEdge":18,"customers":6,"designPeakHourLps":0.193,"designFireLps":63.13}},{"type":"Feature","id":"water-E394","geometry":{"type":"LineString","coordinates":[[-80.6023284,43.3012961],[-80.6023304,43.3013254]]},"properties":{"kind":"distribution","tier":"distribution","placement":"underground","from":"water-T-177","to":"water-T-198","lengthM":3.27,"sizeMm":200,"diameterIn":7.9,"nominalLabel":"8\" PVC","material":"PVC C900","depthM":1.8,"zone":0,"roadEdge":21,"customers":23,"designPeakHourLps":0.486,"designFireLps":63.32}},{"type":"Feature","id":"water-E395","geometry":{"type":"LineString","coordinates":[[-80.6023536,43.297851],[-80.6023657,43.297851]]},"properties":{"kind":"distribution","tier":"distribution","placement":"underground","from":"water-T-162","to":"water-T-165","lengthM":0.98,"sizeMm":150,"diameterIn":5.9,"nominalLabel":"6\" PVC","material":"PVC C900","depthM":1.8,"zone":0,"roadEdge":20,"customers":1,"designPeakHourLps":0.008,"designFireLps":34.66}},{"type":"Feature","id":"water-E396","geometry":{"type":"LineString","coordinates":[[-80.6017205,43.2972813],[-80.6017209,43.2972778]]},"properties":{"kind":"distribution","tier":"distribution","placement":"underground","from":"water-T-228","to":"water-T-225","lengthM":0.39,"sizeMm":200,"diameterIn":7.9,"nominalLabel":"8\" PVC","material":"PVC C900","depthM":1.8,"zone":0,"roadEdge":24,"customers":4,"designPeakHourLps":0.078,"designFireLps":63.05}},{"type":"Feature","id":"water-E397","geometry":{"type":"LineString","coordinates":[[-80.6013021,43.301449],[-80.6013007,43.3014815]]},"properties":{"kind":"distribution","tier":"distribution","placement":"underground","from":"water-T-260","to":"water-T-240","lengthM":3.62,"sizeMm":200,"diameterIn":7.9,"nominalLabel":"8\" PVC","material":"PVC C900","depthM":1.8,"zone":0,"roadEdge":25,"customers":19,"designPeakHourLps":0.442,"designFireLps":63.29}},{"type":"Feature","id":"water-E398","geometry":{"type":"LineString","coordinates":[[-80.6005625,43.2975185],[-80.6005629,43.2975111],[-80.6005662,43.297455],[-80.6005696,43.2973988],[-80.6005711,43.2973733]]},"properties":{"kind":"distribution","tier":"trunk","placement":"underground","from":"water-T-541","to":"water-T-559","lengthM":16.18,"sizeMm":300,"diameterIn":11.8,"nominalLabel":"12\" PVC","material":"PVC C900","depthM":1.8,"zone":0,"roadEdge":27,"customers":12,"designPeakHourLps":1.868,"designFireLps":191.25}},{"type":"Feature","id":"water-E399","geometry":{"type":"LineString","coordinates":[[-80.5984569,43.2977772],[-80.5984548,43.2977611]]},"properties":{"kind":"distribution","tier":"distribution","placement":"underground","from":"water-T-399","to":"water-T-382","lengthM":1.8,"sizeMm":200,"diameterIn":7.9,"nominalLabel":"8\" PVC","material":"PVC C900","depthM":1.8,"zone":0,"roadEdge":41,"customers":11,"designPeakHourLps":0.215,"designFireLps":63.14}},{"type":"Feature","id":"water-E400","geometry":{"type":"LineString","coordinates":[[-80.5973469,43.2981148],[-80.5973447,43.2980884]]},"properties":{"kind":"distribution","tier":"distribution","placement":"underground","from":"water-T-455","to":"water-T-447","lengthM":2.94,"sizeMm":200,"diameterIn":7.9,"nominalLabel":"8\" PVC","material":"PVC C900","depthM":1.8,"zone":0,"roadEdge":46,"customers":9,"designPeakHourLps":0.179,"designFireLps":63.12}},{"type":"Feature","id":"water-E401","geometry":{"type":"LineString","coordinates":[[-80.5953578,43.3009418],[-80.5953596,43.3009512]]},"properties":{"kind":"distribution","tier":"distribution","placement":"underground","from":"water-T-519","to":"water-T-531","lengthM":1.06,"sizeMm":200,"diameterIn":7.9,"nominalLabel":"8\" PVC","material":"PVC C900","depthM":1.8,"zone":0,"roadEdge":56,"customers":9,"designPeakHourLps":0.157,"designFireLps":63.1}},{"type":"Feature","id":"water-E402","geometry":{"type":"LineString","coordinates":[[-80.5967058,43.3010652],[-80.596707,43.3010708],[-80.5967093,43.3010831]]},"properties":{"kind":"distribution","tier":"distribution","placement":"underground","from":"water-T-487","to":"water-T-470","lengthM":2.02,"sizeMm":200,"diameterIn":7.9,"nominalLabel":"8\" PVC","material":"PVC C900","depthM":1.8,"zone":0,"roadEdge":48,"customers":20,"designPeakHourLps":0.509,"designFireLps":63.34}},{"type":"Feature","id":"water-E403","geometry":{"type":"LineString","coordinates":[[-80.5977497,43.3011318],[-80.5977535,43.3012564],[-80.597753,43.3012915]]},"properties":{"kind":"distribution","tier":"distribution","placement":"underground","from":"water-T-428","to":"water-T-411","lengthM":17.78,"sizeMm":200,"diameterIn":7.9,"nominalLabel":"8\" PVC","material":"PVC C900","depthM":1.8,"zone":0,"roadEdge":45,"customers":19,"designPeakHourLps":0.403,"designFireLps":63.27}},{"type":"Feature","id":"water-E404","geometry":{"type":"LineString","coordinates":[[-80.5986548,43.3016387],[-80.5986482,43.3016695]]},"properties":{"kind":"distribution","tier":"distribution","placement":"underground","from":"water-T-348","to":"water-T-364","lengthM":3.47,"sizeMm":200,"diameterIn":7.9,"nominalLabel":"8\" PVC","material":"PVC C900","depthM":1.8,"zone":0,"roadEdge":37,"customers":19,"designPeakHourLps":0.409,"designFireLps":63.27}},{"type":"Feature","id":"water-E405","geometry":{"type":"LineString","coordinates":[[-80.5996063,43.2976488],[-80.5996017,43.2976135],[-80.59959,43.2975308]]},"properties":{"kind":"distribution","tier":"distribution","placement":"underground","from":"water-T-315","to":"water-T-326","lengthM":13.2,"sizeMm":200,"diameterIn":7.9,"nominalLabel":"8\" PVC","material":"PVC C900","depthM":1.8,"zone":0,"roadEdge":34,"customers":13,"designPeakHourLps":0.347,"designFireLps":63.23}},{"type":"Feature","id":"water-E406","geometry":{"type":"LineString","coordinates":[[-80.5995401,43.3015951],[-80.5995372,43.3016103],[-80.5995156,43.3017385]]},"properties":{"kind":"distribution","tier":"distribution","placement":"underground","from":"water-T-298","to":"water-T-285","lengthM":16.08,"sizeMm":200,"diameterIn":7.9,"nominalLabel":"8\" PVC","material":"PVC C900","depthM":1.8,"zone":0,"roadEdge":32,"customers":18,"designPeakHourLps":0.323,"designFireLps":63.22}},{"type":"Feature","id":"water-E407","geometry":{"type":"LineString","coordinates":[[-80.6046639,43.3011082],[-80.6046872,43.3012555],[-80.604688,43.3012618]]},"properties":{"kind":"distribution","tier":"distribution","placement":"underground","from":"water-T-68","to":"water-T-67","lengthM":17.21,"sizeMm":200,"diameterIn":7.9,"nominalLabel":"8\" PVC","material":"PVC C900","depthM":1.8,"zone":0,"roadEdge":7,"customers":2,"designPeakHourLps":0.038,"designFireLps":63.03}},{"type":"Feature","id":"water-E408","geometry":{"type":"LineString","coordinates":[[-80.6036851,43.2982347],[-80.6036769,43.2981844],[-80.6036757,43.298175]]},"properties":{"kind":"distribution","tier":"distribution","placement":"underground","from":"water-T-98","to":"water-T-90","lengthM":6.68,"sizeMm":200,"diameterIn":7.9,"nominalLabel":"8\" PVC","material":"PVC C900","depthM":1.8,"zone":0,"roadEdge":10,"customers":5,"designPeakHourLps":0.071,"designFireLps":34.7}},{"type":"Feature","id":"water-E409","geometry":{"type":"LineString","coordinates":[[-80.6034143,43.3011431],[-80.6034187,43.3011721]]},"properties":{"kind":"distribution","tier":"distribution","placement":"underground","from":"water-T-129","to":"water-T-115","lengthM":3.25,"sizeMm":200,"diameterIn":7.9,"nominalLabel":"8\" PVC","material":"PVC C900","depthM":1.8,"zone":0,"roadEdge":14,"customers":17,"designPeakHourLps":0.402,"designFireLps":63.27}},{"type":"Feature","id":"water-E410","geometry":{"type":"LineString","coordinates":[[-80.6028283,43.2977078],[-80.6028455,43.2977078]]},"properties":{"kind":"distribution","tier":"distribution","placement":"underground","from":"water-T-106","to":"water-T-103","lengthM":1.39,"sizeMm":150,"diameterIn":5.9,"nominalLabel":"6\" PVC","material":"PVC C900","depthM":1.8,"zone":0,"roadEdge":13,"customers":3,"designPeakHourLps":0.069,"designFireLps":34.7}},{"type":"Feature","id":"water-E411","geometry":{"type":"LineString","coordinates":[[-80.6026767,43.2975961],[-80.602698,43.2974754],[-80.6027038,43.2974462]]},"properties":{"kind":"distribution","tier":"distribution","placement":"underground","from":"water-T-161","to":"water-T-160","lengthM":16.83,"sizeMm":200,"diameterIn":7.9,"nominalLabel":"8\" PVC","material":"PVC C900","depthM":1.8,"zone":0,"roadEdge":18,"customers":5,"designPeakHourLps":0.185,"designFireLps":63.12}},{"type":"Feature","id":"water-E412","geometry":{"type":"LineString","coordinates":[[-80.6023304,43.3013254],[-80.6023382,43.3014419],[-80.6023387,43.3014469]]},"properties":{"kind":"distribution","tier":"distribution","placement":"underground","from":"water-T-198","to":"water-T-178","lengthM":13.54,"sizeMm":200,"diameterIn":7.9,"nominalLabel":"8\" PVC","material":"PVC C900","depthM":1.8,"zone":0,"roadEdge":21,"customers":22,"designPeakHourLps":0.471,"designFireLps":63.31}},{"type":"Feature","id":"water-E413","geometry":{"type":"LineString","coordinates":[[-80.6017209,43.2972778],[-80.6017412,43.2971249]]},"properties":{"kind":"distribution","tier":"distribution","placement":"underground","from":"water-T-225","to":"water-T-226","lengthM":17.1,"sizeMm":200,"diameterIn":7.9,"nominalLabel":"8\" PVC","material":"PVC C900","depthM":1.8,"zone":0,"roadEdge":24,"customers":3,"designPeakHourLps":0.07,"designFireLps":63.05}},{"type":"Feature","id":"water-E414","geometry":{"type":"LineString","coordinates":[[-80.6013007,43.3014815],[-80.6012944,43.3016183],[-80.6012944,43.3016286]]},"properties":{"kind":"distribution","tier":"distribution","placement":"underground","from":"water-T-240","to":"water-T-261","lengthM":16.38,"sizeMm":200,"diameterIn":7.9,"nominalLabel":"8\" PVC","material":"PVC C900","depthM":1.8,"zone":0,"roadEdge":25,"customers":18,"designPeakHourLps":0.411,"designFireLps":63.27}},{"type":"Feature","id":"water-E415","geometry":{"type":"LineString","coordinates":[[-80.6005711,43.2973733],[-80.6005718,43.2973626]]},"properties":{"kind":"distribution","tier":"trunk","placement":"underground","from":"water-T-559","to":"water-T-540","lengthM":1.19,"sizeMm":300,"diameterIn":11.8,"nominalLabel":"12\" PVC","material":"PVC C900","depthM":1.8,"zone":0,"roadEdge":27,"customers":11,"designPeakHourLps":1.84,"designFireLps":191.23}},{"type":"Feature","id":"water-E416","geometry":{"type":"LineString","coordinates":[[-80.5984548,43.2977611],[-80.5984368,43.2976214]]},"properties":{"kind":"distribution","tier":"distribution","placement":"underground","from":"water-T-382","to":"water-T-400","lengthM":15.62,"sizeMm":200,"diameterIn":7.9,"nominalLabel":"8\" PVC","material":"PVC C900","depthM":1.8,"zone":0,"roadEdge":41,"customers":10,"designPeakHourLps":0.207,"designFireLps":63.14}},{"type":"Feature","id":"water-E417","geometry":{"type":"LineString","coordinates":[[-80.5973447,43.2980884],[-80.5973349,43.2979747],[-80.5973329,43.29794]]},"properties":{"kind":"distribution","tier":"distribution","placement":"underground","from":"water-T-447","to":"water-T-456","lengthM":16.56,"sizeMm":200,"diameterIn":7.9,"nominalLabel":"8\" PVC","material":"PVC C900","depthM":1.8,"zone":0,"roadEdge":46,"customers":8,"designPeakHourLps":0.163,"designFireLps":63.11}},{"type":"Feature","id":"water-E418","geometry":{"type":"LineString","coordinates":[[-80.5953596,43.3009512],[-80.5953838,43.3010822],[-80.5953847,43.3010866]]},"properties":{"kind":"distribution","tier":"distribution","placement":"underground","from":"water-T-531","to":"water-T-518","lengthM":15.21,"sizeMm":200,"diameterIn":7.9,"nominalLabel":"8\" PVC","material":"PVC C900","depthM":1.8,"zone":0,"roadEdge":56,"customers":8,"designPeakHourLps":0.141,"designFireLps":63.09}},{"type":"Feature","id":"water-E419","geometry":{"type":"LineString","coordinates":[[-80.5967093,43.3010831],[-80.5967352,43.3012194]]},"properties":{"kind":"distribution","tier":"distribution","placement":"underground","from":"water-T-470","to":"water-T-488","lengthM":15.32,"sizeMm":200,"diameterIn":7.9,"nominalLabel":"8\" PVC","material":"PVC C900","depthM":1.8,"zone":0,"roadEdge":48,"customers":19,"designPeakHourLps":0.47,"designFireLps":63.31}},{"type":"Feature","id":"water-E420","geometry":{"type":"LineString","coordinates":[[-80.597753,43.3012915],[-80.5977527,43.3013134]]},"properties":{"kind":"distribution","tier":"distribution","placement":"underground","from":"water-T-411","to":"water-T-429","lengthM":2.43,"sizeMm":200,"diameterIn":7.9,"nominalLabel":"8\" PVC","material":"PVC C900","depthM":1.8,"zone":0,"roadEdge":45,"customers":18,"designPeakHourLps":0.388,"designFireLps":63.26}},{"type":"Feature","id":"water-E421","geometry":{"type":"LineString","coordinates":[[-80.5986482,43.3016695],[-80.5986226,43.3017889],[-80.5986224,43.3017895]]},"properties":{"kind":"distribution","tier":"distribution","placement":"underground","from":"water-T-364","to":"water-T-349","lengthM":13.52,"sizeMm":200,"diameterIn":7.9,"nominalLabel":"8\" PVC","material":"PVC C900","depthM":1.8,"zone":0,"roadEdge":37,"customers":18,"designPeakHourLps":0.37,"designFireLps":63.25}},{"type":"Feature","id":"water-E422","geometry":{"type":"LineString","coordinates":[[-80.59959,43.2975308],[-80.5995854,43.2974983]]},"properties":{"kind":"distribution","tier":"distribution","placement":"underground","from":"water-T-326","to":"water-T-316","lengthM":3.64,"sizeMm":200,"diameterIn":7.9,"nominalLabel":"8\" PVC","material":"PVC C900","depthM":1.8,"zone":0,"roadEdge":34,"customers":12,"designPeakHourLps":0.308,"designFireLps":63.21}},{"type":"Feature","id":"water-E423","geometry":{"type":"LineString","coordinates":[[-80.5995156,43.3017385],[-80.5995111,43.3017657]]},"properties":{"kind":"distribution","tier":"distribution","placement":"underground","from":"water-T-285","to":"water-T-297","lengthM":3.05,"sizeMm":200,"diameterIn":7.9,"nominalLabel":"8\" PVC","material":"PVC C900","depthM":1.8,"zone":0,"roadEdge":32,"customers":17,"designPeakHourLps":0.315,"designFireLps":63.21}},{"type":"Feature","id":"water-E424","geometry":{"type":"LineString","coordinates":[[-80.604688,43.3012618],[-80.6047101,43.3014214]]},"properties":{"kind":"distribution","tier":"distribution","placement":"underground","from":"water-T-67","to":"water-T-66","lengthM":17.86,"sizeMm":200,"diameterIn":7.9,"nominalLabel":"8\" PVC","material":"PVC C900","depthM":1.8,"zone":0,"roadEdge":7,"customers":1,"designPeakHourLps":0.023,"designFireLps":63.02}},{"type":"Feature","id":"water-E425","geometry":{"type":"LineString","coordinates":[[-80.6036757,43.298175],[-80.6036636,43.2980781]]},"properties":{"kind":"distribution","tier":"distribution","placement":"underground","from":"water-T-90","to":"water-T-99","lengthM":10.84,"sizeMm":200,"diameterIn":7.9,"nominalLabel":"8\" PVC","material":"PVC C900","depthM":1.8,"zone":0,"roadEdge":10,"customers":4,"designPeakHourLps":0.063,"designFireLps":34.69}},{"type":"Feature","id":"water-E426","geometry":{"type":"LineString","coordinates":[[-80.6034187,43.3011721],[-80.6034325,43.3012644],[-80.6034374,43.3012941]]},"properties":{"kind":"distribution","tier":"distribution","placement":"underground","from":"water-T-115","to":"water-T-130","lengthM":13.66,"sizeMm":200,"diameterIn":7.9,"nominalLabel":"8\" PVC","material":"PVC C900","depthM":1.8,"zone":0,"roadEdge":14,"customers":16,"designPeakHourLps":0.356,"designFireLps":63.24}},{"type":"Feature","id":"water-E427","geometry":{"type":"LineString","coordinates":[[-80.6028455,43.2977078],[-80.6030823,43.2977078]]},"properties":{"kind":"distribution","tier":"distribution","placement":"underground","from":"water-T-103","to":"water-T-105","lengthM":19.18,"sizeMm":150,"diameterIn":5.9,"nominalLabel":"6\" PVC","material":"PVC C900","depthM":1.8,"zone":0,"roadEdge":13,"customers":2,"designPeakHourLps":0.047,"designFireLps":34.68}},{"type":"Feature","id":"water-E428","geometry":{"type":"LineString","coordinates":[[-80.6027038,43.2974462],[-80.6027331,43.2972973]]},"properties":{"kind":"distribution","tier":"distribution","placement":"underground","from":"water-T-160","to":"water-T-159","lengthM":16.74,"sizeMm":200,"diameterIn":7.9,"nominalLabel":"8\" PVC","material":"PVC C900","depthM":1.8,"zone":0,"roadEdge":18,"customers":4,"designPeakHourLps":0.162,"designFireLps":63.11}},{"type":"Feature","id":"water-E429","geometry":{"type":"LineString","coordinates":[[-80.6023387,43.3014469],[-80.6023431,43.3014909]]},"properties":{"kind":"distribution","tier":"distribution","placement":"underground","from":"water-T-178","to":"water-T-199","lengthM":4.9,"sizeMm":200,"diameterIn":7.9,"nominalLabel":"8\" PVC","material":"PVC C900","depthM":1.8,"zone":0,"roadEdge":21,"customers":21,"designPeakHourLps":0.463,"designFireLps":63.31}},{"type":"Feature","id":"water-E430","geometry":{"type":"LineString","coordinates":[[-80.6017412,43.2971249],[-80.6017414,43.2971232]]},"properties":{"kind":"distribution","tier":"distribution","placement":"underground","from":"water-T-226","to":"water-T-229","lengthM":0.19,"sizeMm":200,"diameterIn":7.9,"nominalLabel":"8\" PVC","material":"PVC C900","depthM":1.8,"zone":0,"roadEdge":24,"customers":2,"designPeakHourLps":0.047,"designFireLps":63.03}},{"type":"Feature","id":"water-E431","geometry":{"type":"LineString","coordinates":[[-80.6012944,43.3016286],[-80.6012942,43.3016498]]},"properties":{"kind":"distribution","tier":"distribution","placement":"underground","from":"water-T-261","to":"water-T-241","lengthM":2.36,"sizeMm":200,"diameterIn":7.9,"nominalLabel":"8\" PVC","material":"PVC C900","depthM":1.8,"zone":0,"roadEdge":25,"customers":17,"designPeakHourLps":0.381,"designFireLps":63.25}},{"type":"Feature","id":"water-E432","geometry":{"type":"LineString","coordinates":[[-80.6005718,43.2973626],[-80.600573,43.2973426],[-80.6005765,43.2972864],[-80.6005801,43.2972302],[-80.6005804,43.297225]]},"properties":{"kind":"distribution","tier":"trunk","placement":"underground","from":"water-T-540","to":"water-T-558","lengthM":15.33,"sizeMm":300,"diameterIn":11.8,"nominalLabel":"12\" PVC","material":"PVC C900","depthM":1.8,"zone":0,"roadEdge":27,"customers":10,"designPeakHourLps":1.813,"designFireLps":191.21}},{"type":"Feature","id":"water-E433","geometry":{"type":"LineString","coordinates":[[-80.5984368,43.2976214],[-80.5984359,43.297614],[-80.5984332,43.2975893]]},"properties":{"kind":"distribution","tier":"distribution","placement":"underground","from":"water-T-400","to":"water-T-383","lengthM":3.58,"sizeMm":200,"diameterIn":7.9,"nominalLabel":"8\" PVC","material":"PVC C900","depthM":1.8,"zone":0,"roadEdge":41,"customers":9,"designPeakHourLps":0.199,"designFireLps":63.13}},{"type":"Feature","id":"water-E434","geometry":{"type":"LineString","coordinates":[[-80.5973329,43.29794],[-80.5973246,43.2977959],[-80.597324,43.2977733]]},"properties":{"kind":"distribution","tier":"distribution","placement":"underground","from":"water-T-456","to":"water-T-457","lengthM":18.57,"sizeMm":200,"diameterIn":7.9,"nominalLabel":"8\" PVC","material":"PVC C900","depthM":1.8,"zone":0,"roadEdge":46,"customers":7,"designPeakHourLps":0.133,"designFireLps":63.09}},{"type":"Feature","id":"water-E435","geometry":{"type":"LineString","coordinates":[[-80.5953847,43.3010866],[-80.5953892,43.3011087]]},"properties":{"kind":"distribution","tier":"distribution","placement":"underground","from":"water-T-518","to":"water-T-530","lengthM":2.48,"sizeMm":200,"diameterIn":7.9,"nominalLabel":"8\" PVC","material":"PVC C900","depthM":1.8,"zone":0,"roadEdge":56,"customers":7,"designPeakHourLps":0.126,"designFireLps":63.08}},{"type":"Feature","id":"water-E436","geometry":{"type":"LineString","coordinates":[[-80.5967352,43.3012194],[-80.5967379,43.3012338]]},"properties":{"kind":"distribution","tier":"distribution","placement":"underground","from":"water-T-488","to":"water-T-471","lengthM":1.62,"sizeMm":200,"diameterIn":7.9,"nominalLabel":"8\" PVC","material":"PVC C900","depthM":1.8,"zone":0,"roadEdge":48,"customers":18,"designPeakHourLps":0.455,"designFireLps":63.3}},{"type":"Feature","id":"water-E437","geometry":{"type":"LineString","coordinates":[[-80.5977527,43.3013134],[-80.5977509,43.3014348],[-80.5977496,43.3014588]]},"properties":{"kind":"distribution","tier":"distribution","placement":"underground","from":"water-T-429","to":"water-T-412","lengthM":16.2,"sizeMm":200,"diameterIn":7.9,"nominalLabel":"8\" PVC","material":"PVC C900","depthM":1.8,"zone":0,"roadEdge":45,"customers":17,"designPeakHourLps":0.38,"designFireLps":63.25}},{"type":"Feature","id":"water-E438","geometry":{"type":"LineString","coordinates":[[-80.5986224,43.3017895],[-80.5986168,43.3018152]]},"properties":{"kind":"distribution","tier":"distribution","placement":"underground","from":"water-T-349","to":"water-T-365","lengthM":2.89,"sizeMm":200,"diameterIn":7.9,"nominalLabel":"8\" PVC","material":"PVC C900","depthM":1.8,"zone":0,"roadEdge":37,"customers":17,"designPeakHourLps":0.362,"designFireLps":63.24}},{"type":"Feature","id":"water-E439","geometry":{"type":"LineString","coordinates":[[-80.5995854,43.2974983],[-80.5995762,43.2974336],[-80.59957,43.2973911]]},"properties":{"kind":"distribution","tier":"distribution","placement":"underground","from":"water-T-316","to":"water-T-327","lengthM":12.0,"sizeMm":200,"diameterIn":7.9,"nominalLabel":"8\" PVC","material":"PVC C900","depthM":1.8,"zone":0,"roadEdge":34,"customers":11,"designPeakHourLps":0.293,"designFireLps":63.2}},{"type":"Feature","id":"water-E440","geometry":{"type":"LineString","coordinates":[[-80.5995111,43.3017657],[-80.5995068,43.3017907],[-80.5994923,43.301898]]},"properties":{"kind":"distribution","tier":"distribution","placement":"underground","from":"water-T-297","to":"water-T-284","lengthM":14.81,"sizeMm":200,"diameterIn":7.9,"nominalLabel":"8\" PVC","material":"PVC C900","depthM":1.8,"zone":0,"roadEdge":32,"customers":16,"designPeakHourLps":0.308,"designFireLps":63.21}},{"type":"Feature","id":"water-E441","geometry":{"type":"LineString","coordinates":[[-80.6036636,43.2980781],[-80.6036546,43.298006],[-80.6036478,43.2979192]]},"properties":{"kind":"distribution","tier":"distribution","placement":"underground","from":"water-T-99","to":"water-T-100","lengthM":17.73,"sizeMm":200,"diameterIn":7.9,"nominalLabel":"8\" PVC","material":"PVC C900","depthM":1.8,"zone":0,"roadEdge":10,"customers":3,"designPeakHourLps":0.047,"designFireLps":34.68}},{"type":"Feature","id":"water-E442","geometry":{"type":"LineString","coordinates":[[-80.6034374,43.3012941],[-80.6034422,43.3013232]]},"properties":{"kind":"distribution","tier":"distribution","placement":"underground","from":"water-T-130","to":"water-T-116","lengthM":3.27,"sizeMm":200,"diameterIn":7.9,"nominalLabel":"8\" PVC","material":"PVC C900","depthM":1.8,"zone":0,"roadEdge":14,"customers":15,"designPeakHourLps":0.332,"designFireLps":63.22}},{"type":"Feature","id":"water-E443","geometry":{"type":"LineString","coordinates":[[-80.6030823,43.2977078],[-80.6033471,43.2977078]]},"properties":{"kind":"distribution","tier":"distribution","placement":"underground","from":"water-T-105","to":"water-T-104","lengthM":21.45,"sizeMm":150,"diameterIn":5.9,"nominalLabel":"6\" PVC","material":"PVC C900","depthM":1.8,"zone":0,"roadEdge":13,"customers":1,"designPeakHourLps":0.039,"designFireLps":34.68}},{"type":"Feature","id":"water-E444","geometry":{"type":"LineString","coordinates":[[-80.6027331,43.2972973],[-80.6027333,43.2972962],[-80.6027364,43.2972814]]},"properties":{"kind":"distribution","tier":"distribution","placement":"underground","from":"water-T-159","to":"water-T-157","lengthM":1.79,"sizeMm":200,"diameterIn":7.9,"nominalLabel":"8\" PVC","material":"PVC C900","depthM":1.8,"zone":0,"roadEdge":18,"customers":3,"designPeakHourLps":0.116,"designFireLps":63.08}},{"type":"Feature","id":"water-E445","geometry":{"type":"LineString","coordinates":[[-80.6023431,43.3014909],[-80.6023549,43.3016077]]},"properties":{"kind":"distribution","tier":"distribution","placement":"underground","from":"water-T-199","to":"water-T-179","lengthM":13.05,"sizeMm":200,"diameterIn":7.9,"nominalLabel":"8\" PVC","material":"PVC C900","depthM":1.8,"zone":0,"roadEdge":21,"customers":20,"designPeakHourLps":0.447,"designFireLps":63.3}},{"type":"Feature","id":"water-E446","geometry":{"type":"LineString","coordinates":[[-80.6017414,43.2971232],[-80.6017435,43.2971074],[-80.6017555,43.2969714]]},"properties":{"kind":"distribution","tier":"distribution","placement":"underground","from":"water-T-229","to":"water-T-230","lengthM":16.94,"sizeMm":200,"diameterIn":7.9,"nominalLabel":"8\" PVC","material":"PVC C900","depthM":1.8,"zone":0,"roadEdge":24,"customers":1,"designPeakHourLps":0.016,"designFireLps":63.01}},{"type":"Feature","id":"water-E447","geometry":{"type":"LineString","coordinates":[[-80.6012942,43.3016498],[-80.6012932,43.301797]]},"properties":{"kind":"distribution","tier":"distribution","placement":"underground","from":"water-T-241","to":"water-T-262","lengthM":16.39,"sizeMm":200,"diameterIn":7.9,"nominalLabel":"8\" PVC","material":"PVC C900","depthM":1.8,"zone":0,"roadEdge":25,"customers":16,"designPeakHourLps":0.357,"designFireLps":63.24}},{"type":"Feature","id":"water-E448","geometry":{"type":"LineString","coordinates":[[-80.6005804,43.297225],[-80.6005808,43.2972195]]},"properties":{"kind":"distribution","tier":"trunk","placement":"underground","from":"water-T-558","to":"water-T-539","lengthM":0.61,"sizeMm":300,"diameterIn":11.8,"nominalLabel":"12\" PVC","material":"PVC C900","depthM":1.8,"zone":0,"roadEdge":27,"customers":9,"designPeakHourLps":1.785,"designFireLps":191.19}},{"type":"Feature","id":"water-E449","geometry":{"type":"LineString","coordinates":[[-80.5984332,43.2975893],[-80.5984189,43.2974592]]},"properties":{"kind":"distribution","tier":"distribution","placement":"underground","from":"water-T-383","to":"water-T-401","lengthM":14.53,"sizeMm":200,"diameterIn":7.9,"nominalLabel":"8\" PVC","material":"PVC C900","depthM":1.8,"zone":0,"roadEdge":41,"customers":8,"designPeakHourLps":0.192,"designFireLps":63.13}},{"type":"Feature","id":"water-E450","geometry":{"type":"LineString","coordinates":[[-80.597324,43.2977733],[-80.5973198,43.2976172],[-80.5973198,43.2976109]]},"properties":{"kind":"distribution","tier":"distribution","placement":"underground","from":"water-T-457","to":"water-T-458","lengthM":18.08,"sizeMm":200,"diameterIn":7.9,"nominalLabel":"8\" PVC","material":"PVC C900","depthM":1.8,"zone":0,"roadEdge":46,"customers":6,"designPeakHourLps":0.109,"designFireLps":63.07}},{"type":"Feature","id":"water-E451","geometry":{"type":"LineString","coordinates":[[-80.5953892,43.3011087],[-80.5954139,43.3012295]]},"properties":{"kind":"distribution","tier":"distribution","placement":"underground","from":"water-T-530","to":"water-T-517","lengthM":13.6,"sizeMm":200,"diameterIn":7.9,"nominalLabel":"8\" PVC","material":"PVC C900","depthM":1.8,"zone":0,"roadEdge":56,"customers":6,"designPeakHourLps":0.094,"designFireLps":63.06}},{"type":"Feature","id":"water-E452","geometry":{"type":"LineString","coordinates":[[-80.5967379,43.3012338],[-80.5967412,43.3012511],[-80.596762,43.3013792]]},"properties":{"kind":"distribution","tier":"distribution","placement":"underground","from":"water-T-471","to":"water-T-489","lengthM":16.3,"sizeMm":200,"diameterIn":7.9,"nominalLabel":"8\" PVC","material":"PVC C900","depthM":1.8,"zone":0,"roadEdge":48,"customers":17,"designPeakHourLps":0.417,"designFireLps":63.28}},{"type":"Feature","id":"water-E453","geometry":{"type":"LineString","coordinates":[[-80.5977496,43.3014588],[-80.5977476,43.3014926]]},"properties":{"kind":"distribution","tier":"distribution","placement":"underground","from":"water-T-412","to":"water-T-430","lengthM":3.76,"sizeMm":200,"diameterIn":7.9,"nominalLabel":"8\" PVC","material":"PVC C900","depthM":1.8,"zone":0,"roadEdge":45,"customers":16,"designPeakHourLps":0.356,"designFireLps":63.24}},{"type":"Feature","id":"water-E454","geometry":{"type":"LineString","coordinates":[[-80.5986168,43.3018152],[-80.5985889,43.3019421]]},"properties":{"kind":"distribution","tier":"distribution","placement":"underground","from":"water-T-365","to":"water-T-350","lengthM":14.31,"sizeMm":200,"diameterIn":7.9,"nominalLabel":"8\" PVC","material":"PVC C900","depthM":1.8,"zone":0,"roadEdge":37,"customers":16,"designPeakHourLps":0.332,"designFireLps":63.22}},{"type":"Feature","id":"water-E455","geometry":{"type":"LineString","coordinates":[[-80.59957,43.2973911],[-80.5995637,43.2973472]]},"properties":{"kind":"distribution","tier":"distribution","placement":"underground","from":"water-T-327","to":"water-T-317","lengthM":4.91,"sizeMm":200,"diameterIn":7.9,"nominalLabel":"8\" PVC","material":"PVC C900","depthM":1.8,"zone":0,"roadEdge":34,"customers":10,"designPeakHourLps":0.285,"designFireLps":63.19}},{"type":"Feature","id":"water-E456","geometry":{"type":"LineString","coordinates":[[-80.5994923,43.301898],[-80.5994861,43.3019443]]},"properties":{"kind":"distribution","tier":"distribution","placement":"underground","from":"water-T-284","to":"water-T-296","lengthM":5.18,"sizeMm":200,"diameterIn":7.9,"nominalLabel":"8\" PVC","material":"PVC C900","depthM":1.8,"zone":0,"roadEdge":32,"customers":15,"designPeakHourLps":0.285,"designFireLps":63.19}},{"type":"Feature","id":"water-E457","geometry":{"type":"LineString","coordinates":[[-80.6036478,43.2979192],[-80.6036407,43.2978289],[-80.6036446,43.2977496]]},"properties":{"kind":"distribution","tier":"distribution","placement":"underground","from":"water-T-100","to":"water-J-11","lengthM":18.9,"sizeMm":200,"diameterIn":7.9,"nominalLabel":"8\" PVC","material":"PVC C900","depthM":1.8,"zone":0,"roadEdge":10,"customers":2,"designPeakHourLps":0.032,"designFireLps":34.67}},{"type":"Feature","id":"water-E458","geometry":{"type":"LineString","coordinates":[[-80.6034422,43.3013232],[-80.6034622,43.3014444],[-80.6034623,43.3014449]]},"properties":{"kind":"distribution","tier":"distribution","placement":"underground","from":"water-T-116","to":"water-T-131","lengthM":13.64,"sizeMm":200,"diameterIn":7.9,"nominalLabel":"8\" PVC","material":"PVC C900","depthM":1.8,"zone":0,"roadEdge":14,"customers":14,"designPeakHourLps":0.301,"designFireLps":63.2}},{"type":"Feature","id":"water-E459","geometry":{"type":"LineString","coordinates":[[-80.6027364,43.2972814],[-80.602764,43.2971475]]},"properties":{"kind":"distribution","tier":"distribution","placement":"underground","from":"water-T-157","to":"water-T-158","lengthM":15.07,"sizeMm":200,"diameterIn":7.9,"nominalLabel":"8\" PVC","material":"PVC C900","depthM":1.8,"zone":0,"roadEdge":18,"customers":2,"designPeakHourLps":0.069,"designFireLps":63.05}},{"type":"Feature","id":"water-E460","geometry":{"type":"LineString","coordinates":[[-80.6023549,43.3016077],[-80.6023564,43.3016225],[-80.6023611,43.3016591]]},"properties":{"kind":"distribution","tier":"distribution","placement":"underground","from":"water-T-179","to":"water-T-200","lengthM":5.74,"sizeMm":200,"diameterIn":7.9,"nominalLabel":"8\" PVC","material":"PVC C900","depthM":1.8,"zone":0,"roadEdge":21,"customers":19,"designPeakHourLps":0.432,"designFireLps":63.29}},{"type":"Feature","id":"water-E461","geometry":{"type":"LineString","coordinates":[[-80.6012932,43.301797],[-80.6012932,43.3017992],[-80.6012939,43.3018192]]},"properties":{"kind":"distribution","tier":"distribution","placement":"underground","from":"water-T-262","to":"water-T-242","lengthM":2.47,"sizeMm":200,"diameterIn":7.9,"nominalLabel":"8\" PVC","material":"PVC C900","depthM":1.8,"zone":0,"roadEdge":25,"customers":15,"designPeakHourLps":0.342,"designFireLps":63.23}},{"type":"Feature","id":"water-E462","geometry":{"type":"LineString","coordinates":[[-80.6005808,43.2972195],[-80.6005837,43.2971741],[-80.6005872,43.2971179],[-80.6005899,43.2970769]]},"properties":{"kind":"distribution","tier":"trunk","placement":"underground","from":"water-T-539","to":"water-T-538","lengthM":15.89,"sizeMm":300,"diameterIn":11.8,"nominalLabel":"12\" PVC","material":"PVC C900","depthM":1.8,"zone":0,"roadEdge":27,"customers":8,"designPeakHourLps":1.757,"designFireLps":191.17}},{"type":"Feature","id":"water-E463","geometry":{"type":"LineString","coordinates":[[-80.5984189,43.2974592],[-80.5984162,43.297435],[-80.5984155,43.2974268]]},"properties":{"kind":"distribution","tier":"distribution","placement":"underground","from":"water-T-401","to":"water-T-384","lengthM":3.61,"sizeMm":200,"diameterIn":7.9,"nominalLabel":"8\" PVC","material":"PVC C900","depthM":1.8,"zone":0,"roadEdge":41,"customers":7,"designPeakHourLps":0.176,"designFireLps":63.12}},{"type":"Feature","id":"water-E464","geometry":{"type":"LineString","coordinates":[[-80.5973198,43.2976109],[-80.5973207,43.2974449]]},"properties":{"kind":"distribution","tier":"distribution","placement":"underground","from":"water-T-458","to":"water-T-459","lengthM":18.48,"sizeMm":200,"diameterIn":7.9,"nominalLabel":"8\" PVC","material":"PVC C900","depthM":1.8,"zone":0,"roadEdge":46,"customers":5,"designPeakHourLps":0.093,"designFireLps":63.06}},{"type":"Feature","id":"water-E465","geometry":{"type":"LineString","coordinates":[[-80.5954139,43.3012295],[-80.5954204,43.3012611]]},"properties":{"kind":"distribution","tier":"distribution","placement":"underground","from":"water-T-517","to":"water-T-529","lengthM":3.55,"sizeMm":200,"diameterIn":7.9,"nominalLabel":"8\" PVC","material":"PVC C900","depthM":1.8,"zone":0,"roadEdge":56,"customers":5,"designPeakHourLps":0.079,"designFireLps":63.05}},{"type":"Feature","id":"water-E466","geometry":{"type":"LineString","coordinates":[[-80.596762,43.3013792],[-80.5967629,43.3013844]]},"properties":{"kind":"distribution","tier":"distribution","placement":"underground","from":"water-T-489","to":"water-T-472","lengthM":0.58,"sizeMm":200,"diameterIn":7.9,"nominalLabel":"8\" PVC","material":"PVC C900","depthM":1.8,"zone":0,"roadEdge":48,"customers":16,"designPeakHourLps":0.385,"designFireLps":63.26}},{"type":"Feature","id":"water-E467","geometry":{"type":"LineString","coordinates":[[-80.5977476,43.3014926],[-80.5977406,43.3016132],[-80.5977404,43.3016161]]},"properties":{"kind":"distribution","tier":"distribution","placement":"underground","from":"water-T-430","to":"water-T-413","lengthM":13.76,"sizeMm":200,"diameterIn":7.9,"nominalLabel":"8\" PVC","material":"PVC C900","depthM":1.8,"zone":0,"roadEdge":45,"customers":15,"designPeakHourLps":0.333,"designFireLps":63.22}},{"type":"Feature","id":"water-E468","geometry":{"type":"LineString","coordinates":[[-80.5985889,43.3019421],[-80.5985831,43.3019685],[-80.5985824,43.3019715]]},"properties":{"kind":"distribution","tier":"distribution","placement":"underground","from":"water-T-350","to":"water-T-366","lengthM":3.31,"sizeMm":200,"diameterIn":7.9,"nominalLabel":"8\" PVC","material":"PVC C900","depthM":1.8,"zone":0,"roadEdge":37,"customers":15,"designPeakHourLps":0.317,"designFireLps":63.21}},{"type":"Feature","id":"water-E469","geometry":{"type":"LineString","coordinates":[[-80.5995637,43.2973472],[-80.5995502,43.297254],[-80.5995469,43.297231]]},"properties":{"kind":"distribution","tier":"distribution","placement":"underground","from":"water-T-317","to":"water-T-328","lengthM":13.0,"sizeMm":200,"diameterIn":7.9,"nominalLabel":"8\" PVC","material":"PVC C900","depthM":1.8,"zone":0,"roadEdge":34,"customers":9,"designPeakHourLps":0.247,"designFireLps":63.16}},{"type":"Feature","id":"water-E470","geometry":{"type":"LineString","coordinates":[[-80.5994861,43.3019443],[-80.5994824,43.3019714],[-80.5994725,43.3020709]]},"properties":{"kind":"distribution","tier":"distribution","placement":"underground","from":"water-T-296","to":"water-T-283","lengthM":14.14,"sizeMm":200,"diameterIn":7.9,"nominalLabel":"8\" PVC","material":"PVC C900","depthM":1.8,"zone":0,"roadEdge":32,"customers":14,"designPeakHourLps":0.269,"designFireLps":63.18}},{"type":"Feature","id":"water-E471","geometry":{"type":"LineString","coordinates":[[-80.6036446,43.2977496],[-80.6036358,43.2976487],[-80.6036375,43.2975787]]},"properties":{"kind":"distribution","tier":"distribution","placement":"underground","from":"water-J-11","to":"water-T-101","lengthM":19.06,"sizeMm":200,"diameterIn":7.9,"nominalLabel":"8\" PVC","material":"PVC C900","depthM":1.8,"zone":0,"roadEdge":12,"customers":2,"designPeakHourLps":0.032,"designFireLps":63.02}},{"type":"Feature","id":"water-E472","geometry":{"type":"LineString","coordinates":[[-80.6034623,43.3014449],[-80.6034667,43.3014703]]},"properties":{"kind":"distribution","tier":"distribution","placement":"underground","from":"water-T-131","to":"water-T-117","lengthM":2.86,"sizeMm":200,"diameterIn":7.9,"nominalLabel":"8\" PVC","material":"PVC C900","depthM":1.8,"zone":0,"roadEdge":14,"customers":13,"designPeakHourLps":0.262,"designFireLps":63.17}},{"type":"Feature","id":"water-E473","geometry":{"type":"LineString","coordinates":[[-80.602764,43.2971475],[-80.602768,43.2971281]]},"properties":{"kind":"distribution","tier":"distribution","placement":"underground","from":"water-T-158","to":"water-T-156","lengthM":2.19,"sizeMm":200,"diameterIn":7.9,"nominalLabel":"8\" PVC","material":"PVC C900","depthM":1.8,"zone":0,"roadEdge":18,"customers":1,"designPeakHourLps":0.023,"designFireLps":63.02}},{"type":"Feature","id":"water-E474","geometry":{"type":"LineString","coordinates":[[-80.6023611,43.3016591],[-80.6023743,43.3017601]]},"properties":{"kind":"distribution","tier":"distribution","placement":"underground","from":"water-T-200","to":"water-T-180","lengthM":11.3,"sizeMm":200,"diameterIn":7.9,"nominalLabel":"8\" PVC","material":"PVC C900","depthM":1.8,"zone":0,"roadEdge":21,"customers":18,"designPeakHourLps":0.409,"designFireLps":63.27}},{"type":"Feature","id":"water-E475","geometry":{"type":"LineString","coordinates":[[-80.6012939,43.3018192],[-80.6012984,43.3019581]]},"properties":{"kind":"distribution","tier":"distribution","placement":"underground","from":"water-T-242","to":"water-T-263","lengthM":15.47,"sizeMm":200,"diameterIn":7.9,"nominalLabel":"8\" PVC","material":"PVC C900","depthM":1.8,"zone":0,"roadEdge":25,"customers":14,"designPeakHourLps":0.31,"designFireLps":63.21}},{"type":"Feature","id":"water-E476","geometry":{"type":"LineString","coordinates":[[-80.6005899,43.2970769],[-80.6005901,43.2970745]]},"properties":{"kind":"distribution","tier":"trunk","placement":"underground","from":"water-T-538","to":"water-T-557","lengthM":0.27,"sizeMm":300,"diameterIn":11.8,"nominalLabel":"12\" PVC","material":"PVC C900","depthM":1.8,"zone":0,"roadEdge":27,"customers":7,"designPeakHourLps":1.729,"designFireLps":191.15}},{"type":"Feature","id":"water-E477","geometry":{"type":"LineString","coordinates":[[-80.5984155,43.2974268],[-80.5984035,43.297287]]},"properties":{"kind":"distribution","tier":"distribution","placement":"underground","from":"water-T-384","to":"water-T-402","lengthM":15.6,"sizeMm":200,"diameterIn":7.9,"nominalLabel":"8\" PVC","material":"PVC C900","depthM":1.8,"zone":0,"roadEdge":41,"customers":6,"designPeakHourLps":0.138,"designFireLps":63.09}},{"type":"Feature","id":"water-E478","geometry":{"type":"LineString","coordinates":[[-80.5973207,43.2974449],[-80.5973208,43.2974385],[-80.5973268,43.2972764]]},"properties":{"kind":"distribution","tier":"distribution","placement":"underground","from":"water-T-459","to":"water-T-460","lengthM":18.76,"sizeMm":200,"diameterIn":7.9,"nominalLabel":"8\" PVC","material":"PVC C900","depthM":1.8,"zone":0,"roadEdge":46,"customers":4,"designPeakHourLps":0.069,"designFireLps":63.05}},{"type":"Feature","id":"water-E479","geometry":{"type":"LineString","coordinates":[[-80.5954204,43.3012611],[-80.5954207,43.3012623],[-80.595452,43.3014066]]},"properties":{"kind":"distribution","tier":"distribution","placement":"underground","from":"water-T-529","to":"water-T-528","lengthM":16.4,"sizeMm":200,"diameterIn":7.9,"nominalLabel":"8\" PVC","material":"PVC C900","depthM":1.8,"zone":0,"roadEdge":56,"customers":4,"designPeakHourLps":0.063,"designFireLps":63.04}},{"type":"Feature","id":"water-E480","geometry":{"type":"LineString","coordinates":[[-80.5967629,43.3013844],[-80.5967706,43.3014316],[-80.5967834,43.3015307]]},"properties":{"kind":"distribution","tier":"distribution","placement":"underground","from":"water-T-472","to":"water-T-490","lengthM":16.38,"sizeMm":200,"diameterIn":7.9,"nominalLabel":"8\" PVC","material":"PVC C900","depthM":1.8,"zone":0,"roadEdge":48,"customers":15,"designPeakHourLps":0.37,"designFireLps":63.25}},{"type":"Feature","id":"water-E481","geometry":{"type":"LineString","coordinates":[[-80.5977404,43.3016161],[-80.5977365,43.301655]]},"properties":{"kind":"distribution","tier":"distribution","placement":"underground","from":"water-T-413","to":"water-T-431","lengthM":4.34,"sizeMm":200,"diameterIn":7.9,"nominalLabel":"8\" PVC","material":"PVC C900","depthM":1.8,"zone":0,"roadEdge":45,"customers":14,"designPeakHourLps":0.302,"designFireLps":63.2}},{"type":"Feature","id":"water-E482","geometry":{"type":"LineString","coordinates":[[-80.5985824,43.3019715],[-80.5985568,43.3020906]]},"properties":{"kind":"distribution","tier":"distribution","placement":"underground","from":"water-T-366","to":"water-T-351","lengthM":13.43,"sizeMm":200,"diameterIn":7.9,"nominalLabel":"8\" PVC","material":"PVC C900","depthM":1.8,"zone":0,"roadEdge":37,"customers":14,"designPeakHourLps":0.286,"designFireLps":63.19}},{"type":"Feature","id":"water-E483","geometry":{"type":"LineString","coordinates":[[-80.5995469,43.297231],[-80.5995425,43.2971993]]},"properties":{"kind":"distribution","tier":"distribution","placement":"underground","from":"water-T-328","to":"water-T-318","lengthM":3.55,"sizeMm":200,"diameterIn":7.9,"nominalLabel":"8\" PVC","material":"PVC C900","depthM":1.8,"zone":0,"roadEdge":34,"customers":8,"designPeakHourLps":0.216,"designFireLps":63.14}},{"type":"Feature","id":"water-E484","geometry":{"type":"LineString","coordinates":[[-80.5994725,43.3020709],[-80.5994679,43.3021183]]},"properties":{"kind":"distribution","tier":"distribution","placement":"underground","from":"water-T-283","to":"water-T-295","lengthM":5.29,"sizeMm":200,"diameterIn":7.9,"nominalLabel":"8\" PVC","material":"PVC C900","depthM":1.8,"zone":0,"roadEdge":32,"customers":13,"designPeakHourLps":0.239,"designFireLps":63.16}},{"type":"Feature","id":"water-E485","geometry":{"type":"LineString","coordinates":[[-80.6036375,43.2975787],[-80.6036403,43.2974715],[-80.6036432,43.2974337]]},"properties":{"kind":"distribution","tier":"distribution","placement":"underground","from":"water-T-101","to":"water-T-102","lengthM":16.14,"sizeMm":200,"diameterIn":7.9,"nominalLabel":"8\" PVC","material":"PVC C900","depthM":1.8,"zone":0,"roadEdge":12,"customers":1,"designPeakHourLps":0.016,"designFireLps":63.01}},{"type":"Feature","id":"water-E486","geometry":{"type":"LineString","coordinates":[[-80.6034667,43.3014703],[-80.6034874,43.3015918]]},"properties":{"kind":"distribution","tier":"distribution","placement":"underground","from":"water-T-117","to":"water-T-132","lengthM":13.63,"sizeMm":200,"diameterIn":7.9,"nominalLabel":"8\" PVC","material":"PVC C900","depthM":1.8,"zone":0,"roadEdge":14,"customers":12,"designPeakHourLps":0.255,"designFireLps":63.17}},{"type":"Feature","id":"water-E487","geometry":{"type":"LineString","coordinates":[[-80.6023743,43.3017601],[-80.6023798,43.3018029],[-80.6023841,43.3018308]]},"properties":{"kind":"distribution","tier":"distribution","placement":"underground","from":"water-T-180","to":"water-T-201","lengthM":7.91,"sizeMm":200,"diameterIn":7.9,"nominalLabel":"8\" PVC","material":"PVC C900","depthM":1.8,"zone":0,"roadEdge":21,"customers":17,"designPeakHourLps":0.386,"designFireLps":63.26}},{"type":"Feature","id":"water-E488","geometry":{"type":"LineString","coordinates":[[-80.6012984,43.3019581],[-80.6012992,43.3019799],[-80.6013001,43.301994]]},"properties":{"kind":"distribution","tier":"distribution","placement":"underground","from":"water-T-263","to":"water-T-243","lengthM":4.0,"sizeMm":200,"diameterIn":7.9,"nominalLabel":"8\" PVC","material":"PVC C900","depthM":1.8,"zone":0,"roadEdge":25,"customers":13,"designPeakHourLps":0.287,"designFireLps":63.19}},{"type":"Feature","id":"water-E489","geometry":{"type":"LineString","coordinates":[[-80.6005901,43.2970745],[-80.6005909,43.2970617],[-80.6005986,43.2969494],[-80.6006001,43.2969279]]},"properties":{"kind":"distribution","tier":"trunk","placement":"underground","from":"water-T-557","to":"water-T-537","lengthM":16.34,"sizeMm":300,"diameterIn":11.8,"nominalLabel":"12\" PVC","material":"PVC C900","depthM":1.8,"zone":0,"roadEdge":27,"customers":6,"designPeakHourLps":1.701,"designFireLps":191.13}},{"type":"Feature","id":"water-E490","geometry":{"type":"LineString","coordinates":[[-80.5984035,43.297287],[-80.5984013,43.2972615]]},"properties":{"kind":"distribution","tier":"distribution","placement":"underground","from":"water-T-402","to":"water-T-385","lengthM":2.84,"sizeMm":200,"diameterIn":7.9,"nominalLabel":"8\" PVC","material":"PVC C900","depthM":1.8,"zone":0,"roadEdge":41,"customers":5,"designPeakHourLps":0.1,"designFireLps":63.07}},{"type":"Feature","id":"water-E491","geometry":{"type":"LineString","coordinates":[[-80.5973268,43.2972764],[-80.5973274,43.2972597],[-80.5973372,43.2971146]]},"properties":{"kind":"distribution","tier":"distribution","placement":"underground","from":"water-T-460","to":"water-T-461","lengthM":18.03,"sizeMm":200,"diameterIn":7.9,"nominalLabel":"8\" PVC","material":"PVC C900","depthM":1.8,"zone":0,"roadEdge":46,"customers":3,"designPeakHourLps":0.038,"designFireLps":63.03}},{"type":"Feature","id":"water-E492","geometry":{"type":"LineString","coordinates":[[-80.595452,43.3014066],[-80.5954597,43.3014422],[-80.5954846,43.3015556]]},"properties":{"kind":"distribution","tier":"distribution","placement":"underground","from":"water-T-528","to":"water-T-527","lengthM":16.79,"sizeMm":200,"diameterIn":7.9,"nominalLabel":"8\" PVC","material":"PVC C900","depthM":1.8,"zone":0,"roadEdge":56,"customers":3,"designPeakHourLps":0.04,"designFireLps":63.03}},{"type":"Feature","id":"water-E493","geometry":{"type":"LineString","coordinates":[[-80.5967834,43.3015307],[-80.5967846,43.30154]]},"properties":{"kind":"distribution","tier":"distribution","placement":"underground","from":"water-T-490","to":"water-T-473","lengthM":1.03,"sizeMm":200,"diameterIn":7.9,"nominalLabel":"8\" PVC","material":"PVC C900","depthM":1.8,"zone":0,"roadEdge":48,"customers":14,"designPeakHourLps":0.332,"designFireLps":63.22}},{"type":"Feature","id":"water-E494","geometry":{"type":"LineString","coordinates":[[-80.5977365,43.301655],[-80.5977228,43.3017906]]},"properties":{"kind":"distribution","tier":"distribution","placement":"underground","from":"water-T-431","to":"water-T-414","lengthM":15.14,"sizeMm":200,"diameterIn":7.9,"nominalLabel":"8\" PVC","material":"PVC C900","depthM":1.8,"zone":0,"roadEdge":45,"customers":13,"designPeakHourLps":0.256,"designFireLps":63.17}},{"type":"Feature","id":"water-E495","geometry":{"type":"LineString","coordinates":[[-80.5985568,43.3020906],[-80.5985501,43.3021218]]},"properties":{"kind":"distribution","tier":"distribution","placement":"underground","from":"water-T-351","to":"water-T-367","lengthM":3.52,"sizeMm":200,"diameterIn":7.9,"nominalLabel":"8\" PVC","material":"PVC C900","depthM":1.8,"zone":0,"roadEdge":37,"customers":13,"designPeakHourLps":0.263,"designFireLps":63.18}},{"type":"Feature","id":"water-E496","geometry":{"type":"LineString","coordinates":[[-80.5995425,43.2971993],[-80.5995252,43.2970757]]},"properties":{"kind":"distribution","tier":"distribution","placement":"underground","from":"water-T-318","to":"water-T-329","lengthM":13.83,"sizeMm":200,"diameterIn":7.9,"nominalLabel":"8\" PVC","material":"PVC C900","depthM":1.8,"zone":0,"roadEdge":34,"customers":7,"designPeakHourLps":0.201,"designFireLps":63.13}},{"type":"Feature","id":"water-E497","geometry":{"type":"LineString","coordinates":[[-80.5994679,43.3021183],[-80.5994645,43.3021522],[-80.5994599,43.3022322]]},"properties":{"kind":"distribution","tier":"distribution","placement":"underground","from":"water-T-295","to":"water-T-282","lengthM":12.69,"sizeMm":200,"diameterIn":7.9,"nominalLabel":"8\" PVC","material":"PVC C900","depthM":1.8,"zone":0,"roadEdge":32,"customers":12,"designPeakHourLps":0.231,"designFireLps":63.15}},{"type":"Feature","id":"water-E498","geometry":{"type":"LineString","coordinates":[[-80.6034874,43.3015918],[-80.6034925,43.3016214]]},"properties":{"kind":"distribution","tier":"distribution","placement":"underground","from":"water-T-132","to":"water-T-118","lengthM":3.32,"sizeMm":200,"diameterIn":7.9,"nominalLabel":"8\" PVC","material":"PVC C900","depthM":1.8,"zone":0,"roadEdge":14,"customers":11,"designPeakHourLps":0.224,"designFireLps":63.15}},{"type":"Feature","id":"water-E499","geometry":{"type":"LineString","coordinates":[[-80.6023841,43.3018308],[-80.6023958,43.3019081]]},"properties":{"kind":"distribution","tier":"distribution","placement":"underground","from":"water-T-201","to":"water-T-181","lengthM":8.65,"sizeMm":200,"diameterIn":7.9,"nominalLabel":"8\" PVC","material":"PVC C900","depthM":1.8,"zone":0,"roadEdge":21,"customers":16,"designPeakHourLps":0.363,"designFireLps":63.24}},{"type":"Feature","id":"water-E500","geometry":{"type":"LineString","coordinates":[[-80.6013001,43.301994],[-80.6013093,43.3021257]]},"properties":{"kind":"distribution","tier":"distribution","placement":"underground","from":"water-T-243","to":"water-T-264","lengthM":14.68,"sizeMm":200,"diameterIn":7.9,"nominalLabel":"8\" PVC","material":"PVC C900","depthM":1.8,"zone":0,"roadEdge":25,"customers":12,"designPeakHourLps":0.24,"designFireLps":63.16}},{"type":"Feature","id":"water-E501","geometry":{"type":"LineString","coordinates":[[-80.6006001,43.2969279],[-80.6006005,43.2969218]]},"properties":{"kind":"distribution","tier":"trunk","placement":"underground","from":"water-T-537","to":"water-T-556","lengthM":0.69,"sizeMm":300,"diameterIn":11.8,"nominalLabel":"12\" PVC","material":"PVC C900","depthM":1.8,"zone":0,"roadEdge":27,"customers":5,"designPeakHourLps":1.674,"designFireLps":191.12}},{"type":"Feature","id":"water-E502","geometry":{"type":"LineString","coordinates":[[-80.5984013,43.2972615],[-80.5984009,43.297256],[-80.5983912,43.2970935]]},"properties":{"kind":"distribution","tier":"distribution","placement":"underground","from":"water-T-385","to":"water-T-386","lengthM":18.72,"sizeMm":200,"diameterIn":7.9,"nominalLabel":"8\" PVC","material":"PVC C900","depthM":1.8,"zone":0,"roadEdge":41,"customers":4,"designPeakHourLps":0.084,"designFireLps":63.06}},{"type":"Feature","id":"water-E503","geometry":{"type":"LineString","coordinates":[[-80.5973372,43.2971146],[-80.5973394,43.2970809],[-80.5973525,43.2969419]]},"properties":{"kind":"distribution","tier":"distribution","placement":"underground","from":"water-T-461","to":"water-T-462","lengthM":19.26,"sizeMm":200,"diameterIn":7.9,"nominalLabel":"8\" PVC","material":"PVC C900","depthM":1.8,"zone":0,"roadEdge":46,"customers":2,"designPeakHourLps":0.023,"designFireLps":63.02}},{"type":"Feature","id":"water-E504","geometry":{"type":"LineString","coordinates":[[-80.5954846,43.3015556],[-80.5954991,43.3016218],[-80.5955188,43.3017142]]},"properties":{"kind":"distribution","tier":"distribution","placement":"underground","from":"water-T-527","to":"water-T-526","lengthM":17.87,"sizeMm":200,"diameterIn":7.9,"nominalLabel":"8\" PVC","material":"PVC C900","depthM":1.8,"zone":0,"roadEdge":56,"customers":2,"designPeakHourLps":0.024,"designFireLps":63.02}},{"type":"Feature","id":"water-E505","geometry":{"type":"LineString","coordinates":[[-80.5967846,43.30154],[-80.5967939,43.3016123],[-80.5968002,43.3016808]]},"properties":{"kind":"distribution","tier":"distribution","placement":"underground","from":"water-T-473","to":"water-T-474","lengthM":15.73,"sizeMm":200,"diameterIn":7.9,"nominalLabel":"8\" PVC","material":"PVC C900","depthM":1.8,"zone":0,"roadEdge":48,"customers":13,"designPeakHourLps":0.309,"designFireLps":63.21}},{"type":"Feature","id":"water-E506","geometry":{"type":"LineString","coordinates":[[-80.5977228,43.3017906],[-80.5977227,43.3017917],[-80.5977192,43.3018174]]},"properties":{"kind":"distribution","tier":"distribution","placement":"underground","from":"water-T-414","to":"water-T-432","lengthM":3.0,"sizeMm":200,"diameterIn":7.9,"nominalLabel":"8\" PVC","material":"PVC C900","depthM":1.8,"zone":0,"roadEdge":45,"customers":12,"designPeakHourLps":0.248,"designFireLps":63.17}},{"type":"Feature","id":"water-E507","geometry":{"type":"LineString","coordinates":[[-80.5985501,43.3021218],[-80.5985444,43.3021485],[-80.5985251,43.3022439]]},"properties":{"kind":"distribution","tier":"distribution","placement":"underground","from":"water-T-367","to":"water-T-352","lengthM":13.74,"sizeMm":200,"diameterIn":7.9,"nominalLabel":"8\" PVC","material":"PVC C900","depthM":1.8,"zone":0,"roadEdge":37,"customers":12,"designPeakHourLps":0.248,"designFireLps":63.17}},{"type":"Feature","id":"water-E508","geometry":{"type":"LineString","coordinates":[[-80.5995252,43.2970757],[-80.599525,43.2970746],[-80.5995223,43.2970532]]},"properties":{"kind":"distribution","tier":"distribution","placement":"underground","from":"water-T-329","to":"water-T-319","lengthM":2.51,"sizeMm":200,"diameterIn":7.9,"nominalLabel":"8\" PVC","material":"PVC C900","depthM":1.8,"zone":0,"roadEdge":34,"customers":6,"designPeakHourLps":0.177,"designFireLps":63.12}},{"type":"Feature","id":"water-E509","geometry":{"type":"LineString","coordinates":[[-80.5994599,43.3022322],[-80.5994566,43.3022903]]},"properties":{"kind":"distribution","tier":"distribution","placement":"underground","from":"water-T-282","to":"water-T-294","lengthM":6.48,"sizeMm":200,"diameterIn":7.9,"nominalLabel":"8\" PVC","material":"PVC C900","depthM":1.8,"zone":0,"roadEdge":32,"customers":11,"designPeakHourLps":0.208,"designFireLps":63.14}},{"type":"Feature","id":"water-E510","geometry":{"type":"LineString","coordinates":[[-80.6034925,43.3016214],[-80.603493,43.3016241],[-80.6035134,43.3017454]]},"properties":{"kind":"distribution","tier":"distribution","placement":"underground","from":"water-T-118","to":"water-T-133","lengthM":13.91,"sizeMm":200,"diameterIn":7.9,"nominalLabel":"8\" PVC","material":"PVC C900","depthM":1.8,"zone":0,"roadEdge":14,"customers":10,"designPeakHourLps":0.208,"designFireLps":63.14}},{"type":"Feature","id":"water-E511","geometry":{"type":"LineString","coordinates":[[-80.6023958,43.3019081],[-80.6024072,43.3019831],[-80.6024101,43.3020008]]},"properties":{"kind":"distribution","tier":"distribution","placement":"underground","from":"water-T-181","to":"water-T-202","lengthM":10.39,"sizeMm":200,"diameterIn":7.9,"nominalLabel":"8\" PVC","material":"PVC C900","depthM":1.8,"zone":0,"roadEdge":21,"customers":15,"designPeakHourLps":0.355,"designFireLps":63.24}},{"type":"Feature","id":"water-E512","geometry":{"type":"LineString","coordinates":[[-80.6013093,43.3021257],[-80.6013117,43.3021606],[-80.6013119,43.3021627]]},"properties":{"kind":"distribution","tier":"distribution","placement":"underground","from":"water-T-264","to":"water-T-244","lengthM":4.12,"sizeMm":200,"diameterIn":7.9,"nominalLabel":"8\" PVC","material":"PVC C900","depthM":1.8,"zone":0,"roadEdge":25,"customers":11,"designPeakHourLps":0.209,"designFireLps":63.14}},{"type":"Feature","id":"water-E513","geometry":{"type":"LineString","coordinates":[[-80.6006005,43.2969218],[-80.6006024,43.2968932],[-80.6006103,43.2967809],[-80.6006108,43.2967737]]},"properties":{"kind":"distribution","tier":"trunk","placement":"underground","from":"water-T-556","to":"water-T-555","lengthM":16.51,"sizeMm":300,"diameterIn":11.8,"nominalLabel":"12\" PVC","material":"PVC C900","depthM":1.8,"zone":0,"roadEdge":27,"customers":4,"designPeakHourLps":1.646,"designFireLps":191.1}},{"type":"Feature","id":"water-E514","geometry":{"type":"LineString","coordinates":[[-80.5983912,43.2970935],[-80.5983903,43.2970772],[-80.5983862,43.2969288]]},"properties":{"kind":"distribution","tier":"distribution","placement":"underground","from":"water-T-386","to":"water-T-387","lengthM":18.34,"sizeMm":200,"diameterIn":7.9,"nominalLabel":"8\" PVC","material":"PVC C900","depthM":1.8,"zone":0,"roadEdge":41,"customers":3,"designPeakHourLps":0.053,"designFireLps":63.04}},{"type":"Feature","id":"water-E515","geometry":{"type":"LineString","coordinates":[[-80.5973525,43.2969419],[-80.5973563,43.2969019],[-80.597371,43.2967751]]},"properties":{"kind":"distribution","tier":"distribution","placement":"underground","from":"water-T-462","to":"water-T-463","lengthM":18.63,"sizeMm":200,"diameterIn":7.9,"nominalLabel":"8\" PVC","material":"PVC C900","depthM":1.8,"zone":0,"roadEdge":46,"customers":1,"designPeakHourLps":0.015,"designFireLps":63.01}},{"type":"Feature","id":"water-E516","geometry":{"type":"LineString","coordinates":[[-80.5955188,43.3017142],[-80.5955374,43.3018012],[-80.5955491,43.3018604]]},"properties":{"kind":"distribution","tier":"distribution","placement":"underground","from":"water-T-526","to":"water-T-525","lengthM":16.46,"sizeMm":200,"diameterIn":7.9,"nominalLabel":"8\" PVC","material":"PVC C900","depthM":1.8,"zone":0,"roadEdge":56,"customers":1,"designPeakHourLps":0.008,"designFireLps":63.01}},{"type":"Feature","id":"water-E517","geometry":{"type":"LineString","coordinates":[[-80.5968002,43.3016808],[-80.5968006,43.3016853]]},"properties":{"kind":"distribution","tier":"distribution","placement":"underground","from":"water-T-474","to":"water-T-491","lengthM":0.5,"sizeMm":200,"diameterIn":7.9,"nominalLabel":"8\" PVC","material":"PVC C900","depthM":1.8,"zone":0,"roadEdge":48,"customers":12,"designPeakHourLps":0.278,"designFireLps":63.19}},{"type":"Feature","id":"water-E518","geometry":{"type":"LineString","coordinates":[[-80.5977192,43.3018174],[-80.5976983,43.3019705]]},"properties":{"kind":"distribution","tier":"distribution","placement":"underground","from":"water-T-432","to":"water-T-415","lengthM":17.13,"sizeMm":200,"diameterIn":7.9,"nominalLabel":"8\" PVC","material":"PVC C900","depthM":1.8,"zone":0,"roadEdge":45,"customers":11,"designPeakHourLps":0.24,"designFireLps":63.16}},{"type":"Feature","id":"water-E519","geometry":{"type":"LineString","coordinates":[[-80.5985251,43.3022439],[-80.5985206,43.3022665]]},"properties":{"kind":"distribution","tier":"distribution","placement":"underground","from":"water-T-352","to":"water-T-368","lengthM":2.54,"sizeMm":200,"diameterIn":7.9,"nominalLabel":"8\" PVC","material":"PVC C900","depthM":1.8,"zone":0,"roadEdge":37,"customers":11,"designPeakHourLps":0.24,"designFireLps":63.16}},{"type":"Feature","id":"water-E520","geometry":{"type":"LineString","coordinates":[[-80.5995223,43.2970532],[-80.5995072,43.2969356]]},"properties":{"kind":"distribution","tier":"distribution","placement":"underground","from":"water-T-319","to":"water-T-330","lengthM":13.15,"sizeMm":200,"diameterIn":7.9,"nominalLabel":"8\" PVC","material":"PVC C900","depthM":1.8,"zone":0,"roadEdge":34,"customers":5,"designPeakHourLps":0.139,"designFireLps":63.09}},{"type":"Feature","id":"water-E521","geometry":{"type":"LineString","coordinates":[[-80.5994566,43.3022903],[-80.5994542,43.3023332],[-80.5994535,43.3023885]]},"properties":{"kind":"distribution","tier":"distribution","placement":"underground","from":"water-T-294","to":"water-T-281","lengthM":10.93,"sizeMm":200,"diameterIn":7.9,"nominalLabel":"8\" PVC","material":"PVC C900","depthM":1.8,"zone":0,"roadEdge":32,"customers":10,"designPeakHourLps":0.192,"designFireLps":63.13}},{"type":"Feature","id":"water-E522","geometry":{"type":"LineString","coordinates":[[-80.6035134,43.3017454],[-80.6035165,43.3017638]]},"properties":{"kind":"distribution","tier":"distribution","placement":"underground","from":"water-T-133","to":"water-T-119","lengthM":2.06,"sizeMm":200,"diameterIn":7.9,"nominalLabel":"8\" PVC","material":"PVC C900","depthM":1.8,"zone":0,"roadEdge":14,"customers":9,"designPeakHourLps":0.193,"designFireLps":63.13}},{"type":"Feature","id":"water-E523","geometry":{"type":"LineString","coordinates":[[-80.6024101,43.3020008],[-80.6024199,43.3020593]]},"properties":{"kind":"distribution","tier":"distribution","placement":"underground","from":"water-T-202","to":"water-T-182","lengthM":6.56,"sizeMm":200,"diameterIn":7.9,"nominalLabel":"8\" PVC","material":"PVC C900","depthM":1.8,"zone":0,"roadEdge":21,"customers":14,"designPeakHourLps":0.317,"designFireLps":63.21}},{"type":"Feature","id":"water-E524","geometry":{"type":"LineString","coordinates":[[-80.6013119,43.3021627],[-80.6013249,43.3022878]]},"properties":{"kind":"distribution","tier":"distribution","placement":"underground","from":"water-T-244","to":"water-T-265","lengthM":13.97,"sizeMm":200,"diameterIn":7.9,"nominalLabel":"8\" PVC","material":"PVC C900","depthM":1.8,"zone":0,"roadEdge":25,"customers":10,"designPeakHourLps":0.186,"designFireLps":63.12}},{"type":"Feature","id":"water-E525","geometry":{"type":"LineString","coordinates":[[-80.6006108,43.2967737],[-80.6006143,43.2967247],[-80.6006184,43.2966685],[-80.6006214,43.296628]]},"properties":{"kind":"distribution","tier":"trunk","placement":"underground","from":"water-T-555","to":"water-T-554","lengthM":16.24,"sizeMm":300,"diameterIn":11.8,"nominalLabel":"12\" PVC","material":"PVC C900","depthM":1.8,"zone":0,"roadEdge":27,"customers":3,"designPeakHourLps":1.618,"designFireLps":191.08}},{"type":"Feature","id":"water-E526","geometry":{"type":"LineString","coordinates":[[-80.5983862,43.2969288],[-80.5983854,43.2968985],[-80.598386,43.2967588]]},"properties":{"kind":"distribution","tier":"distribution","placement":"underground","from":"water-T-387","to":"water-T-388","lengthM":18.92,"sizeMm":200,"diameterIn":7.9,"nominalLabel":"8\" PVC","material":"PVC C900","depthM":1.8,"zone":0,"roadEdge":41,"customers":2,"designPeakHourLps":0.046,"designFireLps":63.03}},{"type":"Feature","id":"water-E527","geometry":{"type":"LineString","coordinates":[[-80.5968006,43.3016853],[-80.5968104,43.3017931],[-80.5968121,43.3018261]]},"properties":{"kind":"distribution","tier":"distribution","placement":"underground","from":"water-T-491","to":"water-T-475","lengthM":15.71,"sizeMm":200,"diameterIn":7.9,"nominalLabel":"8\" PVC","material":"PVC C900","depthM":1.8,"zone":0,"roadEdge":48,"customers":11,"designPeakHourLps":0.263,"designFireLps":63.18}},{"type":"Feature","id":"water-E528","geometry":{"type":"LineString","coordinates":[[-80.5976983,43.3019705],[-80.5976984,43.3019699],[-80.5976946,43.3019924]]},"properties":{"kind":"distribution","tier":"distribution","placement":"underground","from":"water-T-415","to":"water-T-433","lengthM":2.6,"sizeMm":200,"diameterIn":7.9,"nominalLabel":"8\" PVC","material":"PVC C900","depthM":1.8,"zone":0,"roadEdge":45,"customers":10,"designPeakHourLps":0.225,"designFireLps":63.15}},{"type":"Feature","id":"water-E529","geometry":{"type":"LineString","coordinates":[[-80.5985206,43.3022665],[-80.5985081,43.3023286],[-80.5984967,43.3023922]]},"properties":{"kind":"distribution","tier":"distribution","placement":"underground","from":"water-T-368","to":"water-T-353","lengthM":14.12,"sizeMm":200,"diameterIn":7.9,"nominalLabel":"8\" PVC","material":"PVC C900","depthM":1.8,"zone":0,"roadEdge":37,"customers":10,"designPeakHourLps":0.224,"designFireLps":63.15}},{"type":"Feature","id":"water-E530","geometry":{"type":"LineString","coordinates":[[-80.5995072,43.2969356],[-80.599502,43.2968953],[-80.5994899,43.296786]]},"properties":{"kind":"distribution","tier":"distribution","placement":"underground","from":"water-T-330","to":"water-T-331","lengthM":16.71,"sizeMm":200,"diameterIn":7.9,"nominalLabel":"8\" PVC","material":"PVC C900","depthM":1.8,"zone":0,"roadEdge":34,"customers":4,"designPeakHourLps":0.1,"designFireLps":63.07}},{"type":"Feature","id":"water-E531","geometry":{"type":"LineString","coordinates":[[-80.5994535,43.3023885],[-80.5994525,43.302466]]},"properties":{"kind":"distribution","tier":"distribution","placement":"underground","from":"water-T-281","to":"water-T-293","lengthM":8.64,"sizeMm":200,"diameterIn":7.9,"nominalLabel":"8\" PVC","material":"PVC C900","depthM":1.8,"zone":0,"roadEdge":32,"customers":9,"designPeakHourLps":0.177,"designFireLps":63.12}},{"type":"Feature","id":"water-E532","geometry":{"type":"LineString","coordinates":[[-80.6035165,43.3017638],[-80.6035232,43.3018035],[-80.6035364,43.3018878]]},"properties":{"kind":"distribution","tier":"distribution","placement":"underground","from":"water-T-119","to":"water-T-134","lengthM":13.9,"sizeMm":200,"diameterIn":7.9,"nominalLabel":"8\" PVC","material":"PVC C900","depthM":1.8,"zone":0,"roadEdge":14,"customers":8,"designPeakHourLps":0.17,"designFireLps":63.11}},{"type":"Feature","id":"water-E533","geometry":{"type":"LineString","coordinates":[[-80.6024199,43.3020593],[-80.6024371,43.302163],[-80.6024391,43.3021745]]},"properties":{"kind":"distribution","tier":"distribution","placement":"underground","from":"water-T-182","to":"water-T-203","lengthM":12.92,"sizeMm":200,"diameterIn":7.9,"nominalLabel":"8\" PVC","material":"PVC C900","depthM":1.8,"zone":0,"roadEdge":21,"customers":13,"designPeakHourLps":0.286,"designFireLps":63.19}},{"type":"Feature","id":"water-E534","geometry":{"type":"LineString","coordinates":[[-80.6013249,43.3022878],[-80.6013293,43.3023304]]},"properties":{"kind":"distribution","tier":"distribution","placement":"underground","from":"water-T-265","to":"water-T-245","lengthM":4.76,"sizeMm":200,"diameterIn":7.9,"nominalLabel":"8\" PVC","material":"PVC C900","depthM":1.8,"zone":0,"roadEdge":25,"customers":9,"designPeakHourLps":0.163,"designFireLps":63.11}},{"type":"Feature","id":"water-E535","geometry":{"type":"LineString","coordinates":[[-80.6006214,43.296628],[-80.6006226,43.2966124],[-80.6006266,43.2965562],[-80.600631,43.2965],[-80.6006323,43.2964814]]},"properties":{"kind":"distribution","tier":"trunk","placement":"underground","from":"water-T-554","to":"water-T-553","lengthM":16.34,"sizeMm":300,"diameterIn":11.8,"nominalLabel":"12\" PVC","material":"PVC C900","depthM":1.8,"zone":0,"roadEdge":27,"customers":2,"designPeakHourLps":1.59,"designFireLps":191.06}},{"type":"Feature","id":"water-E536","geometry":{"type":"LineString","coordinates":[[-80.598386,43.2967588],[-80.5983862,43.2967198],[-80.5983907,43.2965984]]},"properties":{"kind":"distribution","tier":"distribution","placement":"underground","from":"water-T-388","to":"water-T-389","lengthM":17.86,"sizeMm":200,"diameterIn":7.9,"nominalLabel":"8\" PVC","material":"PVC C900","depthM":1.8,"zone":0,"roadEdge":41,"customers":1,"designPeakHourLps":0.008,"designFireLps":63.01}},{"type":"Feature","id":"water-E537","geometry":{"type":"LineString","coordinates":[[-80.5968121,43.3018261],[-80.5968131,43.3018464]]},"properties":{"kind":"distribution","tier":"distribution","placement":"underground","from":"water-T-475","to":"water-T-492","lengthM":2.26,"sizeMm":200,"diameterIn":7.9,"nominalLabel":"8\" PVC","material":"PVC C900","depthM":1.8,"zone":0,"roadEdge":48,"customers":10,"designPeakHourLps":0.217,"designFireLps":63.14}},{"type":"Feature","id":"water-E538","geometry":{"type":"LineString","coordinates":[[-80.5976946,43.3019924],[-80.5976705,43.3021352]]},"properties":{"kind":"distribution","tier":"distribution","placement":"underground","from":"water-T-433","to":"water-T-416","lengthM":16.01,"sizeMm":200,"diameterIn":7.9,"nominalLabel":"8\" PVC","material":"PVC C900","depthM":1.8,"zone":0,"roadEdge":45,"customers":9,"designPeakHourLps":0.217,"designFireLps":63.14}},{"type":"Feature","id":"water-E539","geometry":{"type":"LineString","coordinates":[[-80.5984967,43.3023922],[-80.598491,43.3024237]]},"properties":{"kind":"distribution","tier":"distribution","placement":"underground","from":"water-T-353","to":"water-T-369","lengthM":3.54,"sizeMm":200,"diameterIn":7.9,"nominalLabel":"8\" PVC","material":"PVC C900","depthM":1.8,"zone":0,"roadEdge":37,"customers":9,"designPeakHourLps":0.209,"designFireLps":63.14}},{"type":"Feature","id":"water-E540","geometry":{"type":"LineString","coordinates":[[-80.5994899,43.296786],[-80.5994822,43.2967163],[-80.5994749,43.2966318]]},"properties":{"kind":"distribution","tier":"distribution","placement":"underground","from":"water-T-331","to":"water-T-332","lengthM":17.21,"sizeMm":200,"diameterIn":7.9,"nominalLabel":"8\" PVC","material":"PVC C900","depthM":1.8,"zone":0,"roadEdge":34,"customers":3,"designPeakHourLps":0.061,"designFireLps":63.04}},{"type":"Feature","id":"water-E541","geometry":{"type":"LineString","coordinates":[[-80.5994525,43.302466],[-80.599452,43.3025141],[-80.5994535,43.3025618]]},"properties":{"kind":"distribution","tier":"distribution","placement":"underground","from":"water-T-293","to":"water-T-280","lengthM":10.66,"sizeMm":200,"diameterIn":7.9,"nominalLabel":"8\" PVC","material":"PVC C900","depthM":1.8,"zone":0,"roadEdge":32,"customers":8,"designPeakHourLps":0.154,"designFireLps":63.1}},{"type":"Feature","id":"water-E542","geometry":{"type":"LineString","coordinates":[[-80.6035364,43.3018878],[-80.6035403,43.3019127]]},"properties":{"kind":"distribution","tier":"distribution","placement":"underground","from":"water-T-134","to":"water-T-120","lengthM":2.79,"sizeMm":200,"diameterIn":7.9,"nominalLabel":"8\" PVC","material":"PVC C900","depthM":1.8,"zone":0,"roadEdge":14,"customers":7,"designPeakHourLps":0.155,"designFireLps":63.1}},{"type":"Feature","id":"water-E543","geometry":{"type":"LineString","coordinates":[[-80.6024391,43.3021745],[-80.6024456,43.3022128]]},"properties":{"kind":"distribution","tier":"distribution","placement":"underground","from":"water-T-203","to":"water-T-183","lengthM":4.3,"sizeMm":200,"diameterIn":7.9,"nominalLabel":"8\" PVC","material":"PVC C900","depthM":1.8,"zone":0,"roadEdge":21,"customers":12,"designPeakHourLps":0.247,"designFireLps":63.16}},{"type":"Feature","id":"water-E544","geometry":{"type":"LineString","coordinates":[[-80.6013293,43.3023304],[-80.6013304,43.3023412],[-80.6013456,43.3024565]]},"properties":{"kind":"distribution","tier":"distribution","placement":"underground","from":"water-T-245","to":"water-T-266","lengthM":14.11,"sizeMm":200,"diameterIn":7.9,"nominalLabel":"8\" PVC","material":"PVC C900","depthM":1.8,"zone":0,"roadEdge":25,"customers":8,"designPeakHourLps":0.148,"designFireLps":63.1}},{"type":"Feature","id":"water-E545","geometry":{"type":"LineString","coordinates":[[-80.6006323,43.2964814],[-80.6006351,43.2964439],[-80.6006395,43.2963877],[-80.6006438,43.2963315],[-80.6006571,43.296163],[-80.6006617,43.2961068],[-80.6006663,43.2960507],[-80.6006708,43.2959945],[-80.6006755,43.2959383],[-80.6006802,43.2958822],[-80.6006849,43.295826],[-80.6006994,43.2956575],[-80.6007043,43.2956014],[-80.6007091,43.2955452],[-80.6007141,43.295489],[-80.6007242,43.2953767],[-80.6007292,43.2953206],[-80.6007343,43.2952644],[-80.6007394,43.2952082],[-80.6007549,43.2950397],[-80.6007602,43.2949836],[-80.6007654,43.2949275],[-80.6007707,43.2948713],[-80.600776,43.2948151],[-80.6007808,43.2947645]]},"properties":{"kind":"distribution","tier":"trunk","placement":"underground","from":"water-T-553","to":"water-T-623","lengthM":191.5,"sizeMm":300,"diameterIn":11.8,"nominalLabel":"12\" PVC","material":"PVC C900","depthM":1.8,"zone":0,"roadEdge":27,"customers":1,"designPeakHourLps":1.562,"designFireLps":191.04}},{"type":"Feature","id":"water-E546","geometry":{"type":"LineString","coordinates":[[-80.5968131,43.3018464],[-80.5968194,43.301974],[-80.5968195,43.3019882]]},"properties":{"kind":"distribution","tier":"distribution","placement":"underground","from":"water-T-492","to":"water-T-476","lengthM":15.8,"sizeMm":200,"diameterIn":7.9,"nominalLabel":"8\" PVC","material":"PVC C900","depthM":1.8,"zone":0,"roadEdge":48,"customers":9,"designPeakHourLps":0.193,"designFireLps":63.13}},{"type":"Feature","id":"water-E547","geometry":{"type":"LineString","coordinates":[[-80.5976705,43.3021352],[-80.5976681,43.3021492],[-80.5976651,43.3021648]]},"properties":{"kind":"distribution","tier":"distribution","placement":"underground","from":"water-T-416","to":"water-T-434","lengthM":3.33,"sizeMm":200,"diameterIn":7.9,"nominalLabel":"8\" PVC","material":"PVC C900","depthM":1.8,"zone":0,"roadEdge":45,"customers":8,"designPeakHourLps":0.171,"designFireLps":63.11}},{"type":"Feature","id":"water-E548","geometry":{"type":"LineString","coordinates":[[-80.598491,43.3024237],[-80.5984756,43.302509],[-80.5984707,43.3025416]]},"properties":{"kind":"distribution","tier":"distribution","placement":"underground","from":"water-T-369","to":"water-T-354","lengthM":13.23,"sizeMm":200,"diameterIn":7.9,"nominalLabel":"8\" PVC","material":"PVC C900","depthM":1.8,"zone":0,"roadEdge":37,"customers":8,"designPeakHourLps":0.194,"designFireLps":63.13}},{"type":"Feature","id":"water-E549","geometry":{"type":"LineString","coordinates":[[-80.5994749,43.2966318],[-80.5994667,43.2965374],[-80.5994633,43.2964798]]},"properties":{"kind":"distribution","tier":"distribution","placement":"underground","from":"water-T-332","to":"water-T-333","lengthM":16.94,"sizeMm":200,"diameterIn":7.9,"nominalLabel":"8\" PVC","material":"PVC C900","depthM":1.8,"zone":0,"roadEdge":34,"customers":2,"designPeakHourLps":0.053,"designFireLps":63.04}},{"type":"Feature","id":"water-E550","geometry":{"type":"LineString","coordinates":[[-80.5994535,43.3025618],[-80.5994558,43.3026367]]},"properties":{"kind":"distribution","tier":"distribution","placement":"underground","from":"water-T-280","to":"water-T-292","lengthM":8.34,"sizeMm":200,"diameterIn":7.9,"nominalLabel":"8\" PVC","material":"PVC C900","depthM":1.8,"zone":0,"roadEdge":32,"customers":7,"designPeakHourLps":0.147,"designFireLps":63.1}},{"type":"Feature","id":"water-E551","geometry":{"type":"LineString","coordinates":[[-80.6035403,43.3019127],[-80.6035512,43.3019827],[-80.6035573,43.302027]]},"properties":{"kind":"distribution","tier":"distribution","placement":"underground","from":"water-T-120","to":"water-T-135","lengthM":12.81,"sizeMm":200,"diameterIn":7.9,"nominalLabel":"8\" PVC","material":"PVC C900","depthM":1.8,"zone":0,"roadEdge":14,"customers":6,"designPeakHourLps":0.132,"designFireLps":63.09}},{"type":"Feature","id":"water-E552","geometry":{"type":"LineString","coordinates":[[-80.6024456,43.3022128],[-80.6024673,43.3023396]]},"properties":{"kind":"distribution","tier":"distribution","placement":"underground","from":"water-T-183","to":"water-T-204","lengthM":14.22,"sizeMm":200,"diameterIn":7.9,"nominalLabel":"8\" PVC","material":"PVC C900","depthM":1.8,"zone":0,"roadEdge":21,"customers":11,"designPeakHourLps":0.216,"designFireLps":63.14}},{"type":"Feature","id":"water-E553","geometry":{"type":"LineString","coordinates":[[-80.6013456,43.3024565],[-80.6013512,43.3024984]]},"properties":{"kind":"distribution","tier":"distribution","placement":"underground","from":"water-T-266","to":"water-T-246","lengthM":4.69,"sizeMm":200,"diameterIn":7.9,"nominalLabel":"8\" PVC","material":"PVC C900","depthM":1.8,"zone":0,"roadEdge":25,"customers":7,"designPeakHourLps":0.14,"designFireLps":63.09}},{"type":"Feature","id":"water-E554","geometry":{"type":"LineString","coordinates":[[-80.5968195,43.3019882],[-80.5968195,43.3019991]]},"properties":{"kind":"distribution","tier":"distribution","placement":"underground","from":"water-T-476","to":"water-T-493","lengthM":1.21,"sizeMm":200,"diameterIn":7.9,"nominalLabel":"8\" PVC","material":"PVC C900","depthM":1.8,"zone":0,"roadEdge":48,"customers":8,"designPeakHourLps":0.17,"designFireLps":63.11}},{"type":"Feature","id":"water-E555","geometry":{"type":"LineString","coordinates":[[-80.5976651,43.3021648],[-80.5976385,43.302302]]},"properties":{"kind":"distribution","tier":"distribution","placement":"underground","from":"water-T-434","to":"water-T-417","lengthM":15.43,"sizeMm":200,"diameterIn":7.9,"nominalLabel":"8\" PVC","material":"PVC C900","depthM":1.8,"zone":0,"roadEdge":45,"customers":7,"designPeakHourLps":0.147,"designFireLps":63.1}},{"type":"Feature","id":"water-E556","geometry":{"type":"LineString","coordinates":[[-80.5984707,43.3025416],[-80.5984669,43.3025667]]},"properties":{"kind":"distribution","tier":"distribution","placement":"underground","from":"water-T-354","to":"water-T-370","lengthM":2.81,"sizeMm":200,"diameterIn":7.9,"nominalLabel":"8\" PVC","material":"PVC C900","depthM":1.8,"zone":0,"roadEdge":37,"customers":7,"designPeakHourLps":0.186,"designFireLps":63.12}},{"type":"Feature","id":"water-E557","geometry":{"type":"LineString","coordinates":[[-80.5994633,43.2964798],[-80.5994561,43.2963586],[-80.5994554,43.2963339]]},"properties":{"kind":"distribution","tier":"distribution","placement":"underground","from":"water-T-333","to":"water-T-334","lengthM":16.26,"sizeMm":200,"diameterIn":7.9,"nominalLabel":"8\" PVC","material":"PVC C900","depthM":1.8,"zone":0,"roadEdge":34,"customers":1,"designPeakHourLps":0.015,"designFireLps":63.01}},{"type":"Feature","id":"water-E558","geometry":{"type":"LineString","coordinates":[[-80.5994558,43.3026367],[-80.5994577,43.3026951],[-80.5994608,43.3027379]]},"properties":{"kind":"distribution","tier":"distribution","placement":"underground","from":"water-T-292","to":"water-T-279","lengthM":11.27,"sizeMm":200,"diameterIn":7.9,"nominalLabel":"8\" PVC","material":"PVC C900","depthM":1.8,"zone":0,"roadEdge":32,"customers":6,"designPeakHourLps":0.131,"designFireLps":63.09}},{"type":"Feature","id":"water-E559","geometry":{"type":"LineString","coordinates":[[-80.6035573,43.302027],[-80.6035756,43.3021617],[-80.603578,43.3021838]]},"properties":{"kind":"distribution","tier":"distribution","placement":"underground","from":"water-T-135","to":"water-T-136","lengthM":17.53,"sizeMm":200,"diameterIn":7.9,"nominalLabel":"8\" PVC","material":"PVC C900","depthM":1.8,"zone":0,"roadEdge":14,"customers":5,"designPeakHourLps":0.117,"designFireLps":63.08}},{"type":"Feature","id":"water-E560","geometry":{"type":"LineString","coordinates":[[-80.6024673,43.3023396],[-80.6024678,43.3023427],[-80.6024712,43.3023625]]},"properties":{"kind":"distribution","tier":"distribution","placement":"underground","from":"water-T-204","to":"water-T-184","lengthM":2.57,"sizeMm":200,"diameterIn":7.9,"nominalLabel":"8\" PVC","material":"PVC C900","depthM":1.8,"zone":0,"roadEdge":21,"customers":10,"designPeakHourLps":0.192,"designFireLps":63.13}},{"type":"Feature","id":"water-E561","geometry":{"type":"LineString","coordinates":[[-80.6013512,43.3024984],[-80.6013542,43.3025216],[-80.6013709,43.3026301]]},"properties":{"kind":"distribution","tier":"distribution","placement":"underground","from":"water-T-246","to":"water-T-267","lengthM":14.74,"sizeMm":200,"diameterIn":7.9,"nominalLabel":"8\" PVC","material":"PVC C900","depthM":1.8,"zone":0,"roadEdge":25,"customers":6,"designPeakHourLps":0.124,"designFireLps":63.08}},{"type":"Feature","id":"water-E562","geometry":{"type":"LineString","coordinates":[[-80.5968195,43.3019991],[-80.5968203,43.3021483]]},"properties":{"kind":"distribution","tier":"distribution","placement":"underground","from":"water-T-493","to":"water-T-477","lengthM":16.61,"sizeMm":200,"diameterIn":7.9,"nominalLabel":"8\" PVC","material":"PVC C900","depthM":1.8,"zone":0,"roadEdge":48,"customers":7,"designPeakHourLps":0.162,"designFireLps":63.11}},{"type":"Feature","id":"water-E563","geometry":{"type":"LineString","coordinates":[[-80.5976385,43.302302],[-80.5976334,43.3023283],[-80.5976317,43.3023363]]},"properties":{"kind":"distribution","tier":"distribution","placement":"underground","from":"water-T-417","to":"water-T-435","lengthM":3.86,"sizeMm":200,"diameterIn":7.9,"nominalLabel":"8\" PVC","material":"PVC C900","depthM":1.8,"zone":0,"roadEdge":45,"customers":6,"designPeakHourLps":0.108,"designFireLps":63.07}},{"type":"Feature","id":"water-E564","geometry":{"type":"LineString","coordinates":[[-80.5984669,43.3025667],[-80.5984485,43.3026896],[-80.5984474,43.302699]]},"properties":{"kind":"distribution","tier":"distribution","placement":"underground","from":"water-T-370","to":"water-T-355","lengthM":14.82,"sizeMm":200,"diameterIn":7.9,"nominalLabel":"8\" PVC","material":"PVC C900","depthM":1.8,"zone":0,"roadEdge":37,"customers":6,"designPeakHourLps":0.148,"designFireLps":63.1}},{"type":"Feature","id":"water-E565","geometry":{"type":"LineString","coordinates":[[-80.5994608,43.3027379],[-80.5994662,43.3028105]]},"properties":{"kind":"distribution","tier":"distribution","placement":"underground","from":"water-T-279","to":"water-T-291","lengthM":8.1,"sizeMm":200,"diameterIn":7.9,"nominalLabel":"8\" PVC","material":"PVC C900","depthM":1.8,"zone":0,"roadEdge":32,"customers":5,"designPeakHourLps":0.108,"designFireLps":63.07}},{"type":"Feature","id":"water-E566","geometry":{"type":"LineString","coordinates":[[-80.603578,43.3021838],[-80.6035951,43.3023405],[-80.6035953,43.3023428]]},"properties":{"kind":"distribution","tier":"distribution","placement":"underground","from":"water-T-136","to":"water-T-137","lengthM":17.76,"sizeMm":200,"diameterIn":7.9,"nominalLabel":"8\" PVC","material":"PVC C900","depthM":1.8,"zone":0,"roadEdge":14,"customers":4,"designPeakHourLps":0.094,"designFireLps":63.06}},{"type":"Feature","id":"water-E567","geometry":{"type":"LineString","coordinates":[[-80.6024712,43.3023625],[-80.6024947,43.3025032]]},"properties":{"kind":"distribution","tier":"distribution","placement":"underground","from":"water-T-184","to":"water-T-185","lengthM":15.78,"sizeMm":200,"diameterIn":7.9,"nominalLabel":"8\" PVC","material":"PVC C900","depthM":1.8,"zone":0,"roadEdge":21,"customers":9,"designPeakHourLps":0.162,"designFireLps":63.11}},{"type":"Feature","id":"water-E568","geometry":{"type":"LineString","coordinates":[[-80.6013709,43.3026301],[-80.6013765,43.302666]]},"properties":{"kind":"distribution","tier":"distribution","placement":"underground","from":"water-T-267","to":"water-T-247","lengthM":4.02,"sizeMm":200,"diameterIn":7.9,"nominalLabel":"8\" PVC","material":"PVC C900","depthM":1.8,"zone":0,"roadEdge":25,"customers":5,"designPeakHourLps":0.086,"designFireLps":63.06}},{"type":"Feature","id":"water-E569","geometry":{"type":"LineString","coordinates":[[-80.5968203,43.3021483],[-80.5968204,43.3021521]]},"properties":{"kind":"distribution","tier":"distribution","placement":"underground","from":"water-T-477","to":"water-T-494","lengthM":0.42,"sizeMm":200,"diameterIn":7.9,"nominalLabel":"8\" PVC","material":"PVC C900","depthM":1.8,"zone":0,"roadEdge":48,"customers":6,"designPeakHourLps":0.155,"designFireLps":63.1}},{"type":"Feature","id":"water-E570","geometry":{"type":"LineString","coordinates":[[-80.5976317,43.3023363],[-80.5976029,43.3024733]]},"properties":{"kind":"distribution","tier":"distribution","placement":"underground","from":"water-T-435","to":"water-T-418","lengthM":15.42,"sizeMm":200,"diameterIn":7.9,"nominalLabel":"8\" PVC","material":"PVC C900","depthM":1.8,"zone":0,"roadEdge":45,"customers":5,"designPeakHourLps":0.101,"designFireLps":63.07}},{"type":"Feature","id":"water-E571","geometry":{"type":"LineString","coordinates":[[-80.5984474,43.302699],[-80.5984459,43.3027121]]},"properties":{"kind":"distribution","tier":"distribution","placement":"underground","from":"water-T-355","to":"water-T-371","lengthM":1.45,"sizeMm":200,"diameterIn":7.9,"nominalLabel":"8\" PVC","material":"PVC C900","depthM":1.8,"zone":0,"roadEdge":37,"customers":5,"designPeakHourLps":0.133,"designFireLps":63.09}},{"type":"Feature","id":"water-E572","geometry":{"type":"LineString","coordinates":[[-80.5994662,43.3028105],[-80.5994711,43.3028759],[-80.5994744,43.3029044]]},"properties":{"kind":"distribution","tier":"distribution","placement":"underground","from":"water-T-291","to":"water-T-278","lengthM":10.47,"sizeMm":200,"diameterIn":7.9,"nominalLabel":"8\" PVC","material":"PVC C900","depthM":1.8,"zone":0,"roadEdge":32,"customers":4,"designPeakHourLps":0.1,"designFireLps":63.07}},{"type":"Feature","id":"water-E573","geometry":{"type":"LineString","coordinates":[[-80.6035953,43.3023428],[-80.6036059,43.3024825]]},"properties":{"kind":"distribution","tier":"distribution","placement":"underground","from":"water-T-137","to":"water-T-138","lengthM":15.58,"sizeMm":200,"diameterIn":7.9,"nominalLabel":"8\" PVC","material":"PVC C900","depthM":1.8,"zone":0,"roadEdge":14,"customers":3,"designPeakHourLps":0.062,"designFireLps":63.04}},{"type":"Feature","id":"water-E574","geometry":{"type":"LineString","coordinates":[[-80.6024947,43.3025032],[-80.6024952,43.3025058]]},"properties":{"kind":"distribution","tier":"distribution","placement":"underground","from":"water-T-185","to":"water-T-205","lengthM":0.3,"sizeMm":200,"diameterIn":7.9,"nominalLabel":"8\" PVC","material":"PVC C900","depthM":1.8,"zone":0,"roadEdge":21,"customers":8,"designPeakHourLps":0.123,"designFireLps":63.08}},{"type":"Feature","id":"water-E575","geometry":{"type":"LineString","coordinates":[[-80.6013765,43.302666],[-80.601382,43.3027018],[-80.6013975,43.3027951]]},"properties":{"kind":"distribution","tier":"distribution","placement":"underground","from":"water-T-247","to":"water-T-268","lengthM":14.47,"sizeMm":200,"diameterIn":7.9,"nominalLabel":"8\" PVC","material":"PVC C900","depthM":1.8,"zone":0,"roadEdge":25,"customers":4,"designPeakHourLps":0.062,"designFireLps":63.04}},{"type":"Feature","id":"water-E576","geometry":{"type":"LineString","coordinates":[[-80.5968204,43.3021521],[-80.5968204,43.302155],[-80.5968147,43.3022963]]},"properties":{"kind":"distribution","tier":"distribution","placement":"underground","from":"water-T-494","to":"water-T-478","lengthM":16.06,"sizeMm":200,"diameterIn":7.9,"nominalLabel":"8\" PVC","material":"PVC C900","depthM":1.8,"zone":0,"roadEdge":48,"customers":5,"designPeakHourLps":0.131,"designFireLps":63.09}},{"type":"Feature","id":"water-E577","geometry":{"type":"LineString","coordinates":[[-80.5976029,43.3024733],[-80.5975957,43.3025076],[-80.5975954,43.3025091]]},"properties":{"kind":"distribution","tier":"distribution","placement":"underground","from":"water-T-418","to":"water-T-436","lengthM":4.03,"sizeMm":200,"diameterIn":7.9,"nominalLabel":"8\" PVC","material":"PVC C900","depthM":1.8,"zone":0,"roadEdge":45,"customers":4,"designPeakHourLps":0.077,"designFireLps":63.05}},{"type":"Feature","id":"water-E578","geometry":{"type":"LineString","coordinates":[[-80.5984459,43.3027121],[-80.5984296,43.3028532]]},"properties":{"kind":"distribution","tier":"distribution","placement":"underground","from":"water-T-371","to":"water-T-356","lengthM":15.77,"sizeMm":200,"diameterIn":7.9,"nominalLabel":"8\" PVC","material":"PVC C900","depthM":1.8,"zone":0,"roadEdge":37,"customers":4,"designPeakHourLps":0.109,"designFireLps":63.07}},{"type":"Feature","id":"water-E579","geometry":{"type":"LineString","coordinates":[[-80.5994744,43.3029044],[-80.5994847,43.3029943]]},"properties":{"kind":"distribution","tier":"distribution","placement":"underground","from":"water-T-278","to":"water-T-290","lengthM":10.04,"sizeMm":200,"diameterIn":7.9,"nominalLabel":"8\" PVC","material":"PVC C900","depthM":1.8,"zone":0,"roadEdge":32,"customers":3,"designPeakHourLps":0.054,"designFireLps":63.04}},{"type":"Feature","id":"water-E580","geometry":{"type":"LineString","coordinates":[[-80.6036059,43.3024825],[-80.6036087,43.3025191],[-80.6036133,43.3026349]]},"properties":{"kind":"distribution","tier":"distribution","placement":"underground","from":"water-T-138","to":"water-T-139","lengthM":16.97,"sizeMm":200,"diameterIn":7.9,"nominalLabel":"8\" PVC","material":"PVC C900","depthM":1.8,"zone":0,"roadEdge":14,"customers":2,"designPeakHourLps":0.047,"designFireLps":63.03}},{"type":"Feature","id":"water-E581","geometry":{"type":"LineString","coordinates":[[-80.6024952,43.3025058],[-80.6024979,43.3025221],[-80.6025181,43.3026527]]},"properties":{"kind":"distribution","tier":"distribution","placement":"underground","from":"water-T-205","to":"water-T-186","lengthM":16.46,"sizeMm":200,"diameterIn":7.9,"nominalLabel":"8\" PVC","material":"PVC C900","depthM":1.8,"zone":0,"roadEdge":21,"customers":7,"designPeakHourLps":0.115,"designFireLps":63.08}},{"type":"Feature","id":"water-E582","geometry":{"type":"LineString","coordinates":[[-80.6013975,43.3027951],[-80.6014038,43.3028333]]},"properties":{"kind":"distribution","tier":"distribution","placement":"underground","from":"water-T-268","to":"water-T-248","lengthM":4.29,"sizeMm":200,"diameterIn":7.9,"nominalLabel":"8\" PVC","material":"PVC C900","depthM":1.8,"zone":0,"roadEdge":25,"customers":3,"designPeakHourLps":0.055,"designFireLps":63.04}},{"type":"Feature","id":"water-E583","geometry":{"type":"LineString","coordinates":[[-80.5968147,43.3022963],[-80.5968144,43.3023037]]},"properties":{"kind":"distribution","tier":"distribution","placement":"underground","from":"water-T-478","to":"water-T-495","lengthM":0.82,"sizeMm":200,"diameterIn":7.9,"nominalLabel":"8\" PVC","material":"PVC C900","depthM":1.8,"zone":0,"roadEdge":48,"customers":4,"designPeakHourLps":0.116,"designFireLps":63.08}},{"type":"Feature","id":"water-E584","geometry":{"type":"LineString","coordinates":[[-80.5975954,43.3025091],[-80.5975688,43.3026303]]},"properties":{"kind":"distribution","tier":"distribution","placement":"underground","from":"water-T-436","to":"water-T-419","lengthM":13.67,"sizeMm":200,"diameterIn":7.9,"nominalLabel":"8\" PVC","material":"PVC C900","depthM":1.8,"zone":0,"roadEdge":45,"customers":3,"designPeakHourLps":0.062,"designFireLps":63.04}},{"type":"Feature","id":"water-E585","geometry":{"type":"LineString","coordinates":[[-80.5984296,43.3028532],[-80.5984279,43.3028681]]},"properties":{"kind":"distribution","tier":"distribution","placement":"underground","from":"water-T-356","to":"water-T-372","lengthM":1.66,"sizeMm":200,"diameterIn":7.9,"nominalLabel":"8\" PVC","material":"PVC C900","depthM":1.8,"zone":0,"roadEdge":37,"customers":3,"designPeakHourLps":0.101,"designFireLps":63.07}},{"type":"Feature","id":"water-E586","geometry":{"type":"LineString","coordinates":[[-80.5994847,43.3029943],[-80.5994918,43.3030567],[-80.5994919,43.3030573]]},"properties":{"kind":"distribution","tier":"distribution","placement":"underground","from":"water-T-290","to":"water-T-277","lengthM":7.04,"sizeMm":200,"diameterIn":7.9,"nominalLabel":"8\" PVC","material":"PVC C900","depthM":1.8,"zone":0,"roadEdge":32,"customers":2,"designPeakHourLps":0.039,"designFireLps":63.03}},{"type":"Feature","id":"water-E587","geometry":{"type":"LineString","coordinates":[[-80.6036133,43.3026349],[-80.6036157,43.3026977],[-80.6036157,43.3027861]]},"properties":{"kind":"distribution","tier":"distribution","placement":"underground","from":"water-T-139","to":"water-T-140","lengthM":16.84,"sizeMm":200,"diameterIn":7.9,"nominalLabel":"8\" PVC","material":"PVC C900","depthM":1.8,"zone":0,"roadEdge":14,"customers":1,"designPeakHourLps":0.024,"designFireLps":63.02}},{"type":"Feature","id":"water-E588","geometry":{"type":"LineString","coordinates":[[-80.6025181,43.3026527],[-80.6025222,43.3026793]]},"properties":{"kind":"distribution","tier":"distribution","placement":"underground","from":"water-T-186","to":"water-T-206","lengthM":2.98,"sizeMm":200,"diameterIn":7.9,"nominalLabel":"8\" PVC","material":"PVC C900","depthM":1.8,"zone":0,"roadEdge":21,"customers":6,"designPeakHourLps":0.1,"designFireLps":63.07}},{"type":"Feature","id":"water-E589","geometry":{"type":"LineString","coordinates":[[-80.6014038,43.3028333],[-80.6014119,43.3028817],[-80.6014304,43.3029902]]},"properties":{"kind":"distribution","tier":"distribution","placement":"underground","from":"water-T-248","to":"water-T-249","lengthM":17.61,"sizeMm":200,"diameterIn":7.9,"nominalLabel":"8\" PVC","material":"PVC C900","depthM":1.8,"zone":0,"roadEdge":25,"customers":2,"designPeakHourLps":0.031,"designFireLps":63.02}},{"type":"Feature","id":"water-E590","geometry":{"type":"LineString","coordinates":[[-80.5968144,43.3023037],[-80.5968132,43.302336],[-80.5968041,43.3024462]]},"properties":{"kind":"distribution","tier":"distribution","placement":"underground","from":"water-T-495","to":"water-T-479","lengthM":15.89,"sizeMm":200,"diameterIn":7.9,"nominalLabel":"8\" PVC","material":"PVC C900","depthM":1.8,"zone":0,"roadEdge":48,"customers":3,"designPeakHourLps":0.101,"designFireLps":63.07}},{"type":"Feature","id":"water-E591","geometry":{"type":"LineString","coordinates":[[-80.5975688,43.3026303],[-80.597559,43.3026751]]},"properties":{"kind":"distribution","tier":"distribution","placement":"underground","from":"water-T-419","to":"water-T-437","lengthM":5.05,"sizeMm":200,"diameterIn":7.9,"nominalLabel":"8\" PVC","material":"PVC C900","depthM":1.8,"zone":0,"roadEdge":45,"customers":2,"designPeakHourLps":0.039,"designFireLps":63.03}},{"type":"Feature","id":"water-E592","geometry":{"type":"LineString","coordinates":[[-80.5984279,43.3028681],[-80.5984276,43.3028704],[-80.598417,43.3030104]]},"properties":{"kind":"distribution","tier":"distribution","placement":"underground","from":"water-T-372","to":"water-T-357","lengthM":15.87,"sizeMm":200,"diameterIn":7.9,"nominalLabel":"8\" PVC","material":"PVC C900","depthM":1.8,"zone":0,"roadEdge":37,"customers":2,"designPeakHourLps":0.085,"designFireLps":63.06}},{"type":"Feature","id":"water-E593","geometry":{"type":"LineString","coordinates":[[-80.5994919,43.3030573],[-80.5995163,43.3032192]]},"properties":{"kind":"distribution","tier":"distribution","placement":"underground","from":"water-T-277","to":"water-T-276","lengthM":18.12,"sizeMm":200,"diameterIn":7.9,"nominalLabel":"8\" PVC","material":"PVC C900","depthM":1.8,"zone":0,"roadEdge":32,"customers":1,"designPeakHourLps":0.015,"designFireLps":63.01}},{"type":"Feature","id":"water-E594","geometry":{"type":"LineString","coordinates":[[-80.6025222,43.3026793],[-80.6025256,43.3027013],[-80.6025395,43.3028047]]},"properties":{"kind":"distribution","tier":"distribution","placement":"underground","from":"water-T-206","to":"water-T-187","lengthM":14.03,"sizeMm":200,"diameterIn":7.9,"nominalLabel":"8\" PVC","material":"PVC C900","depthM":1.8,"zone":0,"roadEdge":21,"customers":5,"designPeakHourLps":0.076,"designFireLps":63.05}},{"type":"Feature","id":"water-E595","geometry":{"type":"LineString","coordinates":[[-80.6014304,43.3029902],[-80.6014426,43.3030613],[-80.6014597,43.3031636]]},"properties":{"kind":"distribution","tier":"distribution","placement":"underground","from":"water-T-249","to":"water-T-250","lengthM":19.44,"sizeMm":200,"diameterIn":7.9,"nominalLabel":"8\" PVC","material":"PVC C900","depthM":1.8,"zone":0,"roadEdge":25,"customers":1,"designPeakHourLps":0.016,"designFireLps":63.01}},{"type":"Feature","id":"water-E596","geometry":{"type":"LineString","coordinates":[[-80.5968041,43.3024462],[-80.5967984,43.3025168],[-80.5967897,43.3025884]]},"properties":{"kind":"distribution","tier":"distribution","placement":"underground","from":"water-T-479","to":"water-T-480","lengthM":15.87,"sizeMm":200,"diameterIn":7.9,"nominalLabel":"8\" PVC","material":"PVC C900","depthM":1.8,"zone":0,"roadEdge":48,"customers":2,"designPeakHourLps":0.047,"designFireLps":63.03}},{"type":"Feature","id":"water-E597","geometry":{"type":"LineString","coordinates":[[-80.597559,43.3026751],[-80.5975563,43.3026872],[-80.5975214,43.3028477]]},"properties":{"kind":"distribution","tier":"distribution","placement":"underground","from":"water-T-437","to":"water-T-438","lengthM":19.45,"sizeMm":200,"diameterIn":7.9,"nominalLabel":"8\" PVC","material":"PVC C900","depthM":1.8,"zone":0,"roadEdge":45,"customers":1,"designPeakHourLps":0.024,"designFireLps":63.02}},{"type":"Feature","id":"water-E598","geometry":{"type":"LineString","coordinates":[[-80.598417,43.3030104],[-80.5984139,43.3030512],[-80.5984104,43.3031618]]},"properties":{"kind":"distribution","tier":"distribution","placement":"underground","from":"water-T-357","to":"water-T-358","lengthM":16.86,"sizeMm":200,"diameterIn":7.9,"nominalLabel":"8\" PVC","material":"PVC C900","depthM":1.8,"zone":0,"roadEdge":37,"customers":1,"designPeakHourLps":0.031,"designFireLps":63.02}},{"type":"Feature","id":"water-E599","geometry":{"type":"LineString","coordinates":[[-80.6025395,43.3028047],[-80.6025447,43.3028434]]},"properties":{"kind":"distribution","tier":"distribution","placement":"underground","from":"water-T-187","to":"water-T-207","lengthM":4.33,"sizeMm":200,"diameterIn":7.9,"nominalLabel":"8\" PVC","material":"PVC C900","depthM":1.8,"zone":0,"roadEdge":21,"customers":4,"designPeakHourLps":0.069,"designFireLps":63.05}},{"type":"Feature","id":"water-E600","geometry":{"type":"LineString","coordinates":[[-80.5967897,43.3025884],[-80.5967764,43.3026976],[-80.5967708,43.3027336]]},"properties":{"kind":"distribution","tier":"distribution","placement":"underground","from":"water-T-480","to":"water-T-481","lengthM":16.24,"sizeMm":200,"diameterIn":7.9,"nominalLabel":"8\" PVC","material":"PVC C900","depthM":1.8,"zone":0,"roadEdge":48,"customers":1,"designPeakHourLps":0.039,"designFireLps":63.03}},{"type":"Feature","id":"water-E601","geometry":{"type":"LineString","coordinates":[[-80.6025447,43.3028434],[-80.6025497,43.3028803],[-80.6025571,43.3029499]]},"properties":{"kind":"distribution","tier":"distribution","placement":"underground","from":"water-T-207","to":"water-T-188","lengthM":11.9,"sizeMm":200,"diameterIn":7.9,"nominalLabel":"8\" PVC","material":"PVC C900","depthM":1.8,"zone":0,"roadEdge":21,"customers":3,"designPeakHourLps":0.038,"designFireLps":63.03}},{"type":"Feature","id":"water-E602","geometry":{"type":"LineString","coordinates":[[-80.6025571,43.3029499],[-80.6025638,43.303013]]},"properties":{"kind":"distribution","tier":"distribution","placement":"underground","from":"water-T-188","to":"water-T-208","lengthM":7.05,"sizeMm":200,"diameterIn":7.9,"nominalLabel":"8\" PVC","material":"PVC C900","depthM":1.8,"zone":0,"roadEdge":21,"customers":2,"designPeakHourLps":0.031,"designFireLps":63.02}},{"type":"Feature","id":"water-E603","geometry":{"type":"LineString","coordinates":[[-80.6025638,43.303013],[-80.6025688,43.303059],[-80.6025716,43.3030975]]},"properties":{"kind":"distribution","tier":"distribution","placement":"underground","from":"water-T-208","to":"water-T-189","lengthM":9.43,"sizeMm":200,"diameterIn":7.9,"nominalLabel":"8\" PVC","material":"PVC C900","depthM":1.8,"zone":0,"roadEdge":21,"customers":1,"designPeakHourLps":0.015,"designFireLps":63.01}},{"type":"Feature","id":"water-E604","geometry":{"type":"LineString","coordinates":[[-80.5996467,43.2979765],[-80.5999536,43.2979597]]},"properties":{"kind":"tank_riser","tier":"trunk","placement":"underground","from":"water-T-626","to":"water-tank-1","lengthM":24.93,"sizeMm":400,"diameterIn":15.7,"nominalLabel":"16\" ductile iron","material":"ductile iron","depthM":1.8,"zone":0}},{"type":"Feature","id":"water-E1175","geometry":{"type":"LineString","coordinates":[[-80.6036446,43.2977496],[-80.6033471,43.2977078]]},"properties":{"kind":"distribution","tier":"distribution","placement":"underground","from":"water-J-11","to":"water-T-104","lengthM":24.55,"sizeMm":150,"diameterIn":5.9,"nominalLabel":"6\" PVC","material":"PVC C900","depthM":1.8,"zone":0}},{"type":"Feature","id":"water-E1176","geometry":{"type":"LineString","coordinates":[[-80.602641,43.2978959],[-80.6023657,43.297851]]},"properties":{"kind":"distribution","tier":"distribution","placement":"underground","from":"water-J-17","to":"water-T-165","lengthM":22.86,"sizeMm":150,"diameterIn":5.9,"nominalLabel":"6\" PVC","material":"PVC C900","depthM":1.8,"zone":0}},{"type":"Feature","id":"water-E1177","geometry":{"type":"LineString","coordinates":[[-80.5990727,43.3007239],[-80.5987877,43.300762]]},"properties":{"kind":"distribution","tier":"distribution","placement":"underground","from":"water-T-304","to":"water-J-32","lengthM":23.47,"sizeMm":150,"diameterIn":5.9,"nominalLabel":"6\" cast iron","material":"cast iron","depthM":1.8,"zone":0}},{"type":"Feature","id":"water-E1178","geometry":{"type":"LineString","coordinates":[[-80.5957789,43.2999877],[-80.5955631,43.2999877]]},"properties":{"kind":"distribution","tier":"distribution","placement":"underground","from":"water-T-499","to":"water-T-503","lengthM":17.48,"sizeMm":150,"diameterIn":5.9,"nominalLabel":"6\" PVC","material":"PVC C900","depthM":1.8,"zone":0}}]}