{"type":"FeatureCollection","name":"buildings","crs_note":"EPSG:4326","features":[{"type":"Feature","id":"B-P-00001","geometry":{"type":"Polygon","coordinates":[[[-78.9446131,43.8684119],[-78.9445987,43.868521],[-78.9444331,43.8685095],[-78.9444476,43.8684004],[-78.9446131,43.8684119]]]},"properties":{"premiseId":"P-00001","address":"40 Greenwood Crescent","premiseType":"residential","heightM":6.3,"stories":2,"roof":"gable","yearBuilt":2025,"solar":false,"heatingFuel":"gas"}},{"type":"Feature","id":"B-P-00002","geometry":{"type":"Polygon","coordinates":[[[-78.9447122,43.8677263],[-78.9448519,43.8677334],[-78.9448403,43.8678539],[-78.9447006,43.8678469],[-78.9447122,43.8677263]]]},"properties":{"premiseId":"P-00002","address":"98 Bayview Avenue","premiseType":"residential","heightM":6.3,"stories":2,"roof":"hip","yearBuilt":2027,"solar":false,"heatingFuel":"gas"}},{"type":"Feature","id":"B-P-00003","geometry":{"type":"Polygon","coordinates":[[[-78.9445198,43.8677136],[-78.9446351,43.8677193],[-78.9446247,43.8678253],[-78.9445096,43.8678195],[-78.9445198,43.8677136]]]},"properties":{"premiseId":"P-00003","address":"94 Bayview Avenue","premiseType":"residential","heightM":6.3,"stories":2,"roof":"gable","yearBuilt":2023,"solar":false,"heatingFuel":"gas"}},{"type":"Feature","id":"B-P-00004","geometry":{"type":"Polygon","coordinates":[[[-78.9442996,43.8677071],[-78.9444453,43.8677144],[-78.9444338,43.8678331],[-78.9442881,43.8678257],[-78.9442996,43.8677071]]]},"properties":{"premiseId":"P-00004","address":"90 Bayview Avenue","premiseType":"residential","heightM":6.3,"stories":2,"roof":"hip","yearBuilt":2024,"solar":false,"heatingFuel":"gas"}},{"type":"Feature","id":"B-P-00005","geometry":{"type":"Polygon","coordinates":[[[-78.9440888,43.8676893],[-78.9442161,43.8676957],[-78.9442049,43.8678124],[-78.9440775,43.867806],[-78.9440888,43.8676893]]]},"properties":{"premiseId":"P-00005","address":"88 Bayview Avenue","premiseType":"residential","heightM":6.3,"stories":2,"roof":"hip","yearBuilt":2024,"solar":false,"heatingFuel":"gas"}},{"type":"Feature","id":"B-P-00006","geometry":{"type":"Polygon","coordinates":[[[-78.9438648,43.8676784],[-78.9440192,43.8676862],[-78.9440084,43.867798],[-78.9438541,43.8677903],[-78.9438648,43.8676784]]]},"properties":{"premiseId":"P-00006","address":"84 Bayview Avenue","premiseType":"residential","heightM":6.3,"stories":2,"roof":"hip","yearBuilt":2028,"solar":true,"heatingFuel":"heat_pump"}},{"type":"Feature","id":"B-P-00007","geometry":{"type":"Polygon","coordinates":[[[-78.9436954,43.8676675],[-78.9438106,43.8676733],[-78.943802,43.8677629],[-78.9436868,43.8677572],[-78.9436954,43.8676675]]]},"properties":{"premiseId":"P-00007","address":"80 Bayview Avenue","premiseType":"residential","heightM":6.3,"stories":2,"roof":"gable","yearBuilt":2025,"solar":false,"heatingFuel":"gas"}},{"type":"Feature","id":"B-P-00008","geometry":{"type":"Polygon","coordinates":[[[-78.9437286,43.8680841],[-78.9436911,43.86799],[-78.9438324,43.8679607],[-78.9438698,43.8680549],[-78.9437286,43.8680841]]]},"properties":{"premiseId":"P-00008","address":"60 Bayview Avenue","premiseType":"residential","heightM":6.3,"stories":2,"roof":"gable","yearBuilt":2028,"solar":true,"heatingFuel":"gas"}},{"type":"Feature","id":"B-P-00009","geometry":{"type":"Polygon","coordinates":[[[-78.9437943,43.8682445],[-78.9437603,43.8681592],[-78.9438906,43.8681323],[-78.9439246,43.8682175],[-78.9437943,43.8682445]]]},"properties":{"premiseId":"P-00009","address":"58 Bayview Avenue","premiseType":"residential","heightM":3.7,"stories":1,"roof":"gable","yearBuilt":2023,"solar":false,"heatingFuel":"gas"}},{"type":"Feature","id":"B-P-00010","geometry":{"type":"Polygon","coordinates":[[[-78.9439255,43.8683434],[-78.943905,43.8682916],[-78.9439888,43.8682742],[-78.9440094,43.8683261],[-78.9439255,43.8683434]]]},"properties":{"premiseId":"P-00010","address":"54 Bayview Avenue","premiseType":"residential","heightM":3.7,"stories":1,"roof":"hip","yearBuilt":2027,"solar":false,"heatingFuel":"gas"}},{"type":"Feature","id":"B-P-00011","geometry":{"type":"Polygon","coordinates":[[[-78.9439928,43.8684942],[-78.9439722,43.8684424],[-78.9440561,43.8684251],[-78.9440767,43.8684769],[-78.9439928,43.8684942]]]},"properties":{"premiseId":"P-00011","address":"50 Bayview Avenue","premiseType":"residential","heightM":6.3,"stories":2,"roof":"hip","yearBuilt":2022,"solar":false,"heatingFuel":"electric_resistance"}},{"type":"Feature","id":"B-P-00012","geometry":{"type":"Polygon","coordinates":[[[-78.943966,43.8686588],[-78.9439371,43.8685861],[-78.94406,43.8685607],[-78.9440889,43.8686334],[-78.943966,43.8686588]]]},"properties":{"premiseId":"P-00012","address":"46 Bayview Avenue","premiseType":"residential","heightM":6.3,"stories":2,"roof":"hip","yearBuilt":2027,"solar":false,"heatingFuel":"gas"}},{"type":"Feature","id":"B-P-00013","geometry":{"type":"Polygon","coordinates":[[[-78.9440267,43.8687942],[-78.9439797,43.868694],[-78.9441298,43.8686574],[-78.9441769,43.8687575],[-78.9440267,43.8687942]]]},"properties":{"premiseId":"P-00013","address":"42 Bayview Avenue","premiseType":"residential","heightM":6.3,"stories":2,"roof":"gable","yearBuilt":2024,"solar":false,"heatingFuel":"gas"}},{"type":"Feature","id":"B-P-00014","geometry":{"type":"Polygon","coordinates":[[[-78.9441355,43.8689282],[-78.944059,43.8688423],[-78.9441764,43.868788],[-78.9442529,43.8688738],[-78.9441355,43.8689282]]]},"properties":{"premiseId":"P-00014","address":"38 Bayview Avenue","premiseType":"residential","heightM":6.3,"stories":2,"roof":"hip","yearBuilt":2024,"solar":true,"heatingFuel":"gas"}},{"type":"Feature","id":"B-P-00015","geometry":{"type":"Polygon","coordinates":[[[-78.9442794,43.8690393],[-78.9441878,43.8689684],[-78.9443061,43.8688889],[-78.9443977,43.8689598],[-78.9442794,43.8690393]]]},"properties":{"premiseId":"P-00015","address":"34 Bayview Avenue","premiseType":"residential","heightM":6.3,"stories":2,"roof":"hip","yearBuilt":2023,"solar":false,"heatingFuel":"gas"}},{"type":"Feature","id":"B-P-00016","geometry":{"type":"Polygon","coordinates":[[[-78.9443755,43.869135],[-78.9442972,43.8690744],[-78.9443997,43.8690055],[-78.9444781,43.8690661],[-78.9443755,43.869135]]]},"properties":{"premiseId":"P-00016","address":"30 Bayview Avenue","premiseType":"residential","heightM":3.7,"stories":1,"roof":"gable","yearBuilt":2026,"solar":false,"heatingFuel":"gas"}},{"type":"Feature","id":"B-P-00017","geometry":{"type":"Polygon","coordinates":[[[-78.9445572,43.8692502],[-78.944455,43.8691711],[-78.9445644,43.8690975],[-78.9446667,43.8691766],[-78.9445572,43.8692502]]]},"properties":{"premiseId":"P-00017","address":"26 Bayview Avenue","premiseType":"residential","heightM":6.3,"stories":2,"roof":"gable","yearBuilt":2027,"solar":false,"heatingFuel":"gas"}},{"type":"Feature","id":"B-P-00018","geometry":{"type":"Polygon","coordinates":[[[-78.9445806,43.8673173],[-78.9445696,43.86743],[-78.9444275,43.8674229],[-78.9444383,43.8673102],[-78.9445806,43.8673173]]]},"properties":{"premiseId":"P-00018","address":"91 Bayview Avenue","premiseType":"residential","heightM":6.3,"stories":2,"roof":"gable","yearBuilt":2025,"solar":false,"heatingFuel":"heat_pump"}},{"type":"Feature","id":"B-P-00019","geometry":{"type":"Polygon","coordinates":[[[-78.9443552,43.8673149],[-78.944344,43.8674317],[-78.9442121,43.8674251],[-78.9442233,43.8673083],[-78.9443552,43.8673149]]]},"properties":{"premiseId":"P-00019","address":"87 Bayview Avenue","premiseType":"residential","heightM":6.3,"stories":2,"roof":"gable","yearBuilt":2027,"solar":true,"heatingFuel":"gas"}},{"type":"Feature","id":"B-P-00020","geometry":{"type":"Polygon","coordinates":[[[-78.9441558,43.8673142],[-78.9441458,43.8674176],[-78.9440161,43.867411],[-78.9440261,43.8673076],[-78.9441558,43.8673142]]]},"properties":{"premiseId":"P-00020","address":"85 Bayview Avenue","premiseType":"residential","heightM":6.3,"stories":2,"roof":"gable","yearBuilt":2028,"solar":false,"heatingFuel":"gas"}},{"type":"Feature","id":"B-P-00021","geometry":{"type":"Polygon","coordinates":[[[-78.9439313,43.8672935],[-78.9439203,43.8674066],[-78.9437975,43.8674005],[-78.9438085,43.8672873],[-78.9439313,43.8672935]]]},"properties":{"premiseId":"P-00021","address":"81 Bayview Avenue","premiseType":"residential","heightM":6.3,"stories":2,"roof":"hip","yearBuilt":2025,"solar":false,"heatingFuel":"heat_pump"}},{"type":"Feature","id":"B-P-00022","geometry":{"type":"Polygon","coordinates":[[[-78.9431001,43.8678645],[-78.9432441,43.8678348],[-78.9432762,43.8679153],[-78.9431321,43.867945],[-78.9431001,43.8678645]]]},"properties":{"premiseId":"P-00022","address":"67 Bayview Avenue","premiseType":"residential","heightM":3.7,"stories":1,"roof":"hip","yearBuilt":2026,"solar":false,"heatingFuel":"gas"}},{"type":"Feature","id":"B-P-00023","geometry":{"type":"Polygon","coordinates":[[[-78.9431594,43.8680194],[-78.9432433,43.868002],[-78.9432638,43.8680539],[-78.94318,43.8680712],[-78.9431594,43.8680194]]]},"properties":{"premiseId":"P-00023","address":"63 Bayview Avenue","premiseType":"residential","heightM":3.7,"stories":1,"roof":"hip","yearBuilt":2024,"solar":false,"heatingFuel":"gas"}},{"type":"Feature","id":"B-P-00024","geometry":{"type":"Polygon","coordinates":[[[-78.9432147,43.8681548],[-78.9432986,43.8681374],[-78.9433191,43.8681892],[-78.9432353,43.8682066],[-78.9432147,43.8681548]]]},"properties":{"premiseId":"P-00024","address":"59 Bayview Avenue","premiseType":"residential","heightM":6.3,"stories":2,"roof":"hip","yearBuilt":2022,"solar":false,"heatingFuel":"heat_pump"}},{"type":"Feature","id":"B-P-00025","geometry":{"type":"Polygon","coordinates":[[[-78.9432757,43.868304],[-78.9433595,43.8682866],[-78.9433801,43.8683385],[-78.9432962,43.8683558],[-78.9432757,43.868304]]]},"properties":{"premiseId":"P-00025","address":"55 Bayview Avenue","premiseType":"residential","heightM":6.3,"stories":2,"roof":"hip","yearBuilt":2024,"solar":false,"heatingFuel":"gas"}},{"type":"Feature","id":"B-P-00026","geometry":{"type":"Polygon","coordinates":[[[-78.9433366,43.8684528],[-78.9434205,43.8684355],[-78.943441,43.8684873],[-78.9433572,43.8685046],[-78.9433366,43.8684528]]]},"properties":{"premiseId":"P-00026","address":"51 Bayview Avenue","premiseType":"residential","heightM":6.3,"stories":2,"roof":"gable","yearBuilt":2027,"solar":false,"heatingFuel":"gas"}},{"type":"Feature","id":"B-P-00027","geometry":{"type":"Polygon","coordinates":[[[-78.943392,43.8685886],[-78.9434759,43.8685713],[-78.9434965,43.8686231],[-78.9434126,43.8686405],[-78.943392,43.8685886]]]},"properties":{"premiseId":"P-00027","address":"47 Bayview Avenue","premiseType":"residential","heightM":3.7,"stories":1,"roof":"hip","yearBuilt":2026,"solar":false,"heatingFuel":"gas"}},{"type":"Feature","id":"B-P-00028","geometry":{"type":"Polygon","coordinates":[[[-78.9434416,43.8686906],[-78.9435773,43.8686625],[-78.943614,43.8687545],[-78.9434783,43.8687825],[-78.9434416,43.8686906]]]},"properties":{"premiseId":"P-00028","address":"45 Bayview Avenue","premiseType":"residential","heightM":6.3,"stories":2,"roof":"gable","yearBuilt":2025,"solar":false,"heatingFuel":"gas"}},{"type":"Feature","id":"B-P-00029","geometry":{"type":"Polygon","coordinates":[[[-78.9437312,43.8691896],[-78.9438473,43.8691116],[-78.9439342,43.8691789],[-78.9438182,43.8692568],[-78.9437312,43.8691896]]]},"properties":{"premiseId":"P-00029","address":"35 Bayview Avenue","premiseType":"residential","heightM":3.7,"stories":1,"roof":"gable","yearBuilt":2026,"solar":false,"heatingFuel":"gas"}},{"type":"Feature","id":"B-P-00030","geometry":{"type":"Polygon","coordinates":[[[-78.9438785,43.8693062],[-78.943981,43.8692374],[-78.9440608,43.8692992],[-78.9439584,43.869368],[-78.9438785,43.8693062]]]},"properties":{"premiseId":"P-00030","address":"31 Bayview Avenue","premiseType":"residential","heightM":6.3,"stories":2,"roof":"gable","yearBuilt":2024,"solar":false,"heatingFuel":"gas"}},{"type":"Feature","id":"B-P-00031","geometry":{"type":"Polygon","coordinates":[[[-78.943984,43.8693834],[-78.9440952,43.8693086],[-78.944182,43.8693756],[-78.9440707,43.8694504],[-78.943984,43.8693834]]]},"properties":{"premiseId":"P-00031","address":"27 Bayview Avenue","premiseType":"residential","heightM":6.3,"stories":2,"roof":"hip","yearBuilt":2028,"solar":false,"heatingFuel":"gas"}},{"type":"Feature","id":"B-P-00032","geometry":{"type":"Polygon","coordinates":[[[-78.9441719,43.8694887],[-78.944256,43.8694344],[-78.9443314,43.869495],[-78.9442473,43.8695494],[-78.9441719,43.8694887]]]},"properties":{"premiseId":"P-00032","address":"23 Bayview Avenue","premiseType":"residential","heightM":6.3,"stories":2,"roof":"hip","yearBuilt":2028,"solar":false,"heatingFuel":"gas"}},{"type":"Feature","id":"B-P-00033","geometry":{"type":"Polygon","coordinates":[[[-78.9439818,43.8701735],[-78.9440206,43.870267],[-78.9438448,43.8703049],[-78.943806,43.8702113],[-78.9439818,43.8701735]]]},"properties":{"premiseId":"P-00033","address":"99 Burns Street West","premiseType":"residential","heightM":6.3,"stories":2,"roof":"gable","yearBuilt":2024,"solar":false,"heatingFuel":"heat_pump"}},{"type":"Feature","id":"B-P-00034","geometry":{"type":"Polygon","coordinates":[[[-78.943276,43.8703928],[-78.9433043,43.8704573],[-78.9432013,43.8704808],[-78.943173,43.8704163],[-78.943276,43.8703928]]]},"properties":{"premiseId":"P-00034","address":"87 Burns Street West","premiseType":"residential","heightM":6.3,"stories":2,"roof":"gable","yearBuilt":2026,"solar":true,"heatingFuel":"gas"}},{"type":"Feature","id":"B-P-00035","geometry":{"type":"Polygon","coordinates":[[[-78.9430041,43.8703636],[-78.9430521,43.8704752],[-78.9429175,43.8705052],[-78.9428697,43.8703937],[-78.9430041,43.8703636]]]},"properties":{"premiseId":"P-00035","address":"83 Burns Street West","premiseType":"residential","heightM":3.7,"stories":1,"roof":"hip","yearBuilt":2027,"solar":true,"heatingFuel":"gas"}},{"type":"Feature","id":"B-P-00036","geometry":{"type":"Polygon","coordinates":[[[-78.9424345,43.8715161],[-78.9424664,43.8715914],[-78.942332,43.871621],[-78.9423001,43.8715457],[-78.9424345,43.8715161]]]},"properties":{"premiseId":"P-00036","address":"116 King Street","premiseType":"residential","heightM":6.3,"stories":2,"roof":"gable","yearBuilt":2027,"solar":false,"heatingFuel":"gas"}},{"type":"Feature","id":"B-P-00037","geometry":{"type":"Polygon","coordinates":[[[-78.9423794,43.8713717],[-78.9424127,43.8714501],[-78.9422526,43.8714854],[-78.9422193,43.871407],[-78.9423794,43.8713717]]]},"properties":{"premiseId":"P-00037","address":"112 King Street","premiseType":"residential","heightM":6.3,"stories":2,"roof":"gable","yearBuilt":2022,"solar":false,"heatingFuel":"gas"}},{"type":"Feature","id":"B-P-00038","geometry":{"type":"Polygon","coordinates":[[[-78.9423358,43.8712321],[-78.9423741,43.8713224],[-78.9422274,43.8713546],[-78.9421892,43.8712643],[-78.9423358,43.8712321]]]},"properties":{"premiseId":"P-00038","address":"108 King Street","premiseType":"residential","heightM":3.7,"stories":1,"roof":"gable","yearBuilt":2026,"solar":false,"heatingFuel":"gas"}},{"type":"Feature","id":"B-P-00039","geometry":{"type":"Polygon","coordinates":[[[-78.9422665,43.8710994],[-78.9422978,43.8711731],[-78.9421758,43.8711999],[-78.9421447,43.8711263],[-78.9422665,43.8710994]]]},"properties":{"premiseId":"P-00039","address":"106 King Street","premiseType":"residential","heightM":3.7,"stories":1,"roof":"gable","yearBuilt":2023,"solar":false,"heatingFuel":"gas"}},{"type":"Feature","id":"B-P-00040","geometry":{"type":"Polygon","coordinates":[[[-78.9421954,43.870955],[-78.9422338,43.8710456],[-78.9420891,43.8710775],[-78.9420507,43.8709869],[-78.9421954,43.870955]]]},"properties":{"premiseId":"P-00040","address":"102 King Street","premiseType":"residential","heightM":3.7,"stories":1,"roof":"gable","yearBuilt":2023,"solar":false,"heatingFuel":"gas"}},{"type":"Feature","id":"B-P-00041","geometry":{"type":"Polygon","coordinates":[[[-78.9428057,43.8710906],[-78.9426826,43.8711177],[-78.9426442,43.8710272],[-78.9427674,43.8710001],[-78.9428057,43.8710906]]]},"properties":{"premiseId":"P-00041","address":"105 King Street","premiseType":"residential","heightM":6.3,"stories":2,"roof":"gable","yearBuilt":2026,"solar":true,"heatingFuel":"gas"}},{"type":"Feature","id":"B-P-00042","geometry":{"type":"Polygon","coordinates":[[[-78.9427418,43.8709392],[-78.9426065,43.8709691],[-78.9425661,43.8708736],[-78.9427013,43.8708438],[-78.9427418,43.8709392]]]},"properties":{"premiseId":"P-00042","address":"101 King Street","premiseType":"residential","heightM":3.7,"stories":1,"roof":"gable","yearBuilt":2028,"solar":false,"heatingFuel":"gas"}},{"type":"Feature","id":"B-P-00043","geometry":{"type":"Polygon","coordinates":[[[-78.9421368,43.871719],[-78.9421771,43.8718102],[-78.9420728,43.8718341],[-78.9420325,43.8717429],[-78.9421368,43.871719]]]},"properties":{"premiseId":"P-00043","address":"35 Pitt Street West","premiseType":"residential","heightM":6.3,"stories":2,"roof":"hip","yearBuilt":2027,"solar":false,"heatingFuel":"gas"}},{"type":"Feature","id":"B-P-00044","geometry":{"type":"Polygon","coordinates":[[[-78.9419616,43.8717616],[-78.9420022,43.8718535],[-78.9418588,43.8718863],[-78.9418182,43.8717944],[-78.9419616,43.8717616]]]},"properties":{"premiseId":"P-00044","address":"31 Pitt Street West","premiseType":"residential","heightM":6.3,"stories":2,"roof":"gable","yearBuilt":2027,"solar":false,"heatingFuel":"electric_resistance"}},{"type":"Feature","id":"B-P-00045","geometry":{"type":"Polygon","coordinates":[[[-78.9417182,43.8718024],[-78.941763,43.8719043],[-78.94164,43.8719323],[-78.9415954,43.8718304],[-78.9417182,43.8718024]]]},"properties":{"premiseId":"P-00045","address":"27 Pitt Street West","premiseType":"residential","heightM":6.3,"stories":2,"roof":"gable","yearBuilt":2023,"solar":false,"heatingFuel":"gas"}},{"type":"Feature","id":"B-P-00046","geometry":{"type":"Polygon","coordinates":[[[-78.9419673,43.8681614],[-78.942075,43.8681365],[-78.9421217,43.8682414],[-78.9420141,43.8682662],[-78.9419673,43.8681614]]]},"properties":{"premiseId":"P-00046","address":"84 Arthur Street","premiseType":"residential","heightM":6.3,"stories":2,"roof":"hip","yearBuilt":2018,"solar":false,"heatingFuel":"gas"}},{"type":"Feature","id":"B-P-00047","geometry":{"type":"Polygon","coordinates":[[[-78.9417858,43.8681981],[-78.9419014,43.8681714],[-78.941948,43.8682761],[-78.9418324,43.8683029],[-78.9417858,43.8681981]]]},"properties":{"premiseId":"P-00047","address":"80 Arthur Street","premiseType":"residential","heightM":6.3,"stories":2,"roof":"hip","yearBuilt":2019,"solar":false,"heatingFuel":"gas"}},{"type":"Feature","id":"B-P-00048","geometry":{"type":"Polygon","coordinates":[[[-78.9415954,43.8682343],[-78.9417155,43.8682065],[-78.9417601,43.8683068],[-78.9416401,43.8683346],[-78.9415954,43.8682343]]]},"properties":{"premiseId":"P-00048","address":"78 Arthur Street","premiseType":"residential","heightM":3.7,"stories":1,"roof":"gable","yearBuilt":2016,"solar":false,"heatingFuel":"gas"}},{"type":"Feature","id":"B-P-00049","geometry":{"type":"Polygon","coordinates":[[[-78.9414082,43.8682802],[-78.94154,43.8682496],[-78.9415833,43.8683467],[-78.9414513,43.8683772],[-78.9414082,43.8682802]]]},"properties":{"premiseId":"P-00049","address":"74 Arthur Street","premiseType":"residential","heightM":6.3,"stories":2,"roof":"gable","yearBuilt":2010,"solar":false,"heatingFuel":"gas"}},{"type":"Feature","id":"B-P-00050","geometry":{"type":"Polygon","coordinates":[[[-78.9419665,43.8677522],[-78.9420118,43.8678543],[-78.9418867,43.8678833],[-78.9418414,43.8677812],[-78.9419665,43.8677522]]]},"properties":{"premiseId":"P-00050","address":"83 Arthur Street","premiseType":"residential","heightM":6.3,"stories":2,"roof":"hip","yearBuilt":2017,"solar":false,"heatingFuel":"gas"}},{"type":"Feature","id":"B-P-00051","geometry":{"type":"Polygon","coordinates":[[[-78.9417833,43.8678002],[-78.941824,43.8678917],[-78.9416756,43.867926],[-78.9416349,43.8678345],[-78.9417833,43.8678002]]]},"properties":{"premiseId":"P-00051","address":"81 Arthur Street","premiseType":"residential","heightM":6.3,"stories":2,"roof":"hip","yearBuilt":2014,"solar":false,"heatingFuel":"gas"}},{"type":"Feature","id":"B-P-00052","geometry":{"type":"Polygon","coordinates":[[[-78.941518,43.8678579],[-78.9415632,43.8679594],[-78.9414511,43.8679853],[-78.9414058,43.8678838],[-78.941518,43.8678579]]]},"properties":{"premiseId":"P-00052","address":"77 Arthur Street","premiseType":"residential","heightM":6.3,"stories":2,"roof":"hip","yearBuilt":2007,"solar":false,"heatingFuel":"gas"}},{"type":"Feature","id":"B-P-00053","geometry":{"type":"Polygon","coordinates":[[[-78.941346,43.8679028],[-78.9413869,43.8679946],[-78.9412531,43.8680256],[-78.9412122,43.8679337],[-78.941346,43.8679028]]]},"properties":{"premiseId":"P-00053","address":"73 Arthur Street","premiseType":"residential","heightM":6.3,"stories":2,"roof":"gable","yearBuilt":2002,"solar":false,"heatingFuel":"electric_resistance"}},{"type":"Feature","id":"B-P-00054","geometry":{"type":"Polygon","coordinates":[[[-78.9420649,43.8706482],[-78.9421013,43.87073],[-78.9419769,43.8707587],[-78.9419405,43.8706769],[-78.9420649,43.8706482]]]},"properties":{"premiseId":"P-00054","address":"94 King Street","premiseType":"residential","heightM":6.3,"stories":2,"roof":"hip","yearBuilt":2022,"solar":true,"heatingFuel":"gas"}},{"type":"Feature","id":"B-P-00055","geometry":{"type":"Polygon","coordinates":[[[-78.9420133,43.8705074],[-78.9420578,43.8706075],[-78.9419028,43.8706433],[-78.9418584,43.8705432],[-78.9420133,43.8705074]]]},"properties":{"premiseId":"P-00055","address":"90 King Street","premiseType":"residential","heightM":6.3,"stories":2,"roof":"gable","yearBuilt":2024,"solar":false,"heatingFuel":"gas"}},{"type":"Feature","id":"B-P-00056","geometry":{"type":"Polygon","coordinates":[[[-78.9419378,43.8703753],[-78.9419725,43.8704531],[-78.9418218,43.8704878],[-78.9417873,43.8704101],[-78.9419378,43.8703753]]]},"properties":{"premiseId":"P-00056","address":"86 King Street","premiseType":"residential","heightM":6.3,"stories":2,"roof":"hip","yearBuilt":2024,"solar":false,"heatingFuel":"gas"}},{"type":"Feature","id":"B-P-00057","geometry":{"type":"Polygon","coordinates":[[[-78.9418924,43.8702384],[-78.9419322,43.8703277],[-78.9417987,43.8703585],[-78.941759,43.8702692],[-78.9418924,43.8702384]]]},"properties":{"premiseId":"P-00057","address":"82 King Street","premiseType":"residential","heightM":6.3,"stories":2,"roof":"hip","yearBuilt":2027,"solar":true,"heatingFuel":"gas"}},{"type":"Feature","id":"B-P-00058","geometry":{"type":"Polygon","coordinates":[[[-78.9418324,43.8700865],[-78.9418694,43.8701699],[-78.9417276,43.8702026],[-78.9416905,43.8701193],[-78.9418324,43.8700865]]]},"properties":{"premiseId":"P-00058","address":"78 King Street","premiseType":"residential","heightM":6.3,"stories":2,"roof":"gable","yearBuilt":2025,"solar":true,"heatingFuel":"gas"}},{"type":"Feature","id":"B-P-00059","geometry":{"type":"Polygon","coordinates":[[[-78.9417666,43.8699524],[-78.9418081,43.8700457],[-78.941649,43.8700824],[-78.9416075,43.8699891],[-78.9417666,43.8699524]]]},"properties":{"premiseId":"P-00059","address":"76 King Street","premiseType":"residential","heightM":6.3,"stories":2,"roof":"gable","yearBuilt":2027,"solar":false,"heatingFuel":"gas"}},{"type":"Feature","id":"B-P-00060","geometry":{"type":"Polygon","coordinates":[[[-78.9417034,43.8698094],[-78.9417412,43.8698942],[-78.9415995,43.869927],[-78.9415617,43.8698421],[-78.9417034,43.8698094]]]},"properties":{"premiseId":"P-00060","address":"72 King Street","premiseType":"residential","heightM":6.3,"stories":2,"roof":"gable","yearBuilt":2023,"solar":false,"heatingFuel":"gas"}},{"type":"Feature","id":"B-P-00061","geometry":{"type":"Polygon","coordinates":[[[-78.941627,43.8696619],[-78.9416634,43.8697439],[-78.9415108,43.8697791],[-78.9414744,43.8696972],[-78.941627,43.8696619]]]},"properties":{"premiseId":"P-00061","address":"68 King Street","premiseType":"residential","heightM":6.3,"stories":2,"roof":"gable","yearBuilt":2023,"solar":false,"heatingFuel":"gas"}},{"type":"Feature","id":"B-P-00062","geometry":{"type":"Polygon","coordinates":[[[-78.9415717,43.8694998],[-78.9416142,43.8695952],[-78.9414603,43.8696308],[-78.9414178,43.8695353],[-78.9415717,43.8694998]]]},"properties":{"premiseId":"P-00062","address":"64 King Street","premiseType":"residential","heightM":6.3,"stories":2,"roof":"gable","yearBuilt":2017,"solar":false,"heatingFuel":"heat_pump"}},{"type":"Feature","id":"B-P-00063","geometry":{"type":"Polygon","coordinates":[[[-78.9415024,43.869363],[-78.9415454,43.8694597],[-78.941405,43.8694922],[-78.941362,43.8693954],[-78.9415024,43.869363]]]},"properties":{"premiseId":"P-00063","address":"60 King Street","premiseType":"residential","heightM":6.3,"stories":2,"roof":"hip","yearBuilt":2016,"solar":false,"heatingFuel":"heat_pump"}},{"type":"Feature","id":"B-P-00064","geometry":{"type":"Polygon","coordinates":[[[-78.9426393,43.8706105],[-78.9424852,43.8706459],[-78.94245,43.8705664],[-78.942604,43.870531],[-78.9426393,43.8706105]]]},"properties":{"premiseId":"P-00064","address":"93 King Street","premiseType":"residential","heightM":6.3,"stories":2,"roof":"gable","yearBuilt":2025,"solar":true,"heatingFuel":"gas"}},{"type":"Feature","id":"B-P-00065","geometry":{"type":"Polygon","coordinates":[[[-78.942571,43.8704813],[-78.9424127,43.8705178],[-78.9423725,43.8704272],[-78.9425307,43.8703906],[-78.942571,43.8704813]]]},"properties":{"premiseId":"P-00065","address":"89 King Street","premiseType":"residential","heightM":6.3,"stories":2,"roof":"hip","yearBuilt":2024,"solar":true,"heatingFuel":"gas"}},{"type":"Feature","id":"B-P-00066","geometry":{"type":"Polygon","coordinates":[[[-78.9424728,43.8703302],[-78.9423396,43.8703609],[-78.9423033,43.8702794],[-78.9424365,43.8702486],[-78.9424728,43.8703302]]]},"properties":{"premiseId":"P-00066","address":"85 King Street","premiseType":"residential","heightM":6.3,"stories":2,"roof":"hip","yearBuilt":2023,"solar":false,"heatingFuel":"gas"}},{"type":"Feature","id":"B-P-00067","geometry":{"type":"Polygon","coordinates":[[[-78.9424147,43.8701846],[-78.942288,43.8702139],[-78.9422511,43.8701308],[-78.9423778,43.8701016],[-78.9424147,43.8701846]]]},"properties":{"premiseId":"P-00067","address":"81 King Street","premiseType":"residential","heightM":3.7,"stories":1,"roof":"gable","yearBuilt":2028,"solar":false,"heatingFuel":"gas"}},{"type":"Feature","id":"B-P-00068","geometry":{"type":"Polygon","coordinates":[[[-78.9423544,43.870055],[-78.9422298,43.8700838],[-78.9421864,43.8699862],[-78.942311,43.8699575],[-78.9423544,43.870055]]]},"properties":{"premiseId":"P-00068","address":"77 King Street","premiseType":"residential","heightM":6.3,"stories":2,"roof":"hip","yearBuilt":2023,"solar":false,"heatingFuel":"gas"}},{"type":"Feature","id":"B-P-00069","geometry":{"type":"Polygon","coordinates":[[[-78.9423113,43.869888],[-78.9421666,43.8699214],[-78.9421263,43.8698306],[-78.9422709,43.8697972],[-78.9423113,43.869888]]]},"properties":{"premiseId":"P-00069","address":"73 King Street","premiseType":"residential","heightM":6.3,"stories":2,"roof":"gable","yearBuilt":2026,"solar":false,"heatingFuel":"heat_pump"}},{"type":"Feature","id":"B-P-00070","geometry":{"type":"Polygon","coordinates":[[[-78.9422415,43.8697583],[-78.9420943,43.8697923],[-78.9420538,43.8697011],[-78.9422009,43.8696672],[-78.9422415,43.8697583]]]},"properties":{"premiseId":"P-00070","address":"71 King Street","premiseType":"residential","heightM":3.7,"stories":1,"roof":"gable","yearBuilt":2027,"solar":false,"heatingFuel":"gas"}},{"type":"Feature","id":"B-P-00071","geometry":{"type":"Polygon","coordinates":[[[-78.9421816,43.8696113],[-78.9420364,43.8696449],[-78.9420024,43.8695684],[-78.9421475,43.8695349],[-78.9421816,43.8696113]]]},"properties":{"premiseId":"P-00071","address":"67 King Street","premiseType":"residential","heightM":6.3,"stories":2,"roof":"hip","yearBuilt":2024,"solar":false,"heatingFuel":"electric_resistance"}},{"type":"Feature","id":"B-P-00072","geometry":{"type":"Polygon","coordinates":[[[-78.9421116,43.8694986],[-78.941989,43.8695269],[-78.9419457,43.8694294],[-78.9420683,43.8694011],[-78.9421116,43.8694986]]]},"properties":{"premiseId":"P-00072","address":"63 King Street","premiseType":"residential","heightM":3.7,"stories":1,"roof":"gable","yearBuilt":2027,"solar":false,"heatingFuel":"gas"}},{"type":"Feature","id":"B-P-00073","geometry":{"type":"Polygon","coordinates":[[[-78.9420581,43.8693359],[-78.941913,43.8693694],[-78.9418714,43.8692758],[-78.9420164,43.8692422],[-78.9420581,43.8693359]]]},"properties":{"premiseId":"P-00073","address":"59 King Street","premiseType":"residential","heightM":6.3,"stories":2,"roof":"gable","yearBuilt":2027,"solar":false,"heatingFuel":"electric_resistance"}},{"type":"Feature","id":"B-P-00074","geometry":{"type":"Polygon","coordinates":[[[-78.9417418,43.8710941],[-78.9418642,43.8710671],[-78.9419035,43.8711594],[-78.9417812,43.8711866],[-78.9417418,43.8710941]]]},"properties":{"premiseId":"P-00074","address":"58 Burns Street West","premiseType":"residential","heightM":6.3,"stories":2,"roof":"hip","yearBuilt":2024,"solar":false,"heatingFuel":"gas"}},{"type":"Feature","id":"B-P-00075","geometry":{"type":"Polygon","coordinates":[[[-78.941674,43.8706878],[-78.941714,43.8707817],[-78.9415971,43.8708076],[-78.9415571,43.8707137],[-78.941674,43.8706878]]]},"properties":{"premiseId":"P-00075","address":"57 Burns Street West","premiseType":"residential","heightM":6.3,"stories":2,"roof":"hip","yearBuilt":2025,"solar":false,"heatingFuel":"gas"}},{"type":"Feature","id":"B-P-00076","geometry":{"type":"Polygon","coordinates":[[[-78.9413569,43.8690645],[-78.9413941,43.8691498],[-78.9412479,43.869183],[-78.9412107,43.8690976],[-78.9413569,43.8690645]]]},"properties":{"premiseId":"P-00076","address":"52 King Street","premiseType":"residential","heightM":3.7,"stories":1,"roof":"hip","yearBuilt":2012,"solar":false,"heatingFuel":"gas"}},{"type":"Feature","id":"B-P-00077","geometry":{"type":"Polygon","coordinates":[[[-78.9413,43.8689336],[-78.9413473,43.8690417],[-78.9412023,43.8690745],[-78.9411551,43.8689665],[-78.9413,43.8689336]]]},"properties":{"premiseId":"P-00077","address":"48 King Street","premiseType":"residential","heightM":6.3,"stories":2,"roof":"hip","yearBuilt":2008,"solar":false,"heatingFuel":"electric_resistance"}},{"type":"Feature","id":"B-P-00078","geometry":{"type":"Polygon","coordinates":[[[-78.941246,43.8687671],[-78.9412898,43.8688677],[-78.9411641,43.8688962],[-78.9411202,43.8687957],[-78.941246,43.8687671]]]},"properties":{"premiseId":"P-00078","address":"44 King Street","premiseType":"residential","heightM":6.3,"stories":2,"roof":"hip","yearBuilt":2006,"solar":true,"heatingFuel":"heat_pump"}},{"type":"Feature","id":"B-P-00079","geometry":{"type":"Polygon","coordinates":[[[-78.941181,43.8686337],[-78.9412219,43.8687273],[-78.9410983,43.8687555],[-78.9410574,43.8686618],[-78.941181,43.8686337]]]},"properties":{"premiseId":"P-00079","address":"42 King Street","premiseType":"residential","heightM":6.3,"stories":2,"roof":"hip","yearBuilt":2000,"solar":false,"heatingFuel":"heat_pump"}},{"type":"Feature","id":"B-P-00080","geometry":{"type":"Polygon","coordinates":[[[-78.9411211,43.8684759],[-78.9411637,43.8685735],[-78.9410168,43.8686069],[-78.9409742,43.8685092],[-78.9411211,43.8684759]]]},"properties":{"premiseId":"P-00080","address":"38 King Street","premiseType":"residential","heightM":6.3,"stories":2,"roof":"hip","yearBuilt":2002,"solar":false,"heatingFuel":"gas"}},{"type":"Feature","id":"B-P-00081","geometry":{"type":"Polygon","coordinates":[[[-78.9410577,43.8683225],[-78.9410988,43.8684167],[-78.9409537,43.8684497],[-78.9409126,43.8683553],[-78.9410577,43.8683225]]]},"properties":{"premiseId":"P-00081","address":"34 King Street","premiseType":"residential","heightM":6.3,"stories":2,"roof":"gable","yearBuilt":1994,"solar":false,"heatingFuel":"gas"}},{"type":"Feature","id":"B-P-00082","geometry":{"type":"Polygon","coordinates":[[[-78.9419105,43.8690593],[-78.9417885,43.8690869],[-78.9417526,43.8690048],[-78.9418746,43.8689772],[-78.9419105,43.8690593]]]},"properties":{"premiseId":"P-00082","address":"51 King Street","premiseType":"residential","heightM":6.3,"stories":2,"roof":"hip","yearBuilt":2023,"solar":false,"heatingFuel":"gas"}},{"type":"Feature","id":"B-P-00083","geometry":{"type":"Polygon","coordinates":[[[-78.9418549,43.86891],[-78.9417182,43.868941],[-78.9416735,43.8688386],[-78.9418103,43.8688076],[-78.9418549,43.86891]]]},"properties":{"premiseId":"P-00083","address":"47 King Street","premiseType":"residential","heightM":6.3,"stories":2,"roof":"gable","yearBuilt":2019,"solar":false,"heatingFuel":"gas"}},{"type":"Feature","id":"B-P-00084","geometry":{"type":"Polygon","coordinates":[[[-78.9418143,43.8687347],[-78.9416542,43.8687711],[-78.9416131,43.868677],[-78.9417732,43.8686407],[-78.9418143,43.8687347]]]},"properties":{"premiseId":"P-00084","address":"43 King Street","premiseType":"residential","heightM":6.3,"stories":2,"roof":"gable","yearBuilt":2019,"solar":false,"heatingFuel":"gas"}},{"type":"Feature","id":"B-P-00085","geometry":{"type":"Polygon","coordinates":[[[-78.941743,43.8685816],[-78.9415847,43.8686176],[-78.9415417,43.868519],[-78.9417,43.8684831],[-78.941743,43.8685816]]]},"properties":{"premiseId":"P-00085","address":"39 King Street","premiseType":"residential","heightM":6.3,"stories":2,"roof":"hip","yearBuilt":2012,"solar":false,"heatingFuel":"heat_pump"}},{"type":"Feature","id":"B-P-00086","geometry":{"type":"Polygon","coordinates":[[[-78.9408821,43.8695323],[-78.9410365,43.8694988],[-78.9410775,43.8695967],[-78.9409232,43.8696303],[-78.9408821,43.8695323]]]},"properties":{"premiseId":"P-00086","address":"10 James Street","premiseType":"residential","heightM":3.7,"stories":1,"roof":"hip","yearBuilt":2012,"solar":false,"heatingFuel":"gas"}},{"type":"Feature","id":"B-P-00087","geometry":{"type":"Polygon","coordinates":[[[-78.940665,43.8695866],[-78.9408033,43.8695565],[-78.9408411,43.8696468],[-78.9407029,43.8696769],[-78.940665,43.8695866]]]},"properties":{"premiseId":"P-00087","address":"6 James Street","premiseType":"residential","heightM":6.3,"stories":2,"roof":"gable","yearBuilt":2007,"solar":true,"heatingFuel":"gas"}},{"type":"Feature","id":"B-P-00088","geometry":{"type":"Polygon","coordinates":[[[-78.9409091,43.8691407],[-78.9409502,43.8692389],[-78.9407824,43.8692754],[-78.9407413,43.8691773],[-78.9409091,43.8691407]]]},"properties":{"premiseId":"P-00088","address":"9 James Street","premiseType":"residential","heightM":6.3,"stories":2,"roof":"gable","yearBuilt":1998,"solar":false,"heatingFuel":"gas"}},{"type":"Feature","id":"B-P-00089","geometry":{"type":"Polygon","coordinates":[[[-78.9406952,43.8691864],[-78.9407338,43.8692785],[-78.9405764,43.8693128],[-78.9405379,43.8692205],[-78.9406952,43.8691864]]]},"properties":{"premiseId":"P-00089","address":"5 James Street","premiseType":"residential","heightM":6.3,"stories":2,"roof":"gable","yearBuilt":1996,"solar":false,"heatingFuel":"gas"}},{"type":"Feature","id":"B-P-00090","geometry":{"type":"Polygon","coordinates":[[[-78.9412356,43.871814],[-78.9412754,43.8719072],[-78.9411297,43.8719395],[-78.9410899,43.8718465],[-78.9412356,43.871814]]]},"properties":{"premiseId":"P-00090","address":"88 Centre Street South","premiseType":"residential","heightM":6.3,"stories":2,"roof":"gable","yearBuilt":2027,"solar":false,"heatingFuel":"gas"}},{"type":"Feature","id":"B-P-00091","geometry":{"type":"Polygon","coordinates":[[[-78.9411601,43.8716387],[-78.9412001,43.8717323],[-78.9410565,43.8717642],[-78.9410165,43.8716705],[-78.9411601,43.8716387]]]},"properties":{"premiseId":"P-00091","address":"84 Centre Street South","premiseType":"residential","heightM":6.3,"stories":2,"roof":"gable","yearBuilt":2024,"solar":false,"heatingFuel":"gas"}},{"type":"Feature","id":"B-P-00092","geometry":{"type":"Polygon","coordinates":[[[-78.9411098,43.8714975],[-78.9411445,43.8715789],[-78.9409934,43.8716125],[-78.9409586,43.8715311],[-78.9411098,43.8714975]]]},"properties":{"premiseId":"P-00092","address":"80 Centre Street South","premiseType":"residential","heightM":6.3,"stories":2,"roof":"hip","yearBuilt":2026,"solar":true,"heatingFuel":"gas"}},{"type":"Feature","id":"B-P-00093","geometry":{"type":"Polygon","coordinates":[[[-78.941031,43.8713461],[-78.9410705,43.8714385],[-78.9409286,43.8714701],[-78.9408891,43.8713776],[-78.941031,43.8713461]]]},"properties":{"premiseId":"P-00093","address":"76 Centre Street South","premiseType":"residential","heightM":6.3,"stories":2,"roof":"gable","yearBuilt":2027,"solar":true,"heatingFuel":"gas"}},{"type":"Feature","id":"B-P-00094","geometry":{"type":"Polygon","coordinates":[[[-78.9409971,43.8712126],[-78.9410286,43.8712864],[-78.9408879,43.8713176],[-78.9408564,43.8712439],[-78.9409971,43.8712126]]]},"properties":{"premiseId":"P-00094","address":"72 Centre Street South","premiseType":"residential","heightM":3.7,"stories":1,"roof":"gable","yearBuilt":2024,"solar":false,"heatingFuel":"heat_pump"}},{"type":"Feature","id":"B-P-00095","geometry":{"type":"Polygon","coordinates":[[[-78.94172,43.871617],[-78.9415879,43.8716464],[-78.9415478,43.8715523],[-78.9416797,43.8715231],[-78.94172,43.871617]]]},"properties":{"premiseId":"P-00095","address":"83 Centre Street South","premiseType":"residential","heightM":6.3,"stories":2,"roof":"gable","yearBuilt":2024,"solar":false,"heatingFuel":"gas"}},{"type":"Feature","id":"B-P-00096","geometry":{"type":"Polygon","coordinates":[[[-78.9416644,43.8714775],[-78.9415236,43.8715088],[-78.9414861,43.8714211],[-78.941627,43.8713898],[-78.9416644,43.8714775]]]},"properties":{"premiseId":"P-00096","address":"79 Centre Street South","premiseType":"residential","heightM":6.3,"stories":2,"roof":"hip","yearBuilt":2025,"solar":false,"heatingFuel":"gas"}},{"type":"Feature","id":"B-P-00097","geometry":{"type":"Polygon","coordinates":[[[-78.9415992,43.8713402],[-78.941466,43.8713697],[-78.941424,43.8712714],[-78.9415574,43.8712419],[-78.9415992,43.8713402]]]},"properties":{"premiseId":"P-00097","address":"75 Centre Street South","premiseType":"residential","heightM":6.3,"stories":2,"roof":"hip","yearBuilt":2023,"solar":false,"heatingFuel":"gas"}},{"type":"Feature","id":"B-P-00098","geometry":{"type":"Polygon","coordinates":[[[-78.9415238,43.8711923],[-78.9414006,43.8712197],[-78.9413682,43.8711439],[-78.9414916,43.8711165],[-78.9415238,43.8711923]]]},"properties":{"premiseId":"P-00098","address":"71 Centre Street South","premiseType":"residential","heightM":6.3,"stories":2,"roof":"gable","yearBuilt":2022,"solar":false,"heatingFuel":"electric_resistance"}},{"type":"Feature","id":"B-P-00099","geometry":{"type":"Polygon","coordinates":[[[-78.940921,43.8719833],[-78.9409583,43.872071],[-78.9408366,43.8720981],[-78.9407992,43.8720102],[-78.940921,43.8719833]]]},"properties":{"premiseId":"P-00099","address":"11 Pitt Street West","premiseType":"residential","heightM":6.3,"stories":2,"roof":"hip","yearBuilt":2025,"solar":false,"heatingFuel":"gas"}},{"type":"Feature","id":"B-P-00100","geometry":{"type":"Polygon","coordinates":[[[-78.9407223,43.8720261],[-78.9407602,43.8721147],[-78.9406158,43.8721468],[-78.9405779,43.8720581],[-78.9407223,43.8720261]]]},"properties":{"premiseId":"P-00100","address":"7 Pitt Street West","premiseType":"residential","heightM":6.3,"stories":2,"roof":"hip","yearBuilt":2026,"solar":false,"heatingFuel":"gas"}},{"type":"Feature","id":"B-P-00101","geometry":{"type":"Polygon","coordinates":[[[-78.9404891,43.8720807],[-78.9405318,43.8721822],[-78.9404058,43.8722099],[-78.9403629,43.8721084],[-78.9404891,43.8720807]]]},"properties":{"premiseId":"P-00101","address":"3 Pitt Street West","premiseType":"residential","heightM":3.7,"stories":1,"roof":"hip","yearBuilt":2023,"solar":true,"heatingFuel":"gas"}},{"type":"Feature","id":"B-P-00102","geometry":{"type":"Polygon","coordinates":[[[-78.9409238,43.8680294],[-78.9409616,43.8681167],[-78.9408311,43.868146],[-78.9407934,43.8680588],[-78.9409238,43.8680294]]]},"properties":{"premiseId":"P-00102","address":"26 King Street","premiseType":"residential","heightM":6.3,"stories":2,"roof":"gable","yearBuilt":1991,"solar":false,"heatingFuel":"gas"}},{"type":"Feature","id":"B-P-00103","geometry":{"type":"Polygon","coordinates":[[[-78.9408395,43.8678875],[-78.94088,43.8679809],[-78.9407218,43.8680165],[-78.9406815,43.8679232],[-78.9408395,43.8678875]]]},"properties":{"premiseId":"P-00103","address":"22 King Street","premiseType":"residential","heightM":3.7,"stories":1,"roof":"gable","yearBuilt":1994,"solar":false,"heatingFuel":"gas"}},{"type":"Feature","id":"B-P-00104","geometry":{"type":"Polygon","coordinates":[[[-78.9407798,43.867732],[-78.9408214,43.8678282],[-78.9406705,43.8678622],[-78.9406289,43.8677661],[-78.9407798,43.867732]]]},"properties":{"premiseId":"P-00104","address":"18 King Street","premiseType":"residential","heightM":6.3,"stories":2,"roof":"hip","yearBuilt":1991,"solar":false,"heatingFuel":"heat_pump"}},{"type":"Feature","id":"B-P-00105","geometry":{"type":"Polygon","coordinates":[[[-78.9407353,43.8676009],[-78.9407748,43.8676921],[-78.940631,43.8677246],[-78.9405914,43.8676332],[-78.9407353,43.8676009]]]},"properties":{"premiseId":"P-00105","address":"14 King Street","premiseType":"residential","heightM":3.7,"stories":1,"roof":"hip","yearBuilt":1989,"solar":true,"heatingFuel":"gas"}},{"type":"Feature","id":"B-P-00106","geometry":{"type":"Polygon","coordinates":[[[-78.9406509,43.8674476],[-78.9406868,43.8675302],[-78.9405568,43.8675595],[-78.940521,43.8674768],[-78.9406509,43.8674476]]]},"properties":{"premiseId":"P-00106","address":"10 King Street","premiseType":"residential","heightM":6.3,"stories":2,"roof":"hip","yearBuilt":1991,"solar":false,"heatingFuel":"gas"}},{"type":"Feature","id":"B-P-00107","geometry":{"type":"Polygon","coordinates":[[[-78.9406123,43.8673065],[-78.9406512,43.8673961],[-78.9404974,43.8674307],[-78.9404586,43.8673412],[-78.9406123,43.8673065]]]},"properties":{"premiseId":"P-00107","address":"6 King Street","premiseType":"residential","heightM":6.3,"stories":2,"roof":"hip","yearBuilt":1989,"solar":false,"heatingFuel":"gas"}},{"type":"Feature","id":"B-P-00108","geometry":{"type":"Polygon","coordinates":[[[-78.940536,43.8671548],[-78.9405718,43.8672371],[-78.9404241,43.8672704],[-78.9403885,43.8671881],[-78.940536,43.8671548]]]},"properties":{"premiseId":"P-00108","address":"2 King Street","premiseType":"residential","heightM":6.3,"stories":2,"roof":"hip","yearBuilt":1985,"solar":true,"heatingFuel":"gas"}},{"type":"Feature","id":"B-P-00109","geometry":{"type":"Polygon","coordinates":[[[-78.9413496,43.86772],[-78.9411901,43.8677559],[-78.9411505,43.8676644],[-78.94131,43.8676284],[-78.9413496,43.86772]]]},"properties":{"premiseId":"P-00109","address":"17 King Street","premiseType":"residential","heightM":6.3,"stories":2,"roof":"gable","yearBuilt":2006,"solar":false,"heatingFuel":"gas"}},{"type":"Feature","id":"B-P-00110","geometry":{"type":"Polygon","coordinates":[[[-78.9412833,43.8675718],[-78.9411408,43.867604],[-78.941103,43.8675169],[-78.9412456,43.8674848],[-78.9412833,43.8675718]]]},"properties":{"premiseId":"P-00110","address":"13 King Street","premiseType":"residential","heightM":3.7,"stories":1,"roof":"gable","yearBuilt":2001,"solar":true,"heatingFuel":"gas"}},{"type":"Feature","id":"B-P-00111","geometry":{"type":"Polygon","coordinates":[[[-78.9412007,43.8674235],[-78.9410731,43.8674523],[-78.9410279,43.8673479],[-78.9411555,43.8673191],[-78.9412007,43.8674235]]]},"properties":{"premiseId":"P-00111","address":"9 King Street","premiseType":"residential","heightM":3.7,"stories":1,"roof":"hip","yearBuilt":2005,"solar":false,"heatingFuel":"gas"}},{"type":"Feature","id":"B-P-00112","geometry":{"type":"Polygon","coordinates":[[[-78.9411337,43.8672708],[-78.9410047,43.8672999],[-78.9409654,43.8672093],[-78.9410944,43.8671802],[-78.9411337,43.8672708]]]},"properties":{"premiseId":"P-00112","address":"5 King Street","premiseType":"residential","heightM":3.7,"stories":1,"roof":"hip","yearBuilt":1999,"solar":false,"heatingFuel":"gas"}},{"type":"Feature","id":"B-P-00113","geometry":{"type":"Polygon","coordinates":[[[-78.9410573,43.8671297],[-78.9409378,43.8671566],[-78.9408964,43.8670612],[-78.9410159,43.8670343],[-78.9410573,43.8671297]]]},"properties":{"premiseId":"P-00113","address":"1 King Street","premiseType":"residential","heightM":6.3,"stories":2,"roof":"gable","yearBuilt":2000,"solar":false,"heatingFuel":"gas"}},{"type":"Feature","id":"B-P-00114","geometry":{"type":"Polygon","coordinates":[[[-78.9404297,43.8685049],[-78.9405956,43.8684662],[-78.9406413,43.8685681],[-78.9404755,43.8686068],[-78.9404297,43.8685049]]]},"properties":{"premiseId":"P-00114","address":"56 Arthur Street","premiseType":"residential","heightM":6.3,"stories":2,"roof":"gable","yearBuilt":1991,"solar":true,"heatingFuel":"gas"}},{"type":"Feature","id":"B-P-00115","geometry":{"type":"Polygon","coordinates":[[[-78.9402149,43.8685585],[-78.9403688,43.8685226],[-78.9404144,43.8686244],[-78.9402606,43.8686603],[-78.9402149,43.8685585]]]},"properties":{"premiseId":"P-00115","address":"52 Arthur Street","premiseType":"residential","heightM":6.3,"stories":2,"roof":"gable","yearBuilt":1989,"solar":false,"heatingFuel":"gas"}},{"type":"Feature","id":"B-P-00116","geometry":{"type":"Polygon","coordinates":[[[-78.9404603,43.8680948],[-78.9405096,43.8682046],[-78.9403609,43.8682393],[-78.9403116,43.8681295],[-78.9404603,43.8680948]]]},"properties":{"premiseId":"P-00116","address":"55 Arthur Street","premiseType":"residential","heightM":6.3,"stories":2,"roof":"gable","yearBuilt":1985,"solar":false,"heatingFuel":"gas"}},{"type":"Feature","id":"B-P-00117","geometry":{"type":"Polygon","coordinates":[[[-78.9402128,43.8681673],[-78.9402529,43.8682567],[-78.9400989,43.8682926],[-78.9400588,43.8682033],[-78.9402128,43.8681673]]]},"properties":{"premiseId":"P-00117","address":"51 Arthur Street","premiseType":"residential","heightM":6.3,"stories":2,"roof":"gable","yearBuilt":1979,"solar":false,"heatingFuel":"gas"}},{"type":"Feature","id":"B-P-00118","geometry":{"type":"Polygon","coordinates":[[[-78.9408605,43.8709095],[-78.9408977,43.8709984],[-78.9407514,43.8710302],[-78.9407142,43.8709413],[-78.9408605,43.8709095]]]},"properties":{"premiseId":"P-00118","address":"64 Centre Street South","premiseType":"residential","heightM":6.3,"stories":2,"roof":"gable","yearBuilt":2025,"solar":false,"heatingFuel":"gas"}},{"type":"Feature","id":"B-P-00119","geometry":{"type":"Polygon","coordinates":[[[-78.9407909,43.87075],[-78.9408371,43.8708607],[-78.940706,43.8708892],[-78.9406596,43.8707785],[-78.9407909,43.87075]]]},"properties":{"premiseId":"P-00119","address":"60 Centre Street South","premiseType":"residential","heightM":6.3,"stories":2,"roof":"gable","yearBuilt":2023,"solar":false,"heatingFuel":"gas"}},{"type":"Feature","id":"B-P-00120","geometry":{"type":"Polygon","coordinates":[[[-78.9407074,43.8705665],[-78.9407495,43.8706673],[-78.9406087,43.8706979],[-78.9405666,43.8705972],[-78.9407074,43.8705665]]]},"properties":{"premiseId":"P-00120","address":"56 Centre Street South","premiseType":"residential","heightM":3.7,"stories":1,"roof":"gable","yearBuilt":2021,"solar":true,"heatingFuel":"gas"}},{"type":"Feature","id":"B-P-00121","geometry":{"type":"Polygon","coordinates":[[[-78.9406515,43.8704311],[-78.9406948,43.8705345],[-78.9405571,43.8705644],[-78.940514,43.870461],[-78.9406515,43.8704311]]]},"properties":{"premiseId":"P-00121","address":"52 Centre Street South","premiseType":"residential","heightM":6.3,"stories":2,"roof":"gable","yearBuilt":2020,"solar":false,"heatingFuel":"gas"}},{"type":"Feature","id":"B-P-00122","geometry":{"type":"Polygon","coordinates":[[[-78.940597,43.8702518],[-78.9406352,43.8703433],[-78.9405156,43.8703693],[-78.9404773,43.8702777],[-78.940597,43.8702518]]]},"properties":{"premiseId":"P-00122","address":"48 Centre Street South","premiseType":"residential","heightM":6.3,"stories":2,"roof":"gable","yearBuilt":2014,"solar":false,"heatingFuel":"gas"}},{"type":"Feature","id":"B-P-00123","geometry":{"type":"Polygon","coordinates":[[[-78.9405109,43.8700948],[-78.9405515,43.870192],[-78.9403931,43.8702264],[-78.9403525,43.8701292],[-78.9405109,43.8700948]]]},"properties":{"premiseId":"P-00123","address":"44 Centre Street South","premiseType":"residential","heightM":6.3,"stories":2,"roof":"gable","yearBuilt":2009,"solar":false,"heatingFuel":"heat_pump"}},{"type":"Feature","id":"B-P-00124","geometry":{"type":"Polygon","coordinates":[[[-78.9404499,43.8699297],[-78.9404947,43.8700368],[-78.940352,43.8700678],[-78.9403072,43.8699607],[-78.9404499,43.8699297]]]},"properties":{"premiseId":"P-00124","address":"40 Centre Street South","premiseType":"residential","heightM":6.3,"stories":2,"roof":"hip","yearBuilt":2004,"solar":false,"heatingFuel":"electric_resistance"}},{"type":"Feature","id":"B-P-00125","geometry":{"type":"Polygon","coordinates":[[[-78.9413856,43.8708969],[-78.9412587,43.8709245],[-78.9412187,43.8708288],[-78.9413456,43.8708012],[-78.9413856,43.8708969]]]},"properties":{"premiseId":"P-00125","address":"63 Centre Street South","premiseType":"residential","heightM":3.7,"stories":1,"roof":"gable","yearBuilt":2027,"solar":true,"heatingFuel":"gas"}},{"type":"Feature","id":"B-P-00126","geometry":{"type":"Polygon","coordinates":[[[-78.9413525,43.870743],[-78.941216,43.8707726],[-78.9411737,43.8706714],[-78.9413101,43.8706417],[-78.9413525,43.870743]]]},"properties":{"premiseId":"P-00126","address":"59 Centre Street South","premiseType":"residential","heightM":3.7,"stories":1,"roof":"hip","yearBuilt":2025,"solar":false,"heatingFuel":"gas"}},{"type":"Feature","id":"B-P-00127","geometry":{"type":"Polygon","coordinates":[[[-78.941264,43.8705967],[-78.9411317,43.8706255],[-78.9410816,43.8705056],[-78.9412139,43.8704769],[-78.941264,43.8705967]]]},"properties":{"premiseId":"P-00127","address":"55 Centre Street South","premiseType":"residential","heightM":6.3,"stories":2,"roof":"gable","yearBuilt":2025,"solar":false,"heatingFuel":"gas"}},{"type":"Feature","id":"B-P-00128","geometry":{"type":"Polygon","coordinates":[[[-78.9412177,43.8704057],[-78.9410714,43.8704375],[-78.9410352,43.8703509],[-78.9411814,43.8703191],[-78.9412177,43.8704057]]]},"properties":{"premiseId":"P-00128","address":"51 Centre Street South","premiseType":"residential","heightM":3.7,"stories":1,"roof":"hip","yearBuilt":2023,"solar":false,"heatingFuel":"electric_resistance"}},{"type":"Feature","id":"B-P-00129","geometry":{"type":"Polygon","coordinates":[[[-78.9411367,43.8702754],[-78.9410137,43.8703021],[-78.9409669,43.8701903],[-78.9410899,43.8701636],[-78.9411367,43.8702754]]]},"properties":{"premiseId":"P-00129","address":"47 Centre Street South","premiseType":"residential","heightM":6.3,"stories":2,"roof":"hip","yearBuilt":2021,"solar":false,"heatingFuel":"heat_pump"}},{"type":"Feature","id":"B-P-00130","geometry":{"type":"Polygon","coordinates":[[[-78.941074,43.8701106],[-78.9409335,43.8701412],[-78.9408887,43.8700338],[-78.941029,43.8700034],[-78.941074,43.8701106]]]},"properties":{"premiseId":"P-00130","address":"43 Centre Street South","premiseType":"residential","heightM":6.3,"stories":2,"roof":"gable","yearBuilt":2016,"solar":false,"heatingFuel":"gas"}},{"type":"Feature","id":"B-P-00131","geometry":{"type":"Polygon","coordinates":[[[-78.9409812,43.869926],[-78.9408606,43.8699522],[-78.9408195,43.8698538],[-78.94094,43.8698277],[-78.9409812,43.869926]]]},"properties":{"premiseId":"P-00131","address":"39 Centre Street South","premiseType":"residential","heightM":6.3,"stories":2,"roof":"hip","yearBuilt":2017,"solar":false,"heatingFuel":"gas"}},{"type":"Feature","id":"B-P-00132","geometry":{"type":"Polygon","coordinates":[[[-78.9405039,43.8713701],[-78.9406326,43.8713412],[-78.9406773,43.871445],[-78.9405485,43.8714738],[-78.9405039,43.8713701]]]},"properties":{"premiseId":"P-00132","address":"36 Burns Street West","premiseType":"residential","heightM":6.3,"stories":2,"roof":"hip","yearBuilt":2023,"solar":false,"heatingFuel":"gas"}},{"type":"Feature","id":"B-P-00133","geometry":{"type":"Polygon","coordinates":[[[-78.9404798,43.870947],[-78.9405213,43.8710434],[-78.9404022,43.87107],[-78.9403607,43.8709737],[-78.9404798,43.870947]]]},"properties":{"premiseId":"P-00133","address":"35 Burns Street West","premiseType":"residential","heightM":3.7,"stories":1,"roof":"hip","yearBuilt":2023,"solar":true,"heatingFuel":"gas"}},{"type":"Feature","id":"B-P-00134","geometry":{"type":"Polygon","coordinates":[[[-78.9403216,43.8696244],[-78.9403597,43.8697104],[-78.9402302,43.8697402],[-78.9401921,43.8696543],[-78.9403216,43.8696244]]]},"properties":{"premiseId":"P-00134","address":"32 Centre Street South","premiseType":"residential","heightM":6.3,"stories":2,"roof":"hip","yearBuilt":1998,"solar":false,"heatingFuel":"gas"}},{"type":"Feature","id":"B-P-00135","geometry":{"type":"Polygon","coordinates":[[[-78.9400046,43.8700575],[-78.9401264,43.8700308],[-78.9401652,43.8701225],[-78.9400433,43.8701493],[-78.9400046,43.8700575]]]},"properties":{"premiseId":"P-00135","address":"36 Keith Street","premiseType":"residential","heightM":3.7,"stories":1,"roof":"gable","yearBuilt":2006,"solar":false,"heatingFuel":"gas"}},{"type":"Feature","id":"B-P-00136","geometry":{"type":"Polygon","coordinates":[[[-78.939773,43.8701187],[-78.9398872,43.8700938],[-78.9399303,43.8701961],[-78.9398163,43.8702211],[-78.939773,43.8701187]]]},"properties":{"premiseId":"P-00136","address":"32 Keith Street","premiseType":"residential","heightM":6.3,"stories":2,"roof":"gable","yearBuilt":1999,"solar":false,"heatingFuel":"gas"}},{"type":"Feature","id":"B-P-00137","geometry":{"type":"Polygon","coordinates":[[[-78.9395464,43.8701675],[-78.9396812,43.8701379],[-78.9397248,43.8702411],[-78.9395901,43.8702707],[-78.9395464,43.8701675]]]},"properties":{"premiseId":"P-00137","address":"28 Keith Street","premiseType":"residential","heightM":6.3,"stories":2,"roof":"gable","yearBuilt":1998,"solar":true,"heatingFuel":"gas"}},{"type":"Feature","id":"B-P-00138","geometry":{"type":"Polygon","coordinates":[[[-78.9399411,43.869681],[-78.9399814,43.8697763],[-78.9398588,43.8698032],[-78.9398185,43.8697079],[-78.9399411,43.869681]]]},"properties":{"premiseId":"P-00138","address":"35 Keith Street","premiseType":"residential","heightM":6.3,"stories":2,"roof":"hip","yearBuilt":1994,"solar":false,"heatingFuel":"gas"}},{"type":"Feature","id":"B-P-00139","geometry":{"type":"Polygon","coordinates":[[[-78.9397344,43.8697374],[-78.9397729,43.8698286],[-78.9396533,43.8698548],[-78.9396148,43.8697636],[-78.9397344,43.8697374]]]},"properties":{"premiseId":"P-00139","address":"31 Keith Street","premiseType":"residential","heightM":6.3,"stories":2,"roof":"hip","yearBuilt":1992,"solar":false,"heatingFuel":"gas"}},{"type":"Feature","id":"B-P-00140","geometry":{"type":"Polygon","coordinates":[[[-78.9395211,43.8697498],[-78.9395694,43.8698639],[-78.9394642,43.8698871],[-78.9394159,43.869773],[-78.9395211,43.8697498]]]},"properties":{"premiseId":"P-00140","address":"27 Keith Street","premiseType":"residential","heightM":6.3,"stories":2,"roof":"hip","yearBuilt":1987,"solar":true,"heatingFuel":"heat_pump"}},{"type":"Feature","id":"B-P-00141","geometry":{"type":"Polygon","coordinates":[[[-78.9401906,43.869351],[-78.9402289,43.8694375],[-78.9400762,43.8694727],[-78.940038,43.8693861],[-78.9401906,43.869351]]]},"properties":{"premiseId":"P-00141","address":"24 Centre Street South","premiseType":"residential","heightM":6.3,"stories":2,"roof":"hip","yearBuilt":1989,"solar":false,"heatingFuel":"gas"}},{"type":"Feature","id":"B-P-00142","geometry":{"type":"Polygon","coordinates":[[[-78.9401236,43.8691816],[-78.9401654,43.8692763],[-78.9400092,43.8693122],[-78.9399673,43.8692175],[-78.9401236,43.8691816]]]},"properties":{"premiseId":"P-00142","address":"20 Centre Street South","premiseType":"residential","heightM":6.3,"stories":2,"roof":"gable","yearBuilt":1987,"solar":false,"heatingFuel":"gas"}},{"type":"Feature","id":"B-P-00143","geometry":{"type":"Polygon","coordinates":[[[-78.9400651,43.8690477],[-78.9400981,43.8691226],[-78.9399558,43.8691553],[-78.9399227,43.8690805],[-78.9400651,43.8690477]]]},"properties":{"premiseId":"P-00143","address":"16 Centre Street South","premiseType":"residential","heightM":6.3,"stories":2,"roof":"hip","yearBuilt":1986,"solar":false,"heatingFuel":"gas"}},{"type":"Feature","id":"B-P-00144","geometry":{"type":"Polygon","coordinates":[[[-78.9399943,43.8688782],[-78.9400408,43.8689834],[-78.9399032,43.8690149],[-78.9398568,43.8689098],[-78.9399943,43.8688782]]]},"properties":{"premiseId":"P-00144","address":"12 Centre Street South","premiseType":"residential","heightM":3.7,"stories":1,"roof":"hip","yearBuilt":1983,"solar":false,"heatingFuel":"gas"}},{"type":"Feature","id":"B-P-00145","geometry":{"type":"Polygon","coordinates":[[[-78.939931,43.868754],[-78.9399717,43.8688459],[-78.9398494,43.868874],[-78.9398088,43.868782],[-78.939931,43.868754]]]},"properties":{"premiseId":"P-00145","address":"8 Centre Street South","premiseType":"residential","heightM":3.7,"stories":1,"roof":"gable","yearBuilt":1979,"solar":false,"heatingFuel":"gas"}},{"type":"Feature","id":"B-P-00146","geometry":{"type":"Polygon","coordinates":[[[-78.9398622,43.8686263],[-78.9399001,43.8687121],[-78.9397862,43.8687382],[-78.9397483,43.8686524],[-78.9398622,43.8686263]]]},"properties":{"premiseId":"P-00146","address":"4 Centre Street South","premiseType":"residential","heightM":3.7,"stories":1,"roof":"gable","yearBuilt":1973,"solar":false,"heatingFuel":"gas"}},{"type":"Feature","id":"B-P-00147","geometry":{"type":"Polygon","coordinates":[[[-78.9405955,43.8690049],[-78.9404568,43.8690368],[-78.9404158,43.8689443],[-78.9405545,43.8689124],[-78.9405955,43.8690049]]]},"properties":{"premiseId":"P-00147","address":"15 Centre Street South","premiseType":"residential","heightM":6.3,"stories":2,"roof":"gable","yearBuilt":1995,"solar":false,"heatingFuel":"electric_resistance"}},{"type":"Feature","id":"B-P-00148","geometry":{"type":"Polygon","coordinates":[[[-78.9405212,43.8688683],[-78.9403985,43.8688965],[-78.9403577,43.8688043],[-78.9404805,43.8687761],[-78.9405212,43.8688683]]]},"properties":{"premiseId":"P-00148","address":"11 Centre Street South","premiseType":"residential","heightM":6.3,"stories":2,"roof":"hip","yearBuilt":1988,"solar":false,"heatingFuel":"gas"}},{"type":"Feature","id":"B-P-00149","geometry":{"type":"Polygon","coordinates":[[[-78.9399512,43.8719365],[-78.9399885,43.8720214],[-78.9398568,43.8720515],[-78.9398195,43.8719666],[-78.9399512,43.8719365]]]},"properties":{"premiseId":"P-00149","address":"188 Byron Street South","premiseType":"residential","heightM":3.7,"stories":1,"roof":"gable","yearBuilt":2023,"solar":false,"heatingFuel":"electric_resistance"}},{"type":"Feature","id":"B-P-00150","geometry":{"type":"Polygon","coordinates":[[[-78.9398858,43.8717824],[-78.9399202,43.8718607],[-78.9397618,43.8718969],[-78.9397273,43.8718185],[-78.9398858,43.8717824]]]},"properties":{"premiseId":"P-00150","address":"184 Byron Street South","premiseType":"residential","heightM":6.3,"stories":2,"roof":"gable","yearBuilt":2025,"solar":false,"heatingFuel":"gas"}},{"type":"Feature","id":"B-P-00151","geometry":{"type":"Polygon","coordinates":[[[-78.9398275,43.8716579],[-78.9398637,43.8717403],[-78.9397095,43.8717755],[-78.9396733,43.8716931],[-78.9398275,43.8716579]]]},"properties":{"premiseId":"P-00151","address":"182 Byron Street South","premiseType":"residential","heightM":6.3,"stories":2,"roof":"hip","yearBuilt":2023,"solar":false,"heatingFuel":"gas"}},{"type":"Feature","id":"B-P-00152","geometry":{"type":"Polygon","coordinates":[[[-78.9397673,43.8714847],[-78.9398098,43.8715806],[-78.9396818,43.87161],[-78.9396394,43.8715142],[-78.9397673,43.8714847]]]},"properties":{"premiseId":"P-00152","address":"178 Byron Street South","premiseType":"residential","heightM":6.3,"stories":2,"roof":"hip","yearBuilt":2026,"solar":false,"heatingFuel":"gas"}},{"type":"Feature","id":"B-P-00153","geometry":{"type":"Polygon","coordinates":[[[-78.9404806,43.8718857],[-78.9403368,43.8719186],[-78.9402986,43.8718318],[-78.9404424,43.8717989],[-78.9404806,43.8718857]]]},"properties":{"premiseId":"P-00153","address":"187 Byron Street South","premiseType":"residential","heightM":6.3,"stories":2,"roof":"gable","yearBuilt":2022,"solar":false,"heatingFuel":"gas"}},{"type":"Feature","id":"B-P-00154","geometry":{"type":"Polygon","coordinates":[[[-78.9404239,43.8717621],[-78.9402954,43.8717914],[-78.9402565,43.8717029],[-78.9403849,43.8716736],[-78.9404239,43.8717621]]]},"properties":{"premiseId":"P-00154","address":"183 Byron Street South","premiseType":"residential","heightM":6.3,"stories":2,"roof":"gable","yearBuilt":2025,"solar":false,"heatingFuel":"gas"}},{"type":"Feature","id":"B-P-00155","geometry":{"type":"Polygon","coordinates":[[[-78.9403443,43.8716145],[-78.9402218,43.8716425],[-78.9401795,43.8715462],[-78.9403019,43.8715183],[-78.9403443,43.8716145]]]},"properties":{"premiseId":"P-00155","address":"179 Byron Street South","premiseType":"residential","heightM":6.3,"stories":2,"roof":"hip","yearBuilt":2024,"solar":false,"heatingFuel":"gas"}},{"type":"Feature","id":"B-P-00156","geometry":{"type":"Polygon","coordinates":[[[-78.9403059,43.8714526],[-78.9401527,43.871488],[-78.9401176,43.871409],[-78.9402707,43.8713736],[-78.9403059,43.8714526]]]},"properties":{"premiseId":"P-00156","address":"177 Byron Street South","premiseType":"residential","heightM":6.3,"stories":2,"roof":"gable","yearBuilt":2024,"solar":false,"heatingFuel":"gas"}},{"type":"Feature","id":"B-P-00157","geometry":{"type":"Polygon","coordinates":[[[-78.9392523,43.8688023],[-78.9394108,43.8687672],[-78.9394458,43.8688491],[-78.9392873,43.8688843],[-78.9392523,43.8688023]]]},"properties":{"premiseId":"P-00157","address":"34 Arthur Street","premiseType":"residential","heightM":3.7,"stories":1,"roof":"hip","yearBuilt":1967,"solar":false,"heatingFuel":"electric_resistance"}},{"type":"Feature","id":"B-P-00158","geometry":{"type":"Polygon","coordinates":[[[-78.9389912,43.8688578],[-78.9391386,43.8688251],[-78.9391724,43.8689039],[-78.9390248,43.8689366],[-78.9389912,43.8688578]]]},"properties":{"premiseId":"P-00158","address":"30 Arthur Street","premiseType":"residential","heightM":3.7,"stories":1,"roof":"hip","yearBuilt":1964,"solar":false,"heatingFuel":"electric_resistance"}},{"type":"Feature","id":"B-P-00159","geometry":{"type":"Polygon","coordinates":[[[-78.9397355,43.8682756],[-78.9397725,43.8683556],[-78.9396145,43.8683936],[-78.9395775,43.8683136],[-78.9397355,43.8682756]]]},"properties":{"premiseId":"P-00159","address":"43 Arthur Street","premiseType":"residential","heightM":3.7,"stories":1,"roof":"hip","yearBuilt":1969,"solar":false,"heatingFuel":"gas"}},{"type":"Feature","id":"B-P-00160","geometry":{"type":"Polygon","coordinates":[[[-78.9395174,43.8683376],[-78.9395521,43.8684127],[-78.9393751,43.8684551],[-78.9393405,43.8683799],[-78.9395174,43.8683376]]]},"properties":{"premiseId":"P-00160","address":"37 Arthur Street","premiseType":"residential","heightM":3.7,"stories":1,"roof":"gable","yearBuilt":1964,"solar":false,"heatingFuel":"gas"}},{"type":"Feature","id":"B-P-00161","geometry":{"type":"Polygon","coordinates":[[[-78.9392751,43.868381],[-78.9393136,43.8684711],[-78.9391657,43.868504],[-78.9391272,43.8684138],[-78.9392751,43.868381]]]},"properties":{"premiseId":"P-00161","address":"33 Arthur Street","premiseType":"residential","heightM":3.7,"stories":1,"roof":"gable","yearBuilt":1960,"solar":false,"heatingFuel":"gas"}},{"type":"Feature","id":"B-P-00162","geometry":{"type":"Polygon","coordinates":[[[-78.9390038,43.8684332],[-78.9390439,43.8685274],[-78.9388941,43.8685607],[-78.9388539,43.8684666],[-78.9390038,43.8684332]]]},"properties":{"premiseId":"P-00162","address":"29 Arthur Street","premiseType":"residential","heightM":3.7,"stories":1,"roof":"gable","yearBuilt":1955,"solar":false,"heatingFuel":"gas"}},{"type":"Feature","id":"B-P-00163","geometry":{"type":"Polygon","coordinates":[[[-78.9395897,43.8679995],[-78.9396332,43.8680996],[-78.9395252,43.8681239],[-78.9394818,43.8680239],[-78.9395897,43.8679995]]]},"properties":{"premiseId":"P-00163","address":"13 Byron Street South","premiseType":"residential","heightM":3.7,"stories":1,"roof":"gable","yearBuilt":1968,"solar":false,"heatingFuel":"gas"}},{"type":"Feature","id":"B-P-00164","geometry":{"type":"Polygon","coordinates":[[[-78.9395148,43.8678253],[-78.9395611,43.8679321],[-78.9394582,43.8679552],[-78.939412,43.8678485],[-78.9395148,43.8678253]]]},"properties":{"premiseId":"P-00164","address":"17 Byron Street South","premiseType":"residential","heightM":3.7,"stories":1,"roof":"gable","yearBuilt":1962,"solar":false,"heatingFuel":"gas"}},{"type":"Feature","id":"B-P-00165","geometry":{"type":"Polygon","coordinates":[[[-78.9394332,43.867663],[-78.9394752,43.8677599],[-78.9393705,43.8677835],[-78.9393285,43.8676866],[-78.9394332,43.867663]]]},"properties":{"premiseId":"P-00165","address":"21 Byron Street South","premiseType":"residential","heightM":3.7,"stories":1,"roof":"hip","yearBuilt":1963,"solar":true,"heatingFuel":"gas"}},{"type":"Feature","id":"B-P-00166","geometry":{"type":"Polygon","coordinates":[[[-78.9393814,43.8675227],[-78.9394216,43.8676157],[-78.9392994,43.8676433],[-78.939259,43.8675503],[-78.9393814,43.8675227]]]},"properties":{"premiseId":"P-00166","address":"25 Byron Street South","premiseType":"residential","heightM":6.3,"stories":2,"roof":"gable","yearBuilt":1963,"solar":false,"heatingFuel":"gas"}},{"type":"Feature","id":"B-P-00167","geometry":{"type":"Polygon","coordinates":[[[-78.9393117,43.8673667],[-78.9393497,43.8674543],[-78.9392256,43.8674822],[-78.9391876,43.8673946],[-78.9393117,43.8673667]]]},"properties":{"premiseId":"P-00167","address":"29 Byron Street South","premiseType":"residential","heightM":3.7,"stories":1,"roof":"hip","yearBuilt":1964,"solar":false,"heatingFuel":"gas"}},{"type":"Feature","id":"B-P-00168","geometry":{"type":"Polygon","coordinates":[[[-78.9392331,43.8671817],[-78.9392742,43.8672765],[-78.9391541,43.8673036],[-78.9391131,43.8672088],[-78.9392331,43.8671817]]]},"properties":{"premiseId":"P-00168","address":"33 Byron Street South","premiseType":"residential","heightM":3.7,"stories":1,"roof":"gable","yearBuilt":1966,"solar":false,"heatingFuel":"heat_pump"}},{"type":"Feature","id":"B-P-00169","geometry":{"type":"Polygon","coordinates":[[[-78.9391814,43.8670398],[-78.9392276,43.8671463],[-78.9391262,43.8671691],[-78.9390799,43.8670627],[-78.9391814,43.8670398]]]},"properties":{"premiseId":"P-00169","address":"37 Byron Street South","premiseType":"residential","heightM":3.7,"stories":1,"roof":"gable","yearBuilt":1966,"solar":false,"heatingFuel":"gas"}},{"type":"Feature","id":"B-P-00170","geometry":{"type":"Polygon","coordinates":[[[-78.9388417,43.8669944],[-78.938938,43.8669934],[-78.938939,43.8670426],[-78.9388427,43.8670435],[-78.9388417,43.8669944]]]},"properties":{"premiseId":"P-00170","address":"47 Byron Street South","premiseType":"residential","heightM":3.7,"stories":1,"roof":"hip","yearBuilt":1961,"solar":false,"heatingFuel":"gas"}},{"type":"Feature","id":"B-P-00171","geometry":{"type":"Polygon","coordinates":[[[-78.9386251,43.8670626],[-78.9387437,43.8670468],[-78.938765,43.8671299],[-78.9386464,43.8671457],[-78.9386251,43.8670626]]]},"properties":{"premiseId":"P-00171","address":"53 Byron Street South","premiseType":"residential","heightM":3.7,"stories":1,"roof":"gable","yearBuilt":1956,"solar":false,"heatingFuel":"gas"}},{"type":"Feature","id":"B-P-00172","geometry":{"type":"Polygon","coordinates":[[[-78.9384181,43.8671131],[-78.9385543,43.8670673],[-78.9386056,43.8671468],[-78.9384694,43.8671925],[-78.9384181,43.8671131]]]},"properties":{"premiseId":"P-00172","address":"57 Byron Street South","premiseType":"residential","heightM":3.7,"stories":1,"roof":"gable","yearBuilt":1955,"solar":false,"heatingFuel":"gas"}},{"type":"Feature","id":"B-P-00173","geometry":{"type":"Polygon","coordinates":[[[-78.9383891,43.8673212],[-78.9383569,43.8672435],[-78.9384601,43.8672212],[-78.9384922,43.8672989],[-78.9383891,43.8673212]]]},"properties":{"premiseId":"P-00173","address":"69 Byron Street South","premiseType":"residential","heightM":3.7,"stories":1,"roof":"hip","yearBuilt":1949,"solar":false,"heatingFuel":"gas"}},{"type":"Feature","id":"B-P-00174","geometry":{"type":"Polygon","coordinates":[[[-78.938478,43.8674656],[-78.9384375,43.867368],[-78.9385527,43.8673432],[-78.9385932,43.8674408],[-78.938478,43.8674656]]]},"properties":{"premiseId":"P-00174","address":"73 Byron Street South","premiseType":"residential","heightM":3.7,"stories":1,"roof":"gable","yearBuilt":1951,"solar":false,"heatingFuel":"gas"}},{"type":"Feature","id":"B-P-00175","geometry":{"type":"Polygon","coordinates":[[[-78.9385602,43.8676493],[-78.9385207,43.8675539],[-78.9386484,43.8675263],[-78.938688,43.8676217],[-78.9385602,43.8676493]]]},"properties":{"premiseId":"P-00175","address":"77 Byron Street South","premiseType":"residential","heightM":3.7,"stories":1,"roof":"hip","yearBuilt":1950,"solar":false,"heatingFuel":"gas"}},{"type":"Feature","id":"B-P-00176","geometry":{"type":"Polygon","coordinates":[[[-78.938601,43.8677929],[-78.938559,43.8676916],[-78.9386718,43.8676672],[-78.9387138,43.8677686],[-78.938601,43.8677929]]]},"properties":{"premiseId":"P-00176","address":"81 Byron Street South","premiseType":"residential","heightM":3.7,"stories":1,"roof":"gable","yearBuilt":1950,"solar":false,"heatingFuel":"gas"}},{"type":"Feature","id":"B-P-00177","geometry":{"type":"Polygon","coordinates":[[[-78.9386865,43.8679628],[-78.9386468,43.867867],[-78.9387622,43.8678421],[-78.9388019,43.8679379],[-78.9386865,43.8679628]]]},"properties":{"premiseId":"P-00177","address":"85 Byron Street South","premiseType":"residential","heightM":3.7,"stories":1,"roof":"hip","yearBuilt":1953,"solar":false,"heatingFuel":"gas"}},{"type":"Feature","id":"B-P-00178","geometry":{"type":"Polygon","coordinates":[[[-78.9387527,43.8681168],[-78.9387123,43.8680193],[-78.9388247,43.867995],[-78.9388652,43.8680925],[-78.9387527,43.8681168]]]},"properties":{"premiseId":"P-00178","address":"89 Byron Street South","premiseType":"residential","heightM":3.7,"stories":1,"roof":"hip","yearBuilt":1952,"solar":false,"heatingFuel":"gas"}},{"type":"Feature","id":"B-P-00179","geometry":{"type":"Polygon","coordinates":[[[-78.9387988,43.8682808],[-78.9387523,43.8681686],[-78.9388747,43.8681423],[-78.9389212,43.8682544],[-78.9387988,43.8682808]]]},"properties":{"premiseId":"P-00179","address":"93 Byron Street South","premiseType":"residential","heightM":3.7,"stories":1,"roof":"gable","yearBuilt":1957,"solar":false,"heatingFuel":"gas"}},{"type":"Feature","id":"B-P-00180","geometry":{"type":"Polygon","coordinates":[[[-78.9401505,43.8679589],[-78.9400125,43.86799],[-78.939967,43.8678851],[-78.940105,43.867854],[-78.9401505,43.8679589]]]},"properties":{"premiseId":"P-00180","address":"14 Byron Street South","premiseType":"residential","heightM":6.3,"stories":2,"roof":"gable","yearBuilt":1981,"solar":false,"heatingFuel":"gas"}},{"type":"Feature","id":"B-P-00181","geometry":{"type":"Polygon","coordinates":[[[-78.9400676,43.8677952],[-78.9399446,43.8678228],[-78.9399046,43.8677306],[-78.9400275,43.8677029],[-78.9400676,43.8677952]]]},"properties":{"premiseId":"P-00181","address":"18 Byron Street South","premiseType":"residential","heightM":3.7,"stories":1,"roof":"gable","yearBuilt":1976,"solar":false,"heatingFuel":"gas"}},{"type":"Feature","id":"B-P-00182","geometry":{"type":"Polygon","coordinates":[[[-78.9399917,43.8676438],[-78.9398889,43.867667],[-78.939845,43.867566],[-78.939948,43.8675428],[-78.9399917,43.8676438]]]},"properties":{"premiseId":"P-00182","address":"22 Byron Street South","premiseType":"residential","heightM":6.3,"stories":2,"roof":"gable","yearBuilt":1976,"solar":false,"heatingFuel":"gas"}},{"type":"Feature","id":"B-P-00183","geometry":{"type":"Polygon","coordinates":[[[-78.9399353,43.8675074],[-78.9398115,43.8675353],[-78.9397608,43.8674184],[-78.9398846,43.8673905],[-78.9399353,43.8675074]]]},"properties":{"premiseId":"P-00183","address":"26 Byron Street South","premiseType":"residential","heightM":3.7,"stories":1,"roof":"hip","yearBuilt":1976,"solar":true,"heatingFuel":"electric_resistance"}},{"type":"Feature","id":"B-P-00184","geometry":{"type":"Polygon","coordinates":[[[-78.939857,43.8673204],[-78.93975,43.8673446],[-78.9397123,43.8672577],[-78.9398194,43.8672335],[-78.939857,43.8673204]]]},"properties":{"premiseId":"P-00184","address":"30 Byron Street South","premiseType":"residential","heightM":3.7,"stories":1,"roof":"gable","yearBuilt":1979,"solar":false,"heatingFuel":"heat_pump"}},{"type":"Feature","id":"B-P-00185","geometry":{"type":"Polygon","coordinates":[[[-78.9397865,43.8671563],[-78.9396625,43.8671842],[-78.9396217,43.8670903],[-78.9397457,43.8670623],[-78.9397865,43.8671563]]]},"properties":{"premiseId":"P-00185","address":"34 Byron Street South","premiseType":"residential","heightM":6.3,"stories":2,"roof":"gable","yearBuilt":1974,"solar":false,"heatingFuel":"gas"}},{"type":"Feature","id":"B-P-00186","geometry":{"type":"Polygon","coordinates":[[[-78.9397179,43.8670065],[-78.9396113,43.8670305],[-78.9395645,43.8669228],[-78.9396712,43.8668987],[-78.9397179,43.8670065]]]},"properties":{"premiseId":"P-00186","address":"38 Byron Street South","premiseType":"residential","heightM":3.7,"stories":1,"roof":"hip","yearBuilt":1977,"solar":false,"heatingFuel":"gas"}},{"type":"Feature","id":"B-P-00187","geometry":{"type":"Polygon","coordinates":[[[-78.9390105,43.8666645],[-78.9390074,43.8667508],[-78.9388672,43.8667483],[-78.9388703,43.8666619],[-78.9390105,43.8666645]]]},"properties":{"premiseId":"P-00187","address":"48 Byron Street South","premiseType":"residential","heightM":6.3,"stories":2,"roof":"hip","yearBuilt":1967,"solar":false,"heatingFuel":"gas"}},{"type":"Feature","id":"B-P-00188","geometry":{"type":"Polygon","coordinates":[[[-78.9378551,43.8673338],[-78.9379849,43.8673058],[-78.9380298,43.8674137],[-78.9379,43.8674418],[-78.9378551,43.8673338]]]},"properties":{"premiseId":"P-00188","address":"68 Byron Street South","premiseType":"residential","heightM":6.3,"stories":2,"roof":"gable","yearBuilt":1944,"solar":false,"heatingFuel":"gas"}},{"type":"Feature","id":"B-P-00189","geometry":{"type":"Polygon","coordinates":[[[-78.9379453,43.8674582],[-78.9380615,43.8674332],[-78.9381062,43.8675413],[-78.9379902,43.8675664],[-78.9379453,43.8674582]]]},"properties":{"premiseId":"P-00189","address":"74 Byron Street South","premiseType":"residential","heightM":3.7,"stories":1,"roof":"gable","yearBuilt":1941,"solar":false,"heatingFuel":"gas"}},{"type":"Feature","id":"B-P-00190","geometry":{"type":"Polygon","coordinates":[[[-78.9380207,43.8676251],[-78.9381286,43.8676019],[-78.9381759,43.8677158],[-78.9380679,43.8677391],[-78.9380207,43.8676251]]]},"properties":{"premiseId":"P-00190","address":"78 Byron Street South","premiseType":"residential","heightM":6.3,"stories":2,"roof":"gable","yearBuilt":1942,"solar":false,"heatingFuel":"gas"}},{"type":"Feature","id":"B-P-00191","geometry":{"type":"Polygon","coordinates":[[[-78.938083,43.8678043],[-78.9382056,43.8677778],[-78.9382443,43.8678709],[-78.9381216,43.8678973],[-78.938083,43.8678043]]]},"properties":{"premiseId":"P-00191","address":"82 Byron Street South","premiseType":"residential","heightM":6.3,"stories":2,"roof":"gable","yearBuilt":1943,"solar":false,"heatingFuel":"gas"}},{"type":"Feature","id":"B-P-00192","geometry":{"type":"Polygon","coordinates":[[[-78.9381297,43.8679477],[-78.9382578,43.86792],[-78.9383071,43.8680386],[-78.9381788,43.8680662],[-78.9381297,43.8679477]]]},"properties":{"premiseId":"P-00192","address":"86 Byron Street South","premiseType":"residential","heightM":3.7,"stories":1,"roof":"gable","yearBuilt":1943,"solar":false,"heatingFuel":"gas"}},{"type":"Feature","id":"B-P-00193","geometry":{"type":"Polygon","coordinates":[[[-78.9382131,43.8681394],[-78.9383244,43.8681154],[-78.9383654,43.8682142],[-78.9382541,43.8682382],[-78.9382131,43.8681394]]]},"properties":{"premiseId":"P-00193","address":"90 Byron Street South","premiseType":"residential","heightM":6.3,"stories":2,"roof":"gable","yearBuilt":1941,"solar":false,"heatingFuel":"gas"}},{"type":"Feature","id":"B-P-00194","geometry":{"type":"Polygon","coordinates":[[[-78.9382505,43.8682892],[-78.9383725,43.8682629],[-78.9384155,43.8683667],[-78.9382935,43.868393],[-78.9382505,43.8682892]]]},"properties":{"premiseId":"P-00194","address":"94 Byron Street South","premiseType":"residential","heightM":3.7,"stories":1,"roof":"gable","yearBuilt":1944,"solar":false,"heatingFuel":"gas"}},{"type":"Feature","id":"B-P-00195","geometry":{"type":"Polygon","coordinates":[[[-78.9383244,43.8684439],[-78.9384379,43.8684194],[-78.9384865,43.8685367],[-78.938373,43.8685611],[-78.9383244,43.8684439]]]},"properties":{"premiseId":"P-00195","address":"98 Byron Street South","premiseType":"residential","heightM":3.7,"stories":1,"roof":"hip","yearBuilt":1946,"solar":true,"heatingFuel":"gas"}},{"type":"Feature","id":"B-P-00196","geometry":{"type":"Polygon","coordinates":[[[-78.9384188,43.868624],[-78.9385255,43.868601],[-78.9385629,43.868691],[-78.9384561,43.868714],[-78.9384188,43.868624]]]},"properties":{"premiseId":"P-00196","address":"102 Byron Street South","premiseType":"residential","heightM":3.7,"stories":1,"roof":"hip","yearBuilt":1953,"solar":false,"heatingFuel":"gas"}},{"type":"Feature","id":"B-P-00197","geometry":{"type":"Polygon","coordinates":[[[-78.9396237,43.8711662],[-78.939672,43.8712797],[-78.9395252,43.8713121],[-78.9394769,43.8711986],[-78.9396237,43.8711662]]]},"properties":{"premiseId":"P-00197","address":"170 Byron Street South","premiseType":"residential","heightM":6.3,"stories":2,"roof":"gable","yearBuilt":2026,"solar":false,"heatingFuel":"gas"}},{"type":"Feature","id":"B-P-00198","geometry":{"type":"Polygon","coordinates":[[[-78.9395577,43.8710145],[-78.9396044,43.8711254],[-78.9394519,43.8711589],[-78.939405,43.871048],[-78.9395577,43.8710145]]]},"properties":{"premiseId":"P-00198","address":"166 Byron Street South","premiseType":"residential","heightM":6.3,"stories":2,"roof":"gable","yearBuilt":2016,"solar":false,"heatingFuel":"electric_resistance"}},{"type":"Feature","id":"B-P-00199","geometry":{"type":"Polygon","coordinates":[[[-78.9394807,43.870851],[-78.9395206,43.8709453],[-78.9393648,43.8709795],[-78.9393249,43.8708853],[-78.9394807,43.870851]]]},"properties":{"premiseId":"P-00199","address":"162 Byron Street South","premiseType":"residential","heightM":6.3,"stories":2,"roof":"gable","yearBuilt":2012,"solar":false,"heatingFuel":"gas"}},{"type":"Feature","id":"B-P-00200","geometry":{"type":"Polygon","coordinates":[[[-78.939417,43.8706972],[-78.9394563,43.87079],[-78.939297,43.870825],[-78.9392579,43.8707322],[-78.939417,43.8706972]]]},"properties":{"premiseId":"P-00200","address":"158 Byron Street South","premiseType":"residential","heightM":6.3,"stories":2,"roof":"gable","yearBuilt":2007,"solar":false,"heatingFuel":"gas"}},{"type":"Feature","id":"B-P-00201","geometry":{"type":"Polygon","coordinates":[[[-78.9393407,43.8705116],[-78.9393876,43.8706224],[-78.9392571,43.870651],[-78.9392103,43.8705402],[-78.9393407,43.8705116]]]},"properties":{"premiseId":"P-00201","address":"152 Byron Street South","premiseType":"residential","heightM":6.3,"stories":2,"roof":"gable","yearBuilt":2005,"solar":true,"heatingFuel":"gas"}},{"type":"Feature","id":"B-P-00202","geometry":{"type":"Polygon","coordinates":[[[-78.93929,43.870371],[-78.9393345,43.8704762],[-78.9391982,43.8705061],[-78.9391537,43.870401],[-78.93929,43.870371]]]},"properties":{"premiseId":"P-00202","address":"148 Byron Street South","premiseType":"residential","heightM":6.3,"stories":2,"roof":"hip","yearBuilt":1997,"solar":false,"heatingFuel":"gas"}},{"type":"Feature","id":"B-P-00203","geometry":{"type":"Polygon","coordinates":[[[-78.9392192,43.8702046],[-78.9392629,43.870308],[-78.9391055,43.8703425],[-78.9390619,43.8702392],[-78.9392192,43.8702046]]]},"properties":{"premiseId":"P-00203","address":"144 Byron Street South","premiseType":"residential","heightM":3.7,"stories":1,"roof":"hip","yearBuilt":1998,"solar":false,"heatingFuel":"gas"}},{"type":"Feature","id":"B-P-00204","geometry":{"type":"Polygon","coordinates":[[[-78.9401442,43.8711796],[-78.9400214,43.8712068],[-78.9399801,43.8711096],[-78.940103,43.8710824],[-78.9401442,43.8711796]]]},"properties":{"premiseId":"P-00204","address":"169 Byron Street South","premiseType":"residential","heightM":3.7,"stories":1,"roof":"gable","yearBuilt":2024,"solar":true,"heatingFuel":"gas"}},{"type":"Feature","id":"B-P-00205","geometry":{"type":"Polygon","coordinates":[[[-78.9401094,43.8710228],[-78.9399641,43.8710547],[-78.9399213,43.8709536],[-78.9400667,43.8709217],[-78.9401094,43.8710228]]]},"properties":{"premiseId":"P-00205","address":"165 Byron Street South","premiseType":"residential","heightM":6.3,"stories":2,"roof":"hip","yearBuilt":2026,"solar":false,"heatingFuel":"electric_resistance"}},{"type":"Feature","id":"B-P-00206","geometry":{"type":"Polygon","coordinates":[[[-78.9400561,43.8708562],[-78.9399116,43.870888],[-78.9398737,43.8707986],[-78.9400183,43.8707669],[-78.9400561,43.8708562]]]},"properties":{"premiseId":"P-00206","address":"161 Byron Street South","premiseType":"residential","heightM":6.3,"stories":2,"roof":"hip","yearBuilt":2020,"solar":false,"heatingFuel":"gas"}},{"type":"Feature","id":"B-P-00207","geometry":{"type":"Polygon","coordinates":[[[-78.9399776,43.8706687],[-78.9398178,43.8707038],[-78.9397741,43.8706004],[-78.9399339,43.8705653],[-78.9399776,43.8706687]]]},"properties":{"premiseId":"P-00207","address":"155 Byron Street South","premiseType":"residential","heightM":6.3,"stories":2,"roof":"gable","yearBuilt":2011,"solar":false,"heatingFuel":"heat_pump"}},{"type":"Feature","id":"B-P-00208","geometry":{"type":"Polygon","coordinates":[[[-78.9399238,43.8705136],[-78.939768,43.8705479],[-78.9397217,43.8704381],[-78.9398774,43.8704039],[-78.9399238,43.8705136]]]},"properties":{"premiseId":"P-00208","address":"151 Byron Street South","premiseType":"residential","heightM":6.3,"stories":2,"roof":"gable","yearBuilt":2007,"solar":true,"heatingFuel":"gas"}},{"type":"Feature","id":"B-P-00209","geometry":{"type":"Polygon","coordinates":[[[-78.9393108,43.8716505],[-78.9394285,43.8716246],[-78.9394682,43.8717183],[-78.9393505,43.8717442],[-78.9393108,43.8716505]]]},"properties":{"premiseId":"P-00209","address":"12 Burns Street West","premiseType":"residential","heightM":6.3,"stories":2,"roof":"gable","yearBuilt":2022,"solar":false,"heatingFuel":"electric_resistance"}},{"type":"Feature","id":"B-P-00210","geometry":{"type":"Polygon","coordinates":[[[-78.9390471,43.8716989],[-78.939201,43.8716632],[-78.9392488,43.8717699],[-78.9390949,43.8718057],[-78.9390471,43.8716989]]]},"properties":{"premiseId":"P-00210","address":"8 Burns Street West","premiseType":"residential","heightM":6.3,"stories":2,"roof":"gable","yearBuilt":2027,"solar":false,"heatingFuel":"gas"}},{"type":"Feature","id":"B-P-00211","geometry":{"type":"Polygon","coordinates":[[[-78.9390788,43.8699172],[-78.9391157,43.8700038],[-78.9389966,43.8700302],[-78.9389597,43.8699435],[-78.9390788,43.8699172]]]},"properties":{"premiseId":"P-00211","address":"136 Byron Street South","premiseType":"residential","heightM":6.3,"stories":2,"roof":"gable","yearBuilt":1985,"solar":false,"heatingFuel":"heat_pump"}},{"type":"Feature","id":"B-P-00212","geometry":{"type":"Polygon","coordinates":[[[-78.93902,43.8697583],[-78.9390626,43.8698583],[-78.9389193,43.86989],[-78.9388768,43.86979],[-78.93902,43.8697583]]]},"properties":{"premiseId":"P-00212","address":"132 Byron Street South","premiseType":"residential","heightM":6.3,"stories":2,"roof":"hip","yearBuilt":1982,"solar":true,"heatingFuel":"gas"}},{"type":"Feature","id":"B-P-00213","geometry":{"type":"Polygon","coordinates":[[[-78.9389298,43.8695803],[-78.9389776,43.8696924],[-78.9388574,43.8697191],[-78.9388095,43.8696069],[-78.9389298,43.8695803]]]},"properties":{"premiseId":"P-00213","address":"128 Byron Street South","premiseType":"residential","heightM":3.7,"stories":1,"roof":"hip","yearBuilt":1975,"solar":false,"heatingFuel":"gas"}},{"type":"Feature","id":"B-P-00214","geometry":{"type":"Polygon","coordinates":[[[-78.9388427,43.8693982],[-78.9388909,43.8695114],[-78.9387694,43.8695383],[-78.9387212,43.8694251],[-78.9388427,43.8693982]]]},"properties":{"premiseId":"P-00214","address":"124 Byron Street South","premiseType":"residential","heightM":6.3,"stories":2,"roof":"gable","yearBuilt":1973,"solar":false,"heatingFuel":"gas"}},{"type":"Feature","id":"B-P-00215","geometry":{"type":"Polygon","coordinates":[[[-78.9387921,43.869241],[-78.9388328,43.8693368],[-78.9387179,43.8693622],[-78.9386772,43.8692664],[-78.9387921,43.869241]]]},"properties":{"premiseId":"P-00215","address":"118 Byron Street South","premiseType":"residential","heightM":3.7,"stories":1,"roof":"gable","yearBuilt":1969,"solar":false,"heatingFuel":"gas"}},{"type":"Feature","id":"B-P-00216","geometry":{"type":"Polygon","coordinates":[[[-78.9387249,43.8690661],[-78.9387691,43.8691698],[-78.9386526,43.8691956],[-78.9386084,43.8690919],[-78.9387249,43.8690661]]]},"properties":{"premiseId":"P-00216","address":"114 Byron Street South","premiseType":"residential","heightM":3.7,"stories":1,"roof":"hip","yearBuilt":1963,"solar":false,"heatingFuel":"heat_pump"}},{"type":"Feature","id":"B-P-00217","geometry":{"type":"Polygon","coordinates":[[[-78.9386554,43.8689125],[-78.9386995,43.8690159],[-78.9385878,43.8690406],[-78.9385437,43.8689372],[-78.9386554,43.8689125]]]},"properties":{"premiseId":"P-00217","address":"110 Byron Street South","premiseType":"residential","heightM":3.7,"stories":1,"roof":"gable","yearBuilt":1960,"solar":false,"heatingFuel":"gas"}},{"type":"Feature","id":"B-P-00218","geometry":{"type":"Polygon","coordinates":[[[-78.9394857,43.869562],[-78.9393576,43.8695903],[-78.9393088,43.8694758],[-78.9394369,43.8694475],[-78.9394857,43.869562]]]},"properties":{"premiseId":"P-00218","address":"127 Byron Street South","premiseType":"residential","heightM":6.3,"stories":2,"roof":"gable","yearBuilt":1981,"solar":false,"heatingFuel":"gas"}},{"type":"Feature","id":"B-P-00219","geometry":{"type":"Polygon","coordinates":[[[-78.9393954,43.8693881],[-78.9392901,43.8694115],[-78.9392418,43.8692979],[-78.9393471,43.8692747],[-78.9393954,43.8693881]]]},"properties":{"premiseId":"P-00219","address":"123 Byron Street South","premiseType":"residential","heightM":6.3,"stories":2,"roof":"gable","yearBuilt":1976,"solar":false,"heatingFuel":"gas"}},{"type":"Feature","id":"B-P-00220","geometry":{"type":"Polygon","coordinates":[[[-78.9393295,43.8692077],[-78.9392138,43.8692333],[-78.9391746,43.8691412],[-78.9392903,43.8691157],[-78.9393295,43.8692077]]]},"properties":{"premiseId":"P-00220","address":"117 Byron Street South","premiseType":"residential","heightM":3.7,"stories":1,"roof":"hip","yearBuilt":1977,"solar":false,"heatingFuel":"gas"}},{"type":"Feature","id":"B-P-00221","geometry":{"type":"Polygon","coordinates":[[[-78.9386991,43.8703577],[-78.9388479,43.8703253],[-78.9388866,43.8704177],[-78.9387377,43.87045],[-78.9386991,43.8703577]]]},"properties":{"premiseId":"P-00221","address":"12 Keith Street","premiseType":"residential","heightM":6.3,"stories":2,"roof":"gable","yearBuilt":1994,"solar":false,"heatingFuel":"heat_pump"}},{"type":"Feature","id":"B-P-00222","geometry":{"type":"Polygon","coordinates":[[[-78.9384798,43.8703932],[-78.9386005,43.8703665],[-78.9386498,43.8704823],[-78.9385291,43.870509],[-78.9384798,43.8703932]]]},"properties":{"premiseId":"P-00222","address":"8 Keith Street","premiseType":"residential","heightM":3.7,"stories":1,"roof":"gable","yearBuilt":1992,"solar":false,"heatingFuel":"gas"}},{"type":"Feature","id":"B-P-00223","geometry":{"type":"Polygon","coordinates":[[[-78.9386714,43.8699718],[-78.9387099,43.8700635],[-78.9385848,43.8700908],[-78.9385463,43.869999],[-78.9386714,43.8699718]]]},"properties":{"premiseId":"P-00223","address":"11 Keith Street","premiseType":"residential","heightM":6.3,"stories":2,"roof":"gable","yearBuilt":1979,"solar":false,"heatingFuel":"gas"}},{"type":"Feature","id":"B-P-00224","geometry":{"type":"Polygon","coordinates":[[[-78.9384478,43.8699863],[-78.9384955,43.8700987],[-78.9383478,43.8701313],[-78.9383001,43.870019],[-78.9384478,43.8699863]]]},"properties":{"premiseId":"P-00224","address":"7 Keith Street","premiseType":"residential","heightM":3.7,"stories":1,"roof":"gable","yearBuilt":1979,"solar":false,"heatingFuel":"gas"}},{"type":"Feature","id":"B-P-00225","geometry":{"type":"Polygon","coordinates":[[[-78.9379821,43.8690801],[-78.9381491,43.8690426],[-78.9381812,43.8691168],[-78.9380142,43.8691543],[-78.9379821,43.8690801]]]},"properties":{"premiseId":"P-00225","address":"10 Arthur Street","premiseType":"residential","heightM":3.7,"stories":1,"roof":"hip","yearBuilt":1959,"solar":false,"heatingFuel":"electric_resistance"}},{"type":"Feature","id":"B-P-00226","geometry":{"type":"Polygon","coordinates":[[[-78.9377473,43.8691047],[-78.9378607,43.8690789],[-78.937886,43.8691369],[-78.9377726,43.8691626],[-78.9377473,43.8691047]]]},"properties":{"premiseId":"P-00226","address":"6 Arthur Street","premiseType":"residential","heightM":3.7,"stories":1,"roof":"gable","yearBuilt":1957,"solar":false,"heatingFuel":"gas"}},{"type":"Feature","id":"B-P-00227","geometry":{"type":"Polygon","coordinates":[[[-78.9380413,43.8686744],[-78.9380755,43.8687535],[-78.9379053,43.8687917],[-78.937871,43.8687128],[-78.9380413,43.8686744]]]},"properties":{"premiseId":"P-00227","address":"9 Arthur Street","premiseType":"residential","heightM":6.3,"stories":2,"roof":"gable","yearBuilt":1949,"solar":false,"heatingFuel":"gas"}},{"type":"Feature","id":"B-P-00228","geometry":{"type":"Polygon","coordinates":[[[-78.9381933,43.8714559],[-78.9382399,43.871567],[-78.9381418,43.8715884],[-78.9380952,43.8714772],[-78.9381933,43.8714559]]]},"properties":{"premiseId":"P-00228","address":"8 Burns Street East","premiseType":"residential","heightM":6.3,"stories":2,"roof":"hip","yearBuilt":2019,"solar":true,"heatingFuel":"electric_resistance"}},{"type":"Feature","id":"B-P-00229","geometry":{"type":"Polygon","coordinates":[[[-78.9380279,43.8715219],[-78.9380658,43.8716101],[-78.9379412,43.8716379],[-78.9379033,43.8715497],[-78.9380279,43.8715219]]]},"properties":{"premiseId":"P-00229","address":"12 Burns Street East","premiseType":"residential","heightM":6.3,"stories":2,"roof":"gable","yearBuilt":2023,"solar":true,"heatingFuel":"heat_pump"}},{"type":"Feature","id":"B-P-00230","geometry":{"type":"Polygon","coordinates":[[[-78.9375373,43.8726479],[-78.9375709,43.8727263],[-78.9374262,43.8727584],[-78.9373928,43.87268],[-78.9375373,43.8726479]]]},"properties":{"premiseId":"P-00230","address":"112 Green Street","premiseType":"residential","heightM":3.7,"stories":1,"roof":"hip","yearBuilt":2026,"solar":false,"heatingFuel":"gas"}},{"type":"Feature","id":"B-P-00231","geometry":{"type":"Polygon","coordinates":[[[-78.9374875,43.8725081],[-78.9375269,43.8726004],[-78.937407,43.8726269],[-78.9373677,43.8725347],[-78.9374875,43.8725081]]]},"properties":{"premiseId":"P-00231","address":"110 Green Street","premiseType":"residential","heightM":3.7,"stories":1,"roof":"gable","yearBuilt":2023,"solar":false,"heatingFuel":"gas"}},{"type":"Feature","id":"B-P-00232","geometry":{"type":"Polygon","coordinates":[[[-78.9374237,43.8723316],[-78.9374693,43.8724386],[-78.9373437,43.8724665],[-78.9372981,43.8723595],[-78.9374237,43.8723316]]]},"properties":{"premiseId":"P-00232","address":"106 Green Street","premiseType":"residential","heightM":6.3,"stories":2,"roof":"gable","yearBuilt":2023,"solar":false,"heatingFuel":"gas"}},{"type":"Feature","id":"B-P-00233","geometry":{"type":"Polygon","coordinates":[[[-78.9373631,43.872208],[-78.937404,43.872304],[-78.9372629,43.8723352],[-78.9372221,43.8722393],[-78.9373631,43.872208]]]},"properties":{"premiseId":"P-00233","address":"102 Green Street","premiseType":"residential","heightM":3.7,"stories":1,"roof":"hip","yearBuilt":2023,"solar":false,"heatingFuel":"gas"}},{"type":"Feature","id":"B-P-00234","geometry":{"type":"Polygon","coordinates":[[[-78.9373004,43.8720731],[-78.9373386,43.8721658],[-78.9372001,43.8721954],[-78.937162,43.8721027],[-78.9373004,43.8720731]]]},"properties":{"premiseId":"P-00234","address":"98 Green Street","premiseType":"residential","heightM":3.7,"stories":1,"roof":"hip","yearBuilt":2024,"solar":false,"heatingFuel":"gas"}},{"type":"Feature","id":"B-P-00235","geometry":{"type":"Polygon","coordinates":[[[-78.9382166,43.8728963],[-78.9380773,43.8729288],[-78.9380408,43.8728477],[-78.9381802,43.8728152],[-78.9382166,43.8728963]]]},"properties":{"premiseId":"P-00235","address":"119 Green Street","premiseType":"residential","heightM":6.3,"stories":2,"roof":"gable","yearBuilt":2024,"solar":false,"heatingFuel":"gas"}},{"type":"Feature","id":"B-P-00236","geometry":{"type":"Polygon","coordinates":[[[-78.9381497,43.8727752],[-78.9380239,43.8728031],[-78.937982,43.8727044],[-78.9381076,43.8726766],[-78.9381497,43.8727752]]]},"properties":{"premiseId":"P-00236","address":"115 Green Street","premiseType":"residential","heightM":6.3,"stories":2,"roof":"gable","yearBuilt":2027,"solar":false,"heatingFuel":"gas"}},{"type":"Feature","id":"B-P-00237","geometry":{"type":"Polygon","coordinates":[[[-78.9380612,43.8726137],[-78.9379412,43.8726403],[-78.9379015,43.872547],[-78.9380215,43.8725205],[-78.9380612,43.8726137]]]},"properties":{"premiseId":"P-00237","address":"111 Green Street","premiseType":"residential","heightM":6.3,"stories":2,"roof":"hip","yearBuilt":2022,"solar":false,"heatingFuel":"gas"}},{"type":"Feature","id":"B-P-00238","geometry":{"type":"Polygon","coordinates":[[[-78.9380421,43.8724745],[-78.9378834,43.8725097],[-78.9378421,43.8724131],[-78.938001,43.8723779],[-78.9380421,43.8724745]]]},"properties":{"premiseId":"P-00238","address":"109 Green Street","premiseType":"residential","heightM":3.7,"stories":1,"roof":"gable","yearBuilt":2026,"solar":true,"heatingFuel":"gas"}},{"type":"Feature","id":"B-P-00239","geometry":{"type":"Polygon","coordinates":[[[-78.9379883,43.8723338],[-78.9378384,43.8723669],[-78.937795,43.8722653],[-78.9379449,43.8722321],[-78.9379883,43.8723338]]]},"properties":{"premiseId":"P-00239","address":"105 Green Street","premiseType":"residential","heightM":3.7,"stories":1,"roof":"gable","yearBuilt":2022,"solar":false,"heatingFuel":"gas"}},{"type":"Feature","id":"B-P-00240","geometry":{"type":"Polygon","coordinates":[[[-78.93792,43.8721619],[-78.9377624,43.8721968],[-78.9377201,43.8720979],[-78.9378779,43.8720629],[-78.93792,43.8721619]]]},"properties":{"premiseId":"P-00240","address":"101 Green Street","premiseType":"residential","heightM":6.3,"stories":2,"roof":"hip","yearBuilt":2027,"solar":false,"heatingFuel":"electric_resistance"}},{"type":"Feature","id":"B-P-00241","geometry":{"type":"Polygon","coordinates":[[[-78.9378041,43.8720248],[-78.9376794,43.8720513],[-78.9376475,43.8719737],[-78.9377724,43.8719472],[-78.9378041,43.8720248]]]},"properties":{"premiseId":"P-00241","address":"97 Green Street","premiseType":"residential","heightM":6.3,"stories":2,"roof":"gable","yearBuilt":2023,"solar":true,"heatingFuel":"gas"}},{"type":"Feature","id":"B-P-00242","geometry":{"type":"Polygon","coordinates":[[[-78.9378333,43.8708939],[-78.9379493,43.8708678],[-78.9379928,43.8709686],[-78.9378768,43.8709947],[-78.9378333,43.8708939]]]},"properties":{"premiseId":"P-00242","address":"7 Saint Peter Street","premiseType":"residential","heightM":3.7,"stories":1,"roof":"gable","yearBuilt":2004,"solar":true,"heatingFuel":"gas"}},{"type":"Feature","id":"B-P-00243","geometry":{"type":"Polygon","coordinates":[[[-78.9375945,43.8709461],[-78.9377398,43.8709135],[-78.9377806,43.8710078],[-78.9376353,43.8710404],[-78.9375945,43.8709461]]]},"properties":{"premiseId":"P-00243","address":"11 Saint Peter Street","premiseType":"residential","heightM":6.3,"stories":2,"roof":"gable","yearBuilt":2002,"solar":true,"heatingFuel":"gas"}},{"type":"Feature","id":"B-P-00244","geometry":{"type":"Polygon","coordinates":[[[-78.9374005,43.8709733],[-78.9375411,43.8709418],[-78.9375791,43.8710296],[-78.9374384,43.8710611],[-78.9374005,43.8709733]]]},"properties":{"premiseId":"P-00244","address":"15 Saint Peter Street","premiseType":"residential","heightM":6.3,"stories":2,"roof":"hip","yearBuilt":2005,"solar":false,"heatingFuel":"gas"}},{"type":"Feature","id":"B-P-00245","geometry":{"type":"Polygon","coordinates":[[[-78.9372057,43.8710334],[-78.937324,43.871007],[-78.9373619,43.8710953],[-78.9372436,43.8711217],[-78.9372057,43.8710334]]]},"properties":{"premiseId":"P-00245","address":"19 Saint Peter Street","premiseType":"residential","heightM":6.3,"stories":2,"roof":"gable","yearBuilt":2005,"solar":true,"heatingFuel":"gas"}},{"type":"Feature","id":"B-P-00246","geometry":{"type":"Polygon","coordinates":[[[-78.9377398,43.8705022],[-78.9377826,43.8706014],[-78.9376709,43.8706265],[-78.9376282,43.8705273],[-78.9377398,43.8705022]]]},"properties":{"premiseId":"P-00246","address":"8 Saint Peter Street","premiseType":"residential","heightM":6.3,"stories":2,"roof":"gable","yearBuilt":1992,"solar":false,"heatingFuel":"gas"}},{"type":"Feature","id":"B-P-00247","geometry":{"type":"Polygon","coordinates":[[[-78.9375492,43.8705379],[-78.9375958,43.8706458],[-78.9374663,43.8706749],[-78.9374197,43.8705669],[-78.9375492,43.8705379]]]},"properties":{"premiseId":"P-00247","address":"12 Saint Peter Street","premiseType":"residential","heightM":3.7,"stories":1,"roof":"gable","yearBuilt":1994,"solar":true,"heatingFuel":"gas"}},{"type":"Feature","id":"B-P-00248","geometry":{"type":"Polygon","coordinates":[[[-78.9373695,43.8705943],[-78.9374097,43.8706874],[-78.9372632,43.8707202],[-78.9372231,43.8706272],[-78.9373695,43.8705943]]]},"properties":{"premiseId":"P-00248","address":"16 Saint Peter Street","premiseType":"residential","heightM":6.3,"stories":2,"roof":"hip","yearBuilt":1995,"solar":false,"heatingFuel":"heat_pump"}},{"type":"Feature","id":"B-P-00249","geometry":{"type":"Polygon","coordinates":[[[-78.9371541,43.8706266],[-78.9371988,43.8707304],[-78.9370705,43.870759],[-78.9370259,43.8706553],[-78.9371541,43.8706266]]]},"properties":{"premiseId":"P-00249","address":"20 Saint Peter Street","premiseType":"residential","heightM":6.3,"stories":2,"roof":"gable","yearBuilt":1995,"solar":true,"heatingFuel":"gas"}},{"type":"Feature","id":"B-P-00250","geometry":{"type":"Polygon","coordinates":[[[-78.9373355,43.8700569],[-78.9374978,43.8700222],[-78.9375341,43.8701098],[-78.9373717,43.8701446],[-78.9373355,43.8700569]]]},"properties":{"premiseId":"P-00250","address":"9 Saint Lawrence Street","premiseType":"residential","heightM":3.7,"stories":1,"roof":"hip","yearBuilt":1981,"solar":false,"heatingFuel":"gas"}},{"type":"Feature","id":"B-P-00251","geometry":{"type":"Polygon","coordinates":[[[-78.9370624,43.8701033],[-78.9372079,43.870071],[-78.9372482,43.8701657],[-78.9371028,43.870198],[-78.9370624,43.8701033]]]},"properties":{"premiseId":"P-00251","address":"13 Saint Lawrence Street","premiseType":"residential","heightM":6.3,"stories":2,"roof":"gable","yearBuilt":1980,"solar":false,"heatingFuel":"gas"}},{"type":"Feature","id":"B-P-00252","geometry":{"type":"Polygon","coordinates":[[[-78.9368103,43.8701589],[-78.9369723,43.870123],[-78.937012,43.8702164],[-78.9368501,43.8702522],[-78.9368103,43.8701589]]]},"properties":{"premiseId":"P-00252","address":"19 Saint Lawrence Street","premiseType":"residential","heightM":3.7,"stories":1,"roof":"gable","yearBuilt":1981,"solar":false,"heatingFuel":"gas"}},{"type":"Feature","id":"B-P-00253","geometry":{"type":"Polygon","coordinates":[[[-78.9375868,43.8696887],[-78.9376091,43.8697341],[-78.9375078,43.8697599],[-78.9374855,43.8697146],[-78.9375868,43.8696887]]]},"properties":{"premiseId":"P-00253","address":"6 Saint Lawrence Street","premiseType":"residential","heightM":3.7,"stories":1,"roof":"gable","yearBuilt":1962,"solar":false,"heatingFuel":"electric_resistance"}},{"type":"Feature","id":"B-P-00254","geometry":{"type":"Polygon","coordinates":[[[-78.937356,43.8696505],[-78.9373912,43.8697353],[-78.937216,43.869773],[-78.9371808,43.8696883],[-78.937356,43.8696505]]]},"properties":{"premiseId":"P-00254","address":"10 Saint Lawrence Street","premiseType":"residential","heightM":6.3,"stories":2,"roof":"gable","yearBuilt":1966,"solar":false,"heatingFuel":"heat_pump"}},{"type":"Feature","id":"B-P-00255","geometry":{"type":"Polygon","coordinates":[[[-78.9370915,43.8696987],[-78.9371297,43.8697886],[-78.9369615,43.8698259],[-78.9369231,43.869736],[-78.9370915,43.8696987]]]},"properties":{"premiseId":"P-00255","address":"16 Saint Lawrence Street","premiseType":"residential","heightM":6.3,"stories":2,"roof":"gable","yearBuilt":1966,"solar":true,"heatingFuel":"gas"}},{"type":"Feature","id":"B-P-00256","geometry":{"type":"Polygon","coordinates":[[[-78.9368248,43.869761],[-78.936863,43.8698509],[-78.9367129,43.8698842],[-78.9366746,43.8697943],[-78.9368248,43.869761]]]},"properties":{"premiseId":"P-00256","address":"20 Saint Lawrence Street","premiseType":"residential","heightM":3.7,"stories":1,"roof":"hip","yearBuilt":1967,"solar":false,"heatingFuel":"gas"}},{"type":"Feature","id":"B-P-00257","geometry":{"type":"Polygon","coordinates":[[[-78.9371555,43.8717258],[-78.937204,43.8718363],[-78.9370507,43.8718712],[-78.9370022,43.8717607],[-78.9371555,43.8717258]]]},"properties":{"premiseId":"P-00257","address":"90 Green Street","premiseType":"residential","heightM":3.7,"stories":1,"roof":"gable","yearBuilt":2024,"solar":false,"heatingFuel":"gas"}},{"type":"Feature","id":"B-P-00258","geometry":{"type":"Polygon","coordinates":[[[-78.9370703,43.8715745],[-78.9371204,43.871689],[-78.9369995,43.8717165],[-78.9369494,43.871602],[-78.9370703,43.8715745]]]},"properties":{"premiseId":"P-00258","address":"86 Green Street","premiseType":"residential","heightM":6.3,"stories":2,"roof":"gable","yearBuilt":2026,"solar":false,"heatingFuel":"gas"}},{"type":"Feature","id":"B-P-00259","geometry":{"type":"Polygon","coordinates":[[[-78.9370096,43.871432],[-78.9370536,43.8715322],[-78.936906,43.8715658],[-78.9368622,43.8714655],[-78.9370096,43.871432]]]},"properties":{"premiseId":"P-00259","address":"82 Green Street","premiseType":"residential","heightM":6.3,"stories":2,"roof":"gable","yearBuilt":2016,"solar":false,"heatingFuel":"gas"}},{"type":"Feature","id":"B-P-00260","geometry":{"type":"Polygon","coordinates":[[[-78.9369271,43.8712239],[-78.9369763,43.871336],[-78.9368424,43.8713666],[-78.9367933,43.8712544],[-78.9369271,43.8712239]]]},"properties":{"premiseId":"P-00260","address":"76 Green Street","premiseType":"residential","heightM":6.3,"stories":2,"roof":"gable","yearBuilt":2013,"solar":false,"heatingFuel":"gas"}},{"type":"Feature","id":"B-P-00261","geometry":{"type":"Polygon","coordinates":[[[-78.9368517,43.8710788],[-78.9369029,43.8711957],[-78.936761,43.871228],[-78.9367098,43.8711111],[-78.9368517,43.8710788]]]},"properties":{"premiseId":"P-00261","address":"72 Green Street","premiseType":"residential","heightM":6.3,"stories":2,"roof":"gable","yearBuilt":2009,"solar":false,"heatingFuel":"gas"}},{"type":"Feature","id":"B-P-00262","geometry":{"type":"Polygon","coordinates":[[[-78.9377021,43.8717325],[-78.9375717,43.8717622],[-78.9375297,43.8716663],[-78.9376601,43.8716367],[-78.9377021,43.8717325]]]},"properties":{"premiseId":"P-00262","address":"89 Green Street","premiseType":"residential","heightM":3.7,"stories":1,"roof":"hip","yearBuilt":2023,"solar":true,"heatingFuel":"gas"}},{"type":"Feature","id":"B-P-00263","geometry":{"type":"Polygon","coordinates":[[[-78.937607,43.8715643],[-78.9374865,43.8715917],[-78.937442,43.8714902],[-78.9375625,43.8714627],[-78.937607,43.8715643]]]},"properties":{"premiseId":"P-00263","address":"85 Green Street","premiseType":"residential","heightM":6.3,"stories":2,"roof":"hip","yearBuilt":2017,"solar":false,"heatingFuel":"gas"}},{"type":"Feature","id":"B-P-00264","geometry":{"type":"Polygon","coordinates":[[[-78.9375434,43.8713883],[-78.9374054,43.8714198],[-78.9373573,43.8713097],[-78.9374952,43.8712783],[-78.9375434,43.8713883]]]},"properties":{"premiseId":"P-00264","address":"81 Green Street","premiseType":"residential","heightM":6.3,"stories":2,"roof":"hip","yearBuilt":2013,"solar":false,"heatingFuel":"gas"}},{"type":"Feature","id":"B-P-00265","geometry":{"type":"Polygon","coordinates":[[[-78.9368167,43.8722025],[-78.9369345,43.8721762],[-78.9369833,43.8722902],[-78.9368655,43.8723164],[-78.9368167,43.8722025]]]},"properties":{"premiseId":"P-00265","address":"35 Burns Street East","premiseType":"residential","heightM":3.7,"stories":1,"roof":"hip","yearBuilt":2023,"solar":false,"heatingFuel":"gas"}},{"type":"Feature","id":"B-P-00266","geometry":{"type":"Polygon","coordinates":[[[-78.9367563,43.8717664],[-78.9368029,43.8718753],[-78.936679,43.8719028],[-78.9366324,43.8717939],[-78.9367563,43.8717664]]]},"properties":{"premiseId":"P-00266","address":"36 Burns Street East","premiseType":"residential","heightM":3.7,"stories":1,"roof":"gable","yearBuilt":2022,"solar":false,"heatingFuel":"gas"}},{"type":"Feature","id":"B-P-00267","geometry":{"type":"Polygon","coordinates":[[[-78.9360578,43.8684337],[-78.9362051,43.8684007],[-78.9362491,43.8685028],[-78.9361018,43.8685358],[-78.9360578,43.8684337]]]},"properties":{"premiseId":"P-00267","address":"19 Clemence Avenue","premiseType":"residential","heightM":6.3,"stories":2,"roof":"gable","yearBuilt":1943,"solar":false,"heatingFuel":"heat_pump"}},{"type":"Feature","id":"B-P-00268","geometry":{"type":"Polygon","coordinates":[[[-78.9364507,43.8731805],[-78.9364949,43.8732824],[-78.9363367,43.8733182],[-78.9362924,43.8732162],[-78.9364507,43.8731805]]]},"properties":{"premiseId":"P-00268","address":"142 Athol Street","premiseType":"residential","heightM":3.7,"stories":1,"roof":"gable","yearBuilt":2026,"solar":false,"heatingFuel":"heat_pump"}},{"type":"Feature","id":"B-P-00269","geometry":{"type":"Polygon","coordinates":[[[-78.9363772,43.8730536],[-78.9364154,43.8731419],[-78.9362765,43.8731733],[-78.9362382,43.873085],[-78.9363772,43.8730536]]]},"properties":{"premiseId":"P-00269","address":"138 Athol Street","premiseType":"residential","heightM":6.3,"stories":2,"roof":"hip","yearBuilt":2024,"solar":false,"heatingFuel":"gas"}},{"type":"Feature","id":"B-P-00270","geometry":{"type":"Polygon","coordinates":[[[-78.9363133,43.8729148],[-78.9363444,43.8729868],[-78.9361985,43.8730196],[-78.9361673,43.8729478],[-78.9363133,43.8729148]]]},"properties":{"premiseId":"P-00270","address":"136 Athol Street","premiseType":"residential","heightM":3.7,"stories":1,"roof":"gable","yearBuilt":2025,"solar":true,"heatingFuel":"gas"}},{"type":"Feature","id":"B-P-00271","geometry":{"type":"Polygon","coordinates":[[[-78.9362657,43.8727734],[-78.9363134,43.8728833],[-78.9361662,43.8729165],[-78.9361185,43.8728067],[-78.9362657,43.8727734]]]},"properties":{"premiseId":"P-00271","address":"132 Athol Street","premiseType":"residential","heightM":6.3,"stories":2,"roof":"hip","yearBuilt":2025,"solar":false,"heatingFuel":"gas"}},{"type":"Feature","id":"B-P-00272","geometry":{"type":"Polygon","coordinates":[[[-78.9362046,43.872636],[-78.9362431,43.8727247],[-78.9361187,43.8727528],[-78.9360804,43.872664],[-78.9362046,43.872636]]]},"properties":{"premiseId":"P-00272","address":"128 Athol Street","premiseType":"residential","heightM":6.3,"stories":2,"roof":"hip","yearBuilt":2025,"solar":false,"heatingFuel":"gas"}},{"type":"Feature","id":"B-P-00273","geometry":{"type":"Polygon","coordinates":[[[-78.9361236,43.8724693],[-78.93616,43.8725531],[-78.9360097,43.872587],[-78.9359733,43.8725031],[-78.9361236,43.8724693]]]},"properties":{"premiseId":"P-00273","address":"124 Athol Street","premiseType":"residential","heightM":3.7,"stories":1,"roof":"hip","yearBuilt":2025,"solar":false,"heatingFuel":"electric_resistance"}},{"type":"Feature","id":"B-P-00274","geometry":{"type":"Polygon","coordinates":[[[-78.9360629,43.8723293],[-78.9361046,43.8724254],[-78.9359782,43.872454],[-78.9359364,43.8723579],[-78.9360629,43.8723293]]]},"properties":{"premiseId":"P-00274","address":"120 Athol Street","premiseType":"residential","heightM":6.3,"stories":2,"roof":"gable","yearBuilt":2024,"solar":false,"heatingFuel":"gas"}},{"type":"Feature","id":"B-P-00275","geometry":{"type":"Polygon","coordinates":[[[-78.9368723,43.872861],[-78.9367129,43.872897],[-78.9366795,43.87282],[-78.9368389,43.872784],[-78.9368723,43.872861]]]},"properties":{"premiseId":"P-00275","address":"135 Athol Street","premiseType":"residential","heightM":6.3,"stories":2,"roof":"gable","yearBuilt":2026,"solar":false,"heatingFuel":"gas"}},{"type":"Feature","id":"B-P-00276","geometry":{"type":"Polygon","coordinates":[[[-78.9367892,43.8727413],[-78.9366672,43.8727687],[-78.9366275,43.8726773],[-78.9367494,43.8726498],[-78.9367892,43.8727413]]]},"properties":{"premiseId":"P-00276","address":"131 Athol Street","premiseType":"residential","heightM":6.3,"stories":2,"roof":"hip","yearBuilt":2027,"solar":false,"heatingFuel":"gas"}},{"type":"Feature","id":"B-P-00277","geometry":{"type":"Polygon","coordinates":[[[-78.9367474,43.8725923],[-78.9366153,43.8726221],[-78.9365734,43.8725257],[-78.9367055,43.8724958],[-78.9367474,43.8725923]]]},"properties":{"premiseId":"P-00277","address":"127 Athol Street","premiseType":"residential","heightM":6.3,"stories":2,"roof":"gable","yearBuilt":2023,"solar":false,"heatingFuel":"gas"}},{"type":"Feature","id":"B-P-00278","geometry":{"type":"Polygon","coordinates":[[[-78.9366872,43.8724354],[-78.9365374,43.8724692],[-78.9364982,43.8723787],[-78.936648,43.872345],[-78.9366872,43.8724354]]]},"properties":{"premiseId":"P-00278","address":"123 Athol Street","premiseType":"residential","heightM":6.3,"stories":2,"roof":"hip","yearBuilt":2028,"solar":true,"heatingFuel":"gas"}},{"type":"Feature","id":"B-P-00279","geometry":{"type":"Polygon","coordinates":[[[-78.9365683,43.8723077],[-78.9364583,43.8723325],[-78.9364205,43.8722457],[-78.9365307,43.8722208],[-78.9365683,43.8723077]]]},"properties":{"premiseId":"P-00279","address":"119 Athol Street","premiseType":"residential","heightM":6.3,"stories":2,"roof":"gable","yearBuilt":2026,"solar":false,"heatingFuel":"heat_pump"}},{"type":"Feature","id":"B-P-00280","geometry":{"type":"Polygon","coordinates":[[[-78.9367347,43.8707793],[-78.9367752,43.8708701],[-78.9366316,43.8709034],[-78.9365911,43.8708127],[-78.9367347,43.8707793]]]},"properties":{"premiseId":"P-00280","address":"64 Green Street","premiseType":"residential","heightM":6.3,"stories":2,"roof":"gable","yearBuilt":1998,"solar":false,"heatingFuel":"heat_pump"}},{"type":"Feature","id":"B-P-00281","geometry":{"type":"Polygon","coordinates":[[[-78.9366625,43.8706292],[-78.9367045,43.8707235],[-78.9365506,43.8707591],[-78.9365085,43.870665],[-78.9366625,43.8706292]]]},"properties":{"premiseId":"P-00281","address":"60 Green Street","premiseType":"residential","heightM":6.3,"stories":2,"roof":"gable","yearBuilt":1998,"solar":false,"heatingFuel":"gas"}},{"type":"Feature","id":"B-P-00282","geometry":{"type":"Polygon","coordinates":[[[-78.9366139,43.8704884],[-78.9366553,43.8705811],[-78.9365297,43.8706102],[-78.9364883,43.8705175],[-78.9366139,43.8704884]]]},"properties":{"premiseId":"P-00282","address":"56 Green Street","premiseType":"residential","heightM":6.3,"stories":2,"roof":"gable","yearBuilt":1989,"solar":false,"heatingFuel":"gas"}},{"type":"Feature","id":"B-P-00283","geometry":{"type":"Polygon","coordinates":[[[-78.9365491,43.8703504],[-78.9365872,43.8704357],[-78.9364417,43.8704694],[-78.9364037,43.8703842],[-78.9365491,43.8703504]]]},"properties":{"premiseId":"P-00283","address":"54 Green Street","premiseType":"residential","heightM":6.3,"stories":2,"roof":"hip","yearBuilt":1990,"solar":false,"heatingFuel":"gas"}},{"type":"Feature","id":"B-P-00284","geometry":{"type":"Polygon","coordinates":[[[-78.9364689,43.8701964],[-78.9365108,43.8702903],[-78.9363604,43.8703253],[-78.9363184,43.8702314],[-78.9364689,43.8701964]]]},"properties":{"premiseId":"P-00284","address":"50 Green Street","premiseType":"residential","heightM":6.3,"stories":2,"roof":"hip","yearBuilt":1981,"solar":false,"heatingFuel":"electric_resistance"}},{"type":"Feature","id":"B-P-00285","geometry":{"type":"Polygon","coordinates":[[[-78.9371583,43.8704639],[-78.9370137,43.8704974],[-78.9369716,43.870403],[-78.9371161,43.8703694],[-78.9371583,43.8704639]]]},"properties":{"premiseId":"P-00285","address":"57 Green Street","premiseType":"residential","heightM":6.3,"stories":2,"roof":"gable","yearBuilt":1986,"solar":true,"heatingFuel":"gas"}},{"type":"Feature","id":"B-P-00286","geometry":{"type":"Polygon","coordinates":[[[-78.9363924,43.8712173],[-78.9365079,43.8711912],[-78.9365506,43.8712899],[-78.9364351,43.8713159],[-78.9363924,43.8712173]]]},"properties":{"premiseId":"P-00286","address":"35 Saint Peter Street","premiseType":"residential","heightM":6.3,"stories":2,"roof":"hip","yearBuilt":2011,"solar":false,"heatingFuel":"gas"}},{"type":"Feature","id":"B-P-00287","geometry":{"type":"Polygon","coordinates":[[[-78.9361793,43.8712658],[-78.9363115,43.871236],[-78.9363543,43.8713346],[-78.9362219,43.8713643],[-78.9361793,43.8712658]]]},"properties":{"premiseId":"P-00287","address":"37 Saint Peter Street","premiseType":"residential","heightM":6.3,"stories":2,"roof":"hip","yearBuilt":2012,"solar":false,"heatingFuel":"gas"}},{"type":"Feature","id":"B-P-00288","geometry":{"type":"Polygon","coordinates":[[[-78.935983,43.8712977],[-78.9361283,43.8712652],[-78.9361749,43.8713736],[-78.9360298,43.8714061],[-78.935983,43.8712977]]]},"properties":{"premiseId":"P-00288","address":"41 Saint Peter Street","premiseType":"residential","heightM":6.3,"stories":2,"roof":"gable","yearBuilt":2019,"solar":false,"heatingFuel":"gas"}},{"type":"Feature","id":"B-P-00289","geometry":{"type":"Polygon","coordinates":[[[-78.9363261,43.8708192],[-78.9363729,43.8709275],[-78.9362619,43.8709525],[-78.9362149,43.8708442],[-78.9363261,43.8708192]]]},"properties":{"premiseId":"P-00289","address":"36 Saint Peter Street","premiseType":"residential","heightM":3.7,"stories":1,"roof":"hip","yearBuilt":1998,"solar":false,"heatingFuel":"gas"}},{"type":"Feature","id":"B-P-00290","geometry":{"type":"Polygon","coordinates":[[[-78.9361716,43.870871],[-78.9362108,43.8709614],[-78.9360744,43.8709921],[-78.9360351,43.8709017],[-78.9361716,43.870871]]]},"properties":{"premiseId":"P-00290","address":"38 Saint Peter Street","premiseType":"residential","heightM":6.3,"stories":2,"roof":"hip","yearBuilt":2004,"solar":false,"heatingFuel":"gas"}},{"type":"Feature","id":"B-P-00291","geometry":{"type":"Polygon","coordinates":[[[-78.9359302,43.8709261],[-78.9359699,43.8710179],[-78.9358643,43.8710417],[-78.9358246,43.8709498],[-78.9359302,43.8709261]]]},"properties":{"premiseId":"P-00291","address":"42 Saint Peter Street","premiseType":"residential","heightM":6.3,"stories":2,"roof":"hip","yearBuilt":2004,"solar":false,"heatingFuel":"gas"}},{"type":"Feature","id":"B-P-00292","geometry":{"type":"Polygon","coordinates":[[[-78.9363364,43.8699076],[-78.936379,43.8700052],[-78.9362532,43.8700337],[-78.9362106,43.8699361],[-78.9363364,43.8699076]]]},"properties":{"premiseId":"P-00292","address":"42 Green Street","premiseType":"residential","heightM":3.7,"stories":1,"roof":"gable","yearBuilt":1977,"solar":false,"heatingFuel":"gas"}},{"type":"Feature","id":"B-P-00293","geometry":{"type":"Polygon","coordinates":[[[-78.9362516,43.8697013],[-78.936298,43.8698072],[-78.9361701,43.8698363],[-78.9361237,43.8697304],[-78.9362516,43.8697013]]]},"properties":{"premiseId":"P-00293","address":"38 Green Street","premiseType":"residential","heightM":3.7,"stories":1,"roof":"gable","yearBuilt":1968,"solar":false,"heatingFuel":"gas"}},{"type":"Feature","id":"B-P-00294","geometry":{"type":"Polygon","coordinates":[[[-78.9361632,43.8695412],[-78.9362144,43.8696581],[-78.9361007,43.8696839],[-78.9360494,43.8695671],[-78.9361632,43.8695412]]]},"properties":{"premiseId":"P-00294","address":"32 Green Street","premiseType":"residential","heightM":6.3,"stories":2,"roof":"gable","yearBuilt":1965,"solar":true,"heatingFuel":"electric_resistance"}},{"type":"Feature","id":"B-P-00295","geometry":{"type":"Polygon","coordinates":[[[-78.9360797,43.8693467],[-78.9361217,43.8694425],[-78.9360026,43.8694696],[-78.9359606,43.8693739],[-78.9360797,43.8693467]]]},"properties":{"premiseId":"P-00295","address":"28 Green Street","premiseType":"residential","heightM":3.7,"stories":1,"roof":"hip","yearBuilt":1961,"solar":false,"heatingFuel":"gas"}},{"type":"Feature","id":"B-P-00296","geometry":{"type":"Polygon","coordinates":[[[-78.9360136,43.8692037],[-78.9360603,43.8693103],[-78.9359525,43.8693348],[-78.9359058,43.8692282],[-78.9360136,43.8692037]]]},"properties":{"premiseId":"P-00296","address":"24 Green Street","premiseType":"residential","heightM":3.7,"stories":1,"roof":"hip","yearBuilt":1962,"solar":false,"heatingFuel":"heat_pump"}},{"type":"Feature","id":"B-P-00297","geometry":{"type":"Polygon","coordinates":[[[-78.9359428,43.8690421],[-78.9359886,43.8691468],[-78.9358709,43.8691737],[-78.935825,43.869069],[-78.9359428,43.8690421]]]},"properties":{"premiseId":"P-00297","address":"20 Green Street","premiseType":"residential","heightM":6.3,"stories":2,"roof":"gable","yearBuilt":1957,"solar":false,"heatingFuel":"gas"}},{"type":"Feature","id":"B-P-00298","geometry":{"type":"Polygon","coordinates":[[[-78.9358599,43.8688535],[-78.9359075,43.8689619],[-78.9357794,43.8689911],[-78.9357319,43.8688826],[-78.9358599,43.8688535]]]},"properties":{"premiseId":"P-00298","address":"14 Green Street","premiseType":"residential","heightM":3.7,"stories":1,"roof":"gable","yearBuilt":1952,"solar":true,"heatingFuel":"heat_pump"}},{"type":"Feature","id":"B-P-00299","geometry":{"type":"Polygon","coordinates":[[[-78.9367106,43.8695152],[-78.9366043,43.8695393],[-78.9365548,43.8694261],[-78.936661,43.869402],[-78.9367106,43.8695152]]]},"properties":{"premiseId":"P-00299","address":"31 Green Street","premiseType":"residential","heightM":3.7,"stories":1,"roof":"gable","yearBuilt":1959,"solar":false,"heatingFuel":"gas"}},{"type":"Feature","id":"B-P-00300","geometry":{"type":"Polygon","coordinates":[[[-78.9366427,43.8693407],[-78.9365302,43.8693663],[-78.9364886,43.8692715],[-78.9366011,43.8692458],[-78.9366427,43.8693407]]]},"properties":{"premiseId":"P-00300","address":"27 Green Street","premiseType":"residential","heightM":6.3,"stories":2,"roof":"hip","yearBuilt":1956,"solar":false,"heatingFuel":"electric_resistance"}},{"type":"Feature","id":"B-P-00301","geometry":{"type":"Polygon","coordinates":[[[-78.936593,43.8691855],[-78.9364624,43.8692152],[-78.9364067,43.869088],[-78.9365372,43.8690583],[-78.936593,43.8691855]]]},"properties":{"premiseId":"P-00301","address":"23 Green Street","premiseType":"residential","heightM":3.7,"stories":1,"roof":"gable","yearBuilt":1953,"solar":false,"heatingFuel":"gas"}},{"type":"Feature","id":"B-P-00302","geometry":{"type":"Polygon","coordinates":[[[-78.93651,43.8689841],[-78.9363839,43.8690128],[-78.9363407,43.8689144],[-78.9364669,43.8688856],[-78.93651,43.8689841]]]},"properties":{"premiseId":"P-00302","address":"17 Green Street","premiseType":"residential","heightM":3.7,"stories":1,"roof":"hip","yearBuilt":1947,"solar":false,"heatingFuel":"gas"}},{"type":"Feature","id":"B-P-00303","geometry":{"type":"Polygon","coordinates":[[[-78.9364399,43.8688316],[-78.9363176,43.8688595],[-78.9362744,43.8687608],[-78.9363966,43.8687329],[-78.9364399,43.8688316]]]},"properties":{"premiseId":"P-00303","address":"13 Green Street","premiseType":"residential","heightM":3.7,"stories":1,"roof":"gable","yearBuilt":1944,"solar":false,"heatingFuel":"electric_resistance"}},{"type":"Feature","id":"B-P-00304","geometry":{"type":"Polygon","coordinates":[[[-78.9359765,43.8703474],[-78.9361139,43.8703162],[-78.9361602,43.8704221],[-78.9360229,43.8704534],[-78.9359765,43.8703474]]]},"properties":{"premiseId":"P-00304","address":"35 Saint Lawrence Street","premiseType":"residential","heightM":6.3,"stories":2,"roof":"gable","yearBuilt":1987,"solar":false,"heatingFuel":"gas"}},{"type":"Feature","id":"B-P-00305","geometry":{"type":"Polygon","coordinates":[[[-78.9357753,43.8703957],[-78.9359025,43.8703668],[-78.9359501,43.8704755],[-78.9358229,43.8705045],[-78.9357753,43.8703957]]]},"properties":{"premiseId":"P-00305","address":"39 Saint Lawrence Street","premiseType":"residential","heightM":6.3,"stories":2,"roof":"hip","yearBuilt":1990,"solar":false,"heatingFuel":"gas"}},{"type":"Feature","id":"B-P-00306","geometry":{"type":"Polygon","coordinates":[[[-78.9355843,43.8704391],[-78.9357139,43.8704096],[-78.9357514,43.8704954],[-78.9356218,43.8705249],[-78.9355843,43.8704391]]]},"properties":{"premiseId":"P-00306","address":"41 Saint Lawrence Street","premiseType":"residential","heightM":6.3,"stories":2,"roof":"gable","yearBuilt":1995,"solar":false,"heatingFuel":"heat_pump"}},{"type":"Feature","id":"B-P-00307","geometry":{"type":"Polygon","coordinates":[[[-78.9359524,43.8699531],[-78.935992,43.8700435],[-78.9358645,43.8700725],[-78.935825,43.8699821],[-78.9359524,43.8699531]]]},"properties":{"premiseId":"P-00307","address":"36 Saint Lawrence Street","premiseType":"residential","heightM":3.7,"stories":1,"roof":"gable","yearBuilt":1977,"solar":false,"heatingFuel":"gas"}},{"type":"Feature","id":"B-P-00308","geometry":{"type":"Polygon","coordinates":[[[-78.9357873,43.8700067],[-78.9358266,43.8700967],[-78.9356943,43.8701268],[-78.9356548,43.8700368],[-78.9357873,43.8700067]]]},"properties":{"premiseId":"P-00308","address":"38 Saint Lawrence Street","premiseType":"residential","heightM":6.3,"stories":2,"roof":"gable","yearBuilt":1983,"solar":true,"heatingFuel":"gas"}},{"type":"Feature","id":"B-P-00309","geometry":{"type":"Polygon","coordinates":[[[-78.9355727,43.8700527],[-78.9356124,43.8701435],[-78.9354739,43.8701751],[-78.9354341,43.8700841],[-78.9355727,43.8700527]]]},"properties":{"premiseId":"P-00309","address":"42 Saint Lawrence Street","premiseType":"residential","heightM":6.3,"stories":2,"roof":"gable","yearBuilt":1983,"solar":false,"heatingFuel":"gas"}},{"type":"Feature","id":"B-P-00310","geometry":{"type":"Polygon","coordinates":[[[-78.9359367,43.8720065],[-78.9359777,43.8721009],[-78.9358183,43.8721369],[-78.9357773,43.8720426],[-78.9359367,43.8720065]]]},"properties":{"premiseId":"P-00310","address":"112 Athol Street","premiseType":"residential","heightM":6.3,"stories":2,"roof":"hip","yearBuilt":2024,"solar":false,"heatingFuel":"heat_pump"}},{"type":"Feature","id":"B-P-00311","geometry":{"type":"Polygon","coordinates":[[[-78.9358565,43.8718592],[-78.9359051,43.871971],[-78.9357667,43.8720024],[-78.935718,43.8718906],[-78.9358565,43.8718592]]]},"properties":{"premiseId":"P-00311","address":"108 Athol Street","premiseType":"residential","heightM":6.3,"stories":2,"roof":"gable","yearBuilt":2027,"solar":false,"heatingFuel":"gas"}},{"type":"Feature","id":"B-P-00312","geometry":{"type":"Polygon","coordinates":[[[-78.9357669,43.8716615],[-78.9358167,43.871776],[-78.9356641,43.8718105],[-78.9356143,43.8716961],[-78.9357669,43.8716615]]]},"properties":{"premiseId":"P-00312","address":"104 Athol Street","premiseType":"residential","heightM":3.7,"stories":1,"roof":"gable","yearBuilt":2025,"solar":false,"heatingFuel":"gas"}},{"type":"Feature","id":"B-P-00313","geometry":{"type":"Polygon","coordinates":[[[-78.9357134,43.8715069],[-78.935756,43.8716048],[-78.935599,43.8716403],[-78.9355564,43.8715424],[-78.9357134,43.8715069]]]},"properties":{"premiseId":"P-00313","address":"98 Athol Street","premiseType":"residential","heightM":6.3,"stories":2,"roof":"gable","yearBuilt":2024,"solar":false,"heatingFuel":"gas"}},{"type":"Feature","id":"B-P-00314","geometry":{"type":"Polygon","coordinates":[[[-78.9356322,43.8713301],[-78.9356781,43.8714356],[-78.9355283,43.8714694],[-78.9354825,43.871364],[-78.9356322,43.8713301]]]},"properties":{"premiseId":"P-00314","address":"94 Athol Street","premiseType":"residential","heightM":6.3,"stories":2,"roof":"gable","yearBuilt":2022,"solar":false,"heatingFuel":"gas"}},{"type":"Feature","id":"B-P-00315","geometry":{"type":"Polygon","coordinates":[[[-78.936473,43.8720141],[-78.9363455,43.8720429],[-78.9363039,43.8719472],[-78.9364314,43.8719183],[-78.936473,43.8720141]]]},"properties":{"premiseId":"P-00315","address":"111 Athol Street","premiseType":"residential","heightM":3.7,"stories":1,"roof":"gable","yearBuilt":2025,"solar":false,"heatingFuel":"gas"}},{"type":"Feature","id":"B-P-00316","geometry":{"type":"Polygon","coordinates":[[[-78.9364024,43.8718669],[-78.936283,43.871894],[-78.936236,43.871786],[-78.9363554,43.871759],[-78.9364024,43.8718669]]]},"properties":{"premiseId":"P-00316","address":"107 Athol Street","premiseType":"residential","heightM":6.3,"stories":2,"roof":"hip","yearBuilt":2027,"solar":false,"heatingFuel":"gas"}},{"type":"Feature","id":"B-P-00317","geometry":{"type":"Polygon","coordinates":[[[-78.9363373,43.8716753],[-78.9362023,43.8717058],[-78.9361542,43.8715952],[-78.9362892,43.8715647],[-78.9363373,43.8716753]]]},"properties":{"premiseId":"P-00317","address":"103 Athol Street","premiseType":"residential","heightM":3.7,"stories":1,"roof":"hip","yearBuilt":2025,"solar":false,"heatingFuel":"gas"}},{"type":"Feature","id":"B-P-00318","geometry":{"type":"Polygon","coordinates":[[[-78.9355924,43.8724737],[-78.9357096,43.8724476],[-78.9357534,43.8725501],[-78.9356362,43.8725762],[-78.9355924,43.8724737]]]},"properties":{"premiseId":"P-00318","address":"57 Burns Street East","premiseType":"residential","heightM":6.3,"stories":2,"roof":"gable","yearBuilt":2023,"solar":false,"heatingFuel":"gas"}},{"type":"Feature","id":"B-P-00319","geometry":{"type":"Polygon","coordinates":[[[-78.9353188,43.8725375],[-78.9354681,43.8725044],[-78.9355104,43.8726034],[-78.9353611,43.8726365],[-78.9353188,43.8725375]]]},"properties":{"premiseId":"P-00319","address":"61 Burns Street East","premiseType":"residential","heightM":6.3,"stories":2,"roof":"hip","yearBuilt":2022,"solar":false,"heatingFuel":"gas"}},{"type":"Feature","id":"B-P-00320","geometry":{"type":"Polygon","coordinates":[[[-78.9351018,43.8725958],[-78.9352402,43.8725651],[-78.9352882,43.8726773],[-78.9351497,43.872708],[-78.9351018,43.8725958]]]},"properties":{"premiseId":"P-00320","address":"65 Burns Street East","premiseType":"residential","heightM":6.3,"stories":2,"roof":"gable","yearBuilt":2022,"solar":false,"heatingFuel":"gas"}},{"type":"Feature","id":"B-P-00321","geometry":{"type":"Polygon","coordinates":[[[-78.9349074,43.8726247],[-78.9350437,43.8725946],[-78.9350917,43.872707],[-78.9349553,43.8727373],[-78.9349074,43.8726247]]]},"properties":{"premiseId":"P-00321","address":"69 Burns Street East","premiseType":"residential","heightM":6.3,"stories":2,"roof":"hip","yearBuilt":2024,"solar":true,"heatingFuel":"gas"}},{"type":"Feature","id":"B-P-00322","geometry":{"type":"Polygon","coordinates":[[[-78.934659,43.8726931],[-78.9348078,43.8726601],[-78.9348535,43.8727672],[-78.9347047,43.8728002],[-78.934659,43.8726931]]]},"properties":{"premiseId":"P-00322","address":"75 Burns Street East","premiseType":"residential","heightM":6.3,"stories":2,"roof":"gable","yearBuilt":2024,"solar":false,"heatingFuel":"gas"}},{"type":"Feature","id":"B-P-00323","geometry":{"type":"Polygon","coordinates":[[[-78.934469,43.8727245],[-78.9345903,43.8726976],[-78.9346352,43.8728027],[-78.9345138,43.8728297],[-78.934469,43.8727245]]]},"properties":{"premiseId":"P-00323","address":"79 Burns Street East","premiseType":"residential","heightM":6.3,"stories":2,"roof":"gable","yearBuilt":2026,"solar":false,"heatingFuel":"gas"}},{"type":"Feature","id":"B-P-00324","geometry":{"type":"Polygon","coordinates":[[[-78.9355426,43.8720485],[-78.9355839,43.8721451],[-78.9354268,43.87218],[-78.9353855,43.8720834],[-78.9355426,43.8720485]]]},"properties":{"premiseId":"P-00324","address":"58 Burns Street East","premiseType":"residential","heightM":6.3,"stories":2,"roof":"hip","yearBuilt":2022,"solar":true,"heatingFuel":"gas"}},{"type":"Feature","id":"B-P-00325","geometry":{"type":"Polygon","coordinates":[[[-78.935322,43.8721115],[-78.9353633,43.8722081],[-78.9352527,43.8722327],[-78.9352114,43.872136],[-78.935322,43.8721115]]]},"properties":{"premiseId":"P-00325","address":"62 Burns Street East","premiseType":"residential","heightM":6.3,"stories":2,"roof":"gable","yearBuilt":2027,"solar":false,"heatingFuel":"electric_resistance"}},{"type":"Feature","id":"B-P-00326","geometry":{"type":"Polygon","coordinates":[[[-78.9351281,43.8721616],[-78.9351661,43.8722507],[-78.9350058,43.8722863],[-78.9349677,43.8721972],[-78.9351281,43.8721616]]]},"properties":{"premiseId":"P-00326","address":"66 Burns Street East","premiseType":"residential","heightM":6.3,"stories":2,"roof":"hip","yearBuilt":2026,"solar":false,"heatingFuel":"gas"}},{"type":"Feature","id":"B-P-00327","geometry":{"type":"Polygon","coordinates":[[[-78.9348705,43.8721991],[-78.9349157,43.872305],[-78.9347948,43.8723319],[-78.9347496,43.872226],[-78.9348705,43.8721991]]]},"properties":{"premiseId":"P-00327","address":"70 Burns Street East","premiseType":"residential","heightM":3.7,"stories":1,"roof":"hip","yearBuilt":2022,"solar":false,"heatingFuel":"gas"}},{"type":"Feature","id":"B-P-00328","geometry":{"type":"Polygon","coordinates":[[[-78.9351915,43.8686416],[-78.9353246,43.8686102],[-78.9353671,43.868704],[-78.935234,43.8687353],[-78.9351915,43.8686416]]]},"properties":{"premiseId":"P-00328","address":"13 Athol Street","premiseType":"residential","heightM":3.7,"stories":1,"roof":"hip","yearBuilt":1958,"solar":true,"heatingFuel":"gas"}},{"type":"Feature","id":"B-P-00329","geometry":{"type":"Polygon","coordinates":[[[-78.9349353,43.8687012],[-78.9350829,43.8686663],[-78.9351243,43.8687574],[-78.9349766,43.8687923],[-78.9349353,43.8687012]]]},"properties":{"premiseId":"P-00329","address":"17 Athol Street","premiseType":"residential","heightM":6.3,"stories":2,"roof":"hip","yearBuilt":1963,"solar":false,"heatingFuel":"gas"}},{"type":"Feature","id":"B-P-00330","geometry":{"type":"Polygon","coordinates":[[[-78.9350507,43.8690666],[-78.9350129,43.8689769],[-78.9351218,43.8689532],[-78.9351596,43.8690429],[-78.9350507,43.8690666]]]},"properties":{"premiseId":"P-00330","address":"33 Athol Street","premiseType":"residential","heightM":3.7,"stories":1,"roof":"hip","yearBuilt":1968,"solar":false,"heatingFuel":"gas"}},{"type":"Feature","id":"B-P-00331","geometry":{"type":"Polygon","coordinates":[[[-78.9351195,43.8692078],[-78.9350752,43.8691079],[-78.9351871,43.8690821],[-78.9352314,43.869182],[-78.9351195,43.8692078]]]},"properties":{"premiseId":"P-00331","address":"37 Athol Street","premiseType":"residential","heightM":3.7,"stories":1,"roof":"hip","yearBuilt":1966,"solar":false,"heatingFuel":"gas"}},{"type":"Feature","id":"B-P-00332","geometry":{"type":"Polygon","coordinates":[[[-78.9351993,43.8693712],[-78.9351526,43.8692657],[-78.9352601,43.869241],[-78.9353069,43.8693465],[-78.9351993,43.8693712]]]},"properties":{"premiseId":"P-00332","address":"41 Athol Street","premiseType":"residential","heightM":3.7,"stories":1,"roof":"gable","yearBuilt":1971,"solar":false,"heatingFuel":"gas"}},{"type":"Feature","id":"B-P-00333","geometry":{"type":"Polygon","coordinates":[[[-78.9352655,43.8695194],[-78.9352216,43.8694203],[-78.935331,43.8693951],[-78.9353749,43.8694942],[-78.9352655,43.8695194]]]},"properties":{"premiseId":"P-00333","address":"47 Athol Street","premiseType":"residential","heightM":3.7,"stories":1,"roof":"gable","yearBuilt":1969,"solar":false,"heatingFuel":"gas"}},{"type":"Feature","id":"B-P-00334","geometry":{"type":"Polygon","coordinates":[[[-78.9353234,43.8697047],[-78.9352801,43.8696066],[-78.9354086,43.869577],[-78.935452,43.8696751],[-78.9353234,43.8697047]]]},"properties":{"premiseId":"P-00334","address":"51 Athol Street","premiseType":"residential","heightM":3.7,"stories":1,"roof":"hip","yearBuilt":1976,"solar":false,"heatingFuel":"heat_pump"}},{"type":"Feature","id":"B-P-00335","geometry":{"type":"Polygon","coordinates":[[[-78.9354122,43.8698672],[-78.9353661,43.8697631],[-78.9354681,43.8697396],[-78.9355144,43.8698438],[-78.9354122,43.8698672]]]},"properties":{"premiseId":"P-00335","address":"55 Athol Street","premiseType":"residential","heightM":6.3,"stories":2,"roof":"gable","yearBuilt":1978,"solar":true,"heatingFuel":"gas"}},{"type":"Feature","id":"B-P-00336","geometry":{"type":"Polygon","coordinates":[[[-78.9356284,43.8681636],[-78.9356517,43.8682149],[-78.9355378,43.8682417],[-78.9355145,43.8681905],[-78.9356284,43.8681636]]]},"properties":{"premiseId":"P-00336","address":"4 Athol Street","premiseType":"residential","heightM":3.7,"stories":1,"roof":"gable","yearBuilt":1949,"solar":false,"heatingFuel":"gas"}},{"type":"Feature","id":"B-P-00337","geometry":{"type":"Polygon","coordinates":[[[-78.9354144,43.8682123],[-78.9354382,43.8682649],[-78.9352877,43.8683004],[-78.9352639,43.8682478],[-78.9354144,43.8682123]]]},"properties":{"premiseId":"P-00337","address":"10 Athol Street","premiseType":"residential","heightM":3.7,"stories":1,"roof":"hip","yearBuilt":1957,"solar":false,"heatingFuel":"electric_resistance"}},{"type":"Feature","id":"B-P-00338","geometry":{"type":"Polygon","coordinates":[[[-78.9351795,43.8682723],[-78.9352056,43.8683297],[-78.93506,43.8683641],[-78.935034,43.8683067],[-78.9351795,43.8682723]]]},"properties":{"premiseId":"P-00338","address":"14 Athol Street","premiseType":"residential","heightM":3.7,"stories":1,"roof":"hip","yearBuilt":1959,"solar":false,"heatingFuel":"gas"}},{"type":"Feature","id":"B-P-00339","geometry":{"type":"Polygon","coordinates":[[[-78.9349168,43.8683229],[-78.9349455,43.8683862],[-78.9348284,43.8684138],[-78.9347997,43.8683505],[-78.9349168,43.8683229]]]},"properties":{"premiseId":"P-00339","address":"18 Athol Street","premiseType":"residential","heightM":6.3,"stories":2,"roof":"hip","yearBuilt":1963,"solar":false,"heatingFuel":"gas"}},{"type":"Feature","id":"B-P-00340","geometry":{"type":"Polygon","coordinates":[[[-78.9347432,43.8683633],[-78.9347743,43.8684352],[-78.9346196,43.86847],[-78.9345885,43.8683981],[-78.9347432,43.8683633]]]},"properties":{"premiseId":"P-00340","address":"22 Athol Street","premiseType":"residential","heightM":6.3,"stories":2,"roof":"gable","yearBuilt":1969,"solar":false,"heatingFuel":"electric_resistance"}},{"type":"Feature","id":"B-P-00341","geometry":{"type":"Polygon","coordinates":[[[-78.9343351,43.8687144],[-78.9344611,43.8686876],[-78.9345035,43.8687911],[-78.9343774,43.8688179],[-78.9343351,43.8687144]]]},"properties":{"premiseId":"P-00341","address":"26 Athol Street","premiseType":"residential","heightM":3.7,"stories":1,"roof":"hip","yearBuilt":1974,"solar":true,"heatingFuel":"heat_pump"}},{"type":"Feature","id":"B-P-00342","geometry":{"type":"Polygon","coordinates":[[[-78.9344337,43.8689204],[-78.9345531,43.8688951],[-78.9345962,43.8690005],[-78.9344768,43.8690258],[-78.9344337,43.8689204]]]},"properties":{"premiseId":"P-00342","address":"30 Athol Street","premiseType":"residential","heightM":3.7,"stories":1,"roof":"gable","yearBuilt":1977,"solar":false,"heatingFuel":"gas"}},{"type":"Feature","id":"B-P-00343","geometry":{"type":"Polygon","coordinates":[[[-78.9345102,43.8690719],[-78.9346252,43.8690466],[-78.9346677,43.8691468],[-78.9345526,43.8691721],[-78.9345102,43.8690719]]]},"properties":{"premiseId":"P-00343","address":"36 Athol Street","premiseType":"residential","heightM":3.7,"stories":1,"roof":"hip","yearBuilt":1976,"solar":true,"heatingFuel":"gas"}},{"type":"Feature","id":"B-P-00344","geometry":{"type":"Polygon","coordinates":[[[-78.9345467,43.8692372],[-78.9346899,43.8692043],[-78.9347274,43.869289],[-78.9345842,43.8693219],[-78.9345467,43.8692372]]]},"properties":{"premiseId":"P-00344","address":"38 Athol Street","premiseType":"residential","heightM":6.3,"stories":2,"roof":"hip","yearBuilt":1977,"solar":false,"heatingFuel":"heat_pump"}},{"type":"Feature","id":"B-P-00345","geometry":{"type":"Polygon","coordinates":[[[-78.9346254,43.8693769],[-78.9347683,43.869344],[-78.9348165,43.8694529],[-78.9346736,43.8694858],[-78.9346254,43.8693769]]]},"properties":{"premiseId":"P-00345","address":"44 Athol Street","premiseType":"residential","heightM":3.7,"stories":1,"roof":"gable","yearBuilt":1979,"solar":true,"heatingFuel":"gas"}},{"type":"Feature","id":"B-P-00346","geometry":{"type":"Polygon","coordinates":[[[-78.9346838,43.869548],[-78.9348331,43.8695136],[-78.9348826,43.869625],[-78.9347332,43.8696594],[-78.9346838,43.869548]]]},"properties":{"premiseId":"P-00346","address":"48 Athol Street","premiseType":"residential","heightM":6.3,"stories":2,"roof":"hip","yearBuilt":1981,"solar":false,"heatingFuel":"gas"}},{"type":"Feature","id":"B-P-00347","geometry":{"type":"Polygon","coordinates":[[[-78.9347677,43.8697522],[-78.934918,43.8697176],[-78.9349526,43.869796],[-78.9348024,43.8698306],[-78.9347677,43.8697522]]]},"properties":{"premiseId":"P-00347","address":"52 Athol Street","premiseType":"residential","heightM":6.3,"stories":2,"roof":"gable","yearBuilt":1985,"solar":false,"heatingFuel":"electric_resistance"}},{"type":"Feature","id":"B-P-00348","geometry":{"type":"Polygon","coordinates":[[[-78.9348322,43.8698783],[-78.9349698,43.8698465],[-78.9350144,43.8699474],[-78.934877,43.8699791],[-78.9348322,43.8698783]]]},"properties":{"premiseId":"P-00348","address":"56 Athol Street","premiseType":"residential","heightM":3.7,"stories":1,"roof":"gable","yearBuilt":1986,"solar":true,"heatingFuel":"gas"}},{"type":"Feature","id":"B-P-00349","geometry":{"type":"Polygon","coordinates":[[[-78.9349126,43.8700603],[-78.9350666,43.8700249],[-78.9351071,43.8701163],[-78.9349531,43.8701517],[-78.9349126,43.8700603]]]},"properties":{"premiseId":"P-00349","address":"60 Athol Street","premiseType":"residential","heightM":6.3,"stories":2,"roof":"gable","yearBuilt":1992,"solar":false,"heatingFuel":"heat_pump"}},{"type":"Feature","id":"B-P-00350","geometry":{"type":"Polygon","coordinates":[[[-78.934973,43.8701986],[-78.9351277,43.8701631],[-78.9351775,43.8702762],[-78.935023,43.8703117],[-78.934973,43.8701986]]]},"properties":{"premiseId":"P-00350","address":"64 Athol Street","premiseType":"residential","heightM":6.3,"stories":2,"roof":"hip","yearBuilt":1991,"solar":false,"heatingFuel":"gas"}},{"type":"Feature","id":"B-P-00351","geometry":{"type":"Polygon","coordinates":[[[-78.9355207,43.8710549],[-78.9355623,43.8711495],[-78.9354122,43.8711839],[-78.9353706,43.8710892],[-78.9355207,43.8710549]]]},"properties":{"premiseId":"P-00351","address":"86 Athol Street","premiseType":"residential","heightM":6.3,"stories":2,"roof":"hip","yearBuilt":2011,"solar":true,"heatingFuel":"gas"}},{"type":"Feature","id":"B-P-00352","geometry":{"type":"Polygon","coordinates":[[[-78.93543,43.8708906],[-78.935469,43.8709792],[-78.9353215,43.871013],[-78.9352824,43.8709244],[-78.93543,43.8708906]]]},"properties":{"premiseId":"P-00352","address":"82 Athol Street","premiseType":"residential","heightM":6.3,"stories":2,"roof":"hip","yearBuilt":2012,"solar":false,"heatingFuel":"gas"}},{"type":"Feature","id":"B-P-00353","geometry":{"type":"Polygon","coordinates":[[[-78.9353853,43.8707779],[-78.9354195,43.8708557],[-78.9352943,43.8708844],[-78.93526,43.8708066],[-78.9353853,43.8707779]]]},"properties":{"premiseId":"P-00353","address":"80 Athol Street","premiseType":"residential","heightM":3.7,"stories":1,"roof":"hip","yearBuilt":2003,"solar":false,"heatingFuel":"gas"}},{"type":"Feature","id":"B-P-00354","geometry":{"type":"Polygon","coordinates":[[[-78.935332,43.8706244],[-78.9353737,43.8707189],[-78.9352463,43.870748],[-78.9352047,43.8706535],[-78.935332,43.8706244]]]},"properties":{"premiseId":"P-00354","address":"76 Athol Street","premiseType":"residential","heightM":6.3,"stories":2,"roof":"gable","yearBuilt":2004,"solar":false,"heatingFuel":"gas"}},{"type":"Feature","id":"B-P-00355","geometry":{"type":"Polygon","coordinates":[[[-78.9352599,43.8704806],[-78.935299,43.8705692],[-78.9351524,43.8706028],[-78.9351132,43.8705141],[-78.9352599,43.8704806]]]},"properties":{"premiseId":"P-00355","address":"72 Athol Street","premiseType":"residential","heightM":3.7,"stories":1,"roof":"hip","yearBuilt":2003,"solar":false,"heatingFuel":"electric_resistance"}},{"type":"Feature","id":"B-P-00356","geometry":{"type":"Polygon","coordinates":[[[-78.9359312,43.8707414],[-78.9357856,43.8707746],[-78.9357509,43.8706958],[-78.9358964,43.8706625],[-78.9359312,43.8707414]]]},"properties":{"premiseId":"P-00356","address":"79 Athol Street","premiseType":"residential","heightM":3.7,"stories":1,"roof":"gable","yearBuilt":1996,"solar":true,"heatingFuel":"gas"}},{"type":"Feature","id":"B-P-00357","geometry":{"type":"Polygon","coordinates":[[[-78.9347633,43.8706129],[-78.9348741,43.8705912],[-78.9349155,43.8707002],[-78.9348047,43.870722],[-78.9347633,43.8706129]]]},"properties":{"premiseId":"P-00357","address":"57 Saint Lawrence Street","premiseType":"residential","heightM":6.3,"stories":2,"roof":"gable","yearBuilt":2006,"solar":false,"heatingFuel":"gas"}},{"type":"Feature","id":"B-P-00358","geometry":{"type":"Polygon","coordinates":[[[-78.9339355,43.8704637],[-78.9340359,43.8705085],[-78.9339623,43.8705941],[-78.933862,43.8705493],[-78.9339355,43.8704637]]]},"properties":{"premiseId":"P-00358","address":"69 Saint Lawrence Street","premiseType":"residential","heightM":6.3,"stories":2,"roof":"gable","yearBuilt":2017,"solar":true,"heatingFuel":"gas"}},{"type":"Feature","id":"B-P-00359","geometry":{"type":"Polygon","coordinates":[[[-78.9338014,43.8704063],[-78.9338873,43.8704188],[-78.9338665,43.8704929],[-78.9337806,43.8704804],[-78.9338014,43.8704063]]]},"properties":{"premiseId":"P-00359","address":"75 Saint Lawrence Street","premiseType":"residential","heightM":6.3,"stories":2,"roof":"gable","yearBuilt":2015,"solar":false,"heatingFuel":"gas"}},{"type":"Feature","id":"B-P-00360","geometry":{"type":"Polygon","coordinates":[[[-78.9336154,43.8707567],[-78.933585,43.8706874],[-78.9336863,43.8706643],[-78.9337167,43.8707336],[-78.9336154,43.8707567]]]},"properties":{"premiseId":"P-00360","address":"93 Saint Lawrence Street","premiseType":"residential","heightM":6.3,"stories":2,"roof":"gable","yearBuilt":2024,"solar":false,"heatingFuel":"electric_resistance"}},{"type":"Feature","id":"B-P-00361","geometry":{"type":"Polygon","coordinates":[[[-78.9337111,43.8708927],[-78.9336722,43.870804],[-78.9338182,43.8707707],[-78.9338571,43.8708595],[-78.9337111,43.8708927]]]},"properties":{"premiseId":"P-00361","address":"97 Saint Lawrence Street","premiseType":"residential","heightM":6.3,"stories":2,"roof":"hip","yearBuilt":2026,"solar":false,"heatingFuel":"gas"}},{"type":"Feature","id":"B-P-00362","geometry":{"type":"Polygon","coordinates":[[[-78.9337848,43.8710329],[-78.9337503,43.870954],[-78.9338987,43.8709202],[-78.9339333,43.8709991],[-78.9337848,43.8710329]]]},"properties":{"premiseId":"P-00362","address":"101 Saint Lawrence Street","premiseType":"residential","heightM":6.3,"stories":2,"roof":"gable","yearBuilt":2024,"solar":false,"heatingFuel":"heat_pump"}},{"type":"Feature","id":"B-P-00363","geometry":{"type":"Polygon","coordinates":[[[-78.9338381,43.8711963],[-78.9337942,43.8710965],[-78.9339212,43.8710676],[-78.9339649,43.8711675],[-78.9338381,43.8711963]]]},"properties":{"premiseId":"P-00363","address":"105 Saint Lawrence Street","premiseType":"residential","heightM":6.3,"stories":2,"roof":"hip","yearBuilt":2027,"solar":false,"heatingFuel":"gas"}},{"type":"Feature","id":"B-P-00364","geometry":{"type":"Polygon","coordinates":[[[-78.9339037,43.8713212],[-78.9338641,43.8712308],[-78.9339848,43.8712034],[-78.9340245,43.8712937],[-78.9339037,43.8713212]]]},"properties":{"premiseId":"P-00364","address":"107 Saint Lawrence Street","premiseType":"residential","heightM":6.3,"stories":2,"roof":"gable","yearBuilt":2027,"solar":true,"heatingFuel":"gas"}},{"type":"Feature","id":"B-P-00365","geometry":{"type":"Polygon","coordinates":[[[-78.9339505,43.8714637],[-78.9339157,43.8713844],[-78.9340565,43.8713523],[-78.9340913,43.8714316],[-78.9339505,43.8714637]]]},"properties":{"premiseId":"P-00365","address":"111 Saint Lawrence Street","premiseType":"residential","heightM":6.3,"stories":2,"roof":"gable","yearBuilt":2022,"solar":false,"heatingFuel":"gas"}},{"type":"Feature","id":"B-P-00366","geometry":{"type":"Polygon","coordinates":[[[-78.9347523,43.8702057],[-78.9347957,43.8703203],[-78.934659,43.8703473],[-78.9346156,43.8702326],[-78.9347523,43.8702057]]]},"properties":{"premiseId":"P-00366","address":"58 Saint Lawrence Street","premiseType":"residential","heightM":6.3,"stories":2,"roof":"hip","yearBuilt":1998,"solar":false,"heatingFuel":"gas"}},{"type":"Feature","id":"B-P-00367","geometry":{"type":"Polygon","coordinates":[[[-78.9345798,43.8702956],[-78.9345776,43.870374],[-78.9344812,43.8703727],[-78.9344833,43.8702943],[-78.9345798,43.8702956]]]},"properties":{"premiseId":"P-00367","address":"62 Saint Lawrence Street","premiseType":"residential","heightM":3.7,"stories":1,"roof":"gable","yearBuilt":2003,"solar":false,"heatingFuel":"gas"}},{"type":"Feature","id":"B-P-00368","geometry":{"type":"Polygon","coordinates":[[[-78.9344445,43.8702767],[-78.9343952,43.8703496],[-78.9342985,43.8703156],[-78.9343478,43.8702427],[-78.9344445,43.8702767]]]},"properties":{"premiseId":"P-00368","address":"68 Saint Lawrence Street","premiseType":"residential","heightM":6.3,"stories":2,"roof":"gable","yearBuilt":2001,"solar":false,"heatingFuel":"electric_resistance"}},{"type":"Feature","id":"B-P-00369","geometry":{"type":"Polygon","coordinates":[[[-78.9343126,43.8701837],[-78.9342367,43.8702717],[-78.9341162,43.8702177],[-78.934192,43.8701297],[-78.9343126,43.8701837]]]},"properties":{"premiseId":"P-00369","address":"72 Saint Lawrence Street","premiseType":"residential","heightM":3.7,"stories":1,"roof":"hip","yearBuilt":2001,"solar":false,"heatingFuel":"gas"}},{"type":"Feature","id":"B-P-00370","geometry":{"type":"Polygon","coordinates":[[[-78.9330228,43.8705973],[-78.9331595,43.8705662],[-78.9331948,43.8706466],[-78.9330581,43.8706778],[-78.9330228,43.8705973]]]},"properties":{"premiseId":"P-00370","address":"90 Saint Lawrence Street","premiseType":"residential","heightM":3.7,"stories":1,"roof":"hip","yearBuilt":2026,"solar":false,"heatingFuel":"gas"}},{"type":"Feature","id":"B-P-00371","geometry":{"type":"Polygon","coordinates":[[[-78.9331263,43.8707599],[-78.9332494,43.8707318],[-78.9332889,43.8708218],[-78.9331658,43.87085],[-78.9331263,43.8707599]]]},"properties":{"premiseId":"P-00371","address":"94 Saint Lawrence Street","premiseType":"residential","heightM":6.3,"stories":2,"roof":"hip","yearBuilt":2027,"solar":false,"heatingFuel":"gas"}},{"type":"Feature","id":"B-P-00372","geometry":{"type":"Polygon","coordinates":[[[-78.9331699,43.8709063],[-78.933306,43.8708753],[-78.9333437,43.8709615],[-78.9332076,43.8709924],[-78.9331699,43.8709063]]]},"properties":{"premiseId":"P-00372","address":"98 Saint Lawrence Street","premiseType":"residential","heightM":6.3,"stories":2,"roof":"gable","yearBuilt":2028,"solar":false,"heatingFuel":"gas"}},{"type":"Feature","id":"B-P-00373","geometry":{"type":"Polygon","coordinates":[[[-78.9332346,43.87104],[-78.9333653,43.8710103],[-78.9334073,43.8711063],[-78.9332767,43.8711361],[-78.9332346,43.87104]]]},"properties":{"premiseId":"P-00373","address":"100 Saint Lawrence Street","premiseType":"residential","heightM":6.3,"stories":2,"roof":"gable","yearBuilt":2025,"solar":true,"heatingFuel":"gas"}},{"type":"Feature","id":"B-P-00374","geometry":{"type":"Polygon","coordinates":[[[-78.9332922,43.8711806],[-78.9334155,43.8711526],[-78.9334574,43.8712479],[-78.9333341,43.8712759],[-78.9332922,43.8711806]]]},"properties":{"premiseId":"P-00374","address":"104 Saint Lawrence Street","premiseType":"residential","heightM":6.3,"stories":2,"roof":"hip","yearBuilt":2024,"solar":false,"heatingFuel":"gas"}},{"type":"Feature","id":"B-P-00375","geometry":{"type":"Polygon","coordinates":[[[-78.9333536,43.8713517],[-78.9334886,43.8713209],[-78.9335289,43.8714129],[-78.9333939,43.8714437],[-78.9333536,43.8713517]]]},"properties":{"premiseId":"P-00375","address":"108 Saint Lawrence Street","premiseType":"residential","heightM":3.7,"stories":1,"roof":"hip","yearBuilt":2025,"solar":true,"heatingFuel":"gas"}},{"type":"Feature","id":"B-P-00376","geometry":{"type":"Polygon","coordinates":[[[-78.9334273,43.8714931],[-78.933562,43.8714624],[-78.9336022,43.871554],[-78.9334675,43.8715846],[-78.9334273,43.8714931]]]},"properties":{"premiseId":"P-00376","address":"112 Saint Lawrence Street","premiseType":"residential","heightM":3.7,"stories":1,"roof":"hip","yearBuilt":2026,"solar":true,"heatingFuel":"gas"}},{"type":"Feature","id":"B-P-00377","geometry":{"type":"Polygon","coordinates":[[[-78.9355709,43.8672499],[-78.9354619,43.8672758],[-78.9354033,43.8671479],[-78.9355122,43.867122],[-78.9355709,43.8672499]]]},"properties":{"premiseId":"P-00377","address":"14 Paisley Court","premiseType":"residential","heightM":3.7,"stories":1,"roof":"hip","yearBuilt":1958,"solar":false,"heatingFuel":"gas"}},{"type":"Feature","id":"B-P-00378","geometry":{"type":"Polygon","coordinates":[[[-78.9342879,43.8716489],[-78.9344367,43.8716136],[-78.9344793,43.8717069],[-78.9343304,43.8717422],[-78.9342879,43.8716489]]]},"properties":{"premiseId":"P-00378","address":"3 Orchard Court","premiseType":"residential","heightM":6.3,"stories":2,"roof":"hip","yearBuilt":2023,"solar":false,"heatingFuel":"gas"}},{"type":"Feature","id":"B-P-00379","geometry":{"type":"Polygon","coordinates":[[[-78.9340546,43.871719],[-78.9341937,43.8716865],[-78.9342371,43.8717829],[-78.934098,43.8718154],[-78.9340546,43.871719]]]},"properties":{"premiseId":"P-00379","address":"7 Orchard Court","premiseType":"residential","heightM":3.7,"stories":1,"roof":"hip","yearBuilt":2026,"solar":false,"heatingFuel":"gas"}},{"type":"Feature","id":"B-P-00380","geometry":{"type":"Polygon","coordinates":[[[-78.9339726,43.8724112],[-78.9340245,43.8725323],[-78.9338768,43.8725652],[-78.933825,43.8724441],[-78.9339726,43.8724112]]]},"properties":{"premiseId":"P-00380","address":"138 Saint Lawrence Street","premiseType":"residential","heightM":6.3,"stories":2,"roof":"gable","yearBuilt":2023,"solar":false,"heatingFuel":"gas"}},{"type":"Feature","id":"B-P-00381","geometry":{"type":"Polygon","coordinates":[[[-78.933906,43.8722587],[-78.9339477,43.8723552],[-78.933822,43.8723835],[-78.9337802,43.872287],[-78.933906,43.8722587]]]},"properties":{"premiseId":"P-00381","address":"134 Saint Lawrence Street","premiseType":"residential","heightM":6.3,"stories":2,"roof":"gable","yearBuilt":2024,"solar":false,"heatingFuel":"electric_resistance"}},{"type":"Feature","id":"B-P-00382","geometry":{"type":"Polygon","coordinates":[[[-78.9338383,43.8721147],[-78.9338874,43.8722281],[-78.9337508,43.8722589],[-78.9337017,43.8721454],[-78.9338383,43.8721147]]]},"properties":{"premiseId":"P-00382","address":"130 Saint Lawrence Street","premiseType":"residential","heightM":6.3,"stories":2,"roof":"gable","yearBuilt":2024,"solar":false,"heatingFuel":"gas"}},{"type":"Feature","id":"B-P-00383","geometry":{"type":"Polygon","coordinates":[[[-78.9337573,43.8719373],[-78.9338065,43.8720511],[-78.9336795,43.8720797],[-78.9336303,43.8719658],[-78.9337573,43.8719373]]]},"properties":{"premiseId":"P-00383","address":"126 Saint Lawrence Street","premiseType":"residential","heightM":6.3,"stories":2,"roof":"hip","yearBuilt":2024,"solar":true,"heatingFuel":"electric_resistance"}},{"type":"Feature","id":"B-P-00384","geometry":{"type":"Polygon","coordinates":[[[-78.933694,43.8717937],[-78.9337356,43.8718899],[-78.9336019,43.87192],[-78.9335602,43.8718238],[-78.933694,43.8717937]]]},"properties":{"premiseId":"P-00384","address":"120 Saint Lawrence Street","premiseType":"residential","heightM":3.7,"stories":1,"roof":"hip","yearBuilt":2022,"solar":false,"heatingFuel":"gas"}},{"type":"Feature","id":"B-P-00385","geometry":{"type":"Polygon","coordinates":[[[-78.9345174,43.872411],[-78.9343746,43.8724427],[-78.9343381,43.8723573],[-78.9344809,43.8723255],[-78.9345174,43.872411]]]},"properties":{"premiseId":"P-00385","address":"137 Saint Lawrence Street","premiseType":"residential","heightM":3.7,"stories":1,"roof":"gable","yearBuilt":2024,"solar":false,"heatingFuel":"gas"}},{"type":"Feature","id":"B-P-00386","geometry":{"type":"Polygon","coordinates":[[[-78.934452,43.8722658],[-78.9343285,43.8722935],[-78.9342808,43.8721833],[-78.9344043,43.8721556],[-78.934452,43.8722658]]]},"properties":{"premiseId":"P-00386","address":"133 Saint Lawrence Street","premiseType":"residential","heightM":3.7,"stories":1,"roof":"hip","yearBuilt":2028,"solar":false,"heatingFuel":"gas"}},{"type":"Feature","id":"B-P-00387","geometry":{"type":"Polygon","coordinates":[[[-78.9343892,43.8720924],[-78.9342516,43.8721234],[-78.934204,43.8720134],[-78.9343416,43.8719824],[-78.9343892,43.8720924]]]},"properties":{"premiseId":"P-00387","address":"129 Saint Lawrence Street","premiseType":"residential","heightM":6.3,"stories":2,"roof":"gable","yearBuilt":2028,"solar":false,"heatingFuel":"gas"}},{"type":"Feature","id":"B-P-00388","geometry":{"type":"Polygon","coordinates":[[[-78.9340768,43.8728096],[-78.9341944,43.8727835],[-78.9342402,43.8728903],[-78.9341225,43.8729164],[-78.9340768,43.8728096]]]},"properties":{"premiseId":"P-00388","address":"85 Burns Street East","premiseType":"residential","heightM":6.3,"stories":2,"roof":"hip","yearBuilt":2026,"solar":false,"heatingFuel":"gas"}},{"type":"Feature","id":"B-P-00389","geometry":{"type":"Polygon","coordinates":[[[-78.9335957,43.8725044],[-78.9336334,43.8725927],[-78.9335126,43.8726195],[-78.9334749,43.8725311],[-78.9335957,43.8725044]]]},"properties":{"premiseId":"P-00389","address":"94 Burns Street East","premiseType":"residential","heightM":6.3,"stories":2,"roof":"gable","yearBuilt":2024,"solar":false,"heatingFuel":"electric_resistance"}},{"type":"Feature","id":"B-P-00390","geometry":{"type":"Polygon","coordinates":[[[-78.9334141,43.8725235],[-78.9334571,43.872624],[-78.9333304,43.8726521],[-78.9332874,43.8725516],[-78.9334141,43.8725235]]]},"properties":{"premiseId":"P-00390","address":"98 Burns Street East","premiseType":"residential","heightM":3.7,"stories":1,"roof":"gable","yearBuilt":2027,"solar":false,"heatingFuel":"gas"}},{"type":"Feature","id":"B-P-00391","geometry":{"type":"Polygon","coordinates":[[[-78.9332103,43.8725913],[-78.9332448,43.872672],[-78.9331061,43.8727028],[-78.9330716,43.8726221],[-78.9332103,43.8725913]]]},"properties":{"premiseId":"P-00391","address":"102 Burns Street East","premiseType":"residential","heightM":6.3,"stories":2,"roof":"hip","yearBuilt":2023,"solar":false,"heatingFuel":"heat_pump"}},{"type":"Feature","id":"B-P-00392","geometry":{"type":"Polygon","coordinates":[[[-78.932999,43.8726426],[-78.9330332,43.8727225],[-78.9329033,43.8727513],[-78.9328692,43.8726715],[-78.932999,43.8726426]]]},"properties":{"premiseId":"P-00392","address":"106 Burns Street East","premiseType":"residential","heightM":6.3,"stories":2,"roof":"hip","yearBuilt":2022,"solar":false,"heatingFuel":"gas"}},{"type":"Feature","id":"B-P-00393","geometry":{"type":"Polygon","coordinates":[[[-78.9316579,43.8717342],[-78.9316936,43.8718156],[-78.9315736,43.8718429],[-78.9315379,43.8717615],[-78.9316579,43.8717342]]]},"properties":{"premiseId":"P-00393","address":"64 Billings Street","premiseType":"residential","heightM":6.3,"stories":2,"roof":"gable","yearBuilt":2024,"solar":false,"heatingFuel":"heat_pump"}},{"type":"Feature","id":"B-P-00394","geometry":{"type":"Polygon","coordinates":[[[-78.9315817,43.8715907],[-78.9316196,43.8716772],[-78.9314776,43.8717095],[-78.9314397,43.871623],[-78.9315817,43.8715907]]]},"properties":{"premiseId":"P-00394","address":"60 Billings Street","premiseType":"residential","heightM":6.3,"stories":2,"roof":"hip","yearBuilt":2023,"solar":false,"heatingFuel":"gas"}},{"type":"Feature","id":"B-P-00395","geometry":{"type":"Polygon","coordinates":[[[-78.9315361,43.8714525],[-78.9315708,43.8715319],[-78.931442,43.8715611],[-78.9314072,43.8714818],[-78.9315361,43.8714525]]]},"properties":{"premiseId":"P-00395","address":"56 Billings Street","premiseType":"residential","heightM":6.3,"stories":2,"roof":"gable","yearBuilt":2027,"solar":true,"heatingFuel":"gas"}},{"type":"Feature","id":"B-P-00396","geometry":{"type":"Polygon","coordinates":[[[-78.9314624,43.8712981],[-78.9314994,43.8713826],[-78.9313675,43.8714126],[-78.9313305,43.8713281],[-78.9314624,43.8712981]]]},"properties":{"premiseId":"P-00396","address":"52 Billings Street","premiseType":"residential","heightM":6.3,"stories":2,"roof":"gable","yearBuilt":2023,"solar":false,"heatingFuel":"heat_pump"}},{"type":"Feature","id":"B-P-00397","geometry":{"type":"Polygon","coordinates":[[[-78.9314086,43.8711706],[-78.9314458,43.8712555],[-78.9312925,43.8712905],[-78.9312552,43.8712055],[-78.9314086,43.8711706]]]},"properties":{"premiseId":"P-00397","address":"48 Billings Street","premiseType":"residential","heightM":3.7,"stories":1,"roof":"hip","yearBuilt":2024,"solar":false,"heatingFuel":"gas"}},{"type":"Feature","id":"B-P-00398","geometry":{"type":"Polygon","coordinates":[[[-78.9313377,43.8710248],[-78.9313801,43.8711214],[-78.9312265,43.8711565],[-78.931184,43.8710597],[-78.9313377,43.8710248]]]},"properties":{"premiseId":"P-00398","address":"44 Billings Street","premiseType":"residential","heightM":6.3,"stories":2,"roof":"hip","yearBuilt":2023,"solar":false,"heatingFuel":"heat_pump"}},{"type":"Feature","id":"B-P-00399","geometry":{"type":"Polygon","coordinates":[[[-78.9312876,43.8708867],[-78.9313248,43.8709716],[-78.931181,43.8710043],[-78.9311439,43.8709194],[-78.9312876,43.8708867]]]},"properties":{"premiseId":"P-00399","address":"42 Billings Street","premiseType":"residential","heightM":6.3,"stories":2,"roof":"gable","yearBuilt":2025,"solar":false,"heatingFuel":"gas"}},{"type":"Feature","id":"B-P-00400","geometry":{"type":"Polygon","coordinates":[[[-78.9324891,43.8722838],[-78.9323304,43.8723199],[-78.9322914,43.872231],[-78.9324501,43.8721949],[-78.9324891,43.8722838]]]},"properties":{"premiseId":"P-00400","address":"77 Billings Street","premiseType":"residential","heightM":6.3,"stories":2,"roof":"hip","yearBuilt":2024,"solar":false,"heatingFuel":"gas"}},{"type":"Feature","id":"B-P-00401","geometry":{"type":"Polygon","coordinates":[[[-78.932403,43.8721521],[-78.9322606,43.8721845],[-78.9322172,43.8720855],[-78.9323596,43.8720531],[-78.932403,43.8721521]]]},"properties":{"premiseId":"P-00401","address":"73 Billings Street","premiseType":"residential","heightM":3.7,"stories":1,"roof":"hip","yearBuilt":2026,"solar":false,"heatingFuel":"gas"}},{"type":"Feature","id":"B-P-00402","geometry":{"type":"Polygon","coordinates":[[[-78.9323178,43.8719731],[-78.9321893,43.8720024],[-78.9321563,43.8719271],[-78.9322847,43.8718978],[-78.9323178,43.8719731]]]},"properties":{"premiseId":"P-00402","address":"69 Billings Street","premiseType":"residential","heightM":3.7,"stories":1,"roof":"hip","yearBuilt":2024,"solar":false,"heatingFuel":"gas"}},{"type":"Feature","id":"B-P-00403","geometry":{"type":"Polygon","coordinates":[[[-78.9322776,43.8718661],[-78.932122,43.8719016],[-78.932083,43.8718127],[-78.9322386,43.8717772],[-78.9322776,43.8718661]]]},"properties":{"premiseId":"P-00403","address":"65 Billings Street","premiseType":"residential","heightM":6.3,"stories":2,"roof":"hip","yearBuilt":2026,"solar":false,"heatingFuel":"gas"}},{"type":"Feature","id":"B-P-00404","geometry":{"type":"Polygon","coordinates":[[[-78.9321928,43.871716],[-78.9320597,43.8717463],[-78.9320201,43.871656],[-78.9321533,43.8716256],[-78.9321928,43.871716]]]},"properties":{"premiseId":"P-00404","address":"63 Billings Street","premiseType":"residential","heightM":3.7,"stories":1,"roof":"gable","yearBuilt":2027,"solar":false,"heatingFuel":"gas"}},{"type":"Feature","id":"B-P-00405","geometry":{"type":"Polygon","coordinates":[[[-78.932157,43.8715494],[-78.9320018,43.8715848],[-78.9319647,43.8715004],[-78.93212,43.871465],[-78.932157,43.8715494]]]},"properties":{"premiseId":"P-00405","address":"59 Billings Street","premiseType":"residential","heightM":6.3,"stories":2,"roof":"gable","yearBuilt":2025,"solar":true,"heatingFuel":"heat_pump"}},{"type":"Feature","id":"B-P-00406","geometry":{"type":"Polygon","coordinates":[[[-78.9320622,43.8714446],[-78.9319414,43.8714721],[-78.931908,43.8713961],[-78.9320288,43.8713686],[-78.9320622,43.8714446]]]},"properties":{"premiseId":"P-00406","address":"55 Billings Street","premiseType":"residential","heightM":3.7,"stories":1,"roof":"gable","yearBuilt":2022,"solar":false,"heatingFuel":"electric_resistance"}},{"type":"Feature","id":"B-P-00407","geometry":{"type":"Polygon","coordinates":[[[-78.9320224,43.8712811],[-78.9318827,43.8713129],[-78.9318407,43.8712174],[-78.9319806,43.8711856],[-78.9320224,43.8712811]]]},"properties":{"premiseId":"P-00407","address":"51 Billings Street","premiseType":"residential","heightM":6.3,"stories":2,"roof":"gable","yearBuilt":2024,"solar":false,"heatingFuel":"gas"}},{"type":"Feature","id":"B-P-00408","geometry":{"type":"Polygon","coordinates":[[[-78.9319392,43.8711442],[-78.9318193,43.8711715],[-78.9317784,43.8710782],[-78.9318983,43.8710509],[-78.9319392,43.8711442]]]},"properties":{"premiseId":"P-00408","address":"47 Billings Street","premiseType":"residential","heightM":6.3,"stories":2,"roof":"hip","yearBuilt":2022,"solar":false,"heatingFuel":"gas"}},{"type":"Feature","id":"B-P-00409","geometry":{"type":"Polygon","coordinates":[[[-78.9319115,43.8709962],[-78.9317589,43.871031],[-78.9317211,43.8709447],[-78.9318738,43.87091],[-78.9319115,43.8709962]]]},"properties":{"premiseId":"P-00409","address":"43 Billings Street","premiseType":"residential","heightM":6.3,"stories":2,"roof":"gable","yearBuilt":2025,"solar":false,"heatingFuel":"gas"}},{"type":"Feature","id":"B-P-00410","geometry":{"type":"Polygon","coordinates":[[[-78.9318624,43.8708642],[-78.9317047,43.8709002],[-78.9316657,43.8708111],[-78.9318234,43.8707752],[-78.9318624,43.8708642]]]},"properties":{"premiseId":"P-00410","address":"41 Billings Street","premiseType":"residential","heightM":6.3,"stories":2,"roof":"hip","yearBuilt":2026,"solar":false,"heatingFuel":"gas"}},{"type":"Feature","id":"B-P-00411","geometry":{"type":"Polygon","coordinates":[[[-78.9328156,43.8721733],[-78.9326794,43.8722048],[-78.9326364,43.872108],[-78.9327727,43.8720765],[-78.9328156,43.8721733]]]},"properties":{"premiseId":"P-00411","address":"11 Irwin Drive","premiseType":"residential","heightM":3.7,"stories":1,"roof":"hip","yearBuilt":2024,"solar":false,"heatingFuel":"gas"}},{"type":"Feature","id":"B-P-00412","geometry":{"type":"Polygon","coordinates":[[[-78.9328854,43.8719096],[-78.9329209,43.8719896],[-78.9327872,43.8720203],[-78.9327517,43.8719403],[-78.9328854,43.8719096]]]},"properties":{"premiseId":"P-00412","address":"25 Irwin Drive","premiseType":"residential","heightM":6.3,"stories":2,"roof":"hip","yearBuilt":2027,"solar":true,"heatingFuel":"gas"}},{"type":"Feature","id":"B-P-00413","geometry":{"type":"Polygon","coordinates":[[[-78.9328221,43.8717873],[-78.9328566,43.8718652],[-78.9326971,43.871902],[-78.9326625,43.871824],[-78.9328221,43.8717873]]]},"properties":{"premiseId":"P-00413","address":"29 Irwin Drive","premiseType":"residential","heightM":6.3,"stories":2,"roof":"gable","yearBuilt":2026,"solar":false,"heatingFuel":"electric_resistance"}},{"type":"Feature","id":"B-P-00414","geometry":{"type":"Polygon","coordinates":[[[-78.9327583,43.8716539],[-78.9327963,43.8717399],[-78.9326484,43.871774],[-78.9326102,43.871688],[-78.9327583,43.8716539]]]},"properties":{"premiseId":"P-00414","address":"33 Irwin Drive","premiseType":"residential","heightM":3.7,"stories":1,"roof":"hip","yearBuilt":2026,"solar":false,"heatingFuel":"heat_pump"}},{"type":"Feature","id":"B-P-00415","geometry":{"type":"Polygon","coordinates":[[[-78.932676,43.8714878],[-78.9327198,43.8715867],[-78.9325743,43.8716201],[-78.9325306,43.8715212],[-78.932676,43.8714878]]]},"properties":{"premiseId":"P-00415","address":"37 Irwin Drive","premiseType":"residential","heightM":6.3,"stories":2,"roof":"hip","yearBuilt":2023,"solar":true,"heatingFuel":"gas"}},{"type":"Feature","id":"B-P-00416","geometry":{"type":"Polygon","coordinates":[[[-78.9326257,43.8713488],[-78.9326659,43.8714397],[-78.9325181,43.8714737],[-78.9324779,43.8713828],[-78.9326257,43.8713488]]]},"properties":{"premiseId":"P-00416","address":"41 Irwin Drive","premiseType":"residential","heightM":6.3,"stories":2,"roof":"gable","yearBuilt":2026,"solar":true,"heatingFuel":"gas"}},{"type":"Feature","id":"B-P-00417","geometry":{"type":"Polygon","coordinates":[[[-78.9325741,43.8712256],[-78.9326095,43.8713053],[-78.93247,43.8713374],[-78.9324348,43.8712577],[-78.9325741,43.8712256]]]},"properties":{"premiseId":"P-00417","address":"43 Irwin Drive","premiseType":"residential","heightM":6.3,"stories":2,"roof":"gable","yearBuilt":2025,"solar":false,"heatingFuel":"gas"}},{"type":"Feature","id":"B-P-00418","geometry":{"type":"Polygon","coordinates":[[[-78.9325092,43.871074],[-78.9325527,43.8711722],[-78.9324309,43.8712002],[-78.9323874,43.871102],[-78.9325092,43.871074]]]},"properties":{"premiseId":"P-00418","address":"47 Irwin Drive","premiseType":"residential","heightM":3.7,"stories":1,"roof":"hip","yearBuilt":2023,"solar":false,"heatingFuel":"gas"}},{"type":"Feature","id":"B-P-00419","geometry":{"type":"Polygon","coordinates":[[[-78.9324276,43.8709089],[-78.9324688,43.871002],[-78.9323314,43.8710337],[-78.9322901,43.8709405],[-78.9324276,43.8709089]]]},"properties":{"premiseId":"P-00419","address":"51 Irwin Drive","premiseType":"residential","heightM":6.3,"stories":2,"roof":"hip","yearBuilt":2026,"solar":false,"heatingFuel":"gas"}},{"type":"Feature","id":"B-P-00420","geometry":{"type":"Polygon","coordinates":[[[-78.9323676,43.8707824],[-78.9324046,43.870866],[-78.9322537,43.8709008],[-78.9322167,43.8708172],[-78.9323676,43.8707824]]]},"properties":{"premiseId":"P-00420","address":"55 Irwin Drive","premiseType":"residential","heightM":6.3,"stories":2,"roof":"gable","yearBuilt":2023,"solar":false,"heatingFuel":"gas"}},{"type":"Feature","id":"B-P-00421","geometry":{"type":"Polygon","coordinates":[[[-78.9322672,43.8704737],[-78.9322963,43.8705768],[-78.9321343,43.8706006],[-78.9321052,43.8704976],[-78.9322672,43.8704737]]]},"properties":{"premiseId":"P-00421","address":"63 Irwin Drive","premiseType":"residential","heightM":6.3,"stories":2,"roof":"gable","yearBuilt":2028,"solar":true,"heatingFuel":"gas"}},{"type":"Feature","id":"B-P-00422","geometry":{"type":"Polygon","coordinates":[[[-78.9322395,43.8703376],[-78.9322595,43.8704172],[-78.9321286,43.8704342],[-78.9321085,43.8703547],[-78.9322395,43.8703376]]]},"properties":{"premiseId":"P-00422","address":"65 Irwin Drive","premiseType":"residential","heightM":6.3,"stories":2,"roof":"gable","yearBuilt":2025,"solar":false,"heatingFuel":"heat_pump"}},{"type":"Feature","id":"B-P-00423","geometry":{"type":"Polygon","coordinates":[[[-78.9322003,43.8701973],[-78.9322155,43.8703042],[-78.9320854,43.8703139],[-78.93207,43.8702069],[-78.9322003,43.8701973]]]},"properties":{"premiseId":"P-00423","address":"69 Irwin Drive","premiseType":"residential","heightM":6.3,"stories":2,"roof":"gable","yearBuilt":2026,"solar":false,"heatingFuel":"electric_resistance"}},{"type":"Feature","id":"B-P-00424","geometry":{"type":"Polygon","coordinates":[[[-78.932191,43.8700399],[-78.9322056,43.8701302],[-78.932073,43.8701415],[-78.9320584,43.8700511],[-78.932191,43.8700399]]]},"properties":{"premiseId":"P-00424","address":"73 Irwin Drive","premiseType":"residential","heightM":3.7,"stories":1,"roof":"gable","yearBuilt":2023,"solar":false,"heatingFuel":"gas"}},{"type":"Feature","id":"B-P-00425","geometry":{"type":"Polygon","coordinates":[[[-78.9321479,43.8699119],[-78.9321736,43.87001],[-78.9320307,43.8700294],[-78.9320049,43.8699313],[-78.9321479,43.8699119]]]},"properties":{"premiseId":"P-00425","address":"77 Irwin Drive","premiseType":"residential","heightM":6.3,"stories":2,"roof":"gable","yearBuilt":2027,"solar":false,"heatingFuel":"gas"}},{"type":"Feature","id":"B-P-00426","geometry":{"type":"Polygon","coordinates":[[[-78.9320916,43.8697725],[-78.9321355,43.8698695],[-78.9319831,43.8699053],[-78.9319392,43.8698083],[-78.9320916,43.8697725]]]},"properties":{"premiseId":"P-00426","address":"81 Irwin Drive","premiseType":"residential","heightM":6.3,"stories":2,"roof":"gable","yearBuilt":2028,"solar":false,"heatingFuel":"gas"}},{"type":"Feature","id":"B-P-00427","geometry":{"type":"Polygon","coordinates":[[[-78.9320253,43.8696203],[-78.9320642,43.8697062],[-78.9319113,43.8697422],[-78.9318724,43.8696563],[-78.9320253,43.8696203]]]},"properties":{"premiseId":"P-00427","address":"85 Irwin Drive","premiseType":"residential","heightM":6.3,"stories":2,"roof":"hip","yearBuilt":2025,"solar":false,"heatingFuel":"gas"}},{"type":"Feature","id":"B-P-00428","geometry":{"type":"Polygon","coordinates":[[[-78.9319616,43.8694885],[-78.9319975,43.8695679],[-78.9318508,43.8696024],[-78.9318148,43.869523],[-78.9319616,43.8694885]]]},"properties":{"premiseId":"P-00428","address":"87 Irwin Drive","premiseType":"residential","heightM":6.3,"stories":2,"roof":"hip","yearBuilt":2023,"solar":false,"heatingFuel":"gas"}},{"type":"Feature","id":"B-P-00429","geometry":{"type":"Polygon","coordinates":[[[-78.9318882,43.8693365],[-78.9319266,43.8694211],[-78.9317915,43.8694529],[-78.9317533,43.8693682],[-78.9318882,43.8693365]]]},"properties":{"premiseId":"P-00429","address":"91 Irwin Drive","premiseType":"residential","heightM":6.3,"stories":2,"roof":"gable","yearBuilt":2024,"solar":false,"heatingFuel":"electric_resistance"}},{"type":"Feature","id":"B-P-00430","geometry":{"type":"Polygon","coordinates":[[[-78.9312858,43.8694087],[-78.931402,43.8693927],[-78.9314304,43.8694999],[-78.9313143,43.8695158],[-78.9312858,43.8694087]]]},"properties":{"premiseId":"P-00430","address":"109 Irwin Drive","premiseType":"residential","heightM":3.7,"stories":1,"roof":"gable","yearBuilt":2024,"solar":true,"heatingFuel":"heat_pump"}},{"type":"Feature","id":"B-P-00431","geometry":{"type":"Polygon","coordinates":[[[-78.9310676,43.8694198],[-78.9311794,43.8694045],[-78.9311994,43.8694795],[-78.9310876,43.8694949],[-78.9310676,43.8694198]]]},"properties":{"premiseId":"P-00431","address":"113 Irwin Drive","premiseType":"residential","heightM":6.3,"stories":2,"roof":"gable","yearBuilt":2026,"solar":true,"heatingFuel":"gas"}},{"type":"Feature","id":"B-P-00432","geometry":{"type":"Polygon","coordinates":[[[-78.9328055,43.8725552],[-78.9327702,43.8724756],[-78.9328806,43.8724503],[-78.9329159,43.8725298],[-78.9328055,43.8725552]]]},"properties":{"premiseId":"P-00432","address":"12 Irwin Drive","premiseType":"residential","heightM":6.3,"stories":2,"roof":"hip","yearBuilt":2025,"solar":false,"heatingFuel":"gas"}},{"type":"Feature","id":"B-P-00433","geometry":{"type":"Polygon","coordinates":[[[-78.9334537,43.8720043],[-78.9333207,43.872035],[-78.9332846,43.8719537],[-78.9334179,43.8719231],[-78.9334537,43.8720043]]]},"properties":{"premiseId":"P-00433","address":"24 Irwin Drive","premiseType":"residential","heightM":3.7,"stories":1,"roof":"hip","yearBuilt":2027,"solar":false,"heatingFuel":"gas"}},{"type":"Feature","id":"B-P-00434","geometry":{"type":"Polygon","coordinates":[[[-78.9333918,43.8718435],[-78.9332581,43.8718743],[-78.9332191,43.8717863],[-78.9333529,43.8717555],[-78.9333918,43.8718435]]]},"properties":{"premiseId":"P-00434","address":"28 Irwin Drive","premiseType":"residential","heightM":6.3,"stories":2,"roof":"gable","yearBuilt":2023,"solar":true,"heatingFuel":"gas"}},{"type":"Feature","id":"B-P-00435","geometry":{"type":"Polygon","coordinates":[[[-78.9333422,43.8717033],[-78.9332079,43.8717342],[-78.9331666,43.871641],[-78.933301,43.87161],[-78.9333422,43.8717033]]]},"properties":{"premiseId":"P-00435","address":"32 Irwin Drive","premiseType":"residential","heightM":6.3,"stories":2,"roof":"gable","yearBuilt":2027,"solar":false,"heatingFuel":"gas"}},{"type":"Feature","id":"B-P-00436","geometry":{"type":"Polygon","coordinates":[[[-78.9332615,43.8715602],[-78.9331268,43.8715912],[-78.9330901,43.8715084],[-78.9332248,43.8714774],[-78.9332615,43.8715602]]]},"properties":{"premiseId":"P-00436","address":"34 Irwin Drive","premiseType":"residential","heightM":3.7,"stories":1,"roof":"gable","yearBuilt":2022,"solar":true,"heatingFuel":"gas"}},{"type":"Feature","id":"B-P-00437","geometry":{"type":"Polygon","coordinates":[[[-78.933213,43.8714359],[-78.933078,43.871467],[-78.9330412,43.8713838],[-78.9331761,43.8713527],[-78.933213,43.8714359]]]},"properties":{"premiseId":"P-00437","address":"38 Irwin Drive","premiseType":"residential","heightM":6.3,"stories":2,"roof":"gable","yearBuilt":2025,"solar":false,"heatingFuel":"gas"}},{"type":"Feature","id":"B-P-00438","geometry":{"type":"Polygon","coordinates":[[[-78.9331487,43.871284],[-78.9330134,43.8713152],[-78.9329742,43.8712268],[-78.9331096,43.8711956],[-78.9331487,43.871284]]]},"properties":{"premiseId":"P-00438","address":"42 Irwin Drive","premiseType":"residential","heightM":6.3,"stories":2,"roof":"hip","yearBuilt":2024,"solar":false,"heatingFuel":"gas"}},{"type":"Feature","id":"B-P-00439","geometry":{"type":"Polygon","coordinates":[[[-78.933074,43.8711368],[-78.9329484,43.8711656],[-78.9329041,43.8710655],[-78.9330297,43.8710365],[-78.933074,43.8711368]]]},"properties":{"premiseId":"P-00439","address":"46 Irwin Drive","premiseType":"residential","heightM":6.3,"stories":2,"roof":"hip","yearBuilt":2023,"solar":false,"heatingFuel":"gas"}},{"type":"Feature","id":"B-P-00440","geometry":{"type":"Polygon","coordinates":[[[-78.9330081,43.8709864],[-78.9328737,43.8710173],[-78.9328393,43.8709397],[-78.9329737,43.8709087],[-78.9330081,43.8709864]]]},"properties":{"premiseId":"P-00440","address":"50 Irwin Drive","premiseType":"residential","heightM":3.7,"stories":1,"roof":"hip","yearBuilt":2023,"solar":false,"heatingFuel":"electric_resistance"}},{"type":"Feature","id":"B-P-00441","geometry":{"type":"Polygon","coordinates":[[[-78.932961,43.8708627],[-78.9328247,43.8708941],[-78.9327811,43.8707955],[-78.9329173,43.8707642],[-78.932961,43.8708627]]]},"properties":{"premiseId":"P-00441","address":"54 Irwin Drive","premiseType":"residential","heightM":6.3,"stories":2,"roof":"gable","yearBuilt":2026,"solar":false,"heatingFuel":"gas"}},{"type":"Feature","id":"B-P-00442","geometry":{"type":"Polygon","coordinates":[[[-78.9328719,43.8706931],[-78.9327513,43.8707209],[-78.9327144,43.8706377],[-78.9328352,43.8706099],[-78.9328719,43.8706931]]]},"properties":{"premiseId":"P-00442","address":"58 Irwin Drive","premiseType":"residential","heightM":6.3,"stories":2,"roof":"gable","yearBuilt":2024,"solar":false,"heatingFuel":"gas"}},{"type":"Feature","id":"B-P-00443","geometry":{"type":"Polygon","coordinates":[[[-78.9328491,43.8705806],[-78.9327059,43.8706043],[-78.9326793,43.8705206],[-78.9328225,43.8704969],[-78.9328491,43.8705806]]]},"properties":{"premiseId":"P-00443","address":"62 Irwin Drive","premiseType":"residential","heightM":3.7,"stories":1,"roof":"gable","yearBuilt":2026,"solar":false,"heatingFuel":"gas"}},{"type":"Feature","id":"B-P-00444","geometry":{"type":"Polygon","coordinates":[[[-78.9327985,43.8704575],[-78.93265,43.8704774],[-78.9326244,43.8703785],[-78.932773,43.8703586],[-78.9327985,43.8704575]]]},"properties":{"premiseId":"P-00444","address":"64 Irwin Drive","premiseType":"residential","heightM":6.3,"stories":2,"roof":"gable","yearBuilt":2028,"solar":false,"heatingFuel":"gas"}},{"type":"Feature","id":"B-P-00445","geometry":{"type":"Polygon","coordinates":[[[-78.9327694,43.8703003],[-78.9326302,43.8703136],[-78.9326115,43.8702117],[-78.9327507,43.8701983],[-78.9327694,43.8703003]]]},"properties":{"premiseId":"P-00445","address":"68 Irwin Drive","premiseType":"residential","heightM":6.3,"stories":2,"roof":"hip","yearBuilt":2028,"solar":false,"heatingFuel":"gas"}},{"type":"Feature","id":"B-P-00446","geometry":{"type":"Polygon","coordinates":[[[-78.9327403,43.8701451],[-78.9325797,43.8701561],[-78.932566,43.8700514],[-78.9327266,43.8700405],[-78.9327403,43.8701451]]]},"properties":{"premiseId":"P-00446","address":"72 Irwin Drive","premiseType":"residential","heightM":6.3,"stories":2,"roof":"hip","yearBuilt":2026,"solar":false,"heatingFuel":"gas"}},{"type":"Feature","id":"B-P-00447","geometry":{"type":"Polygon","coordinates":[[[-78.9326992,43.8700061],[-78.9325635,43.8700225],[-78.9325442,43.8699398],[-78.93268,43.8699234],[-78.9326992,43.8700061]]]},"properties":{"premiseId":"P-00447","address":"76 Irwin Drive","premiseType":"residential","heightM":3.7,"stories":1,"roof":"gable","yearBuilt":2025,"solar":false,"heatingFuel":"electric_resistance"}},{"type":"Feature","id":"B-P-00448","geometry":{"type":"Polygon","coordinates":[[[-78.9325918,43.8696735],[-78.9324664,43.869703],[-78.9324312,43.8696249],[-78.9325565,43.8695955],[-78.9325918,43.8696735]]]},"properties":{"premiseId":"P-00448","address":"84 Irwin Drive","premiseType":"residential","heightM":3.7,"stories":1,"roof":"hip","yearBuilt":2022,"solar":true,"heatingFuel":"heat_pump"}},{"type":"Feature","id":"B-P-00449","geometry":{"type":"Polygon","coordinates":[[[-78.9325444,43.8695491],[-78.9324059,43.8695816],[-78.932357,43.8694737],[-78.9324956,43.8694412],[-78.9325444,43.8695491]]]},"properties":{"premiseId":"P-00449","address":"88 Irwin Drive","premiseType":"residential","heightM":6.3,"stories":2,"roof":"gable","yearBuilt":2021,"solar":false,"heatingFuel":"gas"}},{"type":"Feature","id":"B-P-00450","geometry":{"type":"Polygon","coordinates":[[[-78.9324686,43.8693893],[-78.9323488,43.8694174],[-78.9323132,43.8693388],[-78.9324329,43.8693106],[-78.9324686,43.8693893]]]},"properties":{"premiseId":"P-00450","address":"90 Irwin Drive","premiseType":"residential","heightM":3.7,"stories":1,"roof":"gable","yearBuilt":2021,"solar":false,"heatingFuel":"gas"}},{"type":"Feature","id":"B-P-00451","geometry":{"type":"Polygon","coordinates":[[[-78.9324052,43.8692521],[-78.9322773,43.8692822],[-78.9322344,43.8691873],[-78.9323623,43.8691573],[-78.9324052,43.8692521]]]},"properties":{"premiseId":"P-00451","address":"94 Irwin Drive","premiseType":"residential","heightM":6.3,"stories":2,"roof":"gable","yearBuilt":2020,"solar":true,"heatingFuel":"gas"}},{"type":"Feature","id":"B-P-00452","geometry":{"type":"Polygon","coordinates":[[[-78.9316956,43.8689388],[-78.9317401,43.8690444],[-78.9315997,43.8690752],[-78.9315553,43.8689695],[-78.9316956,43.8689388]]]},"properties":{"premiseId":"P-00452","address":"102 Irwin Drive","premiseType":"residential","heightM":6.3,"stories":2,"roof":"hip","yearBuilt":2024,"solar":false,"heatingFuel":"electric_resistance"}},{"type":"Feature","id":"B-P-00453","geometry":{"type":"Polygon","coordinates":[[[-78.9311473,43.8705847],[-78.9311854,43.8706694],[-78.9310658,43.8706975],[-78.9310275,43.8706127],[-78.9311473,43.8705847]]]},"properties":{"premiseId":"P-00453","address":"34 Billings Street","premiseType":"residential","heightM":6.3,"stories":2,"roof":"gable","yearBuilt":2026,"solar":false,"heatingFuel":"gas"}},{"type":"Feature","id":"B-P-00454","geometry":{"type":"Polygon","coordinates":[[[-78.9310391,43.8702263],[-78.9310609,43.8703403],[-78.9309141,43.8703548],[-78.9308923,43.8702408],[-78.9310391,43.8702263]]]},"properties":{"premiseId":"P-00454","address":"26 Billings Street","premiseType":"residential","heightM":6.3,"stories":2,"roof":"hip","yearBuilt":2022,"solar":false,"heatingFuel":"gas"}},{"type":"Feature","id":"B-P-00455","geometry":{"type":"Polygon","coordinates":[[[-78.9310027,43.8700952],[-78.9310298,43.8701919],[-78.9308816,43.8702135],[-78.9308546,43.8701168],[-78.9310027,43.8700952]]]},"properties":{"premiseId":"P-00455","address":"22 Billings Street","premiseType":"residential","heightM":6.3,"stories":2,"roof":"gable","yearBuilt":2026,"solar":false,"heatingFuel":"gas"}},{"type":"Feature","id":"B-P-00456","geometry":{"type":"Polygon","coordinates":[[[-78.9309501,43.8699427],[-78.9309864,43.8700333],[-78.9308303,43.8700658],[-78.9307939,43.8699753],[-78.9309501,43.8699427]]]},"properties":{"premiseId":"P-00456","address":"18 Billings Street","premiseType":"residential","heightM":6.3,"stories":2,"roof":"gable","yearBuilt":2025,"solar":false,"heatingFuel":"gas"}},{"type":"Feature","id":"B-P-00457","geometry":{"type":"Polygon","coordinates":[[[-78.9308771,43.8697835],[-78.9309191,43.8698798],[-78.9307915,43.8699087],[-78.9307495,43.8698124],[-78.9308771,43.8697835]]]},"properties":{"premiseId":"P-00457","address":"14 Billings Street","premiseType":"residential","heightM":6.3,"stories":2,"roof":"gable","yearBuilt":2023,"solar":false,"heatingFuel":"gas"}},{"type":"Feature","id":"B-P-00458","geometry":{"type":"Polygon","coordinates":[[[-78.9308119,43.8696283],[-78.9308567,43.869731],[-78.9307307,43.8697596],[-78.930686,43.8696569],[-78.9308119,43.8696283]]]},"properties":{"premiseId":"P-00458","address":"10 Billings Street","premiseType":"residential","heightM":6.3,"stories":2,"roof":"hip","yearBuilt":2026,"solar":true,"heatingFuel":"gas"}},{"type":"Feature","id":"B-P-00459","geometry":{"type":"Polygon","coordinates":[[[-78.930752,43.8694825],[-78.930793,43.8695767],[-78.9306675,43.8696051],[-78.9306265,43.8695109],[-78.930752,43.8694825]]]},"properties":{"premiseId":"P-00459","address":"6 Billings Street","premiseType":"residential","heightM":6.3,"stories":2,"roof":"hip","yearBuilt":2026,"solar":false,"heatingFuel":"gas"}},{"type":"Feature","id":"B-P-00460","geometry":{"type":"Polygon","coordinates":[[[-78.9317054,43.8705555],[-78.9315468,43.8705927],[-78.9314983,43.8704853],[-78.9316569,43.8704481],[-78.9317054,43.8705555]]]},"properties":{"premiseId":"P-00460","address":"33 Billings Street","premiseType":"residential","heightM":6.3,"stories":2,"roof":"gable","yearBuilt":2023,"solar":false,"heatingFuel":"gas"}},{"type":"Feature","id":"B-P-00461","geometry":{"type":"Polygon","coordinates":[[[-78.9316369,43.8704233],[-78.9315004,43.8704463],[-78.9314695,43.8703515],[-78.9316061,43.8703284],[-78.9316369,43.8704233]]]},"properties":{"premiseId":"P-00461","address":"29 Billings Street","premiseType":"residential","heightM":3.7,"stories":1,"roof":"hip","yearBuilt":2023,"solar":false,"heatingFuel":"gas"}},{"type":"Feature","id":"B-P-00462","geometry":{"type":"Polygon","coordinates":[[[-78.9315964,43.8702853],[-78.9314473,43.8702995],[-78.9314298,43.8702042],[-78.9315789,43.87019],[-78.9315964,43.8702853]]]},"properties":{"premiseId":"P-00462","address":"25 Billings Street","premiseType":"residential","heightM":3.7,"stories":1,"roof":"hip","yearBuilt":2024,"solar":false,"heatingFuel":"gas"}},{"type":"Feature","id":"B-P-00463","geometry":{"type":"Polygon","coordinates":[[[-78.931588,43.8701256],[-78.9314277,43.870149],[-78.9313976,43.8700425],[-78.931558,43.8700189],[-78.931588,43.8701256]]]},"properties":{"premiseId":"P-00463","address":"21 Billings Street","premiseType":"residential","heightM":6.3,"stories":2,"roof":"gable","yearBuilt":2023,"solar":false,"heatingFuel":"gas"}},{"type":"Feature","id":"B-P-00464","geometry":{"type":"Polygon","coordinates":[[[-78.9314282,43.8697395],[-78.9312886,43.8697711],[-78.9312541,43.8696919],[-78.9313935,43.8696602],[-78.9314282,43.8697395]]]},"properties":{"premiseId":"P-00464","address":"13 Billings Street","premiseType":"residential","heightM":6.3,"stories":2,"roof":"gable","yearBuilt":2027,"solar":false,"heatingFuel":"gas"}},{"type":"Feature","id":"B-P-00465","geometry":{"type":"Polygon","coordinates":[[[-78.9307873,43.8710286],[-78.9309331,43.8709967],[-78.9309695,43.871083],[-78.9308237,43.8711149],[-78.9307873,43.8710286]]]},"properties":{"premiseId":"P-00465","address":"11 Glenmore Drive","premiseType":"residential","heightM":3.7,"stories":1,"roof":"gable","yearBuilt":2026,"solar":false,"heatingFuel":"gas"}},{"type":"Feature","id":"B-P-00466","geometry":{"type":"Polygon","coordinates":[[[-78.9306008,43.8710678],[-78.9307302,43.8710394],[-78.9307665,43.8711255],[-78.9306371,43.8711538],[-78.9306008,43.8710678]]]},"properties":{"premiseId":"P-00466","address":"15 Glenmore Drive","premiseType":"residential","heightM":6.3,"stories":2,"roof":"hip","yearBuilt":2026,"solar":true,"heatingFuel":"gas"}},{"type":"Feature","id":"B-P-00467","geometry":{"type":"Polygon","coordinates":[[[-78.9307554,43.8706192],[-78.9308042,43.8707351],[-78.9306985,43.8707582],[-78.9306496,43.8706424],[-78.9307554,43.8706192]]]},"properties":{"premiseId":"P-00467","address":"12 Glenmore Drive","premiseType":"residential","heightM":6.3,"stories":2,"roof":"gable","yearBuilt":2024,"solar":false,"heatingFuel":"gas"}},{"type":"Feature","id":"B-P-00468","geometry":{"type":"Polygon","coordinates":[[[-78.9305522,43.8706773],[-78.9305952,43.8707793],[-78.9304567,43.8708097],[-78.9304136,43.8707077],[-78.9305522,43.8706773]]]},"properties":{"premiseId":"P-00468","address":"16 Glenmore Drive","premiseType":"residential","heightM":6.3,"stories":2,"roof":"hip","yearBuilt":2027,"solar":false,"heatingFuel":"electric_resistance"}},{"type":"Feature","id":"B-P-00469","geometry":{"type":"Polygon","coordinates":[[[-78.9303775,43.8695672],[-78.9304514,43.8695593],[-78.9304643,43.8696214],[-78.9303904,43.8696293],[-78.9303775,43.8695672]]]},"properties":{"premiseId":"P-00469","address":"125 Irwin Drive","premiseType":"residential","heightM":6.3,"stories":2,"roof":"hip","yearBuilt":2023,"solar":false,"heatingFuel":"gas"}},{"type":"Feature","id":"B-P-00470","geometry":{"type":"Polygon","coordinates":[[[-78.9301716,43.8695462],[-78.9303109,43.8695312],[-78.9303344,43.8696452],[-78.9301951,43.8696602],[-78.9301716,43.8695462]]]},"properties":{"premiseId":"P-00470","address":"129 Irwin Drive","premiseType":"residential","heightM":6.3,"stories":2,"roof":"hip","yearBuilt":2022,"solar":false,"heatingFuel":"gas"}},{"type":"Feature","id":"B-P-00471","geometry":{"type":"Polygon","coordinates":[[[-78.9299991,43.8695641],[-78.9301253,43.8695505],[-78.9301474,43.8696569],[-78.930021,43.8696705],[-78.9299991,43.8695641]]]},"properties":{"premiseId":"P-00471","address":"133 Irwin Drive","premiseType":"residential","heightM":6.3,"stories":2,"roof":"gable","yearBuilt":2022,"solar":true,"heatingFuel":"gas"}},{"type":"Feature","id":"B-P-00472","geometry":{"type":"Polygon","coordinates":[[[-78.9304283,43.8691035],[-78.9304531,43.8692235],[-78.9303335,43.8692363],[-78.9303088,43.8691165],[-78.9304283,43.8691035]]]},"properties":{"premiseId":"P-00472","address":"126 Irwin Drive","premiseType":"residential","heightM":3.7,"stories":1,"roof":"hip","yearBuilt":2027,"solar":false,"heatingFuel":"gas"}},{"type":"Feature","id":"B-P-00473","geometry":{"type":"Polygon","coordinates":[[[-78.9302476,43.8691471],[-78.9302681,43.8692467],[-78.9301287,43.8692617],[-78.9301081,43.8691621],[-78.9302476,43.8691471]]]},"properties":{"premiseId":"P-00473","address":"130 Irwin Drive","premiseType":"residential","heightM":3.7,"stories":1,"roof":"hip","yearBuilt":2025,"solar":true,"heatingFuel":"gas"}},{"type":"Feature","id":"B-P-00474","geometry":{"type":"Polygon","coordinates":[[[-78.9300535,43.8691769],[-78.9300734,43.8692722],[-78.9299257,43.869288],[-78.929906,43.8691928],[-78.9300535,43.8691769]]]},"properties":{"premiseId":"P-00474","address":"134 Irwin Drive","premiseType":"residential","heightM":6.3,"stories":2,"roof":"hip","yearBuilt":2022,"solar":false,"heatingFuel":"gas"}},{"type":"Feature","id":"B-P-00475","geometry":{"type":"Polygon","coordinates":[[[-78.9305174,43.8704852],[-78.930392,43.8705147],[-78.9303439,43.8704092],[-78.9304694,43.8703795],[-78.9305174,43.8704852]]]},"properties":{"premiseId":"P-00475","address":"27 Milne Street","premiseType":"residential","heightM":6.3,"stories":2,"roof":"hip","yearBuilt":2025,"solar":false,"heatingFuel":"gas"}},{"type":"Feature","id":"B-P-00476","geometry":{"type":"Polygon","coordinates":[[[-78.930439,43.8703061],[-78.930302,43.8703385],[-78.9302602,43.8702465],[-78.9303972,43.8702141],[-78.930439,43.8703061]]]},"properties":{"premiseId":"P-00476","address":"23 Milne Street","premiseType":"residential","heightM":3.7,"stories":1,"roof":"gable","yearBuilt":2023,"solar":false,"heatingFuel":"gas"}},{"type":"Feature","id":"B-P-00477","geometry":{"type":"Polygon","coordinates":[[[-78.9303193,43.8700268],[-78.9301864,43.870054],[-78.93014,43.8699359],[-78.930273,43.8699088],[-78.9303193,43.8700268]]]},"properties":{"premiseId":"P-00477","address":"15 Milne Street","premiseType":"residential","heightM":6.3,"stories":2,"roof":"gable","yearBuilt":2025,"solar":false,"heatingFuel":"gas"}},{"type":"Feature","id":"B-P-00478","geometry":{"type":"Polygon","coordinates":[[[-78.9296184,43.8691821],[-78.9296128,43.8692914],[-78.9294745,43.8692878],[-78.9294801,43.8691784],[-78.9296184,43.8691821]]]},"properties":{"premiseId":"P-00478","address":"142 Irwin Drive","premiseType":"residential","heightM":6.3,"stories":2,"roof":"gable","yearBuilt":2023,"solar":false,"heatingFuel":"gas"}},{"type":"Feature","id":"B-P-00479","geometry":{"type":"Polygon","coordinates":[[[-78.9294717,43.8689673],[-78.9293284,43.8689945],[-78.9293032,43.8689258],[-78.9294466,43.8688985],[-78.9294717,43.8689673]]]},"properties":{"premiseId":"P-00479","address":"23 Garden Street South","premiseType":"residential","heightM":6.3,"stories":2,"roof":"hip","yearBuilt":2023,"solar":false,"heatingFuel":"gas"}},{"type":"Feature","id":"B-P-00480","geometry":{"type":"Polygon","coordinates":[[[-78.9294649,43.8688728],[-78.9293113,43.8688876],[-78.9292923,43.8687843],[-78.9294457,43.8687695],[-78.9294649,43.8688728]]]},"properties":{"premiseId":"P-00480","address":"19 Garden Street South","premiseType":"residential","heightM":6.3,"stories":2,"roof":"hip","yearBuilt":2025,"solar":false,"heatingFuel":"heat_pump"}},{"type":"Feature","id":"B-P-00481","geometry":{"type":"Polygon","coordinates":[[[-78.9438441,43.8700554],[-78.9435756,43.8701164],[-78.9435185,43.8699859],[-78.9437869,43.8699248],[-78.9438441,43.8700554]]]},"properties":{"premiseId":"P-00481","address":"119 Henry Street","premiseType":"commercial","heightM":4.3,"stories":1,"roof":"flat","yearBuilt":2027,"solar":false,"heatingFuel":"gas"}},{"type":"Feature","id":"B-P-00482","geometry":{"type":"Polygon","coordinates":[[[-78.9426813,43.8672888],[-78.9423956,43.8673426],[-78.9423475,43.8672101],[-78.9426333,43.8671564],[-78.9426813,43.8672888]]]},"properties":{"premiseId":"P-00482","address":"47 Henry Street","premiseType":"commercial","heightM":4.3,"stories":1,"roof":"flat","yearBuilt":2023,"solar":false,"heatingFuel":"gas"}},{"type":"Feature","id":"B-P-00483","geometry":{"type":"Polygon","coordinates":[[[-78.9425892,43.8671443],[-78.9423321,43.8671943],[-78.942286,43.8670707],[-78.9425429,43.8670207],[-78.9425892,43.8671443]]]},"properties":{"premiseId":"P-00483","address":"43 Henry Street","premiseType":"commercial","heightM":4.3,"stories":1,"roof":"flat","yearBuilt":2027,"solar":false,"heatingFuel":"gas"}},{"type":"Feature","id":"B-P-00484","geometry":{"type":"Polygon","coordinates":[[[-78.9425436,43.8669992],[-78.9422829,43.8670525],[-78.9422321,43.8669236],[-78.9424928,43.8668703],[-78.9425436,43.8669992]]]},"properties":{"premiseId":"P-00484","address":"41 Henry Street","premiseType":"commercial","heightM":4.3,"stories":1,"roof":"flat","yearBuilt":2022,"solar":false,"heatingFuel":"gas"}},{"type":"Feature","id":"B-P-00485","geometry":{"type":"Polygon","coordinates":[[[-78.9425173,43.8668412],[-78.9422308,43.8669031],[-78.9421697,43.8667564],[-78.9424562,43.8666945],[-78.9425173,43.8668412]]]},"properties":{"premiseId":"P-00485","address":"37 Henry Street","premiseType":"commercial","heightM":4.3,"stories":1,"roof":"flat","yearBuilt":2025,"solar":false,"heatingFuel":"gas"}},{"type":"Feature","id":"B-P-00486","geometry":{"type":"Polygon","coordinates":[[[-78.9424294,43.8666804],[-78.9421531,43.8667403],[-78.9421035,43.8666214],[-78.9423799,43.8665616],[-78.9424294,43.8666804]]]},"properties":{"premiseId":"P-00486","address":"33 Henry Street","premiseType":"commercial","heightM":4.3,"stories":1,"roof":"flat","yearBuilt":2023,"solar":false,"heatingFuel":"gas"}},{"type":"Feature","id":"B-P-00487","geometry":{"type":"Polygon","coordinates":[[[-78.9423738,43.8665365],[-78.9420951,43.8666035],[-78.9420313,43.8664655],[-78.94231,43.8663985],[-78.9423738,43.8665365]]]},"properties":{"premiseId":"P-00487","address":"29 Henry Street","premiseType":"commercial","heightM":4.3,"stories":1,"roof":"flat","yearBuilt":2025,"solar":false,"heatingFuel":"gas"}},{"type":"Feature","id":"B-P-00488","geometry":{"type":"Polygon","coordinates":[[[-78.9422807,43.8663839],[-78.942025,43.8664476],[-78.9419702,43.8663332],[-78.9422259,43.8662695],[-78.9422807,43.8663839]]]},"properties":{"premiseId":"P-00488","address":"25 Henry Street","premiseType":"commercial","heightM":4.3,"stories":1,"roof":"flat","yearBuilt":2026,"solar":false,"heatingFuel":"gas"}},{"type":"Feature","id":"B-P-00489","geometry":{"type":"Polygon","coordinates":[[[-78.9392301,43.8711732],[-78.9393097,43.8713609],[-78.939122,43.8714022],[-78.9390424,43.8712146],[-78.9392301,43.8711732]]]},"properties":{"premiseId":"P-00489","address":"11 Burns Street West","premiseType":"commercial","heightM":4.3,"stories":1,"roof":"flat","yearBuilt":2023,"solar":false,"heatingFuel":"gas"}},{"type":"Feature","id":"B-P-00490","geometry":{"type":"Polygon","coordinates":[[[-78.939004,43.8712027],[-78.9390931,43.8714005],[-78.9389111,43.8714431],[-78.9388221,43.8712453],[-78.939004,43.8712027]]]},"properties":{"premiseId":"P-00490","address":"7 Burns Street West","premiseType":"commercial","heightM":4.3,"stories":1,"roof":"flat","yearBuilt":2019,"solar":false,"heatingFuel":"gas"}},{"type":"Feature","id":"B-P-00491","geometry":{"type":"Polygon","coordinates":[[[-78.9387321,43.8723475],[-78.9387875,43.8724751],[-78.9385192,43.8725355],[-78.938464,43.872408],[-78.9387321,43.8723475]]]},"properties":{"premiseId":"P-00491","address":"290 Brock Street South","premiseType":"commercial","heightM":4.3,"stories":1,"roof":"flat","yearBuilt":2027,"solar":false,"heatingFuel":"gas"}},{"type":"Feature","id":"B-P-00492","geometry":{"type":"Polygon","coordinates":[[[-78.9386711,43.8722026],[-78.9387261,43.8723298],[-78.9384593,43.8723899],[-78.9384043,43.8722627],[-78.9386711,43.8722026]]]},"properties":{"premiseId":"P-00492","address":"286 Brock Street South","premiseType":"commercial","heightM":4.3,"stories":1,"roof":"flat","yearBuilt":2027,"solar":false,"heatingFuel":"gas"}},{"type":"Feature","id":"B-P-00493","geometry":{"type":"Polygon","coordinates":[[[-78.9386161,43.8720673],[-78.9386672,43.8721852],[-78.9384073,43.8722438],[-78.938356,43.8721258],[-78.9386161,43.8720673]]]},"properties":{"premiseId":"P-00493","address":"282 Brock Street South","premiseType":"commercial","heightM":4.3,"stories":1,"roof":"flat","yearBuilt":2022,"solar":false,"heatingFuel":"gas"}},{"type":"Feature","id":"B-P-00494","geometry":{"type":"Polygon","coordinates":[[[-78.9394068,43.8721846],[-78.9391344,43.8722459],[-78.9390767,43.8721127],[-78.9393491,43.8720514],[-78.9394068,43.8721846]]]},"properties":{"premiseId":"P-00494","address":"285 Brock Street South","premiseType":"commercial","heightM":4.3,"stories":1,"roof":"flat","yearBuilt":2026,"solar":false,"heatingFuel":"gas"}},{"type":"Feature","id":"B-P-00495","geometry":{"type":"Polygon","coordinates":[[[-78.939333,43.872036],[-78.9390771,43.8720937],[-78.939025,43.8719735],[-78.9392809,43.8719159],[-78.939333,43.872036]]]},"properties":{"premiseId":"P-00495","address":"281 Brock Street South","premiseType":"commercial","heightM":4.3,"stories":1,"roof":"flat","yearBuilt":2023,"solar":false,"heatingFuel":"gas"}},{"type":"Feature","id":"B-P-00496","geometry":{"type":"Polygon","coordinates":[[[-78.9381945,43.8711126],[-78.9382654,43.871266],[-78.9379818,43.8713342],[-78.9379108,43.8711808],[-78.9381945,43.8711126]]]},"properties":{"premiseId":"P-00496","address":"258 Brock Street South","premiseType":"commercial","heightM":4.3,"stories":1,"roof":"flat","yearBuilt":2012,"solar":false,"heatingFuel":"gas"}},{"type":"Feature","id":"B-P-00497","geometry":{"type":"Polygon","coordinates":[[[-78.9381593,43.8710209],[-78.9381813,43.8710724],[-78.938098,43.871091],[-78.9380759,43.8710395],[-78.9381593,43.8710209]]]},"properties":{"premiseId":"P-00497","address":"254 Brock Street South","premiseType":"commercial","heightM":4.3,"stories":1,"roof":"flat","yearBuilt":2009,"solar":false,"heatingFuel":"gas"}},{"type":"Feature","id":"B-P-00498","geometry":{"type":"Polygon","coordinates":[[[-78.9389276,43.8711074],[-78.9386626,43.8711712],[-78.9385959,43.8710271],[-78.938861,43.8709634],[-78.9389276,43.8711074]]]},"properties":{"premiseId":"P-00498","address":"257 Brock Street South","premiseType":"commercial","heightM":4.3,"stories":1,"roof":"flat","yearBuilt":2011,"solar":false,"heatingFuel":"gas"}},{"type":"Feature","id":"B-P-00499","geometry":{"type":"Polygon","coordinates":[[[-78.9388469,43.87095],[-78.9385817,43.8710095],[-78.9385217,43.8708703],[-78.938787,43.870811],[-78.9388469,43.87095]]]},"properties":{"premiseId":"P-00499","address":"253 Brock Street South","premiseType":"commercial","heightM":4.3,"stories":1,"roof":"flat","yearBuilt":2005,"solar":false,"heatingFuel":"gas"}},{"type":"Feature","id":"B-P-00500","geometry":{"type":"Polygon","coordinates":[[[-78.9388015,43.8707899],[-78.9385146,43.8708504],[-78.9384524,43.870697],[-78.9387394,43.8706365],[-78.9388015,43.8707899]]]},"properties":{"premiseId":"P-00500","address":"247 Brock Street South","premiseType":"commercial","heightM":4.3,"stories":1,"roof":"flat","yearBuilt":2002,"solar":false,"heatingFuel":"gas"}},{"type":"Feature","id":"B-P-00501","geometry":{"type":"Polygon","coordinates":[[[-78.9381903,43.8718611],[-78.9383725,43.8718214],[-78.9384519,43.8720107],[-78.9382697,43.8720504],[-78.9381903,43.8718611]]]},"properties":{"premiseId":"P-00501","address":"7 Burns Street East","premiseType":"commercial","heightM":4.3,"stories":1,"roof":"flat","yearBuilt":2026,"solar":false,"heatingFuel":"gas"}},{"type":"Feature","id":"B-P-00502","geometry":{"type":"Polygon","coordinates":[[[-78.9379897,43.8719074],[-78.9381665,43.8718678],[-78.9382492,43.8720599],[-78.9380723,43.8720995],[-78.9379897,43.8719074]]]},"properties":{"premiseId":"P-00502","address":"11 Burns Street East","premiseType":"commercial","heightM":4.3,"stories":1,"roof":"flat","yearBuilt":2024,"solar":false,"heatingFuel":"gas"}},{"type":"Feature","id":"B-P-00503","geometry":{"type":"Polygon","coordinates":[[[-78.9377964,43.8701476],[-78.9378438,43.8702581],[-78.9376867,43.8702929],[-78.9376395,43.8701824],[-78.9377964,43.8701476]]]},"properties":{"premiseId":"P-00503","address":"232 Brock Street South","premiseType":"commercial","heightM":4.3,"stories":1,"roof":"flat","yearBuilt":1979,"solar":false,"heatingFuel":"gas"}},{"type":"Feature","id":"B-P-00504","geometry":{"type":"Polygon","coordinates":[[[-78.9383063,43.8698907],[-78.9382232,43.8699098],[-78.9382004,43.8698584],[-78.9382835,43.8698394],[-78.9383063,43.8698907]]]},"properties":{"premiseId":"P-00504","address":"225 Brock Street South","premiseType":"commercial","heightM":6.9,"stories":2,"roof":"flat","yearBuilt":1978,"solar":false,"heatingFuel":"gas"}},{"type":"Feature","id":"B-P-00505","geometry":{"type":"Polygon","coordinates":[[[-78.9373477,43.8691689],[-78.9374194,43.8693341],[-78.937134,43.8693985],[-78.9370623,43.8692333],[-78.9373477,43.8691689]]]},"properties":{"premiseId":"P-00505","address":"208 Brock Street South","premiseType":"commercial","heightM":4.3,"stories":1,"roof":"flat","yearBuilt":1957,"solar":false,"heatingFuel":"gas"}},{"type":"Feature","id":"B-P-00506","geometry":{"type":"Polygon","coordinates":[[[-78.938282,43.8695871],[-78.9379964,43.8696511],[-78.9379223,43.869479],[-78.9382079,43.869415],[-78.938282,43.8695871]]]},"properties":{"premiseId":"P-00506","address":"217 Brock Street South","premiseType":"commercial","heightM":6.9,"stories":2,"roof":"flat","yearBuilt":1965,"solar":false,"heatingFuel":"gas"}},{"type":"Feature","id":"B-P-00507","geometry":{"type":"Polygon","coordinates":[[[-78.9372193,43.8688618],[-78.9372702,43.8689907],[-78.9369824,43.8690497],[-78.9369316,43.8689207],[-78.9372193,43.8688618]]]},"properties":{"premiseId":"P-00507","address":"198 Brock Street South","premiseType":"commercial","heightM":4.3,"stories":1,"roof":"flat","yearBuilt":1950,"solar":false,"heatingFuel":"gas"}},{"type":"Feature","id":"B-P-00508","geometry":{"type":"Polygon","coordinates":[[[-78.937172,43.8687299],[-78.9372147,43.868838],[-78.9369559,43.8688912],[-78.9369131,43.8687831],[-78.937172,43.8687299]]]},"properties":{"premiseId":"P-00508","address":"196 Brock Street South","premiseType":"commercial","heightM":6.9,"stories":2,"roof":"flat","yearBuilt":1943,"solar":false,"heatingFuel":"gas"}},{"type":"Feature","id":"B-P-00509","geometry":{"type":"Polygon","coordinates":[[[-78.9370702,43.8684728],[-78.9371069,43.8685568],[-78.9368989,43.868604],[-78.9368622,43.8685199],[-78.9370702,43.8684728]]]},"properties":{"premiseId":"P-00509","address":"188 Brock Street South","premiseType":"commercial","heightM":6.9,"stories":2,"roof":"flat","yearBuilt":1936,"solar":false,"heatingFuel":"gas"}},{"type":"Feature","id":"B-P-00510","geometry":{"type":"Polygon","coordinates":[[[-78.9378239,43.8688518],[-78.9376541,43.8688866],[-78.9376266,43.8688166],[-78.9377964,43.8687818],[-78.9378239,43.8688518]]]},"properties":{"premiseId":"P-00510","address":"197 Brock Street South","premiseType":"commercial","heightM":4.3,"stories":1,"roof":"flat","yearBuilt":1944,"solar":false,"heatingFuel":"gas"}},{"type":"Feature","id":"B-P-00511","geometry":{"type":"Polygon","coordinates":[[[-78.93777,43.868716],[-78.9376001,43.8687509],[-78.9375715,43.8686784],[-78.9377413,43.8686435],[-78.93777,43.868716]]]},"properties":{"premiseId":"P-00511","address":"195 Brock Street South","premiseType":"commercial","heightM":6.9,"stories":2,"roof":"flat","yearBuilt":1944,"solar":false,"heatingFuel":"gas"}},{"type":"Feature","id":"B-P-00512","geometry":{"type":"Polygon","coordinates":[[[-78.9377381,43.8685694],[-78.9375508,43.8686116],[-78.9375133,43.8685249],[-78.9377006,43.8684826],[-78.9377381,43.8685694]]]},"properties":{"premiseId":"P-00512","address":"191 Brock Street South","premiseType":"commercial","heightM":6.9,"stories":2,"roof":"flat","yearBuilt":1941,"solar":false,"heatingFuel":"gas"}},{"type":"Feature","id":"B-P-00513","geometry":{"type":"Polygon","coordinates":[[[-78.9377917,43.8684178],[-78.9375064,43.8684825],[-78.9374537,43.8683616],[-78.937739,43.868297],[-78.9377917,43.8684178]]]},"properties":{"premiseId":"P-00513","address":"187 Brock Street South","premiseType":"commercial","heightM":6.9,"stories":2,"roof":"flat","yearBuilt":1939,"solar":false,"heatingFuel":"gas"}},{"type":"Feature","id":"B-P-00514","geometry":{"type":"Polygon","coordinates":[[[-78.9377358,43.8682797],[-78.9374506,43.8683444],[-78.9373985,43.8682253],[-78.9376839,43.8681606],[-78.9377358,43.8682797]]]},"properties":{"premiseId":"P-00514","address":"183 Brock Street South","premiseType":"commercial","heightM":4.3,"stories":1,"roof":"flat","yearBuilt":1934,"solar":false,"heatingFuel":"gas"}},{"type":"Feature","id":"B-P-00515","geometry":{"type":"Polygon","coordinates":[[[-78.937679,43.868144],[-78.9373937,43.8682087],[-78.9373427,43.8680918],[-78.9376279,43.8680271],[-78.937679,43.868144]]]},"properties":{"premiseId":"P-00515","address":"181 Brock Street South","premiseType":"commercial","heightM":4.3,"stories":1,"roof":"flat","yearBuilt":1931,"solar":false,"heatingFuel":"gas"}},{"type":"Feature","id":"B-P-00516","geometry":{"type":"Polygon","coordinates":[[[-78.936626,43.868267],[-78.9368055,43.8682269],[-78.9368943,43.8684327],[-78.9367148,43.8684729],[-78.936626,43.868267]]]},"properties":{"premiseId":"P-00516","address":"7 Clemence Avenue","premiseType":"commercial","heightM":6.9,"stories":2,"roof":"flat","yearBuilt":1932,"solar":false,"heatingFuel":"gas"}},{"type":"Feature","id":"B-P-00517","geometry":{"type":"Polygon","coordinates":[[[-78.9364123,43.8683131],[-78.9366002,43.868271],[-78.936689,43.8684769],[-78.9365012,43.8685189],[-78.9364123,43.8683131]]]},"properties":{"premiseId":"P-00517","address":"11 Clemence Avenue","premiseType":"commercial","heightM":6.9,"stories":2,"roof":"flat","yearBuilt":1935,"solar":false,"heatingFuel":"gas"}},{"type":"Feature","id":"B-P-00518","geometry":{"type":"Polygon","coordinates":[[[-78.9362293,43.8683502],[-78.9363873,43.8683148],[-78.936476,43.8685206],[-78.9363181,43.8685561],[-78.9362293,43.8683502]]]},"properties":{"premiseId":"P-00518","address":"15 Clemence Avenue","premiseType":"commercial","heightM":6.9,"stories":2,"roof":"flat","yearBuilt":1939,"solar":false,"heatingFuel":"gas"}},{"type":"Feature","id":"B-P-00519","geometry":{"type":"Polygon","coordinates":[[[-78.9366826,43.8679467],[-78.9367196,43.8680325],[-78.9365495,43.8680707],[-78.9365125,43.8679849],[-78.9366826,43.8679467]]]},"properties":{"premiseId":"P-00519","address":"8 Clemence Avenue","premiseType":"commercial","heightM":6.9,"stories":2,"roof":"flat","yearBuilt":1935,"solar":false,"heatingFuel":"gas"}},{"type":"Feature","id":"B-P-00520","geometry":{"type":"Polygon","coordinates":[[[-78.9364901,43.8679912],[-78.9365271,43.868077],[-78.9363607,43.8681142],[-78.9363237,43.8680285],[-78.9364901,43.8679912]]]},"properties":{"premiseId":"P-00520","address":"12 Clemence Avenue","premiseType":"commercial","heightM":6.9,"stories":2,"roof":"flat","yearBuilt":1934,"solar":false,"heatingFuel":"gas"}},{"type":"Feature","id":"B-P-00521","geometry":{"type":"Polygon","coordinates":[[[-78.9362984,43.8680329],[-78.9363356,43.8681188],[-78.9361382,43.8681631],[-78.936101,43.868077],[-78.9362984,43.8680329]]]},"properties":{"premiseId":"P-00521","address":"16 Clemence Avenue","premiseType":"commercial","heightM":4.3,"stories":1,"roof":"flat","yearBuilt":1937,"solar":false,"heatingFuel":"gas"}},{"type":"Feature","id":"B-P-00522","geometry":{"type":"Polygon","coordinates":[[[-78.936072,43.8680973],[-78.9361054,43.8681749],[-78.9359455,43.8682107],[-78.935912,43.868133],[-78.936072,43.8680973]]]},"properties":{"premiseId":"P-00522","address":"20 Clemence Avenue","premiseType":"commercial","heightM":6.9,"stories":2,"roof":"flat","yearBuilt":1944,"solar":false,"heatingFuel":"gas"}},{"type":"Feature","id":"B-P-00523","geometry":{"type":"Polygon","coordinates":[[[-78.9375849,43.8676994],[-78.9373007,43.8677662],[-78.9372497,43.8676537],[-78.937534,43.8675868],[-78.9375849,43.8676994]]]},"properties":{"premiseId":"P-00523","address":"6 Brock Street South","premiseType":"commercial","heightM":4.3,"stories":1,"roof":"flat","yearBuilt":1933,"solar":false,"heatingFuel":"gas"}},{"type":"Feature","id":"B-P-00524","geometry":{"type":"Polygon","coordinates":[[[-78.937518,43.8675743],[-78.9372334,43.8676406],[-78.9371826,43.8675272],[-78.9374672,43.8674609],[-78.937518,43.8675743]]]},"properties":{"premiseId":"P-00524","address":"10 Brock Street South","premiseType":"commercial","heightM":4.3,"stories":1,"roof":"flat","yearBuilt":1936,"solar":false,"heatingFuel":"gas"}},{"type":"Feature","id":"B-P-00525","geometry":{"type":"Polygon","coordinates":[[[-78.9373609,43.8671971],[-78.9370754,43.8672573],[-78.9370169,43.8671132],[-78.9373026,43.867053],[-78.9373609,43.8671971]]]},"properties":{"premiseId":"P-00525","address":"20 Brock Street South","premiseType":"commercial","heightM":6.9,"stories":2,"roof":"flat","yearBuilt":1941,"solar":false,"heatingFuel":"gas"}},{"type":"Feature","id":"B-P-00526","geometry":{"type":"Polygon","coordinates":[[[-78.9372952,43.8670328],[-78.9370082,43.8670932],[-78.9369474,43.8669435],[-78.9372345,43.8668829],[-78.9372952,43.8670328]]]},"properties":{"premiseId":"P-00526","address":"24 Brock Street South","premiseType":"commercial","heightM":6.9,"stories":2,"roof":"flat","yearBuilt":1947,"solar":false,"heatingFuel":"gas"}},{"type":"Feature","id":"B-P-00527","geometry":{"type":"Polygon","coordinates":[[[-78.9372181,43.8668657],[-78.936931,43.8669261],[-78.9368781,43.8667957],[-78.9371651,43.8667352],[-78.9372181,43.8668657]]]},"properties":{"premiseId":"P-00527","address":"28 Brock Street South","premiseType":"commercial","heightM":6.9,"stories":2,"roof":"flat","yearBuilt":1952,"solar":false,"heatingFuel":"gas"}},{"type":"Feature","id":"B-P-00528","geometry":{"type":"Polygon","coordinates":[[[-78.9371674,43.8667136],[-78.9368802,43.866774],[-78.9368169,43.8666179],[-78.9371041,43.8665575],[-78.9371674,43.8667136]]]},"properties":{"premiseId":"P-00528","address":"32 Brock Street South","premiseType":"commercial","heightM":6.9,"stories":2,"roof":"flat","yearBuilt":1956,"solar":false,"heatingFuel":"gas"}},{"type":"Feature","id":"B-P-00529","geometry":{"type":"Polygon","coordinates":[[[-78.9370923,43.8665407],[-78.9368044,43.8665991],[-78.9367508,43.8664614],[-78.9370386,43.8664031],[-78.9370923,43.8665407]]]},"properties":{"premiseId":"P-00529","address":"38 Brock Street South","premiseType":"commercial","heightM":4.3,"stories":1,"roof":"flat","yearBuilt":1960,"solar":false,"heatingFuel":"gas"}},{"type":"Feature","id":"B-P-00530","geometry":{"type":"Polygon","coordinates":[[[-78.9370323,43.8663825],[-78.936745,43.8664425],[-78.9366915,43.8663093],[-78.9369788,43.8662493],[-78.9370323,43.8663825]]]},"properties":{"premiseId":"P-00530","address":"42 Brock Street South","premiseType":"commercial","heightM":6.9,"stories":2,"roof":"flat","yearBuilt":1962,"solar":false,"heatingFuel":"gas"}},{"type":"Feature","id":"B-P-00531","geometry":{"type":"Polygon","coordinates":[[[-78.9369619,43.8662299],[-78.9366822,43.86629],[-78.9366203,43.8661406],[-78.9368999,43.8660804],[-78.9369619,43.8662299]]]},"properties":{"premiseId":"P-00531","address":"46 Brock Street South","premiseType":"commercial","heightM":6.9,"stories":2,"roof":"flat","yearBuilt":1970,"solar":false,"heatingFuel":"gas"}},{"type":"Feature","id":"B-P-00532","geometry":{"type":"Polygon","coordinates":[[[-78.9368948,43.8660603],[-78.9366082,43.8661221],[-78.9365519,43.8659861],[-78.9368385,43.8659244],[-78.9368948,43.8660603]]]},"properties":{"premiseId":"P-00532","address":"50 Brock Street South","premiseType":"commercial","heightM":6.9,"stories":2,"roof":"flat","yearBuilt":1971,"solar":false,"heatingFuel":"gas"}},{"type":"Feature","id":"B-P-00533","geometry":{"type":"Polygon","coordinates":[[[-78.9368308,43.8659047],[-78.9365443,43.8659664],[-78.9364816,43.8658151],[-78.9367681,43.8657534],[-78.9368308,43.8659047]]]},"properties":{"premiseId":"P-00533","address":"54 Brock Street South","premiseType":"commercial","heightM":6.9,"stories":2,"roof":"flat","yearBuilt":1975,"solar":false,"heatingFuel":"gas"}},{"type":"Feature","id":"B-P-00534","geometry":{"type":"Polygon","coordinates":[[[-78.936727,43.8657414],[-78.9364669,43.8657913],[-78.936425,43.865678],[-78.9366851,43.8656281],[-78.936727,43.8657414]]]},"properties":{"premiseId":"P-00534","address":"58 Brock Street South","premiseType":"commercial","heightM":4.3,"stories":1,"roof":"flat","yearBuilt":1981,"solar":false,"heatingFuel":"gas"}},{"type":"Feature","id":"B-P-00535","geometry":{"type":"Polygon","coordinates":[[[-78.9367104,43.8656009],[-78.9364199,43.8656525],[-78.9363691,43.8655037],[-78.9366596,43.8654522],[-78.9367104,43.8656009]]]},"properties":{"premiseId":"P-00535","address":"62 Brock Street South","premiseType":"commercial","heightM":4.3,"stories":1,"roof":"flat","yearBuilt":1985,"solar":false,"heatingFuel":"gas"}},{"type":"Feature","id":"B-P-00536","geometry":{"type":"Polygon","coordinates":[[[-78.9366541,43.8654307],[-78.9363652,43.865482],[-78.9363099,43.8653202],[-78.9365989,43.8652689],[-78.9366541,43.8654307]]]},"properties":{"premiseId":"P-00536","address":"66 Brock Street South","premiseType":"commercial","heightM":4.3,"stories":1,"roof":"flat","yearBuilt":1991,"solar":false,"heatingFuel":"gas"}},{"type":"Feature","id":"B-P-00537","geometry":{"type":"Polygon","coordinates":[[[-78.9365909,43.8652493],[-78.9363004,43.8653008],[-78.9362561,43.8651707],[-78.9365465,43.8651192],[-78.9365909,43.8652493]]]},"properties":{"premiseId":"P-00537","address":"70 Brock Street South","premiseType":"commercial","heightM":4.3,"stories":1,"roof":"flat","yearBuilt":1996,"solar":false,"heatingFuel":"gas"}},{"type":"Feature","id":"B-P-00538","geometry":{"type":"Polygon","coordinates":[[[-78.936324,43.8651176],[-78.9362357,43.8651332],[-78.9361992,43.8650262],[-78.9362875,43.8650106],[-78.936324,43.8651176]]]},"properties":{"premiseId":"P-00538","address":"74 Brock Street South","premiseType":"commercial","heightM":4.3,"stories":1,"roof":"flat","yearBuilt":2000,"solar":false,"heatingFuel":"gas"}},{"type":"Feature","id":"B-P-00539","geometry":{"type":"Polygon","coordinates":[[[-78.9363652,43.8677713],[-78.9365455,43.8677313],[-78.9365822,43.8678172],[-78.9364019,43.8678571],[-78.9363652,43.8677713]]]},"properties":{"premiseId":"P-00539","address":"11 Consumers Drive","premiseType":"commercial","heightM":6.9,"stories":2,"roof":"flat","yearBuilt":1932,"solar":false,"heatingFuel":"gas"}},{"type":"Feature","id":"B-P-00540","geometry":{"type":"Polygon","coordinates":[[[-78.9361825,43.8678157],[-78.9363434,43.8677801],[-78.9363802,43.8678659],[-78.9362192,43.8679017],[-78.9361825,43.8678157]]]},"properties":{"premiseId":"P-00540","address":"13 Consumers Drive","premiseType":"commercial","heightM":4.3,"stories":1,"roof":"flat","yearBuilt":1938,"solar":false,"heatingFuel":"gas"}},{"type":"Feature","id":"B-P-00541","geometry":{"type":"Polygon","coordinates":[[[-78.9359794,43.8678609],[-78.9361594,43.867821],[-78.9361961,43.8679072],[-78.9360162,43.8679471],[-78.9359794,43.8678609]]]},"properties":{"premiseId":"P-00541","address":"17 Consumers Drive","premiseType":"commercial","heightM":6.9,"stories":2,"roof":"flat","yearBuilt":1937,"solar":false,"heatingFuel":"gas"}},{"type":"Feature","id":"B-P-00542","geometry":{"type":"Polygon","coordinates":[[[-78.9357708,43.867912],[-78.9359564,43.867871],[-78.9359932,43.8679573],[-78.9358077,43.8679984],[-78.9357708,43.867912]]]},"properties":{"premiseId":"P-00542","address":"21 Consumers Drive","premiseType":"commercial","heightM":4.3,"stories":1,"roof":"flat","yearBuilt":1945,"solar":false,"heatingFuel":"gas"}},{"type":"Feature","id":"B-P-00543","geometry":{"type":"Polygon","coordinates":[[[-78.9363196,43.8672769],[-78.9363413,43.8673285],[-78.9362578,43.8673466],[-78.9362361,43.8672951],[-78.9363196,43.8672769]]]},"properties":{"premiseId":"P-00543","address":"105 Brock Street South","premiseType":"commercial","heightM":6.9,"stories":2,"roof":"flat","yearBuilt":1945,"solar":false,"heatingFuel":"gas"}},{"type":"Feature","id":"B-P-00544","geometry":{"type":"Polygon","coordinates":[[[-78.9363863,43.8670594],[-78.9364452,43.8672005],[-78.936159,43.8672626],[-78.9360999,43.8671217],[-78.9363863,43.8670594]]]},"properties":{"premiseId":"P-00544","address":"111 Brock Street South","premiseType":"commercial","heightM":6.9,"stories":2,"roof":"flat","yearBuilt":1949,"solar":false,"heatingFuel":"gas"}},{"type":"Feature","id":"B-P-00545","geometry":{"type":"Polygon","coordinates":[[[-78.9363257,43.8668978],[-78.9363847,43.8670389],[-78.9361053,43.8670996],[-78.9360463,43.8669586],[-78.9363257,43.8668978]]]},"properties":{"premiseId":"P-00545","address":"115 Brock Street South","premiseType":"commercial","heightM":6.9,"stories":2,"roof":"flat","yearBuilt":1948,"solar":false,"heatingFuel":"gas"}},{"type":"Feature","id":"B-P-00546","geometry":{"type":"Polygon","coordinates":[[[-78.9362629,43.8667431],[-78.9363196,43.8668786],[-78.9360332,43.8669408],[-78.9359767,43.8668053],[-78.9362629,43.8667431]]]},"properties":{"premiseId":"P-00546","address":"119 Brock Street South","premiseType":"commercial","heightM":6.9,"stories":2,"roof":"flat","yearBuilt":1952,"solar":false,"heatingFuel":"gas"}},{"type":"Feature","id":"B-P-00547","geometry":{"type":"Polygon","coordinates":[[[-78.9361807,43.8665594],[-78.9362465,43.8667241],[-78.935959,43.8667838],[-78.9358933,43.8666191],[-78.9361807,43.8665594]]]},"properties":{"premiseId":"P-00547","address":"123 Brock Street South","premiseType":"commercial","heightM":6.9,"stories":2,"roof":"flat","yearBuilt":1958,"solar":false,"heatingFuel":"gas"}},{"type":"Feature","id":"B-P-00548","geometry":{"type":"Polygon","coordinates":[[[-78.9361306,43.8664101],[-78.9361807,43.8665378],[-78.9358929,43.8665965],[-78.9358427,43.8664689],[-78.9361306,43.8664101]]]},"properties":{"premiseId":"P-00548","address":"127 Brock Street South","premiseType":"commercial","heightM":4.3,"stories":1,"roof":"flat","yearBuilt":1965,"solar":false,"heatingFuel":"gas"}},{"type":"Feature","id":"B-P-00549","geometry":{"type":"Polygon","coordinates":[[[-78.9360607,43.8662296],[-78.9361237,43.8663903],[-78.935836,43.866449],[-78.9357728,43.8662883],[-78.9360607,43.8662296]]]},"properties":{"premiseId":"P-00549","address":"131 Brock Street South","premiseType":"commercial","heightM":6.9,"stories":2,"roof":"flat","yearBuilt":1969,"solar":false,"heatingFuel":"gas"}},{"type":"Feature","id":"B-P-00550","geometry":{"type":"Polygon","coordinates":[[[-78.9359839,43.866058],[-78.9360436,43.8662101],[-78.9357559,43.8662688],[-78.935696,43.8661168],[-78.9359839,43.866058]]]},"properties":{"premiseId":"P-00550","address":"135 Brock Street South","premiseType":"commercial","heightM":6.9,"stories":2,"roof":"flat","yearBuilt":1975,"solar":false,"heatingFuel":"gas"}},{"type":"Feature","id":"B-P-00551","geometry":{"type":"Polygon","coordinates":[[[-78.9359246,43.8658956],[-78.9359774,43.8660374],[-78.9356886,43.8660933],[-78.9356357,43.8659515],[-78.9359246,43.8658956]]]},"properties":{"premiseId":"P-00551","address":"139 Brock Street South","premiseType":"commercial","heightM":6.9,"stories":2,"roof":"flat","yearBuilt":1980,"solar":false,"heatingFuel":"gas"}},{"type":"Feature","id":"B-P-00552","geometry":{"type":"Polygon","coordinates":[[[-78.9358679,43.8657204],[-78.9359222,43.8658742],[-78.9356325,43.8659274],[-78.9355782,43.8657737],[-78.9358679,43.8657204]]]},"properties":{"premiseId":"P-00552","address":"145 Brock Street South","premiseType":"commercial","heightM":4.3,"stories":1,"roof":"flat","yearBuilt":1985,"solar":false,"heatingFuel":"gas"}},{"type":"Feature","id":"B-P-00553","geometry":{"type":"Polygon","coordinates":[[[-78.9358127,43.865555],[-78.9358627,43.8656997],[-78.9355724,43.8657517],[-78.9355225,43.8656071],[-78.9358127,43.865555]]]},"properties":{"premiseId":"P-00553","address":"149 Brock Street South","premiseType":"commercial","heightM":4.3,"stories":1,"roof":"flat","yearBuilt":1990,"solar":false,"heatingFuel":"gas"}},{"type":"Feature","id":"B-P-00554","geometry":{"type":"Polygon","coordinates":[[[-78.9357509,43.8654017],[-78.9357985,43.8655373],[-78.9355086,43.8655903],[-78.9354609,43.8654547],[-78.9357509,43.8654017]]]},"properties":{"premiseId":"P-00554","address":"153 Brock Street South","premiseType":"commercial","heightM":4.3,"stories":1,"roof":"flat","yearBuilt":1994,"solar":false,"heatingFuel":"gas"}},{"type":"Feature","id":"B-P-00555","geometry":{"type":"Polygon","coordinates":[[[-78.9356862,43.8652252],[-78.9357415,43.8653822],[-78.9354516,43.8654352],[-78.9353963,43.8652782],[-78.9356862,43.8652252]]]},"properties":{"premiseId":"P-00555","address":"157 Brock Street South","premiseType":"commercial","heightM":4.3,"stories":1,"roof":"flat","yearBuilt":1999,"solar":false,"heatingFuel":"gas"}},{"type":"Feature","id":"B-P-00556","geometry":{"type":"Polygon","coordinates":[[[-78.9356349,43.8650637],[-78.9356815,43.8652042],[-78.9353906,43.8652544],[-78.935344,43.8651139],[-78.9356349,43.8650637]]]},"properties":{"premiseId":"P-00556","address":"161 Brock Street South","premiseType":"commercial","heightM":4.3,"stories":1,"roof":"flat","yearBuilt":2002,"solar":false,"heatingFuel":"gas"}},{"type":"Feature","id":"B-P-00557","geometry":{"type":"Polygon","coordinates":[[[-78.9359267,43.8672436],[-78.9360007,43.8674284],[-78.9357925,43.8674717],[-78.9357185,43.867287],[-78.9359267,43.8672436]]]},"properties":{"premiseId":"P-00557","address":"100 Consumers Drive","premiseType":"commercial","heightM":6.9,"stories":2,"roof":"flat","yearBuilt":1946,"solar":false,"heatingFuel":"gas"}},{"type":"Feature","id":"B-P-00558","geometry":{"type":"Polygon","coordinates":[[[-78.9356624,43.8673254],[-78.9357292,43.8674921],[-78.9355375,43.867532],[-78.9354709,43.8673653],[-78.9356624,43.8673254]]]},"properties":{"premiseId":"P-00558","address":"106 Consumers Drive","premiseType":"commercial","heightM":6.9,"stories":2,"roof":"flat","yearBuilt":1953,"solar":false,"heatingFuel":"gas"}},{"type":"Feature","id":"B-P-00559","geometry":{"type":"Polygon","coordinates":[[[-78.9358437,43.8686157],[-78.9359154,43.8687792],[-78.9356301,43.8688441],[-78.9355585,43.8686806],[-78.9358437,43.8686157]]]},"properties":{"premiseId":"P-00559","address":"10 Green Street","premiseType":"commercial","heightM":6.9,"stories":2,"roof":"flat","yearBuilt":1952,"solar":false,"heatingFuel":"gas"}},{"type":"Feature","id":"B-P-00560","geometry":{"type":"Polygon","coordinates":[[[-78.9357693,43.8684488],[-78.9358334,43.8685948],[-78.9355481,43.8686598],[-78.9354841,43.8685137],[-78.9357693,43.8684488]]]},"properties":{"premiseId":"P-00560","address":"6 Green Street","premiseType":"commercial","heightM":6.9,"stories":2,"roof":"flat","yearBuilt":1951,"solar":false,"heatingFuel":"gas"}},{"type":"Feature","id":"B-P-00561","geometry":{"type":"Polygon","coordinates":[[[-78.9350957,43.8680432],[-78.9353135,43.8680012],[-78.9353481,43.8680947],[-78.9351303,43.8681366],[-78.9350957,43.8680432]]]},"properties":{"premiseId":"P-00561","address":"33 Consumers Drive","premiseType":"commercial","heightM":4.3,"stories":1,"roof":"flat","yearBuilt":1953,"solar":false,"heatingFuel":"gas"}},{"type":"Feature","id":"B-P-00562","geometry":{"type":"Polygon","coordinates":[[[-78.9348484,43.8680924],[-78.9350665,43.8680504],[-78.935103,43.8681487],[-78.9348849,43.8681908],[-78.9348484,43.8680924]]]},"properties":{"premiseId":"P-00562","address":"39 Consumers Drive","premiseType":"commercial","heightM":4.3,"stories":1,"roof":"flat","yearBuilt":1960,"solar":false,"heatingFuel":"gas"}},{"type":"Feature","id":"B-P-00563","geometry":{"type":"Polygon","coordinates":[[[-78.9346219,43.868126],[-78.9348188,43.8680972],[-78.9348493,43.8682051],[-78.9346524,43.868234],[-78.9346219,43.868126]]]},"properties":{"premiseId":"P-00563","address":"43 Consumers Drive","premiseType":"commercial","heightM":6.9,"stories":2,"roof":"flat","yearBuilt":1963,"solar":false,"heatingFuel":"gas"}},{"type":"Feature","id":"B-P-00564","geometry":{"type":"Polygon","coordinates":[[[-78.9343834,43.8681662],[-78.9345955,43.8681345],[-78.9346291,43.8682521],[-78.9344171,43.8682838],[-78.9343834,43.8681662]]]},"properties":{"premiseId":"P-00564","address":"47 Consumers Drive","premiseType":"commercial","heightM":6.9,"stories":2,"roof":"flat","yearBuilt":1969,"solar":false,"heatingFuel":"gas"}},{"type":"Feature","id":"B-P-00565","geometry":{"type":"Polygon","coordinates":[[[-78.9338906,43.868195],[-78.9340898,43.8681917],[-78.9340966,43.8684073],[-78.9338976,43.8684106],[-78.9338906,43.868195]]]},"properties":{"premiseId":"P-00565","address":"55 Consumers Drive","premiseType":"commercial","heightM":4.3,"stories":1,"roof":"flat","yearBuilt":1979,"solar":false,"heatingFuel":"gas"}},{"type":"Feature","id":"B-P-00566","geometry":{"type":"Polygon","coordinates":[[[-78.9336408,43.8682046],[-78.9338621,43.8682016],[-78.9338676,43.8684172],[-78.9336463,43.8684202],[-78.9336408,43.8682046]]]},"properties":{"premiseId":"P-00566","address":"59 Consumers Drive","premiseType":"commercial","heightM":4.3,"stories":1,"roof":"flat","yearBuilt":1982,"solar":false,"heatingFuel":"gas"}},{"type":"Feature","id":"B-P-00567","geometry":{"type":"Polygon","coordinates":[[[-78.9333937,43.8682059],[-78.9336108,43.8682035],[-78.9336152,43.868419],[-78.933398,43.8684214],[-78.9333937,43.8682059]]]},"properties":{"premiseId":"P-00567","address":"63 Consumers Drive","premiseType":"commercial","heightM":4.3,"stories":1,"roof":"flat","yearBuilt":1988,"solar":false,"heatingFuel":"gas"}},{"type":"Feature","id":"B-P-00568","geometry":{"type":"Polygon","coordinates":[[[-78.9349862,43.8674154],[-78.9350707,43.8676223],[-78.9348573,43.8676676],[-78.9347728,43.8674607],[-78.9349862,43.8674154]]]},"properties":{"premiseId":"P-00568","address":"118 Consumers Drive","premiseType":"commercial","heightM":4.3,"stories":1,"roof":"flat","yearBuilt":1966,"solar":false,"heatingFuel":"gas"}},{"type":"Feature","id":"B-P-00569","geometry":{"type":"Polygon","coordinates":[[[-78.9347593,43.8674971],[-78.9348218,43.8676804],[-78.9346378,43.867713],[-78.9345755,43.8675296],[-78.9347593,43.8674971]]]},"properties":{"premiseId":"P-00569","address":"122 Consumers Drive","premiseType":"commercial","heightM":4.3,"stories":1,"roof":"flat","yearBuilt":1968,"solar":false,"heatingFuel":"gas"}},{"type":"Feature","id":"B-P-00570","geometry":{"type":"Polygon","coordinates":[[[-78.9345292,43.8675541],[-78.934578,43.8677251],[-78.9343938,43.8677524],[-78.934345,43.8675814],[-78.9345292,43.8675541]]]},"properties":{"premiseId":"P-00570","address":"126 Consumers Drive","premiseType":"commercial","heightM":6.9,"stories":2,"roof":"flat","yearBuilt":1970,"solar":false,"heatingFuel":"gas"}},{"type":"Feature","id":"B-P-00571","geometry":{"type":"Polygon","coordinates":[[[-78.9343051,43.8675349],[-78.934341,43.867749],[-78.9341169,43.8677686],[-78.9340809,43.8675545],[-78.9343051,43.8675349]]]},"properties":{"premiseId":"P-00571","address":"132 Consumers Drive","premiseType":"commercial","heightM":4.3,"stories":1,"roof":"flat","yearBuilt":1973,"solar":false,"heatingFuel":"gas"}},{"type":"Feature","id":"B-P-00572","geometry":{"type":"Polygon","coordinates":[[[-78.9340637,43.8675803],[-78.9340794,43.867774],[-78.9338941,43.8677818],[-78.9338784,43.867588],[-78.9340637,43.8675803]]]},"properties":{"premiseId":"P-00572","address":"136 Consumers Drive","premiseType":"commercial","heightM":4.3,"stories":1,"roof":"flat","yearBuilt":1982,"solar":false,"heatingFuel":"gas"}},{"type":"Feature","id":"B-P-00573","geometry":{"type":"Polygon","coordinates":[[[-78.9338453,43.8675699],[-78.9338557,43.8677832],[-78.9336404,43.8677887],[-78.93363,43.8675753],[-78.9338453,43.8675699]]]},"properties":{"premiseId":"P-00573","address":"140 Consumers Drive","premiseType":"commercial","heightM":4.3,"stories":1,"roof":"flat","yearBuilt":1982,"solar":false,"heatingFuel":"gas"}},{"type":"Feature","id":"B-P-00574","geometry":{"type":"Polygon","coordinates":[[[-78.9336086,43.8675744],[-78.9336114,43.8677886],[-78.9333903,43.86779],[-78.9333876,43.8675758],[-78.9336086,43.8675744]]]},"properties":{"premiseId":"P-00574","address":"144 Consumers Drive","premiseType":"commercial","heightM":4.3,"stories":1,"roof":"flat","yearBuilt":1989,"solar":false,"heatingFuel":"gas"}},{"type":"Feature","id":"B-P-00575","geometry":{"type":"Polygon","coordinates":[[[-78.9328355,43.8681575],[-78.9330059,43.8681562],[-78.933009,43.8683553],[-78.9328385,43.8683567],[-78.9328355,43.8681575]]]},"properties":{"premiseId":"P-00575","address":"165 Consumers Drive","premiseType":"commercial","heightM":4.3,"stories":1,"roof":"flat","yearBuilt":2001,"solar":false,"heatingFuel":"gas"}},{"type":"Feature","id":"B-P-00576","geometry":{"type":"Polygon","coordinates":[[[-78.9326201,43.8681566],[-78.9328109,43.868155],[-78.9328141,43.8683643],[-78.9326233,43.8683659],[-78.9326201,43.8681566]]]},"properties":{"premiseId":"P-00576","address":"169 Consumers Drive","premiseType":"commercial","heightM":4.3,"stories":1,"roof":"flat","yearBuilt":2006,"solar":false,"heatingFuel":"gas"}},{"type":"Feature","id":"B-P-00577","geometry":{"type":"Polygon","coordinates":[[[-78.9324182,43.8681548],[-78.932595,43.8681534],[-78.9325982,43.8683573],[-78.9324214,43.8683587],[-78.9324182,43.8681548]]]},"properties":{"premiseId":"P-00577","address":"173 Consumers Drive","premiseType":"commercial","heightM":4.3,"stories":1,"roof":"flat","yearBuilt":2012,"solar":false,"heatingFuel":"gas"}},{"type":"Feature","id":"B-P-00578","geometry":{"type":"Polygon","coordinates":[[[-78.9322042,43.8681643],[-78.9323934,43.8681627],[-78.9323964,43.8683582],[-78.9322072,43.8683597],[-78.9322042,43.8681643]]]},"properties":{"premiseId":"P-00578","address":"177 Consumers Drive","premiseType":"commercial","heightM":4.3,"stories":1,"roof":"flat","yearBuilt":2014,"solar":false,"heatingFuel":"gas"}},{"type":"Feature","id":"B-P-00579","geometry":{"type":"Polygon","coordinates":[[[-78.9320046,43.8681588],[-78.9321793,43.8681574],[-78.9321822,43.868356],[-78.9320076,43.8683573],[-78.9320046,43.8681588]]]},"properties":{"premiseId":"P-00579","address":"181 Consumers Drive","premiseType":"commercial","heightM":4.3,"stories":1,"roof":"flat","yearBuilt":2019,"solar":false,"heatingFuel":"gas"}},{"type":"Feature","id":"B-P-00580","geometry":{"type":"Polygon","coordinates":[[[-78.9317907,43.8681678],[-78.9319802,43.8681645],[-78.9319872,43.86838],[-78.9317976,43.8683833],[-78.9317907,43.8681678]]]},"properties":{"premiseId":"P-00580","address":"185 Consumers Drive","premiseType":"commercial","heightM":4.3,"stories":1,"roof":"flat","yearBuilt":2026,"solar":false,"heatingFuel":"gas"}},{"type":"Feature","id":"B-P-00581","geometry":{"type":"Polygon","coordinates":[[[-78.9315787,43.8681702],[-78.931765,43.868167],[-78.9317718,43.8683759],[-78.9315857,43.8683792],[-78.9315787,43.8681702]]]},"properties":{"premiseId":"P-00581","address":"189 Consumers Drive","premiseType":"commercial","heightM":4.3,"stories":1,"roof":"flat","yearBuilt":2027,"solar":false,"heatingFuel":"gas"}},{"type":"Feature","id":"B-P-00582","geometry":{"type":"Polygon","coordinates":[[[-78.9313734,43.8681695],[-78.9315531,43.8681697],[-78.9315528,43.8683853],[-78.9313732,43.8683851],[-78.9313734,43.8681695]]]},"properties":{"premiseId":"P-00582","address":"191 Consumers Drive","premiseType":"commercial","heightM":4.3,"stories":1,"roof":"flat","yearBuilt":2027,"solar":false,"heatingFuel":"gas"}},{"type":"Feature","id":"B-P-00583","geometry":{"type":"Polygon","coordinates":[[[-78.9329975,43.8676356],[-78.9330009,43.8678511],[-78.9328263,43.8678526],[-78.932823,43.867637],[-78.9329975,43.8676356]]]},"properties":{"premiseId":"P-00583","address":"166 Consumers Drive","premiseType":"commercial","heightM":4.3,"stories":1,"roof":"flat","yearBuilt":2002,"solar":false,"heatingFuel":"gas"}},{"type":"Feature","id":"B-P-00584","geometry":{"type":"Polygon","coordinates":[[[-78.9327979,43.8676351],[-78.9328013,43.8678507],[-78.9326087,43.8678523],[-78.9326054,43.8676367],[-78.9327979,43.8676351]]]},"properties":{"premiseId":"P-00584","address":"170 Consumers Drive","premiseType":"commercial","heightM":4.3,"stories":1,"roof":"flat","yearBuilt":2007,"solar":false,"heatingFuel":"gas"}},{"type":"Feature","id":"B-P-00585","geometry":{"type":"Polygon","coordinates":[[[-78.9325812,43.8676386],[-78.9325844,43.8678494],[-78.9324206,43.8678507],[-78.9324172,43.8676398],[-78.9325812,43.8676386]]]},"properties":{"premiseId":"P-00585","address":"174 Consumers Drive","premiseType":"commercial","heightM":4.3,"stories":1,"roof":"flat","yearBuilt":2013,"solar":false,"heatingFuel":"gas"}},{"type":"Feature","id":"B-P-00586","geometry":{"type":"Polygon","coordinates":[[[-78.9323932,43.8676507],[-78.9323963,43.8678512],[-78.9322044,43.8678527],[-78.9322013,43.8676522],[-78.9323932,43.8676507]]]},"properties":{"premiseId":"P-00586","address":"178 Consumers Drive","premiseType":"commercial","heightM":4.3,"stories":1,"roof":"flat","yearBuilt":2016,"solar":false,"heatingFuel":"gas"}},{"type":"Feature","id":"B-P-00587","geometry":{"type":"Polygon","coordinates":[[[-78.932176,43.8676381],[-78.9321792,43.8678536],[-78.9320015,43.8678551],[-78.9319983,43.8676395],[-78.932176,43.8676381]]]},"properties":{"premiseId":"P-00587","address":"182 Consumers Drive","premiseType":"commercial","heightM":4.3,"stories":1,"roof":"flat","yearBuilt":2019,"solar":false,"heatingFuel":"gas"}},{"type":"Feature","id":"B-P-00588","geometry":{"type":"Polygon","coordinates":[[[-78.9319687,43.867648],[-78.9319753,43.8678532],[-78.9317748,43.8678566],[-78.9317682,43.8676514],[-78.9319687,43.867648]]]},"properties":{"premiseId":"P-00588","address":"186 Consumers Drive","premiseType":"commercial","heightM":4.3,"stories":1,"roof":"flat","yearBuilt":2024,"solar":false,"heatingFuel":"gas"}},{"type":"Feature","id":"B-P-00589","geometry":{"type":"Polygon","coordinates":[[[-78.931744,43.8676663],[-78.9317507,43.8678625],[-78.9315943,43.8678652],[-78.9315877,43.867669],[-78.931744,43.8676663]]]},"properties":{"premiseId":"P-00589","address":"188 Consumers Drive","premiseType":"commercial","heightM":4.3,"stories":1,"roof":"flat","yearBuilt":2026,"solar":false,"heatingFuel":"gas"}},{"type":"Feature","id":"B-P-00590","geometry":{"type":"Polygon","coordinates":[[[-78.9315703,43.8676663],[-78.9315708,43.867863],[-78.9313762,43.8678633],[-78.9313758,43.8676666],[-78.9315703,43.8676663]]]},"properties":{"premiseId":"P-00590","address":"192 Consumers Drive","premiseType":"commercial","heightM":4.3,"stories":1,"roof":"flat","yearBuilt":2026,"solar":false,"heatingFuel":"gas"}},{"type":"Feature","id":"B-P-00591","geometry":{"type":"Polygon","coordinates":[[[-78.9307652,43.868217],[-78.9309756,43.8682141],[-78.9309814,43.8684296],[-78.9307711,43.8684326],[-78.9307652,43.868217]]]},"properties":{"premiseId":"P-00591","address":"213 Consumers Drive","premiseType":"commercial","heightM":4.3,"stories":1,"roof":"flat","yearBuilt":2025,"solar":false,"heatingFuel":"gas"}},{"type":"Feature","id":"B-P-00592","geometry":{"type":"Polygon","coordinates":[[[-78.9305783,43.8682197],[-78.9307399,43.8682175],[-78.9307453,43.8684196],[-78.9305836,43.8684218],[-78.9305783,43.8682197]]]},"properties":{"premiseId":"P-00592","address":"217 Consumers Drive","premiseType":"commercial","heightM":4.3,"stories":1,"roof":"flat","yearBuilt":2023,"solar":false,"heatingFuel":"gas"}},{"type":"Feature","id":"B-P-00593","geometry":{"type":"Polygon","coordinates":[[[-78.9303409,43.8682178],[-78.9305527,43.8682149],[-78.9305585,43.8684304],[-78.9303466,43.8684334],[-78.9303409,43.8682178]]]},"properties":{"premiseId":"P-00593","address":"221 Consumers Drive","premiseType":"commercial","heightM":4.3,"stories":1,"roof":"flat","yearBuilt":2028,"solar":false,"heatingFuel":"gas"}},{"type":"Feature","id":"B-P-00594","geometry":{"type":"Polygon","coordinates":[[[-78.9301542,43.8682247],[-78.9303157,43.8682209],[-78.9303257,43.8684364],[-78.9301641,43.8684402],[-78.9301542,43.8682247]]]},"properties":{"premiseId":"P-00594","address":"225 Consumers Drive","premiseType":"commercial","heightM":4.3,"stories":1,"roof":"flat","yearBuilt":2026,"solar":false,"heatingFuel":"gas"}},{"type":"Feature","id":"B-P-00595","geometry":{"type":"Polygon","coordinates":[[[-78.9299435,43.8682302],[-78.9301099,43.8682242],[-78.9301211,43.8683857],[-78.9299546,43.8683916],[-78.9299435,43.8682302]]]},"properties":{"premiseId":"P-00595","address":"229 Consumers Drive","premiseType":"commercial","heightM":4.3,"stories":1,"roof":"flat","yearBuilt":2024,"solar":false,"heatingFuel":"gas"}},{"type":"Feature","id":"B-P-00596","geometry":{"type":"Polygon","coordinates":[[[-78.9297349,43.8682555],[-78.9299015,43.8682367],[-78.929943,43.8684278],[-78.9297763,43.8684465],[-78.9297349,43.8682555]]]},"properties":{"premiseId":"P-00596","address":"233 Consumers Drive","premiseType":"commercial","heightM":4.3,"stories":1,"roof":"flat","yearBuilt":2025,"solar":false,"heatingFuel":"gas"}},{"type":"Feature","id":"B-P-00597","geometry":{"type":"Polygon","coordinates":[[[-78.9295146,43.8682816],[-78.9296989,43.868255],[-78.9297515,43.8684439],[-78.9295672,43.8684705],[-78.9295146,43.8682816]]]},"properties":{"premiseId":"P-00597","address":"237 Consumers Drive","premiseType":"commercial","heightM":4.3,"stories":1,"roof":"flat","yearBuilt":2022,"solar":false,"heatingFuel":"gas"}},{"type":"Feature","id":"B-P-00598","geometry":{"type":"Polygon","coordinates":[[[-78.9292946,43.8683191],[-78.9294791,43.8682904],[-78.9295354,43.8684783],[-78.929351,43.8685071],[-78.9292946,43.8683191]]]},"properties":{"premiseId":"P-00598","address":"241 Consumers Drive","premiseType":"commercial","heightM":4.3,"stories":1,"roof":"flat","yearBuilt":2028,"solar":false,"heatingFuel":"gas"}},{"type":"Feature","id":"B-P-00599","geometry":{"type":"Polygon","coordinates":[[[-78.930955,43.8676104],[-78.9309539,43.8678183],[-78.9307531,43.8678178],[-78.9307542,43.8676098],[-78.930955,43.8676104]]]},"properties":{"premiseId":"P-00599","address":"282 Consumers Drive","premiseType":"commercial","heightM":4.3,"stories":1,"roof":"flat","yearBuilt":2022,"solar":false,"heatingFuel":"gas"}},{"type":"Feature","id":"B-P-00600","geometry":{"type":"Polygon","coordinates":[[[-78.9307281,43.8675996],[-78.9307275,43.8678117],[-78.9305509,43.8678114],[-78.9305515,43.8675993],[-78.9307281,43.8675996]]]},"properties":{"premiseId":"P-00600","address":"286 Consumers Drive","premiseType":"commercial","heightM":4.3,"stories":1,"roof":"flat","yearBuilt":2028,"solar":false,"heatingFuel":"gas"}},{"type":"Feature","id":"B-P-00601","geometry":{"type":"Polygon","coordinates":[[[-78.9305223,43.8676012],[-78.9305247,43.8678151],[-78.930321,43.8678163],[-78.9303186,43.8676024],[-78.9305223,43.8676012]]]},"properties":{"premiseId":"P-00601","address":"290 Consumers Drive","premiseType":"commercial","heightM":4.3,"stories":1,"roof":"flat","yearBuilt":2023,"solar":false,"heatingFuel":"gas"}},{"type":"Feature","id":"B-P-00602","geometry":{"type":"Polygon","coordinates":[[[-78.9302842,43.8676034],[-78.930293,43.8678189],[-78.9300937,43.8678231],[-78.9300849,43.8676076],[-78.9302842,43.8676034]]]},"properties":{"premiseId":"P-00602","address":"294 Consumers Drive","premiseType":"commercial","heightM":4.3,"stories":1,"roof":"flat","yearBuilt":2026,"solar":false,"heatingFuel":"gas"}},{"type":"Feature","id":"B-P-00603","geometry":{"type":"Polygon","coordinates":[[[-78.9300385,43.8676053],[-78.9300649,43.86782],[-78.9298675,43.8678326],[-78.9298411,43.8676178],[-78.9300385,43.8676053]]]},"properties":{"premiseId":"P-00603","address":"298 Consumers Drive","premiseType":"commercial","heightM":4.3,"stories":1,"roof":"flat","yearBuilt":2023,"solar":false,"heatingFuel":"gas"}},{"type":"Feature","id":"B-P-00604","geometry":{"type":"Polygon","coordinates":[[[-78.9297935,43.8676348],[-78.9298396,43.8678397],[-78.9296427,43.8678627],[-78.9295966,43.8676578],[-78.9297935,43.8676348]]]},"properties":{"premiseId":"P-00604","address":"302 Consumers Drive","premiseType":"commercial","heightM":4.3,"stories":1,"roof":"flat","yearBuilt":2026,"solar":false,"heatingFuel":"gas"}},{"type":"Feature","id":"B-P-00605","geometry":{"type":"Polygon","coordinates":[[[-78.9294904,43.8687003],[-78.9292183,43.8687265],[-78.9291947,43.8685992],[-78.9294667,43.8685729],[-78.9294904,43.8687003]]]},"properties":{"premiseId":"P-00605","address":"15 Garden Street South","premiseType":"commercial","heightM":4.3,"stories":1,"roof":"flat","yearBuilt":2027,"solar":false,"heatingFuel":"gas"}},{"type":"Feature","id":"B-P-00606","geometry":{"type":"Polygon","coordinates":[[[-78.9279941,43.8685574],[-78.9282166,43.8685771],[-78.9281983,43.8686841],[-78.9279757,43.8686644],[-78.9279941,43.8685574]]]},"properties":{"premiseId":"P-00606","address":"263 Consumers Drive","premiseType":"utility","heightM":5.2,"stories":1,"roof":"flat","yearBuilt":2026,"solar":false,"heatingFuel":"heat_pump"}},{"type":"Feature","id":"B-P-00607","geometry":{"type":"Polygon","coordinates":[[[-78.940031,43.8727378],[-78.9397336,43.872805],[-78.9395659,43.8724193],[-78.9398632,43.8723521],[-78.940031,43.8727378]]]},"properties":{"premiseId":"P-00607","address":"333 Brock Street South","premiseType":"utility","heightM":5.2,"stories":1,"roof":"flat","yearBuilt":2026,"solar":false,"heatingFuel":"heat_pump"}},{"type":"Feature","id":"B-P-00608","geometry":{"type":"Polygon","coordinates":[[[-78.9458872,43.8729432],[-78.9452331,43.8730906],[-78.9448985,43.872319],[-78.9455526,43.8721716],[-78.9458872,43.8729432]]]},"properties":{"premiseId":"P-00608","address":"171 Henry Street","premiseType":"industrial","heightM":5.2,"stories":1,"roof":"flat","yearBuilt":2025,"solar":false,"heatingFuel":"gas"}},{"type":"Feature","id":"B-P-00609","geometry":{"type":"Polygon","coordinates":[[[-78.9262409,43.8695767],[-78.9271967,43.8691537],[-78.9275553,43.8695747],[-78.9265995,43.8699977],[-78.9262409,43.8695767]]]},"properties":{"premiseId":"P-00609","address":"265 Consumers Drive","premiseType":"industrial","heightM":5.2,"stories":1,"roof":"flat","yearBuilt":2025,"solar":false,"heatingFuel":"gas"}}]}