{"type":"FeatureCollection","name":"electric_services","crs_note":"EPSG:4326","features":[{"type":"Feature","id":"electric-E226","geometry":{"type":"LineString","coordinates":[[-78.9447111,43.8684665],[-78.9446987,43.8684656],[-78.944617,43.8684212]]},"properties":{"kind":"service","tier":"service","placement":"underground","from":"electric-TX-00001","to":"electric-N-P-00001","lengthM":9.21,"voltageKV":0.24,"phase":"A","phases":1,"conductor":"4/0 AL URD triplex","feeder":"F1-01","designKVA":3.0}},{"type":"Feature","id":"electric-E228","geometry":{"type":"LineString","coordinates":[[-78.944208,43.8676302],[-78.9447792,43.8676678],[-78.944725,43.8677234]]},"properties":{"kind":"service","tier":"service","placement":"underground","from":"electric-TX-00002","to":"electric-N-P-00002","lengthM":53.59,"voltageKV":0.24,"phase":"A","phases":1,"conductor":"4/0 AL URD triplex","feeder":"F1-01","designKVA":7.78}},{"type":"Feature","id":"electric-E229","geometry":{"type":"LineString","coordinates":[[-78.944208,43.8676302],[-78.944569,43.8676573],[-78.9445326,43.8677106]]},"properties":{"kind":"service","tier":"service","placement":"underground","from":"electric-TX-00002","to":"electric-N-P-00003","lengthM":35.74,"voltageKV":0.24,"phase":"A","phases":1,"conductor":"4/0 AL URD triplex","feeder":"F1-01","designKVA":5.52}},{"type":"Feature","id":"electric-E230","geometry":{"type":"LineString","coordinates":[[-78.944208,43.8676302],[-78.944493,43.8674914],[-78.9444395,43.8674271]]},"properties":{"kind":"service","tier":"service","placement":"underground","from":"electric-TX-00002","to":"electric-N-P-00018","lengthM":35.95,"voltageKV":0.24,"phase":"A","phases":1,"conductor":"4/0 AL URD triplex","feeder":"F1-01","designKVA":11.15}},{"type":"Feature","id":"electric-E231","geometry":{"type":"LineString","coordinates":[[-78.944208,43.8676302],[-78.9443623,43.8676469],[-78.9443124,43.8677041]]},"properties":{"kind":"service","tier":"service","placement":"underground","from":"electric-TX-00002","to":"electric-N-P-00004","lengthM":20.04,"voltageKV":0.24,"phase":"A","phases":1,"conductor":"4/0 AL URD triplex","feeder":"F1-01","designKVA":13.55}},{"type":"Feature","id":"electric-E232","geometry":{"type":"LineString","coordinates":[[-78.944208,43.8676302],[-78.9442742,43.8674804],[-78.9442242,43.8674293]]},"properties":{"kind":"service","tier":"service","placement":"underground","from":"electric-TX-00002","to":"electric-N-P-00019","lengthM":24.46,"voltageKV":0.24,"phase":"A","phases":1,"conductor":"4/0 AL URD triplex","feeder":"F1-01","designKVA":6.04}},{"type":"Feature","id":"electric-E233","geometry":{"type":"LineString","coordinates":[[-78.944208,43.8676302],[-78.9441557,43.8676365],[-78.9441016,43.8676864]]},"properties":{"kind":"service","tier":"service","placement":"underground","from":"electric-TX-00002","to":"electric-N-P-00005","lengthM":11.3,"voltageKV":0.24,"phase":"A","phases":1,"conductor":"4/0 AL URD triplex","feeder":"F1-01","designKVA":5.96}},{"type":"Feature","id":"electric-E234","geometry":{"type":"LineString","coordinates":[[-78.944208,43.8676302],[-78.944074,43.8674704],[-78.9440281,43.8674153]]},"properties":{"kind":"service","tier":"service","placement":"underground","from":"electric-TX-00002","to":"electric-N-P-00020","lengthM":27.94,"voltageKV":0.24,"phase":"A","phases":1,"conductor":"4/0 AL URD triplex","feeder":"F1-01","designKVA":5.71}},{"type":"Feature","id":"electric-E235","geometry":{"type":"LineString","coordinates":[[-78.944208,43.8676302],[-78.9439476,43.8676261],[-78.9438776,43.8676755]]},"properties":{"kind":"service","tier":"service","placement":"underground","from":"electric-TX-00002","to":"electric-N-P-00006","lengthM":28.76,"voltageKV":0.24,"phase":"A","phases":1,"conductor":"4/0 AL URD triplex","feeder":"F1-01","designKVA":11.35}},{"type":"Feature","id":"electric-E236","geometry":{"type":"LineString","coordinates":[[-78.944208,43.8676302],[-78.9438769,43.8674605],[-78.9438096,43.8674047]]},"properties":{"kind":"service","tier":"service","placement":"underground","from":"electric-TX-00002","to":"electric-N-P-00021","lengthM":40.83,"voltageKV":0.24,"phase":"A","phases":1,"conductor":"4/0 AL URD triplex","feeder":"F1-01","designKVA":7.3}},{"type":"Feature","id":"electric-E237","geometry":{"type":"LineString","coordinates":[[-78.944208,43.8676302],[-78.9437345,43.8676154],[-78.9437082,43.8676645]]},"properties":{"kind":"service","tier":"service","placement":"underground","from":"electric-TX-00002","to":"electric-N-P-00007","lengthM":43.9,"voltageKV":0.24,"phase":"A","phases":1,"conductor":"4/0 AL URD triplex","feeder":"F1-01","designKVA":5.21}},{"type":"Feature","id":"electric-E239","geometry":{"type":"LineString","coordinates":[[-78.9435048,43.8682651],[-78.9433322,43.867864],[-78.9432775,43.8679056]]},"properties":{"kind":"service","tier":"service","placement":"underground","from":"electric-TX-00003","to":"electric-N-P-00022","lengthM":53.14,"voltageKV":0.24,"phase":"A","phases":1,"conductor":"4/0 AL URD triplex","feeder":"F1-01","designKVA":4.53}},{"type":"Feature","id":"electric-E240","geometry":{"type":"LineString","coordinates":[[-78.9435048,43.8682651],[-78.9433865,43.8680005],[-78.9432652,43.8680442]]},"properties":{"kind":"service","tier":"service","placement":"underground","from":"electric-TX-00003","to":"electric-N-P-00023","lengthM":41.84,"voltageKV":0.24,"phase":"A","phases":1,"conductor":"4/0 AL URD triplex","feeder":"F1-01","designKVA":11.09}},{"type":"Feature","id":"electric-E241","geometry":{"type":"LineString","coordinates":[[-78.9435048,43.8682651],[-78.9436425,43.8680572],[-78.9437203,43.8680764]]},"properties":{"kind":"service","tier":"service","placement":"underground","from":"electric-TX-00003","to":"electric-N-P-00008","lengthM":32.26,"voltageKV":0.24,"phase":"A","phases":1,"conductor":"4/0 AL URD triplex","feeder":"F1-01","designKVA":5.87}},{"type":"Feature","id":"electric-E242","geometry":{"type":"LineString","coordinates":[[-78.9435048,43.8682651],[-78.9434405,43.8681361],[-78.9433205,43.8681796]]},"properties":{"kind":"service","tier":"service","placement":"underground","from":"electric-TX-00003","to":"electric-N-P-00024","lengthM":26.04,"voltageKV":0.24,"phase":"A","phases":1,"conductor":"4/0 AL URD triplex","feeder":"F1-01","designKVA":5.77}},{"type":"Feature","id":"electric-E243","geometry":{"type":"LineString","coordinates":[[-78.9435048,43.8682651],[-78.9437013,43.868205],[-78.943786,43.8682368]]},"properties":{"kind":"service","tier":"service","placement":"underground","from":"electric-TX-00003","to":"electric-N-P-00009","lengthM":24.79,"voltageKV":0.24,"phase":"A","phases":1,"conductor":"4/0 AL URD triplex","feeder":"F1-01","designKVA":4.49}},{"type":"Feature","id":"electric-E244","geometry":{"type":"LineString","coordinates":[[-78.9435048,43.8682651],[-78.9435,43.8682856],[-78.9433815,43.8683288]]},"properties":{"kind":"service","tier":"service","placement":"underground","from":"electric-TX-00003","to":"electric-N-P-00025","lengthM":12.98,"voltageKV":0.24,"phase":"A","phases":1,"conductor":"4/0 AL URD triplex","feeder":"F1-01","designKVA":4.27}},{"type":"Feature","id":"electric-E245","geometry":{"type":"LineString","coordinates":[[-78.9435048,43.8682651],[-78.9437589,43.8683498],[-78.9439173,43.8683357]]},"properties":{"kind":"service","tier":"service","placement":"underground","from":"electric-TX-00003","to":"electric-N-P-00010","lengthM":35.27,"voltageKV":0.24,"phase":"A","phases":1,"conductor":"4/0 AL URD triplex","feeder":"F1-01","designKVA":3.89}},{"type":"Feature","id":"electric-E246","geometry":{"type":"LineString","coordinates":[[-78.9435048,43.8682651],[-78.9435594,43.8684348],[-78.9434424,43.8684777]]},"properties":{"kind":"service","tier":"service","placement":"underground","from":"electric-TX-00003","to":"electric-N-P-00026","lengthM":29.92,"voltageKV":0.24,"phase":"A","phases":1,"conductor":"4/0 AL URD triplex","feeder":"F1-01","designKVA":4.27}},{"type":"Feature","id":"electric-E247","geometry":{"type":"LineString","coordinates":[[-78.9435048,43.8682651],[-78.9438195,43.868502],[-78.9439846,43.8684866]]},"properties":{"kind":"service","tier":"service","placement":"underground","from":"electric-TX-00003","to":"electric-N-P-00011","lengthM":49.87,"voltageKV":0.24,"phase":"A","phases":1,"conductor":"4/0 AL URD triplex","feeder":"F1-01","designKVA":18.47}},{"type":"Feature","id":"electric-E248","geometry":{"type":"LineString","coordinates":[[-78.9435048,43.8682651],[-78.9436135,43.8685708],[-78.9434978,43.8686135]]},"properties":{"kind":"service","tier":"service","placement":"underground","from":"electric-TX-00003","to":"electric-N-P-00027","lengthM":45.56,"voltageKV":0.24,"phase":"A","phases":1,"conductor":"4/0 AL URD triplex","feeder":"F1-01","designKVA":3.89}},{"type":"Feature","id":"electric-E250","geometry":{"type":"LineString","coordinates":[[-78.9441212,43.8690242],[-78.9438739,43.8686386],[-78.9439578,43.8686512]]},"properties":{"kind":"service","tier":"service","placement":"underground","from":"electric-TX-00004","to":"electric-N-P-00012","lengthM":54.17,"voltageKV":0.24,"phase":"A","phases":1,"conductor":"4/0 AL URD triplex","feeder":"F1-01","designKVA":5.09}},{"type":"Feature","id":"electric-E251","geometry":{"type":"LineString","coordinates":[[-78.9441212,43.8690242],[-78.9436702,43.8687132],[-78.9436153,43.8687448]]},"properties":{"kind":"service","tier":"service","placement":"underground","from":"electric-TX-00004","to":"electric-N-P-00028","lengthM":55.73,"voltageKV":0.24,"phase":"A","phases":1,"conductor":"4/0 AL URD triplex","feeder":"F1-01","designKVA":5.72}},{"type":"Feature","id":"electric-E252","geometry":{"type":"LineString","coordinates":[[-78.9441212,43.8690242],[-78.9439339,43.868776],[-78.944018,43.8687869]]},"properties":{"kind":"service","tier":"service","placement":"underground","from":"electric-TX-00004","to":"electric-N-P-00013","lengthM":38.31,"voltageKV":0.24,"phase":"A","phases":1,"conductor":"4/0 AL URD triplex","feeder":"F1-01","designKVA":13.46}},{"type":"Feature","id":"electric-E253","geometry":{"type":"LineString","coordinates":[[-78.9441212,43.8690242],[-78.9440302,43.8689194],[-78.9441245,43.8689226]]},"properties":{"kind":"service","tier":"service","placement":"underground","from":"electric-TX-00004","to":"electric-N-P-00014","lengthM":21.34,"voltageKV":0.24,"phase":"A","phases":1,"conductor":"4/0 AL URD triplex","feeder":"F1-01","designKVA":5.84}},{"type":"Feature","id":"electric-E254","geometry":{"type":"LineString","coordinates":[[-78.9441212,43.8690242],[-78.9439346,43.8691038],[-78.9439294,43.8691699]]},"properties":{"kind":"service","tier":"service","placement":"underground","from":"electric-TX-00004","to":"electric-N-P-00029","lengthM":24.77,"voltageKV":0.24,"phase":"A","phases":1,"conductor":"4/0 AL URD triplex","feeder":"F1-01","designKVA":4.7}},{"type":"Feature","id":"electric-E255","geometry":{"type":"LineString","coordinates":[[-78.9441212,43.8690242],[-78.9441621,43.8690426],[-78.9442673,43.8690352]]},"properties":{"kind":"service","tier":"service","placement":"underground","from":"electric-TX-00004","to":"electric-N-P-00015","lengthM":12.35,"voltageKV":0.24,"phase":"A","phases":1,"conductor":"4/0 AL URD triplex","feeder":"F1-01","designKVA":6.08}},{"type":"Feature","id":"electric-E256","geometry":{"type":"LineString","coordinates":[[-78.9441212,43.8690242],[-78.9440744,43.869212],[-78.944056,43.8692902]]},"properties":{"kind":"service","tier":"service","placement":"underground","from":"electric-TX-00004","to":"electric-N-P-00030","lengthM":30.07,"voltageKV":0.24,"phase":"A","phases":1,"conductor":"4/0 AL URD triplex","feeder":"F1-01","designKVA":5.44}},{"type":"Feature","id":"electric-E257","geometry":{"type":"LineString","coordinates":[[-78.9441212,43.8690242],[-78.9442952,43.8691456],[-78.9443634,43.8691309]]},"properties":{"kind":"service","tier":"service","placement":"underground","from":"electric-TX-00004","to":"electric-N-P-00016","lengthM":25.14,"voltageKV":0.24,"phase":"A","phases":1,"conductor":"4/0 AL URD triplex","feeder":"F1-01","designKVA":4.45}},{"type":"Feature","id":"electric-E258","geometry":{"type":"LineString","coordinates":[[-78.9441212,43.8690242],[-78.9442089,43.869316],[-78.9441771,43.8693666]]},"properties":{"kind":"service","tier":"service","placement":"underground","from":"electric-TX-00004","to":"electric-N-P-00031","lengthM":39.42,"voltageKV":0.24,"phase":"A","phases":1,"conductor":"4/0 AL URD triplex","feeder":"F1-01","designKVA":5.79}},{"type":"Feature","id":"electric-E259","geometry":{"type":"LineString","coordinates":[[-78.9441212,43.8690242],[-78.9444319,43.8692513],[-78.9445451,43.8692461]]},"properties":{"kind":"service","tier":"service","placement":"underground","from":"electric-TX-00004","to":"electric-N-P-00017","lengthM":44.6,"voltageKV":0.24,"phase":"A","phases":1,"conductor":"4/0 AL URD triplex","feeder":"F1-01","designKVA":9.86}},{"type":"Feature","id":"electric-E261","geometry":{"type":"LineString","coordinates":[[-78.9443592,43.8694191],[-78.9443486,43.8694262],[-78.9443268,43.869486]]},"properties":{"kind":"service","tier":"service","placement":"underground","from":"electric-TX-00005","to":"electric-N-P-00032","lengthM":8.04,"voltageKV":0.24,"phase":"A","phases":1,"conductor":"4/0 AL URD triplex","feeder":"F1-01","designKVA":5.01}},{"type":"Feature","id":"electric-E263","geometry":{"type":"LineString","coordinates":[[-78.9439638,43.870347],[-78.9439603,43.8703384],[-78.9438581,43.8703057]]},"properties":{"kind":"service","tier":"service","placement":"underground","from":"electric-TX-00006","to":"electric-N-P-00033","lengthM":9.97,"voltageKV":0.24,"phase":"ABC","phases":1,"conductor":"4/0 AL URD triplex","feeder":"F1-01","designKVA":18.64}},{"type":"Feature","id":"electric-E265","geometry":{"type":"LineString","coordinates":[[-78.9431471,43.8705285],[-78.9432638,43.8704925],[-78.9432146,43.8704815]]},"properties":{"kind":"service","tier":"service","placement":"underground","from":"electric-TX-00007","to":"electric-N-P-00034","lengthM":14.31,"voltageKV":0.24,"phase":"ABC","phases":1,"conductor":"4/0 AL URD triplex","feeder":"F1-01","designKVA":4.7}},{"type":"Feature","id":"electric-E266","geometry":{"type":"LineString","coordinates":[[-78.9431471,43.8705285],[-78.9430228,43.8705469],[-78.9429309,43.870506]]},"properties":{"kind":"service","tier":"service","placement":"underground","from":"electric-TX-00007","to":"electric-N-P-00035","lengthM":18.85,"voltageKV":0.24,"phase":"ABC","phases":1,"conductor":"4/0 AL URD triplex","feeder":"F1-01","designKVA":1.35}},{"type":"Feature","id":"electric-E268","geometry":{"type":"LineString","coordinates":[[-78.9423735,43.8711199],[-78.9425386,43.87154],[-78.9424429,43.8715236]]},"properties":{"kind":"service","tier":"service","placement":"underground","from":"electric-TX-00008","to":"electric-N-P-00036","lengthM":56.49,"voltageKV":0.24,"phase":"B","phases":1,"conductor":"4/0 AL URD triplex","feeder":"F1-01","designKVA":12.52}},{"type":"Feature","id":"electric-E269","geometry":{"type":"LineString","coordinates":[[-78.9423735,43.8711199],[-78.9424819,43.8714063],[-78.9423879,43.8713792]]},"properties":{"kind":"service","tier":"service","placement":"underground","from":"electric-TX-00008","to":"electric-N-P-00037","lengthM":41.18,"voltageKV":0.24,"phase":"B","phases":1,"conductor":"4/0 AL URD triplex","feeder":"F1-01","designKVA":5.76}},{"type":"Feature","id":"electric-E270","geometry":{"type":"LineString","coordinates":[[-78.9423735,43.8711199],[-78.9424206,43.8712616],[-78.9423442,43.8712396]]},"properties":{"kind":"service","tier":"service","placement":"underground","from":"electric-TX-00008","to":"electric-N-P-00038","lengthM":22.83,"voltageKV":0.24,"phase":"B","phases":1,"conductor":"4/0 AL URD triplex","feeder":"F1-01","designKVA":4.69}},{"type":"Feature","id":"electric-E271","geometry":{"type":"LineString","coordinates":[[-78.9423735,43.8711199],[-78.9425761,43.8710753],[-78.9426431,43.8710368]]},"properties":{"kind":"service","tier":"service","placement":"underground","from":"electric-TX-00008","to":"electric-N-P-00041","lengthM":23.87,"voltageKV":0.24,"phase":"B","phases":1,"conductor":"4/0 AL URD triplex","feeder":"F1-01","designKVA":5.5}},{"type":"Feature","id":"electric-E272","geometry":{"type":"LineString","coordinates":[[-78.9423735,43.8711199],[-78.9423606,43.8711202],[-78.942275,43.8711069]]},"properties":{"kind":"service","tier":"service","placement":"underground","from":"electric-TX-00008","to":"electric-N-P-00039","lengthM":8.07,"voltageKV":0.24,"phase":"B","phases":1,"conductor":"4/0 AL URD triplex","feeder":"F1-01","designKVA":4.31}},{"type":"Feature","id":"electric-E273","geometry":{"type":"LineString","coordinates":[[-78.9423735,43.8711199],[-78.9423008,43.8709791],[-78.9422038,43.8709625]]},"properties":{"kind":"service","tier":"service","placement":"underground","from":"electric-TX-00008","to":"electric-N-P-00040","lengthM":24.73,"voltageKV":0.24,"phase":"B","phases":1,"conductor":"4/0 AL URD triplex","feeder":"F1-01","designKVA":4.68}},{"type":"Feature","id":"electric-E274","geometry":{"type":"LineString","coordinates":[[-78.9423735,43.8711199],[-78.9425138,43.8709282],[-78.9425649,43.8708833]]},"properties":{"kind":"service","tier":"service","placement":"underground","from":"electric-TX-00008","to":"electric-N-P-00042","lengthM":30.6,"voltageKV":0.24,"phase":"B","phases":1,"conductor":"4/0 AL URD triplex","feeder":"F1-01","designKVA":4.66}},{"type":"Feature","id":"electric-E276","geometry":{"type":"LineString","coordinates":[[-78.9419466,43.8719278],[-78.9421398,43.871874],[-78.9420862,43.8718347]]},"properties":{"kind":"service","tier":"service","placement":"underground","from":"electric-TX-00009","to":"electric-N-P-00043","lengthM":22.75,"voltageKV":0.24,"phase":"B","phases":1,"conductor":"4/0 AL URD triplex","feeder":"F1-01","designKVA":5.22}},{"type":"Feature","id":"electric-E277","geometry":{"type":"LineString","coordinates":[[-78.9419466,43.8719278],[-78.9419428,43.8719192],[-78.9418722,43.8718871]]},"properties":{"kind":"service","tier":"service","placement":"underground","from":"electric-TX-00009","to":"electric-N-P-00044","lengthM":7.7,"voltageKV":0.24,"phase":"B","phases":1,"conductor":"4/0 AL URD triplex","feeder":"F1-01","designKVA":12.89}},{"type":"Feature","id":"electric-E278","geometry":{"type":"LineString","coordinates":[[-78.9419466,43.8719278],[-78.9417392,43.8719658],[-78.9416534,43.8719331]]},"properties":{"kind":"service","tier":"service","placement":"underground","from":"electric-TX-00009","to":"electric-N-P-00045","lengthM":24.96,"voltageKV":0.24,"phase":"B","phases":1,"conductor":"4/0 AL URD triplex","feeder":"F1-01","designKVA":5.76}},{"type":"Feature","id":"electric-E280","geometry":{"type":"LineString","coordinates":[[-78.9417136,43.8681422],[-78.9419583,43.8679253],[-78.9419001,43.8678839]]},"properties":{"kind":"service","tier":"service","placement":"underground","from":"electric-TX-00010","to":"electric-N-P-00050","lengthM":37.69,"voltageKV":0.24,"phase":"B","phases":1,"conductor":"4/0 AL URD triplex","feeder":"F1-01","designKVA":5.82}},{"type":"Feature","id":"electric-E281","geometry":{"type":"LineString","coordinates":[[-78.9417136,43.8681422],[-78.9420053,43.8680842],[-78.9419777,43.8681552]]},"properties":{"kind":"service","tier":"service","placement":"underground","from":"electric-TX-00010","to":"electric-N-P-00046","lengthM":32.5,"voltageKV":0.24,"phase":"B","phases":1,"conductor":"4/0 AL URD triplex","feeder":"F1-01","designKVA":5.55}},{"type":"Feature","id":"electric-E282","geometry":{"type":"LineString","coordinates":[[-78.9417136,43.8681422],[-78.9417581,43.8679716],[-78.941689,43.8679267]]},"properties":{"kind":"service","tier":"service","placement":"underground","from":"electric-TX-00010","to":"electric-N-P-00051","lengthM":26.79,"voltageKV":0.24,"phase":"B","phases":1,"conductor":"4/0 AL URD triplex","feeder":"F1-01","designKVA":5.96}},{"type":"Feature","id":"electric-E283","geometry":{"type":"LineString","coordinates":[[-78.9417136,43.8681422],[-78.9418107,43.8681292],[-78.9417961,43.8681919]]},"properties":{"kind":"service","tier":"service","placement":"underground","from":"electric-TX-00010","to":"electric-N-P-00047","lengthM":15.01,"voltageKV":0.24,"phase":"B","phases":1,"conductor":"4/0 AL URD triplex","feeder":"F1-01","designKVA":5.7}},{"type":"Feature","id":"electric-E284","geometry":{"type":"LineString","coordinates":[[-78.9417136,43.8681422],[-78.9416241,43.8681724],[-78.9416057,43.8682281]]},"properties":{"kind":"service","tier":"service","placement":"underground","from":"electric-TX-00010","to":"electric-N-P-00048","lengthM":14.31,"voltageKV":0.24,"phase":"B","phases":1,"conductor":"4/0 AL URD triplex","feeder":"F1-01","designKVA":4.59}},{"type":"Feature","id":"electric-E285","geometry":{"type":"LineString","coordinates":[[-78.9417136,43.8681422],[-78.9415535,43.8680189],[-78.9414644,43.867986]]},"properties":{"kind":"service","tier":"service","placement":"underground","from":"electric-TX-00010","to":"electric-N-P-00052","lengthM":26.83,"voltageKV":0.24,"phase":"B","phases":1,"conductor":"4/0 AL URD triplex","feeder":"F1-01","designKVA":12.76}},{"type":"Feature","id":"electric-E286","geometry":{"type":"LineString","coordinates":[[-78.9417136,43.8681422],[-78.9414315,43.8682169],[-78.9414185,43.868274]]},"properties":{"kind":"service","tier":"service","placement":"underground","from":"electric-TX-00010","to":"electric-N-P-00049","lengthM":30.55,"voltageKV":0.24,"phase":"B","phases":1,"conductor":"4/0 AL URD triplex","feeder":"F1-01","designKVA":13.02}},{"type":"Feature","id":"electric-E287","geometry":{"type":"LineString","coordinates":[[-78.9417136,43.8681422],[-78.9413576,43.8680642],[-78.9412664,43.8680262]]},"properties":{"kind":"service","tier":"service","placement":"underground","from":"electric-TX-00010","to":"electric-N-P-00053","lengthM":38.31,"voltageKV":0.24,"phase":"B","phases":1,"conductor":"4/0 AL URD triplex","feeder":"F1-01","designKVA":11.73}},{"type":"Feature","id":"electric-E289","geometry":{"type":"LineString","coordinates":[[-78.9420567,43.8703928],[-78.9421723,43.8706825],[-78.9420735,43.8706556]]},"properties":{"kind":"service","tier":"service","placement":"underground","from":"electric-TX-00011","to":"electric-N-P-00054","lengthM":42.03,"voltageKV":0.24,"phase":"C","phases":1,"conductor":"4/0 AL URD triplex","feeder":"F1-01","designKVA":5.34}},{"type":"Feature","id":"electric-E290","geometry":{"type":"LineString","coordinates":[[-78.9420567,43.8703928],[-78.9423839,43.8706288],[-78.9424491,43.8705761]]},"properties":{"kind":"service","tier":"service","placement":"underground","from":"electric-TX-00011","to":"electric-N-P-00064","lengthM":45.0,"voltageKV":0.24,"phase":"C","phases":1,"conductor":"4/0 AL URD triplex","feeder":"F1-01","designKVA":5.72}},{"type":"Feature","id":"electric-E291","geometry":{"type":"LineString","coordinates":[[-78.9420567,43.8703928],[-78.942323,43.8704916],[-78.9423715,43.8704368]]},"properties":{"kind":"service","tier":"service","placement":"underground","from":"electric-TX-00011","to":"electric-N-P-00065","lengthM":31.26,"voltageKV":0.24,"phase":"C","phases":1,"conductor":"4/0 AL URD triplex","feeder":"F1-01","designKVA":6.1}},{"type":"Feature","id":"electric-E292","geometry":{"type":"LineString","coordinates":[[-78.9420567,43.8703928],[-78.9421067,43.8705348],[-78.9420219,43.8705149]]},"properties":{"kind":"service","tier":"service","placement":"underground","from":"electric-TX-00011","to":"electric-N-P-00055","lengthM":23.46,"voltageKV":0.24,"phase":"C","phases":1,"conductor":"4/0 AL URD triplex","feeder":"F1-01","designKVA":6.31}},{"type":"Feature","id":"electric-E293","geometry":{"type":"LineString","coordinates":[[-78.9420567,43.8703928],[-78.9422613,43.8703527],[-78.9423024,43.8702891]]},"properties":{"kind":"service","tier":"service","placement":"underground","from":"electric-TX-00011","to":"electric-N-P-00066","lengthM":24.83,"voltageKV":0.24,"phase":"C","phases":1,"conductor":"4/0 AL URD triplex","feeder":"F1-01","designKVA":5.47}},{"type":"Feature","id":"electric-E294","geometry":{"type":"LineString","coordinates":[[-78.9420567,43.8703928],[-78.9420419,43.870389],[-78.9419464,43.8703828]]},"properties":{"kind":"service","tier":"service","placement":"underground","from":"electric-TX-00011","to":"electric-N-P-00056","lengthM":8.95,"voltageKV":0.24,"phase":"C","phases":1,"conductor":"4/0 AL URD triplex","feeder":"F1-01","designKVA":12.82}},{"type":"Feature","id":"electric-E295","geometry":{"type":"LineString","coordinates":[[-78.9420567,43.8703928],[-78.9421969,43.8702078],[-78.9422502,43.8701404]]},"properties":{"kind":"service","tier":"service","placement":"underground","from":"electric-TX-00011","to":"electric-N-P-00067","lengthM":32.1,"voltageKV":0.24,"phase":"C","phases":1,"conductor":"4/0 AL URD triplex","feeder":"F1-01","designKVA":4.45}},{"type":"Feature","id":"electric-E296","geometry":{"type":"LineString","coordinates":[[-78.9420567,43.8703928],[-78.9419808,43.8702516],[-78.941901,43.8702458]]},"properties":{"kind":"service","tier":"service","placement":"underground","from":"electric-TX-00011","to":"electric-N-P-00057","lengthM":23.29,"voltageKV":0.24,"phase":"C","phases":1,"conductor":"4/0 AL URD triplex","feeder":"F1-01","designKVA":5.66}},{"type":"Feature","id":"electric-E297","geometry":{"type":"LineString","coordinates":[[-78.9420567,43.8703928],[-78.9419198,43.8701144],[-78.9418409,43.870094]]},"properties":{"kind":"service","tier":"service","placement":"underground","from":"electric-TX-00011","to":"electric-N-P-00058","lengthM":39.61,"voltageKV":0.24,"phase":"C","phases":1,"conductor":"4/0 AL URD triplex","feeder":"F1-01","designKVA":5.64}},{"type":"Feature","id":"electric-E298","geometry":{"type":"LineString","coordinates":[[-78.9420567,43.8703928],[-78.9421317,43.8700611],[-78.9421854,43.8699959]]},"properties":{"kind":"service","tier":"service","placement":"underground","from":"electric-TX-00011","to":"electric-N-P-00068","lengthM":45.86,"voltageKV":0.24,"phase":"C","phases":1,"conductor":"4/0 AL URD triplex","feeder":"F1-01","designKVA":5.7}},{"type":"Feature","id":"electric-E300","geometry":{"type":"LineString","coordinates":[[-78.9417396,43.8696793],[-78.9418561,43.869971],[-78.9417752,43.8699598]]},"properties":{"kind":"service","tier":"service","placement":"underground","from":"electric-TX-00012","to":"electric-N-P-00059","lengthM":40.41,"voltageKV":0.24,"phase":"C","phases":1,"conductor":"4/0 AL URD triplex","feeder":"F1-01","designKVA":6.19}},{"type":"Feature","id":"electric-E301","geometry":{"type":"LineString","coordinates":[[-78.9417396,43.8696793],[-78.9420651,43.8699112],[-78.9421254,43.8698403]]},"properties":{"kind":"service","tier":"service","placement":"underground","from":"electric-TX-00012","to":"electric-N-P-00069","lengthM":45.99,"voltageKV":0.24,"phase":"C","phases":1,"conductor":"4/0 AL URD triplex","feeder":"F1-01","designKVA":10.88}},{"type":"Feature","id":"electric-E302","geometry":{"type":"LineString","coordinates":[[-78.9417396,43.8696793],[-78.9417895,43.8698212],[-78.941712,43.8698168]]},"properties":{"kind":"service","tier":"service","placement":"underground","from":"electric-TX-00012","to":"electric-N-P-00060","lengthM":22.53,"voltageKV":0.24,"phase":"C","phases":1,"conductor":"4/0 AL URD triplex","feeder":"F1-01","designKVA":5.68}},{"type":"Feature","id":"electric-E303","geometry":{"type":"LineString","coordinates":[[-78.9417396,43.8696793],[-78.9420015,43.8697681],[-78.9420528,43.8697108]]},"properties":{"kind":"service","tier":"service","placement":"underground","from":"electric-TX-00012","to":"electric-N-P-00070","lengthM":30.83,"voltageKV":0.24,"phase":"C","phases":1,"conductor":"4/0 AL URD triplex","feeder":"F1-01","designKVA":1.22}},{"type":"Feature","id":"electric-E304","geometry":{"type":"LineString","coordinates":[[-78.9417396,43.8696793],[-78.9419416,43.8696334],[-78.9420014,43.8695781]]},"properties":{"kind":"service","tier":"service","placement":"underground","from":"electric-TX-00012","to":"electric-N-P-00071","lengthM":24.8,"voltageKV":0.24,"phase":"C","phases":1,"conductor":"4/0 AL URD triplex","feeder":"F1-01","designKVA":8.01}},{"type":"Feature","id":"electric-E305","geometry":{"type":"LineString","coordinates":[[-78.9417396,43.8696793],[-78.9417274,43.8696814],[-78.9416356,43.8696694]]},"properties":{"kind":"service","tier":"service","placement":"underground","from":"electric-TX-00012","to":"electric-N-P-00061","lengthM":8.49,"voltageKV":0.24,"phase":"C","phases":1,"conductor":"4/0 AL URD triplex","feeder":"F1-01","designKVA":5.77}},{"type":"Feature","id":"electric-E306","geometry":{"type":"LineString","coordinates":[[-78.9417396,43.8696793],[-78.941665,43.869541],[-78.9415802,43.8695072]]},"properties":{"kind":"service","tier":"service","placement":"underground","from":"electric-TX-00012","to":"electric-N-P-00062","lengthM":24.29,"voltageKV":0.24,"phase":"C","phases":1,"conductor":"4/0 AL URD triplex","feeder":"F1-01","designKVA":11.16}},{"type":"Feature","id":"electric-E307","geometry":{"type":"LineString","coordinates":[[-78.9417396,43.8696793],[-78.9418782,43.8694908],[-78.9419447,43.869439]]},"properties":{"kind":"service","tier":"service","placement":"underground","from":"electric-TX-00012","to":"electric-N-P-00072","lengthM":31.61,"voltageKV":0.24,"phase":"C","phases":1,"conductor":"4/0 AL URD triplex","feeder":"F1-01","designKVA":4.58}},{"type":"Feature","id":"electric-E308","geometry":{"type":"LineString","coordinates":[[-78.9417396,43.8696793],[-78.9416015,43.8693981],[-78.9415109,43.8693704]]},"properties":{"kind":"service","tier":"service","placement":"underground","from":"electric-TX-00012","to":"electric-N-P-00063","lengthM":41.1,"voltageKV":0.24,"phase":"C","phases":1,"conductor":"4/0 AL URD triplex","feeder":"F1-01","designKVA":10.96}},{"type":"Feature","id":"electric-E309","geometry":{"type":"LineString","coordinates":[[-78.9417396,43.8696793],[-78.941814,43.8693462],[-78.9418704,43.8692854]]},"properties":{"kind":"service","tier":"service","placement":"underground","from":"electric-TX-00012","to":"electric-N-P-00073","lengthM":45.7,"voltageKV":0.24,"phase":"C","phases":1,"conductor":"4/0 AL URD triplex","feeder":"F1-01","designKVA":12.96}},{"type":"Feature","id":"electric-E311","geometry":{"type":"LineString","coordinates":[[-78.9417753,43.8710223],[-78.9417826,43.8710301],[-78.9417522,43.8710881]]},"properties":{"kind":"service","tier":"service","placement":"underground","from":"electric-TX-00013","to":"electric-N-P-00074","lengthM":7.94,"voltageKV":0.24,"phase":"ABC","phases":1,"conductor":"4/0 AL URD triplex","feeder":"F1-01","designKVA":2.03}},{"type":"Feature","id":"electric-E312","geometry":{"type":"LineString","coordinates":[[-78.9417753,43.8710223],[-78.9416949,43.8708428],[-78.9416105,43.8708084]]},"properties":{"kind":"service","tier":"service","placement":"underground","from":"electric-TX-00013","to":"electric-N-P-00075","lengthM":28.78,"voltageKV":0.24,"phase":"ABC","phases":1,"conductor":"4/0 AL URD triplex","feeder":"F1-01","designKVA":5.47}},{"type":"Feature","id":"electric-E314","geometry":{"type":"LineString","coordinates":[[-78.9413513,43.8687982],[-78.9416854,43.8690547],[-78.9417516,43.8690145]]},"properties":{"kind":"service","tier":"service","placement":"underground","from":"electric-TX-00014","to":"electric-N-P-00082","lengthM":46.12,"voltageKV":0.24,"phase":"C","phases":1,"conductor":"4/0 AL URD triplex","feeder":"F1-01","designKVA":5.31}},{"type":"Feature","id":"electric-E315","geometry":{"type":"LineString","coordinates":[[-78.9413513,43.8687982],[-78.9414711,43.8691025],[-78.9413654,43.869072]]},"properties":{"kind":"service","tier":"service","placement":"underground","from":"electric-TX-00014","to":"electric-N-P-00076","lengthM":44.35,"voltageKV":0.24,"phase":"C","phases":1,"conductor":"4/0 AL URD triplex","feeder":"F1-01","designKVA":11.83}},{"type":"Feature","id":"electric-E316","geometry":{"type":"LineString","coordinates":[[-78.9413513,43.8687982],[-78.9416206,43.8689063],[-78.9416725,43.8688483]]},"properties":{"kind":"service","tier":"service","placement":"underground","from":"electric-TX-00014","to":"electric-N-P-00083","lengthM":32.41,"voltageKV":0.24,"phase":"C","phases":1,"conductor":"4/0 AL URD triplex","feeder":"F1-01","designKVA":6.03}},{"type":"Feature","id":"electric-E317","geometry":{"type":"LineString","coordinates":[[-78.9413513,43.8687982],[-78.9414055,43.8689523],[-78.9413085,43.868941]]},"properties":{"kind":"service","tier":"service","placement":"underground","from":"electric-TX-00014","to":"electric-N-P-00077","lengthM":25.57,"voltageKV":0.24,"phase":"C","phases":1,"conductor":"4/0 AL URD triplex","feeder":"F1-01","designKVA":13.33}},{"type":"Feature","id":"electric-E318","geometry":{"type":"LineString","coordinates":[[-78.9413513,43.8687982],[-78.9415544,43.8687546],[-78.9416121,43.8686867]]},"properties":{"kind":"service","tier":"service","placement":"underground","from":"electric-TX-00014","to":"electric-N-P-00084","lengthM":25.87,"voltageKV":0.24,"phase":"C","phases":1,"conductor":"4/0 AL URD triplex","feeder":"F1-01","designKVA":6.22}},{"type":"Feature","id":"electric-E319","geometry":{"type":"LineString","coordinates":[[-78.9413513,43.8687982],[-78.9413385,43.8687987],[-78.9412544,43.8687747]]},"properties":{"kind":"service","tier":"service","placement":"underground","from":"electric-TX-00014","to":"electric-N-P-00078","lengthM":8.29,"voltageKV":0.24,"phase":"C","phases":1,"conductor":"4/0 AL URD triplex","feeder":"F1-01","designKVA":10.78}},{"type":"Feature","id":"electric-E320","geometry":{"type":"LineString","coordinates":[[-78.9413513,43.8687982],[-78.9412759,43.8686554],[-78.9411896,43.8686412]]},"properties":{"kind":"service","tier":"service","placement":"underground","from":"electric-TX-00014","to":"electric-N-P-00079","lengthM":24.12,"voltageKV":0.24,"phase":"C","phases":1,"conductor":"4/0 AL URD triplex","feeder":"F1-01","designKVA":9.59}},{"type":"Feature","id":"electric-E321","geometry":{"type":"LineString","coordinates":[[-78.9413513,43.8687982],[-78.9414877,43.8686019],[-78.9415407,43.8685287]]},"properties":{"kind":"service","tier":"service","placement":"underground","from":"electric-TX-00014","to":"electric-N-P-00085","lengthM":33.64,"voltageKV":0.24,"phase":"C","phases":1,"conductor":"4/0 AL URD triplex","feeder":"F1-01","designKVA":11.32}},{"type":"Feature","id":"electric-E322","geometry":{"type":"LineString","coordinates":[[-78.9413513,43.8687982],[-78.9412146,43.8685149],[-78.9411296,43.8684834]]},"properties":{"kind":"service","tier":"service","placement":"underground","from":"electric-TX-00014","to":"electric-N-P-00080","lengthM":41.07,"voltageKV":0.24,"phase":"C","phases":1,"conductor":"4/0 AL URD triplex","feeder":"F1-01","designKVA":6.09}},{"type":"Feature","id":"electric-E323","geometry":{"type":"LineString","coordinates":[[-78.9413513,43.8687982],[-78.9411506,43.8683685],[-78.9410661,43.8683299]]},"properties":{"kind":"service","tier":"service","placement":"underground","from":"electric-TX-00014","to":"electric-N-P-00081","lengthM":58.51,"voltageKV":0.24,"phase":"C","phases":1,"conductor":"4/0 AL URD triplex","feeder":"F1-01","designKVA":5.97}},{"type":"Feature","id":"electric-E325","geometry":{"type":"LineString","coordinates":[[-78.9408319,43.8694771],[-78.9409016,43.8693024],[-78.9407958,43.8692763]]},"properties":{"kind":"service","tier":"service","placement":"underground","from":"electric-TX-00015","to":"electric-N-P-00088","lengthM":29.21,"voltageKV":0.24,"phase":"C","phases":1,"conductor":"4/0 AL URD triplex","feeder":"F1-01","designKVA":15.15}},{"type":"Feature","id":"electric-E326","geometry":{"type":"LineString","coordinates":[[-78.9408319,43.8694771],[-78.9409509,43.8694606],[-78.9408926,43.8695263]]},"properties":{"kind":"service","tier":"service","placement":"underground","from":"electric-TX-00015","to":"electric-N-P-00086","lengthM":18.41,"voltageKV":0.24,"phase":"C","phases":1,"conductor":"4/0 AL URD triplex","feeder":"F1-01","designKVA":4.86}},{"type":"Feature","id":"electric-E327","geometry":{"type":"LineString","coordinates":[[-78.9408319,43.8694771],[-78.9406552,43.8693561],[-78.9405898,43.8693136]]},"properties":{"kind":"service","tier":"service","placement":"underground","from":"electric-TX-00015","to":"electric-N-P-00089","lengthM":26.62,"voltageKV":0.24,"phase":"C","phases":1,"conductor":"4/0 AL URD triplex","feeder":"F1-01","designKVA":7.6}},{"type":"Feature","id":"electric-E328","geometry":{"type":"LineString","coordinates":[[-78.9408319,43.8694771],[-78.9407148,43.869512],[-78.9406755,43.8695805]]},"properties":{"kind":"service","tier":"service","placement":"underground","from":"electric-TX-00015","to":"electric-N-P-00087","lengthM":18.42,"voltageKV":0.24,"phase":"C","phases":1,"conductor":"4/0 AL URD triplex","feeder":"F1-01","designKVA":5.74}},{"type":"Feature","id":"electric-E330","geometry":{"type":"LineString","coordinates":[[-78.9412205,43.8715305],[-78.9413328,43.8718239],[-78.9412441,43.8718216]]},"properties":{"kind":"service","tier":"service","placement":"underground","from":"electric-TX-00016","to":"electric-N-P-00090","lengthM":41.01,"voltageKV":0.24,"phase":"A","phases":1,"conductor":"4/0 AL URD triplex","feeder":"F1-01","designKVA":5.94}},{"type":"Feature","id":"electric-E331","geometry":{"type":"LineString","coordinates":[[-78.9412205,43.8715305],[-78.9414869,43.8716353],[-78.9415467,43.871562]]},"properties":{"kind":"service","tier":"service","placement":"underground","from":"electric-TX-00016","to":"electric-N-P-00095","lengthM":33.82,"voltageKV":0.24,"phase":"A","phases":1,"conductor":"4/0 AL URD triplex","feeder":"F1-01","designKVA":5.73}},{"type":"Feature","id":"electric-E332","geometry":{"type":"LineString","coordinates":[[-78.9412205,43.8715305],[-78.9412706,43.8716783],[-78.9411685,43.8716462]]},"properties":{"kind":"service","tier":"service","placement":"underground","from":"electric-TX-00016","to":"electric-N-P-00091","lengthM":25.88,"voltageKV":0.24,"phase":"A","phases":1,"conductor":"4/0 AL URD triplex","feeder":"F1-01","designKVA":2.42}},{"type":"Feature","id":"electric-E333","geometry":{"type":"LineString","coordinates":[[-78.9412205,43.8715305],[-78.9412105,43.8715377],[-78.9411181,43.8715051]]},"properties":{"kind":"service","tier":"service","placement":"underground","from":"electric-TX-00016","to":"electric-N-P-00092","lengthM":9.39,"voltageKV":0.24,"phase":"A","phases":1,"conductor":"4/0 AL URD triplex","feeder":"F1-01","designKVA":5.71}},{"type":"Feature","id":"electric-E334","geometry":{"type":"LineString","coordinates":[[-78.9412205,43.8715305],[-78.9414229,43.8714856],[-78.941485,43.8714307]]},"properties":{"kind":"service","tier":"service","placement":"underground","from":"electric-TX-00016","to":"electric-N-P-00096","lengthM":24.88,"voltageKV":0.24,"phase":"A","phases":1,"conductor":"4/0 AL URD triplex","feeder":"F1-01","designKVA":2.22}},{"type":"Feature","id":"electric-E335","geometry":{"type":"LineString","coordinates":[[-78.9412205,43.8715305],[-78.9411457,43.871386],[-78.9410394,43.8713536]]},"properties":{"kind":"service","tier":"service","placement":"underground","from":"electric-TX-00016","to":"electric-N-P-00093","lengthM":26.43,"voltageKV":0.24,"phase":"A","phases":1,"conductor":"4/0 AL URD triplex","feeder":"F1-01","designKVA":5.86}},{"type":"Feature","id":"electric-E336","geometry":{"type":"LineString","coordinates":[[-78.9412205,43.8715305],[-78.9413584,43.8713345],[-78.9414229,43.8712811]]},"properties":{"kind":"service","tier":"service","placement":"underground","from":"electric-TX-00016","to":"electric-N-P-00097","lengthM":32.35,"voltageKV":0.24,"phase":"A","phases":1,"conductor":"4/0 AL URD triplex","feeder":"F1-01","designKVA":5.86}},{"type":"Feature","id":"electric-E337","geometry":{"type":"LineString","coordinates":[[-78.9412205,43.8715305],[-78.941083,43.8712393],[-78.9410055,43.8712202]]},"properties":{"kind":"service","tier":"service","placement":"underground","from":"electric-TX-00016","to":"electric-N-P-00094","lengthM":40.82,"voltageKV":0.24,"phase":"A","phases":1,"conductor":"4/0 AL URD triplex","feeder":"F1-01","designKVA":15.63}},{"type":"Feature","id":"electric-E338","geometry":{"type":"LineString","coordinates":[[-78.9412205,43.8715305],[-78.9412972,43.8711913],[-78.9413671,43.8711535]]},"properties":{"kind":"service","tier":"service","placement":"underground","from":"electric-TX-00016","to":"electric-N-P-00098","lengthM":45.27,"voltageKV":0.24,"phase":"A","phases":1,"conductor":"4/0 AL URD triplex","feeder":"F1-01","designKVA":12.18}},{"type":"Feature","id":"electric-E340","geometry":{"type":"LineString","coordinates":[[-78.940717,43.8722031],[-78.9409234,43.872148],[-78.94085,43.8720988]]},"properties":{"kind":"service","tier":"service","placement":"underground","from":"electric-TX-00017","to":"electric-N-P-00099","lengthM":25.7,"voltageKV":0.24,"phase":"A","phases":1,"conductor":"4/0 AL URD triplex","feeder":"F1-01","designKVA":5.42}},{"type":"Feature","id":"electric-E341","geometry":{"type":"LineString","coordinates":[[-78.940717,43.8722031],[-78.9407134,43.8721945],[-78.9406291,43.8721475]]},"properties":{"kind":"service","tier":"service","placement":"underground","from":"electric-TX-00017","to":"electric-N-P-00100","lengthM":9.55,"voltageKV":0.24,"phase":"A","phases":1,"conductor":"4/0 AL URD triplex","feeder":"F1-01","designKVA":5.8}},{"type":"Feature","id":"electric-E342","geometry":{"type":"LineString","coordinates":[[-78.940717,43.8722031],[-78.9405047,43.8722406],[-78.9404191,43.8722107]]},"properties":{"kind":"service","tier":"service","placement":"underground","from":"electric-TX-00017","to":"electric-N-P-00101","lengthM":25.17,"voltageKV":0.24,"phase":"A","phases":1,"conductor":"4/0 AL URD triplex","feeder":"F1-01","designKVA":4.65}},{"type":"Feature","id":"electric-E344","geometry":{"type":"LineString","coordinates":[[-78.9408348,43.8676208],[-78.9410154,43.8680678],[-78.9409323,43.868037]]},"properties":{"kind":"service","tier":"service","placement":"underground","from":"electric-TX-00018","to":"electric-N-P-00102","lengthM":59.33,"voltageKV":0.24,"phase":"B","phases":1,"conductor":"4/0 AL URD triplex","feeder":"F1-01","designKVA":5.55}},{"type":"Feature","id":"electric-E345","geometry":{"type":"LineString","coordinates":[[-78.9408348,43.8676208],[-78.94095,43.8679168],[-78.9408479,43.867895]]},"properties":{"kind":"service","tier":"service","placement":"underground","from":"electric-TX-00018","to":"electric-N-P-00103","lengthM":42.77,"voltageKV":0.24,"phase":"B","phases":1,"conductor":"4/0 AL URD triplex","feeder":"F1-01","designKVA":4.83}},{"type":"Feature","id":"electric-E346","geometry":{"type":"LineString","coordinates":[[-78.9408348,43.8676208],[-78.9411015,43.8677242],[-78.9411494,43.867674]]},"properties":{"kind":"service","tier":"service","placement":"underground","from":"electric-TX-00018","to":"electric-N-P-00109","lengthM":31.08,"voltageKV":0.24,"phase":"B","phases":1,"conductor":"4/0 AL URD triplex","feeder":"F1-01","designKVA":6.13}},{"type":"Feature","id":"electric-E347","geometry":{"type":"LineString","coordinates":[[-78.9408348,43.8676208],[-78.9408827,43.8677614],[-78.9407882,43.8677395]]},"properties":{"kind":"service","tier":"service","placement":"underground","from":"electric-TX-00018","to":"electric-N-P-00104","lengthM":24.09,"voltageKV":0.24,"phase":"B","phases":1,"conductor":"4/0 AL URD triplex","feeder":"F1-01","designKVA":18.32}},{"type":"Feature","id":"electric-E348","geometry":{"type":"LineString","coordinates":[[-78.9408348,43.8676208],[-78.9410408,43.8675839],[-78.941102,43.8675265]]},"properties":{"kind":"service","tier":"service","placement":"underground","from":"electric-TX-00018","to":"electric-N-P-00110","lengthM":25.09,"voltageKV":0.24,"phase":"B","phases":1,"conductor":"4/0 AL URD triplex","feeder":"F1-01","designKVA":4.62}},{"type":"Feature","id":"electric-E349","geometry":{"type":"LineString","coordinates":[[-78.9408348,43.8676208],[-78.9408191,43.8676147],[-78.9407437,43.8676083]]},"properties":{"kind":"service","tier":"service","placement":"underground","from":"electric-TX-00018","to":"electric-N-P-00105","lengthM":7.52,"voltageKV":0.24,"phase":"B","phases":1,"conductor":"4/0 AL URD triplex","feeder":"F1-01","designKVA":4.68}},{"type":"Feature","id":"electric-E350","geometry":{"type":"LineString","coordinates":[[-78.9408348,43.8676208],[-78.9409748,43.8674317],[-78.9410269,43.8673575]]},"properties":{"kind":"service","tier":"service","placement":"underground","from":"electric-TX-00018","to":"electric-N-P-00111","lengthM":33.11,"voltageKV":0.24,"phase":"B","phases":1,"conductor":"4/0 AL URD triplex","feeder":"F1-01","designKVA":4.7}},{"type":"Feature","id":"electric-E351","geometry":{"type":"LineString","coordinates":[[-78.9408348,43.8676208],[-78.9407578,43.8674732],[-78.9406594,43.8674551]]},"properties":{"kind":"service","tier":"service","placement":"underground","from":"electric-TX-00018","to":"electric-N-P-00106","lengthM":25.7,"voltageKV":0.24,"phase":"B","phases":1,"conductor":"4/0 AL URD triplex","feeder":"F1-01","designKVA":5.44}},{"type":"Feature","id":"electric-E352","geometry":{"type":"LineString","coordinates":[[-78.9408348,43.8676208],[-78.9406949,43.8673282],[-78.9406208,43.867314]]},"properties":{"kind":"service","tier":"service","placement":"underground","from":"electric-TX-00018","to":"electric-N-P-00107","lengthM":40.6,"voltageKV":0.24,"phase":"B","phases":1,"conductor":"4/0 AL URD triplex","feeder":"F1-01","designKVA":5.99}},{"type":"Feature","id":"electric-E353","geometry":{"type":"LineString","coordinates":[[-78.9408348,43.8676208],[-78.9409082,43.8672779],[-78.9409644,43.8672189]]},"properties":{"kind":"service","tier":"service","placement":"underground","from":"electric-TX-00018","to":"electric-N-P-00112","lengthM":46.59,"voltageKV":0.24,"phase":"B","phases":1,"conductor":"4/0 AL URD triplex","feeder":"F1-01","designKVA":4.55}},{"type":"Feature","id":"electric-E355","geometry":{"type":"LineString","coordinates":[[-78.9406433,43.867179],[-78.9408458,43.867134],[-78.9408954,43.8670709]]},"properties":{"kind":"service","tier":"service","placement":"underground","from":"electric-TX-00019","to":"electric-N-P-00113","lengthM":25.07,"voltageKV":0.24,"phase":"B","phases":1,"conductor":"4/0 AL URD triplex","feeder":"F1-01","designKVA":5.56}},{"type":"Feature","id":"electric-E356","geometry":{"type":"LineString","coordinates":[[-78.9406433,43.867179],[-78.9406312,43.8671811],[-78.9405445,43.8671623]]},"properties":{"kind":"service","tier":"service","placement":"underground","from":"electric-TX-00019","to":"electric-N-P-00108","lengthM":8.26,"voltageKV":0.24,"phase":"B","phases":1,"conductor":"4/0 AL URD triplex","feeder":"F1-01","designKVA":5.69}},{"type":"Feature","id":"electric-E358","geometry":{"type":"LineString","coordinates":[[-78.9403807,43.8684522],[-78.9405087,43.8684318],[-78.94044,43.8684987]]},"properties":{"kind":"service","tier":"service","placement":"underground","from":"electric-TX-00020","to":"electric-N-P-00114","lengthM":19.79,"voltageKV":0.24,"phase":"B","phases":1,"conductor":"4/0 AL URD triplex","feeder":"F1-01","designKVA":6.57}},{"type":"Feature","id":"electric-E359","geometry":{"type":"LineString","coordinates":[[-78.9403807,43.8684522],[-78.9404331,43.8682794],[-78.9403743,43.8682399]]},"properties":{"kind":"service","tier":"service","placement":"underground","from":"electric-TX-00020","to":"electric-N-P-00116","lengthM":26.14,"voltageKV":0.24,"phase":"B","phases":1,"conductor":"4/0 AL URD triplex","feeder":"F1-01","designKVA":6.46}},{"type":"Feature","id":"electric-E360","geometry":{"type":"LineString","coordinates":[[-78.9403807,43.8684522],[-78.9401978,43.8683344],[-78.9401122,43.8682933]]},"properties":{"kind":"service","tier":"service","placement":"underground","from":"electric-TX-00020","to":"electric-N-P-00117","lengthM":27.93,"voltageKV":0.24,"phase":"B","phases":1,"conductor":"4/0 AL URD triplex","feeder":"F1-01","designKVA":4.0}},{"type":"Feature","id":"electric-E361","geometry":{"type":"LineString","coordinates":[[-78.9403807,43.8684522],[-78.9402613,43.8684895],[-78.9402252,43.8685523]]},"properties":{"kind":"service","tier":"service","placement":"underground","from":"electric-TX-00020","to":"electric-N-P-00115","lengthM":18.01,"voltageKV":0.24,"phase":"B","phases":1,"conductor":"4/0 AL URD triplex","feeder":"F1-01","designKVA":6.34}},{"type":"Feature","id":"electric-E363","geometry":{"type":"LineString","coordinates":[[-78.9408324,43.8706108],[-78.9409575,43.8709411],[-78.9408689,43.8709171]]},"properties":{"kind":"service","tier":"service","placement":"underground","from":"electric-TX-00021","to":"electric-N-P-00118","lengthM":45.71,"voltageKV":0.24,"phase":"C","phases":1,"conductor":"4/0 AL URD triplex","feeder":"F1-01","designKVA":2.33}},{"type":"Feature","id":"electric-E364","geometry":{"type":"LineString","coordinates":[[-78.9408324,43.8706108],[-78.9411691,43.8708869],[-78.9412175,43.8708384]]},"properties":{"kind":"service","tier":"service","placement":"underground","from":"electric-TX-00021","to":"electric-N-P-00125","lengthM":47.58,"voltageKV":0.24,"phase":"C","phases":1,"conductor":"4/0 AL URD triplex","feeder":"F1-01","designKVA":4.59}},{"type":"Feature","id":"electric-E365","geometry":{"type":"LineString","coordinates":[[-78.9408324,43.8706108],[-78.94089,43.8707798],[-78.9407992,43.8707575]]},"properties":{"kind":"service","tier":"service","placement":"underground","from":"electric-TX-00021","to":"electric-N-P-00119","lengthM":27.08,"voltageKV":0.24,"phase":"C","phases":1,"conductor":"4/0 AL URD triplex","feeder":"F1-01","designKVA":6.11}},{"type":"Feature","id":"electric-E366","geometry":{"type":"LineString","coordinates":[[-78.9408324,43.8706108],[-78.9411031,43.8707291],[-78.9411725,43.870681]]},"properties":{"kind":"service","tier":"service","placement":"underground","from":"electric-TX-00021","to":"electric-N-P-00126","lengthM":33.13,"voltageKV":0.24,"phase":"C","phases":1,"conductor":"4/0 AL URD triplex","feeder":"F1-01","designKVA":4.74}},{"type":"Feature","id":"electric-E367","geometry":{"type":"LineString","coordinates":[[-78.9408324,43.8706108],[-78.9408205,43.8706134],[-78.9407158,43.8705741]]},"properties":{"kind":"service","tier":"service","placement":"underground","from":"electric-TX-00021","to":"electric-N-P-00120","lengthM":10.47,"voltageKV":0.24,"phase":"C","phases":1,"conductor":"4/0 AL URD triplex","feeder":"F1-01","designKVA":4.77}},{"type":"Feature","id":"electric-E368","geometry":{"type":"LineString","coordinates":[[-78.9408324,43.8706108],[-78.9410352,43.8705667],[-78.9410804,43.8705153]]},"properties":{"kind":"service","tier":"service","placement":"underground","from":"electric-TX-00021","to":"electric-N-P-00127","lengthM":23.78,"voltageKV":0.24,"phase":"C","phases":1,"conductor":"4/0 AL URD triplex","feeder":"F1-01","designKVA":6.34}},{"type":"Feature","id":"electric-E369","geometry":{"type":"LineString","coordinates":[[-78.9408324,43.8706108],[-78.9409676,43.8704051],[-78.941034,43.8703605]]},"properties":{"kind":"service","tier":"service","placement":"underground","from":"electric-TX-00021","to":"electric-N-P-00128","lengthM":32.62,"voltageKV":0.24,"phase":"C","phases":1,"conductor":"4/0 AL URD triplex","feeder":"F1-01","designKVA":10.63}},{"type":"Feature","id":"electric-E370","geometry":{"type":"LineString","coordinates":[[-78.9408324,43.8706108],[-78.9407521,43.87045],[-78.9406599,43.8704387]]},"properties":{"kind":"service","tier":"service","placement":"underground","from":"electric-TX-00021","to":"electric-N-P-00121","lengthM":26.53,"voltageKV":0.24,"phase":"C","phases":1,"conductor":"4/0 AL URD triplex","feeder":"F1-01","designKVA":6.05}},{"type":"Feature","id":"electric-E371","geometry":{"type":"LineString","coordinates":[[-78.9408324,43.8706108],[-78.9409035,43.8702518],[-78.9409657,43.8702]]},"properties":{"kind":"service","tier":"service","placement":"underground","from":"electric-TX-00021","to":"electric-N-P-00129","lengthM":48.0,"voltageKV":0.24,"phase":"C","phases":1,"conductor":"4/0 AL URD triplex","feeder":"F1-01","designKVA":10.96}},{"type":"Feature","id":"electric-E372","geometry":{"type":"LineString","coordinates":[[-78.9408324,43.8706108],[-78.9406859,43.8702917],[-78.9406053,43.8702593]]},"properties":{"kind":"service","tier":"service","placement":"underground","from":"electric-TX-00021","to":"electric-N-P-00122","lengthM":44.83,"voltageKV":0.24,"phase":"C","phases":1,"conductor":"4/0 AL URD triplex","feeder":"F1-01","designKVA":5.46}},{"type":"Feature","id":"electric-E374","geometry":{"type":"LineString","coordinates":[[-78.9405988,43.8700521],[-78.9406208,43.870136],[-78.9405192,43.8701024]]},"properties":{"kind":"service","tier":"service","placement":"underground","from":"electric-TX-00022","to":"electric-N-P-00123","lengthM":18.47,"voltageKV":0.24,"phase":"C","phases":1,"conductor":"4/0 AL URD triplex","feeder":"F1-01","designKVA":11.26}},{"type":"Feature","id":"electric-E375","geometry":{"type":"LineString","coordinates":[[-78.9405988,43.8700521],[-78.9408356,43.8700892],[-78.9408875,43.8700435]]},"properties":{"kind":"service","tier":"service","placement":"underground","from":"electric-TX-00022","to":"electric-N-P-00130","lengthM":26.03,"voltageKV":0.24,"phase":"C","phases":1,"conductor":"4/0 AL URD triplex","feeder":"F1-01","designKVA":6.2}},{"type":"Feature","id":"electric-E376","geometry":{"type":"LineString","coordinates":[[-78.9405988,43.8700521],[-78.9405528,43.8699734],[-78.9404583,43.8699373]]},"properties":{"kind":"service","tier":"service","placement":"underground","from":"electric-TX-00022","to":"electric-N-P-00124","lengthM":18.09,"voltageKV":0.24,"phase":"C","phases":1,"conductor":"4/0 AL URD triplex","feeder":"F1-01","designKVA":13.24}},{"type":"Feature","id":"electric-E377","geometry":{"type":"LineString","coordinates":[[-78.9405988,43.8700521],[-78.9407671,43.8699254],[-78.9408183,43.8698635]]},"properties":{"kind":"service","tier":"service","placement":"underground","from":"electric-TX-00022","to":"electric-N-P-00131","lengthM":27.55,"voltageKV":0.24,"phase":"C","phases":1,"conductor":"4/0 AL URD triplex","feeder":"F1-01","designKVA":5.62}},{"type":"Feature","id":"electric-E379","geometry":{"type":"LineString","coordinates":[[-78.9405451,43.8712963],[-78.940549,43.8713048],[-78.9405142,43.871364]]},"properties":{"kind":"service","tier":"service","placement":"underground","from":"electric-TX-00023","to":"electric-N-P-00132","lengthM":8.16,"voltageKV":0.24,"phase":"ABC","phases":1,"conductor":"4/0 AL URD triplex","feeder":"F1-01","designKVA":5.91}},{"type":"Feature","id":"electric-E380","geometry":{"type":"LineString","coordinates":[[-78.9405451,43.8712963],[-78.9404672,43.8711162],[-78.9404155,43.8710708]]},"properties":{"kind":"service","tier":"service","placement":"underground","from":"electric-TX-00023","to":"electric-N-P-00133","lengthM":27.54,"voltageKV":0.24,"phase":"ABC","phases":1,"conductor":"4/0 AL URD triplex","feeder":"F1-01","designKVA":4.54}},{"type":"Feature","id":"electric-E382","geometry":{"type":"LineString","coordinates":[[-78.9404303,43.869658],[-78.9404184,43.8696607],[-78.9403301,43.8696319]]},"properties":{"kind":"service","tier":"service","placement":"underground","from":"electric-TX-00024","to":"electric-N-P-00134","lengthM":8.78,"voltageKV":0.24,"phase":"C","phases":1,"conductor":"4/0 AL URD triplex","feeder":"F1-01","designKVA":5.52}},{"type":"Feature","id":"electric-E384","geometry":{"type":"LineString","coordinates":[[-78.9397943,43.8700419],[-78.9400186,43.8700021],[-78.940015,43.8700514]]},"properties":{"kind":"service","tier":"service","placement":"underground","from":"electric-TX-00025","to":"electric-N-P-00135","lengthM":24.04,"voltageKV":0.24,"phase":"C","phases":1,"conductor":"4/0 AL URD triplex","feeder":"F1-01","designKVA":4.5}},{"type":"Feature","id":"electric-E385","geometry":{"type":"LineString","coordinates":[[-78.9397943,43.8700419],[-78.9399323,43.869852],[-78.9398721,43.8698041]]},"properties":{"kind":"service","tier":"service","placement":"underground","from":"electric-TX-00025","to":"electric-N-P-00138","lengthM":31.06,"voltageKV":0.24,"phase":"C","phases":1,"conductor":"4/0 AL URD triplex","feeder":"F1-01","designKVA":5.6}},{"type":"Feature","id":"electric-E386","geometry":{"type":"LineString","coordinates":[[-78.9397943,43.8700419],[-78.9398124,43.8700473],[-78.9397835,43.8701127]]},"properties":{"kind":"service","tier":"service","placement":"underground","from":"electric-TX-00025","to":"electric-N-P-00136","lengthM":9.21,"voltageKV":0.24,"phase":"C","phases":1,"conductor":"4/0 AL URD triplex","feeder":"F1-01","designKVA":5.6}},{"type":"Feature","id":"electric-E387","geometry":{"type":"LineString","coordinates":[[-78.9397943,43.8700419],[-78.9397181,43.869899],[-78.9396666,43.8698557]]},"properties":{"kind":"service","tier":"service","placement":"underground","from":"electric-TX-00025","to":"electric-N-P-00139","lengthM":23.39,"voltageKV":0.24,"phase":"C","phases":1,"conductor":"4/0 AL URD triplex","feeder":"F1-01","designKVA":5.46}},{"type":"Feature","id":"electric-E388","geometry":{"type":"LineString","coordinates":[[-78.9397943,43.8700419],[-78.9396027,43.8700934],[-78.9395568,43.8701614]]},"properties":{"kind":"service","tier":"service","placement":"underground","from":"electric-TX-00025","to":"electric-N-P-00137","lengthM":24.83,"voltageKV":0.24,"phase":"C","phases":1,"conductor":"4/0 AL URD triplex","feeder":"F1-01","designKVA":2.5}},{"type":"Feature","id":"electric-E389","geometry":{"type":"LineString","coordinates":[[-78.9397943,43.8700419],[-78.9395202,43.8699424],[-78.9394776,43.8698878]]},"properties":{"kind":"service","tier":"service","placement":"underground","from":"electric-TX-00025","to":"electric-N-P-00140","lengthM":31.6,"voltageKV":0.24,"phase":"C","phases":1,"conductor":"4/0 AL URD triplex","feeder":"F1-01","designKVA":10.66}},{"type":"Feature","id":"electric-E391","geometry":{"type":"LineString","coordinates":[[-78.9401679,43.8690652],[-78.9402858,43.8693613],[-78.9401992,43.8693585]]},"properties":{"kind":"service","tier":"service","placement":"underground","from":"electric-TX-00026","to":"electric-N-P-00141","lengthM":41.25,"voltageKV":0.24,"phase":"C","phases":1,"conductor":"4/0 AL URD triplex","feeder":"F1-01","designKVA":5.89}},{"type":"Feature","id":"electric-E392","geometry":{"type":"LineString","coordinates":[[-78.9401679,43.8690652],[-78.9402198,43.8692121],[-78.9401321,43.8691891]]},"properties":{"kind":"service","tier":"service","placement":"underground","from":"electric-TX-00026","to":"electric-N-P-00142","lengthM":24.37,"voltageKV":0.24,"phase":"C","phases":1,"conductor":"4/0 AL URD triplex","feeder":"F1-01","designKVA":4.18}},{"type":"Feature","id":"electric-E393","geometry":{"type":"LineString","coordinates":[[-78.9401679,43.8690652],[-78.9403701,43.8690196],[-78.9404149,43.8689539]]},"properties":{"kind":"service","tier":"service","placement":"underground","from":"electric-TX-00026","to":"electric-N-P-00147","lengthM":25.15,"voltageKV":0.24,"phase":"C","phases":1,"conductor":"4/0 AL URD triplex","feeder":"F1-01","designKVA":9.32}},{"type":"Feature","id":"electric-E394","geometry":{"type":"LineString","coordinates":[[-78.9401679,43.8690652],[-78.9401561,43.8690679],[-78.9400736,43.8690552]]},"properties":{"kind":"service","tier":"service","placement":"underground","from":"electric-TX-00026","to":"electric-N-P-00143","lengthM":7.77,"voltageKV":0.24,"phase":"C","phases":1,"conductor":"4/0 AL URD triplex","feeder":"F1-01","designKVA":5.43}},{"type":"Feature","id":"electric-E395","geometry":{"type":"LineString","coordinates":[[-78.9401679,43.8690652],[-78.9403081,43.8688794],[-78.9403567,43.868814]]},"properties":{"kind":"service","tier":"service","placement":"underground","from":"electric-TX-00026","to":"electric-N-P-00148","lengthM":31.81,"voltageKV":0.24,"phase":"C","phases":1,"conductor":"4/0 AL URD triplex","feeder":"F1-01","designKVA":2.05}},{"type":"Feature","id":"electric-E396","geometry":{"type":"LineString","coordinates":[[-78.9401679,43.8690652],[-78.9400942,43.868928],[-78.9400028,43.8688856]]},"properties":{"kind":"service","tier":"service","placement":"underground","from":"electric-TX-00026","to":"electric-N-P-00144","lengthM":25.1,"voltageKV":0.24,"phase":"C","phases":1,"conductor":"4/0 AL URD triplex","feeder":"F1-01","designKVA":4.81}},{"type":"Feature","id":"electric-E397","geometry":{"type":"LineString","coordinates":[[-78.9401679,43.8690652],[-78.9400298,43.8687823],[-78.9399396,43.8687614]]},"properties":{"kind":"service","tier":"service","placement":"underground","from":"electric-TX-00026","to":"electric-N-P-00145","lengthM":40.99,"voltageKV":0.24,"phase":"C","phases":1,"conductor":"4/0 AL URD triplex","feeder":"F1-01","designKVA":4.52}},{"type":"Feature","id":"electric-E399","geometry":{"type":"LineString","coordinates":[[-78.9401538,43.8685955],[-78.9398707,43.8686337]]},"properties":{"kind":"service","tier":"service","placement":"overhead","from":"electric-TX-00027","to":"electric-N-P-00146","lengthM":23.11,"voltageKV":0.24,"phase":"B","phases":1,"conductor":"1/0 AL triplex","feeder":"F1-01","designKVA":4.38}},{"type":"Feature","id":"electric-E401","geometry":{"type":"LineString","coordinates":[[-78.9399572,43.8717331],[-78.9400382,43.871947],[-78.9399597,43.871944]]},"properties":{"kind":"service","tier":"service","placement":"underground","from":"electric-TX-00028","to":"electric-N-P-00149","lengthM":30.99,"voltageKV":0.24,"phase":"A","phases":1,"conductor":"4/0 AL URD triplex","feeder":"F1-01","designKVA":18.71}},{"type":"Feature","id":"electric-E402","geometry":{"type":"LineString","coordinates":[[-78.9399572,43.8717331],[-78.9402512,43.8718964],[-78.9402976,43.8718415]]},"properties":{"kind":"service","tier":"service","placement":"underground","from":"electric-TX-00028","to":"electric-N-P-00153","lengthM":36.94,"voltageKV":0.24,"phase":"A","phases":1,"conductor":"4/0 AL URD triplex","feeder":"F1-01","designKVA":5.76}},{"type":"Feature","id":"electric-E403","geometry":{"type":"LineString","coordinates":[[-78.9399572,43.8717331],[-78.9401893,43.8717556],[-78.9402556,43.8717125]]},"properties":{"kind":"service","tier":"service","placement":"underground","from":"electric-TX-00028","to":"electric-N-P-00154","lengthM":25.95,"voltageKV":0.24,"phase":"A","phases":1,"conductor":"4/0 AL URD triplex","feeder":"F1-01","designKVA":5.55}},{"type":"Feature","id":"electric-E404","geometry":{"type":"LineString","coordinates":[[-78.9399572,43.8717331],[-78.9399754,43.8718043],[-78.9398943,43.8717898]]},"properties":{"kind":"service","tier":"service","placement":"underground","from":"electric-TX-00028","to":"electric-N-P-00150","lengthM":14.76,"voltageKV":0.24,"phase":"A","phases":1,"conductor":"4/0 AL URD triplex","feeder":"F1-01","designKVA":5.75}},{"type":"Feature","id":"electric-E405","geometry":{"type":"LineString","coordinates":[[-78.9399572,43.8717331],[-78.9399153,43.8716674],[-78.939836,43.8716654]]},"properties":{"kind":"service","tier":"service","placement":"underground","from":"electric-TX-00028","to":"electric-N-P-00151","lengthM":14.42,"voltageKV":0.24,"phase":"A","phases":1,"conductor":"4/0 AL URD triplex","feeder":"F1-01","designKVA":13.0}},{"type":"Feature","id":"electric-E406","geometry":{"type":"LineString","coordinates":[[-78.9399572,43.8717331],[-78.9401271,43.871614],[-78.9401785,43.8715559]]},"properties":{"kind":"service","tier":"service","placement":"underground","from":"electric-TX-00028","to":"electric-N-P-00155","lengthM":26.69,"voltageKV":0.24,"phase":"A","phases":1,"conductor":"4/0 AL URD triplex","feeder":"F1-01","designKVA":5.63}},{"type":"Feature","id":"electric-E407","geometry":{"type":"LineString","coordinates":[[-78.9399572,43.8717331],[-78.9398519,43.8715238],[-78.9397759,43.8714922]]},"properties":{"kind":"service","tier":"service","placement":"underground","from":"electric-TX-00028","to":"electric-N-P-00152","lengthM":31.83,"voltageKV":0.24,"phase":"A","phases":1,"conductor":"4/0 AL URD triplex","feeder":"F1-01","designKVA":5.72}},{"type":"Feature","id":"electric-E408","geometry":{"type":"LineString","coordinates":[[-78.9399572,43.8717331],[-78.9400654,43.8714745],[-78.9401167,43.8714187]]},"properties":{"kind":"service","tier":"service","placement":"underground","from":"electric-TX-00028","to":"electric-N-P-00156","lengthM":37.52,"voltageKV":0.24,"phase":"A","phases":1,"conductor":"4/0 AL URD triplex","feeder":"F1-01","designKVA":5.69}},{"type":"Feature","id":"electric-E410","geometry":{"type":"LineString","coordinates":[[-78.9392475,43.8685792],[-78.9396279,43.8683942]]},"properties":{"kind":"service","tier":"service","placement":"overhead","from":"electric-TX-00029","to":"electric-N-P-00159","lengthM":36.83,"voltageKV":0.24,"phase":"B","phases":1,"conductor":"1/0 AL triplex","feeder":"F1-01","designKVA":4.66}},{"type":"Feature","id":"electric-E411","geometry":{"type":"LineString","coordinates":[[-78.9392475,43.8685792],[-78.9393885,43.8684556]]},"properties":{"kind":"service","tier":"service","placement":"overhead","from":"electric-TX-00029","to":"electric-N-P-00160","lengthM":17.81,"voltageKV":0.24,"phase":"B","phases":1,"conductor":"1/0 AL triplex","feeder":"F1-01","designKVA":4.71}},{"type":"Feature","id":"electric-E412","geometry":{"type":"LineString","coordinates":[[-78.9392475,43.8685792],[-78.939179,43.8685048]]},"properties":{"kind":"service","tier":"service","placement":"overhead","from":"electric-TX-00029","to":"electric-N-P-00161","lengthM":9.94,"voltageKV":0.24,"phase":"B","phases":1,"conductor":"1/0 AL triplex","feeder":"F1-01","designKVA":1.2}},{"type":"Feature","id":"electric-E413","geometry":{"type":"LineString","coordinates":[[-78.9392475,43.8685792],[-78.9392627,43.8687963]]},"properties":{"kind":"service","tier":"service","placement":"overhead","from":"electric-TX-00029","to":"electric-N-P-00157","lengthM":24.19,"voltageKV":0.24,"phase":"B","phases":1,"conductor":"1/0 AL triplex","feeder":"F1-01","designKVA":13.17}},{"type":"Feature","id":"electric-E414","geometry":{"type":"LineString","coordinates":[[-78.9392475,43.8685792],[-78.9389075,43.8685615]]},"properties":{"kind":"service","tier":"service","placement":"overhead","from":"electric-TX-00029","to":"electric-N-P-00162","lengthM":27.36,"voltageKV":0.24,"phase":"B","phases":1,"conductor":"1/0 AL triplex","feeder":"F1-01","designKVA":4.77}},{"type":"Feature","id":"electric-E415","geometry":{"type":"LineString","coordinates":[[-78.9392475,43.8685792],[-78.9390016,43.8688517]]},"properties":{"kind":"service","tier":"service","placement":"overhead","from":"electric-TX-00029","to":"electric-N-P-00158","lengthM":36.18,"voltageKV":0.24,"phase":"B","phases":1,"conductor":"1/0 AL triplex","feeder":"F1-01","designKVA":11.55}},{"type":"Feature","id":"electric-E417","geometry":{"type":"LineString","coordinates":[[-78.939883,43.8679717],[-78.9395982,43.868007]]},"properties":{"kind":"service","tier":"service","placement":"overhead","from":"electric-TX-00030","to":"electric-N-P-00163","lengthM":23.19,"voltageKV":0.24,"phase":"B","phases":1,"conductor":"1/0 AL triplex","feeder":"F1-01","designKVA":4.47}},{"type":"Feature","id":"electric-E419","geometry":{"type":"LineString","coordinates":[[-78.9398599,43.8678821],[-78.9399061,43.8679587],[-78.939966,43.8678947]]},"properties":{"kind":"service","tier":"service","placement":"underground","from":"electric-TX-00031","to":"electric-N-P-00180","lengthM":17.89,"voltageKV":0.24,"phase":"B","phases":1,"conductor":"4/0 AL URD triplex","feeder":"F1-01","designKVA":7.61}},{"type":"Feature","id":"electric-E420","geometry":{"type":"LineString","coordinates":[[-78.9398599,43.8678821],[-78.9398374,43.8678002],[-78.9399036,43.8677402]]},"properties":{"kind":"service","tier":"service","placement":"underground","from":"electric-TX-00031","to":"electric-N-P-00181","lengthM":17.83,"voltageKV":0.24,"phase":"B","phases":1,"conductor":"4/0 AL URD triplex","feeder":"F1-01","designKVA":4.52}},{"type":"Feature","id":"electric-E422","geometry":{"type":"LineString","coordinates":[[-78.9397092,43.8675707],[-78.9395233,43.8678329]]},"properties":{"kind":"service","tier":"service","placement":"overhead","from":"electric-TX-00032","to":"electric-N-P-00164","lengthM":32.77,"voltageKV":0.24,"phase":"B","phases":1,"conductor":"1/0 AL triplex","feeder":"F1-01","designKVA":4.49}},{"type":"Feature","id":"electric-E423","geometry":{"type":"LineString","coordinates":[[-78.9397092,43.8675707],[-78.939844,43.8675757]]},"properties":{"kind":"service","tier":"service","placement":"overhead","from":"electric-TX-00032","to":"electric-N-P-00182","lengthM":10.84,"voltageKV":0.24,"phase":"B","phases":1,"conductor":"1/0 AL triplex","feeder":"F1-01","designKVA":5.37}},{"type":"Feature","id":"electric-E424","geometry":{"type":"LineString","coordinates":[[-78.9397092,43.8675707],[-78.9394417,43.8676705]]},"properties":{"kind":"service","tier":"service","placement":"overhead","from":"electric-TX-00032","to":"electric-N-P-00165","lengthM":24.17,"voltageKV":0.24,"phase":"B","phases":1,"conductor":"1/0 AL triplex","feeder":"F1-01","designKVA":4.42}},{"type":"Feature","id":"electric-E425","geometry":{"type":"LineString","coordinates":[[-78.9397092,43.8675707],[-78.9393898,43.8675302]]},"properties":{"kind":"service","tier":"service","placement":"overhead","from":"electric-TX-00032","to":"electric-N-P-00166","lengthM":26.02,"voltageKV":0.24,"phase":"B","phases":1,"conductor":"1/0 AL triplex","feeder":"F1-01","designKVA":5.55}},{"type":"Feature","id":"electric-E426","geometry":{"type":"LineString","coordinates":[[-78.9397092,43.8675707],[-78.9397598,43.8674281]]},"properties":{"kind":"service","tier":"service","placement":"overhead","from":"electric-TX-00032","to":"electric-N-P-00183","lengthM":16.4,"voltageKV":0.24,"phase":"B","phases":1,"conductor":"1/0 AL triplex","feeder":"F1-01","designKVA":11.8}},{"type":"Feature","id":"electric-E427","geometry":{"type":"LineString","coordinates":[[-78.9397092,43.8675707],[-78.9397112,43.8672674]]},"properties":{"kind":"service","tier":"service","placement":"overhead","from":"electric-TX-00032","to":"electric-N-P-00184","lengthM":33.77,"voltageKV":0.24,"phase":"B","phases":1,"conductor":"1/0 AL triplex","feeder":"F1-01","designKVA":9.34}},{"type":"Feature","id":"electric-E429","geometry":{"type":"LineString","coordinates":[[-78.9395055,43.8671012],[-78.9393202,43.8673741]]},"properties":{"kind":"service","tier":"service","placement":"overhead","from":"electric-TX-00033","to":"electric-N-P-00167","lengthM":33.82,"voltageKV":0.24,"phase":"B","phases":1,"conductor":"1/0 AL triplex","feeder":"F1-01","designKVA":4.48}},{"type":"Feature","id":"electric-E430","geometry":{"type":"LineString","coordinates":[[-78.9395055,43.8671012],[-78.9396207,43.8671]]},"properties":{"kind":"service","tier":"service","placement":"overhead","from":"electric-TX-00033","to":"electric-N-P-00185","lengthM":9.25,"voltageKV":0.24,"phase":"B","phases":1,"conductor":"1/0 AL triplex","feeder":"F1-01","designKVA":5.6}},{"type":"Feature","id":"electric-E431","geometry":{"type":"LineString","coordinates":[[-78.9395055,43.8671012],[-78.9392415,43.8671892]]},"properties":{"kind":"service","tier":"service","placement":"overhead","from":"electric-TX-00033","to":"electric-N-P-00168","lengthM":23.34,"voltageKV":0.24,"phase":"B","phases":1,"conductor":"1/0 AL triplex","feeder":"F1-01","designKVA":9.53}},{"type":"Feature","id":"electric-E432","geometry":{"type":"LineString","coordinates":[[-78.9395055,43.8671012],[-78.9391898,43.8670473]]},"properties":{"kind":"service","tier":"service","placement":"overhead","from":"electric-TX-00033","to":"electric-N-P-00169","lengthM":26.03,"voltageKV":0.24,"phase":"B","phases":1,"conductor":"1/0 AL triplex","feeder":"F1-01","designKVA":4.47}},{"type":"Feature","id":"electric-E433","geometry":{"type":"LineString","coordinates":[[-78.9395055,43.8671012],[-78.9395635,43.8669325]]},"properties":{"kind":"service","tier":"service","placement":"overhead","from":"electric-TX-00033","to":"electric-N-P-00186","lengthM":19.36,"voltageKV":0.24,"phase":"B","phases":1,"conductor":"1/0 AL triplex","feeder":"F1-01","designKVA":4.54}},{"type":"Feature","id":"electric-E434","geometry":{"type":"LineString","coordinates":[[-78.9395055,43.8671012],[-78.9388796,43.8667521]]},"properties":{"kind":"service","tier":"service","placement":"overhead","from":"electric-TX-00033","to":"electric-N-P-00187","lengthM":63.51,"voltageKV":0.24,"phase":"B","phases":1,"conductor":"1/0 AL triplex","feeder":"F1-01","designKVA":5.49}},{"type":"Feature","id":"electric-E436","geometry":{"type":"LineString","coordinates":[[-78.9384866,43.866874],[-78.938854,43.8669907]]},"properties":{"kind":"service","tier":"service","placement":"overhead","from":"electric-TX-00034","to":"electric-N-P-00170","lengthM":32.22,"voltageKV":0.24,"phase":"B","phases":1,"conductor":"1/0 AL triplex","feeder":"F1-01","designKVA":0.39}},{"type":"Feature","id":"electric-E437","geometry":{"type":"LineString","coordinates":[[-78.9384866,43.866874],[-78.9386365,43.8670574]]},"properties":{"kind":"service","tier":"service","placement":"overhead","from":"electric-TX-00034","to":"electric-N-P-00171","lengthM":23.69,"voltageKV":0.24,"phase":"B","phases":1,"conductor":"1/0 AL triplex","feeder":"F1-01","designKVA":0.84}},{"type":"Feature","id":"electric-E438","geometry":{"type":"LineString","coordinates":[[-78.9384866,43.866874],[-78.9384272,43.867106]]},"properties":{"kind":"service","tier":"service","placement":"overhead","from":"electric-TX-00034","to":"electric-N-P-00172","lengthM":26.26,"voltageKV":0.24,"phase":"B","phases":1,"conductor":"1/0 AL triplex","feeder":"F1-01","designKVA":4.58}},{"type":"Feature","id":"electric-E439","geometry":{"type":"LineString","coordinates":[[-78.9384866,43.866874],[-78.938031,43.8674041]]},"properties":{"kind":"service","tier":"service","placement":"overhead","from":"electric-TX-00034","to":"electric-N-P-00188","lengthM":69.42,"voltageKV":0.24,"phase":"B","phases":1,"conductor":"1/0 AL triplex","feeder":"F1-01","designKVA":6.01}},{"type":"Feature","id":"electric-E441","geometry":{"type":"LineString","coordinates":[[-78.9382145,43.867572],[-78.9383808,43.8673136]]},"properties":{"kind":"service","tier":"service","placement":"overhead","from":"electric-TX-00035","to":"electric-N-P-00173","lengthM":31.71,"voltageKV":0.24,"phase":"B","phases":1,"conductor":"1/0 AL triplex","feeder":"F1-01","designKVA":11.42}},{"type":"Feature","id":"electric-E442","geometry":{"type":"LineString","coordinates":[[-78.9382145,43.867572],[-78.9381075,43.8675317]]},"properties":{"kind":"service","tier":"service","placement":"overhead","from":"electric-TX-00035","to":"electric-N-P-00189","lengthM":9.69,"voltageKV":0.24,"phase":"B","phases":1,"conductor":"1/0 AL triplex","feeder":"F1-01","designKVA":6.12}},{"type":"Feature","id":"electric-E443","geometry":{"type":"LineString","coordinates":[[-78.9382145,43.867572],[-78.9384697,43.867458]]},"properties":{"kind":"service","tier":"service","placement":"overhead","from":"electric-TX-00035","to":"electric-N-P-00174","lengthM":24.1,"voltageKV":0.24,"phase":"B","phases":1,"conductor":"1/0 AL triplex","feeder":"F1-01","designKVA":4.51}},{"type":"Feature","id":"electric-E444","geometry":{"type":"LineString","coordinates":[[-78.9382145,43.867572],[-78.9381771,43.8677062]]},"properties":{"kind":"service","tier":"service","placement":"overhead","from":"electric-TX-00035","to":"electric-N-P-00190","lengthM":15.23,"voltageKV":0.24,"phase":"B","phases":1,"conductor":"1/0 AL triplex","feeder":"F1-01","designKVA":12.9}},{"type":"Feature","id":"electric-E445","geometry":{"type":"LineString","coordinates":[[-78.9382145,43.867572],[-78.9385518,43.8676417]]},"properties":{"kind":"service","tier":"service","placement":"overhead","from":"electric-TX-00035","to":"electric-N-P-00175","lengthM":28.16,"voltageKV":0.24,"phase":"B","phases":1,"conductor":"1/0 AL triplex","feeder":"F1-01","designKVA":4.59}},{"type":"Feature","id":"electric-E446","geometry":{"type":"LineString","coordinates":[[-78.9382145,43.867572],[-78.9382454,43.8678613]]},"properties":{"kind":"service","tier":"service","placement":"overhead","from":"electric-TX-00035","to":"electric-N-P-00191","lengthM":32.29,"voltageKV":0.24,"phase":"B","phases":1,"conductor":"1/0 AL triplex","feeder":"F1-01","designKVA":5.54}},{"type":"Feature","id":"electric-E448","geometry":{"type":"LineString","coordinates":[[-78.9384134,43.8680516],[-78.9385927,43.8677853]]},"properties":{"kind":"service","tier":"service","placement":"overhead","from":"electric-TX-00036","to":"electric-N-P-00176","lengthM":32.95,"voltageKV":0.24,"phase":"B","phases":1,"conductor":"1/0 AL triplex","feeder":"F1-01","designKVA":4.52}},{"type":"Feature","id":"electric-E449","geometry":{"type":"LineString","coordinates":[[-78.9384134,43.8680516],[-78.9383082,43.8680289]]},"properties":{"kind":"service","tier":"service","placement":"overhead","from":"electric-TX-00036","to":"electric-N-P-00192","lengthM":8.81,"voltageKV":0.24,"phase":"B","phases":1,"conductor":"1/0 AL triplex","feeder":"F1-01","designKVA":2.86}},{"type":"Feature","id":"electric-E450","geometry":{"type":"LineString","coordinates":[[-78.9384134,43.8680516],[-78.9386781,43.8679552]]},"properties":{"kind":"service","tier":"service","placement":"overhead","from":"electric-TX-00036","to":"electric-N-P-00177","lengthM":23.8,"voltageKV":0.24,"phase":"B","phases":1,"conductor":"1/0 AL triplex","feeder":"F1-01","designKVA":4.49}},{"type":"Feature","id":"electric-E451","geometry":{"type":"LineString","coordinates":[[-78.9384134,43.8680516],[-78.9383666,43.8682046]]},"properties":{"kind":"service","tier":"service","placement":"overhead","from":"electric-TX-00036","to":"electric-N-P-00193","lengthM":17.44,"voltageKV":0.24,"phase":"B","phases":1,"conductor":"1/0 AL triplex","feeder":"F1-01","designKVA":5.47}},{"type":"Feature","id":"electric-E452","geometry":{"type":"LineString","coordinates":[[-78.9384134,43.8680516],[-78.9387444,43.8681092]]},"properties":{"kind":"service","tier":"service","placement":"overhead","from":"electric-TX-00036","to":"electric-N-P-00178","lengthM":27.32,"voltageKV":0.24,"phase":"B","phases":1,"conductor":"1/0 AL triplex","feeder":"F1-01","designKVA":4.48}},{"type":"Feature","id":"electric-E453","geometry":{"type":"LineString","coordinates":[[-78.9384134,43.8680516],[-78.9384167,43.868357]]},"properties":{"kind":"service","tier":"service","placement":"overhead","from":"electric-TX-00036","to":"electric-N-P-00194","lengthM":34.0,"voltageKV":0.24,"phase":"B","phases":1,"conductor":"1/0 AL triplex","feeder":"F1-01","designKVA":4.63}},{"type":"Feature","id":"electric-E455","geometry":{"type":"LineString","coordinates":[[-78.9385761,43.8684437],[-78.9387905,43.8682732]]},"properties":{"kind":"service","tier":"service","placement":"overhead","from":"electric-TX-00037","to":"electric-N-P-00179","lengthM":25.62,"voltageKV":0.24,"phase":"B","phases":1,"conductor":"1/0 AL triplex","feeder":"F1-01","designKVA":11.93}},{"type":"Feature","id":"electric-E456","geometry":{"type":"LineString","coordinates":[[-78.9385761,43.8684437],[-78.9384878,43.8685271]]},"properties":{"kind":"service","tier":"service","placement":"overhead","from":"electric-TX-00037","to":"electric-N-P-00195","lengthM":11.68,"voltageKV":0.24,"phase":"B","phases":1,"conductor":"1/0 AL triplex","feeder":"F1-01","designKVA":4.69}},{"type":"Feature","id":"electric-E457","geometry":{"type":"LineString","coordinates":[[-78.9385761,43.8684437],[-78.9385641,43.8686814]]},"properties":{"kind":"service","tier":"service","placement":"overhead","from":"electric-TX-00037","to":"electric-N-P-00196","lengthM":26.48,"voltageKV":0.24,"phase":"B","phases":1,"conductor":"1/0 AL triplex","feeder":"F1-01","designKVA":4.36}},{"type":"Feature","id":"electric-E459","geometry":{"type":"LineString","coordinates":[[-78.9395963,43.8708886],[-78.9399349,43.8711653],[-78.939979,43.8711192]]},"properties":{"kind":"service","tier":"service","placement":"underground","from":"electric-TX-00038","to":"electric-N-P-00204","lengthM":47.31,"voltageKV":0.24,"phase":"A","phases":1,"conductor":"4/0 AL URD triplex","feeder":"F1-01","designKVA":4.57}},{"type":"Feature","id":"electric-E460","geometry":{"type":"LineString","coordinates":[[-78.9395963,43.8708886],[-78.9397201,43.8712119],[-78.9396321,43.8711737]]},"properties":{"kind":"service","tier":"service","placement":"underground","from":"electric-TX-00038","to":"electric-N-P-00197","lengthM":45.57,"voltageKV":0.24,"phase":"A","phases":1,"conductor":"4/0 AL URD triplex","feeder":"F1-01","designKVA":6.5}},{"type":"Feature","id":"electric-E461","geometry":{"type":"LineString","coordinates":[[-78.9395963,43.8708886],[-78.9398666,43.8710041],[-78.9399202,43.8709633]]},"properties":{"kind":"service","tier":"service","placement":"underground","from":"electric-TX-00038","to":"electric-N-P-00205","lengthM":31.48,"voltageKV":0.24,"phase":"A","phases":1,"conductor":"4/0 AL URD triplex","feeder":"F1-01","designKVA":19.34}},{"type":"Feature","id":"electric-E462","geometry":{"type":"LineString","coordinates":[[-78.9395963,43.8708886],[-78.9396491,43.8710445],[-78.939566,43.8710221]]},"properties":{"kind":"service","tier":"service","placement":"underground","from":"electric-TX-00038","to":"electric-N-P-00198","lengthM":24.99,"voltageKV":0.24,"phase":"A","phases":1,"conductor":"4/0 AL URD triplex","feeder":"F1-01","designKVA":13.54}},{"type":"Feature","id":"electric-E463","geometry":{"type":"LineString","coordinates":[[-78.9395963,43.8708886],[-78.9397996,43.8708457],[-78.9398726,43.8708082]]},"properties":{"kind":"service","tier":"service","placement":"underground","from":"electric-TX-00038","to":"electric-N-P-00206","lengthM":24.19,"voltageKV":0.24,"phase":"A","phases":1,"conductor":"4/0 AL URD triplex","feeder":"F1-01","designKVA":5.82}},{"type":"Feature","id":"electric-E464","geometry":{"type":"LineString","coordinates":[[-78.9395963,43.8708886],[-78.9395837,43.8708896],[-78.9394891,43.8708586]]},"properties":{"kind":"service","tier":"service","placement":"underground","from":"electric-TX-00038","to":"electric-N-P-00199","lengthM":9.35,"voltageKV":0.24,"phase":"A","phases":1,"conductor":"4/0 AL URD triplex","feeder":"F1-01","designKVA":13.34}},{"type":"Feature","id":"electric-E465","geometry":{"type":"LineString","coordinates":[[-78.9395963,43.8708886],[-78.9395182,43.8707347],[-78.9394254,43.8707048]]},"properties":{"kind":"service","tier":"service","placement":"underground","from":"electric-TX-00038","to":"electric-N-P-00200","lengthM":26.4,"voltageKV":0.24,"phase":"A","phases":1,"conductor":"4/0 AL URD triplex","feeder":"F1-01","designKVA":6.15}},{"type":"Feature","id":"electric-E466","geometry":{"type":"LineString","coordinates":[[-78.9395963,43.8708886],[-78.939732,43.8706857],[-78.939773,43.87061]]},"properties":{"kind":"service","tier":"service","placement":"underground","from":"electric-TX-00038","to":"electric-N-P-00207","lengthM":34.12,"voltageKV":0.24,"phase":"A","phases":1,"conductor":"4/0 AL URD triplex","feeder":"F1-01","designKVA":11.47}},{"type":"Feature","id":"electric-E467","geometry":{"type":"LineString","coordinates":[[-78.9395963,43.8708886],[-78.9396625,43.8705213],[-78.9397205,43.8704478]]},"properties":{"kind":"service","tier":"service","placement":"underground","from":"electric-TX-00038","to":"electric-N-P-00208","lengthM":50.65,"voltageKV":0.24,"phase":"A","phases":1,"conductor":"4/0 AL URD triplex","feeder":"F1-01","designKVA":3.07}},{"type":"Feature","id":"electric-E468","geometry":{"type":"LineString","coordinates":[[-78.9395963,43.8708886],[-78.9394472,43.8705666],[-78.9393491,43.8705191]]},"properties":{"kind":"service","tier":"service","placement":"underground","from":"electric-TX-00038","to":"electric-N-P-00201","lengthM":47.27,"voltageKV":0.24,"phase":"A","phases":1,"conductor":"4/0 AL URD triplex","feeder":"F1-01","designKVA":6.1}},{"type":"Feature","id":"electric-E470","geometry":{"type":"LineString","coordinates":[[-78.9393578,43.8703242],[-78.9393793,43.8704061],[-78.9392985,43.8703786]]},"properties":{"kind":"service","tier":"service","placement":"underground","from":"electric-TX-00039","to":"electric-N-P-00202","lengthM":16.45,"voltageKV":0.24,"phase":"A","phases":1,"conductor":"4/0 AL URD triplex","feeder":"F1-01","designKVA":6.08}},{"type":"Feature","id":"electric-E471","geometry":{"type":"LineString","coordinates":[[-78.9393578,43.8703242],[-78.9393124,43.8702476],[-78.9392276,43.8702122]]},"properties":{"kind":"service","tier":"service","placement":"underground","from":"electric-TX-00039","to":"electric-N-P-00203","lengthM":17.14,"voltageKV":0.24,"phase":"A","phases":1,"conductor":"4/0 AL URD triplex","feeder":"F1-01","designKVA":1.46}},{"type":"Feature","id":"electric-E473","geometry":{"type":"LineString","coordinates":[[-78.9392152,43.8715939],[-78.939329,43.8715782],[-78.9393212,43.8716445]]},"properties":{"kind":"service","tier":"service","placement":"underground","from":"electric-TX-00040","to":"electric-N-P-00209","lengthM":16.7,"voltageKV":0.24,"phase":"ABC","phases":1,"conductor":"4/0 AL URD triplex","feeder":"F1-01","designKVA":12.48}},{"type":"Feature","id":"electric-E474","geometry":{"type":"LineString","coordinates":[[-78.9392152,43.8715939],[-78.9391119,43.8716274],[-78.9390575,43.8716927]]},"properties":{"kind":"service","tier":"service","placement":"underground","from":"electric-TX-00040","to":"electric-N-P-00210","lengthM":17.58,"voltageKV":0.24,"phase":"ABC","phases":1,"conductor":"4/0 AL URD triplex","feeder":"F1-01","designKVA":10.18}},{"type":"Feature","id":"electric-E476","geometry":{"type":"LineString","coordinates":[[-78.9391562,43.8698491],[-78.9391792,43.8699335],[-78.9390872,43.8699247]]},"properties":{"kind":"service","tier":"service","placement":"underground","from":"electric-TX-00041","to":"electric-N-P-00211","lengthM":17.02,"voltageKV":0.24,"phase":"A","phases":1,"conductor":"4/0 AL URD triplex","feeder":"F1-01","designKVA":10.36}},{"type":"Feature","id":"electric-E477","geometry":{"type":"LineString","coordinates":[[-78.9391562,43.8698491],[-78.9391095,43.8697699],[-78.9390284,43.8697659]]},"properties":{"kind":"service","tier":"service","placement":"underground","from":"electric-TX-00041","to":"electric-N-P-00212","lengthM":16.1,"voltageKV":0.24,"phase":"A","phases":1,"conductor":"4/0 AL URD triplex","feeder":"F1-01","designKVA":6.08}},{"type":"Feature","id":"electric-E479","geometry":{"type":"LineString","coordinates":[[-78.9392267,43.8695615],[-78.9389382,43.8695878]]},"properties":{"kind":"service","tier":"service","placement":"overhead","from":"electric-TX-00042","to":"electric-N-P-00213","lengthM":23.33,"voltageKV":0.24,"phase":"A","phases":1,"conductor":"1/0 AL triplex","feeder":"F1-01","designKVA":4.71}},{"type":"Feature","id":"electric-E481","geometry":{"type":"LineString","coordinates":[[-78.9392355,43.8695455],[-78.9392474,43.8695428],[-78.9393077,43.8694855]]},"properties":{"kind":"service","tier":"service","placement":"underground","from":"electric-TX-00043","to":"electric-N-P-00218","lengthM":9.01,"voltageKV":0.24,"phase":"A","phases":1,"conductor":"4/0 AL URD triplex","feeder":"F1-01","designKVA":6.14}},{"type":"Feature","id":"electric-E483","geometry":{"type":"LineString","coordinates":[[-78.939082,43.8692218],[-78.9388511,43.8694057]]},"properties":{"kind":"service","tier":"service","placement":"overhead","from":"electric-TX-00044","to":"electric-N-P-00214","lengthM":27.61,"voltageKV":0.24,"phase":"A","phases":1,"conductor":"1/0 AL triplex","feeder":"F1-01","designKVA":7.47}},{"type":"Feature","id":"electric-E484","geometry":{"type":"LineString","coordinates":[[-78.939082,43.8692218],[-78.9392407,43.8693076]]},"properties":{"kind":"service","tier":"service","placement":"overhead","from":"electric-TX-00044","to":"electric-N-P-00219","lengthM":15.91,"voltageKV":0.24,"phase":"A","phases":1,"conductor":"1/0 AL triplex","feeder":"F1-01","designKVA":5.65}},{"type":"Feature","id":"electric-E485","geometry":{"type":"LineString","coordinates":[[-78.939082,43.8692218],[-78.9388005,43.8692485]]},"properties":{"kind":"service","tier":"service","placement":"overhead","from":"electric-TX-00044","to":"electric-N-P-00215","lengthM":22.79,"voltageKV":0.24,"phase":"A","phases":1,"conductor":"1/0 AL triplex","feeder":"F1-01","designKVA":0.99}},{"type":"Feature","id":"electric-E486","geometry":{"type":"LineString","coordinates":[[-78.939082,43.8692218],[-78.9391735,43.8691509]]},"properties":{"kind":"service","tier":"service","placement":"overhead","from":"electric-TX-00044","to":"electric-N-P-00220","lengthM":10.79,"voltageKV":0.24,"phase":"A","phases":1,"conductor":"1/0 AL triplex","feeder":"F1-01","designKVA":4.46}},{"type":"Feature","id":"electric-E487","geometry":{"type":"LineString","coordinates":[[-78.939082,43.8692218],[-78.9387333,43.8690736]]},"properties":{"kind":"service","tier":"service","placement":"overhead","from":"electric-TX-00044","to":"electric-N-P-00216","lengthM":32.48,"voltageKV":0.24,"phase":"A","phases":1,"conductor":"1/0 AL triplex","feeder":"F1-01","designKVA":9.59}},{"type":"Feature","id":"electric-E488","geometry":{"type":"LineString","coordinates":[[-78.939082,43.8692218],[-78.9386638,43.86892]]},"properties":{"kind":"service","tier":"service","placement":"overhead","from":"electric-TX-00044","to":"electric-N-P-00217","lengthM":47.49,"voltageKV":0.24,"phase":"A","phases":1,"conductor":"1/0 AL triplex","feeder":"F1-01","designKVA":4.54}},{"type":"Feature","id":"electric-E490","geometry":{"type":"LineString","coordinates":[[-78.9386424,43.870295],[-78.9386863,43.8701259],[-78.9385982,43.8700916]]},"properties":{"kind":"service","tier":"service","placement":"underground","from":"electric-TX-00045","to":"electric-N-P-00223","lengthM":27.19,"voltageKV":0.24,"phase":"B","phases":1,"conductor":"4/0 AL URD triplex","feeder":"F1-01","designKVA":5.56}},{"type":"Feature","id":"electric-E491","geometry":{"type":"LineString","coordinates":[[-78.9386424,43.870295],[-78.9387506,43.8702808],[-78.9387096,43.8703517]]},"properties":{"kind":"service","tier":"service","placement":"underground","from":"electric-TX-00045","to":"electric-N-P-00221","lengthM":17.37,"voltageKV":0.24,"phase":"B","phases":1,"conductor":"4/0 AL URD triplex","feeder":"F1-01","designKVA":10.97}},{"type":"Feature","id":"electric-E492","geometry":{"type":"LineString","coordinates":[[-78.9386424,43.870295],[-78.9385411,43.8703268],[-78.9384903,43.8703871]]},"properties":{"kind":"service","tier":"service","placement":"underground","from":"electric-TX-00045","to":"electric-N-P-00222","lengthM":16.72,"voltageKV":0.24,"phase":"B","phases":1,"conductor":"4/0 AL URD triplex","feeder":"F1-01","designKVA":1.26}},{"type":"Feature","id":"electric-E493","geometry":{"type":"LineString","coordinates":[[-78.9386424,43.870295],[-78.9384649,43.8701745],[-78.9383612,43.8701321]]},"properties":{"kind":"service","tier":"service","placement":"underground","from":"electric-TX-00045","to":"electric-N-P-00224","lengthM":29.13,"voltageKV":0.24,"phase":"B","phases":1,"conductor":"4/0 AL URD triplex","feeder":"F1-01","designKVA":4.99}},{"type":"Feature","id":"electric-E495","geometry":{"type":"LineString","coordinates":[[-78.938,43.8688586],[-78.9379187,43.8687925]]},"properties":{"kind":"service","tier":"service","placement":"overhead","from":"electric-TX-00046","to":"electric-N-P-00227","lengthM":9.83,"voltageKV":0.24,"phase":"A","phases":1,"conductor":"1/0 AL triplex","feeder":"F1-01","designKVA":5.93}},{"type":"Feature","id":"electric-E496","geometry":{"type":"LineString","coordinates":[[-78.938,43.8688586],[-78.9379924,43.869074]]},"properties":{"kind":"service","tier":"service","placement":"overhead","from":"electric-TX-00046","to":"electric-N-P-00225","lengthM":23.99,"voltageKV":0.24,"phase":"A","phases":1,"conductor":"1/0 AL triplex","feeder":"F1-01","designKVA":11.62}},{"type":"Feature","id":"electric-E497","geometry":{"type":"LineString","coordinates":[[-78.938,43.8688586],[-78.9377577,43.8690986]]},"properties":{"kind":"service","tier":"service","placement":"overhead","from":"electric-TX-00046","to":"electric-N-P-00226","lengthM":33.04,"voltageKV":0.24,"phase":"A","phases":1,"conductor":"1/0 AL triplex","feeder":"F1-01","designKVA":11.29}},{"type":"Feature","id":"electric-E499","geometry":{"type":"LineString","coordinates":[[-78.9381098,43.8716656],[-78.9382013,43.8716363],[-78.9381552,43.8715892]]},"properties":{"kind":"service","tier":"service","placement":"underground","from":"electric-TX-00047","to":"electric-N-P-00228","lengthM":14.45,"voltageKV":0.24,"phase":"ABC","phases":1,"conductor":"4/0 AL URD triplex","feeder":"F1-01","designKVA":11.46}},{"type":"Feature","id":"electric-E500","geometry":{"type":"LineString","coordinates":[[-78.9381098,43.8716656],[-78.93801,43.8716785],[-78.9379546,43.8716386]]},"properties":{"kind":"service","tier":"service","placement":"underground","from":"electric-TX-00047","to":"electric-N-P-00229","lengthM":14.42,"voltageKV":0.24,"phase":"ABC","phases":1,"conductor":"4/0 AL URD triplex","feeder":"F1-01","designKVA":10.48}},{"type":"Feature","id":"electric-E502","geometry":{"type":"LineString","coordinates":[[-78.9377837,43.8724811],[-78.9379825,43.872913],[-78.9380399,43.8728574]]},"properties":{"kind":"service","tier":"service","placement":"underground","from":"electric-TX-00048","to":"electric-N-P-00235","lengthM":58.37,"voltageKV":0.24,"phase":"C","phases":1,"conductor":"4/0 AL URD triplex","feeder":"F1-01","designKVA":9.25}},{"type":"Feature","id":"electric-E503","geometry":{"type":"LineString","coordinates":[[-78.9377837,43.8724811],[-78.9379174,43.8727641],[-78.9379808,43.8727141]]},"properties":{"kind":"service","tier":"service","placement":"underground","from":"electric-TX-00048","to":"electric-N-P-00236","lengthM":40.82,"voltageKV":0.24,"phase":"C","phases":1,"conductor":"4/0 AL URD triplex","feeder":"F1-01","designKVA":5.73}},{"type":"Feature","id":"electric-E504","geometry":{"type":"LineString","coordinates":[[-78.9377837,43.8724811],[-78.9376429,43.8726707],[-78.9375458,43.8726555]]},"properties":{"kind":"service","tier":"service","placement":"underground","from":"electric-TX-00048","to":"electric-N-P-00230","lengthM":31.92,"voltageKV":0.24,"phase":"C","phases":1,"conductor":"4/0 AL URD triplex","feeder":"F1-01","designKVA":4.52}},{"type":"Feature","id":"electric-E505","geometry":{"type":"LineString","coordinates":[[-78.9377837,43.8724811],[-78.9378545,43.8726166],[-78.9379003,43.8725567]]},"properties":{"kind":"service","tier":"service","placement":"underground","from":"electric-TX-00048","to":"electric-N-P-00237","lengthM":23.73,"voltageKV":0.24,"phase":"C","phases":1,"conductor":"4/0 AL URD triplex","feeder":"F1-01","designKVA":5.51}},{"type":"Feature","id":"electric-E506","geometry":{"type":"LineString","coordinates":[[-78.9377837,43.8724811],[-78.9375829,43.8725301],[-78.937496,43.8725157]]},"properties":{"kind":"service","tier":"service","placement":"underground","from":"electric-TX-00048","to":"electric-N-P-00231","lengthM":24.17,"voltageKV":0.24,"phase":"C","phases":1,"conductor":"4/0 AL URD triplex","feeder":"F1-01","designKVA":4.49}},{"type":"Feature","id":"electric-E507","geometry":{"type":"LineString","coordinates":[[-78.9377837,43.8724811],[-78.9377938,43.8724744],[-78.9378411,43.8724227]]},"properties":{"kind":"service","tier":"service","placement":"underground","from":"electric-TX-00048","to":"electric-N-P-00238","lengthM":7.99,"voltageKV":0.24,"phase":"C","phases":1,"conductor":"4/0 AL URD triplex","feeder":"F1-01","designKVA":1.38}},{"type":"Feature","id":"electric-E508","geometry":{"type":"LineString","coordinates":[[-78.9377837,43.8724811],[-78.9375201,43.8723827],[-78.9374321,43.8723392]]},"properties":{"kind":"service","tier":"service","placement":"underground","from":"electric-TX-00048","to":"electric-N-P-00232","lengthM":32.38,"voltageKV":0.24,"phase":"C","phases":1,"conductor":"4/0 AL URD triplex","feeder":"F1-01","designKVA":2.42}},{"type":"Feature","id":"electric-E509","geometry":{"type":"LineString","coordinates":[[-78.9377837,43.8724811],[-78.9377301,43.8723248],[-78.937794,43.8722749]]},"properties":{"kind":"service","tier":"service","placement":"underground","from":"electric-TX-00048","to":"electric-N-P-00239","lengthM":25.48,"voltageKV":0.24,"phase":"C","phases":1,"conductor":"4/0 AL URD triplex","feeder":"F1-01","designKVA":4.87}},{"type":"Feature","id":"electric-E510","geometry":{"type":"LineString","coordinates":[[-78.9377837,43.8724811],[-78.9374563,43.8722331],[-78.9373715,43.8722155]]},"properties":{"kind":"service","tier":"service","placement":"underground","from":"electric-TX-00048","to":"electric-N-P-00233","lengthM":45.19,"voltageKV":0.24,"phase":"C","phases":1,"conductor":"4/0 AL URD triplex","feeder":"F1-01","designKVA":4.72}},{"type":"Feature","id":"electric-E511","geometry":{"type":"LineString","coordinates":[[-78.9377837,43.8724811],[-78.9376665,43.8721758],[-78.9377191,43.8721075]]},"properties":{"kind":"service","tier":"service","placement":"underground","from":"electric-TX-00048","to":"electric-N-P-00240","lengthM":43.96,"voltageKV":0.24,"phase":"C","phases":1,"conductor":"4/0 AL URD triplex","feeder":"F1-01","designKVA":20.51}},{"type":"Feature","id":"electric-E513","geometry":{"type":"LineString","coordinates":[[-78.9374045,43.8720787],[-78.9373955,43.8720879],[-78.9373088,43.8720807]]},"properties":{"kind":"service","tier":"service","placement":"underground","from":"electric-TX-00049","to":"electric-N-P-00234","lengthM":8.26,"voltageKV":0.24,"phase":"C","phases":1,"conductor":"4/0 AL URD triplex","feeder":"F1-01","designKVA":4.65}},{"type":"Feature","id":"electric-E514","geometry":{"type":"LineString","coordinates":[[-78.9374045,43.8720787],[-78.9376051,43.8720289],[-78.9376463,43.8719833]]},"properties":{"kind":"service","tier":"service","placement":"underground","from":"electric-TX-00049","to":"electric-N-P-00241","lengthM":23.09,"voltageKV":0.24,"phase":"C","phases":1,"conductor":"4/0 AL URD triplex","feeder":"F1-01","designKVA":5.23}},{"type":"Feature","id":"electric-E516","geometry":{"type":"LineString","coordinates":[[-78.9375336,43.8708813],[-78.9378539,43.8708189],[-78.9378437,43.8708877]]},"properties":{"kind":"service","tier":"service","placement":"underground","from":"electric-TX-00050","to":"electric-N-P-00242","lengthM":34.34,"voltageKV":0.24,"phase":"C","phases":1,"conductor":"4/0 AL URD triplex","feeder":"F1-01","designKVA":4.55}},{"type":"Feature","id":"electric-E517","geometry":{"type":"LineString","coordinates":[[-78.9375336,43.8708813],[-78.9377695,43.8706685],[-78.9376843,43.8706272]]},"properties":{"kind":"service","tier":"service","placement":"underground","from":"electric-TX-00050","to":"electric-N-P-00246","lengthM":38.56,"voltageKV":0.24,"phase":"C","phases":1,"conductor":"4/0 AL URD triplex","feeder":"F1-01","designKVA":5.5}},{"type":"Feature","id":"electric-E518","geometry":{"type":"LineString","coordinates":[[-78.9375336,43.8708813],[-78.9376427,43.8708663],[-78.937605,43.87094]]},"properties":{"kind":"service","tier":"service","placement":"underground","from":"electric-TX-00050","to":"electric-N-P-00243","lengthM":17.66,"voltageKV":0.24,"phase":"C","phases":1,"conductor":"4/0 AL URD triplex","feeder":"F1-01","designKVA":5.97}},{"type":"Feature","id":"electric-E519","geometry":{"type":"LineString","coordinates":[[-78.9375336,43.8708813],[-78.9375723,43.8707127],[-78.9374797,43.8706756]]},"properties":{"kind":"service","tier":"service","placement":"underground","from":"electric-TX-00050","to":"electric-N-P-00247","lengthM":27.53,"voltageKV":0.24,"phase":"C","phases":1,"conductor":"4/0 AL URD triplex","feeder":"F1-01","designKVA":4.76}},{"type":"Feature","id":"electric-E520","geometry":{"type":"LineString","coordinates":[[-78.9375336,43.8708813],[-78.937369,43.8707583],[-78.9372766,43.870721]]},"properties":{"kind":"service","tier":"service","placement":"underground","from":"electric-TX-00050","to":"electric-N-P-00248","lengthM":27.52,"voltageKV":0.24,"phase":"C","phases":1,"conductor":"4/0 AL URD triplex","feeder":"F1-01","designKVA":10.96}},{"type":"Feature","id":"electric-E521","geometry":{"type":"LineString","coordinates":[[-78.9375336,43.8708813],[-78.9374314,43.8709137],[-78.9374109,43.8709672]]},"properties":{"kind":"service","tier":"service","placement":"underground","from":"electric-TX-00050","to":"electric-N-P-00244","lengthM":15.14,"voltageKV":0.24,"phase":"C","phases":1,"conductor":"4/0 AL URD triplex","feeder":"F1-01","designKVA":5.73}},{"type":"Feature","id":"electric-E522","geometry":{"type":"LineString","coordinates":[[-78.9375336,43.8708813],[-78.9371693,43.870803],[-78.937084,43.8707598]]},"properties":{"kind":"service","tier":"service","placement":"underground","from":"electric-TX-00050","to":"electric-N-P-00249","lengthM":38.87,"voltageKV":0.24,"phase":"C","phases":1,"conductor":"4/0 AL URD triplex","feeder":"F1-01","designKVA":5.9}},{"type":"Feature","id":"electric-E523","geometry":{"type":"LineString","coordinates":[[-78.9375336,43.8708813],[-78.9372333,43.870958],[-78.9372162,43.8710273]]},"properties":{"kind":"service","tier":"service","placement":"underground","from":"electric-TX-00050","to":"electric-N-P-00245","lengthM":33.4,"voltageKV":0.24,"phase":"C","phases":1,"conductor":"4/0 AL URD triplex","feeder":"F1-01","designKVA":5.38}},{"type":"Feature","id":"electric-E525","geometry":{"type":"LineString","coordinates":[[-78.9375769,43.8697829],[-78.9375212,43.8697603]]},"properties":{"kind":"service","tier":"service","placement":"overhead","from":"electric-TX-00051","to":"electric-N-P-00253","lengthM":5.13,"voltageKV":0.24,"phase":"C","phases":1,"conductor":"1/0 AL triplex","feeder":"F1-01","designKVA":10.93}},{"type":"Feature","id":"electric-E527","geometry":{"type":"LineString","coordinates":[[-78.937385,43.8699668],[-78.9373894,43.8699762],[-78.937346,43.8700509]]},"properties":{"kind":"service","tier":"service","placement":"underground","from":"electric-TX-00052","to":"electric-N-P-00250","lengthM":10.12,"voltageKV":0.24,"phase":"C","phases":1,"conductor":"4/0 AL URD triplex","feeder":"F1-01","designKVA":4.77}},{"type":"Feature","id":"electric-E529","geometry":{"type":"LineString","coordinates":[[-78.9373167,43.8698428],[-78.9372293,43.8697739]]},"properties":{"kind":"service","tier":"service","placement":"overhead","from":"electric-TX-00053","to":"electric-N-P-00254","lengthM":10.39,"voltageKV":0.24,"phase":"C","phases":1,"conductor":"1/0 AL triplex","feeder":"F1-01","designKVA":11.16}},{"type":"Feature","id":"electric-E531","geometry":{"type":"LineString","coordinates":[[-78.9371314,43.8700229],[-78.9371351,43.8700315],[-78.9370729,43.8700972]]},"properties":{"kind":"service","tier":"service","placement":"underground","from":"electric-TX-00054","to":"electric-N-P-00251","lengthM":9.85,"voltageKV":0.24,"phase":"C","phases":1,"conductor":"4/0 AL URD triplex","feeder":"F1-01","designKVA":5.98}},{"type":"Feature","id":"electric-E533","geometry":{"type":"LineString","coordinates":[[-78.9370611,43.8698994],[-78.9369749,43.8698267]]},"properties":{"kind":"service","tier":"service","placement":"overhead","from":"electric-TX-00055","to":"electric-N-P-00255","lengthM":10.65,"voltageKV":0.24,"phase":"C","phases":1,"conductor":"1/0 AL triplex","feeder":"F1-01","designKVA":6.22}},{"type":"Feature","id":"electric-E535","geometry":{"type":"LineString","coordinates":[[-78.9368815,43.8700783],[-78.9368851,43.8700868],[-78.9368208,43.8701528]]},"properties":{"kind":"service","tier":"service","placement":"underground","from":"electric-TX-00056","to":"electric-N-P-00252","lengthM":9.98,"voltageKV":0.24,"phase":"C","phases":1,"conductor":"4/0 AL URD triplex","feeder":"F1-01","designKVA":4.86}},{"type":"Feature","id":"electric-E537","geometry":{"type":"LineString","coordinates":[[-78.9368164,43.8699536],[-78.9367263,43.869885]]},"properties":{"kind":"service","tier":"service","placement":"overhead","from":"electric-TX-00057","to":"electric-N-P-00256","lengthM":10.52,"voltageKV":0.24,"phase":"C","phases":1,"conductor":"1/0 AL triplex","feeder":"F1-01","designKVA":4.71}},{"type":"Feature","id":"electric-E539","geometry":{"type":"LineString","coordinates":[[-78.9371569,43.8715237],[-78.9374682,43.8717272],[-78.9375287,43.871676]]},"properties":{"kind":"service","tier":"service","placement":"underground","from":"electric-TX-00058","to":"electric-N-P-00262","lengthM":41.22,"voltageKV":0.24,"phase":"B","phases":1,"conductor":"4/0 AL URD triplex","feeder":"F1-01","designKVA":4.63}},{"type":"Feature","id":"electric-E540","geometry":{"type":"LineString","coordinates":[[-78.9371569,43.8715237],[-78.9372542,43.8717758],[-78.9371641,43.8717333]]},"properties":{"kind":"service","tier":"service","placement":"underground","from":"electric-TX-00058","to":"electric-N-P-00257","lengthM":37.79,"voltageKV":0.24,"phase":"B","phases":1,"conductor":"4/0 AL URD triplex","feeder":"F1-01","designKVA":5.03}},{"type":"Feature","id":"electric-E541","geometry":{"type":"LineString","coordinates":[[-78.9371569,43.8715237],[-78.9371833,43.8716139],[-78.9370787,43.871582]]},"properties":{"kind":"service","tier":"service","placement":"underground","from":"electric-TX-00058","to":"electric-N-P-00258","lengthM":19.38,"voltageKV":0.24,"phase":"B","phases":1,"conductor":"4/0 AL URD triplex","feeder":"F1-01","designKVA":6.0}},{"type":"Feature","id":"electric-E542","geometry":{"type":"LineString","coordinates":[[-78.9371569,43.8715237],[-78.9373951,43.8715604],[-78.937441,43.8714998]]},"properties":{"kind":"service","tier":"service","placement":"underground","from":"electric-TX-00058","to":"electric-N-P-00263","lengthM":27.23,"voltageKV":0.24,"phase":"B","phases":1,"conductor":"4/0 AL URD triplex","feeder":"F1-01","designKVA":12.91}},{"type":"Feature","id":"electric-E543","geometry":{"type":"LineString","coordinates":[[-78.9371569,43.8715237],[-78.9371088,43.8714437],[-78.9370181,43.8714394]]},"properties":{"kind":"service","tier":"service","placement":"underground","from":"electric-TX-00058","to":"electric-N-P-00259","lengthM":16.99,"voltageKV":0.24,"phase":"B","phases":1,"conductor":"4/0 AL URD triplex","feeder":"F1-01","designKVA":6.17}},{"type":"Feature","id":"electric-E544","geometry":{"type":"LineString","coordinates":[[-78.9371569,43.8715237],[-78.9373218,43.871393],[-78.9373562,43.8713194]]},"properties":{"kind":"service","tier":"service","placement":"underground","from":"electric-TX-00058","to":"electric-N-P-00264","lengthM":28.32,"voltageKV":0.24,"phase":"B","phases":1,"conductor":"4/0 AL URD triplex","feeder":"F1-01","designKVA":6.25}},{"type":"Feature","id":"electric-E545","geometry":{"type":"LineString","coordinates":[[-78.9371569,43.8715237],[-78.9370351,43.8712755],[-78.9369357,43.8712314]]},"properties":{"kind":"service","tier":"service","placement":"underground","from":"electric-TX-00058","to":"electric-N-P-00260","lengthM":38.67,"voltageKV":0.24,"phase":"B","phases":1,"conductor":"4/0 AL URD triplex","feeder":"F1-01","designKVA":7.71}},{"type":"Feature","id":"electric-E546","geometry":{"type":"LineString","coordinates":[[-78.9371569,43.8715237],[-78.9369627,43.8711103],[-78.9368602,43.8710863]]},"properties":{"kind":"service","tier":"service","placement":"underground","from":"electric-TX-00058","to":"electric-N-P-00261","lengthM":57.23,"voltageKV":0.24,"phase":"B","phases":1,"conductor":"4/0 AL URD triplex","feeder":"F1-01","designKVA":6.5}},{"type":"Feature","id":"electric-E548","geometry":{"type":"LineString","coordinates":[[-78.9368477,43.8721326],[-78.9368592,43.8721394],[-78.9368272,43.8721964]]},"properties":{"kind":"service","tier":"service","placement":"underground","from":"electric-TX-00059","to":"electric-N-P-00265","lengthM":8.04,"voltageKV":0.24,"phase":"ABC","phases":1,"conductor":"4/0 AL URD triplex","feeder":"F1-01","designKVA":4.71}},{"type":"Feature","id":"electric-E549","geometry":{"type":"LineString","coordinates":[[-78.9368477,43.8721326],[-78.9367627,43.871954],[-78.9366924,43.8719036]]},"properties":{"kind":"service","tier":"service","placement":"underground","from":"electric-TX-00059","to":"electric-N-P-00266","lengthM":28.97,"voltageKV":0.24,"phase":"ABC","phases":1,"conductor":"4/0 AL URD triplex","feeder":"F1-01","designKVA":4.71}},{"type":"Feature","id":"electric-E551","geometry":{"type":"LineString","coordinates":[[-78.9360449,43.8682257],[-78.9360682,43.8684276]]},"properties":{"kind":"service","tier":"service","placement":"overhead","from":"electric-TX-00060","to":"electric-N-P-00267","lengthM":22.55,"voltageKV":0.24,"phase":"ABC","phases":1,"conductor":"1/0 AL triplex","feeder":"F1-01","designKVA":10.21}},{"type":"Feature","id":"electric-E553","geometry":{"type":"LineString","coordinates":[[-78.9363712,43.8727935],[-78.9365459,43.8732262],[-78.9364591,43.8731881]]},"properties":{"kind":"service","tier":"service","placement":"underground","from":"electric-TX-00061","to":"electric-N-P-00268","lengthM":58.33,"voltageKV":0.24,"phase":"B","phases":1,"conductor":"4/0 AL URD triplex","feeder":"F1-01","designKVA":9.96}},{"type":"Feature","id":"electric-E554","geometry":{"type":"LineString","coordinates":[[-78.9363712,43.8727935],[-78.9364804,43.8730751],[-78.9363856,43.8730611]]},"properties":{"kind":"service","tier":"service","placement":"underground","from":"electric-TX-00061","to":"electric-N-P-00269","lengthM":40.31,"voltageKV":0.24,"phase":"B","phases":1,"conductor":"4/0 AL URD triplex","feeder":"F1-01","designKVA":5.71}},{"type":"Feature","id":"electric-E555","geometry":{"type":"LineString","coordinates":[[-78.9363712,43.8727935],[-78.9364207,43.8729377],[-78.9363217,43.8729223]]},"properties":{"kind":"service","tier":"service","placement":"underground","from":"electric-TX-00061","to":"electric-N-P-00270","lengthM":24.66,"voltageKV":0.24,"phase":"B","phases":1,"conductor":"4/0 AL URD triplex","feeder":"F1-01","designKVA":4.45}},{"type":"Feature","id":"electric-E556","geometry":{"type":"LineString","coordinates":[[-78.9363712,43.8727935],[-78.9366337,43.8728868],[-78.9366784,43.8728296]]},"properties":{"kind":"service","tier":"service","placement":"underground","from":"electric-TX-00061","to":"electric-N-P-00275","lengthM":30.79,"voltageKV":0.24,"phase":"B","phases":1,"conductor":"4/0 AL URD triplex","feeder":"F1-01","designKVA":12.92}},{"type":"Feature","id":"electric-E557","geometry":{"type":"LineString","coordinates":[[-78.9363712,43.8727935],[-78.93636,43.8727977],[-78.9362742,43.8727809]]},"properties":{"kind":"service","tier":"service","placement":"underground","from":"electric-TX-00061","to":"electric-N-P-00271","lengthM":8.15,"voltageKV":0.24,"phase":"B","phases":1,"conductor":"4/0 AL URD triplex","feeder":"F1-01","designKVA":6.42}},{"type":"Feature","id":"electric-E558","geometry":{"type":"LineString","coordinates":[[-78.9363712,43.8727935],[-78.9365727,43.8727464],[-78.9366265,43.8726869]]},"properties":{"kind":"service","tier":"service","placement":"underground","from":"electric-TX-00061","to":"electric-N-P-00276","lengthM":24.9,"voltageKV":0.24,"phase":"B","phases":1,"conductor":"4/0 AL URD triplex","feeder":"F1-01","designKVA":5.51}},{"type":"Feature","id":"electric-E559","geometry":{"type":"LineString","coordinates":[[-78.9363712,43.8727935],[-78.9362945,43.8726467],[-78.9362131,43.8726435]]},"properties":{"kind":"service","tier":"service","placement":"underground","from":"electric-TX-00061","to":"electric-N-P-00272","lengthM":24.0,"voltageKV":0.24,"phase":"B","phases":1,"conductor":"4/0 AL URD triplex","feeder":"F1-01","designKVA":5.49}},{"type":"Feature","id":"electric-E560","geometry":{"type":"LineString","coordinates":[[-78.9363712,43.8727935],[-78.936507,43.872595],[-78.9365724,43.8725353]]},"properties":{"kind":"service","tier":"service","placement":"underground","from":"electric-TX-00061","to":"electric-N-P-00277","lengthM":33.11,"voltageKV":0.24,"phase":"B","phases":1,"conductor":"4/0 AL URD triplex","feeder":"F1-01","designKVA":5.8}},{"type":"Feature","id":"electric-E561","geometry":{"type":"LineString","coordinates":[[-78.9363712,43.8727935],[-78.936232,43.8725029],[-78.936132,43.8724767]]},"properties":{"kind":"service","tier":"service","placement":"underground","from":"electric-TX-00061","to":"electric-N-P-00273","lengthM":42.76,"voltageKV":0.24,"phase":"B","phases":1,"conductor":"4/0 AL URD triplex","feeder":"F1-01","designKVA":18.84}},{"type":"Feature","id":"electric-E562","geometry":{"type":"LineString","coordinates":[[-78.9363712,43.8727935],[-78.936444,43.8724497],[-78.9364972,43.8723884]]},"properties":{"kind":"service","tier":"service","placement":"underground","from":"electric-TX-00061","to":"electric-N-P-00278","lengthM":46.76,"voltageKV":0.24,"phase":"B","phases":1,"conductor":"4/0 AL URD triplex","feeder":"F1-01","designKVA":5.94}},{"type":"Feature","id":"electric-E564","geometry":{"type":"LineString","coordinates":[[-78.9361806,43.8723542],[-78.9361692,43.8723581],[-78.9360714,43.8723368]]},"properties":{"kind":"service","tier":"service","placement":"underground","from":"electric-TX-00062","to":"electric-N-P-00274","lengthM":9.22,"voltageKV":0.24,"phase":"B","phases":1,"conductor":"4/0 AL URD triplex","feeder":"F1-01","designKVA":5.69}},{"type":"Feature","id":"electric-E565","geometry":{"type":"LineString","coordinates":[[-78.9361806,43.8723542],[-78.9363822,43.8723073],[-78.9364195,43.8722553]]},"properties":{"kind":"service","tier":"service","placement":"underground","from":"electric-TX-00062","to":"electric-N-P-00279","lengthM":23.52,"voltageKV":0.24,"phase":"B","phases":1,"conductor":"4/0 AL URD triplex","feeder":"F1-01","designKVA":10.23}},{"type":"Feature","id":"electric-E567","geometry":{"type":"LineString","coordinates":[[-78.9367108,43.870514],[-78.9368243,43.8707976],[-78.9367433,43.8707868]]},"properties":{"kind":"service","tier":"service","placement":"underground","from":"electric-TX-00063","to":"electric-N-P-00280","lengthM":39.47,"voltageKV":0.24,"phase":"C","phases":1,"conductor":"4/0 AL URD triplex","feeder":"F1-01","designKVA":10.86}},{"type":"Feature","id":"electric-E568","geometry":{"type":"LineString","coordinates":[[-78.9367108,43.870514],[-78.9367595,43.8706524],[-78.9366711,43.8706367]]},"properties":{"kind":"service","tier":"service","placement":"underground","from":"electric-TX-00063","to":"electric-N-P-00281","lengthM":23.19,"voltageKV":0.24,"phase":"C","phases":1,"conductor":"4/0 AL URD triplex","feeder":"F1-01","designKVA":6.13}},{"type":"Feature","id":"electric-E569","geometry":{"type":"LineString","coordinates":[[-78.9367108,43.870514],[-78.9369153,43.8704736],[-78.9369707,43.8704126]]},"properties":{"kind":"service","tier":"service","placement":"underground","from":"electric-TX-00063","to":"electric-N-P-00285","lengthM":25.13,"voltageKV":0.24,"phase":"C","phases":1,"conductor":"4/0 AL URD triplex","feeder":"F1-01","designKVA":2.48}},{"type":"Feature","id":"electric-E570","geometry":{"type":"LineString","coordinates":[[-78.9367108,43.870514],[-78.9366961,43.8705104],[-78.9366224,43.8704958]]},"properties":{"kind":"service","tier":"service","placement":"underground","from":"electric-TX-00063","to":"electric-N-P-00282","lengthM":7.38,"voltageKV":0.24,"phase":"C","phases":1,"conductor":"4/0 AL URD triplex","feeder":"F1-01","designKVA":9.31}},{"type":"Feature","id":"electric-E571","geometry":{"type":"LineString","coordinates":[[-78.9367108,43.870514],[-78.9366347,43.8703727],[-78.9365577,43.8703579]]},"properties":{"kind":"service","tier":"service","placement":"underground","from":"electric-TX-00063","to":"electric-N-P-00283","lengthM":23.27,"voltageKV":0.24,"phase":"C","phases":1,"conductor":"4/0 AL URD triplex","feeder":"F1-01","designKVA":5.75}},{"type":"Feature","id":"electric-E572","geometry":{"type":"LineString","coordinates":[[-78.9367108,43.870514],[-78.9365731,43.8702346],[-78.9364775,43.8702039]]},"properties":{"kind":"service","tier":"service","placement":"underground","from":"electric-TX-00063","to":"electric-N-P-00284","lengthM":41.41,"voltageKV":0.24,"phase":"C","phases":1,"conductor":"4/0 AL URD triplex","feeder":"F1-01","designKVA":13.06}},{"type":"Feature","id":"electric-E574","geometry":{"type":"LineString","coordinates":[[-78.9362206,43.8711798],[-78.9364243,43.8711434],[-78.9364028,43.8712111]]},"properties":{"kind":"service","tier":"service","placement":"underground","from":"electric-TX-00064","to":"electric-N-P-00286","lengthM":24.57,"voltageKV":0.24,"phase":"C","phases":1,"conductor":"4/0 AL URD triplex","feeder":"F1-01","designKVA":5.56}},{"type":"Feature","id":"electric-E575","geometry":{"type":"LineString","coordinates":[[-78.9362206,43.8711798],[-78.9363533,43.87099],[-78.9362752,43.8709533]]},"properties":{"kind":"service","tier":"service","placement":"underground","from":"electric-TX-00064","to":"electric-N-P-00289","lengthM":31.15,"voltageKV":0.24,"phase":"C","phases":1,"conductor":"4/0 AL URD triplex","feeder":"F1-01","designKVA":4.58}},{"type":"Feature","id":"electric-E576","geometry":{"type":"LineString","coordinates":[[-78.9362206,43.8711798],[-78.9362295,43.8711872],[-78.9361897,43.8712597]]},"properties":{"kind":"service","tier":"service","placement":"underground","from":"electric-TX-00064","to":"electric-N-P-00287","lengthM":9.76,"voltageKV":0.24,"phase":"C","phases":1,"conductor":"4/0 AL URD triplex","feeder":"F1-01","designKVA":5.85}},{"type":"Feature","id":"electric-E577","geometry":{"type":"LineString","coordinates":[[-78.9362206,43.8711798],[-78.9361524,43.8710352],[-78.9360877,43.8709929]]},"properties":{"kind":"service","tier":"service","placement":"underground","from":"electric-TX-00064","to":"electric-N-P-00290","lengthM":24.02,"voltageKV":0.24,"phase":"C","phases":1,"conductor":"4/0 AL URD triplex","feeder":"F1-01","designKVA":5.73}},{"type":"Feature","id":"electric-E578","geometry":{"type":"LineString","coordinates":[[-78.9362206,43.8711798],[-78.9360215,43.8712339],[-78.9359935,43.8712916]]},"properties":{"kind":"service","tier":"service","placement":"underground","from":"electric-TX-00064","to":"electric-N-P-00288","lengthM":23.88,"voltageKV":0.24,"phase":"C","phases":1,"conductor":"4/0 AL URD triplex","feeder":"F1-01","designKVA":6.34}},{"type":"Feature","id":"electric-E579","geometry":{"type":"LineString","coordinates":[[-78.9362206,43.8711798],[-78.9359517,43.8710803],[-78.9358777,43.8710424]]},"properties":{"kind":"service","tier":"service","placement":"underground","from":"electric-TX-00064","to":"electric-N-P-00291","lengthM":31.54,"voltageKV":0.24,"phase":"C","phases":1,"conductor":"4/0 AL URD triplex","feeder":"F1-01","designKVA":5.25}},{"type":"Feature","id":"electric-E581","geometry":{"type":"LineString","coordinates":[[-78.9364699,43.8695249],[-78.9363449,43.8699151]]},"properties":{"kind":"service","tier":"service","placement":"overhead","from":"electric-TX-00065","to":"electric-N-P-00292","lengthM":44.58,"voltageKV":0.24,"phase":"C","phases":1,"conductor":"1/0 AL triplex","feeder":"F1-01","designKVA":4.61}},{"type":"Feature","id":"electric-E582","geometry":{"type":"LineString","coordinates":[[-78.9364699,43.8695249],[-78.9362601,43.8697087]]},"properties":{"kind":"service","tier":"service","placement":"overhead","from":"electric-TX-00065","to":"electric-N-P-00293","lengthM":26.5,"voltageKV":0.24,"phase":"C","phases":1,"conductor":"1/0 AL triplex","feeder":"F1-01","designKVA":4.72}},{"type":"Feature","id":"electric-E583","geometry":{"type":"LineString","coordinates":[[-78.9364699,43.8695249],[-78.9365538,43.8694358]]},"properties":{"kind":"service","tier":"service","placement":"overhead","from":"electric-TX-00065","to":"electric-N-P-00299","lengthM":11.99,"voltageKV":0.24,"phase":"C","phases":1,"conductor":"1/0 AL triplex","feeder":"F1-01","designKVA":4.59}},{"type":"Feature","id":"electric-E584","geometry":{"type":"LineString","coordinates":[[-78.9364699,43.8695249],[-78.9361717,43.8695487]]},"properties":{"kind":"service","tier":"service","placement":"overhead","from":"electric-TX-00065","to":"electric-N-P-00294","lengthM":24.08,"voltageKV":0.24,"phase":"C","phases":1,"conductor":"1/0 AL triplex","feeder":"F1-01","designKVA":9.4}},{"type":"Feature","id":"electric-E585","geometry":{"type":"LineString","coordinates":[[-78.9364699,43.8695249],[-78.9364876,43.8692811]]},"properties":{"kind":"service","tier":"service","placement":"overhead","from":"electric-TX-00065","to":"electric-N-P-00300","lengthM":27.17,"voltageKV":0.24,"phase":"C","phases":1,"conductor":"1/0 AL triplex","feeder":"F1-01","designKVA":7.93}},{"type":"Feature","id":"electric-E586","geometry":{"type":"LineString","coordinates":[[-78.9364699,43.8695249],[-78.9360883,43.8693542]]},"properties":{"kind":"service","tier":"service","placement":"overhead","from":"electric-TX-00065","to":"electric-N-P-00295","lengthM":36.04,"voltageKV":0.24,"phase":"C","phases":1,"conductor":"1/0 AL triplex","feeder":"F1-01","designKVA":4.53}},{"type":"Feature","id":"electric-E588","geometry":{"type":"LineString","coordinates":[[-78.9362418,43.8690043],[-78.9360221,43.8692112]]},"properties":{"kind":"service","tier":"service","placement":"overhead","from":"electric-TX-00066","to":"electric-N-P-00296","lengthM":29.0,"voltageKV":0.24,"phase":"C","phases":1,"conductor":"1/0 AL triplex","feeder":"F1-01","designKVA":8.54}},{"type":"Feature","id":"electric-E589","geometry":{"type":"LineString","coordinates":[[-78.9362418,43.8690043],[-78.9364057,43.8690977]]},"properties":{"kind":"service","tier":"service","placement":"overhead","from":"electric-TX-00066","to":"electric-N-P-00301","lengthM":16.77,"voltageKV":0.24,"phase":"C","phases":1,"conductor":"1/0 AL triplex","feeder":"F1-01","designKVA":5.0}},{"type":"Feature","id":"electric-E590","geometry":{"type":"LineString","coordinates":[[-78.9362418,43.8690043],[-78.9359513,43.8690496]]},"properties":{"kind":"service","tier":"service","placement":"overhead","from":"electric-TX-00066","to":"electric-N-P-00297","lengthM":23.85,"voltageKV":0.24,"phase":"C","phases":1,"conductor":"1/0 AL triplex","feeder":"F1-01","designKVA":3.73}},{"type":"Feature","id":"electric-E591","geometry":{"type":"LineString","coordinates":[[-78.9362418,43.8690043],[-78.9363397,43.868924]]},"properties":{"kind":"service","tier":"service","placement":"overhead","from":"electric-TX-00066","to":"electric-N-P-00302","lengthM":11.9,"voltageKV":0.24,"phase":"C","phases":1,"conductor":"1/0 AL triplex","feeder":"F1-01","designKVA":4.62}},{"type":"Feature","id":"electric-E592","geometry":{"type":"LineString","coordinates":[[-78.9362418,43.8690043],[-78.9362734,43.8687704]]},"properties":{"kind":"service","tier":"service","placement":"overhead","from":"electric-TX-00066","to":"electric-N-P-00303","lengthM":26.16,"voltageKV":0.24,"phase":"C","phases":1,"conductor":"1/0 AL triplex","feeder":"F1-01","designKVA":12.09}},{"type":"Feature","id":"electric-E593","geometry":{"type":"LineString","coordinates":[[-78.9362418,43.8690043],[-78.9358685,43.8688609]]},"properties":{"kind":"service","tier":"service","placement":"overhead","from":"electric-TX-00066","to":"electric-N-P-00298","lengthM":33.95,"voltageKV":0.24,"phase":"C","phases":1,"conductor":"1/0 AL triplex","feeder":"F1-01","designKVA":9.76}},{"type":"Feature","id":"electric-E595","geometry":{"type":"LineString","coordinates":[[-78.9358311,43.8703146],[-78.9359765,43.8701214],[-78.9358779,43.8700732]]},"properties":{"kind":"service","tier":"service","placement":"underground","from":"electric-TX-00067","to":"electric-N-P-00307","lengthM":34.03,"voltageKV":0.24,"phase":"C","phases":1,"conductor":"4/0 AL URD triplex","feeder":"F1-01","designKVA":4.54}},{"type":"Feature","id":"electric-E596","geometry":{"type":"LineString","coordinates":[[-78.9358311,43.8703146],[-78.9360356,43.8702776],[-78.9359869,43.8703412]]},"properties":{"kind":"service","tier":"service","placement":"underground","from":"electric-TX-00067","to":"electric-N-P-00304","lengthM":25.01,"voltageKV":0.24,"phase":"C","phases":1,"conductor":"4/0 AL URD triplex","feeder":"F1-01","designKVA":6.13}},{"type":"Feature","id":"electric-E597","geometry":{"type":"LineString","coordinates":[[-78.9358311,43.8703146],[-78.9357701,43.8701683],[-78.9357076,43.8701276]]},"properties":{"kind":"service","tier":"service","placement":"underground","from":"electric-TX-00067","to":"electric-N-P-00308","lengthM":23.77,"voltageKV":0.24,"phase":"C","phases":1,"conductor":"4/0 AL URD triplex","feeder":"F1-01","designKVA":5.65}},{"type":"Feature","id":"electric-E598","geometry":{"type":"LineString","coordinates":[[-78.9358311,43.8703146],[-78.9358322,43.8703238],[-78.9357857,43.8703895]]},"properties":{"kind":"service","tier":"service","placement":"underground","from":"electric-TX-00067","to":"electric-N-P-00305","lengthM":9.24,"voltageKV":0.24,"phase":"C","phases":1,"conductor":"4/0 AL URD triplex","feeder":"F1-01","designKVA":6.0}},{"type":"Feature","id":"electric-E599","geometry":{"type":"LineString","coordinates":[[-78.9358311,43.8703146],[-78.9355701,43.8702138],[-78.9354873,43.8701757]]},"properties":{"kind":"service","tier":"service","placement":"underground","from":"electric-TX-00067","to":"electric-N-P-00309","lengthM":31.65,"voltageKV":0.24,"phase":"C","phases":1,"conductor":"4/0 AL URD triplex","feeder":"F1-01","designKVA":2.27}},{"type":"Feature","id":"electric-E600","geometry":{"type":"LineString","coordinates":[[-78.9358311,43.8703146],[-78.935635,43.8703686],[-78.9355947,43.870433]]},"properties":{"kind":"service","tier":"service","placement":"underground","from":"electric-TX-00067","to":"electric-N-P-00306","lengthM":24.71,"voltageKV":0.24,"phase":"C","phases":1,"conductor":"4/0 AL URD triplex","feeder":"F1-01","designKVA":10.51}},{"type":"Feature","id":"electric-E602","geometry":{"type":"LineString","coordinates":[[-78.9359318,43.8717925],[-78.9360334,43.8720558],[-78.9359451,43.872014]]},"properties":{"kind":"service","tier":"service","placement":"underground","from":"electric-TX-00068","to":"electric-N-P-00310","lengthM":38.9,"voltageKV":0.24,"phase":"A","phases":1,"conductor":"4/0 AL URD triplex","feeder":"F1-01","designKVA":10.21}},{"type":"Feature","id":"electric-E603","geometry":{"type":"LineString","coordinates":[[-78.9359318,43.8717925],[-78.9362457,43.8720036],[-78.9363029,43.8719568]]},"properties":{"kind":"service","tier":"service","placement":"underground","from":"electric-TX-00068","to":"electric-N-P-00315","lengthM":41.39,"voltageKV":0.24,"phase":"A","phases":1,"conductor":"4/0 AL URD triplex","feeder":"F1-01","designKVA":4.6}},{"type":"Feature","id":"electric-E604","geometry":{"type":"LineString","coordinates":[[-78.9359318,43.8717925],[-78.9361732,43.8718369],[-78.9362349,43.8717957]]},"properties":{"kind":"service","tier":"service","placement":"underground","from":"electric-TX-00068","to":"electric-N-P-00316","lengthM":26.74,"voltageKV":0.24,"phase":"A","phases":1,"conductor":"4/0 AL URD triplex","feeder":"F1-01","designKVA":5.83}},{"type":"Feature","id":"electric-E605","geometry":{"type":"LineString","coordinates":[[-78.9359318,43.8717925],[-78.9359583,43.8718833],[-78.935865,43.8718667]]},"properties":{"kind":"service","tier":"service","placement":"underground","from":"electric-TX-00068","to":"electric-N-P-00311","lengthM":18.04,"voltageKV":0.24,"phase":"A","phases":1,"conductor":"4/0 AL URD triplex","feeder":"F1-01","designKVA":6.3}},{"type":"Feature","id":"electric-E606","geometry":{"type":"LineString","coordinates":[[-78.9359318,43.8717925],[-78.9360956,43.8716586],[-78.9361532,43.8716048]]},"properties":{"kind":"service","tier":"service","placement":"underground","from":"electric-TX-00068","to":"electric-N-P-00317","lengthM":27.43,"voltageKV":0.24,"phase":"A","phases":1,"conductor":"4/0 AL URD triplex","feeder":"F1-01","designKVA":4.85}},{"type":"Feature","id":"electric-E607","geometry":{"type":"LineString","coordinates":[[-78.9359318,43.8717925],[-78.9358808,43.8717053],[-78.9357754,43.871669]]},"properties":{"kind":"service","tier":"service","placement":"underground","from":"electric-TX-00068","to":"electric-N-P-00312","lengthM":19.91,"voltageKV":0.24,"phase":"A","phases":1,"conductor":"4/0 AL URD triplex","feeder":"F1-01","designKVA":5.08}},{"type":"Feature","id":"electric-E608","geometry":{"type":"LineString","coordinates":[[-78.9359318,43.8717925],[-78.9358101,43.8715426],[-78.9357218,43.8715144]]},"properties":{"kind":"service","tier":"service","placement":"underground","from":"electric-TX-00068","to":"electric-N-P-00313","lengthM":37.22,"voltageKV":0.24,"phase":"A","phases":1,"conductor":"4/0 AL URD triplex","feeder":"F1-01","designKVA":6.28}},{"type":"Feature","id":"electric-E609","geometry":{"type":"LineString","coordinates":[[-78.9359318,43.8717925],[-78.9357403,43.8713823],[-78.9356407,43.8713376]]},"properties":{"kind":"service","tier":"service","placement":"underground","from":"electric-TX-00068","to":"electric-N-P-00314","lengthM":57.59,"voltageKV":0.24,"phase":"A","phases":1,"conductor":"4/0 AL URD triplex","feeder":"F1-01","designKVA":6.35}},{"type":"Feature","id":"electric-E611","geometry":{"type":"LineString","coordinates":[[-78.9351706,43.8725043],[-78.9356035,43.8724176],[-78.9356028,43.8724675]]},"properties":{"kind":"service","tier":"service","placement":"underground","from":"electric-TX-00069","to":"electric-N-P-00318","lengthM":41.62,"voltageKV":0.24,"phase":"ABC","phases":1,"conductor":"4/0 AL URD triplex","feeder":"F1-01","designKVA":5.66}},{"type":"Feature","id":"electric-E612","geometry":{"type":"LineString","coordinates":[[-78.9351706,43.8725043],[-78.9355161,43.8722302],[-78.9354402,43.8721807]]},"properties":{"kind":"service","tier":"service","placement":"underground","from":"electric-TX-00069","to":"electric-N-P-00324","lengthM":49.44,"voltageKV":0.24,"phase":"ABC","phases":1,"conductor":"4/0 AL URD triplex","feeder":"F1-01","designKVA":6.23}},{"type":"Feature","id":"electric-E613","geometry":{"type":"LineString","coordinates":[[-78.9351706,43.8725043],[-78.9353087,43.8722762],[-78.9352661,43.8722335]]},"properties":{"kind":"service","tier":"service","placement":"underground","from":"electric-TX-00069","to":"electric-N-P-00325","lengthM":33.56,"voltageKV":0.24,"phase":"ABC","phases":1,"conductor":"4/0 AL URD triplex","feeder":"F1-01","designKVA":11.43}},{"type":"Feature","id":"electric-E614","geometry":{"type":"LineString","coordinates":[[-78.9351706,43.8725043],[-78.9353851,43.8724661],[-78.9353292,43.8725315]]},"properties":{"kind":"service","tier":"service","placement":"underground","from":"electric-TX-00069","to":"electric-N-P-00319","lengthM":26.28,"voltageKV":0.24,"phase":"ABC","phases":1,"conductor":"4/0 AL URD triplex","feeder":"F1-01","designKVA":6.16}},{"type":"Feature","id":"electric-E615","geometry":{"type":"LineString","coordinates":[[-78.9351706,43.8725043],[-78.9350936,43.872324],[-78.9350192,43.8722871]]},"properties":{"kind":"service","tier":"service","placement":"underground","from":"electric-TX-00069","to":"electric-N-P-00326","lengthM":28.25,"voltageKV":0.24,"phase":"ABC","phases":1,"conductor":"4/0 AL URD triplex","feeder":"F1-01","designKVA":6.07}},{"type":"Feature","id":"electric-E616","geometry":{"type":"LineString","coordinates":[[-78.9351706,43.8725043],[-78.9351639,43.8725152],[-78.9351122,43.8725897]]},"properties":{"kind":"service","tier":"service","placement":"underground","from":"electric-TX-00069","to":"electric-N-P-00320","lengthM":10.6,"voltageKV":0.24,"phase":"ABC","phases":1,"conductor":"4/0 AL URD triplex","feeder":"F1-01","designKVA":6.3}},{"type":"Feature","id":"electric-E617","geometry":{"type":"LineString","coordinates":[[-78.9351706,43.8725043],[-78.9348685,43.872374],[-78.9348082,43.8723327]]},"properties":{"kind":"service","tier":"service","placement":"underground","from":"electric-TX-00069","to":"electric-N-P-00327","lengthM":34.93,"voltageKV":0.24,"phase":"ABC","phases":1,"conductor":"4/0 AL URD triplex","feeder":"F1-01","designKVA":4.65}},{"type":"Feature","id":"electric-E618","geometry":{"type":"LineString","coordinates":[[-78.9351706,43.8725043],[-78.9349462,43.8725635],[-78.9349178,43.8726187]]},"properties":{"kind":"service","tier":"service","placement":"underground","from":"electric-TX-00069","to":"electric-N-P-00321","lengthM":25.73,"voltageKV":0.24,"phase":"ABC","phases":1,"conductor":"4/0 AL URD triplex","feeder":"F1-01","designKVA":6.26}},{"type":"Feature","id":"electric-E619","geometry":{"type":"LineString","coordinates":[[-78.9351706,43.8725043],[-78.9347219,43.8726132],[-78.9346694,43.872687]]},"properties":{"kind":"service","tier":"service","placement":"underground","from":"electric-TX-00069","to":"electric-N-P-00322","lengthM":47.22,"voltageKV":0.24,"phase":"ABC","phases":1,"conductor":"4/0 AL URD triplex","feeder":"F1-01","designKVA":6.37}},{"type":"Feature","id":"electric-E621","geometry":{"type":"LineString","coordinates":[[-78.9345043,43.8726521],[-78.934508,43.8726607],[-78.9344794,43.8727184]]},"properties":{"kind":"service","tier":"service","placement":"underground","from":"electric-TX-00070","to":"electric-N-P-00323","lengthM":7.82,"voltageKV":0.24,"phase":"ABC","phases":1,"conductor":"4/0 AL URD triplex","feeder":"F1-01","designKVA":5.8}},{"type":"Feature","id":"electric-E623","geometry":{"type":"LineString","coordinates":[[-78.9351616,43.8684303],[-78.9355511,43.8682424]]},"properties":{"kind":"service","tier":"service","placement":"overhead","from":"electric-TX-00071","to":"electric-N-P-00336","lengthM":37.61,"voltageKV":0.24,"phase":"B","phases":1,"conductor":"1/0 AL triplex","feeder":"F1-01","designKVA":4.03}},{"type":"Feature","id":"electric-E624","geometry":{"type":"LineString","coordinates":[[-78.9351616,43.8684303],[-78.9353011,43.868301]]},"properties":{"kind":"service","tier":"service","placement":"overhead","from":"electric-TX-00071","to":"electric-N-P-00337","lengthM":18.23,"voltageKV":0.24,"phase":"B","phases":1,"conductor":"1/0 AL triplex","feeder":"F1-01","designKVA":11.22}},{"type":"Feature","id":"electric-E625","geometry":{"type":"LineString","coordinates":[[-78.9351616,43.8684303],[-78.9352017,43.8686354]]},"properties":{"kind":"service","tier":"service","placement":"overhead","from":"electric-TX-00071","to":"electric-N-P-00328","lengthM":23.06,"voltageKV":0.24,"phase":"B","phases":1,"conductor":"1/0 AL triplex","feeder":"F1-01","designKVA":6.13}},{"type":"Feature","id":"electric-E626","geometry":{"type":"LineString","coordinates":[[-78.9351616,43.8684303],[-78.9350734,43.8683646]]},"properties":{"kind":"service","tier":"service","placement":"overhead","from":"electric-TX-00071","to":"electric-N-P-00338","lengthM":10.18,"voltageKV":0.24,"phase":"B","phases":1,"conductor":"1/0 AL triplex","feeder":"F1-01","designKVA":4.26}},{"type":"Feature","id":"electric-E627","geometry":{"type":"LineString","coordinates":[[-78.9351616,43.8684303],[-78.9349456,43.868695]]},"properties":{"kind":"service","tier":"service","placement":"overhead","from":"electric-TX-00071","to":"electric-N-P-00329","lengthM":34.18,"voltageKV":0.24,"phase":"B","phases":1,"conductor":"1/0 AL triplex","feeder":"F1-01","designKVA":2.45}},{"type":"Feature","id":"electric-E628","geometry":{"type":"LineString","coordinates":[[-78.9351616,43.8684303],[-78.9348418,43.8684144]]},"properties":{"kind":"service","tier":"service","placement":"overhead","from":"electric-TX-00071","to":"electric-N-P-00339","lengthM":25.73,"voltageKV":0.24,"phase":"B","phases":1,"conductor":"1/0 AL triplex","feeder":"F1-01","designKVA":1.35}},{"type":"Feature","id":"electric-E630","geometry":{"type":"LineString","coordinates":[[-78.934647,43.8688155],[-78.9346329,43.8684707]]},"properties":{"kind":"service","tier":"service","placement":"overhead","from":"electric-TX-00072","to":"electric-N-P-00340","lengthM":38.4,"voltageKV":0.24,"phase":"B","phases":1,"conductor":"1/0 AL triplex","feeder":"F1-01","designKVA":19.7}},{"type":"Feature","id":"electric-E631","geometry":{"type":"LineString","coordinates":[[-78.934647,43.8688155],[-78.9345047,43.8687815]]},"properties":{"kind":"service","tier":"service","placement":"overhead","from":"electric-TX-00072","to":"electric-N-P-00341","lengthM":12.03,"voltageKV":0.24,"phase":"B","phases":1,"conductor":"1/0 AL triplex","feeder":"F1-01","designKVA":9.66}},{"type":"Feature","id":"electric-E632","geometry":{"type":"LineString","coordinates":[[-78.934647,43.8688155],[-78.9345974,43.8689909]]},"properties":{"kind":"service","tier":"service","placement":"overhead","from":"electric-TX-00072","to":"electric-N-P-00342","lengthM":19.93,"voltageKV":0.24,"phase":"B","phases":1,"conductor":"1/0 AL triplex","feeder":"F1-01","designKVA":4.62}},{"type":"Feature","id":"electric-E633","geometry":{"type":"LineString","coordinates":[[-78.934647,43.8688155],[-78.9350423,43.8690591]]},"properties":{"kind":"service","tier":"service","placement":"overhead","from":"electric-TX-00072","to":"electric-N-P-00330","lengthM":41.73,"voltageKV":0.24,"phase":"B","phases":1,"conductor":"1/0 AL triplex","feeder":"F1-01","designKVA":4.38}},{"type":"Feature","id":"electric-E635","geometry":{"type":"LineString","coordinates":[[-78.9347392,43.8690791],[-78.9347283,43.8690815],[-78.9346688,43.8691372]]},"properties":{"kind":"service","tier":"service","placement":"underground","from":"electric-TX-00073","to":"electric-N-P-00343","lengthM":8.74,"voltageKV":0.24,"phase":"C","phases":1,"conductor":"4/0 AL URD triplex","feeder":"F1-01","designKVA":4.54}},{"type":"Feature","id":"electric-E637","geometry":{"type":"LineString","coordinates":[[-78.9348163,43.8692186],[-78.935111,43.8692003]]},"properties":{"kind":"service","tier":"service","placement":"overhead","from":"electric-TX-00074","to":"electric-N-P-00331","lengthM":23.74,"voltageKV":0.24,"phase":"C","phases":1,"conductor":"1/0 AL triplex","feeder":"F1-01","designKVA":4.51}},{"type":"Feature","id":"electric-E639","geometry":{"type":"LineString","coordinates":[[-78.9348055,43.8692296],[-78.9347936,43.8692324],[-78.9347284,43.8692793]]},"properties":{"kind":"service","tier":"service","placement":"underground","from":"electric-TX-00075","to":"electric-N-P-00344","lengthM":8.4,"voltageKV":0.24,"phase":"C","phases":1,"conductor":"4/0 AL URD triplex","feeder":"F1-01","designKVA":10.7}},{"type":"Feature","id":"electric-E641","geometry":{"type":"LineString","coordinates":[[-78.934889,43.8693827],[-78.9351908,43.8693638]]},"properties":{"kind":"service","tier":"service","placement":"overhead","from":"electric-TX-00076","to":"electric-N-P-00332","lengthM":24.32,"voltageKV":0.24,"phase":"C","phases":1,"conductor":"1/0 AL triplex","feeder":"F1-01","designKVA":4.53}},{"type":"Feature","id":"electric-E643","geometry":{"type":"LineString","coordinates":[[-78.934875,43.8693866],[-78.9348631,43.8693893],[-78.9348175,43.8694432]]},"properties":{"kind":"service","tier":"service","placement":"underground","from":"electric-TX-00077","to":"electric-N-P-00345","lengthM":8.03,"voltageKV":0.24,"phase":"C","phases":1,"conductor":"4/0 AL URD triplex","feeder":"F1-01","designKVA":4.91}},{"type":"Feature","id":"electric-E645","geometry":{"type":"LineString","coordinates":[[-78.9349642,43.8695525],[-78.9352569,43.8695119]]},"properties":{"kind":"service","tier":"service","placement":"overhead","from":"electric-TX-00078","to":"electric-N-P-00333","lengthM":23.92,"voltageKV":0.24,"phase":"C","phases":1,"conductor":"1/0 AL triplex","feeder":"F1-01","designKVA":0.98}},{"type":"Feature","id":"electric-E647","geometry":{"type":"LineString","coordinates":[[-78.9349514,43.8695591],[-78.9349395,43.8695618],[-78.9348835,43.8696154]]},"properties":{"kind":"service","tier":"service","placement":"underground","from":"electric-TX-00079","to":"electric-N-P-00346","lengthM":8.47,"voltageKV":0.24,"phase":"C","phases":1,"conductor":"4/0 AL URD triplex","feeder":"F1-01","designKVA":6.51}},{"type":"Feature","id":"electric-E649","geometry":{"type":"LineString","coordinates":[[-78.9350341,43.8697105],[-78.9353149,43.8696972]]},"properties":{"kind":"service","tier":"service","placement":"overhead","from":"electric-TX-00080","to":"electric-N-P-00334","lengthM":22.58,"voltageKV":0.24,"phase":"C","phases":1,"conductor":"1/0 AL triplex","feeder":"F1-01","designKVA":9.64}},{"type":"Feature","id":"electric-E651","geometry":{"type":"LineString","coordinates":[[-78.9350211,43.8697165],[-78.9350092,43.8697192],[-78.9349536,43.8697863]]},"properties":{"kind":"service","tier":"service","placement":"underground","from":"electric-TX-00081","to":"electric-N-P-00347","lengthM":9.7,"voltageKV":0.24,"phase":"C","phases":1,"conductor":"4/0 AL URD triplex","feeder":"F1-01","designKVA":12.63}},{"type":"Feature","id":"electric-E653","geometry":{"type":"LineString","coordinates":[[-78.9351039,43.869868],[-78.9354037,43.8698598]]},"properties":{"kind":"service","tier":"service","placement":"overhead","from":"electric-TX-00082","to":"electric-N-P-00335","lengthM":24.07,"voltageKV":0.24,"phase":"C","phases":1,"conductor":"1/0 AL triplex","feeder":"F1-01","designKVA":5.43}},{"type":"Feature","id":"electric-E655","geometry":{"type":"LineString","coordinates":[[-78.9351634,43.8700376],[-78.9350804,43.8698799],[-78.9350154,43.8699378]]},"properties":{"kind":"service","tier":"service","placement":"underground","from":"electric-TX-00083","to":"electric-N-P-00348","lengthM":27.07,"voltageKV":0.24,"phase":"C","phases":1,"conductor":"4/0 AL URD triplex","feeder":"F1-01","designKVA":11.96}},{"type":"Feature","id":"electric-E656","geometry":{"type":"LineString","coordinates":[[-78.9351634,43.8700376],[-78.9351515,43.8700404],[-78.9351081,43.8701066]]},"properties":{"kind":"service","tier":"service","placement":"underground","from":"electric-TX-00083","to":"electric-N-P-00349","lengthM":9.16,"voltageKV":0.24,"phase":"C","phases":1,"conductor":"4/0 AL URD triplex","feeder":"F1-01","designKVA":18.25}},{"type":"Feature","id":"electric-E657","geometry":{"type":"LineString","coordinates":[[-78.9351634,43.8700376],[-78.9352209,43.8701974],[-78.9351786,43.8702666]]},"properties":{"kind":"service","tier":"service","placement":"underground","from":"electric-TX-00083","to":"electric-N-P-00350","lengthM":26.79,"voltageKV":0.24,"phase":"C","phases":1,"conductor":"4/0 AL URD triplex","feeder":"F1-01","designKVA":6.67}},{"type":"Feature","id":"electric-E659","geometry":{"type":"LineString","coordinates":[[-78.935492,43.8707867],[-78.9356046,43.8710722],[-78.9355292,43.8710623]]},"properties":{"kind":"service","tier":"service","placement":"underground","from":"electric-TX-00084","to":"electric-N-P-00351","lengthM":39.19,"voltageKV":0.24,"phase":"A","phases":1,"conductor":"4/0 AL URD triplex","feeder":"F1-01","designKVA":13.27}},{"type":"Feature","id":"electric-E660","geometry":{"type":"LineString","coordinates":[[-78.935492,43.8707867],[-78.9355415,43.8709288],[-78.9354386,43.8708981]]},"properties":{"kind":"service","tier":"service","placement":"underground","from":"electric-TX-00084","to":"electric-N-P-00352","lengthM":25.25,"voltageKV":0.24,"phase":"A","phases":1,"conductor":"4/0 AL URD triplex","feeder":"F1-01","designKVA":5.87}},{"type":"Feature","id":"electric-E661","geometry":{"type":"LineString","coordinates":[[-78.935492,43.8707867],[-78.9354803,43.8707899],[-78.9353937,43.8707854]]},"properties":{"kind":"service","tier":"service","placement":"underground","from":"electric-TX-00084","to":"electric-N-P-00353","lengthM":7.97,"voltageKV":0.24,"phase":"A","phases":1,"conductor":"4/0 AL URD triplex","feeder":"F1-01","designKVA":4.38}},{"type":"Feature","id":"electric-E662","geometry":{"type":"LineString","coordinates":[[-78.935492,43.8707867],[-78.9356937,43.8707401],[-78.9357499,43.8707054]]},"properties":{"kind":"service","tier":"service","placement":"underground","from":"electric-TX-00084","to":"electric-N-P-00356","lengthM":22.94,"voltageKV":0.24,"phase":"A","phases":1,"conductor":"4/0 AL URD triplex","feeder":"F1-01","designKVA":4.54}},{"type":"Feature","id":"electric-E663","geometry":{"type":"LineString","coordinates":[[-78.935492,43.8707867],[-78.9354183,43.8706491],[-78.9353406,43.8706319]]},"properties":{"kind":"service","tier":"service","placement":"underground","from":"electric-TX-00084","to":"electric-N-P-00354","lengthM":22.94,"voltageKV":0.24,"phase":"A","phases":1,"conductor":"4/0 AL URD triplex","feeder":"F1-01","designKVA":5.68}},{"type":"Feature","id":"electric-E664","geometry":{"type":"LineString","coordinates":[[-78.935492,43.8707867],[-78.9353567,43.8705093],[-78.9352685,43.870488]]},"properties":{"kind":"service","tier":"service","placement":"underground","from":"electric-TX-00084","to":"electric-N-P-00355","lengthM":40.2,"voltageKV":0.24,"phase":"A","phases":1,"conductor":"4/0 AL URD triplex","feeder":"F1-01","designKVA":11.68}},{"type":"Feature","id":"electric-E666","geometry":{"type":"LineString","coordinates":[[-78.9343154,43.8703822],[-78.9348153,43.8705377],[-78.9347741,43.8706071]]},"properties":{"kind":"service","tier":"service","placement":"underground","from":"electric-TX-00085","to":"electric-N-P-00357","lengthM":52.09,"voltageKV":0.24,"phase":"C","phases":1,"conductor":"4/0 AL URD triplex","feeder":"F1-01","designKVA":5.63}},{"type":"Feature","id":"electric-E667","geometry":{"type":"LineString","coordinates":[[-78.9343154,43.8703822],[-78.9347394,43.8703851],[-78.9346724,43.8703483]]},"properties":{"kind":"service","tier":"service","placement":"underground","from":"electric-TX-00085","to":"electric-N-P-00366","lengthM":40.78,"voltageKV":0.24,"phase":"C","phases":1,"conductor":"4/0 AL URD triplex","feeder":"F1-01","designKVA":6.27}},{"type":"Feature","id":"electric-E668","geometry":{"type":"LineString","coordinates":[[-78.9343154,43.8703822],[-78.9345273,43.8704039],[-78.9344935,43.8703765]]},"properties":{"kind":"service","tier":"service","placement":"underground","from":"electric-TX-00085","to":"electric-N-P-00367","lengthM":21.26,"voltageKV":0.24,"phase":"C","phases":1,"conductor":"4/0 AL URD triplex","feeder":"F1-01","designKVA":0.62}},{"type":"Feature","id":"electric-E669","geometry":{"type":"LineString","coordinates":[[-78.9343154,43.8703822],[-78.9343256,43.8703696],[-78.9343075,43.8703227]]},"properties":{"kind":"service","tier":"service","placement":"underground","from":"electric-TX-00085","to":"electric-N-P-00368","lengthM":7.05,"voltageKV":0.24,"phase":"C","phases":1,"conductor":"4/0 AL URD triplex","feeder":"F1-01","designKVA":8.43}},{"type":"Feature","id":"electric-E670","geometry":{"type":"LineString","coordinates":[[-78.9343154,43.8703822],[-78.9340415,43.8704416],[-78.9339488,43.8704654]]},"properties":{"kind":"service","tier":"service","placement":"underground","from":"electric-TX-00085","to":"electric-N-P-00358","lengthM":30.85,"voltageKV":0.24,"phase":"C","phases":1,"conductor":"4/0 AL URD triplex","feeder":"F1-01","designKVA":5.46}},{"type":"Feature","id":"electric-E671","geometry":{"type":"LineString","coordinates":[[-78.9343154,43.8703822],[-78.9341407,43.8702958],[-78.9341241,43.8702255]]},"properties":{"kind":"service","tier":"service","placement":"underground","from":"electric-TX-00085","to":"electric-N-P-00369","lengthM":24.94,"voltageKV":0.24,"phase":"C","phases":1,"conductor":"4/0 AL URD triplex","feeder":"F1-01","designKVA":4.71}},{"type":"Feature","id":"electric-E672","geometry":{"type":"LineString","coordinates":[[-78.9343154,43.8703822],[-78.9338523,43.8703898],[-78.9338146,43.8704045]]},"properties":{"kind":"service","tier":"service","placement":"underground","from":"electric-TX-00085","to":"electric-N-P-00359","lengthM":40.61,"voltageKV":0.24,"phase":"C","phases":1,"conductor":"4/0 AL URD triplex","feeder":"F1-01","designKVA":4.59}},{"type":"Feature","id":"electric-E674","geometry":{"type":"LineString","coordinates":[[-78.9334436,43.8709805],[-78.9332652,43.8706032],[-78.9331958,43.870637]]},"properties":{"kind":"service","tier":"service","placement":"underground","from":"electric-TX-00086","to":"electric-N-P-00370","lengthM":51.09,"voltageKV":0.24,"phase":"B","phases":1,"conductor":"4/0 AL URD triplex","feeder":"F1-01","designKVA":4.49}},{"type":"Feature","id":"electric-E675","geometry":{"type":"LineString","coordinates":[[-78.9334436,43.8709805],[-78.9333276,43.8707455],[-78.9332899,43.8708122]]},"properties":{"kind":"service","tier":"service","placement":"underground","from":"electric-TX-00086","to":"electric-N-P-00371","lengthM":35.79,"voltageKV":0.24,"phase":"B","phases":1,"conductor":"4/0 AL URD triplex","feeder":"F1-01","designKVA":5.5}},{"type":"Feature","id":"electric-E676","geometry":{"type":"LineString","coordinates":[[-78.9334436,43.8709805],[-78.933557,43.8707322],[-78.9336068,43.8707492]]},"properties":{"kind":"service","tier":"service","placement":"underground","from":"electric-TX-00086","to":"electric-N-P-00360","lengthM":33.53,"voltageKV":0.24,"phase":"B","phases":1,"conductor":"4/0 AL URD triplex","feeder":"F1-01","designKVA":11.77}},{"type":"Feature","id":"electric-E677","geometry":{"type":"LineString","coordinates":[[-78.9334436,43.8709805],[-78.9333915,43.8708914],[-78.9333447,43.8709519]]},"properties":{"kind":"service","tier":"service","placement":"underground","from":"electric-TX-00086","to":"electric-N-P-00372","lengthM":18.46,"voltageKV":0.24,"phase":"B","phases":1,"conductor":"4/0 AL URD triplex","feeder":"F1-01","designKVA":5.62}},{"type":"Feature","id":"electric-E678","geometry":{"type":"LineString","coordinates":[[-78.9334436,43.8709805],[-78.9336213,43.870879],[-78.9337026,43.8708852]]},"properties":{"kind":"service","tier":"service","placement":"underground","from":"electric-TX-00086","to":"electric-N-P-00361","lengthM":24.75,"voltageKV":0.24,"phase":"B","phases":1,"conductor":"4/0 AL URD triplex","feeder":"F1-01","designKVA":5.84}},{"type":"Feature","id":"electric-E679","geometry":{"type":"LineString","coordinates":[[-78.9334436,43.8709805],[-78.933456,43.8710386],[-78.9334083,43.8710967]]},"properties":{"kind":"service","tier":"service","placement":"underground","from":"electric-TX-00086","to":"electric-N-P-00373","lengthM":14.06,"voltageKV":0.24,"phase":"B","phases":1,"conductor":"4/0 AL URD triplex","feeder":"F1-01","designKVA":5.77}},{"type":"Feature","id":"electric-E680","geometry":{"type":"LineString","coordinates":[[-78.9334436,43.8709805],[-78.9336825,43.8710187],[-78.9337764,43.8710254]]},"properties":{"kind":"service","tier":"service","placement":"underground","from":"electric-TX-00086","to":"electric-N-P-00362","lengthM":27.21,"voltageKV":0.24,"phase":"B","phases":1,"conductor":"4/0 AL URD triplex","feeder":"F1-01","designKVA":10.62}},{"type":"Feature","id":"electric-E681","geometry":{"type":"LineString","coordinates":[[-78.9334436,43.8709805],[-78.933522,43.8711893],[-78.9334583,43.8712382]]},"properties":{"kind":"service","tier":"service","placement":"underground","from":"electric-TX-00086","to":"electric-N-P-00374","lengthM":31.55,"voltageKV":0.24,"phase":"B","phases":1,"conductor":"4/0 AL URD triplex","feeder":"F1-01","designKVA":12.82}},{"type":"Feature","id":"electric-E682","geometry":{"type":"LineString","coordinates":[[-78.9334436,43.8709805],[-78.9337421,43.8711548],[-78.9338295,43.8711889]]},"properties":{"kind":"service","tier":"service","placement":"underground","from":"electric-TX-00086","to":"electric-N-P-00363","lengthM":38.8,"voltageKV":0.24,"phase":"B","phases":1,"conductor":"4/0 AL URD triplex","feeder":"F1-01","designKVA":5.79}},{"type":"Feature","id":"electric-E683","geometry":{"type":"LineString","coordinates":[[-78.9334436,43.8709805],[-78.9335859,43.8713352],[-78.9335299,43.8714033]]},"properties":{"kind":"service","tier":"service","placement":"underground","from":"electric-TX-00086","to":"electric-N-P-00375","lengthM":49.92,"voltageKV":0.24,"phase":"B","phases":1,"conductor":"4/0 AL URD triplex","feeder":"F1-01","designKVA":1.12}},{"type":"Feature","id":"electric-E685","geometry":{"type":"LineString","coordinates":[[-78.9338531,43.871438],[-78.9338057,43.8713],[-78.9338952,43.8713137]]},"properties":{"kind":"service","tier":"service","placement":"underground","from":"electric-TX-00087","to":"electric-N-P-00364","lengthM":23.17,"voltageKV":0.24,"phase":"B","phases":1,"conductor":"4/0 AL URD triplex","feeder":"F1-01","designKVA":1.97}},{"type":"Feature","id":"electric-E686","geometry":{"type":"LineString","coordinates":[[-78.9338531,43.871438],[-78.9336511,43.871484],[-78.9336031,43.8715443]]},"properties":{"kind":"service","tier":"service","placement":"underground","from":"electric-TX-00087","to":"electric-N-P-00376","lengthM":24.74,"voltageKV":0.24,"phase":"B","phases":1,"conductor":"4/0 AL URD triplex","feeder":"F1-01","designKVA":4.61}},{"type":"Feature","id":"electric-E687","geometry":{"type":"LineString","coordinates":[[-78.9338531,43.871438],[-78.9338683,43.8714428],[-78.9339419,43.8714562]]},"properties":{"kind":"service","tier":"service","placement":"underground","from":"electric-TX-00087","to":"electric-N-P-00365","lengthM":7.42,"voltageKV":0.24,"phase":"B","phases":1,"conductor":"4/0 AL URD triplex","feeder":"F1-01","designKVA":5.52}},{"type":"Feature","id":"electric-E689","geometry":{"type":"LineString","coordinates":[[-78.9353043,43.8672105],[-78.9354025,43.8671576]]},"properties":{"kind":"service","tier":"service","placement":"overhead","from":"electric-TX-00088","to":"electric-N-P-00377","lengthM":9.84,"voltageKV":0.24,"phase":"B","phases":1,"conductor":"1/0 AL triplex","feeder":"F1-01","designKVA":4.77}},{"type":"Feature","id":"electric-E691","geometry":{"type":"LineString","coordinates":[[-78.9341992,43.8716057],[-78.9343247,43.8715854],[-78.9342982,43.8716427]]},"properties":{"kind":"service","tier":"service","placement":"underground","from":"electric-TX-00089","to":"electric-N-P-00378","lengthM":17.04,"voltageKV":0.24,"phase":"B","phases":1,"conductor":"4/0 AL URD triplex","feeder":"F1-01","designKVA":6.03}},{"type":"Feature","id":"electric-E692","geometry":{"type":"LineString","coordinates":[[-78.9341992,43.8716057],[-78.9340813,43.8716427],[-78.934065,43.8717128]]},"properties":{"kind":"service","tier":"service","placement":"underground","from":"electric-TX-00089","to":"electric-N-P-00379","lengthM":18.23,"voltageKV":0.24,"phase":"B","phases":1,"conductor":"4/0 AL URD triplex","feeder":"F1-01","designKVA":4.72}},{"type":"Feature","id":"electric-E694","geometry":{"type":"LineString","coordinates":[[-78.9339839,43.8722206],[-78.9342967,43.8724315],[-78.9343371,43.8723669]]},"properties":{"kind":"service","tier":"service","placement":"underground","from":"electric-TX-00090","to":"electric-N-P-00385","lengthM":42.26,"voltageKV":0.24,"phase":"B","phases":1,"conductor":"4/0 AL URD triplex","feeder":"F1-01","designKVA":4.6}},{"type":"Feature","id":"electric-E695","geometry":{"type":"LineString","coordinates":[[-78.9339839,43.8722206],[-78.9340793,43.8724722],[-78.9339811,43.8724188]]},"properties":{"kind":"service","tier":"service","placement":"underground","from":"electric-TX-00090","to":"electric-N-P-00380","lengthM":38.91,"voltageKV":0.24,"phase":"B","phases":1,"conductor":"4/0 AL URD triplex","feeder":"F1-01","designKVA":6.72}},{"type":"Feature","id":"electric-E696","geometry":{"type":"LineString","coordinates":[[-78.9339839,43.8722206],[-78.9342251,43.8722652],[-78.9342797,43.872193]]},"properties":{"kind":"service","tier":"service","placement":"underground","from":"electric-TX-00090","to":"electric-N-P-00386","lengthM":29.15,"voltageKV":0.24,"phase":"B","phases":1,"conductor":"4/0 AL URD triplex","feeder":"F1-01","designKVA":4.73}},{"type":"Feature","id":"electric-E697","geometry":{"type":"LineString","coordinates":[[-78.9339839,43.8722206],[-78.934006,43.8723019],[-78.9339144,43.8722662]]},"properties":{"kind":"service","tier":"service","placement":"underground","from":"electric-TX-00090","to":"electric-N-P-00381","lengthM":17.59,"voltageKV":0.24,"phase":"B","phases":1,"conductor":"4/0 AL URD triplex","feeder":"F1-01","designKVA":11.69}},{"type":"Feature","id":"electric-E698","geometry":{"type":"LineString","coordinates":[[-78.9339839,43.8722206],[-78.934152,43.8720964],[-78.9342029,43.872023]]},"properties":{"kind":"service","tier":"service","placement":"underground","from":"electric-TX-00090","to":"electric-N-P-00387","lengthM":28.46,"voltageKV":0.24,"phase":"B","phases":1,"conductor":"4/0 AL URD triplex","feeder":"F1-01","designKVA":9.93}},{"type":"Feature","id":"electric-E699","geometry":{"type":"LineString","coordinates":[[-78.9339839,43.8722206],[-78.9339348,43.8721375],[-78.9338468,43.8721222]]},"properties":{"kind":"service","tier":"service","placement":"underground","from":"electric-TX-00090","to":"electric-N-P-00382","lengthM":17.32,"voltageKV":0.24,"phase":"B","phases":1,"conductor":"4/0 AL URD triplex","feeder":"F1-01","designKVA":6.29}},{"type":"Feature","id":"electric-E700","geometry":{"type":"LineString","coordinates":[[-78.9339839,43.8722206],[-78.9338622,43.8719696],[-78.9337658,43.8719448]]},"properties":{"kind":"service","tier":"service","placement":"underground","from":"electric-TX-00090","to":"electric-N-P-00383","lengthM":37.81,"voltageKV":0.24,"phase":"B","phases":1,"conductor":"4/0 AL URD triplex","feeder":"F1-01","designKVA":13.11}},{"type":"Feature","id":"electric-E701","geometry":{"type":"LineString","coordinates":[[-78.9339839,43.8722206],[-78.9337894,43.8718016],[-78.9337024,43.8718012]]},"properties":{"kind":"service","tier":"service","placement":"underground","from":"electric-TX-00090","to":"electric-N-P-00384","lengthM":56.16,"voltageKV":0.24,"phase":"B","phases":1,"conductor":"4/0 AL URD triplex","feeder":"F1-01","designKVA":4.66}},{"type":"Feature","id":"electric-E703","geometry":{"type":"LineString","coordinates":[[-78.9334038,43.8727084],[-78.9340971,43.8727519],[-78.9340873,43.8728035]]},"properties":{"kind":"service","tier":"service","placement":"underground","from":"electric-TX-00091","to":"electric-N-P-00388","lengthM":61.65,"voltageKV":0.24,"phase":"ABC","phases":1,"conductor":"4/0 AL URD triplex","feeder":"F1-01","designKVA":5.76}},{"type":"Feature","id":"electric-E704","geometry":{"type":"LineString","coordinates":[[-78.9334038,43.8727084],[-78.933608,43.8726537],[-78.933526,43.8726203]]},"properties":{"kind":"service","tier":"service","placement":"underground","from":"electric-TX-00091","to":"electric-N-P-00389","lengthM":25.04,"voltageKV":0.24,"phase":"ABC","phases":1,"conductor":"4/0 AL URD triplex","feeder":"F1-01","designKVA":12.42}},{"type":"Feature","id":"electric-E705","geometry":{"type":"LineString","coordinates":[[-78.9334038,43.8727084],[-78.9334001,43.8726998],[-78.9333437,43.872653]]},"properties":{"kind":"service","tier":"service","placement":"underground","from":"electric-TX-00091","to":"electric-N-P-00390","lengthM":7.9,"voltageKV":0.24,"phase":"ABC","phases":1,"conductor":"4/0 AL URD triplex","feeder":"F1-01","designKVA":1.15}},{"type":"Feature","id":"electric-E706","geometry":{"type":"LineString","coordinates":[[-78.9334038,43.8727084],[-78.9331922,43.872746],[-78.9331194,43.8727036]]},"properties":{"kind":"service","tier":"service","placement":"underground","from":"electric-TX-00091","to":"electric-N-P-00391","lengthM":25.0,"voltageKV":0.24,"phase":"ABC","phases":1,"conductor":"4/0 AL URD triplex","feeder":"F1-01","designKVA":10.51}},{"type":"Feature","id":"electric-E707","geometry":{"type":"LineString","coordinates":[[-78.9334038,43.8727084],[-78.9329935,43.8727901],[-78.9329167,43.8727521]]},"properties":{"kind":"service","tier":"service","placement":"underground","from":"electric-TX-00091","to":"electric-N-P-00392","lengthM":41.63,"voltageKV":0.24,"phase":"ABC","phases":1,"conductor":"4/0 AL URD triplex","feeder":"F1-01","designKVA":5.37}},{"type":"Feature","id":"electric-E709","geometry":{"type":"LineString","coordinates":[[-78.9319873,43.8717886],[-78.9322186,43.8722865],[-78.9322904,43.8722407]]},"properties":{"kind":"service","tier":"service","placement":"underground","from":"electric-TX-00092","to":"electric-N-P-00400","lengthM":66.15,"voltageKV":0.24,"phase":"A","phases":1,"conductor":"4/0 AL URD triplex","feeder":"F1-01","designKVA":2.55}},{"type":"Feature","id":"electric-E710","geometry":{"type":"LineString","coordinates":[[-78.9319873,43.8717886],[-78.9321544,43.87214],[-78.9322162,43.8720951]]},"properties":{"kind":"service","tier":"service","placement":"underground","from":"electric-TX-00092","to":"electric-N-P-00401","lengthM":48.39,"voltageKV":0.24,"phase":"A","phases":1,"conductor":"4/0 AL URD triplex","feeder":"F1-01","designKVA":4.77}},{"type":"Feature","id":"electric-E711","geometry":{"type":"LineString","coordinates":[[-78.9319873,43.8717886],[-78.9320921,43.871998],[-78.9321553,43.8719367]]},"properties":{"kind":"service","tier":"service","placement":"underground","from":"electric-TX-00092","to":"electric-N-P-00402","lengthM":33.27,"voltageKV":0.24,"phase":"A","phases":1,"conductor":"4/0 AL URD triplex","feeder":"F1-01","designKVA":11.57}},{"type":"Feature","id":"electric-E712","geometry":{"type":"LineString","coordinates":[[-78.9319873,43.8717886],[-78.9320304,43.8718571],[-78.932082,43.8718223]]},"properties":{"kind":"service","tier":"service","placement":"underground","from":"electric-TX-00092","to":"electric-N-P-00403","lengthM":14.05,"voltageKV":0.24,"phase":"A","phases":1,"conductor":"4/0 AL URD triplex","feeder":"F1-01","designKVA":13.2}},{"type":"Feature","id":"electric-E713","geometry":{"type":"LineString","coordinates":[[-78.9319873,43.8717886],[-78.931968,43.8717146],[-78.9320191,43.8716657]]},"properties":{"kind":"service","tier":"service","placement":"underground","from":"electric-TX-00092","to":"electric-N-P-00404","lengthM":15.2,"voltageKV":0.24,"phase":"A","phases":1,"conductor":"4/0 AL URD triplex","feeder":"F1-01","designKVA":4.59}},{"type":"Feature","id":"electric-E714","geometry":{"type":"LineString","coordinates":[[-78.9319873,43.8717886],[-78.9317537,43.8717626],[-78.9316664,43.8717417]]},"properties":{"kind":"service","tier":"service","placement":"underground","from":"electric-TX-00092","to":"electric-N-P-00393","lengthM":26.35,"voltageKV":0.24,"phase":"A","phases":1,"conductor":"4/0 AL URD triplex","feeder":"F1-01","designKVA":10.27}},{"type":"Feature","id":"electric-E715","geometry":{"type":"LineString","coordinates":[[-78.9319873,43.8717886],[-78.9319061,43.8715734],[-78.9319638,43.8715101]]},"properties":{"kind":"service","tier":"service","placement":"underground","from":"electric-TX-00092","to":"electric-N-P-00405","lengthM":33.26,"voltageKV":0.24,"phase":"A","phases":1,"conductor":"4/0 AL URD triplex","feeder":"F1-01","designKVA":10.87}},{"type":"Feature","id":"electric-E716","geometry":{"type":"LineString","coordinates":[[-78.9319873,43.8717886],[-78.9316911,43.8716197],[-78.9315901,43.8715982]]},"properties":{"kind":"service","tier":"service","placement":"underground","from":"electric-TX-00092","to":"electric-N-P-00394","lengthM":38.75,"voltageKV":0.24,"phase":"A","phases":1,"conductor":"4/0 AL URD triplex","feeder":"F1-01","designKVA":2.22}},{"type":"Feature","id":"electric-E718","geometry":{"type":"LineString","coordinates":[[-78.9315191,43.8711972],[-78.9318461,43.8714365],[-78.9319071,43.8714057]]},"properties":{"kind":"service","tier":"service","placement":"underground","from":"electric-TX-00093","to":"electric-N-P-00406","lengthM":43.37,"voltageKV":0.24,"phase":"A","phases":1,"conductor":"4/0 AL URD triplex","feeder":"F1-01","designKVA":7.83}},{"type":"Feature","id":"electric-E719","geometry":{"type":"LineString","coordinates":[[-78.9315191,43.8711972],[-78.9316269,43.8714731],[-78.9315445,43.8714599]]},"properties":{"kind":"service","tier":"service","placement":"underground","from":"electric-TX-00093","to":"electric-N-P-00395","lengthM":38.67,"voltageKV":0.24,"phase":"A","phases":1,"conductor":"4/0 AL URD triplex","feeder":"F1-01","designKVA":5.35}},{"type":"Feature","id":"electric-E720","geometry":{"type":"LineString","coordinates":[[-78.9315191,43.8711972],[-78.9317845,43.871296],[-78.9318398,43.871227]]},"properties":{"kind":"service","tier":"service","placement":"underground","from":"electric-TX-00093","to":"electric-N-P-00407","lengthM":32.85,"voltageKV":0.24,"phase":"A","phases":1,"conductor":"4/0 AL URD triplex","feeder":"F1-01","designKVA":5.92}},{"type":"Feature","id":"electric-E721","geometry":{"type":"LineString","coordinates":[[-78.9315191,43.8711972],[-78.9315669,43.8713362],[-78.9314709,43.8713056]]},"properties":{"kind":"service","tier":"service","placement":"underground","from":"electric-TX-00093","to":"electric-N-P-00396","lengthM":24.37,"voltageKV":0.24,"phase":"A","phases":1,"conductor":"4/0 AL URD triplex","feeder":"F1-01","designKVA":10.51}},{"type":"Feature","id":"electric-E722","geometry":{"type":"LineString","coordinates":[[-78.9315191,43.8711972],[-78.9315082,43.8712023],[-78.9314171,43.8711781]]},"properties":{"kind":"service","tier":"service","placement":"underground","from":"electric-TX-00093","to":"electric-N-P-00397","lengthM":8.84,"voltageKV":0.24,"phase":"A","phases":1,"conductor":"4/0 AL URD triplex","feeder":"F1-01","designKVA":4.68}},{"type":"Feature","id":"electric-E723","geometry":{"type":"LineString","coordinates":[[-78.9315191,43.8711972],[-78.93172,43.8711488],[-78.9317774,43.8710879]]},"properties":{"kind":"service","tier":"service","placement":"underground","from":"electric-TX-00093","to":"electric-N-P-00408","lengthM":25.2,"voltageKV":0.24,"phase":"A","phases":1,"conductor":"4/0 AL URD triplex","feeder":"F1-01","designKVA":2.02}},{"type":"Feature","id":"electric-E724","geometry":{"type":"LineString","coordinates":[[-78.9315191,43.8711972],[-78.9314439,43.8710556],[-78.9313461,43.8710322]]},"properties":{"kind":"service","tier":"service","placement":"underground","from":"electric-TX-00093","to":"electric-N-P-00398","lengthM":25.14,"voltageKV":0.24,"phase":"A","phases":1,"conductor":"4/0 AL URD triplex","feeder":"F1-01","designKVA":11.19}},{"type":"Feature","id":"electric-E725","geometry":{"type":"LineString","coordinates":[[-78.9315191,43.8711972],[-78.9316562,43.8710033],[-78.9317201,43.8709544]]},"properties":{"kind":"service","tier":"service","placement":"underground","from":"electric-TX-00093","to":"electric-N-P-00409","lengthM":31.71,"voltageKV":0.24,"phase":"A","phases":1,"conductor":"4/0 AL URD triplex","feeder":"F1-01","designKVA":5.88}},{"type":"Feature","id":"electric-E726","geometry":{"type":"LineString","coordinates":[[-78.9315191,43.8711972],[-78.9315944,43.8708622],[-78.9316646,43.8708208]]},"properties":{"kind":"service","tier":"service","placement":"underground","from":"electric-TX-00093","to":"electric-N-P-00410","lengthM":45.06,"voltageKV":0.24,"phase":"A","phases":1,"conductor":"4/0 AL URD triplex","feeder":"F1-01","designKVA":6.04}},{"type":"Feature","id":"electric-E727","geometry":{"type":"LineString","coordinates":[[-78.9315191,43.8711972],[-78.9313804,43.8709105],[-78.9312961,43.8708941]]},"properties":{"kind":"service","tier":"service","placement":"underground","from":"electric-TX-00093","to":"electric-N-P-00399","lengthM":40.8,"voltageKV":0.24,"phase":"A","phases":1,"conductor":"4/0 AL URD triplex","feeder":"F1-01","designKVA":5.71}},{"type":"Feature","id":"electric-E729","geometry":{"type":"LineString","coordinates":[[-78.9331696,43.8718931],[-78.9328157,43.872401],[-78.9328673,43.8724496]]},"properties":{"kind":"service","tier":"service","placement":"underground","from":"electric-TX-00094","to":"electric-N-P-00432","lengthM":70.07,"voltageKV":0.24,"phase":"A","phases":1,"conductor":"4/0 AL URD triplex","feeder":"F1-01","designKVA":5.09}},{"type":"Feature","id":"electric-E730","geometry":{"type":"LineString","coordinates":[[-78.9331696,43.8718931],[-78.9327499,43.8722464],[-78.9328053,43.8721795]]},"properties":{"kind":"service","tier":"service","placement":"underground","from":"electric-TX-00094","to":"electric-N-P-00411","lengthM":60.45,"voltageKV":0.24,"phase":"A","phases":1,"conductor":"4/0 AL URD triplex","feeder":"F1-01","designKVA":4.7}},{"type":"Feature","id":"electric-E731","geometry":{"type":"LineString","coordinates":[[-78.9331696,43.8718931],[-78.9332277,43.8719948],[-78.9332837,43.8719633]]},"properties":{"kind":"service","tier":"service","placement":"underground","from":"electric-TX-00094","to":"electric-N-P-00433","lengthM":17.94,"voltageKV":0.24,"phase":"A","phases":1,"conductor":"4/0 AL URD triplex","feeder":"F1-01","designKVA":4.48}},{"type":"Feature","id":"electric-E732","geometry":{"type":"LineString","coordinates":[[-78.9331696,43.8718931],[-78.9329678,43.8719396],[-78.932894,43.871917]]},"properties":{"kind":"service","tier":"service","placement":"underground","from":"electric-TX-00094","to":"electric-N-P-00412","lengthM":23.43,"voltageKV":0.24,"phase":"A","phases":1,"conductor":"4/0 AL URD triplex","feeder":"F1-01","designKVA":5.44}},{"type":"Feature","id":"electric-E733","geometry":{"type":"LineString","coordinates":[[-78.9331696,43.8718931],[-78.9331663,43.8718562],[-78.9332181,43.871796]]},"properties":{"kind":"service","tier":"service","placement":"underground","from":"electric-TX-00094","to":"electric-N-P-00434","lengthM":12.01,"voltageKV":0.24,"phase":"A","phases":1,"conductor":"4/0 AL URD triplex","feeder":"F1-01","designKVA":2.13}},{"type":"Feature","id":"electric-E734","geometry":{"type":"LineString","coordinates":[[-78.9331696,43.8718931],[-78.9329076,43.8718038],[-78.9328306,43.8717947]]},"properties":{"kind":"service","tier":"service","placement":"underground","from":"electric-TX-00094","to":"electric-N-P-00413","lengthM":29.52,"voltageKV":0.24,"phase":"A","phases":1,"conductor":"4/0 AL URD triplex","feeder":"F1-01","designKVA":19.95}},{"type":"Feature","id":"electric-E735","geometry":{"type":"LineString","coordinates":[[-78.9331696,43.8718931],[-78.9331014,43.8717097],[-78.9331656,43.8716506]]},"properties":{"kind":"service","tier":"service","placement":"underground","from":"electric-TX-00094","to":"electric-N-P-00435","lengthM":29.5,"voltageKV":0.24,"phase":"A","phases":1,"conductor":"4/0 AL URD triplex","feeder":"F1-01","designKVA":2.27}},{"type":"Feature","id":"electric-E737","geometry":{"type":"LineString","coordinates":[[-78.9327227,43.8713569],[-78.9328475,43.8716681],[-78.9327668,43.8716614]]},"properties":{"kind":"service","tier":"service","placement":"underground","from":"electric-TX-00095","to":"electric-N-P-00414","lengthM":42.59,"voltageKV":0.24,"phase":"A","phases":1,"conductor":"4/0 AL URD triplex","feeder":"F1-01","designKVA":9.65}},{"type":"Feature","id":"electric-E738","geometry":{"type":"LineString","coordinates":[[-78.9327227,43.8713569],[-78.9330403,43.8715718],[-78.9330892,43.8715181]]},"properties":{"kind":"service","tier":"service","placement":"underground","from":"electric-TX-00095","to":"electric-N-P-00436","lengthM":42.11,"voltageKV":0.24,"phase":"A","phases":1,"conductor":"4/0 AL URD triplex","feeder":"F1-01","designKVA":4.51}},{"type":"Feature","id":"electric-E739","geometry":{"type":"LineString","coordinates":[[-78.9327227,43.8713569],[-78.9327858,43.8715288],[-78.9326846,43.8714952]]},"properties":{"kind":"service","tier":"service","placement":"underground","from":"electric-TX-00095","to":"electric-N-P-00415","lengthM":28.73,"voltageKV":0.24,"phase":"A","phases":1,"conductor":"4/0 AL URD triplex","feeder":"F1-01","designKVA":6.1}},{"type":"Feature","id":"electric-E740","geometry":{"type":"LineString","coordinates":[[-78.9327227,43.8713569],[-78.9329802,43.8714361],[-78.9330402,43.8713935]]},"properties":{"kind":"service","tier":"service","placement":"underground","from":"electric-TX-00095","to":"electric-N-P-00437","lengthM":29.23,"voltageKV":0.24,"phase":"A","phases":1,"conductor":"4/0 AL URD triplex","feeder":"F1-01","designKVA":5.53}},{"type":"Feature","id":"electric-E741","geometry":{"type":"LineString","coordinates":[[-78.9327227,43.8713569],[-78.9327196,43.8713793],[-78.9326343,43.8713562]]},"properties":{"kind":"service","tier":"service","placement":"underground","from":"electric-TX-00095","to":"electric-N-P-00416","lengthM":9.82,"voltageKV":0.24,"phase":"A","phases":1,"conductor":"4/0 AL URD triplex","feeder":"F1-01","designKVA":5.93}},{"type":"Feature","id":"electric-E742","geometry":{"type":"LineString","coordinates":[[-78.9327227,43.8713569],[-78.9329158,43.8712907],[-78.9329733,43.8712364]]},"properties":{"kind":"service","tier":"service","placement":"underground","from":"electric-TX-00095","to":"electric-N-P-00438","lengthM":24.76,"voltageKV":0.24,"phase":"A","phases":1,"conductor":"4/0 AL URD triplex","feeder":"F1-01","designKVA":5.67}},{"type":"Feature","id":"electric-E743","geometry":{"type":"LineString","coordinates":[[-78.9327227,43.8713569],[-78.9326585,43.8712415],[-78.9325827,43.8712331]]},"properties":{"kind":"service","tier":"service","placement":"underground","from":"electric-TX-00095","to":"electric-N-P-00417","lengthM":20.0,"voltageKV":0.24,"phase":"A","phases":1,"conductor":"4/0 AL URD triplex","feeder":"F1-01","designKVA":5.51}},{"type":"Feature","id":"electric-E744","geometry":{"type":"LineString","coordinates":[[-78.9327227,43.8713569],[-78.9328491,43.8711402],[-78.9329031,43.8710751]]},"properties":{"kind":"service","tier":"service","placement":"underground","from":"electric-TX-00095","to":"electric-N-P-00439","lengthM":34.61,"voltageKV":0.24,"phase":"A","phases":1,"conductor":"4/0 AL URD triplex","feeder":"F1-01","designKVA":5.78}},{"type":"Feature","id":"electric-E745","geometry":{"type":"LineString","coordinates":[[-78.9327227,43.8713569],[-78.932597,43.8711026],[-78.9325177,43.8710815]]},"properties":{"kind":"service","tier":"service","placement":"underground","from":"electric-TX-00095","to":"electric-N-P-00418","lengthM":36.83,"voltageKV":0.24,"phase":"A","phases":1,"conductor":"4/0 AL URD triplex","feeder":"F1-01","designKVA":4.58}},{"type":"Feature","id":"electric-E746","geometry":{"type":"LineString","coordinates":[[-78.9327227,43.8713569],[-78.9327861,43.8709979],[-78.9328383,43.8709493]]},"properties":{"kind":"service","tier":"service","placement":"underground","from":"electric-TX-00095","to":"electric-N-P-00440","lengthM":47.13,"voltageKV":0.24,"phase":"A","phases":1,"conductor":"4/0 AL URD triplex","feeder":"F1-01","designKVA":11.45}},{"type":"Feature","id":"electric-E748","geometry":{"type":"LineString","coordinates":[[-78.9323857,43.870564],[-78.9325297,43.8709508],[-78.9324361,43.8709163]]},"properties":{"kind":"service","tier":"service","placement":"underground","from":"electric-TX-00096","to":"electric-N-P-00419","lengthM":53.03,"voltageKV":0.24,"phase":"A","phases":1,"conductor":"4/0 AL URD triplex","feeder":"F1-01","designKVA":5.82}},{"type":"Feature","id":"electric-E749","geometry":{"type":"LineString","coordinates":[[-78.9323857,43.870564],[-78.9327241,43.870858],[-78.9327801,43.8708052]]},"properties":{"kind":"service","tier":"service","placement":"underground","from":"electric-TX-00096","to":"electric-N-P-00441","lengthM":49.94,"voltageKV":0.24,"phase":"A","phases":1,"conductor":"4/0 AL URD triplex","feeder":"F1-01","designKVA":2.43}},{"type":"Feature","id":"electric-E750","geometry":{"type":"LineString","coordinates":[[-78.9323857,43.870564],[-78.9324677,43.8708108],[-78.9323761,43.8707899]]},"properties":{"kind":"service","tier":"service","placement":"underground","from":"electric-TX-00096","to":"electric-N-P-00420","lengthM":35.97,"voltageKV":0.24,"phase":"A","phases":1,"conductor":"4/0 AL URD triplex","feeder":"F1-01","designKVA":12.99}},{"type":"Feature","id":"electric-E751","geometry":{"type":"LineString","coordinates":[[-78.9323857,43.870564],[-78.9326593,43.8707117],[-78.9327135,43.8706474]]},"properties":{"kind":"service","tier":"service","placement":"underground","from":"electric-TX-00096","to":"electric-N-P-00442","lengthM":35.81,"voltageKV":0.24,"phase":"A","phases":1,"conductor":"4/0 AL URD triplex","feeder":"F1-01","designKVA":5.32}},{"type":"Feature","id":"electric-E752","geometry":{"type":"LineString","coordinates":[[-78.9323857,43.870564],[-78.9326059,43.8705715],[-78.9326772,43.8705302]]},"properties":{"kind":"service","tier":"service","placement":"underground","from":"electric-TX-00096","to":"electric-N-P-00443","lengthM":25.03,"voltageKV":0.24,"phase":"A","phases":1,"conductor":"4/0 AL URD triplex","feeder":"F1-01","designKVA":4.54}},{"type":"Feature","id":"electric-E753","geometry":{"type":"LineString","coordinates":[[-78.9323857,43.870564],[-78.9323628,43.8705249],[-78.9322746,43.8704818]]},"properties":{"kind":"service","tier":"service","placement":"underground","from":"electric-TX-00096","to":"electric-N-P-00421","lengthM":13.27,"voltageKV":0.24,"phase":"A","phases":1,"conductor":"4/0 AL URD triplex","feeder":"F1-01","designKVA":6.36}},{"type":"Feature","id":"electric-E754","geometry":{"type":"LineString","coordinates":[[-78.9323857,43.870564],[-78.932563,43.870422],[-78.9326218,43.870388]]},"properties":{"kind":"service","tier":"service","placement":"underground","from":"electric-TX-00096","to":"electric-N-P-00444","lengthM":27.31,"voltageKV":0.24,"phase":"A","phases":1,"conductor":"4/0 AL URD triplex","feeder":"F1-01","designKVA":13.2}},{"type":"Feature","id":"electric-E755","geometry":{"type":"LineString","coordinates":[[-78.9323857,43.870564],[-78.9323242,43.870381],[-78.9322466,43.8703459]]},"properties":{"kind":"service","tier":"service","placement":"underground","from":"electric-TX-00096","to":"electric-N-P-00422","lengthM":28.31,"voltageKV":0.24,"phase":"A","phases":1,"conductor":"4/0 AL URD triplex","feeder":"F1-01","designKVA":10.27}},{"type":"Feature","id":"electric-E756","geometry":{"type":"LineString","coordinates":[[-78.9323857,43.870564],[-78.9325288,43.8702686],[-78.9326082,43.8702211]]},"properties":{"kind":"service","tier":"service","placement":"underground","from":"electric-TX-00096","to":"electric-N-P-00445","lengthM":43.11,"voltageKV":0.24,"phase":"A","phases":1,"conductor":"4/0 AL URD triplex","feeder":"F1-01","designKVA":5.87}},{"type":"Feature","id":"electric-E757","geometry":{"type":"LineString","coordinates":[[-78.9323857,43.870564],[-78.9322962,43.8702354],[-78.9322065,43.8702059]]},"properties":{"kind":"service","tier":"service","placement":"underground","from":"electric-TX-00096","to":"electric-N-P-00423","lengthM":45.19,"voltageKV":0.24,"phase":"A","phases":1,"conductor":"4/0 AL URD triplex","feeder":"F1-01","designKVA":9.31}},{"type":"Feature","id":"electric-E759","geometry":{"type":"LineString","coordinates":[[-78.9321892,43.8697607],[-78.9325052,43.8701181],[-78.9325623,43.8700607]]},"properties":{"kind":"service","tier":"service","placement":"underground","from":"electric-TX-00097","to":"electric-N-P-00446","lengthM":55.04,"voltageKV":0.24,"phase":"A","phases":1,"conductor":"4/0 AL URD triplex","feeder":"F1-01","designKVA":6.29}},{"type":"Feature","id":"electric-E760","geometry":{"type":"LineString","coordinates":[[-78.9321892,43.8697607],[-78.9322729,43.8700819],[-78.9321974,43.8700485]]},"properties":{"kind":"service","tier":"service","placement":"underground","from":"electric-TX-00097","to":"electric-N-P-00424","lengthM":43.49,"voltageKV":0.24,"phase":"A","phases":1,"conductor":"4/0 AL URD triplex","feeder":"F1-01","designKVA":4.5}},{"type":"Feature","id":"electric-E761","geometry":{"type":"LineString","coordinates":[[-78.9321892,43.8697607],[-78.93248,43.8699761],[-78.9325414,43.8699493]]},"properties":{"kind":"service","tier":"service","placement":"underground","from":"electric-TX-00097","to":"electric-N-P-00447","lengthM":39.22,"voltageKV":0.24,"phase":"A","phases":1,"conductor":"4/0 AL URD triplex","feeder":"F1-01","designKVA":10.45}},{"type":"Feature","id":"electric-E762","geometry":{"type":"LineString","coordinates":[[-78.9321892,43.8697607],[-78.9322424,43.8699372],[-78.9321551,43.86992]]},"properties":{"kind":"service","tier":"service","placement":"underground","from":"electric-TX-00097","to":"electric-N-P-00425","lengthM":27.36,"voltageKV":0.24,"phase":"A","phases":1,"conductor":"4/0 AL URD triplex","feeder":"F1-01","designKVA":5.89}},{"type":"Feature","id":"electric-E763","geometry":{"type":"LineString","coordinates":[[-78.9321892,43.8697607],[-78.9321907,43.8697932],[-78.9321002,43.8697799]]},"properties":{"kind":"service","tier":"service","placement":"underground","from":"electric-TX-00097","to":"electric-N-P-00426","lengthM":11.03,"voltageKV":0.24,"phase":"A","phases":1,"conductor":"4/0 AL URD triplex","feeder":"F1-01","designKVA":6.19}},{"type":"Feature","id":"electric-E764","geometry":{"type":"LineString","coordinates":[[-78.9321892,43.8697607],[-78.9323771,43.8696837],[-78.9324303,43.8696346]]},"properties":{"kind":"service","tier":"service","placement":"underground","from":"electric-TX-00097","to":"electric-N-P-00448","lengthM":24.28,"voltageKV":0.24,"phase":"A","phases":1,"conductor":"4/0 AL URD triplex","feeder":"F1-01","designKVA":4.89}},{"type":"Feature","id":"electric-E765","geometry":{"type":"LineString","coordinates":[[-78.9321892,43.8697607],[-78.9321267,43.8696516],[-78.9320339,43.8696277]]},"properties":{"kind":"service","tier":"service","placement":"underground","from":"electric-TX-00097","to":"electric-N-P-00427","lengthM":21.04,"voltageKV":0.24,"phase":"A","phases":1,"conductor":"4/0 AL URD triplex","feeder":"F1-01","designKVA":5.89}},{"type":"Feature","id":"electric-E766","geometry":{"type":"LineString","coordinates":[[-78.9321892,43.8697607],[-78.9323115,43.8695385],[-78.9323562,43.8694834]]},"properties":{"kind":"service","tier":"service","placement":"underground","from":"electric-TX-00097","to":"electric-N-P-00449","lengthM":33.71,"voltageKV":0.24,"phase":"A","phases":1,"conductor":"4/0 AL URD triplex","feeder":"F1-01","designKVA":6.22}},{"type":"Feature","id":"electric-E767","geometry":{"type":"LineString","coordinates":[[-78.9321892,43.8697607],[-78.9320662,43.8695177],[-78.9319702,43.8694959]]},"properties":{"kind":"service","tier":"service","placement":"underground","from":"electric-TX-00097","to":"electric-N-P-00428","lengthM":36.87,"voltageKV":0.24,"phase":"A","phases":1,"conductor":"4/0 AL URD triplex","feeder":"F1-01","designKVA":5.62}},{"type":"Feature","id":"electric-E768","geometry":{"type":"LineString","coordinates":[[-78.9321892,43.8697607],[-78.9322479,43.8693981],[-78.9323123,43.8693484]]},"properties":{"kind":"service","tier":"service","placement":"underground","from":"electric-TX-00097","to":"electric-N-P-00450","lengthM":48.21,"voltageKV":0.24,"phase":"A","phases":1,"conductor":"4/0 AL URD triplex","feeder":"F1-01","designKVA":4.36}},{"type":"Feature","id":"electric-E770","geometry":{"type":"LineString","coordinates":[[-78.9319126,43.8692379],[-78.9320023,43.8693765],[-78.9318969,43.8693439]]},"properties":{"kind":"service","tier":"service","placement":"underground","from":"electric-TX-00098","to":"electric-N-P-00429","lengthM":26.22,"voltageKV":0.24,"phase":"A","phases":1,"conductor":"4/0 AL URD triplex","feeder":"F1-01","designKVA":9.08}},{"type":"Feature","id":"electric-E771","geometry":{"type":"LineString","coordinates":[[-78.9319126,43.8692379],[-78.932186,43.8692612],[-78.9322335,43.869197]]},"properties":{"kind":"service","tier":"service","placement":"underground","from":"electric-TX-00098","to":"electric-N-P-00451","lengthM":30.19,"voltageKV":0.24,"phase":"A","phases":1,"conductor":"4/0 AL URD triplex","feeder":"F1-01","designKVA":5.71}},{"type":"Feature","id":"electric-E772","geometry":{"type":"LineString","coordinates":[[-78.9319126,43.8692379],[-78.9317004,43.8691135],[-78.9316131,43.869076]]},"properties":{"kind":"service","tier":"service","placement":"underground","from":"electric-TX-00098","to":"electric-N-P-00452","lengthM":30.11,"voltageKV":0.24,"phase":"A","phases":1,"conductor":"4/0 AL URD triplex","feeder":"F1-01","designKVA":13.16}},{"type":"Feature","id":"electric-E773","geometry":{"type":"LineString","coordinates":[[-78.9319126,43.8692379],[-78.9313138,43.8693494],[-78.9312972,43.8694035]]},"properties":{"kind":"service","tier":"service","placement":"underground","from":"electric-TX-00098","to":"electric-N-P-00430","lengthM":55.81,"voltageKV":0.24,"phase":"A","phases":1,"conductor":"4/0 AL URD triplex","feeder":"F1-01","designKVA":9.56}},{"type":"Feature","id":"electric-E775","geometry":{"type":"LineString","coordinates":[[-78.931115,43.8693676],[-78.9311173,43.8693764],[-78.931079,43.8694146]]},"properties":{"kind":"service","tier":"service","placement":"underground","from":"electric-TX-00099","to":"electric-N-P-00431","lengthM":6.25,"voltageKV":0.24,"phase":"A","phases":1,"conductor":"4/0 AL URD triplex","feeder":"F1-01","designKVA":1.43}},{"type":"Feature","id":"electric-E777","geometry":{"type":"LineString","coordinates":[[-78.9311519,43.8702781],[-78.9312489,43.8706152],[-78.9311558,43.8705921]]},"properties":{"kind":"service","tier":"service","placement":"underground","from":"electric-TX-00100","to":"electric-N-P-00453","lengthM":46.22,"voltageKV":0.24,"phase":"A","phases":1,"conductor":"4/0 AL URD triplex","feeder":"F1-01","designKVA":1.84}},{"type":"Feature","id":"electric-E778","geometry":{"type":"LineString","coordinates":[[-78.9311519,43.8702781],[-78.931461,43.8705623],[-78.9314974,43.870495]]},"properties":{"kind":"service","tier":"service","placement":"underground","from":"electric-TX-00100","to":"electric-N-P-00460","lengthM":48.25,"voltageKV":0.24,"phase":"A","phases":1,"conductor":"4/0 AL URD triplex","feeder":"F1-01","designKVA":4.59}},{"type":"Feature","id":"electric-E779","geometry":{"type":"LineString","coordinates":[[-78.9311519,43.8702781],[-78.9314005,43.8704068],[-78.9314676,43.8703611]]},"properties":{"kind":"service","tier":"service","placement":"underground","from":"electric-TX-00100","to":"electric-N-P-00461","lengthM":31.98,"voltageKV":0.24,"phase":"A","phases":1,"conductor":"4/0 AL URD triplex","feeder":"F1-01","designKVA":4.62}},{"type":"Feature","id":"electric-E780","geometry":{"type":"LineString","coordinates":[[-78.9311519,43.8702781],[-78.9311417,43.8702858],[-78.9310457,43.8702346]]},"properties":{"kind":"service","tier":"service","placement":"underground","from":"electric-TX-00100","to":"electric-N-P-00454","lengthM":10.76,"voltageKV":0.24,"phase":"A","phases":1,"conductor":"4/0 AL URD triplex","feeder":"F1-01","designKVA":13.5}},{"type":"Feature","id":"electric-E781","geometry":{"type":"LineString","coordinates":[[-78.9311519,43.8702781],[-78.9313612,43.8702519],[-78.9314265,43.8702136]]},"properties":{"kind":"service","tier":"service","placement":"underground","from":"electric-TX-00100","to":"electric-N-P-00462","lengthM":23.81,"voltageKV":0.24,"phase":"A","phases":1,"conductor":"4/0 AL URD triplex","feeder":"F1-01","designKVA":8.39}},{"type":"Feature","id":"electric-E782","geometry":{"type":"LineString","coordinates":[[-78.9311519,43.8702781],[-78.9313238,43.870092],[-78.9313952,43.870052]]},"properties":{"kind":"service","tier":"service","placement":"underground","from":"electric-TX-00100","to":"electric-N-P-00463","lengthM":32.15,"voltageKV":0.24,"phase":"A","phases":1,"conductor":"4/0 AL URD triplex","feeder":"F1-01","designKVA":6.43}},{"type":"Feature","id":"electric-E783","geometry":{"type":"LineString","coordinates":[[-78.9311519,43.8702781],[-78.9311038,43.8701243],[-78.9310101,43.8701033]]},"properties":{"kind":"service","tier":"service","placement":"underground","from":"electric-TX-00100","to":"electric-N-P-00455","lengthM":25.42,"voltageKV":0.24,"phase":"A","phases":1,"conductor":"4/0 AL URD triplex","feeder":"F1-01","designKVA":5.95}},{"type":"Feature","id":"electric-E784","geometry":{"type":"LineString","coordinates":[[-78.9311519,43.8702781],[-78.9310543,43.8699769],[-78.9309584,43.8699503]]},"properties":{"kind":"service","tier":"service","placement":"underground","from":"electric-TX-00100","to":"electric-N-P-00456","lengthM":42.68,"voltageKV":0.24,"phase":"A","phases":1,"conductor":"4/0 AL URD triplex","feeder":"F1-01","designKVA":6.02}},{"type":"Feature","id":"electric-E786","geometry":{"type":"LineString","coordinates":[[-78.9309654,43.8697374],[-78.9309917,43.8698278],[-78.9308856,43.869791]]},"properties":{"kind":"service","tier":"service","placement":"underground","from":"electric-TX-00101","to":"electric-N-P-00457","lengthM":19.74,"voltageKV":0.24,"phase":"A","phases":1,"conductor":"4/0 AL URD triplex","feeder":"F1-01","designKVA":5.72}},{"type":"Feature","id":"electric-E787","geometry":{"type":"LineString","coordinates":[[-78.9309654,43.8697374],[-78.9311994,43.8697649],[-78.931253,43.8697015]]},"properties":{"kind":"service","tier":"service","placement":"underground","from":"electric-TX-00101","to":"electric-N-P-00464","lengthM":27.3,"voltageKV":0.24,"phase":"A","phases":1,"conductor":"4/0 AL URD triplex","feeder":"F1-01","designKVA":5.5}},{"type":"Feature","id":"electric-E788","geometry":{"type":"LineString","coordinates":[[-78.9309654,43.8697374],[-78.9309216,43.8696669],[-78.9308205,43.8696359]]},"properties":{"kind":"service","tier":"service","placement":"underground","from":"electric-TX-00101","to":"electric-N-P-00458","lengthM":17.42,"voltageKV":0.24,"phase":"A","phases":1,"conductor":"4/0 AL URD triplex","feeder":"F1-01","designKVA":5.84}},{"type":"Feature","id":"electric-E789","geometry":{"type":"LineString","coordinates":[[-78.9309654,43.8697374],[-78.9308522,43.8695077],[-78.9307605,43.86949]]},"properties":{"kind":"service","tier":"service","placement":"underground","from":"electric-TX-00101","to":"electric-N-P-00459","lengthM":34.76,"voltageKV":0.24,"phase":"A","phases":1,"conductor":"4/0 AL URD triplex","feeder":"F1-01","designKVA":5.63}},{"type":"Feature","id":"electric-E791","geometry":{"type":"LineString","coordinates":[[-78.9307283,43.8709728],[-78.9307706,43.870804],[-78.9307119,43.870759]]},"properties":{"kind":"service","tier":"service","placement":"underground","from":"electric-TX-00102","to":"electric-N-P-00467","lengthM":25.97,"voltageKV":0.24,"phase":"A","phases":1,"conductor":"4/0 AL URD triplex","feeder":"F1-01","designKVA":5.7}},{"type":"Feature","id":"electric-E792","geometry":{"type":"LineString","coordinates":[[-78.9307283,43.8709728],[-78.9308283,43.8709603],[-78.9307978,43.8710225]]},"properties":{"kind":"service","tier":"service","placement":"underground","from":"electric-TX-00102","to":"electric-N-P-00465","lengthM":15.49,"voltageKV":0.24,"phase":"A","phases":1,"conductor":"4/0 AL URD triplex","feeder":"F1-01","designKVA":4.63}},{"type":"Feature","id":"electric-E793","geometry":{"type":"LineString","coordinates":[[-78.9307283,43.8709728],[-78.9305704,43.8708478],[-78.93047,43.8708106]]},"properties":{"kind":"service","tier":"service","placement":"underground","from":"electric-TX-00102","to":"electric-N-P-00468","lengthM":27.88,"voltageKV":0.24,"phase":"A","phases":1,"conductor":"4/0 AL URD triplex","feeder":"F1-01","designKVA":13.04}},{"type":"Feature","id":"electric-E794","geometry":{"type":"LineString","coordinates":[[-78.9307283,43.8709728],[-78.9306258,43.8710047],[-78.9306114,43.8710617]]},"properties":{"kind":"service","tier":"service","placement":"underground","from":"electric-TX-00102","to":"electric-N-P-00466","lengthM":15.41,"voltageKV":0.24,"phase":"A","phases":1,"conductor":"4/0 AL URD triplex","feeder":"F1-01","designKVA":5.5}},{"type":"Feature","id":"electric-E796","geometry":{"type":"LineString","coordinates":[[-78.9302431,43.8694678],[-78.930465,43.869453],[-78.9303891,43.8695623]]},"properties":{"kind":"service","tier":"service","placement":"underground","from":"electric-TX-00103","to":"electric-N-P-00469","lengthM":31.5,"voltageKV":0.24,"phase":"B","phases":1,"conductor":"4/0 AL URD triplex","feeder":"F1-01","designKVA":11.47}},{"type":"Feature","id":"electric-E797","geometry":{"type":"LineString","coordinates":[[-78.9302431,43.8694678],[-78.9304192,43.8692944],[-78.9303466,43.8692386]]},"properties":{"kind":"service","tier":"service","placement":"underground","from":"electric-TX-00103","to":"electric-N-P-00472","lengthM":32.43,"voltageKV":0.24,"phase":"B","phases":1,"conductor":"4/0 AL URD triplex","feeder":"F1-01","designKVA":1.2}},{"type":"Feature","id":"electric-E798","geometry":{"type":"LineString","coordinates":[[-78.9302431,43.8694678],[-78.9302492,43.8694762],[-78.9301831,43.8695414]]},"properties":{"kind":"service","tier":"service","placement":"underground","from":"electric-TX-00103","to":"electric-N-P-00470","lengthM":10.04,"voltageKV":0.24,"phase":"B","phases":1,"conductor":"4/0 AL URD triplex","feeder":"F1-01","designKVA":6.17}},{"type":"Feature","id":"electric-E799","geometry":{"type":"LineString","coordinates":[[-78.9302431,43.8694678],[-78.9302076,43.8693172],[-78.9301418,43.869264]]},"properties":{"kind":"service","tier":"service","placement":"underground","from":"electric-TX-00103","to":"electric-N-P-00473","lengthM":24.94,"voltageKV":0.24,"phase":"B","phases":1,"conductor":"4/0 AL URD triplex","feeder":"F1-01","designKVA":11.87}},{"type":"Feature","id":"electric-E800","geometry":{"type":"LineString","coordinates":[[-78.9302431,43.8694678],[-78.9300357,43.8694992],[-78.9300106,43.8695592]]},"properties":{"kind":"service","tier":"service","placement":"underground","from":"electric-TX-00103","to":"electric-N-P-00471","lengthM":23.99,"voltageKV":0.24,"phase":"B","phases":1,"conductor":"4/0 AL URD triplex","feeder":"F1-01","designKVA":5.76}},{"type":"Feature","id":"electric-E801","geometry":{"type":"LineString","coordinates":[[-78.9302431,43.8694678],[-78.9299972,43.8693398],[-78.9299388,43.8692902]]},"properties":{"kind":"service","tier":"service","placement":"underground","from":"electric-TX-00103","to":"electric-N-P-00474","lengthM":31.58,"voltageKV":0.24,"phase":"B","phases":1,"conductor":"4/0 AL URD triplex","feeder":"F1-01","designKVA":5.86}},{"type":"Feature","id":"electric-E803","geometry":{"type":"LineString","coordinates":[[-78.9302361,43.8703942],[-78.9302836,43.8704697],[-78.9303431,43.8704188]]},"properties":{"kind":"service","tier":"service","placement":"underground","from":"electric-TX-00104","to":"electric-N-P-00475","lengthM":16.65,"voltageKV":0.24,"phase":"A","phases":1,"conductor":"4/0 AL URD triplex","feeder":"F1-01","designKVA":13.11}},{"type":"Feature","id":"electric-E804","geometry":{"type":"LineString","coordinates":[[-78.9302361,43.8703942],[-78.9302124,43.870313],[-78.9302593,43.8702561]]},"properties":{"kind":"service","tier":"service","placement":"underground","from":"electric-TX-00104","to":"electric-N-P-00476","lengthM":16.6,"voltageKV":0.24,"phase":"A","phases":1,"conductor":"4/0 AL URD triplex","feeder":"F1-01","designKVA":4.65}},{"type":"Feature","id":"electric-E806","geometry":{"type":"LineString","coordinates":[[-78.9300647,43.8699941],[-78.9300767,43.8699917],[-78.9301386,43.8699455]]},"properties":{"kind":"service","tier":"service","placement":"underground","from":"electric-TX-00105","to":"electric-N-P-00477","lengthM":8.15,"voltageKV":0.24,"phase":"B","phases":1,"conductor":"4/0 AL URD triplex","feeder":"F1-01","designKVA":6.29}},{"type":"Feature","id":"electric-E808","geometry":{"type":"LineString","coordinates":[[-78.9295633,43.869366],[-78.9295638,43.869357],[-78.9294868,43.8692917]]},"properties":{"kind":"service","tier":"service","placement":"underground","from":"electric-TX-00106","to":"electric-N-P-00478","lengthM":10.54,"voltageKV":0.24,"phase":"B","phases":1,"conductor":"4/0 AL URD triplex","feeder":"F1-01","designKVA":2.49}},{"type":"Feature","id":"electric-E810","geometry":{"type":"LineString","coordinates":[[-78.929213,43.8689101],[-78.9292495,43.8689758],[-78.9293016,43.8689354]]},"properties":{"kind":"service","tier":"service","placement":"underground","from":"electric-TX-00107","to":"electric-N-P-00479","lengthM":14.02,"voltageKV":0.24,"phase":"ABC","phases":1,"conductor":"4/0 AL URD triplex","feeder":"F1-01","designKVA":5.23}},{"type":"Feature","id":"electric-E811","geometry":{"type":"LineString","coordinates":[[-78.929213,43.8689101],[-78.9292097,43.8688243],[-78.9292889,43.8687937]]},"properties":{"kind":"service","tier":"service","placement":"underground","from":"electric-TX-00107","to":"electric-N-P-00480","lengthM":16.77,"voltageKV":0.24,"phase":"ABC","phases":1,"conductor":"4/0 AL URD triplex","feeder":"F1-01","designKVA":10.15}},{"type":"Feature","id":"electric-E813","geometry":{"type":"LineString","coordinates":[[-78.9435146,43.8700585],[-78.9435265,43.8700558],[-78.9435175,43.8699955]]},"properties":{"kind":"service","tier":"service","placement":"underground","from":"electric-TX-00108","to":"electric-N-P-00481","lengthM":7.75,"voltageKV":0.208,"phase":"ABC","phases":3,"conductor":"4/0 AL URD triplex","feeder":"F1-01","designKVA":24.26}},{"type":"Feature","id":"electric-E815","geometry":{"type":"LineString","coordinates":[[-78.9422779,43.8671384],[-78.9423427,43.8672818],[-78.9423459,43.8672197]]},"properties":{"kind":"service","tier":"service","placement":"underground","from":"electric-TX-00109","to":"electric-N-P-00482","lengthM":23.7,"voltageKV":0.208,"phase":"ABC","phases":3,"conductor":"4/0 AL URD triplex","feeder":"F1-01","designKVA":24.95}},{"type":"Feature","id":"electric-E816","geometry":{"type":"LineString","coordinates":[[-78.9422779,43.8671384],[-78.9422892,43.8671363],[-78.9422844,43.8670803]]},"properties":{"kind":"service","tier":"service","placement":"underground","from":"electric-TX-00109","to":"electric-N-P-00483","lengthM":7.19,"voltageKV":0.208,"phase":"ABC","phases":3,"conductor":"4/0 AL URD triplex","feeder":"F1-01","designKVA":22.6}},{"type":"Feature","id":"electric-E817","geometry":{"type":"LineString","coordinates":[[-78.9422779,43.8671384],[-78.9422341,43.8669928],[-78.9422307,43.8669332]]},"properties":{"kind":"service","tier":"service","placement":"underground","from":"electric-TX-00109","to":"electric-N-P-00484","lengthM":23.23,"voltageKV":0.208,"phase":"ABC","phases":3,"conductor":"4/0 AL URD triplex","feeder":"F1-01","designKVA":23.43}},{"type":"Feature","id":"electric-E819","geometry":{"type":"LineString","coordinates":[[-78.9420957,43.8666879],[-78.9421705,43.8668362],[-78.9421685,43.8667661]]},"properties":{"kind":"service","tier":"service","placement":"underground","from":"electric-TX-00110","to":"electric-N-P-00485","lengthM":25.38,"voltageKV":0.208,"phase":"ABC","phases":3,"conductor":"4/0 AL URD triplex","feeder":"F1-01","designKVA":26.94}},{"type":"Feature","id":"electric-E820","geometry":{"type":"LineString","coordinates":[[-78.9420957,43.8666879],[-78.9421077,43.8666853],[-78.9421024,43.866631]]},"properties":{"kind":"service","tier":"service","placement":"underground","from":"electric-TX-00110","to":"electric-N-P-00486","lengthM":7.06,"voltageKV":0.208,"phase":"ABC","phases":3,"conductor":"4/0 AL URD triplex","feeder":"F1-01","designKVA":23.24}},{"type":"Feature","id":"electric-E821","geometry":{"type":"LineString","coordinates":[[-78.9420957,43.8666879],[-78.9420433,43.8665393],[-78.9420304,43.8664751]]},"properties":{"kind":"service","tier":"service","placement":"underground","from":"electric-TX-00110","to":"electric-N-P-00487","lengthM":24.28,"voltageKV":0.208,"phase":"ABC","phases":3,"conductor":"4/0 AL URD triplex","feeder":"F1-01","designKVA":25.82}},{"type":"Feature","id":"electric-E823","geometry":{"type":"LineString","coordinates":[[-78.941964,43.8663988],[-78.9419758,43.8663958],[-78.9419696,43.8663428]]},"properties":{"kind":"service","tier":"service","placement":"underground","from":"electric-TX-00111","to":"electric-N-P-00488","lengthM":6.92,"voltageKV":0.208,"phase":"ABC","phases":3,"conductor":"4/0 AL URD triplex","feeder":"F1-01","designKVA":22.11}},{"type":"Feature","id":"electric-E825","geometry":{"type":"LineString","coordinates":[[-78.9391213,43.8714267],[-78.9392217,43.8713952],[-78.9391354,43.8714031]]},"properties":{"kind":"service","tier":"service","placement":"underground","from":"electric-TX-00112","to":"electric-N-P-00489","lengthM":15.76,"voltageKV":0.208,"phase":"ABC","phases":3,"conductor":"4/0 AL URD triplex","feeder":"F1-01","designKVA":24.25}},{"type":"Feature","id":"electric-E826","geometry":{"type":"LineString","coordinates":[[-78.9391213,43.8714267],[-78.9390116,43.8714429],[-78.9389245,43.8714437]]},"properties":{"kind":"service","tier":"service","placement":"underground","from":"electric-TX-00112","to":"electric-N-P-00490","lengthM":15.97,"voltageKV":0.208,"phase":"ABC","phases":3,"conductor":"4/0 AL URD triplex","feeder":"F1-01","designKVA":24.71}},{"type":"Feature","id":"electric-E828","geometry":{"type":"LineString","coordinates":[[-78.93874,43.8722616],[-78.938789,43.8724048],[-78.9387406,43.8723551]]},"properties":{"kind":"service","tier":"service","placement":"underground","from":"electric-TX-00113","to":"electric-N-P-00491","lengthM":23.17,"voltageKV":0.208,"phase":"ABC","phases":3,"conductor":"4/0 AL URD triplex","feeder":"F1-01","designKVA":23.88}},{"type":"Feature","id":"electric-E829","geometry":{"type":"LineString","coordinates":[[-78.93874,43.8722616],[-78.939085,43.872184],[-78.9390757,43.8721224]]},"properties":{"kind":"service","tier":"service","placement":"underground","from":"electric-TX-00113","to":"electric-N-P-00494","lengthM":35.9,"voltageKV":0.208,"phase":"ABC","phases":3,"conductor":"4/0 AL URD triplex","feeder":"F1-01","designKVA":24.73}},{"type":"Feature","id":"electric-E830","geometry":{"type":"LineString","coordinates":[[-78.93874,43.8722616],[-78.9387263,43.87226],[-78.9386795,43.8722102]]},"properties":{"kind":"service","tier":"service","placement":"underground","from":"electric-TX-00113","to":"electric-N-P-00492","lengthM":7.82,"voltageKV":0.208,"phase":"ABC","phases":3,"conductor":"4/0 AL URD triplex","feeder":"F1-01","designKVA":23.77}},{"type":"Feature","id":"electric-E832","geometry":{"type":"LineString","coordinates":[[-78.9386778,43.8721179],[-78.9386659,43.8721207],[-78.9386245,43.8720748]]},"properties":{"kind":"service","tier":"service","placement":"underground","from":"electric-TX-00114","to":"electric-N-P-00493","lengthM":7.1,"voltageKV":0.208,"phase":"ABC","phases":3,"conductor":"4/0 AL URD triplex","feeder":"F1-01","designKVA":22.45}},{"type":"Feature","id":"electric-E833","geometry":{"type":"LineString","coordinates":[[-78.9386778,43.8721179],[-78.9390226,43.87204],[-78.939024,43.8719831]]},"properties":{"kind":"service","tier":"service","placement":"underground","from":"electric-TX-00114","to":"electric-N-P-00495","lengthM":35.33,"voltageKV":0.208,"phase":"ABC","phases":3,"conductor":"4/0 AL URD triplex","feeder":"F1-01","designKVA":22.48}},{"type":"Feature","id":"electric-E835","geometry":{"type":"LineString","coordinates":[[-78.9382602,43.871182],[-78.9386054,43.8711049],[-78.9385952,43.8710368]]},"properties":{"kind":"service","tier":"service","placement":"underground","from":"electric-TX-00115","to":"electric-N-P-00498","lengthM":36.63,"voltageKV":0.208,"phase":"ABC","phases":3,"conductor":"4/0 AL URD triplex","feeder":"F1-01","designKVA":25.69}},{"type":"Feature","id":"electric-E836","geometry":{"type":"LineString","coordinates":[[-78.9382602,43.871182],[-78.9382483,43.8711849],[-78.9382032,43.87112]]},"properties":{"kind":"service","tier":"service","placement":"underground","from":"electric-TX-00115","to":"electric-N-P-00496","lengthM":9.08,"voltageKV":0.208,"phase":"ABC","phases":3,"conductor":"4/0 AL URD triplex","feeder":"F1-01","designKVA":27.88}},{"type":"Feature","id":"electric-E837","geometry":{"type":"LineString","coordinates":[[-78.9382602,43.871182],[-78.9381746,43.8710199],[-78.9381677,43.8710284]]},"properties":{"kind":"service","tier":"service","placement":"underground","from":"electric-TX-00115","to":"electric-N-P-00497","lengthM":20.41,"voltageKV":0.208,"phase":"ABC","phases":3,"conductor":"4/0 AL URD triplex","feeder":"F1-01","designKVA":11.74}},{"type":"Feature","id":"electric-E839","geometry":{"type":"LineString","coordinates":[[-78.9384859,43.8708636],[-78.9385335,43.870944],[-78.9385206,43.87088]]},"properties":{"kind":"service","tier":"service","placement":"underground","from":"electric-TX-00116","to":"electric-N-P-00499","lengthM":16.93,"voltageKV":0.208,"phase":"ABC","phases":3,"conductor":"4/0 AL URD triplex","feeder":"F1-01","designKVA":24.96}},{"type":"Feature","id":"electric-E840","geometry":{"type":"LineString","coordinates":[[-78.9384859,43.8708636],[-78.938464,43.8707778],[-78.938451,43.8707066]]},"properties":{"kind":"service","tier":"service","placement":"underground","from":"electric-TX-00116","to":"electric-N-P-00500","lengthM":17.71,"voltageKV":0.208,"phase":"ABC","phases":3,"conductor":"4/0 AL URD triplex","feeder":"F1-01","designKVA":27.68}},{"type":"Feature","id":"electric-E842","geometry":{"type":"LineString","coordinates":[[-78.9381688,43.8718405],[-78.9382752,43.8718267],[-78.9382008,43.8718551]]},"properties":{"kind":"service","tier":"service","placement":"underground","from":"electric-TX-00117","to":"electric-N-P-00501","lengthM":15.44,"voltageKV":0.208,"phase":"ABC","phases":3,"conductor":"4/0 AL URD triplex","feeder":"F1-01","designKVA":23.92}},{"type":"Feature","id":"electric-E843","geometry":{"type":"LineString","coordinates":[[-78.9381688,43.8718405],[-78.9380712,43.8718717],[-78.9380001,43.8719014]]},"properties":{"kind":"service","tier":"service","placement":"underground","from":"electric-TX-00117","to":"electric-N-P-00502","lengthM":15.17,"voltageKV":0.208,"phase":"ABC","phases":3,"conductor":"4/0 AL URD triplex","feeder":"F1-01","designKVA":23.77}},{"type":"Feature","id":"electric-E845","geometry":{"type":"LineString","coordinates":[[-78.9377945,43.8700998],[-78.937825,43.8702017],[-78.9378049,43.8701551]]},"properties":{"kind":"service","tier":"service","placement":"underground","from":"electric-TX-00118","to":"electric-N-P-00503","lengthM":17.04,"voltageKV":0.208,"phase":"ABC","phases":3,"conductor":"4/0 AL URD triplex","feeder":"F1-01","designKVA":17.02}},{"type":"Feature","id":"electric-E846","geometry":{"type":"LineString","coordinates":[[-78.9377945,43.8700998],[-78.938096,43.8699242],[-78.9381995,43.8698681]]},"properties":{"kind":"service","tier":"service","placement":"underground","from":"electric-TX-00118","to":"electric-N-P-00504","lengthM":41.5,"voltageKV":0.208,"phase":"ABC","phases":3,"conductor":"4/0 AL URD triplex","feeder":"F1-01","designKVA":13.48}},{"type":"Feature","id":"electric-E848","geometry":{"type":"LineString","coordinates":[[-78.9375067,43.8694449],[-78.9379388,43.8695696],[-78.9379212,43.8694886]]},"properties":{"kind":"service","tier":"service","placement":"underground","from":"electric-TX-00119","to":"electric-N-P-00506","lengthM":46.48,"voltageKV":0.208,"phase":"ABC","phases":3,"conductor":"4/0 AL URD triplex","feeder":"F1-01","designKVA":49.87}},{"type":"Feature","id":"electric-E849","geometry":{"type":"LineString","coordinates":[[-78.9375067,43.8694449],[-78.9374076,43.869246],[-78.9373562,43.8691763]]},"properties":{"kind":"service","tier":"service","placement":"underground","from":"electric-TX-00119","to":"electric-N-P-00505","lengthM":32.31,"voltageKV":0.208,"phase":"ABC","phases":3,"conductor":"4/0 AL URD triplex","feeder":"F1-01","designKVA":29.15}},{"type":"Feature","id":"electric-E851","geometry":{"type":"LineString","coordinates":[[-78.9376201,43.8688494],[-78.9376344,43.8688528],[-78.9376251,43.8688262]]},"properties":{"kind":"service","tier":"service","placement":"underground","from":"electric-TX-00120","to":"electric-N-P-00510","lengthM":4.26,"voltageKV":0.208,"phase":"ABC","phases":3,"conductor":"4/0 AL URD triplex","feeder":"F1-01","designKVA":14.75}},{"type":"Feature","id":"electric-E852","geometry":{"type":"LineString","coordinates":[[-78.9376201,43.8688494],[-78.9372725,43.8689206],[-78.9372275,43.8688695]]},"properties":{"kind":"service","tier":"service","placement":"underground","from":"electric-TX-00120","to":"electric-N-P-00507","lengthM":35.74,"voltageKV":0.208,"phase":"ABC","phases":3,"conductor":"4/0 AL URD triplex","feeder":"F1-01","designKVA":24.83}},{"type":"Feature","id":"electric-E853","geometry":{"type":"LineString","coordinates":[[-78.9376201,43.8688494],[-78.9375803,43.8687158],[-78.9375701,43.868688]]},"properties":{"kind":"service","tier":"service","placement":"underground","from":"electric-TX-00120","to":"electric-N-P-00511","lengthM":18.41,"voltageKV":0.208,"phase":"ABC","phases":3,"conductor":"4/0 AL URD triplex","feeder":"F1-01","designKVA":19.85}},{"type":"Feature","id":"electric-E855","geometry":{"type":"LineString","coordinates":[[-78.9371757,43.868649],[-78.9372166,43.8687792],[-78.9371802,43.8687376]]},"properties":{"kind":"service","tier":"service","placement":"underground","from":"electric-TX-00121","to":"electric-N-P-00508","lengthM":20.33,"voltageKV":0.208,"phase":"ABC","phases":3,"conductor":"4/0 AL URD triplex","feeder":"F1-01","designKVA":32.37}},{"type":"Feature","id":"electric-E856","geometry":{"type":"LineString","coordinates":[[-78.9371757,43.868649],[-78.9375202,43.8685709],[-78.9375122,43.8685345]]},"properties":{"kind":"service","tier":"service","placement":"underground","from":"electric-TX-00121","to":"electric-N-P-00512","lengthM":33.09,"voltageKV":0.208,"phase":"ABC","phases":3,"conductor":"4/0 AL URD triplex","feeder":"F1-01","designKVA":23.19}},{"type":"Feature","id":"electric-E857","geometry":{"type":"LineString","coordinates":[[-78.9371757,43.868649],[-78.9371026,43.8685116],[-78.9370787,43.8684802]]},"properties":{"kind":"service","tier":"service","placement":"underground","from":"electric-TX-00121","to":"electric-N-P-00509","lengthM":20.37,"voltageKV":0.208,"phase":"ABC","phases":3,"conductor":"4/0 AL URD triplex","feeder":"F1-01","designKVA":24.22}},{"type":"Feature","id":"electric-E859","geometry":{"type":"LineString","coordinates":[[-78.9373863,43.8682935],[-78.9374577,43.8684271],[-78.9374527,43.8683713]]},"properties":{"kind":"service","tier":"service","placement":"underground","from":"electric-TX-00122","to":"electric-N-P-00513","lengthM":22.17,"voltageKV":0.208,"phase":"ABC","phases":3,"conductor":"4/0 AL URD triplex","feeder":"F1-01","designKVA":38.01}},{"type":"Feature","id":"electric-E860","geometry":{"type":"LineString","coordinates":[[-78.9373863,43.8682935],[-78.9373982,43.8682908],[-78.9373975,43.8682349]]},"properties":{"kind":"service","tier":"service","placement":"underground","from":"electric-TX-00122","to":"electric-N-P-00514","lengthM":7.22,"voltageKV":0.208,"phase":"ABC","phases":3,"conductor":"4/0 AL URD triplex","feeder":"F1-01","designKVA":23.82}},{"type":"Feature","id":"electric-E861","geometry":{"type":"LineString","coordinates":[[-78.9373863,43.8682935],[-78.9373396,43.8681567],[-78.9373416,43.8681014]]},"properties":{"kind":"service","tier":"service","placement":"underground","from":"electric-TX-00122","to":"electric-N-P-00515","lengthM":21.84,"voltageKV":0.208,"phase":"ABC","phases":3,"conductor":"4/0 AL URD triplex","feeder":"F1-01","designKVA":23.55}},{"type":"Feature","id":"electric-E863","geometry":{"type":"LineString","coordinates":[[-78.9366438,43.8680802],[-78.9366429,43.868071],[-78.9365628,43.8680714]]},"properties":{"kind":"service","tier":"service","placement":"underground","from":"electric-TX-00123","to":"electric-N-P-00519","lengthM":7.45,"voltageKV":0.208,"phase":"ABC","phases":3,"conductor":"4/0 AL URD triplex","feeder":"F1-01","designKVA":21.84}},{"type":"Feature","id":"electric-E864","geometry":{"type":"LineString","coordinates":[[-78.9366438,43.8680802],[-78.9367067,43.868226],[-78.9366364,43.868261]]},"properties":{"kind":"service","tier":"service","placement":"underground","from":"electric-TX-00123","to":"electric-N-P-00516","lengthM":23.85,"voltageKV":0.208,"phase":"ABC","phases":3,"conductor":"4/0 AL URD triplex","feeder":"F1-01","designKVA":39.97}},{"type":"Feature","id":"electric-E865","geometry":{"type":"LineString","coordinates":[[-78.9366438,43.8680802],[-78.9364517,43.8681138],[-78.9363741,43.868115]]},"properties":{"kind":"service","tier":"service","placement":"underground","from":"electric-TX-00123","to":"electric-N-P-00520","lengthM":22.09,"voltageKV":0.208,"phase":"ABC","phases":3,"conductor":"4/0 AL URD triplex","feeder":"F1-01","designKVA":21.58}},{"type":"Feature","id":"electric-E867","geometry":{"type":"LineString","coordinates":[[-78.936308,43.8683059],[-78.936498,43.8682728],[-78.9364228,43.868307]]},"properties":{"kind":"service","tier":"service","placement":"underground","from":"electric-TX-00124","to":"electric-N-P-00517","lengthM":22.82,"voltageKV":0.208,"phase":"ABC","phases":3,"conductor":"4/0 AL URD triplex","feeder":"F1-01","designKVA":41.37}},{"type":"Feature","id":"electric-E868","geometry":{"type":"LineString","coordinates":[[-78.936308,43.8683059],[-78.9362451,43.8681601],[-78.9361515,43.8681639]]},"properties":{"kind":"service","tier":"service","placement":"underground","from":"electric-TX-00124","to":"electric-N-P-00521","lengthM":24.52,"voltageKV":0.208,"phase":"ABC","phases":3,"conductor":"4/0 AL URD triplex","feeder":"F1-01","designKVA":16.89}},{"type":"Feature","id":"electric-E869","geometry":{"type":"LineString","coordinates":[[-78.936308,43.8683059],[-78.9363015,43.8683168],[-78.9362397,43.8683441]]},"properties":{"kind":"service","tier":"service","placement":"underground","from":"electric-TX-00124","to":"electric-N-P-00518","lengthM":7.13,"voltageKV":0.208,"phase":"ABC","phases":3,"conductor":"4/0 AL URD triplex","feeder":"F1-01","designKVA":36.37}},{"type":"Feature","id":"electric-E871","geometry":{"type":"LineString","coordinates":[[-78.9360357,43.8682165],[-78.9360319,43.8682079],[-78.9359588,43.8682115]]},"properties":{"kind":"service","tier":"service","placement":"underground","from":"electric-TX-00125","to":"electric-N-P-00522","lengthM":6.88,"voltageKV":0.208,"phase":"ABC","phases":3,"conductor":"4/0 AL URD triplex","feeder":"F1-01","designKVA":20.07}},{"type":"Feature","id":"electric-E873","geometry":{"type":"LineString","coordinates":[[-78.9372047,43.8676556],[-78.9372456,43.8677169],[-78.9372488,43.8676634]]},"properties":{"kind":"service","tier":"service","placement":"underground","from":"electric-TX-00126","to":"electric-N-P-00523","lengthM":13.55,"voltageKV":0.208,"phase":"ABC","phases":3,"conductor":"4/0 AL URD triplex","feeder":"F1-01","designKVA":23.09}},{"type":"Feature","id":"electric-E874","geometry":{"type":"LineString","coordinates":[[-78.9372047,43.8676556],[-78.9371878,43.8675886],[-78.9371817,43.8675368]]},"properties":{"kind":"service","tier":"service","placement":"underground","from":"electric-TX-00126","to":"electric-N-P-00524","lengthM":13.36,"voltageKV":0.208,"phase":"ABC","phases":3,"conductor":"4/0 AL URD triplex","feeder":"F1-01","designKVA":23.18}},{"type":"Feature","id":"electric-E876","geometry":{"type":"LineString","coordinates":[[-78.9369381,43.8670267],[-78.9370177,43.8671912],[-78.9370157,43.8671228]]},"properties":{"kind":"service","tier":"service","placement":"underground","from":"electric-TX-00127","to":"electric-N-P-00525","lengthM":27.01,"voltageKV":0.208,"phase":"ABC","phases":3,"conductor":"4/0 AL URD triplex","feeder":"F1-01","designKVA":43.03}},{"type":"Feature","id":"electric-E877","geometry":{"type":"LineString","coordinates":[[-78.9369381,43.8670267],[-78.93695,43.8670242],[-78.9369462,43.8669531]]},"properties":{"kind":"service","tier":"service","placement":"underground","from":"electric-TX-00127","to":"electric-N-P-00526","lengthM":8.92,"voltageKV":0.208,"phase":"ABC","phases":3,"conductor":"4/0 AL URD triplex","feeder":"F1-01","designKVA":44.52}},{"type":"Feature","id":"electric-E878","geometry":{"type":"LineString","coordinates":[[-78.9369381,43.8670267],[-78.9368854,43.866865],[-78.9368768,43.8668054]]},"properties":{"kind":"service","tier":"service","placement":"underground","from":"electric-TX-00127","to":"electric-N-P-00527","lengthM":25.17,"voltageKV":0.208,"phase":"ABC","phases":3,"conductor":"4/0 AL URD triplex","feeder":"F1-01","designKVA":40.06}},{"type":"Feature","id":"electric-E880","geometry":{"type":"LineString","coordinates":[[-78.936741,43.8665376],[-78.9368194,43.8667021],[-78.9368157,43.8666275]]},"properties":{"kind":"service","tier":"service","placement":"underground","from":"electric-TX-00128","to":"electric-N-P-00528","lengthM":27.67,"voltageKV":0.208,"phase":"ABC","phases":3,"conductor":"4/0 AL URD triplex","feeder":"F1-01","designKVA":45.99}},{"type":"Feature","id":"electric-E881","geometry":{"type":"LineString","coordinates":[[-78.936741,43.8665376],[-78.936753,43.8665352],[-78.9367493,43.8664711]]},"properties":{"kind":"service","tier":"service","placement":"underground","from":"electric-TX-00128","to":"electric-N-P-00529","lengthM":8.15,"voltageKV":0.208,"phase":"ABC","phases":3,"conductor":"4/0 AL URD triplex","feeder":"F1-01","designKVA":25.81}},{"type":"Feature","id":"electric-E882","geometry":{"type":"LineString","coordinates":[[-78.936741,43.8665376],[-78.9366921,43.8663813],[-78.9366902,43.8663188]]},"properties":{"kind":"service","tier":"service","placement":"underground","from":"electric-TX-00128","to":"electric-N-P-00530","lengthM":24.79,"voltageKV":0.208,"phase":"ABC","phases":3,"conductor":"4/0 AL URD triplex","feeder":"F1-01","designKVA":40.69}},{"type":"Feature","id":"electric-E884","geometry":{"type":"LineString","coordinates":[[-78.9365474,43.8660611],[-78.9366265,43.8662207],[-78.9366191,43.8661503]]},"properties":{"kind":"service","tier":"service","placement":"underground","from":"electric-TX-00129","to":"electric-N-P-00531","lengthM":26.73,"voltageKV":0.208,"phase":"ABC","phases":3,"conductor":"4/0 AL URD triplex","feeder":"F1-01","designKVA":43.67}},{"type":"Feature","id":"electric-E885","geometry":{"type":"LineString","coordinates":[[-78.9365474,43.8660611],[-78.9365593,43.8660585],[-78.9365507,43.8659957]]},"properties":{"kind":"service","tier":"service","placement":"underground","from":"electric-TX-00129","to":"electric-N-P-00532","lengthM":8.02,"voltageKV":0.208,"phase":"ABC","phases":3,"conductor":"4/0 AL URD triplex","feeder":"F1-01","designKVA":41.39}},{"type":"Feature","id":"electric-E886","geometry":{"type":"LineString","coordinates":[[-78.9365474,43.8660611],[-78.9364917,43.8658953],[-78.9364804,43.8658247]]},"properties":{"kind":"service","tier":"service","placement":"underground","from":"electric-TX-00129","to":"electric-N-P-00533","lengthM":26.9,"voltageKV":0.208,"phase":"ABC","phases":3,"conductor":"4/0 AL URD triplex","feeder":"F1-01","designKVA":44.91}},{"type":"Feature","id":"electric-E888","geometry":{"type":"LineString","coordinates":[[-78.9363623,43.8655838],[-78.9364297,43.8657378],[-78.9364234,43.8656876]]},"properties":{"kind":"service","tier":"service","placement":"underground","from":"electric-TX-00130","to":"electric-N-P-00534","lengthM":23.58,"voltageKV":0.208,"phase":"ABC","phases":3,"conductor":"4/0 AL URD triplex","feeder":"F1-01","designKVA":21.67}},{"type":"Feature","id":"electric-E889","geometry":{"type":"LineString","coordinates":[[-78.9363623,43.8655838],[-78.9363744,43.8655817],[-78.9363673,43.8655133]]},"properties":{"kind":"service","tier":"service","placement":"underground","from":"electric-TX-00130","to":"electric-N-P-00535","lengthM":8.63,"voltageKV":0.208,"phase":"ABC","phases":3,"conductor":"4/0 AL URD triplex","feeder":"F1-01","designKVA":26.95}},{"type":"Feature","id":"electric-E890","geometry":{"type":"LineString","coordinates":[[-78.9363623,43.8655838],[-78.9363141,43.8654053],[-78.9363081,43.8653298]]},"properties":{"kind":"service","tier":"service","placement":"underground","from":"electric-TX-00130","to":"electric-N-P-00536","lengthM":28.67,"voltageKV":0.208,"phase":"ABC","phases":3,"conductor":"4/0 AL URD triplex","feeder":"F1-01","designKVA":28.34}},{"type":"Feature","id":"electric-E892","geometry":{"type":"LineString","coordinates":[[-78.9362186,43.8651629],[-78.9362575,43.8652394],[-78.9362542,43.8651803]]},"properties":{"kind":"service","tier":"service","placement":"underground","from":"electric-TX-00131","to":"electric-N-P-00537","lengthM":15.66,"voltageKV":0.208,"phase":"ABC","phases":3,"conductor":"4/0 AL URD triplex","feeder":"F1-01","designKVA":24.82}},{"type":"Feature","id":"electric-E893","geometry":{"type":"LineString","coordinates":[[-78.9362186,43.8651629],[-78.9362038,43.8650821],[-78.9361974,43.8650358]]},"properties":{"kind":"service","tier":"service","placement":"underground","from":"electric-TX-00131","to":"electric-N-P-00538","lengthM":14.25,"voltageKV":0.208,"phase":"ABC","phases":3,"conductor":"4/0 AL URD triplex","feeder":"F1-01","designKVA":13.7}},{"type":"Feature","id":"electric-E895","geometry":{"type":"LineString","coordinates":[[-78.9362522,43.8677727],[-78.9364498,43.8677383],[-78.9363756,43.8677652]]},"properties":{"kind":"service","tier":"service","placement":"underground","from":"electric-TX-00132","to":"electric-N-P-00539","lengthM":22.97,"voltageKV":0.208,"phase":"ABC","phases":3,"conductor":"4/0 AL URD triplex","feeder":"F1-01","designKVA":22.54}},{"type":"Feature","id":"electric-E896","geometry":{"type":"LineString","coordinates":[[-78.9362522,43.8677727],[-78.9362559,43.8677813],[-78.936193,43.8678097]]},"properties":{"kind":"service","tier":"service","placement":"underground","from":"electric-TX-00132","to":"electric-N-P-00540","lengthM":6.96,"voltageKV":0.208,"phase":"ABC","phases":3,"conductor":"4/0 AL URD triplex","feeder":"F1-01","designKVA":15.6}},{"type":"Feature","id":"electric-E897","geometry":{"type":"LineString","coordinates":[[-78.9362522,43.8677727],[-78.9360622,43.8678242],[-78.9359898,43.8678549]]},"properties":{"kind":"service","tier":"service","placement":"underground","from":"electric-TX-00132","to":"electric-N-P-00541","lengthM":23.03,"voltageKV":0.208,"phase":"ABC","phases":3,"conductor":"4/0 AL URD triplex","feeder":"F1-01","designKVA":22.55}},{"type":"Feature","id":"electric-E899","geometry":{"type":"LineString","coordinates":[[-78.9358509,43.8678616],[-78.9358545,43.8678702],[-78.9357813,43.867906]]},"properties":{"kind":"service","tier":"service","placement":"underground","from":"electric-TX-00133","to":"electric-N-P-00542","lengthM":8.1,"voltageKV":0.208,"phase":"ABC","phases":3,"conductor":"4/0 AL URD triplex","feeder":"F1-01","designKVA":16.49}},{"type":"Feature","id":"electric-E901","geometry":{"type":"LineString","coordinates":[[-78.9364555,43.8671213],[-78.9365136,43.8672911],[-78.936328,43.8672845]]},"properties":{"kind":"service","tier":"service","placement":"underground","from":"electric-TX-00134","to":"electric-N-P-00543","lengthM":34.38,"voltageKV":0.208,"phase":"ABC","phases":3,"conductor":"4/0 AL URD triplex","feeder":"F1-01","designKVA":13.47}},{"type":"Feature","id":"electric-E902","geometry":{"type":"LineString","coordinates":[[-78.9364555,43.8671213],[-78.9364436,43.8671239],[-78.9363947,43.867067]]},"properties":{"kind":"service","tier":"service","placement":"underground","from":"electric-TX-00134","to":"electric-N-P-00544","lengthM":8.45,"voltageKV":0.208,"phase":"ABC","phases":3,"conductor":"4/0 AL URD triplex","feeder":"F1-01","designKVA":42.57}},{"type":"Feature","id":"electric-E903","geometry":{"type":"LineString","coordinates":[[-78.9364555,43.8671213],[-78.9363766,43.8669637],[-78.936334,43.8669054]]},"properties":{"kind":"service","tier":"service","placement":"underground","from":"electric-TX-00134","to":"electric-N-P-00545","lengthM":25.99,"voltageKV":0.208,"phase":"ABC","phases":3,"conductor":"4/0 AL URD triplex","feeder":"F1-01","designKVA":41.79}},{"type":"Feature","id":"electric-E905","geometry":{"type":"LineString","coordinates":[[-78.9362528,43.8666337],[-78.9363109,43.8668066],[-78.9362713,43.8667507]]},"properties":{"kind":"service","tier":"service","placement":"underground","from":"electric-TX-00135","to":"electric-N-P-00546","lengthM":26.79,"voltageKV":0.208,"phase":"ABC","phases":3,"conductor":"4/0 AL URD triplex","feeder":"F1-01","designKVA":41.29}},{"type":"Feature","id":"electric-E906","geometry":{"type":"LineString","coordinates":[[-78.9362528,43.8666337],[-78.9362413,43.866636],[-78.9361889,43.8665671]]},"properties":{"kind":"service","tier":"service","placement":"underground","from":"electric-TX-00135","to":"electric-N-P-00547","lengthM":9.7,"voltageKV":0.208,"phase":"ABC","phases":3,"conductor":"4/0 AL URD triplex","feeder":"F1-01","designKVA":47.91}},{"type":"Feature","id":"electric-E907","geometry":{"type":"LineString","coordinates":[[-78.9362528,43.8666337],[-78.9361755,43.8664699],[-78.9361387,43.8664178]]},"properties":{"kind":"service","tier":"service","placement":"underground","from":"electric-TX-00135","to":"electric-N-P-00548","lengthM":25.77,"voltageKV":0.208,"phase":"ABC","phases":3,"conductor":"4/0 AL URD triplex","feeder":"F1-01","designKVA":24.68}},{"type":"Feature","id":"electric-E909","geometry":{"type":"LineString","coordinates":[[-78.9360533,43.8661259],[-78.9361111,43.8663061],[-78.9360688,43.8662373]]},"properties":{"kind":"service","tier":"service","placement":"underground","from":"electric-TX-00136","to":"electric-N-P-00549","lengthM":28.96,"voltageKV":0.208,"phase":"ABC","phases":3,"conductor":"4/0 AL URD triplex","feeder":"F1-01","designKVA":46.95}},{"type":"Feature","id":"electric-E910","geometry":{"type":"LineString","coordinates":[[-78.9360533,43.8661259],[-78.9360414,43.8661284],[-78.935992,43.8660657]]},"properties":{"kind":"service","tier":"service","placement":"underground","from":"electric-TX-00136","to":"electric-N-P-00550","lengthM":9.03,"voltageKV":0.208,"phase":"ABC","phases":3,"conductor":"4/0 AL URD triplex","feeder":"F1-01","designKVA":44.97}},{"type":"Feature","id":"electric-E911","geometry":{"type":"LineString","coordinates":[[-78.9360533,43.8661259],[-78.9359774,43.8659614],[-78.9359326,43.8659033]]},"properties":{"kind":"service","tier":"service","placement":"underground","from":"electric-TX-00136","to":"electric-N-P-00551","lengthM":26.7,"voltageKV":0.208,"phase":"ABC","phases":3,"conductor":"4/0 AL URD triplex","feeder":"F1-01","designKVA":42.49}},{"type":"Feature","id":"electric-E913","geometry":{"type":"LineString","coordinates":[[-78.9358694,43.8656217],[-78.9359165,43.8657934],[-78.9358759,43.8657283]]},"properties":{"kind":"service","tier":"service","placement":"underground","from":"electric-TX-00137","to":"electric-N-P-00552","lengthM":27.44,"voltageKV":0.208,"phase":"ABC","phases":3,"conductor":"4/0 AL URD triplex","feeder":"F1-01","designKVA":27.55}},{"type":"Feature","id":"electric-E914","geometry":{"type":"LineString","coordinates":[[-78.9358694,43.8656217],[-78.9358573,43.8656238],[-78.9358206,43.8655629]]},"properties":{"kind":"service","tier":"service","placement":"underground","from":"electric-TX-00137","to":"electric-N-P-00553","lengthM":8.4,"voltageKV":0.208,"phase":"ABC","phases":3,"conductor":"4/0 AL URD triplex","feeder":"F1-01","designKVA":26.48}},{"type":"Feature","id":"electric-E915","geometry":{"type":"LineString","coordinates":[[-78.9358694,43.8656217],[-78.9358019,43.8654646],[-78.9357587,43.8654096]]},"properties":{"kind":"service","tier":"service","placement":"underground","from":"electric-TX-00137","to":"electric-N-P-00554","lengthM":25.34,"voltageKV":0.208,"phase":"ABC","phases":3,"conductor":"4/0 AL URD triplex","feeder":"F1-01","designKVA":25.48}},{"type":"Feature","id":"electric-E917","geometry":{"type":"LineString","coordinates":[[-78.9357262,43.8652129],[-78.9357434,43.8652983],[-78.9356941,43.865233]]},"properties":{"kind":"service","tier":"service","placement":"underground","from":"electric-TX-00138","to":"electric-N-P-00555","lengthM":17.88,"voltageKV":0.208,"phase":"ABC","phases":3,"conductor":"4/0 AL URD triplex","feeder":"F1-01","designKVA":27.92}},{"type":"Feature","id":"electric-E918","geometry":{"type":"LineString","coordinates":[[-78.9357262,43.8652129],[-78.9356855,43.8651292],[-78.9356426,43.8650716]]},"properties":{"kind":"service","tier":"service","placement":"underground","from":"electric-TX-00138","to":"electric-N-P-00556","lengthM":17.15,"voltageKV":0.208,"phase":"ABC","phases":3,"conductor":"4/0 AL URD triplex","feeder":"F1-01","designKVA":25.98}},{"type":"Feature","id":"electric-E920","geometry":{"type":"LineString","coordinates":[[-78.9357736,43.8675025],[-78.9359031,43.8674662],[-78.9358058,43.8674727]]},"properties":{"kind":"service","tier":"service","placement":"underground","from":"electric-TX-00139","to":"electric-N-P-00557","lengthM":18.99,"voltageKV":0.208,"phase":"ABC","phases":3,"conductor":"4/0 AL URD triplex","feeder":"F1-01","designKVA":40.83}},{"type":"Feature","id":"electric-E921","geometry":{"type":"LineString","coordinates":[[-78.9357736,43.8675025],[-78.9356372,43.8675216],[-78.9355509,43.8675329]]},"properties":{"kind":"service","tier":"service","placement":"underground","from":"electric-TX-00139","to":"electric-N-P-00558","lengthM":18.19,"voltageKV":0.208,"phase":"ABC","phases":3,"conductor":"4/0 AL URD triplex","feeder":"F1-01","designKVA":35.58}},{"type":"Feature","id":"electric-E923","geometry":{"type":"LineString","coordinates":[[-78.9358722,43.8686024],[-78.9358989,43.868693],[-78.9358522,43.8686232]]},"properties":{"kind":"service","tier":"service","placement":"underground","from":"electric-TX-00140","to":"electric-N-P-00559","lengthM":18.94,"voltageKV":0.208,"phase":"ABC","phases":3,"conductor":"4/0 AL URD triplex","feeder":"F1-01","designKVA":47.94}},{"type":"Feature","id":"electric-E924","geometry":{"type":"LineString","coordinates":[[-78.9358722,43.8686024],[-78.9358218,43.8685171],[-78.9357778,43.8684563]]},"properties":{"kind":"service","tier":"service","placement":"underground","from":"electric-TX-00140","to":"electric-N-P-00560","lengthM":17.95,"voltageKV":0.208,"phase":"ABC","phases":3,"conductor":"4/0 AL URD triplex","feeder":"F1-01","designKVA":43.89}},{"type":"Feature","id":"electric-E926","geometry":{"type":"LineString","coordinates":[[-78.9349487,43.8680476],[-78.9351995,43.8680086],[-78.9351064,43.8680374]]},"properties":{"kind":"service","tier":"service","placement":"underground","from":"electric-TX-00141","to":"electric-N-P-00561","lengthM":28.72,"voltageKV":0.208,"phase":"ABC","phases":3,"conductor":"4/0 AL URD triplex","feeder":"F1-01","designKVA":18.06}},{"type":"Feature","id":"electric-E927","geometry":{"type":"LineString","coordinates":[[-78.9349487,43.8680476],[-78.9349519,43.8680563],[-78.9348592,43.8680866]]},"properties":{"kind":"service","tier":"service","placement":"underground","from":"electric-TX-00141","to":"electric-N-P-00562","lengthM":9.17,"voltageKV":0.208,"phase":"ABC","phases":3,"conductor":"4/0 AL URD triplex","feeder":"F1-01","designKVA":18.5}},{"type":"Feature","id":"electric-E928","geometry":{"type":"LineString","coordinates":[[-78.9349487,43.8680476],[-78.9347161,43.8680965],[-78.9346331,43.8681207]]},"properties":{"kind":"service","tier":"service","placement":"underground","from":"electric-TX-00141","to":"electric-N-P-00563","lengthM":26.62,"voltageKV":0.208,"phase":"ABC","phases":3,"conductor":"4/0 AL URD triplex","feeder":"F1-01","designKVA":26.38}},{"type":"Feature","id":"electric-E930","geometry":{"type":"LineString","coordinates":[[-78.9339895,43.8681688],[-78.9344838,43.8681309],[-78.9343946,43.8681609]]},"properties":{"kind":"service","tier":"service","placement":"underground","from":"electric-TX-00142","to":"electric-N-P-00564","lengthM":47.79,"voltageKV":0.208,"phase":"ABC","phases":3,"conductor":"4/0 AL URD triplex","feeder":"F1-01","designKVA":29.23}},{"type":"Feature","id":"electric-E931","geometry":{"type":"LineString","coordinates":[[-78.9339895,43.8681688],[-78.9339897,43.8681774],[-78.933903,43.8681912]]},"properties":{"kind":"service","tier":"service","placement":"underground","from":"electric-TX-00142","to":"electric-N-P-00565","lengthM":8.08,"voltageKV":0.208,"phase":"ABC","phases":3,"conductor":"4/0 AL URD triplex","feeder":"F1-01","designKVA":25.88}},{"type":"Feature","id":"electric-E932","geometry":{"type":"LineString","coordinates":[[-78.9339895,43.8681688],[-78.9337509,43.868181],[-78.9336532,43.8682009]]},"properties":{"kind":"service","tier":"service","placement":"underground","from":"electric-TX-00142","to":"electric-N-P-00566","lengthM":27.34,"voltageKV":0.208,"phase":"ABC","phases":3,"conductor":"4/0 AL URD triplex","feeder":"F1-01","designKVA":27.65}},{"type":"Feature","id":"electric-E934","geometry":{"type":"LineString","coordinates":[[-78.9335016,43.8681752],[-78.9335018,43.868184],[-78.9334061,43.8682021]]},"properties":{"kind":"service","tier":"service","placement":"underground","from":"electric-TX-00143","to":"electric-N-P-00567","lengthM":8.92,"voltageKV":0.208,"phase":"ABC","phases":3,"conductor":"4/0 AL URD triplex","feeder":"F1-01","designKVA":27.31}},{"type":"Feature","id":"electric-E936","geometry":{"type":"LineString","coordinates":[[-78.9347378,43.8677217],[-78.9349718,43.8676641],[-78.9348706,43.8676685]]},"properties":{"kind":"service","tier":"service","placement":"underground","from":"electric-TX-00144","to":"electric-N-P-00568","lengthM":27.98,"voltageKV":0.208,"phase":"ABC","phases":3,"conductor":"4/0 AL URD triplex","feeder":"F1-01","designKVA":27.75}},{"type":"Feature","id":"electric-E937","geometry":{"type":"LineString","coordinates":[[-78.9347378,43.8677217],[-78.9347344,43.8677103],[-78.9346512,43.8677143]]},"properties":{"kind":"service","tier":"service","placement":"underground","from":"electric-TX-00144","to":"electric-N-P-00569","lengthM":7.99,"voltageKV":0.208,"phase":"ABC","phases":3,"conductor":"4/0 AL URD triplex","feeder":"F1-01","designKVA":23.22}},{"type":"Feature","id":"electric-E938","geometry":{"type":"LineString","coordinates":[[-78.9347378,43.8677217],[-78.9344892,43.86775],[-78.9344071,43.8677541]]},"properties":{"kind":"service","tier":"service","placement":"underground","from":"electric-TX-00144","to":"electric-N-P-00570","lengthM":26.8,"voltageKV":0.208,"phase":"ABC","phases":3,"conductor":"4/0 AL URD triplex","feeder":"F1-01","designKVA":34.29}},{"type":"Feature","id":"electric-E940","geometry":{"type":"LineString","coordinates":[[-78.9339889,43.8678073],[-78.9342326,43.8677804],[-78.9341299,43.8677711]]},"properties":{"kind":"service","tier":"service","placement":"underground","from":"electric-TX-00145","to":"electric-N-P-00571","lengthM":28.1,"voltageKV":0.208,"phase":"ABC","phases":3,"conductor":"4/0 AL URD triplex","feeder":"F1-01","designKVA":28.0}},{"type":"Feature","id":"electric-E941","geometry":{"type":"LineString","coordinates":[[-78.9339889,43.8678073],[-78.9339883,43.8677964],[-78.9339069,43.8677848]]},"properties":{"kind":"service","tier":"service","placement":"underground","from":"electric-TX-00145","to":"electric-N-P-00572","lengthM":7.88,"voltageKV":0.208,"phase":"ABC","phases":3,"conductor":"4/0 AL URD triplex","feeder":"F1-01","designKVA":23.32}},{"type":"Feature","id":"electric-E942","geometry":{"type":"LineString","coordinates":[[-78.9339889,43.8678073],[-78.933749,43.8678045],[-78.9336531,43.867792]]},"properties":{"kind":"service","tier":"service","placement":"underground","from":"electric-TX-00145","to":"electric-N-P-00573","lengthM":27.07,"voltageKV":0.208,"phase":"ABC","phases":3,"conductor":"4/0 AL URD triplex","feeder":"F1-01","designKVA":27.01}},{"type":"Feature","id":"electric-E944","geometry":{"type":"LineString","coordinates":[[-78.9335041,43.8678197],[-78.9335011,43.8678084],[-78.9334028,43.8677935]]},"properties":{"kind":"service","tier":"service","placement":"underground","from":"electric-TX-00146","to":"electric-N-P-00574","lengthM":9.34,"voltageKV":0.208,"phase":"ABC","phases":3,"conductor":"4/0 AL URD triplex","feeder":"F1-01","designKVA":27.52}},{"type":"Feature","id":"electric-E946","geometry":{"type":"LineString","coordinates":[[-78.9329179,43.8681278],[-78.9329204,43.8681368],[-78.9328479,43.8681539]]},"properties":{"kind":"service","tier":"service","placement":"underground","from":"electric-TX-00147","to":"electric-N-P-00575","lengthM":7.14,"voltageKV":0.208,"phase":"ABC","phases":3,"conductor":"4/0 AL URD triplex","feeder":"F1-01","designKVA":22.55}},{"type":"Feature","id":"electric-E947","geometry":{"type":"LineString","coordinates":[[-78.9329179,43.8681278],[-78.9329139,43.8678673],[-78.9328389,43.8678561]]},"properties":{"kind":"service","tier":"service","placement":"underground","from":"electric-TX-00147","to":"electric-N-P-00583","lengthM":35.15,"voltageKV":0.208,"phase":"ABC","phases":3,"conductor":"4/0 AL URD triplex","feeder":"F1-01","designKVA":23.92}},{"type":"Feature","id":"electric-E948","geometry":{"type":"LineString","coordinates":[[-78.9329179,43.8681278],[-78.9327152,43.8681384],[-78.9326325,43.8681528]]},"properties":{"kind":"service","tier":"service","placement":"underground","from":"electric-TX-00147","to":"electric-N-P-00576","lengthM":23.13,"voltageKV":0.208,"phase":"ABC","phases":3,"conductor":"4/0 AL URD triplex","feeder":"F1-01","designKVA":24.77}},{"type":"Feature","id":"electric-E950","geometry":{"type":"LineString","coordinates":[[-78.9325029,43.8678796],[-78.9327053,43.867869],[-78.9326213,43.8678557]]},"properties":{"kind":"service","tier":"service","placement":"underground","from":"electric-TX-00148","to":"electric-N-P-00584","lengthM":23.18,"voltageKV":0.208,"phase":"ABC","phases":3,"conductor":"4/0 AL URD triplex","feeder":"F1-01","designKVA":25.35}},{"type":"Feature","id":"electric-E951","geometry":{"type":"LineString","coordinates":[[-78.9325029,43.8678796],[-78.9325028,43.8678706],[-78.932433,43.8678542]]},"properties":{"kind":"service","tier":"service","placement":"underground","from":"electric-TX-00148","to":"electric-N-P-00585","lengthM":6.89,"voltageKV":0.208,"phase":"ABC","phases":3,"conductor":"4/0 AL URD triplex","feeder":"F1-01","designKVA":22.78}},{"type":"Feature","id":"electric-E952","geometry":{"type":"LineString","coordinates":[[-78.9325029,43.8678796],[-78.9325064,43.8681401],[-78.9324307,43.8681511]]},"properties":{"kind":"service","tier":"service","placement":"underground","from":"electric-TX-00148","to":"electric-N-P-00577","lengthM":35.2,"voltageKV":0.208,"phase":"ABC","phases":3,"conductor":"4/0 AL URD triplex","feeder":"F1-01","designKVA":23.33}},{"type":"Feature","id":"electric-E954","geometry":{"type":"LineString","coordinates":[[-78.9322944,43.8678813],[-78.9323006,43.8678722],[-78.9322169,43.8678563]]},"properties":{"kind":"service","tier":"service","placement":"underground","from":"electric-TX-00149","to":"electric-N-P-00586","lengthM":8.07,"voltageKV":0.208,"phase":"ABC","phases":3,"conductor":"4/0 AL URD triplex","feeder":"F1-01","designKVA":24.23}},{"type":"Feature","id":"electric-E955","geometry":{"type":"LineString","coordinates":[[-78.9322944,43.8678813],[-78.9322985,43.8681417],[-78.9322166,43.8681606]]},"properties":{"kind":"service","tier":"service","placement":"underground","from":"electric-TX-00149","to":"electric-N-P-00578","lengthM":35.9,"voltageKV":0.208,"phase":"ABC","phases":3,"conductor":"4/0 AL URD triplex","feeder":"F1-01","designKVA":23.68}},{"type":"Feature","id":"electric-E956","geometry":{"type":"LineString","coordinates":[[-78.9322944,43.8678813],[-78.9320906,43.8678739],[-78.932014,43.8678586]]},"properties":{"kind":"service","tier":"service","placement":"underground","from":"electric-TX-00149","to":"electric-N-P-00587","lengthM":22.76,"voltageKV":0.208,"phase":"ABC","phases":3,"conductor":"4/0 AL URD triplex","feeder":"F1-01","designKVA":24.17}},{"type":"Feature","id":"electric-E958","geometry":{"type":"LineString","coordinates":[[-78.9318844,43.868137],[-78.9320917,43.8681434],[-78.932017,43.8681551]]},"properties":{"kind":"service","tier":"service","placement":"underground","from":"electric-TX-00150","to":"electric-N-P-00579","lengthM":22.79,"voltageKV":0.208,"phase":"ABC","phases":3,"conductor":"4/0 AL URD triplex","feeder":"F1-01","designKVA":22.82}},{"type":"Feature","id":"electric-E959","geometry":{"type":"LineString","coordinates":[[-78.9318844,43.868137],[-78.9318847,43.868146],[-78.9318029,43.8681639]]},"properties":{"kind":"service","tier":"service","placement":"underground","from":"electric-TX-00150","to":"electric-N-P-00580","lengthM":7.87,"voltageKV":0.208,"phase":"ABC","phases":3,"conductor":"4/0 AL URD triplex","feeder":"F1-01","designKVA":25.11}},{"type":"Feature","id":"electric-E960","geometry":{"type":"LineString","coordinates":[[-78.9318844,43.868137],[-78.9318758,43.8678766],[-78.9317874,43.8678599]]},"properties":{"kind":"service","tier":"service","placement":"underground","from":"electric-TX-00150","to":"electric-N-P-00588","lengthM":36.32,"voltageKV":0.208,"phase":"ABC","phases":3,"conductor":"4/0 AL URD triplex","feeder":"F1-01","designKVA":25.22}},{"type":"Feature","id":"electric-E962","geometry":{"type":"LineString","coordinates":[[-78.9316625,43.8678892],[-78.931673,43.86788],[-78.9316068,43.8678686]]},"properties":{"kind":"service","tier":"service","placement":"underground","from":"electric-TX-00151","to":"electric-N-P-00589","lengthM":6.78,"voltageKV":0.208,"phase":"ABC","phases":3,"conductor":"4/0 AL URD triplex","feeder":"F1-01","designKVA":21.35}},{"type":"Feature","id":"electric-E963","geometry":{"type":"LineString","coordinates":[[-78.9316625,43.8678892],[-78.9316712,43.8681496],[-78.931591,43.8681664]]},"properties":{"kind":"service","tier":"service","placement":"underground","from":"electric-TX-00151","to":"electric-N-P-00581","lengthM":35.7,"voltageKV":0.208,"phase":"ABC","phases":3,"conductor":"4/0 AL URD triplex","feeder":"F1-01","designKVA":24.4}},{"type":"Feature","id":"electric-E964","geometry":{"type":"LineString","coordinates":[[-78.9316625,43.8678892],[-78.9314736,43.8678817],[-78.9313887,43.8678668]]},"properties":{"kind":"service","tier":"service","placement":"underground","from":"electric-TX-00151","to":"electric-N-P-00590","lengthM":22.2,"voltageKV":0.208,"phase":"ABC","phases":3,"conductor":"4/0 AL URD triplex","feeder":"F1-01","designKVA":24.15}},{"type":"Feature","id":"electric-E966","geometry":{"type":"LineString","coordinates":[[-78.9314634,43.8681429],[-78.9314633,43.8681514],[-78.9313859,43.8681659]]},"properties":{"kind":"service","tier":"service","placement":"underground","from":"electric-TX-00152","to":"electric-N-P-00582","lengthM":7.36,"voltageKV":0.208,"phase":"ABC","phases":3,"conductor":"4/0 AL URD triplex","feeder":"F1-01","designKVA":24.32}},{"type":"Feature","id":"electric-E968","geometry":{"type":"LineString","coordinates":[[-78.9306584,43.8681908],[-78.9308699,43.8681969],[-78.9307776,43.8682133]]},"properties":{"kind":"service","tier":"service","placement":"underground","from":"electric-TX-00153","to":"electric-N-P-00591","lengthM":24.62,"voltageKV":0.208,"phase":"ABC","phases":3,"conductor":"4/0 AL URD triplex","feeder":"F1-01","designKVA":26.78}},{"type":"Feature","id":"electric-E969","geometry":{"type":"LineString","coordinates":[[-78.9306584,43.8681908],[-78.9306586,43.8681998],[-78.9305906,43.868216]]},"properties":{"kind":"service","tier":"service","placement":"underground","from":"electric-TX-00153","to":"electric-N-P-00592","lengthM":6.74,"voltageKV":0.208,"phase":"ABC","phases":3,"conductor":"4/0 AL URD triplex","feeder":"F1-01","designKVA":22.09}},{"type":"Feature","id":"electric-E970","geometry":{"type":"LineString","coordinates":[[-78.9306584,43.8681908],[-78.9304464,43.8682028],[-78.9303532,43.8682141]]},"properties":{"kind":"service","tier":"service","placement":"underground","from":"electric-TX-00153","to":"electric-N-P-00593","lengthM":24.64,"voltageKV":0.208,"phase":"ABC","phases":3,"conductor":"4/0 AL URD triplex","feeder":"F1-01","designKVA":26.89}},{"type":"Feature","id":"electric-E972","geometry":{"type":"LineString","coordinates":[[-78.9300251,43.868204],[-78.9302343,43.8682066],[-78.9301665,43.8682209]]},"properties":{"kind":"service","tier":"service","placement":"underground","from":"electric-TX-00154","to":"electric-N-P-00594","lengthM":22.45,"voltageKV":0.208,"phase":"ABC","phases":3,"conductor":"4/0 AL URD triplex","feeder":"F1-01","designKVA":22.89}},{"type":"Feature","id":"electric-E973","geometry":{"type":"LineString","coordinates":[[-78.9300251,43.868204],[-78.9300257,43.868213],[-78.9299557,43.8682261]]},"properties":{"kind":"service","tier":"service","placement":"underground","from":"electric-TX-00154","to":"electric-N-P-00595","lengthM":6.81,"voltageKV":0.208,"phase":"ABC","phases":3,"conductor":"4/0 AL URD triplex","feeder":"F1-01","designKVA":19.96}},{"type":"Feature","id":"electric-E974","geometry":{"type":"LineString","coordinates":[[-78.9300251,43.868204],[-78.9298142,43.8682279],[-78.9297464,43.8682506]]},"properties":{"kind":"service","tier":"service","placement":"underground","from":"electric-TX-00154","to":"electric-N-P-00596","lengthM":23.13,"voltageKV":0.208,"phase":"ABC","phases":3,"conductor":"4/0 AL URD triplex","feeder":"F1-01","designKVA":22.07}},{"type":"Feature","id":"electric-E976","geometry":{"type":"LineString","coordinates":[[-78.9294898,43.8682625],[-78.9296032,43.8682554],[-78.9295259,43.8682763]]},"properties":{"kind":"service","tier":"service","placement":"underground","from":"electric-TX-00155","to":"electric-N-P-00597","lengthM":15.76,"voltageKV":0.208,"phase":"ABC","phases":3,"conductor":"4/0 AL URD triplex","feeder":"F1-01","designKVA":23.39}},{"type":"Feature","id":"electric-E977","geometry":{"type":"LineString","coordinates":[[-78.9294898,43.8682625],[-78.929382,43.8682885],[-78.9293058,43.8683136]]},"properties":{"kind":"service","tier":"service","placement":"underground","from":"electric-TX-00155","to":"electric-N-P-00598","lengthM":15.85,"voltageKV":0.208,"phase":"ABC","phases":3,"conductor":"4/0 AL URD triplex","feeder":"F1-01","designKVA":23.42}},{"type":"Feature","id":"electric-E979","geometry":{"type":"LineString","coordinates":[[-78.9306391,43.8678422],[-78.9308535,43.8678337],[-78.9307656,43.8678214]]},"properties":{"kind":"service","tier":"service","placement":"underground","from":"electric-TX-00156","to":"electric-N-P-00599","lengthM":24.41,"voltageKV":0.208,"phase":"ABC","phases":3,"conductor":"4/0 AL URD triplex","feeder":"F1-01","designKVA":25.44}},{"type":"Feature","id":"electric-E980","geometry":{"type":"LineString","coordinates":[[-78.9306391,43.8678422],[-78.9306391,43.8678333],[-78.9305634,43.8678151]]},"properties":{"kind":"service","tier":"service","placement":"underground","from":"electric-TX-00156","to":"electric-N-P-00600","lengthM":7.4,"voltageKV":0.208,"phase":"ABC","phases":3,"conductor":"4/0 AL URD triplex","feeder":"F1-01","designKVA":23.85}},{"type":"Feature","id":"electric-E981","geometry":{"type":"LineString","coordinates":[[-78.9306391,43.8678422],[-78.930423,43.8678338],[-78.9303334,43.8678198]]},"properties":{"kind":"service","tier":"service","placement":"underground","from":"electric-TX-00156","to":"electric-N-P-00601","lengthM":24.72,"voltageKV":0.208,"phase":"ABC","phases":3,"conductor":"4/0 AL URD triplex","feeder":"F1-01","designKVA":26.12}},{"type":"Feature","id":"electric-E983","geometry":{"type":"LineString","coordinates":[[-78.9299697,43.8678553],[-78.930194,43.8678368],[-78.9301063,43.8678265]]},"properties":{"kind":"service","tier":"service","placement":"underground","from":"electric-TX-00157","to":"electric-N-P-00602","lengthM":25.25,"voltageKV":0.208,"phase":"ABC","phases":3,"conductor":"4/0 AL URD triplex","feeder":"F1-01","designKVA":25.9}},{"type":"Feature","id":"electric-E984","geometry":{"type":"LineString","coordinates":[[-78.9299697,43.8678553],[-78.9299686,43.8678464],[-78.9298803,43.8678354]]},"properties":{"kind":"service","tier":"service","placement":"underground","from":"electric-TX-00157","to":"electric-N-P-00603","lengthM":8.19,"voltageKV":0.208,"phase":"ABC","phases":3,"conductor":"4/0 AL URD triplex","feeder":"F1-01","designKVA":25.8}},{"type":"Feature","id":"electric-E985","geometry":{"type":"LineString","coordinates":[[-78.9299697,43.8678553],[-78.9297446,43.8678666],[-78.9296558,43.8678649]]},"properties":{"kind":"service","tier":"service","placement":"underground","from":"electric-TX-00157","to":"electric-N-P-00604","lengthM":25.24,"voltageKV":0.208,"phase":"ABC","phases":3,"conductor":"4/0 AL URD triplex","feeder":"F1-01","designKVA":25.31}},{"type":"Feature","id":"electric-E987","geometry":{"type":"LineString","coordinates":[[-78.9291678,43.8686666],[-78.9291801,43.8686654],[-78.9291914,43.8686086]]},"properties":{"kind":"service","tier":"service","placement":"underground","from":"electric-TX-00158","to":"electric-N-P-00605","lengthM":7.39,"voltageKV":0.208,"phase":"ABC","phases":3,"conductor":"4/0 AL URD triplex","feeder":"F1-01","designKVA":23.04}},{"type":"Feature","id":"electric-E989","geometry":{"type":"LineString","coordinates":[[-78.9443803,43.8720122],[-78.9443565,43.8720176],[-78.9448974,43.8723286]]},"properties":{"kind":"service","tier":"service","placement":"underground","from":"electric-TX-00159","to":"electric-N-P-00608","lengthM":57.53,"voltageKV":0.208,"phase":"ABC","phases":3,"conductor":"350 kcmil AL URD","feeder":"F1-01","designKVA":374.28}},{"type":"Feature","id":"electric-E991","geometry":{"type":"LineString","coordinates":[[-78.9398954,43.8740629],[-78.9398716,43.8740683],[-78.9395649,43.872429]]},"properties":{"kind":"service","tier":"service","placement":"underground","from":"electric-TX-00160","to":"electric-N-P-00607","lengthM":186.14,"voltageKV":0.208,"phase":"ABC","phases":3,"conductor":"4/0 AL URD triplex","feeder":"F1-01","designKVA":41.06}},{"type":"Feature","id":"electric-E993","geometry":{"type":"LineString","coordinates":[[-78.9281327,43.8684067],[-78.9281358,43.8683889],[-78.928007,43.8685549]]},"properties":{"kind":"service","tier":"service","placement":"underground","from":"electric-TX-00161","to":"electric-N-P-00606","lengthM":23.17,"voltageKV":0.208,"phase":"ABC","phases":3,"conductor":"4/0 AL URD triplex","feeder":"F1-01","designKVA":15.96}},{"type":"Feature","id":"electric-E995","geometry":{"type":"LineString","coordinates":[[-78.9282255,43.8683873],[-78.9282125,43.868372],[-78.9262489,43.8695689]]},"properties":{"kind":"service","tier":"service","placement":"underground","from":"electric-TX-00162","to":"electric-N-P-00609","lengthM":208.36,"voltageKV":0.208,"phase":"ABC","phases":3,"conductor":"350 kcmil AL URD","feeder":"F1-01","designKVA":374.34}}]}