{"type":"FeatureCollection","name":"electric_primary","crs_note":"EPSG:4326","features":[{"type":"Feature","id":"electric-E1","geometry":{"type":"LineString","coordinates":[[-78.9445768,43.8713514],[-78.9440638,43.8718906]]},"properties":{"kind":"trunk","tier":"primary_main","placement":"underground","from":"electric-station","to":"electric-J-T255","lengthM":72.78,"voltageKV":13.8,"phases":3,"phase":"ABC","feeder":"F1-01","feederId":"F1-01","designRole":"getaway","conductor":"1000 kcmil AL 15 kV XLPE (substation exit)","capacityKVA":12907.2,"designKVA":1189.7,"customers":370}},{"type":"Feature","id":"electric-E2","geometry":{"type":"LineString","coordinates":[[-78.9445768,43.8713514],[-78.9440459,43.8718946]]},"properties":{"kind":"trunk","tier":"primary_main","placement":"underground","from":"electric-station","to":"electric-J-T255-F1-02","lengthM":73.96,"voltageKV":13.8,"phases":3,"phase":"ABC","feeder":"F1-02","feederId":"F1-02","designRole":"getaway","conductor":"1000 kcmil AL 15 kV XLPE (substation exit)","capacityKVA":12907.2,"designKVA":1578.1,"customers":239}},{"type":"Feature","id":"electric-E3","geometry":{"type":"LineString","coordinates":[[-78.9440638,43.8718906],[-78.9439213,43.871562]]},"properties":{"kind":"distribution","tier":"primary_main","placement":"underground","from":"electric-J-T255","to":"electric-J-9","lengthM":38.32,"voltageKV":13.8,"phases":3,"phase":"ABC","feeder":"F1-01","feederId":"F1-01","designRole":"trunk","corridorId":"C-002","conductor":"1/0 AL 15 kV XLPE","capacityKVA":4182.9,"designKVA":1053.3,"customers":369,"roadEdge":11,"rOhmKm":0.641,"xOhmKm":0.14}},{"type":"Feature","id":"electric-E4","geometry":{"type":"LineString","coordinates":[[-78.9440638,43.8718906],[-78.94414,43.8720664]]},"properties":{"kind":"distribution","tier":"primary_main","placement":"underground","from":"electric-J-T255","to":"electric-T-251","lengthM":20.5,"voltageKV":13.8,"phases":3,"phase":"ABC","feeder":"F1-01","feederId":"F1-01","designRole":"trunk","corridorId":"C-002","conductor":"1/0 AL 15 kV XLPE","capacityKVA":4182.9,"designKVA":374.3,"customers":1,"roadEdge":11,"rOhmKm":0.641,"xOhmKm":0.14}},{"type":"Feature","id":"electric-E5","geometry":{"type":"LineString","coordinates":[[-78.9439213,43.871562],[-78.9436241,43.8709045],[-78.9435226,43.8706792],[-78.9434639,43.8705494]]},"properties":{"kind":"distribution","tier":"primary_main","placement":"underground","from":"electric-J-9","to":"electric-J-12","lengthM":118.55,"voltageKV":13.8,"phases":3,"phase":"ABC","feeder":"F1-01","feederId":"F1-01","designRole":"trunk","corridorId":"C-002","conductor":"1/0 AL 15 kV XLPE","capacityKVA":4182.9,"designKVA":1053.3,"customers":369,"roadEdge":12,"rOhmKm":0.641,"xOhmKm":0.14}},{"type":"Feature","id":"electric-E6","geometry":{"type":"LineString","coordinates":[[-78.9434639,43.8705494],[-78.9437384,43.8705473],[-78.9440216,43.8704864]]},"properties":{"kind":"distribution","tier":"primary_main","placement":"underground","from":"electric-J-12","to":"electric-T-98","lengthM":45.74,"voltageKV":13.8,"phases":3,"phase":"ABC","feeder":"F1-01","feederId":"F1-01","designRole":"trunk","corridorId":"C-007","conductor":"1/0 AL 15 kV XLPE","capacityKVA":4182.9,"designKVA":106.8,"customers":33,"roadEdge":6,"rOhmKm":0.641,"xOhmKm":0.14}},{"type":"Feature","id":"electric-E7","geometry":{"type":"LineString","coordinates":[[-78.9434639,43.8705494],[-78.9433971,43.870625],[-78.9432068,43.8706675]]},"properties":{"kind":"distribution","tier":"primary_main","placement":"underground","from":"electric-J-12","to":"electric-T-99","lengthM":25.97,"voltageKV":13.8,"phases":3,"phase":"ABC","feeder":"F1-01","feederId":"F1-01","designRole":"trunk","corridorId":"C-007","conductor":"1/0 AL 15 kV XLPE","capacityKVA":4182.9,"designKVA":780.0,"customers":278,"roadEdge":16,"rOhmKm":0.641,"xOhmKm":0.14,"switch":"sectionalising","switchId":"SW-F1-01-01"}},{"type":"Feature","id":"electric-E8","geometry":{"type":"LineString","coordinates":[[-78.9434639,43.8705494],[-78.9434125,43.8704281],[-78.9432746,43.8701132]]},"properties":{"kind":"distribution","tier":"primary_main","placement":"underground","from":"electric-J-12","to":"electric-T-200","lengthM":50.88,"voltageKV":13.8,"phases":3,"phase":"ABC","feeder":"F1-01","feederId":"F1-01","designRole":"trunk","corridorId":"C-002","conductor":"1/0 AL 15 kV XLPE","capacityKVA":4182.9,"designKVA":225.9,"customers":58,"roadEdge":15,"rOhmKm":0.641,"xOhmKm":0.14}},{"type":"Feature","id":"electric-E9","geometry":{"type":"LineString","coordinates":[[-78.9440216,43.8704864],[-78.9448445,43.8703094],[-78.9449524,43.8702861]]},"properties":{"kind":"distribution","tier":"primary_main","placement":"underground","from":"electric-T-98","to":"electric-J-5","lengthM":77.96,"voltageKV":13.8,"phases":3,"phase":"ABC","feeder":"F1-01","feederId":"F1-01","designRole":"trunk","corridorId":"C-007","conductor":"1/0 AL 15 kV XLPE","capacityKVA":4182.9,"designKVA":98.9,"customers":32,"roadEdge":6,"rOhmKm":0.641,"xOhmKm":0.14}},{"type":"Feature","id":"electric-E10","geometry":{"type":"LineString","coordinates":[[-78.9432068,43.8706675],[-78.9424707,43.870832],[-78.9423659,43.8708554]]},"properties":{"kind":"distribution","tier":"primary_main","placement":"underground","from":"electric-T-99","to":"electric-J-17","lengthM":70.65,"voltageKV":13.8,"phases":3,"phase":"ABC","feeder":"F1-01","feederId":"F1-01","designRole":"trunk","corridorId":"C-007","conductor":"1/0 AL 15 kV XLPE","capacityKVA":4182.9,"designKVA":778.1,"customers":276,"roadEdge":16,"rOhmKm":0.641,"xOhmKm":0.14}},{"type":"Feature","id":"electric-E11","geometry":{"type":"LineString","coordinates":[[-78.9432746,43.8701132],[-78.9428455,43.8691329],[-78.9423139,43.8679285]]},"properties":{"kind":"distribution","tier":"primary_main","placement":"underground","from":"electric-T-200","to":"electric-J-16","lengthM":255.13,"voltageKV":13.8,"phases":3,"phase":"ABC","feeder":"F1-01","feederId":"F1-01","designRole":"trunk","corridorId":"C-002","conductor":"1/0 AL 15 kV XLPE","capacityKVA":4182.9,"designKVA":216.2,"customers":57,"roadEdge":15,"rOhmKm":0.641,"xOhmKm":0.14}},{"type":"Feature","id":"electric-E12","geometry":{"type":"LineString","coordinates":[[-78.9449524,43.8702861],[-78.9473796,43.8697517],[-78.947481,43.8697293]]},"properties":{"kind":"distribution","tier":"primary_main","placement":"underground","from":"electric-J-5","to":"electric-J-1","lengthM":212.17,"voltageKV":13.8,"phases":3,"phase":"ABC","feeder":"F1-01","feederId":"F1-01","designRole":"lateral","corridorId":"C-007","conductor":"1/0 AL 15 kV XLPE","capacityKVA":4182.9,"designKVA":3.0,"customers":1,"roadEdge":2,"rOhmKm":0.641,"xOhmKm":0.14}},{"type":"Feature","id":"electric-E13","geometry":{"type":"LineString","coordinates":[[-78.9449524,43.8702861],[-78.9449703,43.8701392],[-78.9449607,43.8701172],[-78.9447776,43.8697002],[-78.9446914,43.8695419],[-78.9445585,43.8693861],[-78.9444887,43.8693321]]},"properties":{"kind":"distribution","tier":"primary_lateral","placement":"underground","from":"electric-J-5","to":"electric-T-97","lengthM":115.18,"voltageKV":13.8,"phases":1,"phase":"A","feeder":"F1-01","feederId":"F1-01","designRole":"lateral","conductor":"1/0 AL 15 kV XLPE","capacityKVA":1394.3,"designKVA":98.0,"customers":31,"roadEdge":4,"rOhmKm":0.641,"xOhmKm":0.14}},{"type":"Feature","id":"electric-E14","geometry":{"type":"LineString","coordinates":[[-78.9423659,43.8708554],[-78.9423028,43.8708978],[-78.9423078,43.8709096],[-78.942395,43.8711152]]},"properties":{"kind":"distribution","tier":"primary_lateral","placement":"underground","from":"electric-J-17","to":"electric-T-100","lengthM":32.23,"voltageKV":13.8,"phases":1,"phase":"B","feeder":"F1-01","feederId":"F1-01","designRole":"lateral","conductor":"1/0 AL 15 kV XLPE","capacityKVA":1394.3,"designKVA":24.6,"customers":7,"roadEdge":18,"rOhmKm":0.641,"xOhmKm":0.14}},{"type":"Feature","id":"electric-E15","geometry":{"type":"LineString","coordinates":[[-78.9423659,43.8708554],[-78.9422365,43.8707447],[-78.9422282,43.8707257],[-78.942078,43.8703879]]},"properties":{"kind":"distribution","tier":"primary_lateral","placement":"underground","from":"electric-J-17","to":"electric-T-103","lengthM":57.82,"voltageKV":13.8,"phases":1,"phase":"C","feeder":"F1-01","feederId":"F1-01","designRole":"lateral","conductor":"1/0 AL 15 kV XLPE","capacityKVA":1394.3,"designKVA":67.5,"customers":20,"roadEdge":23,"rOhmKm":0.641,"xOhmKm":0.14}},{"type":"Feature","id":"electric-E16","geometry":{"type":"LineString","coordinates":[[-78.9423659,43.8708554],[-78.9422628,43.8708787],[-78.9417614,43.8709897]]},"properties":{"kind":"distribution","tier":"primary_main","placement":"underground","from":"electric-J-17","to":"electric-T-105","lengthM":50.76,"voltageKV":13.8,"phases":3,"phase":"ABC","feeder":"F1-01","feederId":"F1-01","designRole":"trunk","corridorId":"C-007","conductor":"1/0 AL 15 kV XLPE","capacityKVA":4182.9,"designKVA":714.5,"customers":249,"roadEdge":24,"rOhmKm":0.641,"xOhmKm":0.14}},{"type":"Feature","id":"electric-E17","geometry":{"type":"LineString","coordinates":[[-78.9423139,43.8679285],[-78.9423197,43.8679851],[-78.9417067,43.8681268]]},"properties":{"kind":"distribution","tier":"primary_lateral","placement":"underground","from":"electric-J-16","to":"electric-T-102","lengthM":57.98,"voltageKV":13.8,"phases":1,"phase":"B","feeder":"F1-01","feederId":"F1-01","designRole":"lateral","conductor":"4/0 AL 15 kV XLPE","capacityKVA":2031.7,"designKVA":147.4,"customers":50,"roadEdge":22,"rOhmKm":0.32,"xOhmKm":0.13}},{"type":"Feature","id":"electric-E18","geometry":{"type":"LineString","coordinates":[[-78.9423139,43.8679285],[-78.9423026,43.8678962],[-78.9421679,43.867553],[-78.9420343,43.8671843]]},"properties":{"kind":"distribution","tier":"primary_main","placement":"underground","from":"electric-J-16","to":"electric-T-201","lengthM":85.83,"voltageKV":13.8,"phases":3,"phase":"ABC","feeder":"F1-01","feederId":"F1-01","designRole":"trunk","corridorId":"C-002","conductor":"1/0 AL 15 kV XLPE","capacityKVA":4182.9,"designKVA":98.6,"customers":7,"roadEdge":21,"rOhmKm":0.641,"xOhmKm":0.14}},{"type":"Feature","id":"electric-E19","geometry":{"type":"LineString","coordinates":[[-78.947481,43.8697293],[-78.9473503,43.8696169],[-78.9473389,43.8695916],[-78.9470746,43.8689997]]},"properties":{"kind":"distribution","tier":"primary_lateral","placement":"underground","from":"electric-J-1","to":"electric-J-2","lengthM":88.51,"voltageKV":13.8,"phases":1,"phase":"C","feeder":"F1-01","feederId":"F1-01","designRole":"lateral","conductor":"1/0 AL 15 kV XLPE","capacityKVA":1394.3,"designKVA":3.0,"customers":1,"roadEdge":1,"rOhmKm":0.641,"xOhmKm":0.14}},{"type":"Feature","id":"electric-E20","geometry":{"type":"LineString","coordinates":[[-78.9444887,43.8693321],[-78.9441048,43.8690352]]},"properties":{"kind":"distribution","tier":"primary_lateral","placement":"underground","from":"electric-T-97","to":"electric-T-96","lengthM":45.18,"voltageKV":13.8,"phases":1,"phase":"A","feeder":"F1-01","feederId":"F1-01","designRole":"lateral","conductor":"1/0 AL 15 kV XLPE","capacityKVA":1394.3,"designKVA":96.1,"customers":30,"roadEdge":4,"rOhmKm":0.641,"xOhmKm":0.14}},{"type":"Feature","id":"electric-E21","geometry":{"type":"LineString","coordinates":[[-78.942078,43.8703879],[-78.9417609,43.8696744]]},"properties":{"kind":"distribution","tier":"primary_lateral","placement":"underground","from":"electric-T-103","to":"electric-T-104","lengthM":83.4,"voltageKV":13.8,"phases":1,"phase":"C","feeder":"F1-01","feederId":"F1-01","designRole":"lateral","conductor":"1/0 AL 15 kV XLPE","capacityKVA":1394.3,"designKVA":42.0,"customers":10,"roadEdge":23,"rOhmKm":0.641,"xOhmKm":0.14}},{"type":"Feature","id":"electric-E22","geometry":{"type":"LineString","coordinates":[[-78.9417614,43.8709897],[-78.9412422,43.8711046],[-78.9411514,43.8711247]]},"properties":{"kind":"distribution","tier":"primary_main","placement":"underground","from":"electric-T-105","to":"electric-J-24","lengthM":51.21,"voltageKV":13.8,"phases":3,"phase":"ABC","feeder":"F1-01","feederId":"F1-01","designRole":"trunk","corridorId":"C-007","conductor":"1/0 AL 15 kV XLPE","capacityKVA":4182.9,"designKVA":712.0,"customers":247,"roadEdge":24,"rOhmKm":0.641,"xOhmKm":0.14}},{"type":"Feature","id":"electric-E23","geometry":{"type":"LineString","coordinates":[[-78.9417067,43.8681268],[-78.9412095,43.8682418]]},"properties":{"kind":"distribution","tier":"primary_lateral","placement":"underground","from":"electric-T-102","to":"electric-J-23","lengthM":41.9,"voltageKV":13.8,"phases":1,"phase":"B","feeder":"F1-01","feederId":"F1-01","designRole":"lateral","conductor":"4/0 AL 15 kV XLPE","capacityKVA":2031.7,"designKVA":122.2,"customers":42,"roadEdge":22,"rOhmKm":0.32,"xOhmKm":0.13}},{"type":"Feature","id":"electric-E24","geometry":{"type":"LineString","coordinates":[[-78.9420343,43.8671843],[-78.9420285,43.8671682],[-78.941955,43.8669809],[-78.9418547,43.8667401]]},"properties":{"kind":"distribution","tier":"primary_main","placement":"underground","from":"electric-T-201","to":"electric-T-202","lengthM":51.51,"voltageKV":13.8,"phases":3,"phase":"ABC","feeder":"F1-01","feederId":"F1-01","designRole":"lateral","corridorId":"C-002","conductor":"1/0 AL 15 kV XLPE","capacityKVA":4182.9,"designKVA":65.2,"customers":4,"roadEdge":21,"rOhmKm":0.641,"xOhmKm":0.14}},{"type":"Feature","id":"electric-E25","geometry":{"type":"LineString","coordinates":[[-78.9470746,43.8689997],[-78.9470712,43.8690487],[-78.9470251,43.8690592],[-78.9458371,43.8693304],[-78.9456657,43.8693358],[-78.9454746,43.869267],[-78.9447226,43.8685487],[-78.9447334,43.868468]]},"properties":{"kind":"distribution","tier":"primary_lateral","placement":"underground","from":"electric-J-2","to":"electric-T-93","lengthM":249.45,"voltageKV":13.8,"phases":1,"phase":"C","feeder":"F1-01","feederId":"F1-01","designRole":"lateral","conductor":"1/0 AL 15 kV XLPE","capacityKVA":1394.3,"designKVA":3.0,"customers":1,"roadEdge":3,"rOhmKm":0.641,"xOhmKm":0.14}},{"type":"Feature","id":"electric-E26","geometry":{"type":"LineString","coordinates":[[-78.9441048,43.8690352],[-78.9439953,43.8689505],[-78.9439085,43.8688168],[-78.9436749,43.8682299]]},"properties":{"kind":"distribution","tier":"primary_lateral","placement":"underground","from":"electric-T-96","to":"electric-T-95","lengthM":97.29,"voltageKV":13.8,"phases":1,"phase":"A","feeder":"F1-01","feederId":"F1-01","designRole":"lateral","conductor":"1/0 AL 15 kV XLPE","capacityKVA":1394.3,"designKVA":70.1,"customers":20,"roadEdge":4,"rOhmKm":0.641,"xOhmKm":0.14}},{"type":"Feature","id":"electric-E27","geometry":{"type":"LineString","coordinates":[[-78.9411514,43.8711247],[-78.9410841,43.8711564],[-78.9412419,43.8715258]]},"properties":{"kind":"distribution","tier":"primary_lateral","placement":"underground","from":"electric-J-24","to":"electric-T-108","lengthM":49.47,"voltageKV":13.8,"phases":1,"phase":"C","feeder":"F1-01","feederId":"F1-01","designRole":"lateral","conductor":"1/0 AL 15 kV XLPE","capacityKVA":1394.3,"designKVA":44.7,"customers":12,"roadEdge":28,"rOhmKm":0.641,"xOhmKm":0.14}},{"type":"Feature","id":"electric-E28","geometry":{"type":"LineString","coordinates":[[-78.9411514,43.8711247],[-78.9410255,43.8710167],[-78.9408539,43.8706061]]},"properties":{"kind":"distribution","tier":"primary_lateral","placement":"underground","from":"electric-J-24","to":"electric-T-113","lengthM":63.44,"voltageKV":13.8,"phases":1,"phase":"A","feeder":"F1-01","feederId":"F1-01","designRole":"lateral","conductor":"1/0 AL 15 kV XLPE","capacityKVA":1394.3,"designKVA":80.0,"customers":26,"roadEdge":33,"rOhmKm":0.641,"xOhmKm":0.14}},{"type":"Feature","id":"electric-E29","geometry":{"type":"LineString","coordinates":[[-78.9411514,43.8711247],[-78.9410553,43.8711463],[-78.940531,43.8712637]]},"properties":{"kind":"distribution","tier":"primary_main","placement":"underground","from":"electric-J-24","to":"electric-T-115","lengthM":52.13,"voltageKV":13.8,"phases":3,"phase":"ABC","feeder":"F1-01","feederId":"F1-01","designRole":"trunk","corridorId":"C-007","conductor":"1/0 AL 15 kV XLPE","capacityKVA":4182.9,"designKVA":621.7,"customers":209,"roadEdge":34,"rOhmKm":0.641,"xOhmKm":0.14}},{"type":"Feature","id":"electric-E30","geometry":{"type":"LineString","coordinates":[[-78.9412095,43.8682418],[-78.9411366,43.8682541],[-78.9411419,43.8682648],[-78.9413727,43.8687934]]},"properties":{"kind":"distribution","tier":"primary_lateral","placement":"underground","from":"electric-J-23","to":"electric-T-106","lengthM":68.96,"voltageKV":13.8,"phases":1,"phase":"B","feeder":"F1-01","feederId":"F1-01","designRole":"lateral","conductor":"1/0 AL 15 kV XLPE","capacityKVA":1394.3,"designKVA":46.9,"customers":10,"roadEdge":26,"rOhmKm":0.641,"xOhmKm":0.14}},{"type":"Feature","id":"electric-E31","geometry":{"type":"LineString","coordinates":[[-78.9412095,43.8682418],[-78.9410798,43.868132],[-78.9408562,43.8676159]]},"properties":{"kind":"distribution","tier":"primary_lateral","placement":"underground","from":"electric-J-23","to":"electric-T-110","lengthM":76.24,"voltageKV":13.8,"phases":1,"phase":"B","feeder":"F1-01","feederId":"F1-01","designRole":"lateral","conductor":"1/0 AL 15 kV XLPE","capacityKVA":1394.3,"designKVA":39.8,"customers":12,"roadEdge":31,"rOhmKm":0.641,"xOhmKm":0.14}},{"type":"Feature","id":"electric-E32","geometry":{"type":"LineString","coordinates":[[-78.9412095,43.8682418],[-78.9403738,43.8684368]]},"properties":{"kind":"distribution","tier":"primary_lateral","placement":"underground","from":"electric-J-23","to":"electric-T-112","lengthM":70.49,"voltageKV":13.8,"phases":1,"phase":"B","feeder":"F1-01","feederId":"F1-01","designRole":"lateral","conductor":"4/0 AL 15 kV XLPE","capacityKVA":2031.7,"designKVA":57.3,"customers":20,"roadEdge":32,"rOhmKm":0.32,"xOhmKm":0.13}},{"type":"Feature","id":"electric-E33","geometry":{"type":"LineString","coordinates":[[-78.9418547,43.8667401],[-78.9418111,43.8666354],[-78.9417576,43.8665237],[-78.9417261,43.866458]]},"properties":{"kind":"distribution","tier":"primary_main","placement":"underground","from":"electric-T-202","to":"electric-T-203","lengthM":33.06,"voltageKV":13.8,"phases":3,"phase":"ABC","feeder":"F1-01","feederId":"F1-01","designRole":"lateral","corridorId":"C-002","conductor":"1/0 AL 15 kV XLPE","capacityKVA":4182.9,"designKVA":22.1,"customers":1,"roadEdge":21,"rOhmKm":0.641,"xOhmKm":0.14}},{"type":"Feature","id":"electric-E34","geometry":{"type":"LineString","coordinates":[[-78.9436749,43.8682299],[-78.9434621,43.8676952],[-78.9434788,43.8676404],[-78.9434979,43.8676203],[-78.9435569,43.867592],[-78.9436156,43.8675842],[-78.9442096,43.867614]]},"properties":{"kind":"distribution","tier":"primary_lateral","placement":"underground","from":"electric-T-95","to":"electric-T-94","lengthM":129.15,"voltageKV":13.8,"phases":1,"phase":"A","feeder":"F1-01","feederId":"F1-01","designRole":"lateral","conductor":"1/0 AL 15 kV XLPE","capacityKVA":1394.3,"designKVA":43.1,"customers":10,"roadEdge":4,"rOhmKm":0.641,"xOhmKm":0.14}},{"type":"Feature","id":"electric-E35","geometry":{"type":"LineString","coordinates":[[-78.9412419,43.8715258],[-78.9414896,43.8721057]]},"properties":{"kind":"distribution","tier":"primary_lateral","placement":"underground","from":"electric-T-108","to":"electric-J-20","lengthM":67.55,"voltageKV":13.8,"phases":1,"phase":"C","feeder":"F1-01","feederId":"F1-01","designRole":"lateral","conductor":"1/0 AL 15 kV XLPE","capacityKVA":1394.3,"designKVA":17.1,"customers":3,"roadEdge":28,"rOhmKm":0.641,"xOhmKm":0.14}},{"type":"Feature","id":"electric-E36","geometry":{"type":"LineString","coordinates":[[-78.9408539,43.8706061],[-78.940674,43.870176],[-78.9406202,43.8700474]]},"properties":{"kind":"distribution","tier":"primary_lateral","placement":"underground","from":"electric-T-113","to":"electric-T-114","lengthM":64.96,"voltageKV":13.8,"phases":1,"phase":"A","feeder":"F1-01","feederId":"F1-01","designRole":"lateral","conductor":"1/0 AL 15 kV XLPE","capacityKVA":1394.3,"designKVA":55.4,"customers":16,"roadEdge":33,"rOhmKm":0.641,"xOhmKm":0.14}},{"type":"Feature","id":"electric-E37","geometry":{"type":"LineString","coordinates":[[-78.940531,43.8712637],[-78.9400051,43.8713814],[-78.9399195,43.8714006]]},"properties":{"kind":"distribution","tier":"primary_main","placement":"underground","from":"electric-T-115","to":"electric-J-31","lengthM":51.39,"voltageKV":13.8,"phases":3,"phase":"ABC","feeder":"F1-01","feederId":"F1-01","designRole":"trunk","corridorId":"C-007","conductor":"1/0 AL 15 kV XLPE","capacityKVA":4182.9,"designKVA":618.1,"customers":207,"roadEdge":34,"rOhmKm":0.641,"xOhmKm":0.14}},{"type":"Feature","id":"electric-E38","geometry":{"type":"LineString","coordinates":[[-78.9408562,43.8676159],[-78.9406647,43.8671741]]},"properties":{"kind":"distribution","tier":"primary_lateral","placement":"underground","from":"electric-T-110","to":"electric-T-111","lengthM":51.53,"voltageKV":13.8,"phases":1,"phase":"B","feeder":"F1-01","feederId":"F1-01","designRole":"lateral","conductor":"1/0 AL 15 kV XLPE","capacityKVA":1394.3,"designKVA":9.0,"customers":2,"roadEdge":31,"rOhmKm":0.641,"xOhmKm":0.14}},{"type":"Feature","id":"electric-E39","geometry":{"type":"LineString","coordinates":[[-78.9403738,43.8684368],[-78.9400315,43.8685167]]},"properties":{"kind":"distribution","tier":"primary_lateral","placement":"underground","from":"electric-T-112","to":"electric-J-30","lengthM":28.87,"voltageKV":13.8,"phases":1,"phase":"B","feeder":"F1-01","feederId":"F1-01","designRole":"lateral","conductor":"4/0 AL 15 kV XLPE","capacityKVA":2031.7,"designKVA":47.8,"customers":16,"roadEdge":32,"rOhmKm":0.32,"xOhmKm":0.13}},{"type":"Feature","id":"electric-E40","geometry":{"type":"LineString","coordinates":[[-78.9414896,43.8721057],[-78.941676,43.8721231],[-78.9417172,43.8721143],[-78.9420003,43.8720493]]},"properties":{"kind":"distribution","tier":"primary_lateral","placement":"underground","from":"electric-J-20","to":"electric-T-101","lengthM":42.37,"voltageKV":13.8,"phases":1,"phase":"C","feeder":"F1-01","feederId":"F1-01","designRole":"lateral","conductor":"1/0 AL 15 kV XLPE","capacityKVA":1394.3,"designKVA":17.1,"customers":3,"roadEdge":19,"rOhmKm":0.641,"xOhmKm":0.14}},{"type":"Feature","id":"electric-E41","geometry":{"type":"LineString","coordinates":[[-78.9406202,43.8700474],[-78.9405193,43.8698059]]},"properties":{"kind":"distribution","tier":"primary_lateral","placement":"underground","from":"electric-T-114","to":"electric-J-27","lengthM":28.07,"voltageKV":13.8,"phases":1,"phase":"A","feeder":"F1-01","feederId":"F1-01","designRole":"lateral","conductor":"1/0 AL 15 kV XLPE","capacityKVA":1394.3,"designKVA":39.3,"customers":12,"roadEdge":33,"rOhmKm":0.641,"xOhmKm":0.14}},{"type":"Feature","id":"electric-E42","geometry":{"type":"LineString","coordinates":[[-78.9399195,43.8714006],[-78.9399971,43.8714019],[-78.9400052,43.8714233],[-78.9400232,43.8714609],[-78.9401259,43.8716946]]},"properties":{"kind":"distribution","tier":"primary_lateral","placement":"underground","from":"electric-J-31","to":"electric-T-120","lengthM":40.42,"voltageKV":13.8,"phases":1,"phase":"C","feeder":"F1-01","feederId":"F1-01","designRole":"lateral","conductor":"1/0 AL 15 kV XLPE","capacityKVA":1394.3,"designKVA":43.5,"customers":11,"roadEdge":39,"rOhmKm":0.641,"xOhmKm":0.14}},{"type":"Feature","id":"electric-E43","geometry":{"type":"LineString","coordinates":[[-78.9399195,43.8714006],[-78.9399425,43.8712684],[-78.9399286,43.8712373],[-78.9397656,43.8708514]]},"properties":{"kind":"distribution","tier":"primary_lateral","placement":"underground","from":"electric-J-31","to":"electric-T-130","lengthM":63.38,"voltageKV":13.8,"phases":1,"phase":"C","feeder":"F1-01","feederId":"F1-01","designRole":"lateral","conductor":"1/0 AL 15 kV XLPE","capacityKVA":1394.3,"designKVA":51.0,"customers":12,"roadEdge":42,"rOhmKm":0.641,"xOhmKm":0.14}},{"type":"Feature","id":"electric-E44","geometry":{"type":"LineString","coordinates":[[-78.9399195,43.8714006],[-78.9398254,43.8714219],[-78.9394714,43.8715017],[-78.9392014,43.8715612]]},"properties":{"kind":"distribution","tier":"primary_main","placement":"underground","from":"electric-J-31","to":"electric-T-132","lengthM":60.34,"voltageKV":13.8,"phases":3,"phase":"ABC","feeder":"F1-01","feederId":"F1-01","designRole":"trunk","corridorId":"C-007","conductor":"1/0 AL 15 kV XLPE","capacityKVA":4182.9,"designKVA":554.8,"customers":184,"roadEdge":43,"rOhmKm":0.641,"xOhmKm":0.14,"switch":"sectionalising","switchId":"SW-F1-01-02"}},{"type":"Feature","id":"electric-E45","geometry":{"type":"LineString","coordinates":[[-78.9400315,43.8685167],[-78.9399586,43.8685385],[-78.9399995,43.868631]]},"properties":{"kind":"distribution","tier":"primary_lateral","placement":"underground","from":"electric-J-30","to":"electric-T-119","lengthM":17.14,"voltageKV":13.8,"phases":1,"phase":"B","feeder":"F1-01","feederId":"F1-01","designRole":"lateral","conductor":"1/0 AL 15 kV XLPE","capacityKVA":1394.3,"designKVA":4.4,"customers":1,"roadEdge":38,"rOhmKm":0.641,"xOhmKm":0.14}},{"type":"Feature","id":"electric-E46","geometry":{"type":"LineString","coordinates":[[-78.9400315,43.8685167],[-78.9399324,43.8680854],[-78.939883,43.8679717]]},"properties":{"kind":"distribution","tier":"primary_lateral","placement":"overhead","from":"electric-J-30","to":"electric-T-122","lengthM":61.93,"voltageKV":13.8,"phases":1,"phase":"B","feeder":"F1-01","feederId":"F1-01","designRole":"lateral","conductor":"#2 ACSR","capacityKVA":1434.1,"designKVA":46.1,"customers":15,"roadEdge":41,"rOhmKm":1.05,"xOhmKm":0.435}},{"type":"Feature","id":"electric-E47","geometry":{"type":"LineString","coordinates":[[-78.9405193,43.8698059],[-78.9404993,43.8697604],[-78.9404517,43.8696531]]},"properties":{"kind":"distribution","tier":"primary_lateral","placement":"underground","from":"electric-J-27","to":"electric-T-116","lengthM":17.86,"voltageKV":13.8,"phases":1,"phase":"A","feeder":"F1-01","feederId":"F1-01","designRole":"lateral","conductor":"1/0 AL 15 kV XLPE","capacityKVA":1394.3,"designKVA":39.3,"customers":12,"roadEdge":36,"rOhmKm":0.641,"xOhmKm":0.14}},{"type":"Feature","id":"electric-E48","geometry":{"type":"LineString","coordinates":[[-78.9401259,43.8716946],[-78.9403649,43.8722383],[-78.940406,43.8723465]]},"properties":{"kind":"distribution","tier":"primary_lateral","placement":"underground","from":"electric-T-120","to":"electric-J-29","lengthM":75.98,"voltageKV":13.8,"phases":1,"phase":"C","feeder":"F1-01","feederId":"F1-01","designRole":"lateral","conductor":"1/0 AL 15 kV XLPE","capacityKVA":1394.3,"designKVA":11.4,"customers":3,"roadEdge":39,"rOhmKm":0.641,"xOhmKm":0.14}},{"type":"Feature","id":"electric-E49","geometry":{"type":"LineString","coordinates":[[-78.9397656,43.8708514],[-78.939527,43.870287]]},"properties":{"kind":"distribution","tier":"primary_lateral","placement":"underground","from":"electric-T-130","to":"electric-T-131","lengthM":65.68,"voltageKV":13.8,"phases":1,"phase":"C","feeder":"F1-01","feederId":"F1-01","designRole":"lateral","conductor":"1/0 AL 15 kV XLPE","capacityKVA":1394.3,"designKVA":6.1,"customers":2,"roadEdge":42,"rOhmKm":0.641,"xOhmKm":0.14}},{"type":"Feature","id":"electric-E50","geometry":{"type":"LineString","coordinates":[[-78.9392014,43.8715612],[-78.9391803,43.8715659]]},"properties":{"kind":"distribution","tier":"primary_main","placement":"underground","from":"electric-T-132","to":"electric-T-204","lengthM":1.77,"voltageKV":13.8,"phases":3,"phase":"ABC","feeder":"F1-01","feederId":"F1-01","designRole":"trunk","corridorId":"C-007","conductor":"1/0 AL 15 kV XLPE","capacityKVA":4182.9,"designKVA":546.6,"customers":182,"roadEdge":43,"rOhmKm":0.641,"xOhmKm":0.14}},{"type":"Feature","id":"electric-E51","geometry":{"type":"LineString","coordinates":[[-78.939883,43.8679717],[-78.9398456,43.8678853]]},"properties":{"kind":"distribution","tier":"primary_lateral","placement":"overhead","from":"electric-T-122","to":"electric-T-123","lengthM":10.07,"voltageKV":13.8,"phases":1,"phase":"B","feeder":"F1-01","feederId":"F1-01","designRole":"lateral","conductor":"#2 ACSR","capacityKVA":1434.1,"designKVA":44.4,"customers":14,"roadEdge":41,"rOhmKm":1.05,"xOhmKm":0.435}},{"type":"Feature","id":"electric-E52","geometry":{"type":"LineString","coordinates":[[-78.9404517,43.8696531],[-78.9403836,43.8694996]]},"properties":{"kind":"distribution","tier":"primary_lateral","placement":"underground","from":"electric-T-116","to":"electric-J-28","lengthM":17.93,"voltageKV":13.8,"phases":1,"phase":"A","feeder":"F1-01","feederId":"F1-01","designRole":"lateral","conductor":"1/0 AL 15 kV XLPE","capacityKVA":1394.3,"designKVA":37.0,"customers":11,"roadEdge":36,"rOhmKm":0.641,"xOhmKm":0.14}},{"type":"Feature","id":"electric-E53","geometry":{"type":"LineString","coordinates":[[-78.940406,43.8723465],[-78.9404562,43.8723938],[-78.9404874,43.8723875],[-78.9407691,43.872325]]},"properties":{"kind":"distribution","tier":"primary_lateral","placement":"underground","from":"electric-J-29","to":"electric-T-109","lengthM":32.88,"voltageKV":13.8,"phases":1,"phase":"C","feeder":"F1-01","feederId":"F1-01","designRole":"lateral","conductor":"1/0 AL 15 kV XLPE","capacityKVA":1394.3,"designKVA":11.4,"customers":3,"roadEdge":29,"rOhmKm":0.641,"xOhmKm":0.14}},{"type":"Feature","id":"electric-E54","geometry":{"type":"LineString","coordinates":[[-78.9391803,43.8715659],[-78.9391564,43.8715711],[-78.9388202,43.8716504],[-78.9386772,43.8716876]]},"properties":{"kind":"distribution","tier":"primary_main","placement":"underground","from":"electric-T-204","to":"electric-J-36","lengthM":42.59,"voltageKV":13.8,"phases":3,"phase":"ABC","feeder":"F1-01","feederId":"F1-01","designRole":"trunk","corridorId":"C-007","conductor":"1/0 AL 15 kV XLPE","capacityKVA":4182.9,"designKVA":528.4,"customers":180,"roadEdge":43,"rOhmKm":0.641,"xOhmKm":0.14}},{"type":"Feature","id":"electric-E55","geometry":{"type":"LineString","coordinates":[[-78.9398456,43.8678853],[-78.9397092,43.8675707]]},"properties":{"kind":"distribution","tier":"primary_lateral","placement":"overhead","from":"electric-T-123","to":"electric-T-124","lengthM":36.69,"voltageKV":13.8,"phases":1,"phase":"B","feeder":"F1-01","feederId":"F1-01","designRole":"lateral","conductor":"#2 ACSR","capacityKVA":1434.1,"designKVA":39.3,"customers":12,"roadEdge":41,"rOhmKm":1.05,"xOhmKm":0.435}},{"type":"Feature","id":"electric-E56","geometry":{"type":"LineString","coordinates":[[-78.9403836,43.8694996],[-78.9405618,43.8695188],[-78.9405926,43.8695123],[-78.9408254,43.8694617]]},"properties":{"kind":"distribution","tier":"primary_lateral","placement":"underground","from":"electric-J-28","to":"electric-T-107","lengthM":36.55,"voltageKV":13.8,"phases":1,"phase":"A","feeder":"F1-01","feederId":"F1-01","designRole":"lateral","conductor":"1/0 AL 15 kV XLPE","capacityKVA":1394.3,"designKVA":22.2,"customers":4,"roadEdge":27,"rOhmKm":0.641,"xOhmKm":0.14}},{"type":"Feature","id":"electric-E57","geometry":{"type":"LineString","coordinates":[[-78.9403836,43.8694996],[-78.9401893,43.8690603]]},"properties":{"kind":"distribution","tier":"primary_lateral","placement":"underground","from":"electric-J-28","to":"electric-T-118","lengthM":51.33,"voltageKV":13.8,"phases":1,"phase":"A","feeder":"F1-01","feederId":"F1-01","designRole":"lateral","conductor":"1/0 AL 15 kV XLPE","capacityKVA":1394.3,"designKVA":21.1,"customers":7,"roadEdge":38,"rOhmKm":0.641,"xOhmKm":0.14}},{"type":"Feature","id":"electric-E58","geometry":{"type":"LineString","coordinates":[[-78.9386772,43.8716876],[-78.9385685,43.8717177],[-78.9381682,43.8718049]]},"properties":{"kind":"distribution","tier":"primary_main","placement":"underground","from":"electric-J-36","to":"electric-T-139","lengthM":42.9,"voltageKV":13.8,"phases":3,"phase":"ABC","feeder":"F1-01","feederId":"F1-01","designRole":"trunk","corridorId":"C-007","conductor":"1/0 AL 15 kV XLPE","capacityKVA":4182.9,"designKVA":469.3,"customers":174,"roadEdge":51,"rOhmKm":0.641,"xOhmKm":0.14}},{"type":"Feature","id":"electric-E59","geometry":{"type":"LineString","coordinates":[[-78.9386772,43.8716876],[-78.938621,43.8717519],[-78.9387705,43.872097]]},"properties":{"kind":"distribution","tier":"primary_main","placement":"underground","from":"electric-J-36","to":"electric-T-206","lengthM":48.71,"voltageKV":13.8,"phases":3,"phase":"ABC","feeder":"F1-01","feederId":"F1-01","designRole":"lateral","corridorId":"C-001","conductor":"1/0 AL 15 kV XLPE","capacityKVA":4182.9,"designKVA":95.6,"customers":6,"roadEdge":45,"rOhmKm":0.641,"xOhmKm":0.14}},{"type":"Feature","id":"electric-E60","geometry":{"type":"LineString","coordinates":[[-78.9397092,43.8675707],[-78.9396153,43.8673543],[-78.9395055,43.8671012]]},"properties":{"kind":"distribution","tier":"primary_lateral","placement":"overhead","from":"electric-T-124","to":"electric-T-125","lengthM":54.76,"voltageKV":13.8,"phases":1,"phase":"B","feeder":"F1-01","feederId":"F1-01","designRole":"lateral","conductor":"#2 ACSR","capacityKVA":1434.1,"designKVA":20.6,"customers":6,"roadEdge":41,"rOhmKm":1.05,"xOhmKm":0.435}},{"type":"Feature","id":"electric-E61","geometry":{"type":"LineString","coordinates":[[-78.9381682,43.8718049],[-78.9381551,43.8718078]]},"properties":{"kind":"distribution","tier":"primary_main","placement":"underground","from":"electric-T-139","to":"electric-T-209","lengthM":1.1,"voltageKV":13.8,"phases":3,"phase":"ABC","feeder":"F1-01","feederId":"F1-01","designRole":"trunk","corridorId":"C-007","conductor":"1/0 AL 15 kV XLPE","capacityKVA":4182.9,"designKVA":461.3,"customers":172,"roadEdge":51,"rOhmKm":0.641,"xOhmKm":0.14}},{"type":"Feature","id":"electric-E62","geometry":{"type":"LineString","coordinates":[[-78.9387705,43.872097],[-78.9388328,43.8722407]]},"properties":{"kind":"distribution","tier":"primary_main","placement":"underground","from":"electric-T-206","to":"electric-T-205","lengthM":16.77,"voltageKV":13.8,"phases":3,"phase":"ABC","feeder":"F1-01","feederId":"F1-01","designRole":"lateral","corridorId":"C-001","conductor":"1/0 AL 15 kV XLPE","capacityKVA":4182.9,"designKVA":75.4,"customers":4,"roadEdge":45,"rOhmKm":0.641,"xOhmKm":0.14}},{"type":"Feature","id":"electric-E63","geometry":{"type":"LineString","coordinates":[[-78.9381551,43.8718078],[-78.9380999,43.8718198],[-78.9375505,43.8719439],[-78.9374483,43.8719631]]},"properties":{"kind":"distribution","tier":"primary_main","placement":"underground","from":"electric-T-209","to":"electric-J-42","lengthM":59.3,"voltageKV":13.8,"phases":3,"phase":"ABC","feeder":"F1-01","feederId":"F1-01","designRole":"trunk","corridorId":"C-007","conductor":"1/0 AL 15 kV XLPE","capacityKVA":4182.9,"designKVA":443.5,"customers":170,"roadEdge":51,"rOhmKm":0.641,"xOhmKm":0.14}},{"type":"Feature","id":"electric-E64","geometry":{"type":"LineString","coordinates":[[-78.9388328,43.8722407],[-78.939042,43.8727234],[-78.9391072,43.8728731],[-78.9391968,43.8730781],[-78.9392276,43.8731489],[-78.9394381,43.8736198],[-78.9394701,43.8736914]]},"properties":{"kind":"distribution","tier":"primary_main","placement":"underground","from":"electric-T-205","to":"electric-J-33","lengthM":169.4,"voltageKV":13.8,"phases":3,"phase":"ABC","feeder":"F1-01","feederId":"F1-01","designRole":"lateral","corridorId":"C-001","conductor":"1/0 AL 15 kV XLPE","capacityKVA":4182.9,"designKVA":41.1,"customers":1,"roadEdge":45,"rOhmKm":0.641,"xOhmKm":0.14}},{"type":"Feature","id":"electric-E65","geometry":{"type":"LineString","coordinates":[[-78.9374483,43.8719631],[-78.937394,43.8719956],[-78.937426,43.8720742]]},"properties":{"kind":"distribution","tier":"primary_lateral","placement":"underground","from":"electric-J-42","to":"electric-T-141","lengthM":14.78,"voltageKV":13.8,"phases":1,"phase":"B","feeder":"F1-01","feederId":"F1-01","designRole":"lateral","conductor":"1/0 AL 15 kV XLPE","capacityKVA":1394.3,"designKVA":38.4,"customers":12,"roadEdge":52,"rOhmKm":0.641,"xOhmKm":0.14}},{"type":"Feature","id":"electric-E66","geometry":{"type":"LineString","coordinates":[[-78.9374483,43.8719631],[-78.9373314,43.8718684],[-78.9371782,43.8715188]]},"properties":{"kind":"distribution","tier":"primary_lateral","placement":"underground","from":"electric-J-42","to":"electric-T-150","lengthM":54.92,"voltageKV":13.8,"phases":1,"phase":"A","feeder":"F1-01","feederId":"F1-01","designRole":"lateral","conductor":"1/0 AL 15 kV XLPE","capacityKVA":1394.3,"designKVA":52.3,"customers":14,"roadEdge":59,"rOhmKm":0.641,"xOhmKm":0.14}},{"type":"Feature","id":"electric-E67","geometry":{"type":"LineString","coordinates":[[-78.9374483,43.8719631],[-78.9373505,43.8719849],[-78.9368337,43.8720999]]},"properties":{"kind":"distribution","tier":"primary_main","placement":"underground","from":"electric-J-42","to":"electric-T-151","lengthM":51.62,"voltageKV":13.8,"phases":3,"phase":"ABC","feeder":"F1-01","feederId":"F1-01","designRole":"trunk","corridorId":"C-007","conductor":"1/0 AL 15 kV XLPE","capacityKVA":4182.9,"designKVA":380.7,"customers":144,"roadEdge":60,"rOhmKm":0.641,"xOhmKm":0.14}},{"type":"Feature","id":"electric-E68","geometry":{"type":"LineString","coordinates":[[-78.9394701,43.8736914],[-78.9395014,43.8737636],[-78.9396552,43.8741172]]},"properties":{"kind":"distribution","tier":"primary_main","placement":"underground","from":"electric-J-33","to":"electric-T-252","lengthM":49.67,"voltageKV":13.8,"phases":3,"phase":"ABC","feeder":"F1-01","feederId":"F1-01","designRole":"lateral","corridorId":"C-001","conductor":"1/0 AL 15 kV XLPE","capacityKVA":4182.9,"designKVA":41.1,"customers":1,"roadEdge":44,"rOhmKm":0.641,"xOhmKm":0.14}},{"type":"Feature","id":"electric-E69","geometry":{"type":"LineString","coordinates":[[-78.937426,43.8720742],[-78.937448,43.8721281],[-78.9376145,43.8725186]]},"properties":{"kind":"distribution","tier":"primary_lateral","placement":"underground","from":"electric-T-141","to":"electric-T-140","lengthM":51.73,"voltageKV":13.8,"phases":1,"phase":"B","feeder":"F1-01","feederId":"F1-01","designRole":"lateral","conductor":"1/0 AL 15 kV XLPE","capacityKVA":1394.3,"designKVA":34.4,"customers":10,"roadEdge":52,"rOhmKm":0.641,"xOhmKm":0.14}},{"type":"Feature","id":"electric-E70","geometry":{"type":"LineString","coordinates":[[-78.9371782,43.8715188],[-78.936958,43.8710161],[-78.9369251,43.8709413]]},"properties":{"kind":"distribution","tier":"primary_lateral","placement":"underground","from":"electric-T-150","to":"electric-J-46","lengthM":67.43,"voltageKV":13.8,"phases":1,"phase":"A","feeder":"F1-01","feederId":"F1-01","designRole":"lateral","conductor":"1/0 AL 15 kV XLPE","capacityKVA":1394.3,"designKVA":28.7,"customers":6,"roadEdge":59,"rOhmKm":0.641,"xOhmKm":0.14}},{"type":"Feature","id":"electric-E71","geometry":{"type":"LineString","coordinates":[[-78.9368337,43.8720999],[-78.9363328,43.8722114],[-78.9362354,43.8722359]]},"properties":{"kind":"distribution","tier":"primary_main","placement":"underground","from":"electric-T-151","to":"electric-J-52","lengthM":50.35,"voltageKV":13.8,"phases":3,"phase":"ABC","feeder":"F1-01","feederId":"F1-01","designRole":"trunk","corridorId":"C-007","conductor":"1/0 AL 15 kV XLPE","capacityKVA":4182.9,"designKVA":377.4,"customers":142,"roadEdge":60,"rOhmKm":0.641,"xOhmKm":0.14}},{"type":"Feature","id":"electric-E72","geometry":{"type":"LineString","coordinates":[[-78.9369251,43.8709413],[-78.9367322,43.870509]]},"properties":{"kind":"distribution","tier":"primary_lateral","placement":"underground","from":"electric-J-46","to":"electric-T-155","lengthM":50.54,"voltageKV":13.8,"phases":1,"phase":"A","feeder":"F1-01","feederId":"F1-01","designRole":"lateral","conductor":"1/0 AL 15 kV XLPE","capacityKVA":1394.3,"designKVA":28.7,"customers":6,"roadEdge":66,"rOhmKm":0.641,"xOhmKm":0.14}},{"type":"Feature","id":"electric-E73","geometry":{"type":"LineString","coordinates":[[-78.9362354,43.8722359],[-78.9363149,43.8722364],[-78.9363494,43.8723161]]},"properties":{"kind":"distribution","tier":"primary_lateral","placement":"underground","from":"electric-J-52","to":"electric-T-154","lengthM":15.67,"voltageKV":13.8,"phases":1,"phase":"C","feeder":"F1-01","feederId":"F1-01","designRole":"lateral","conductor":"1/0 AL 15 kV XLPE","capacityKVA":1394.3,"designKVA":50.7,"customers":12,"roadEdge":63,"rOhmKm":0.641,"xOhmKm":0.14}},{"type":"Feature","id":"electric-E74","geometry":{"type":"LineString","coordinates":[[-78.9362354,43.8722359],[-78.9362509,43.8720994],[-78.9361007,43.8717543]]},"properties":{"kind":"distribution","tier":"primary_lateral","placement":"underground","from":"electric-J-52","to":"electric-T-160","lengthM":55.51,"voltageKV":13.8,"phases":1,"phase":"B","feeder":"F1-01","feederId":"F1-01","designRole":"lateral","conductor":"4/0 AL 15 kV XLPE","capacityKVA":2031.7,"designKVA":104.6,"customers":35,"roadEdge":78,"rOhmKm":0.32,"xOhmKm":0.13}},{"type":"Feature","id":"electric-E75","geometry":{"type":"LineString","coordinates":[[-78.9362354,43.8722359],[-78.9361382,43.8722538],[-78.9351567,43.8724717]]},"properties":{"kind":"distribution","tier":"primary_main","placement":"underground","from":"electric-J-52","to":"electric-T-161","lengthM":90.46,"voltageKV":13.8,"phases":3,"phase":"ABC","feeder":"F1-01","feederId":"F1-01","designRole":"trunk","corridorId":"C-007","conductor":"1/0 AL 15 kV XLPE","capacityKVA":4182.9,"designKVA":256.9,"customers":95,"roadEdge":79,"rOhmKm":0.641,"xOhmKm":0.14,"switch":"sectionalising","switchId":"SW-F1-01-03"}},{"type":"Feature","id":"electric-E76","geometry":{"type":"LineString","coordinates":[[-78.9363494,43.8723161],[-78.9365401,43.8727554]]},"properties":{"kind":"distribution","tier":"primary_lateral","placement":"underground","from":"electric-T-154","to":"electric-T-153","lengthM":51.24,"voltageKV":13.8,"phases":1,"phase":"C","feeder":"F1-01","feederId":"F1-01","designRole":"lateral","conductor":"1/0 AL 15 kV XLPE","capacityKVA":1394.3,"designKVA":43.9,"customers":10,"roadEdge":63,"rOhmKm":0.641,"xOhmKm":0.14}},{"type":"Feature","id":"electric-E77","geometry":{"type":"LineString","coordinates":[[-78.9361007,43.8717543],[-78.9358827,43.8712532],[-78.9358667,43.8712166],[-78.9358521,43.8711831]]},"properties":{"kind":"distribution","tier":"primary_lateral","placement":"underground","from":"electric-T-160","to":"electric-J-56","lengthM":66.64,"voltageKV":13.8,"phases":1,"phase":"B","feeder":"F1-01","feederId":"F1-01","designRole":"lateral","conductor":"4/0 AL 15 kV XLPE","capacityKVA":2031.7,"designKVA":85.6,"customers":27,"roadEdge":78,"rOhmKm":0.32,"xOhmKm":0.13}},{"type":"Feature","id":"electric-E78","geometry":{"type":"LineString","coordinates":[[-78.9351567,43.8724717],[-78.9349151,43.8725253],[-78.9344904,43.8726195]]},"properties":{"kind":"distribution","tier":"primary_main","placement":"underground","from":"electric-T-161","to":"electric-T-162","lengthM":55.94,"voltageKV":13.8,"phases":3,"phase":"ABC","feeder":"F1-01","feederId":"F1-01","designRole":"trunk","corridorId":"C-007","conductor":"1/0 AL 15 kV XLPE","capacityKVA":4182.9,"designKVA":235.4,"customers":86,"roadEdge":79,"rOhmKm":0.641,"xOhmKm":0.14}},{"type":"Feature","id":"electric-E79","geometry":{"type":"LineString","coordinates":[[-78.9358521,43.8711831],[-78.935913,43.8712321],[-78.9362139,43.8711644]]},"properties":{"kind":"distribution","tier":"primary_lateral","placement":"underground","from":"electric-J-56","to":"electric-T-156","lengthM":32.62,"voltageKV":13.8,"phases":1,"phase":"B","feeder":"F1-01","feederId":"F1-01","designRole":"lateral","conductor":"1/0 AL 15 kV XLPE","capacityKVA":1394.3,"designKVA":20.1,"customers":6,"roadEdge":67,"rOhmKm":0.641,"xOhmKm":0.14}},{"type":"Feature","id":"electric-E80","geometry":{"type":"LineString","coordinates":[[-78.9358521,43.8711831],[-78.9356606,43.8707481]]},"properties":{"kind":"distribution","tier":"primary_lateral","placement":"underground","from":"electric-J-56","to":"electric-T-176","lengthM":50.8,"voltageKV":13.8,"phases":1,"phase":"B","feeder":"F1-01","feederId":"F1-01","designRole":"lateral","conductor":"4/0 AL 15 kV XLPE","capacityKVA":2031.7,"designKVA":72.9,"customers":21,"roadEdge":81,"rOhmKm":0.32,"xOhmKm":0.13}},{"type":"Feature","id":"electric-E81","geometry":{"type":"LineString","coordinates":[[-78.9344904,43.8726195],[-78.934283,43.8726655]]},"properties":{"kind":"distribution","tier":"primary_main","placement":"underground","from":"electric-T-162","to":"electric-J-64","lengthM":17.42,"voltageKV":13.8,"phases":3,"phase":"ABC","feeder":"F1-01","feederId":"F1-01","designRole":"trunk","corridorId":"C-007","conductor":"1/0 AL 15 kV XLPE","capacityKVA":4182.9,"designKVA":233.3,"customers":85,"roadEdge":79,"rOhmKm":0.641,"xOhmKm":0.14}},{"type":"Feature","id":"electric-E82","geometry":{"type":"LineString","coordinates":[[-78.9356606,43.8707481],[-78.9354727,43.8703214]]},"properties":{"kind":"distribution","tier":"primary_lateral","placement":"underground","from":"electric-T-176","to":"electric-J-58","lengthM":49.84,"voltageKV":13.8,"phases":1,"phase":"B","feeder":"F1-01","feederId":"F1-01","designRole":"lateral","conductor":"4/0 AL 15 kV XLPE","capacityKVA":2031.7,"designKVA":54.2,"customers":15,"roadEdge":81,"rOhmKm":0.32,"xOhmKm":0.13}},{"type":"Feature","id":"electric-E83","geometry":{"type":"LineString","coordinates":[[-78.934283,43.8726655],[-78.9343024,43.8725304],[-78.9342682,43.8724491],[-78.9341528,43.8721826]]},"properties":{"kind":"distribution","tier":"primary_lateral","placement":"underground","from":"electric-J-64","to":"electric-T-182","lengthM":55.66,"voltageKV":13.8,"phases":1,"phase":"A","feeder":"F1-01","feederId":"F1-01","designRole":"lateral","conductor":"1/0 AL 15 kV XLPE","capacityKVA":1394.3,"designKVA":72.3,"customers":23,"roadEdge":89,"rOhmKm":0.641,"xOhmKm":0.14}},{"type":"Feature","id":"electric-E84","geometry":{"type":"LineString","coordinates":[[-78.934283,43.8726655],[-78.9334632,43.8728475]]},"properties":{"kind":"distribution","tier":"primary_main","placement":"underground","from":"electric-J-64","to":"electric-T-183","lengthM":68.83,"voltageKV":13.8,"phases":3,"phase":"ABC","feeder":"F1-01","feederId":"F1-01","designRole":"trunk","corridorId":"C-007","conductor":"1/0 AL 15 kV XLPE","capacityKVA":4182.9,"designKVA":176.6,"customers":62,"roadEdge":90,"rOhmKm":0.641,"xOhmKm":0.14}},{"type":"Feature","id":"electric-E85","geometry":{"type":"LineString","coordinates":[[-78.9354727,43.8703214],[-78.935281,43.8702678],[-78.9351776,43.8700344]]},"properties":{"kind":"distribution","tier":"primary_lateral","placement":"overhead","from":"electric-J-58","to":"electric-T-175","lengthM":43.78,"voltageKV":13.8,"phases":1,"phase":"B","feeder":"F1-01","feederId":"F1-01","designRole":"lateral","conductor":"#2 ACSR","capacityKVA":1434.1,"designKVA":40.9,"customers":8,"roadEdge":80,"rOhmKm":1.05,"xOhmKm":0.435}},{"type":"Feature","id":"electric-E86","geometry":{"type":"LineString","coordinates":[[-78.9354727,43.8703214],[-78.9353214,43.8704118],[-78.9352946,43.8704173],[-78.9346405,43.8705461],[-78.9344957,43.870551],[-78.9343662,43.8705344],[-78.9342461,43.8705008],[-78.934226,43.8704923]]},"properties":{"kind":"distribution","tier":"primary_lateral","placement":"underground","from":"electric-J-58","to":"electric-T-177","lengthM":106.81,"voltageKV":13.8,"phases":1,"phase":"B","feeder":"F1-01","feederId":"F1-01","designRole":"lateral","conductor":"1/0 AL 15 kV XLPE","capacityKVA":1394.3,"designKVA":20.8,"customers":7,"roadEdge":84,"rOhmKm":0.641,"xOhmKm":0.14}},{"type":"Feature","id":"electric-E87","geometry":{"type":"LineString","coordinates":[[-78.9341528,43.8721826],[-78.9339001,43.871599]]},"properties":{"kind":"distribution","tier":"primary_lateral","placement":"underground","from":"electric-T-182","to":"electric-J-65","lengthM":68.06,"voltageKV":13.8,"phases":1,"phase":"A","feeder":"F1-01","feederId":"F1-01","designRole":"lateral","conductor":"1/0 AL 15 kV XLPE","capacityKVA":1394.3,"designKVA":46.4,"customers":15,"roadEdge":89,"rOhmKm":0.641,"xOhmKm":0.14}},{"type":"Feature","id":"electric-E88","geometry":{"type":"LineString","coordinates":[[-78.9334632,43.8728475],[-78.9324443,43.8730737]]},"properties":{"kind":"distribution","tier":"primary_main","placement":"underground","from":"electric-T-183","to":"electric-J-67","lengthM":85.55,"voltageKV":13.8,"phases":3,"phase":"ABC","feeder":"F1-01","feederId":"F1-01","designRole":"trunk","corridorId":"C-007","conductor":"1/0 AL 15 kV XLPE","capacityKVA":4182.9,"designKVA":163.4,"customers":57,"roadEdge":90,"rOhmKm":0.641,"xOhmKm":0.14}},{"type":"Feature","id":"electric-E89","geometry":{"type":"LineString","coordinates":[[-78.9351776,43.8700344],[-78.9351039,43.869868]]},"properties":{"kind":"distribution","tier":"primary_lateral","placement":"overhead","from":"electric-T-175","to":"electric-T-174","lengthM":19.44,"voltageKV":13.8,"phases":1,"phase":"B","feeder":"F1-01","feederId":"F1-01","designRole":"lateral","conductor":"#2 ACSR","capacityKVA":1434.1,"designKVA":22.2,"customers":5,"roadEdge":80,"rOhmKm":1.05,"xOhmKm":0.435}},{"type":"Feature","id":"electric-E90","geometry":{"type":"LineString","coordinates":[[-78.9339001,43.871599],[-78.9338833,43.8715606],[-78.9338318,43.8714429]]},"properties":{"kind":"distribution","tier":"primary_lateral","placement":"underground","from":"electric-J-65","to":"electric-T-179","lengthM":18.22,"voltageKV":13.8,"phases":1,"phase":"A","feeder":"F1-01","feederId":"F1-01","designRole":"lateral","conductor":"1/0 AL 15 kV XLPE","capacityKVA":1394.3,"designKVA":42.0,"customers":13,"roadEdge":84,"rOhmKm":0.641,"xOhmKm":0.14}},{"type":"Feature","id":"electric-E91","geometry":{"type":"LineString","coordinates":[[-78.9339001,43.871599],[-78.9339544,43.8716459],[-78.9340119,43.8716331],[-78.9341922,43.8715903]]},"properties":{"kind":"distribution","tier":"primary_lateral","placement":"underground","from":"electric-J-65","to":"electric-T-181","lengthM":26.86,"voltageKV":13.8,"phases":1,"phase":"A","feeder":"F1-01","feederId":"F1-01","designRole":"lateral","conductor":"1/0 AL 15 kV XLPE","capacityKVA":1394.3,"designKVA":8.6,"customers":2,"roadEdge":88,"rOhmKm":0.641,"xOhmKm":0.14}},{"type":"Feature","id":"electric-E92","geometry":{"type":"LineString","coordinates":[[-78.9324443,43.8730737],[-78.932318,43.8729603],[-78.9322909,43.8728899],[-78.9321362,43.872549],[-78.9321033,43.8724767]]},"properties":{"kind":"distribution","tier":"primary_lateral","placement":"underground","from":"electric-J-67","to":"electric-J-68","lengthM":72.72,"voltageKV":13.8,"phases":1,"phase":"C","feeder":"F1-01","feederId":"F1-01","designRole":"lateral","conductor":"1/0 AL 15 kV XLPE","capacityKVA":1394.3,"designKVA":163.4,"customers":57,"roadEdge":92,"rOhmKm":0.641,"xOhmKm":0.14}},{"type":"Feature","id":"electric-E93","geometry":{"type":"LineString","coordinates":[[-78.9351039,43.869868],[-78.9350353,43.8697132]]},"properties":{"kind":"distribution","tier":"primary_lateral","placement":"overhead","from":"electric-T-174","to":"electric-T-173","lengthM":18.09,"voltageKV":13.8,"phases":1,"phase":"B","feeder":"F1-01","feederId":"F1-01","designRole":"lateral","conductor":"#2 ACSR","capacityKVA":1434.1,"designKVA":19.8,"customers":4,"roadEdge":80,"rOhmKm":1.05,"xOhmKm":0.435}},{"type":"Feature","id":"electric-E94","geometry":{"type":"LineString","coordinates":[[-78.9338318,43.8714429],[-78.9336123,43.8709421]]},"properties":{"kind":"distribution","tier":"primary_lateral","placement":"underground","from":"electric-T-179","to":"electric-T-178","lengthM":58.47,"voltageKV":13.8,"phases":1,"phase":"A","feeder":"F1-01","feederId":"F1-01","designRole":"lateral","conductor":"1/0 AL 15 kV XLPE","capacityKVA":1394.3,"designKVA":37.6,"customers":10,"roadEdge":84,"rOhmKm":0.641,"xOhmKm":0.14}},{"type":"Feature","id":"electric-E95","geometry":{"type":"LineString","coordinates":[[-78.9321033,43.8724767],[-78.9318186,43.871827]]},"properties":{"kind":"distribution","tier":"primary_lateral","placement":"underground","from":"electric-J-68","to":"electric-T-184","lengthM":75.85,"voltageKV":13.8,"phases":1,"phase":"C","feeder":"F1-01","feederId":"F1-01","designRole":"lateral","conductor":"1/0 AL 15 kV XLPE","capacityKVA":1394.3,"designKVA":92.9,"customers":30,"roadEdge":94,"rOhmKm":0.641,"xOhmKm":0.14}},{"type":"Feature","id":"electric-E96","geometry":{"type":"LineString","coordinates":[[-78.9321033,43.8724767],[-78.9322613,43.8723854],[-78.9322893,43.8723788],[-78.9329567,43.8722251],[-78.9330542,43.8721797],[-78.9330765,43.8721024],[-78.933001,43.8719319]]},"properties":{"kind":"distribution","tier":"primary_lateral","placement":"underground","from":"electric-J-68","to":"electric-T-186","lengthM":112.87,"voltageKV":13.8,"phases":1,"phase":"C","feeder":"F1-01","feederId":"F1-01","designRole":"lateral","conductor":"1/0 AL 15 kV XLPE","capacityKVA":1394.3,"designKVA":84.8,"customers":27,"roadEdge":95,"rOhmKm":0.641,"xOhmKm":0.14}},{"type":"Feature","id":"electric-E97","geometry":{"type":"LineString","coordinates":[[-78.9350353,43.8697132],[-78.9350341,43.8697105]]},"properties":{"kind":"distribution","tier":"primary_lateral","placement":"overhead","from":"electric-T-173","to":"electric-T-172","lengthM":0.32,"voltageKV":13.8,"phases":1,"phase":"B","feeder":"F1-01","feederId":"F1-01","designRole":"lateral","conductor":"#2 ACSR","capacityKVA":1434.1,"designKVA":12.3,"customers":3,"roadEdge":80,"rOhmKm":1.05,"xOhmKm":0.435}},{"type":"Feature","id":"electric-E98","geometry":{"type":"LineString","coordinates":[[-78.9318186,43.871827],[-78.9315404,43.8711923]]},"properties":{"kind":"distribution","tier":"primary_lateral","placement":"underground","from":"electric-T-184","to":"electric-T-185","lengthM":74.09,"voltageKV":13.8,"phases":1,"phase":"C","feeder":"F1-01","feederId":"F1-01","designRole":"lateral","conductor":"1/0 AL 15 kV XLPE","capacityKVA":1394.3,"designKVA":68.7,"customers":22,"roadEdge":94,"rOhmKm":0.641,"xOhmKm":0.14}},{"type":"Feature","id":"electric-E99","geometry":{"type":"LineString","coordinates":[[-78.933001,43.8719319],[-78.9327441,43.871352]]},"properties":{"kind":"distribution","tier":"primary_lateral","placement":"underground","from":"electric-T-186","to":"electric-T-187","lengthM":67.78,"voltageKV":13.8,"phases":1,"phase":"C","feeder":"F1-01","feederId":"F1-01","designRole":"lateral","conductor":"1/0 AL 15 kV XLPE","capacityKVA":1394.3,"designKVA":67.6,"customers":20,"roadEdge":95,"rOhmKm":0.641,"xOhmKm":0.14}},{"type":"Feature","id":"electric-E100","geometry":{"type":"LineString","coordinates":[[-78.9350341,43.8697105],[-78.9349656,43.8695558]]},"properties":{"kind":"distribution","tier":"primary_lateral","placement":"overhead","from":"electric-T-172","to":"electric-T-171","lengthM":18.07,"voltageKV":13.8,"phases":1,"phase":"B","feeder":"F1-01","feederId":"F1-01","designRole":"lateral","conductor":"#2 ACSR","capacityKVA":1434.1,"designKVA":6.0,"customers":2,"roadEdge":80,"rOhmKm":1.05,"xOhmKm":0.435}},{"type":"Feature","id":"electric-E101","geometry":{"type":"LineString","coordinates":[[-78.9315404,43.8711923],[-78.9313509,43.8707597]]},"properties":{"kind":"distribution","tier":"primary_lateral","placement":"underground","from":"electric-T-185","to":"electric-J-69","lengthM":50.5,"voltageKV":13.8,"phases":1,"phase":"C","feeder":"F1-01","feederId":"F1-01","designRole":"lateral","conductor":"1/0 AL 15 kV XLPE","capacityKVA":1394.3,"designKVA":42.0,"customers":12,"roadEdge":94,"rOhmKm":0.641,"xOhmKm":0.14}},{"type":"Feature","id":"electric-E102","geometry":{"type":"LineString","coordinates":[[-78.9327441,43.871352],[-78.9324396,43.8706647],[-78.9324076,43.8705605]]},"properties":{"kind":"distribution","tier":"primary_lateral","placement":"underground","from":"electric-T-187","to":"electric-T-188","lengthM":92.2,"voltageKV":13.8,"phases":1,"phase":"C","feeder":"F1-01","feederId":"F1-01","designRole":"lateral","conductor":"1/0 AL 15 kV XLPE","capacityKVA":1394.3,"designKVA":41.2,"customers":10,"roadEdge":95,"rOhmKm":0.641,"xOhmKm":0.14}},{"type":"Feature","id":"electric-E103","geometry":{"type":"LineString","coordinates":[[-78.9349656,43.8695558],[-78.9349642,43.8695525]]},"properties":{"kind":"distribution","tier":"primary_lateral","placement":"overhead","from":"electric-T-171","to":"electric-T-170","lengthM":0.39,"voltageKV":13.8,"phases":1,"phase":"B","feeder":"F1-01","feederId":"F1-01","designRole":"lateral","conductor":"#2 ACSR","capacityKVA":1434.1,"designKVA":1.0,"customers":1,"roadEdge":80,"rOhmKm":1.05,"xOhmKm":0.435}},{"type":"Feature","id":"electric-E104","geometry":{"type":"LineString","coordinates":[[-78.9313509,43.8707597],[-78.931319,43.8706892],[-78.9312288,43.8704892],[-78.9311866,43.8703459],[-78.9311741,43.870276]]},"properties":{"kind":"distribution","tier":"primary_lateral","placement":"underground","from":"electric-J-69","to":"electric-T-192","lengthM":55.82,"voltageKV":13.8,"phases":1,"phase":"C","feeder":"F1-01","feederId":"F1-01","designRole":"lateral","conductor":"1/0 AL 15 kV XLPE","capacityKVA":1394.3,"designKVA":29.1,"customers":8,"roadEdge":96,"rOhmKm":0.641,"xOhmKm":0.14}},{"type":"Feature","id":"electric-E105","geometry":{"type":"LineString","coordinates":[[-78.9313509,43.8707597],[-78.9313552,43.870818],[-78.9313211,43.8708261],[-78.9307218,43.8709573]]},"properties":{"kind":"distribution","tier":"primary_lateral","placement":"underground","from":"electric-J-69","to":"electric-T-194","lengthM":59.64,"voltageKV":13.8,"phases":1,"phase":"C","feeder":"F1-01","feederId":"F1-01","designRole":"lateral","conductor":"1/0 AL 15 kV XLPE","capacityKVA":1394.3,"designKVA":19.2,"customers":4,"roadEdge":97,"rOhmKm":0.641,"xOhmKm":0.14}},{"type":"Feature","id":"electric-E106","geometry":{"type":"LineString","coordinates":[[-78.9440459,43.8718946],[-78.9439035,43.8715661]]},"properties":{"kind":"distribution","tier":"primary_main","placement":"underground","from":"electric-J-T255-F1-02","to":"electric-X-F1-02-9","lengthM":38.32,"voltageKV":13.8,"phases":3,"phase":"ABC","feeder":"F1-02","feederId":"F1-02","designRole":"express","corridorId":"C-002","conductor":"4/0 AL 15 kV XLPE","capacityKVA":6095.1,"designKVA":1578.1,"customers":239,"roadEdge":11,"rOhmKm":0.32,"xOhmKm":0.13}},{"type":"Feature","id":"electric-E107","geometry":{"type":"LineString","coordinates":[[-78.9439035,43.8715661],[-78.9436064,43.8709087],[-78.9435048,43.8706833],[-78.9434461,43.8705536]]},"properties":{"kind":"distribution","tier":"primary_main","placement":"underground","from":"electric-X-F1-02-9","to":"electric-X-F1-02-12","lengthM":118.54,"voltageKV":13.8,"phases":3,"phase":"ABC","feeder":"F1-02","feederId":"F1-02","designRole":"express","corridorId":"C-002","conductor":"4/0 AL 15 kV XLPE","capacityKVA":6095.1,"designKVA":1578.1,"customers":239,"roadEdge":12,"rOhmKm":0.32,"xOhmKm":0.13}},{"type":"Feature","id":"electric-E108","geometry":{"type":"LineString","coordinates":[[-78.9434461,43.8705536],[-78.9434029,43.8706378],[-78.9432124,43.8706804]]},"properties":{"kind":"distribution","tier":"primary_main","placement":"underground","from":"electric-X-F1-02-12","to":"electric-X-F1-02-99","lengthM":26.01,"voltageKV":13.8,"phases":3,"phase":"ABC","feeder":"F1-02","feederId":"F1-02","designRole":"express","corridorId":"C-007","conductor":"4/0 AL 15 kV XLPE","capacityKVA":6095.1,"designKVA":1578.1,"customers":239,"roadEdge":16,"rOhmKm":0.32,"xOhmKm":0.13}},{"type":"Feature","id":"electric-E109","geometry":{"type":"LineString","coordinates":[[-78.9432124,43.8706804],[-78.9424763,43.8708449],[-78.9423714,43.8708683]]},"properties":{"kind":"distribution","tier":"primary_main","placement":"underground","from":"electric-X-F1-02-99","to":"electric-X-F1-02-17","lengthM":70.65,"voltageKV":13.8,"phases":3,"phase":"ABC","feeder":"F1-02","feederId":"F1-02","designRole":"express","corridorId":"C-007","conductor":"4/0 AL 15 kV XLPE","capacityKVA":6095.1,"designKVA":1578.1,"customers":239,"roadEdge":16,"rOhmKm":0.32,"xOhmKm":0.13}},{"type":"Feature","id":"electric-E110","geometry":{"type":"LineString","coordinates":[[-78.9423714,43.8708683],[-78.9422683,43.8708916],[-78.9417669,43.8710026]]},"properties":{"kind":"distribution","tier":"primary_main","placement":"underground","from":"electric-X-F1-02-17","to":"electric-X-F1-02-105","lengthM":50.76,"voltageKV":13.8,"phases":3,"phase":"ABC","feeder":"F1-02","feederId":"F1-02","designRole":"express","corridorId":"C-007","conductor":"4/0 AL 15 kV XLPE","capacityKVA":6095.1,"designKVA":1578.1,"customers":239,"roadEdge":24,"rOhmKm":0.32,"xOhmKm":0.13}},{"type":"Feature","id":"electric-E111","geometry":{"type":"LineString","coordinates":[[-78.9417669,43.8710026],[-78.9412477,43.8711175],[-78.9411569,43.8711376]]},"properties":{"kind":"distribution","tier":"primary_main","placement":"underground","from":"electric-X-F1-02-105","to":"electric-X-F1-02-24","lengthM":51.21,"voltageKV":13.8,"phases":3,"phase":"ABC","feeder":"F1-02","feederId":"F1-02","designRole":"express","corridorId":"C-007","conductor":"4/0 AL 15 kV XLPE","capacityKVA":6095.1,"designKVA":1578.1,"customers":239,"roadEdge":24,"rOhmKm":0.32,"xOhmKm":0.13}},{"type":"Feature","id":"electric-E112","geometry":{"type":"LineString","coordinates":[[-78.9411569,43.8711376],[-78.9410609,43.8711592],[-78.9405366,43.8712765]]},"properties":{"kind":"distribution","tier":"primary_main","placement":"underground","from":"electric-X-F1-02-24","to":"electric-X-F1-02-115","lengthM":52.13,"voltageKV":13.8,"phases":3,"phase":"ABC","feeder":"F1-02","feederId":"F1-02","designRole":"express","corridorId":"C-007","conductor":"4/0 AL 15 kV XLPE","capacityKVA":6095.1,"designKVA":1578.1,"customers":239,"roadEdge":34,"rOhmKm":0.32,"xOhmKm":0.13}},{"type":"Feature","id":"electric-E113","geometry":{"type":"LineString","coordinates":[[-78.9405366,43.8712765],[-78.9400106,43.8713943],[-78.9399251,43.8714135]]},"properties":{"kind":"distribution","tier":"primary_main","placement":"underground","from":"electric-X-F1-02-115","to":"electric-X-F1-02-31","lengthM":51.39,"voltageKV":13.8,"phases":3,"phase":"ABC","feeder":"F1-02","feederId":"F1-02","designRole":"express","corridorId":"C-007","conductor":"4/0 AL 15 kV XLPE","capacityKVA":6095.1,"designKVA":1578.1,"customers":239,"roadEdge":34,"rOhmKm":0.32,"xOhmKm":0.13}},{"type":"Feature","id":"electric-E114","geometry":{"type":"LineString","coordinates":[[-78.9399251,43.8714135],[-78.939831,43.8714347],[-78.9394769,43.8715146],[-78.9392069,43.8715741]]},"properties":{"kind":"distribution","tier":"primary_main","placement":"underground","from":"electric-X-F1-02-31","to":"electric-X-F1-02-132","lengthM":60.34,"voltageKV":13.8,"phases":3,"phase":"ABC","feeder":"F1-02","feederId":"F1-02","designRole":"express","corridorId":"C-007","conductor":"4/0 AL 15 kV XLPE","capacityKVA":6095.1,"designKVA":1578.1,"customers":239,"roadEdge":43,"rOhmKm":0.32,"xOhmKm":0.13}},{"type":"Feature","id":"electric-E115","geometry":{"type":"LineString","coordinates":[[-78.9392069,43.8715741],[-78.9391858,43.8715788]]},"properties":{"kind":"distribution","tier":"primary_main","placement":"underground","from":"electric-X-F1-02-132","to":"electric-X-F1-02-204","lengthM":1.77,"voltageKV":13.8,"phases":3,"phase":"ABC","feeder":"F1-02","feederId":"F1-02","designRole":"express","corridorId":"C-007","conductor":"4/0 AL 15 kV XLPE","capacityKVA":6095.1,"designKVA":1578.1,"customers":239,"roadEdge":43,"rOhmKm":0.32,"xOhmKm":0.13}},{"type":"Feature","id":"electric-E116","geometry":{"type":"LineString","coordinates":[[-78.9391858,43.8715788],[-78.9391621,43.871584],[-78.9388263,43.8716631],[-78.9386836,43.8717002]]},"properties":{"kind":"distribution","tier":"primary_main","placement":"underground","from":"electric-X-F1-02-204","to":"electric-X-F1-02-36","lengthM":42.51,"voltageKV":13.8,"phases":3,"phase":"ABC","feeder":"F1-02","feederId":"F1-02","designRole":"express","corridorId":"C-007","conductor":"4/0 AL 15 kV XLPE","capacityKVA":6095.1,"designKVA":1578.1,"customers":239,"roadEdge":43,"rOhmKm":0.32,"xOhmKm":0.13}},{"type":"Feature","id":"electric-E117","geometry":{"type":"LineString","coordinates":[[-78.9386836,43.8717002],[-78.9385425,43.8715707],[-78.9383524,43.8711598]]},"properties":{"kind":"distribution","tier":"primary_main","placement":"underground","from":"electric-X-F1-02-36","to":"electric-T-207","lengthM":66.55,"voltageKV":13.8,"phases":3,"phase":"ABC","feeder":"F1-02","feederId":"F1-02","designRole":"trunk","corridorId":"C-001","conductor":"4/0 AL 15 kV XLPE","capacityKVA":6095.1,"designKVA":1578.1,"customers":239,"roadEdge":50,"rOhmKm":0.32,"xOhmKm":0.13,"switch":"sectionalising","switchId":"SW-F1-02-01"}},{"type":"Feature","id":"electric-E118","geometry":{"type":"LineString","coordinates":[[-78.9383524,43.8711598],[-78.9382819,43.8710076],[-78.9382442,43.8709145]]},"properties":{"kind":"distribution","tier":"primary_main","placement":"underground","from":"electric-T-207","to":"electric-T-208","lengthM":28.66,"voltageKV":13.8,"phases":3,"phase":"ABC","feeder":"F1-02","feederId":"F1-02","designRole":"trunk","corridorId":"C-001","conductor":"4/0 AL 15 kV XLPE","capacityKVA":6095.1,"designKVA":1554.8,"customers":236,"roadEdge":50,"rOhmKm":0.32,"xOhmKm":0.13}},{"type":"Feature","id":"electric-E119","geometry":{"type":"LineString","coordinates":[[-78.9382442,43.8709145],[-78.9382383,43.8708998],[-78.9381437,43.8706664]]},"properties":{"kind":"distribution","tier":"primary_main","placement":"underground","from":"electric-T-208","to":"electric-J-38","lengthM":28.77,"voltageKV":13.8,"phases":3,"phase":"ABC","feeder":"F1-02","feederId":"F1-02","designRole":"trunk","corridorId":"C-001","conductor":"4/0 AL 15 kV XLPE","capacityKVA":6095.1,"designKVA":1535.9,"customers":234,"roadEdge":50,"rOhmKm":0.32,"xOhmKm":0.13}},{"type":"Feature","id":"electric-E120","geometry":{"type":"LineString","coordinates":[[-78.9381437,43.8706664],[-78.9381628,43.870327]]},"properties":{"kind":"distribution","tier":"primary_main","placement":"overhead","from":"electric-J-38","to":"electric-J-39","lengthM":37.82,"voltageKV":13.8,"phases":3,"phase":"ABC","feeder":"F1-02","feederId":"F1-02","designRole":"trunk","corridorId":"C-001","conductor":"#2 ACSR","capacityKVA":4302.4,"designKVA":1520.8,"customers":226,"roadEdge":53,"rOhmKm":1.05,"xOhmKm":0.435}},{"type":"Feature","id":"electric-E121","geometry":{"type":"LineString","coordinates":[[-78.9381437,43.8706664],[-78.9381371,43.8707286],[-78.9381021,43.8707368],[-78.9375269,43.8708659]]},"properties":{"kind":"distribution","tier":"primary_lateral","placement":"underground","from":"electric-J-38","to":"electric-T-142","lengthM":58.24,"voltageKV":13.8,"phases":1,"phase":"A","feeder":"F1-02","feederId":"F1-02","designRole":"lateral","conductor":"1/0 AL 15 kV XLPE","capacityKVA":1394.3,"designKVA":27.6,"customers":8,"roadEdge":54,"rOhmKm":0.641,"xOhmKm":0.14}},{"type":"Feature","id":"electric-E122","geometry":{"type":"LineString","coordinates":[[-78.9381628,43.870327],[-78.9382313,43.8703693],[-78.9382577,43.8703631],[-78.9386358,43.8702795]]},"properties":{"kind":"distribution","tier":"primary_lateral","placement":"underground","from":"electric-J-39","to":"electric-T-137","lengthM":41.2,"voltageKV":13.8,"phases":1,"phase":"B","feeder":"F1-02","feederId":"F1-02","designRole":"lateral","conductor":"4/0 AL 15 kV XLPE","capacityKVA":2031.7,"designKVA":43.0,"customers":14,"roadEdge":48,"rOhmKm":0.32,"xOhmKm":0.13}},{"type":"Feature","id":"electric-E123","geometry":{"type":"LineString","coordinates":[[-78.9381628,43.870327],[-78.9380422,43.8700448]]},"properties":{"kind":"distribution","tier":"primary_main","placement":"overhead","from":"electric-J-39","to":"electric-T-210","lengthM":32.88,"voltageKV":13.8,"phases":3,"phase":"ABC","feeder":"F1-02","feederId":"F1-02","designRole":"trunk","corridorId":"C-001","conductor":"#2 ACSR","capacityKVA":4302.4,"designKVA":1495.0,"customers":212,"roadEdge":55,"rOhmKm":1.05,"xOhmKm":0.435}},{"type":"Feature","id":"electric-E124","geometry":{"type":"LineString","coordinates":[[-78.9386358,43.8702795],[-78.9386557,43.8702751],[-78.9392671,43.8701423],[-78.9393754,43.8701179]]},"properties":{"kind":"distribution","tier":"primary_lateral","placement":"underground","from":"electric-T-137","to":"electric-J-34","lengthM":62.02,"voltageKV":13.8,"phases":1,"phase":"B","feeder":"F1-02","feederId":"F1-02","designRole":"lateral","conductor":"4/0 AL 15 kV XLPE","capacityKVA":2031.7,"designKVA":33.4,"customers":10,"roadEdge":48,"rOhmKm":0.32,"xOhmKm":0.13}},{"type":"Feature","id":"electric-E125","geometry":{"type":"LineString","coordinates":[[-78.9380422,43.8700448],[-78.9380158,43.8699832],[-78.9379824,43.8699048],[-78.9379158,43.8697648]]},"properties":{"kind":"distribution","tier":"primary_main","placement":"overhead","from":"electric-T-210","to":"electric-J-40","lengthM":32.78,"voltageKV":13.8,"phases":3,"phase":"ABC","feeder":"F1-02","feederId":"F1-02","designRole":"trunk","corridorId":"C-001","conductor":"#2 ACSR","capacityKVA":4302.4,"designKVA":1484.4,"customers":210,"roadEdge":55,"rOhmKm":1.05,"xOhmKm":0.435}},{"type":"Feature","id":"electric-E126","geometry":{"type":"LineString","coordinates":[[-78.9393754,43.8701179],[-78.9394553,43.8700996],[-78.9395002,43.8700895],[-78.9397877,43.8700264]]},"properties":{"kind":"distribution","tier":"primary_lateral","placement":"underground","from":"electric-J-34","to":"electric-T-117","lengthM":34.62,"voltageKV":13.8,"phases":1,"phase":"B","feeder":"F1-02","feederId":"F1-02","designRole":"lateral","conductor":"1/0 AL 15 kV XLPE","capacityKVA":1394.3,"designKVA":20.7,"customers":6,"roadEdge":37,"rOhmKm":0.641,"xOhmKm":0.14}},{"type":"Feature","id":"electric-E127","geometry":{"type":"LineString","coordinates":[[-78.9393754,43.8701179],[-78.9392511,43.8700351],[-78.9391705,43.8698459]]},"properties":{"kind":"distribution","tier":"primary_lateral","placement":"overhead","from":"electric-J-34","to":"electric-T-133","lengthM":35.61,"voltageKV":13.8,"phases":1,"phase":"B","feeder":"F1-02","feederId":"F1-02","designRole":"lateral","conductor":"#2 ACSR","capacityKVA":1434.1,"designKVA":18.1,"customers":4,"roadEdge":47,"rOhmKm":1.05,"xOhmKm":0.435}},{"type":"Feature","id":"electric-E128","geometry":{"type":"LineString","coordinates":[[-78.9379158,43.8697648],[-78.937704,43.8697499],[-78.9376753,43.8697564],[-78.9375769,43.8697829]]},"properties":{"kind":"distribution","tier":"primary_lateral","placement":"overhead","from":"electric-J-40","to":"electric-T-143","lengthM":27.92,"voltageKV":13.8,"phases":1,"phase":"C","feeder":"F1-02","feederId":"F1-02","designRole":"lateral","conductor":"#2 ACSR","capacityKVA":1434.1,"designKVA":57.8,"customers":19,"roadEdge":57,"rOhmKm":1.05,"xOhmKm":0.435}},{"type":"Feature","id":"electric-E129","geometry":{"type":"LineString","coordinates":[[-78.9379158,43.8697648],[-78.9378487,43.8696089],[-78.9377542,43.8693895]]},"properties":{"kind":"distribution","tier":"primary_main","placement":"overhead","from":"electric-J-40","to":"electric-T-211","lengthM":43.74,"voltageKV":13.8,"phases":3,"phase":"ABC","feeder":"F1-02","feederId":"F1-02","designRole":"trunk","corridorId":"C-001","conductor":"#2 ACSR","capacityKVA":4302.4,"designKVA":1448.0,"customers":191,"roadEdge":56,"rOhmKm":1.05,"xOhmKm":0.435,"switch":"sectionalising","switchId":"SW-F1-02-02"}},{"type":"Feature","id":"electric-E130","geometry":{"type":"LineString","coordinates":[[-78.9391705,43.8698459],[-78.9390647,43.8695974]]},"properties":{"kind":"distribution","tier":"primary_lateral","placement":"overhead","from":"electric-T-133","to":"electric-T-134","lengthM":28.94,"voltageKV":13.8,"phases":1,"phase":"B","feeder":"F1-02","feederId":"F1-02","designRole":"lateral","conductor":"#2 ACSR","capacityKVA":1434.1,"designKVA":8.7,"customers":2,"roadEdge":47,"rOhmKm":1.05,"xOhmKm":0.435}},{"type":"Feature","id":"electric-E131","geometry":{"type":"LineString","coordinates":[[-78.9375769,43.8697829],[-78.9375235,43.8697973],[-78.9374838,43.869808],[-78.9373395,43.8698377],[-78.9373311,43.8698396]]},"properties":{"kind":"distribution","tier":"primary_lateral","placement":"overhead","from":"electric-T-143","to":"electric-T-144","lengthM":20.72,"voltageKV":13.8,"phases":1,"phase":"C","feeder":"F1-02","feederId":"F1-02","designRole":"lateral","conductor":"#2 ACSR","capacityKVA":1434.1,"designKVA":53.0,"customers":18,"roadEdge":57,"rOhmKm":1.05,"xOhmKm":0.435}},{"type":"Feature","id":"electric-E132","geometry":{"type":"LineString","coordinates":[[-78.9377542,43.8693895],[-78.937706,43.8692774],[-78.9376578,43.8691667],[-78.9375927,43.8690165]]},"properties":{"kind":"distribution","tier":"primary_main","placement":"overhead","from":"electric-T-211","to":"electric-J-41","lengthM":43.5,"voltageKV":13.8,"phases":3,"phase":"ABC","feeder":"F1-02","feederId":"F1-02","designRole":"trunk","corridorId":"C-001","conductor":"#2 ACSR","capacityKVA":4302.4,"designKVA":1419.0,"customers":189,"roadEdge":56,"rOhmKm":1.05,"xOhmKm":0.435}},{"type":"Feature","id":"electric-E133","geometry":{"type":"LineString","coordinates":[[-78.9390647,43.8695974],[-78.9390592,43.8695845]]},"properties":{"kind":"distribution","tier":"primary_lateral","placement":"overhead","from":"electric-T-134","to":"electric-T-135","lengthM":1.5,"voltageKV":13.8,"phases":1,"phase":"B","feeder":"F1-02","feederId":"F1-02","designRole":"lateral","conductor":"#2 ACSR","capacityKVA":1434.1,"designKVA":6.1,"customers":1,"roadEdge":47,"rOhmKm":1.05,"xOhmKm":0.435}},{"type":"Feature","id":"electric-E134","geometry":{"type":"LineString","coordinates":[[-78.9373311,43.8698396],[-78.9373167,43.8698428]]},"properties":{"kind":"distribution","tier":"primary_lateral","placement":"overhead","from":"electric-T-144","to":"electric-T-145","lengthM":1.22,"voltageKV":13.8,"phases":1,"phase":"C","feeder":"F1-02","feederId":"F1-02","designRole":"lateral","conductor":"#2 ACSR","capacityKVA":1434.1,"designKVA":51.1,"customers":17,"roadEdge":57,"rOhmKm":1.05,"xOhmKm":0.435}},{"type":"Feature","id":"electric-E135","geometry":{"type":"LineString","coordinates":[[-78.9375927,43.8690165],[-78.9375883,43.8689518],[-78.9376294,43.8689419],[-78.9379062,43.8688797],[-78.938,43.8688586]]},"properties":{"kind":"distribution","tier":"primary_lateral","placement":"overhead","from":"electric-J-41","to":"electric-T-138","lengthM":41.84,"voltageKV":13.8,"phases":1,"phase":"A","feeder":"F1-02","feederId":"F1-02","designRole":"lateral","conductor":"#2 ACSR","capacityKVA":1434.1,"designKVA":91.6,"customers":34,"roadEdge":49,"rOhmKm":1.05,"xOhmKm":0.435}},{"type":"Feature","id":"electric-E136","geometry":{"type":"LineString","coordinates":[[-78.9375927,43.8690165],[-78.9375338,43.8688671]]},"properties":{"kind":"distribution","tier":"primary_main","placement":"overhead","from":"electric-J-41","to":"electric-T-212","lengthM":17.29,"voltageKV":13.8,"phases":3,"phase":"ABC","feeder":"F1-02","feederId":"F1-02","designRole":"trunk","corridorId":"C-001","conductor":"#2 ACSR","capacityKVA":4302.4,"designKVA":1359.0,"customers":155,"roadEdge":58,"rOhmKm":1.05,"xOhmKm":0.435}},{"type":"Feature","id":"electric-E137","geometry":{"type":"LineString","coordinates":[[-78.9373167,43.8698428],[-78.9370772,43.8698958]]},"properties":{"kind":"distribution","tier":"primary_lateral","placement":"overhead","from":"electric-T-145","to":"electric-T-146","lengthM":20.1,"voltageKV":13.8,"phases":1,"phase":"C","feeder":"F1-02","feederId":"F1-02","designRole":"lateral","conductor":"#2 ACSR","capacityKVA":1434.1,"designKVA":46.1,"customers":16,"roadEdge":57,"rOhmKm":1.05,"xOhmKm":0.435}},{"type":"Feature","id":"electric-E138","geometry":{"type":"LineString","coordinates":[[-78.938,43.8688586],[-78.9380336,43.868851],[-78.9382639,43.8687992],[-78.9387634,43.8686866]]},"properties":{"kind":"distribution","tier":"primary_lateral","placement":"overhead","from":"electric-T-138","to":"electric-J-35","lengthM":64.18,"voltageKV":13.8,"phases":1,"phase":"A","feeder":"F1-02","feederId":"F1-02","designRole":"lateral","conductor":"#2 ACSR","capacityKVA":1434.1,"designKVA":79.7,"customers":31,"roadEdge":49,"rOhmKm":1.05,"xOhmKm":0.435}},{"type":"Feature","id":"electric-E139","geometry":{"type":"LineString","coordinates":[[-78.9375338,43.8688671],[-78.9375124,43.8688128],[-78.9374507,43.8686565],[-78.9374229,43.868593]]},"properties":{"kind":"distribution","tier":"primary_main","placement":"overhead","from":"electric-T-212","to":"electric-T-213","lengthM":31.79,"voltageKV":13.8,"phases":3,"phase":"ABC","feeder":"F1-02","feederId":"F1-02","designRole":"trunk","corridorId":"C-001","conductor":"#2 ACSR","capacityKVA":4302.4,"designKVA":1338.1,"customers":152,"roadEdge":58,"rOhmKm":1.05,"xOhmKm":0.435}},{"type":"Feature","id":"electric-E140","geometry":{"type":"LineString","coordinates":[[-78.9370772,43.8698958],[-78.9370611,43.8698994]]},"properties":{"kind":"distribution","tier":"primary_lateral","placement":"overhead","from":"electric-T-146","to":"electric-T-147","lengthM":1.36,"voltageKV":13.8,"phases":1,"phase":"C","feeder":"F1-02","feederId":"F1-02","designRole":"lateral","conductor":"#2 ACSR","capacityKVA":1434.1,"designKVA":43.6,"customers":15,"roadEdge":57,"rOhmKm":1.05,"xOhmKm":0.435}},{"type":"Feature","id":"electric-E141","geometry":{"type":"LineString","coordinates":[[-78.9387634,43.8686866],[-78.9392475,43.8685792]]},"properties":{"kind":"distribution","tier":"primary_lateral","placement":"overhead","from":"electric-J-35","to":"electric-T-121","lengthM":40.64,"voltageKV":13.8,"phases":1,"phase":"A","feeder":"F1-02","feederId":"F1-02","designRole":"lateral","conductor":"#2 ACSR","capacityKVA":1434.1,"designKVA":24.2,"customers":6,"roadEdge":40,"rOhmKm":1.05,"xOhmKm":0.435}},{"type":"Feature","id":"electric-E142","geometry":{"type":"LineString","coordinates":[[-78.9387634,43.8686866],[-78.9386804,43.8686951],[-78.9385761,43.8684437]]},"properties":{"kind":"distribution","tier":"primary_lateral","placement":"overhead","from":"electric-J-35","to":"electric-T-129","lengthM":35.95,"voltageKV":13.8,"phases":1,"phase":"A","feeder":"F1-02","feederId":"F1-02","designRole":"lateral","conductor":"#2 ACSR","capacityKVA":1434.1,"designKVA":50.5,"customers":19,"roadEdge":41,"rOhmKm":1.05,"xOhmKm":0.435}},{"type":"Feature","id":"electric-E143","geometry":{"type":"LineString","coordinates":[[-78.9387634,43.8686866],[-78.9387288,43.8688103],[-78.9387435,43.8688433],[-78.9387664,43.868897],[-78.93892,43.8692577]]},"properties":{"kind":"distribution","tier":"primary_lateral","placement":"overhead","from":"electric-J-35","to":"electric-T-136","lengthM":66.16,"voltageKV":13.8,"phases":1,"phase":"A","feeder":"F1-02","feederId":"F1-02","designRole":"lateral","conductor":"#2 ACSR","capacityKVA":1434.1,"designKVA":19.7,"customers":6,"roadEdge":47,"rOhmKm":1.05,"xOhmKm":0.435}},{"type":"Feature","id":"electric-E144","geometry":{"type":"LineString","coordinates":[[-78.9374229,43.868593],[-78.9373007,43.8683129]]},"properties":{"kind":"distribution","tier":"primary_main","placement":"overhead","from":"electric-T-213","to":"electric-T-214","lengthM":32.68,"voltageKV":13.8,"phases":3,"phase":"ABC","feeder":"F1-02","feederId":"F1-02","designRole":"trunk","corridorId":"C-001","conductor":"#2 ACSR","capacityKVA":4302.4,"designKVA":1309.3,"customers":149,"roadEdge":58,"rOhmKm":1.05,"xOhmKm":0.435}},{"type":"Feature","id":"electric-E145","geometry":{"type":"LineString","coordinates":[[-78.9370611,43.8698994],[-78.9368273,43.8699512]]},"properties":{"kind":"distribution","tier":"primary_lateral","placement":"overhead","from":"electric-T-147","to":"electric-T-148","lengthM":19.62,"voltageKV":13.8,"phases":1,"phase":"C","feeder":"F1-02","feederId":"F1-02","designRole":"lateral","conductor":"#2 ACSR","capacityKVA":1434.1,"designKVA":41.0,"customers":14,"roadEdge":57,"rOhmKm":1.05,"xOhmKm":0.435}},{"type":"Feature","id":"electric-E146","geometry":{"type":"LineString","coordinates":[[-78.9385761,43.8684437],[-78.9385634,43.8684131],[-78.9384134,43.8680516]]},"properties":{"kind":"distribution","tier":"primary_lateral","placement":"overhead","from":"electric-T-129","to":"electric-T-128","lengthM":45.55,"voltageKV":13.8,"phases":1,"phase":"A","feeder":"F1-02","feederId":"F1-02","designRole":"lateral","conductor":"#2 ACSR","capacityKVA":1434.1,"designKVA":41.5,"customers":16,"roadEdge":41,"rOhmKm":1.05,"xOhmKm":0.435}},{"type":"Feature","id":"electric-E147","geometry":{"type":"LineString","coordinates":[[-78.9373007,43.8683129],[-78.9371795,43.8680353]]},"properties":{"kind":"distribution","tier":"primary_main","placement":"overhead","from":"electric-T-214","to":"electric-J-43","lengthM":32.4,"voltageKV":13.8,"phases":3,"phase":"ABC","feeder":"F1-02","feederId":"F1-02","designRole":"trunk","corridorId":"C-001","conductor":"#2 ACSR","capacityKVA":4302.4,"designKVA":1278.3,"customers":146,"roadEdge":58,"rOhmKm":1.05,"xOhmKm":0.435}},{"type":"Feature","id":"electric-E148","geometry":{"type":"LineString","coordinates":[[-78.9368273,43.8699512],[-78.9368164,43.8699536]]},"properties":{"kind":"distribution","tier":"primary_lateral","placement":"overhead","from":"electric-T-148","to":"electric-T-149","lengthM":0.91,"voltageKV":13.8,"phases":1,"phase":"C","feeder":"F1-02","feederId":"F1-02","designRole":"lateral","conductor":"#2 ACSR","capacityKVA":1434.1,"designKVA":39.0,"customers":13,"roadEdge":57,"rOhmKm":1.05,"xOhmKm":0.435}},{"type":"Feature","id":"electric-E149","geometry":{"type":"LineString","coordinates":[[-78.9384134,43.8680516],[-78.9383644,43.8679335],[-78.9382145,43.867572]]},"properties":{"kind":"distribution","tier":"primary_lateral","placement":"overhead","from":"electric-T-128","to":"electric-T-127","lengthM":55.73,"voltageKV":13.8,"phases":1,"phase":"A","feeder":"F1-02","feederId":"F1-02","designRole":"lateral","conductor":"#2 ACSR","capacityKVA":1434.1,"designKVA":30.8,"customers":10,"roadEdge":41,"rOhmKm":1.05,"xOhmKm":0.435}},{"type":"Feature","id":"electric-E150","geometry":{"type":"LineString","coordinates":[[-78.9371795,43.8680353],[-78.9371385,43.8679502]]},"properties":{"kind":"distribution","tier":"primary_main","placement":"overhead","from":"electric-J-43","to":"electric-J-45","lengthM":10.02,"voltageKV":13.8,"phases":3,"phase":"ABC","feeder":"F1-02","feederId":"F1-02","designRole":"trunk","corridorId":"C-001","conductor":"#2 ACSR","capacityKVA":4302.4,"designKVA":1128.5,"customers":115,"roadEdge":61,"rOhmKm":1.05,"xOhmKm":0.435}},{"type":"Feature","id":"electric-E151","geometry":{"type":"LineString","coordinates":[[-78.9371795,43.8680353],[-78.9369512,43.8680226],[-78.9369114,43.8680315],[-78.9366482,43.8680905]]},"properties":{"kind":"distribution","tier":"primary_main","placement":"overhead","from":"electric-J-43","to":"electric-T-215","lengthM":43.84,"voltageKV":13.8,"phases":3,"phase":"ABC","feeder":"F1-02","feederId":"F1-02","designRole":"lateral","conductor":"#2 ACSR","capacityKVA":4302.4,"designKVA":198.5,"customers":31,"roadEdge":62,"rOhmKm":1.05,"xOhmKm":0.435}},{"type":"Feature","id":"electric-E152","geometry":{"type":"LineString","coordinates":[[-78.9368164,43.8699536],[-78.9367024,43.8699788],[-78.93659,43.8700027]]},"properties":{"kind":"distribution","tier":"primary_lateral","placement":"overhead","from":"electric-T-149","to":"electric-J-51","lengthM":18.98,"voltageKV":13.8,"phases":1,"phase":"C","feeder":"F1-02","feederId":"F1-02","designRole":"lateral","conductor":"#2 ACSR","capacityKVA":1434.1,"designKVA":37.1,"customers":12,"roadEdge":57,"rOhmKm":1.05,"xOhmKm":0.435}},{"type":"Feature","id":"electric-E153","geometry":{"type":"LineString","coordinates":[[-78.9382145,43.867572],[-78.9380675,43.8672177],[-78.9380566,43.8671802],[-78.9380528,43.8671328],[-78.9380657,43.8670897],[-78.9381051,43.8670262],[-78.9382288,43.8669622],[-78.9383803,43.8668988],[-78.9384866,43.866874]]},"properties":{"kind":"distribution","tier":"primary_lateral","placement":"overhead","from":"electric-T-127","to":"electric-T-126","lengthM":98.61,"voltageKV":13.8,"phases":1,"phase":"A","feeder":"F1-02","feederId":"F1-02","designRole":"lateral","conductor":"#2 ACSR","capacityKVA":1434.1,"designKVA":7.9,"customers":4,"roadEdge":41,"rOhmKm":1.05,"xOhmKm":0.435}},{"type":"Feature","id":"electric-E154","geometry":{"type":"LineString","coordinates":[[-78.9371385,43.8679502],[-78.9370522,43.8678557],[-78.9369316,43.8676066],[-78.9368853,43.8675003]]},"properties":{"kind":"distribution","tier":"primary_main","placement":"overhead","from":"electric-J-45","to":"electric-J-49","lengthM":54.36,"voltageKV":13.8,"phases":3,"phase":"ABC","feeder":"F1-02","feederId":"F1-02","designRole":"trunk","corridorId":"C-001","conductor":"#2 ACSR","capacityKVA":4302.4,"designKVA":931.2,"customers":99,"roadEdge":65,"rOhmKm":1.05,"xOhmKm":0.435,"switch":"sectionalising","switchId":"SW-F1-02-03"}},{"type":"Feature","id":"electric-E155","geometry":{"type":"LineString","coordinates":[[-78.9371385,43.8679502],[-78.9371913,43.8678346],[-78.9371194,43.8676756]]},"properties":{"kind":"distribution","tier":"primary_main","placement":"overhead","from":"electric-J-45","to":"electric-T-218","lengthM":32.17,"voltageKV":13.8,"phases":3,"phase":"ABC","feeder":"F1-02","feederId":"F1-02","designRole":"trunk","corridorId":"C-005","conductor":"#2 ACSR","capacityKVA":4302.4,"designKVA":264.6,"customers":16,"roadEdge":64,"rOhmKm":1.05,"xOhmKm":0.435}},{"type":"Feature","id":"electric-E156","geometry":{"type":"LineString","coordinates":[[-78.9366482,43.8680905],[-78.9362532,43.868179]]},"properties":{"kind":"distribution","tier":"primary_main","placement":"overhead","from":"electric-T-215","to":"electric-T-216","lengthM":33.19,"voltageKV":13.8,"phases":3,"phase":"ABC","feeder":"F1-02","feederId":"F1-02","designRole":"lateral","conductor":"#2 ACSR","capacityKVA":4302.4,"designKVA":163.2,"customers":28,"roadEdge":62,"rOhmKm":1.05,"xOhmKm":0.435}},{"type":"Feature","id":"electric-E157","geometry":{"type":"LineString","coordinates":[[-78.93659,43.8700027],[-78.9366627,43.8699655],[-78.936656,43.8699496],[-78.9364984,43.8695898],[-78.9364699,43.8695249]]},"properties":{"kind":"distribution","tier":"primary_lateral","placement":"overhead","from":"electric-J-51","to":"electric-T-157","lengthM":58.59,"voltageKV":13.8,"phases":1,"phase":"C","feeder":"F1-02","feederId":"F1-02","designRole":"lateral","conductor":"#2 ACSR","capacityKVA":1434.1,"designKVA":21.6,"customers":6,"roadEdge":76,"rOhmKm":1.05,"xOhmKm":0.435}},{"type":"Feature","id":"electric-E158","geometry":{"type":"LineString","coordinates":[[-78.93659,43.8700027],[-78.9358244,43.8702992]]},"properties":{"kind":"distribution","tier":"primary_lateral","placement":"underground","from":"electric-J-51","to":"electric-T-159","lengthM":69.74,"voltageKV":13.8,"phases":1,"phase":"C","feeder":"F1-02","feederId":"F1-02","designRole":"lateral","conductor":"1/0 AL 15 kV XLPE","capacityKVA":1394.3,"designKVA":21.2,"customers":6,"roadEdge":77,"rOhmKm":0.641,"xOhmKm":0.14}},{"type":"Feature","id":"electric-E159","geometry":{"type":"LineString","coordinates":[[-78.9368853,43.8675003],[-78.9368424,43.867399]]},"properties":{"kind":"distribution","tier":"primary_main","placement":"overhead","from":"electric-J-49","to":"electric-J-50","lengthM":11.8,"voltageKV":13.8,"phases":3,"phase":"ABC","feeder":"F1-02","feederId":"F1-02","designRole":"trunk","corridorId":"C-001","conductor":"#2 ACSR","capacityKVA":4302.4,"designKVA":244.1,"customers":14,"roadEdge":72,"rOhmKm":1.05,"xOhmKm":0.435}},{"type":"Feature","id":"electric-E160","geometry":{"type":"LineString","coordinates":[[-78.9368853,43.8675003],[-78.9366411,43.867491],[-78.9361761,43.8675941]]},"properties":{"kind":"distribution","tier":"primary_main","placement":"overhead","from":"electric-J-49","to":"electric-T-224","lengthM":58.67,"voltageKV":13.8,"phases":3,"phase":"ABC","feeder":"F1-02","feederId":"F1-02","designRole":"trunk","corridorId":"C-003","conductor":"#2 ACSR","capacityKVA":4302.4,"designKVA":750.6,"customers":85,"roadEdge":73,"rOhmKm":1.05,"xOhmKm":0.435}},{"type":"Feature","id":"electric-E161","geometry":{"type":"LineString","coordinates":[[-78.9371194,43.8676756],[-78.9370729,43.8675729],[-78.9370281,43.8674688]]},"properties":{"kind":"distribution","tier":"primary_main","placement":"overhead","from":"electric-T-218","to":"electric-J-47","lengthM":24.17,"voltageKV":13.8,"phases":3,"phase":"ABC","feeder":"F1-02","feederId":"F1-02","designRole":"trunk","corridorId":"C-005","conductor":"#2 ACSR","capacityKVA":4302.4,"designKVA":247.2,"customers":14,"roadEdge":64,"rOhmKm":1.05,"xOhmKm":0.435}},{"type":"Feature","id":"electric-E162","geometry":{"type":"LineString","coordinates":[[-78.9362532,43.868179],[-78.9360449,43.8682257]]},"properties":{"kind":"distribution","tier":"primary_main","placement":"overhead","from":"electric-T-216","to":"electric-T-152","lengthM":17.51,"voltageKV":13.8,"phases":3,"phase":"ABC","feeder":"F1-02","feederId":"F1-02","designRole":"lateral","conductor":"#2 ACSR","capacityKVA":4302.4,"designKVA":122.0,"customers":25,"roadEdge":62,"rOhmKm":1.05,"xOhmKm":0.435}},{"type":"Feature","id":"electric-E163","geometry":{"type":"LineString","coordinates":[[-78.9368424,43.867399],[-78.9367037,43.8670674]]},"properties":{"kind":"distribution","tier":"primary_main","placement":"overhead","from":"electric-J-50","to":"electric-T-226","lengthM":38.55,"voltageKV":13.8,"phases":3,"phase":"ABC","feeder":"F1-02","feederId":"F1-02","designRole":"trunk","corridorId":"C-001","conductor":"#2 ACSR","capacityKVA":4302.4,"designKVA":244.1,"customers":14,"roadEdge":74,"rOhmKm":1.05,"xOhmKm":0.435}},{"type":"Feature","id":"electric-E164","geometry":{"type":"LineString","coordinates":[[-78.9361761,43.8675941],[-78.9357747,43.8676831]]},"properties":{"kind":"distribution","tier":"primary_main","placement":"overhead","from":"electric-T-224","to":"electric-T-225","lengthM":33.7,"voltageKV":13.8,"phases":3,"phase":"ABC","feeder":"F1-02","feederId":"F1-02","designRole":"trunk","corridorId":"C-003","conductor":"#2 ACSR","capacityKVA":4302.4,"designKVA":728.5,"customers":82,"roadEdge":73,"rOhmKm":1.05,"xOhmKm":0.435}},{"type":"Feature","id":"electric-E165","geometry":{"type":"LineString","coordinates":[[-78.9370281,43.8674688],[-78.9369813,43.8673676]]},"properties":{"kind":"distribution","tier":"primary_main","placement":"overhead","from":"electric-J-47","to":"electric-J-48","lengthM":11.87,"voltageKV":13.8,"phases":3,"phase":"ABC","feeder":"F1-02","feederId":"F1-02","designRole":"trunk","corridorId":"C-005","conductor":"#2 ACSR","capacityKVA":4302.4,"designKVA":247.2,"customers":14,"roadEdge":68,"rOhmKm":1.05,"xOhmKm":0.435}},{"type":"Feature","id":"electric-E166","geometry":{"type":"LineString","coordinates":[[-78.9360449,43.8682257],[-78.9360401,43.8682268]]},"properties":{"kind":"distribution","tier":"primary_main","placement":"overhead","from":"electric-T-152","to":"electric-T-217","lengthM":0.4,"voltageKV":13.8,"phases":3,"phase":"ABC","feeder":"F1-02","feederId":"F1-02","designRole":"lateral","conductor":"#2 ACSR","capacityKVA":4302.4,"designKVA":117.9,"customers":24,"roadEdge":62,"rOhmKm":1.05,"xOhmKm":0.435}},{"type":"Feature","id":"electric-E167","geometry":{"type":"LineString","coordinates":[[-78.9367037,43.8670674],[-78.9365526,43.8667061],[-78.9365201,43.8666284],[-78.9365022,43.8665828]]},"properties":{"kind":"distribution","tier":"primary_main","placement":"overhead","from":"electric-T-226","to":"electric-T-227","lengthM":56.32,"voltageKV":13.8,"phases":3,"phase":"ABC","feeder":"F1-02","feederId":"F1-02","designRole":"trunk","corridorId":"C-001","conductor":"#2 ACSR","capacityKVA":4302.4,"designKVA":203.1,"customers":11,"roadEdge":74,"rOhmKm":1.05,"xOhmKm":0.435}},{"type":"Feature","id":"electric-E168","geometry":{"type":"LineString","coordinates":[[-78.9357747,43.8676831],[-78.9353585,43.8677753]]},"properties":{"kind":"distribution","tier":"primary_main","placement":"overhead","from":"electric-T-225","to":"electric-J-59","lengthM":34.94,"voltageKV":13.8,"phases":3,"phase":"ABC","feeder":"F1-02","feederId":"F1-02","designRole":"trunk","corridorId":"C-003","conductor":"#2 ACSR","capacityKVA":4302.4,"designKVA":722.7,"customers":81,"roadEdge":73,"rOhmKm":1.05,"xOhmKm":0.435}},{"type":"Feature","id":"electric-E169","geometry":{"type":"LineString","coordinates":[[-78.9369813,43.8673676],[-78.936957,43.867304],[-78.9368519,43.8670449]]},"properties":{"kind":"distribution","tier":"primary_main","placement":"overhead","from":"electric-J-48","to":"electric-T-219","lengthM":37.39,"voltageKV":13.8,"phases":3,"phase":"ABC","feeder":"F1-02","feederId":"F1-02","designRole":"trunk","corridorId":"C-005","conductor":"#2 ACSR","capacityKVA":4302.4,"designKVA":247.2,"customers":14,"roadEdge":71,"rOhmKm":1.05,"xOhmKm":0.435}},{"type":"Feature","id":"electric-E170","geometry":{"type":"LineString","coordinates":[[-78.9360401,43.8682268],[-78.9359464,43.8682478],[-78.9358313,43.8682725]]},"properties":{"kind":"distribution","tier":"primary_main","placement":"overhead","from":"electric-T-217","to":"electric-J-54","lengthM":17.51,"voltageKV":13.8,"phases":3,"phase":"ABC","feeder":"F1-02","feederId":"F1-02","designRole":"lateral","conductor":"#2 ACSR","capacityKVA":4302.4,"designKVA":109.2,"customers":23,"roadEdge":62,"rOhmKm":1.05,"xOhmKm":0.435}},{"type":"Feature","id":"electric-E171","geometry":{"type":"LineString","coordinates":[[-78.9365022,43.8665828],[-78.9363596,43.8662198],[-78.9363027,43.866075]]},"properties":{"kind":"distribution","tier":"primary_main","placement":"overhead","from":"electric-T-227","to":"electric-T-228","lengthM":58.75,"voltageKV":13.8,"phases":3,"phase":"ABC","feeder":"F1-02","feederId":"F1-02","designRole":"trunk","corridorId":"C-001","conductor":"#2 ACSR","capacityKVA":4302.4,"designKVA":151.8,"customers":8,"roadEdge":74,"rOhmKm":1.05,"xOhmKm":0.435}},{"type":"Feature","id":"electric-E172","geometry":{"type":"LineString","coordinates":[[-78.9353585,43.8677753],[-78.9348818,43.8678671]]},"properties":{"kind":"distribution","tier":"primary_main","placement":"overhead","from":"electric-J-59","to":"electric-T-233","lengthM":39.6,"voltageKV":13.8,"phases":3,"phase":"ABC","feeder":"F1-02","feederId":"F1-02","designRole":"trunk","corridorId":"C-003","conductor":"#2 ACSR","capacityKVA":4302.4,"designKVA":722.7,"customers":81,"roadEdge":85,"rOhmKm":1.05,"xOhmKm":0.435}},{"type":"Feature","id":"electric-E173","geometry":{"type":"LineString","coordinates":[[-78.9368519,43.8670449],[-78.9367051,43.8666827],[-78.9366873,43.8666389],[-78.9366546,43.8665551]]},"properties":{"kind":"distribution","tier":"primary_main","placement":"overhead","from":"electric-T-219","to":"electric-T-220","lengthM":56.77,"voltageKV":13.8,"phases":3,"phase":"ABC","feeder":"F1-02","feederId":"F1-02","designRole":"trunk","corridorId":"C-005","conductor":"#2 ACSR","capacityKVA":4302.4,"designKVA":190.4,"customers":11,"roadEdge":71,"rOhmKm":1.05,"xOhmKm":0.435}},{"type":"Feature","id":"electric-E174","geometry":{"type":"LineString","coordinates":[[-78.9358313,43.8682725],[-78.9353316,43.8683902],[-78.9351616,43.8684303]]},"properties":{"kind":"distribution","tier":"primary_lateral","placement":"overhead","from":"electric-J-54","to":"electric-T-163","lengthM":56.54,"voltageKV":13.8,"phases":1,"phase":"B","feeder":"F1-02","feederId":"F1-02","designRole":"lateral","conductor":"#2 ACSR","capacityKVA":1434.1,"designKVA":48.8,"customers":15,"roadEdge":80,"rOhmKm":1.05,"xOhmKm":0.435}},{"type":"Feature","id":"electric-E175","geometry":{"type":"LineString","coordinates":[[-78.9358313,43.8682725],[-78.9359623,43.8683665],[-78.9360481,43.8685623]]},"properties":{"kind":"distribution","tier":"primary_main","placement":"overhead","from":"electric-J-54","to":"electric-T-232","lengthM":37.7,"voltageKV":13.8,"phases":3,"phase":"ABC","feeder":"F1-02","feederId":"F1-02","designRole":"lateral","conductor":"#2 ACSR","capacityKVA":4302.4,"designKVA":76.9,"customers":8,"roadEdge":76,"rOhmKm":1.05,"xOhmKm":0.435}},{"type":"Feature","id":"electric-E176","geometry":{"type":"LineString","coordinates":[[-78.9363027,43.866075],[-78.9362531,43.8659486],[-78.9361847,43.8657617],[-78.9361209,43.8655766]]},"properties":{"kind":"distribution","tier":"primary_main","placement":"overhead","from":"electric-T-228","to":"electric-T-229","lengthM":57.38,"voltageKV":13.8,"phases":3,"phase":"ABC","feeder":"F1-02","feederId":"F1-02","designRole":"lateral","corridorId":"C-001","conductor":"#2 ACSR","capacityKVA":4302.4,"designKVA":84.0,"customers":5,"roadEdge":74,"rOhmKm":1.05,"xOhmKm":0.435}},{"type":"Feature","id":"electric-E177","geometry":{"type":"LineString","coordinates":[[-78.9348818,43.8678671],[-78.9347569,43.8678911],[-78.9344365,43.8679375],[-78.9341854,43.8679759],[-78.9340651,43.867981],[-78.9339847,43.867982]]},"properties":{"kind":"distribution","tier":"primary_main","placement":"overhead","from":"electric-T-233","to":"electric-T-234","lengthM":73.32,"voltageKV":13.8,"phases":3,"phase":"ABC","feeder":"F1-02","feederId":"F1-02","designRole":"trunk","corridorId":"C-003","conductor":"#2 ACSR","capacityKVA":4302.4,"designKVA":699.7,"customers":78,"roadEdge":85,"rOhmKm":1.05,"xOhmKm":0.435}},{"type":"Feature","id":"electric-E178","geometry":{"type":"LineString","coordinates":[[-78.9366546,43.8665551],[-78.9365943,43.8664002],[-78.9364614,43.8660796]]},"properties":{"kind":"distribution","tier":"primary_main","placement":"overhead","from":"electric-T-220","to":"electric-T-221","lengthM":55.16,"voltageKV":13.8,"phases":3,"phase":"ABC","feeder":"F1-02","feederId":"F1-02","designRole":"trunk","corridorId":"C-005","conductor":"#2 ACSR","capacityKVA":4302.4,"designKVA":139.1,"customers":8,"roadEdge":71,"rOhmKm":1.05,"xOhmKm":0.435}},{"type":"Feature","id":"electric-E179","geometry":{"type":"LineString","coordinates":[[-78.9351616,43.8684303],[-78.9347554,43.8685261],[-78.9345474,43.8685716],[-78.934647,43.8688155]]},"properties":{"kind":"distribution","tier":"primary_lateral","placement":"overhead","from":"electric-T-163","to":"electric-T-164","lengthM":80.04,"voltageKV":13.8,"phases":1,"phase":"B","feeder":"F1-02","feederId":"F1-02","designRole":"lateral","conductor":"#2 ACSR","capacityKVA":1434.1,"designKVA":37.4,"customers":9,"roadEdge":80,"rOhmKm":1.05,"xOhmKm":0.435}},{"type":"Feature","id":"electric-E180","geometry":{"type":"LineString","coordinates":[[-78.9360481,43.8685623],[-78.9360841,43.8686445],[-78.9362418,43.8690043]]},"properties":{"kind":"distribution","tier":"primary_lateral","placement":"overhead","from":"electric-T-232","to":"electric-T-158","lengthM":51.6,"voltageKV":13.8,"phases":1,"phase":"C","feeder":"F1-02","feederId":"F1-02","designRole":"lateral","conductor":"#2 ACSR","capacityKVA":1434.1,"designKVA":26.4,"customers":6,"roadEdge":76,"rOhmKm":1.05,"xOhmKm":0.435}},{"type":"Feature","id":"electric-E181","geometry":{"type":"LineString","coordinates":[[-78.9361209,43.8655766],[-78.9360871,43.8654786],[-78.9359774,43.8651669]]},"properties":{"kind":"distribution","tier":"primary_main","placement":"overhead","from":"electric-T-229","to":"electric-T-230","lengthM":47.04,"voltageKV":13.8,"phases":3,"phase":"ABC","feeder":"F1-02","feederId":"F1-02","designRole":"lateral","corridorId":"C-001","conductor":"#2 ACSR","capacityKVA":4302.4,"designKVA":43.3,"customers":2,"roadEdge":74,"rOhmKm":1.05,"xOhmKm":0.435}},{"type":"Feature","id":"electric-E182","geometry":{"type":"LineString","coordinates":[[-78.9339847,43.867982],[-78.9338967,43.8679832],[-78.9336659,43.8679862],[-78.933525,43.8679881],[-78.9334984,43.8679884]]},"properties":{"kind":"distribution","tier":"primary_main","placement":"overhead","from":"electric-T-234","to":"electric-T-235","lengthM":39.03,"voltageKV":13.8,"phases":3,"phase":"ABC","feeder":"F1-02","feederId":"F1-02","designRole":"trunk","corridorId":"C-003","conductor":"#2 ACSR","capacityKVA":4302.4,"designKVA":668.6,"customers":75,"roadEdge":85,"rOhmKm":1.05,"xOhmKm":0.435}},{"type":"Feature","id":"electric-E183","geometry":{"type":"LineString","coordinates":[[-78.9364614,43.8660796],[-78.9363347,43.8657737],[-78.9362752,43.8655993]]},"properties":{"kind":"distribution","tier":"primary_main","placement":"overhead","from":"electric-T-221","to":"electric-T-222","lengthM":55.53,"voltageKV":13.8,"phases":3,"phase":"ABC","feeder":"F1-02","feederId":"F1-02","designRole":"lateral","corridorId":"C-005","conductor":"#2 ACSR","capacityKVA":4302.4,"designKVA":72.7,"customers":5,"roadEdge":71,"rOhmKm":1.05,"xOhmKm":0.435}},{"type":"Feature","id":"electric-E184","geometry":{"type":"LineString","coordinates":[[-78.934647,43.8688155],[-78.9347535,43.8690761]]},"properties":{"kind":"distribution","tier":"primary_lateral","placement":"overhead","from":"electric-T-164","to":"electric-T-165","lengthM":30.25,"voltageKV":13.8,"phases":1,"phase":"B","feeder":"F1-02","feederId":"F1-02","designRole":"lateral","conductor":"#2 ACSR","capacityKVA":1434.1,"designKVA":18.4,"customers":5,"roadEdge":80,"rOhmKm":1.05,"xOhmKm":0.435}},{"type":"Feature","id":"electric-E185","geometry":{"type":"LineString","coordinates":[[-78.9334984,43.8679884],[-78.9332858,43.8679903],[-78.9331659,43.867946]]},"properties":{"kind":"distribution","tier":"primary_main","placement":"overhead","from":"electric-T-235","to":"electric-J-66","lengthM":27.87,"voltageKV":13.8,"phases":3,"phase":"ABC","feeder":"F1-02","feederId":"F1-02","designRole":"trunk","corridorId":"C-003","conductor":"#2 ACSR","capacityKVA":4302.4,"designKVA":658.3,"customers":74,"roadEdge":85,"rOhmKm":1.05,"xOhmKm":0.435}},{"type":"Feature","id":"electric-E186","geometry":{"type":"LineString","coordinates":[[-78.9362752,43.8655993],[-78.9362431,43.8655055],[-78.9361315,43.8651784]]},"properties":{"kind":"distribution","tier":"primary_main","placement":"overhead","from":"electric-T-222","to":"electric-T-223","lengthM":48.25,"voltageKV":13.8,"phases":3,"phase":"ABC","feeder":"F1-02","feederId":"F1-02","designRole":"lateral","corridorId":"C-005","conductor":"#2 ACSR","capacityKVA":4302.4,"designKVA":31.0,"customers":2,"roadEdge":71,"rOhmKm":1.05,"xOhmKm":0.435}},{"type":"Feature","id":"electric-E187","geometry":{"type":"LineString","coordinates":[[-78.9347535,43.8690761],[-78.9347582,43.8690875],[-78.9348163,43.8692186]]},"properties":{"kind":"distribution","tier":"primary_lateral","placement":"overhead","from":"electric-T-165","to":"electric-T-166","lengthM":16.65,"voltageKV":13.8,"phases":1,"phase":"B","feeder":"F1-02","feederId":"F1-02","designRole":"lateral","conductor":"#2 ACSR","capacityKVA":1434.1,"designKVA":16.4,"customers":4,"roadEdge":80,"rOhmKm":1.05,"xOhmKm":0.435}},{"type":"Feature","id":"electric-E188","geometry":{"type":"LineString","coordinates":[[-78.9331659,43.867946],[-78.9332353,43.8678812],[-78.9335011,43.8678845],[-78.9335048,43.8678844]]},"properties":{"kind":"distribution","tier":"primary_main","placement":"overhead","from":"electric-J-66","to":"electric-T-238","lengthM":30.74,"voltageKV":13.8,"phases":3,"phase":"ABC","feeder":"F1-02","feederId":"F1-02","designRole":"trunk","corridorId":"C-006","conductor":"#2 ACSR","capacityKVA":4302.4,"designKVA":147.5,"customers":10,"roadEdge":87,"rOhmKm":1.05,"xOhmKm":0.435}},{"type":"Feature","id":"electric-E189","geometry":{"type":"LineString","coordinates":[[-78.9331659,43.867946],[-78.9329168,43.8680577]]},"properties":{"kind":"distribution","tier":"primary_main","placement":"underground","from":"electric-J-66","to":"electric-T-239","lengthM":23.55,"voltageKV":13.8,"phases":3,"phase":"ABC","feeder":"F1-02","feederId":"F1-02","designRole":"trunk","corridorId":"C-003","conductor":"1/0 AL 15 kV XLPE","capacityKVA":4182.9,"designKVA":555.1,"customers":64,"roadEdge":91,"rOhmKm":0.641,"xOhmKm":0.14}},{"type":"Feature","id":"electric-E190","geometry":{"type":"LineString","coordinates":[[-78.9348163,43.8692186],[-78.9348197,43.8692264]]},"properties":{"kind":"distribution","tier":"primary_lateral","placement":"overhead","from":"electric-T-166","to":"electric-T-167","lengthM":0.91,"voltageKV":13.8,"phases":1,"phase":"B","feeder":"F1-02","feederId":"F1-02","designRole":"lateral","conductor":"#2 ACSR","capacityKVA":1434.1,"designKVA":14.4,"customers":3,"roadEdge":80,"rOhmKm":1.05,"xOhmKm":0.435}},{"type":"Feature","id":"electric-E191","geometry":{"type":"LineString","coordinates":[[-78.9335048,43.8678844],[-78.9336613,43.8678804],[-78.9338819,43.8678748],[-78.9339921,43.867872]]},"properties":{"kind":"distribution","tier":"primary_main","placement":"overhead","from":"electric-T-238","to":"electric-T-237","lengthM":39.12,"voltageKV":13.8,"phases":3,"phase":"ABC","feeder":"F1-02","feederId":"F1-02","designRole":"trunk","corridorId":"C-006","conductor":"#2 ACSR","capacityKVA":4302.4,"designKVA":135.4,"customers":9,"roadEdge":87,"rOhmKm":1.05,"xOhmKm":0.435}},{"type":"Feature","id":"electric-E192","geometry":{"type":"LineString","coordinates":[[-78.9329168,43.8680577],[-78.9325057,43.868061]]},"properties":{"kind":"distribution","tier":"primary_main","placement":"underground","from":"electric-T-239","to":"electric-T-240","lengthM":32.99,"voltageKV":13.8,"phases":3,"phase":"ABC","feeder":"F1-02","feederId":"F1-02","designRole":"trunk","corridorId":"C-003","conductor":"1/0 AL 15 kV XLPE","capacityKVA":4182.9,"designKVA":528.2,"customers":61,"roadEdge":91,"rOhmKm":0.641,"xOhmKm":0.14}},{"type":"Feature","id":"electric-E193","geometry":{"type":"LineString","coordinates":[[-78.9348197,43.8692264],[-78.934889,43.8693827]]},"properties":{"kind":"distribution","tier":"primary_lateral","placement":"overhead","from":"electric-T-167","to":"electric-T-168","lengthM":18.27,"voltageKV":13.8,"phases":1,"phase":"B","feeder":"F1-02","feederId":"F1-02","designRole":"lateral","conductor":"#2 ACSR","capacityKVA":1434.1,"designKVA":7.6,"customers":2,"roadEdge":80,"rOhmKm":1.05,"xOhmKm":0.435}},{"type":"Feature","id":"electric-E194","geometry":{"type":"LineString","coordinates":[[-78.9339921,43.867872],[-78.9340506,43.8678705],[-78.9343957,43.8678403],[-78.9347565,43.8677849]]},"properties":{"kind":"distribution","tier":"primary_main","placement":"overhead","from":"electric-T-237","to":"electric-T-236","lengthM":62.2,"voltageKV":13.8,"phases":3,"phase":"ABC","feeder":"F1-02","feederId":"F1-02","designRole":"trunk","corridorId":"C-006","conductor":"#2 ACSR","capacityKVA":4302.4,"designKVA":100.4,"customers":6,"roadEdge":87,"rOhmKm":1.05,"xOhmKm":0.435}},{"type":"Feature","id":"electric-E195","geometry":{"type":"LineString","coordinates":[[-78.9325057,43.868061],[-78.9322972,43.8680627]]},"properties":{"kind":"distribution","tier":"primary_main","placement":"underground","from":"electric-T-240","to":"electric-T-241","lengthM":16.73,"voltageKV":13.8,"phases":3,"phase":"ABC","feeder":"F1-02","feederId":"F1-02","designRole":"trunk","corridorId":"C-003","conductor":"1/0 AL 15 kV XLPE","capacityKVA":4182.9,"designKVA":501.1,"customers":58,"roadEdge":91,"rOhmKm":0.641,"xOhmKm":0.14}},{"type":"Feature","id":"electric-E196","geometry":{"type":"LineString","coordinates":[[-78.934889,43.8693827],[-78.9348892,43.8693833]]},"properties":{"kind":"distribution","tier":"primary_lateral","placement":"overhead","from":"electric-T-168","to":"electric-T-169","lengthM":0.07,"voltageKV":13.8,"phases":1,"phase":"B","feeder":"F1-02","feederId":"F1-02","designRole":"lateral","conductor":"#2 ACSR","capacityKVA":1434.1,"designKVA":4.9,"customers":1,"roadEdge":80,"rOhmKm":1.05,"xOhmKm":0.435}},{"type":"Feature","id":"electric-E197","geometry":{"type":"LineString","coordinates":[[-78.9347565,43.8677849],[-78.9347834,43.8677808],[-78.9352295,43.8676862]]},"properties":{"kind":"distribution","tier":"primary_main","placement":"overhead","from":"electric-T-236","to":"electric-J-61","lengthM":39.53,"voltageKV":13.8,"phases":3,"phase":"ABC","feeder":"F1-02","feederId":"F1-02","designRole":"trunk","corridorId":"C-006","conductor":"#2 ACSR","capacityKVA":4302.4,"designKVA":58.2,"customers":3,"roadEdge":87,"rOhmKm":1.05,"xOhmKm":0.435}},{"type":"Feature","id":"electric-E198","geometry":{"type":"LineString","coordinates":[[-78.9322972,43.8680627],[-78.9322118,43.8680634],[-78.9319822,43.8680652],[-78.9318821,43.8680669]]},"properties":{"kind":"distribution","tier":"primary_main","placement":"underground","from":"electric-T-241","to":"electric-T-242","lengthM":33.32,"voltageKV":13.8,"phases":3,"phase":"ABC","feeder":"F1-02","feederId":"F1-02","designRole":"trunk","corridorId":"C-003","conductor":"1/0 AL 15 kV XLPE","capacityKVA":4182.9,"designKVA":473.6,"customers":55,"roadEdge":91,"rOhmKm":0.641,"xOhmKm":0.14}},{"type":"Feature","id":"electric-E199","geometry":{"type":"LineString","coordinates":[[-78.9352295,43.8676862],[-78.9354218,43.8676431]]},"properties":{"kind":"distribution","tier":"primary_main","placement":"overhead","from":"electric-J-61","to":"electric-J-57","lengthM":16.16,"voltageKV":13.8,"phases":3,"phase":"ABC","feeder":"F1-02","feederId":"F1-02","designRole":"trunk","corridorId":"C-006","conductor":"#2 ACSR","capacityKVA":4302.4,"designKVA":58.2,"customers":3,"roadEdge":83,"rOhmKm":1.05,"xOhmKm":0.435}},{"type":"Feature","id":"electric-E200","geometry":{"type":"LineString","coordinates":[[-78.9318821,43.8680669],[-78.9316686,43.8680706]]},"properties":{"kind":"distribution","tier":"primary_main","placement":"underground","from":"electric-T-242","to":"electric-T-243","lengthM":17.14,"voltageKV":13.8,"phases":3,"phase":"ABC","feeder":"F1-02","feederId":"F1-02","designRole":"trunk","corridorId":"C-003","conductor":"1/0 AL 15 kV XLPE","capacityKVA":4182.9,"designKVA":445.6,"customers":52,"roadEdge":91,"rOhmKm":0.641,"xOhmKm":0.14}},{"type":"Feature","id":"electric-E201","geometry":{"type":"LineString","coordinates":[[-78.9354218,43.8676431],[-78.9355395,43.8676106],[-78.9354685,43.8674605],[-78.9353763,43.8673962]]},"properties":{"kind":"distribution","tier":"primary_lateral","placement":"overhead","from":"electric-J-57","to":"electric-J-60","lengthM":38.07,"voltageKV":13.8,"phases":1,"phase":"C","feeder":"F1-02","feederId":"F1-02","designRole":"lateral","conductor":"#2 ACSR","capacityKVA":1434.1,"designKVA":4.8,"customers":1,"roadEdge":82,"rOhmKm":1.05,"xOhmKm":0.435}},{"type":"Feature","id":"electric-E202","geometry":{"type":"LineString","coordinates":[[-78.9354218,43.8676431],[-78.9357985,43.8675647]]},"properties":{"kind":"distribution","tier":"primary_main","placement":"overhead","from":"electric-J-57","to":"electric-T-231","lengthM":31.47,"voltageKV":13.8,"phases":3,"phase":"ABC","feeder":"F1-02","feederId":"F1-02","designRole":"trunk","corridorId":"C-006","conductor":"#2 ACSR","capacityKVA":4302.4,"designKVA":61.4,"customers":2,"roadEdge":75,"rOhmKm":1.05,"xOhmKm":0.435}},{"type":"Feature","id":"electric-E203","geometry":{"type":"LineString","coordinates":[[-78.9316686,43.8680706],[-78.9315179,43.8680732],[-78.9314642,43.8680729]]},"properties":{"kind":"distribution","tier":"primary_main","placement":"underground","from":"electric-T-243","to":"electric-T-244","lengthM":16.41,"voltageKV":13.8,"phases":3,"phase":"ABC","feeder":"F1-02","feederId":"F1-02","designRole":"trunk","corridorId":"C-003","conductor":"1/0 AL 15 kV XLPE","capacityKVA":4182.9,"designKVA":418.8,"customers":49,"roadEdge":91,"rOhmKm":0.641,"xOhmKm":0.14}},{"type":"Feature","id":"electric-E204","geometry":{"type":"LineString","coordinates":[[-78.9353763,43.8673962],[-78.9353699,43.8673481],[-78.9353061,43.8672145],[-78.9353044,43.8672108]]},"properties":{"kind":"distribution","tier":"primary_lateral","placement":"overhead","from":"electric-J-60","to":"electric-T-180","lengthM":21.54,"voltageKV":13.8,"phases":1,"phase":"C","feeder":"F1-02","feederId":"F1-02","designRole":"lateral","conductor":"#2 ACSR","capacityKVA":1434.1,"designKVA":4.8,"customers":1,"roadEdge":86,"rOhmKm":1.05,"xOhmKm":0.435}},{"type":"Feature","id":"electric-E205","geometry":{"type":"LineString","coordinates":[[-78.9314642,43.8680729],[-78.9313511,43.8680722],[-78.9312496,43.8680718]]},"properties":{"kind":"distribution","tier":"primary_main","placement":"underground","from":"electric-T-244","to":"electric-J-70","lengthM":17.22,"voltageKV":13.8,"phases":3,"phase":"ABC","feeder":"F1-02","feederId":"F1-02","designRole":"trunk","corridorId":"C-003","conductor":"1/0 AL 15 kV XLPE","capacityKVA":4182.9,"designKVA":409.4,"customers":48,"roadEdge":91,"rOhmKm":0.641,"xOhmKm":0.14}},{"type":"Feature","id":"electric-E206","geometry":{"type":"LineString","coordinates":[[-78.9312496,43.8680718],[-78.9310183,43.8681157],[-78.9306565,43.8681208]]},"properties":{"kind":"distribution","tier":"primary_main","placement":"underground","from":"electric-J-70","to":"electric-T-245","lengthM":48.23,"voltageKV":13.8,"phases":3,"phase":"ABC","feeder":"F1-02","feederId":"F1-02","designRole":"trunk","corridorId":"C-003","conductor":"1/0 AL 15 kV XLPE","capacityKVA":4182.9,"designKVA":106.3,"customers":8,"roadEdge":98,"rOhmKm":0.641,"xOhmKm":0.14}},{"type":"Feature","id":"electric-E207","geometry":{"type":"LineString","coordinates":[[-78.9312496,43.8680718],[-78.9310022,43.8680246],[-78.9306799,43.8680237],[-78.9306387,43.8680236]]},"properties":{"kind":"distribution","tier":"primary_main","placement":"underground","from":"electric-J-70","to":"electric-T-248","lengthM":49.71,"voltageKV":13.8,"phases":3,"phase":"ABC","feeder":"F1-02","feederId":"F1-02","designRole":"trunk","corridorId":"C-004","conductor":"1/0 AL 15 kV XLPE","capacityKVA":4182.9,"designKVA":336.5,"customers":40,"roadEdge":99,"rOhmKm":0.641,"xOhmKm":0.14}},{"type":"Feature","id":"electric-E208","geometry":{"type":"LineString","coordinates":[[-78.9306565,43.8681208],[-78.9302238,43.8681268],[-78.9300203,43.868134]]},"properties":{"kind":"distribution","tier":"primary_main","placement":"underground","from":"electric-T-245","to":"electric-T-246","lengthM":51.08,"voltageKV":13.8,"phases":3,"phase":"ABC","feeder":"F1-02","feederId":"F1-02","designRole":"trunk","corridorId":"C-003","conductor":"1/0 AL 15 kV XLPE","capacityKVA":4182.9,"designKVA":70.3,"customers":5,"roadEdge":98,"rOhmKm":0.641,"xOhmKm":0.14}},{"type":"Feature","id":"electric-E209","geometry":{"type":"LineString","coordinates":[[-78.9306387,43.8680236],[-78.9304192,43.8680234],[-78.9301306,43.8680272],[-78.9299919,43.8680361]]},"properties":{"kind":"distribution","tier":"primary_main","placement":"underground","from":"electric-T-248","to":"electric-T-249","lengthM":51.95,"voltageKV":13.8,"phases":3,"phase":"ABC","feeder":"F1-02","feederId":"F1-02","designRole":"trunk","corridorId":"C-004","conductor":"1/0 AL 15 kV XLPE","capacityKVA":4182.9,"designKVA":306.6,"customers":37,"roadEdge":99,"rOhmKm":0.641,"xOhmKm":0.14}},{"type":"Feature","id":"electric-E210","geometry":{"type":"LineString","coordinates":[[-78.9300203,43.868134],[-78.9298993,43.8681383],[-78.9297446,43.8681554],[-78.9296281,43.8681693],[-78.9294693,43.868194]]},"properties":{"kind":"distribution","tier":"primary_main","placement":"underground","from":"electric-T-246","to":"electric-T-247","lengthM":44.8,"voltageKV":13.8,"phases":3,"phase":"ABC","feeder":"F1-02","feederId":"F1-02","designRole":"lateral","corridorId":"C-003","conductor":"1/0 AL 15 kV XLPE","capacityKVA":4182.9,"designKVA":37.6,"customers":2,"roadEdge":98,"rOhmKm":0.641,"xOhmKm":0.14}},{"type":"Feature","id":"electric-E211","geometry":{"type":"LineString","coordinates":[[-78.9299919,43.8680361],[-78.9298859,43.8680429],[-78.9296074,43.8680757],[-78.9292079,43.8681295],[-78.9290648,43.868154],[-78.9289327,43.8681709]]},"properties":{"kind":"distribution","tier":"primary_main","placement":"underground","from":"electric-T-249","to":"electric-J-80","lengthM":86.37,"voltageKV":13.8,"phases":3,"phase":"ABC","feeder":"F1-02","feederId":"F1-02","designRole":"trunk","corridorId":"C-004","conductor":"1/0 AL 15 kV XLPE","capacityKVA":4182.9,"designKVA":275.6,"customers":34,"roadEdge":99,"rOhmKm":0.641,"xOhmKm":0.14}},{"type":"Feature","id":"electric-E212","geometry":{"type":"LineString","coordinates":[[-78.9289327,43.8681709],[-78.9288649,43.8682248]]},"properties":{"kind":"distribution","tier":"primary_main","placement":"underground","from":"electric-J-80","to":"electric-J-79","lengthM":8.1,"voltageKV":13.8,"phases":3,"phase":"ABC","feeder":"F1-02","feederId":"F1-02","designRole":"lateral","corridorId":"C-011","conductor":"1/0 AL 15 kV XLPE","capacityKVA":4182.9,"designKVA":27.5,"customers":3,"roadEdge":111,"rOhmKm":0.641,"xOhmKm":0.14}},{"type":"Feature","id":"electric-E213","geometry":{"type":"LineString","coordinates":[[-78.9289327,43.8681709],[-78.9288062,43.868187]]},"properties":{"kind":"distribution","tier":"primary_main","placement":"underground","from":"electric-J-80","to":"electric-J-82","lengthM":10.31,"voltageKV":13.8,"phases":3,"phase":"ABC","feeder":"F1-02","feederId":"F1-02","designRole":"trunk","corridorId":"C-004","conductor":"1/0 AL 15 kV XLPE","capacityKVA":4182.9,"designKVA":261.7,"customers":31,"roadEdge":113,"rOhmKm":0.641,"xOhmKm":0.14}},{"type":"Feature","id":"electric-E214","geometry":{"type":"LineString","coordinates":[[-78.9288649,43.8682248],[-78.9288826,43.8683051],[-78.9289397,43.8685349],[-78.9289677,43.8686859]]},"properties":{"kind":"distribution","tier":"primary_main","placement":"underground","from":"electric-J-79","to":"electric-T-250","lengthM":51.99,"voltageKV":13.8,"phases":3,"phase":"ABC","feeder":"F1-02","feederId":"F1-02","designRole":"lateral","corridorId":"C-011","conductor":"1/0 AL 15 kV XLPE","capacityKVA":4182.9,"designKVA":27.5,"customers":3,"roadEdge":108,"rOhmKm":0.641,"xOhmKm":0.14}},{"type":"Feature","id":"electric-E215","geometry":{"type":"LineString","coordinates":[[-78.9288062,43.868187],[-78.9287385,43.8682406]]},"properties":{"kind":"distribution","tier":"primary_main","placement":"underground","from":"electric-J-82","to":"electric-J-81","lengthM":8.07,"voltageKV":13.8,"phases":3,"phase":"ABC","feeder":"F1-02","feederId":"F1-02","designRole":"lateral","corridorId":"C-008","conductor":"1/0 AL 15 kV XLPE","capacityKVA":4182.9,"designKVA":93.5,"customers":30,"roadEdge":114,"rOhmKm":0.641,"xOhmKm":0.14}},{"type":"Feature","id":"electric-E216","geometry":{"type":"LineString","coordinates":[[-78.9288062,43.868187],[-78.9286852,43.8682026],[-78.9283466,43.8682515],[-78.9281747,43.8683276]]},"properties":{"kind":"distribution","tier":"primary_main","placement":"underground","from":"electric-J-82","to":"electric-T-254","lengthM":53.77,"voltageKV":13.8,"phases":3,"phase":"ABC","feeder":"F1-02","feederId":"F1-02","designRole":"trunk","corridorId":"C-004","conductor":"1/0 AL 15 kV XLPE","capacityKVA":4182.9,"designKVA":374.3,"customers":1,"roadEdge":116,"rOhmKm":0.641,"xOhmKm":0.14}},{"type":"Feature","id":"electric-E217","geometry":{"type":"LineString","coordinates":[[-78.9289677,43.8686859],[-78.9290129,43.8689292]]},"properties":{"kind":"distribution","tier":"primary_main","placement":"underground","from":"electric-T-250","to":"electric-T-199","lengthM":27.32,"voltageKV":13.8,"phases":3,"phase":"ABC","feeder":"F1-02","feederId":"F1-02","designRole":"lateral","corridorId":"C-011","conductor":"1/0 AL 15 kV XLPE","capacityKVA":4182.9,"designKVA":12.4,"customers":2,"roadEdge":108,"rOhmKm":0.641,"xOhmKm":0.14}},{"type":"Feature","id":"electric-E218","geometry":{"type":"LineString","coordinates":[[-78.9287385,43.8682406],[-78.9287562,43.8683234],[-78.9288146,43.8685623],[-78.9288618,43.8687668],[-78.928903,43.8689884],[-78.9289381,43.8690658],[-78.928943,43.8691502],[-78.9289394,43.8692957],[-78.9289954,43.8693685]]},"properties":{"kind":"distribution","tier":"primary_main","placement":"underground","from":"electric-J-81","to":"electric-J-77","lengthM":128.24,"voltageKV":13.8,"phases":3,"phase":"ABC","feeder":"F1-02","feederId":"F1-02","designRole":"lateral","corridorId":"C-008","conductor":"1/0 AL 15 kV XLPE","capacityKVA":4182.9,"designKVA":86.7,"customers":29,"roadEdge":109,"rOhmKm":0.641,"xOhmKm":0.14}},{"type":"Feature","id":"electric-E219","geometry":{"type":"LineString","coordinates":[[-78.9287385,43.8682406],[-78.9287149,43.8683045],[-78.9286545,43.8683122],[-78.92834,43.8683545],[-78.9281446,43.8683372]]},"properties":{"kind":"distribution","tier":"primary_main","placement":"underground","from":"electric-J-81","to":"electric-T-253","lengthM":53.76,"voltageKV":13.8,"phases":3,"phase":"ABC","feeder":"F1-02","feederId":"F1-02","designRole":"lateral","corridorId":"C-003","conductor":"1/0 AL 15 kV XLPE","capacityKVA":4182.9,"designKVA":16.0,"customers":1,"roadEdge":115,"rOhmKm":0.641,"xOhmKm":0.14}},{"type":"Feature","id":"electric-E220","geometry":{"type":"LineString","coordinates":[[-78.9289954,43.8693685],[-78.9289813,43.8694164]]},"properties":{"kind":"distribution","tier":"primary_main","placement":"underground","from":"electric-J-77","to":"electric-J-78","lengthM":5.45,"voltageKV":13.8,"phases":3,"phase":"ABC","feeder":"F1-02","feederId":"F1-02","designRole":"lateral","corridorId":"C-008","conductor":"1/0 AL 15 kV XLPE","capacityKVA":4182.9,"designKVA":86.7,"customers":29,"roadEdge":107,"rOhmKm":0.641,"xOhmKm":0.14}},{"type":"Feature","id":"electric-E221","geometry":{"type":"LineString","coordinates":[[-78.9289813,43.8694164],[-78.9292322,43.869483],[-78.9293139,43.8694871],[-78.9295568,43.8694935]]},"properties":{"kind":"distribution","tier":"primary_lateral","placement":"underground","from":"electric-J-78","to":"electric-T-198","lengthM":47.53,"voltageKV":13.8,"phases":1,"phase":"C","feeder":"F1-02","feederId":"F1-02","designRole":"lateral","conductor":"1/0 AL 15 kV XLPE","capacityKVA":1394.3,"designKVA":86.7,"customers":29,"roadEdge":103,"rOhmKm":0.641,"xOhmKm":0.14}},{"type":"Feature","id":"electric-E222","geometry":{"type":"LineString","coordinates":[[-78.9295568,43.8694935],[-78.9297944,43.8694998]]},"properties":{"kind":"distribution","tier":"primary_lateral","placement":"underground","from":"electric-T-198","to":"electric-J-74","lengthM":19.08,"voltageKV":13.8,"phases":1,"phase":"C","feeder":"F1-02","feederId":"F1-02","designRole":"lateral","conductor":"1/0 AL 15 kV XLPE","capacityKVA":1394.3,"designKVA":86.0,"customers":28,"roadEdge":103,"rOhmKm":0.641,"xOhmKm":0.14}},{"type":"Feature","id":"electric-E223","geometry":{"type":"LineString","coordinates":[[-78.9297944,43.8694998],[-78.9299097,43.8694873],[-78.9302398,43.8694518]]},"properties":{"kind":"distribution","tier":"primary_lateral","placement":"underground","from":"electric-J-74","to":"electric-T-195","lengthM":36.14,"voltageKV":13.8,"phases":1,"phase":"C","feeder":"F1-02","feederId":"F1-02","designRole":"lateral","conductor":"1/0 AL 15 kV XLPE","capacityKVA":1394.3,"designKVA":76.2,"customers":25,"roadEdge":100,"rOhmKm":0.641,"xOhmKm":0.14}},{"type":"Feature","id":"electric-E224","geometry":{"type":"LineString","coordinates":[[-78.9297944,43.8694998],[-78.9297398,43.8695316],[-78.9297466,43.8695599],[-78.9298545,43.8699272],[-78.9298944,43.8700289]]},"properties":{"kind":"distribution","tier":"primary_lateral","placement":"underground","from":"electric-J-74","to":"electric-T-197","lengthM":62.39,"voltageKV":13.8,"phases":1,"phase":"C","feeder":"F1-02","feederId":"F1-02","designRole":"lateral","conductor":"1/0 AL 15 kV XLPE","capacityKVA":1394.3,"designKVA":17.2,"customers":3,"roadEdge":102,"rOhmKm":0.641,"xOhmKm":0.14}},{"type":"Feature","id":"electric-E225","geometry":{"type":"LineString","coordinates":[[-78.9302398,43.8694518],[-78.9308989,43.8693809]]},"properties":{"kind":"distribution","tier":"primary_lateral","placement":"underground","from":"electric-T-195","to":"electric-J-71","lengthM":53.48,"voltageKV":13.8,"phases":1,"phase":"C","feeder":"F1-02","feederId":"F1-02","designRole":"lateral","conductor":"1/0 AL 15 kV XLPE","capacityKVA":1394.3,"designKVA":59.0,"customers":19,"roadEdge":100,"rOhmKm":0.641,"xOhmKm":0.14}},{"type":"Feature","id":"electric-E226","geometry":{"type":"LineString","coordinates":[[-78.9298944,43.8700289],[-78.9299376,43.870139],[-78.9299609,43.8701982]]},"properties":{"kind":"distribution","tier":"primary_lateral","placement":"underground","from":"electric-T-197","to":"electric-J-73","lengthM":19.59,"voltageKV":13.8,"phases":1,"phase":"C","feeder":"F1-02","feederId":"F1-02","designRole":"lateral","conductor":"1/0 AL 15 kV XLPE","capacityKVA":1394.3,"designKVA":14.3,"customers":2,"roadEdge":102,"rOhmKm":0.641,"xOhmKm":0.14}},{"type":"Feature","id":"electric-E227","geometry":{"type":"LineString","coordinates":[[-78.9308989,43.8693809],[-78.9310099,43.8693656],[-78.9311108,43.8693517]]},"properties":{"kind":"distribution","tier":"primary_lateral","placement":"underground","from":"electric-J-71","to":"electric-T-191","lengthM":17.31,"voltageKV":13.8,"phases":1,"phase":"C","feeder":"F1-02","feederId":"F1-02","designRole":"lateral","conductor":"1/0 AL 15 kV XLPE","capacityKVA":1394.3,"designKVA":49.9,"customers":15,"roadEdge":95,"rOhmKm":0.641,"xOhmKm":0.14}},{"type":"Feature","id":"electric-E228","geometry":{"type":"LineString","coordinates":[[-78.9308989,43.8693809],[-78.9308456,43.8694095],[-78.9308505,43.8694199],[-78.9309868,43.8697326]]},"properties":{"kind":"distribution","tier":"primary_lateral","placement":"underground","from":"electric-J-71","to":"electric-T-193","lengthM":43.03,"voltageKV":13.8,"phases":1,"phase":"C","feeder":"F1-02","feederId":"F1-02","designRole":"lateral","conductor":"1/0 AL 15 kV XLPE","capacityKVA":1394.3,"designKVA":15.1,"customers":4,"roadEdge":96,"rOhmKm":0.641,"xOhmKm":0.14}},{"type":"Feature","id":"electric-E229","geometry":{"type":"LineString","coordinates":[[-78.9299609,43.8701982],[-78.930068,43.8704339]]},"properties":{"kind":"distribution","tier":"primary_lateral","placement":"underground","from":"electric-J-73","to":"electric-T-196","lengthM":27.61,"voltageKV":13.8,"phases":1,"phase":"C","feeder":"F1-02","feederId":"F1-02","designRole":"lateral","conductor":"1/0 AL 15 kV XLPE","capacityKVA":1394.3,"designKVA":14.3,"customers":2,"roadEdge":101,"rOhmKm":0.641,"xOhmKm":0.14}},{"type":"Feature","id":"electric-E230","geometry":{"type":"LineString","coordinates":[[-78.9311108,43.8693517],[-78.9315242,43.8692948],[-78.9318889,43.869215],[-78.9319199,43.8692227]]},"properties":{"kind":"distribution","tier":"primary_lateral","placement":"underground","from":"electric-T-191","to":"electric-T-190","lengthM":66.99,"voltageKV":13.8,"phases":1,"phase":"C","feeder":"F1-02","feederId":"F1-02","designRole":"lateral","conductor":"1/0 AL 15 kV XLPE","capacityKVA":1394.3,"designKVA":49.8,"customers":14,"roadEdge":95,"rOhmKm":0.641,"xOhmKm":0.14}},{"type":"Feature","id":"electric-E231","geometry":{"type":"LineString","coordinates":[[-78.9319199,43.8692227],[-78.9319398,43.8692276],[-78.9319858,43.869259],[-78.9322105,43.8697557]]},"properties":{"kind":"distribution","tier":"primary_lateral","placement":"underground","from":"electric-T-190","to":"electric-T-189","lengthM":64.93,"voltageKV":13.8,"phases":1,"phase":"C","feeder":"F1-02","feederId":"F1-02","designRole":"lateral","conductor":"1/0 AL 15 kV XLPE","capacityKVA":1394.3,"designKVA":32.7,"customers":10,"roadEdge":95,"rOhmKm":0.641,"xOhmKm":0.14}},{"type":"Feature","id":"electric-E1003","geometry":{"type":"LineString","coordinates":[[-78.9386772,43.8716876],[-78.9385425,43.8715707],[-78.9383524,43.8711598]]},"properties":{"kind":"distribution","tier":"primary_main","placement":"underground","from":"electric-J-36","to":"electric-T-207","lengthM":65.13,"voltageKV":13.8,"phases":3,"phase":"ABC","switch":"tie","switchId":"TIE-F1-01-F1-02","designRole":"tie","corridorId":"C-001"}},{"type":"Feature","id":"electric-E1004","geometry":{"type":"LineString","coordinates":[[-78.9324443,43.8730737],[-78.9323,43.8729639],[-78.932273,43.8728938],[-78.9321184,43.8725532],[-78.9320855,43.8724809],[-78.9318007,43.8718311],[-78.9315226,43.8711964],[-78.931333,43.8707638],[-78.9313013,43.8706934],[-78.9312107,43.8704927],[-78.9311681,43.8703482],[-78.9311556,43.8702778],[-78.931138,43.8701792],[-78.9310873,43.8700082],[-78.930969,43.8697366],[-78.9308328,43.8694241],[-78.930828,43.8694139],[-78.9307967,43.8693483],[-78.9302425,43.8694651],[-78.9299126,43.8695006],[-78.9298127,43.8695124],[-78.9295561,43.8695069],[-78.9293129,43.8695005],[-78.929231,43.8694965],[-78.9289813,43.8694164]]},"properties":{"kind":"distribution","tier":"primary_main","placement":"underground","from":"electric-J-67","to":"electric-J-78","lengthM":587.33,"voltageKV":13.8,"phases":3,"phase":"ABC","switch":"tie","switchId":"TIE-F1-01-F1-02-2","designRole":"tie","newLine":true}}]}