{"type":"FeatureCollection","name":"gas_services","crs_note":"EPSG:4326","features":[{"type":"Feature","id":"gas-E541","geometry":{"type":"LineString","coordinates":[[-78.9447545,43.8684695],[-78.9446987,43.8684656],[-78.9446048,43.8685124]]},"properties":{"kind":"service","tier":"service","placement":"underground","from":"gas-T-93","to":"gas-N-P-00001","lengthM":13.66,"sizeMm":25,"diameterIn":0.98,"nominalLabel":"1\" PE","depthM":0.8,"pressureTier":"lp","excessFlowValve":false}},{"type":"Feature","id":"gas-E542","geometry":{"type":"LineString","coordinates":[[-78.9445729,43.867617],[-78.944569,43.8676573],[-78.9446229,43.8677151]]},"properties":{"kind":"service","tier":"service","placement":"underground","from":"gas-T-94","to":"gas-N-P-00002","lengthM":12.26,"sizeMm":25,"diameterIn":0.98,"nominalLabel":"1\" PE","depthM":0.8,"pressureTier":"lp","excessFlowValve":false}},{"type":"Feature","id":"gas-E543","geometry":{"type":"LineString","coordinates":[[-78.9443662,43.8676066],[-78.9443623,43.8676469],[-78.9444332,43.8677102]]},"properties":{"kind":"service","tier":"service","placement":"underground","from":"gas-T-95","to":"gas-N-P-00003","lengthM":13.56,"sizeMm":25,"diameterIn":0.98,"nominalLabel":"1\" PE","depthM":0.8,"pressureTier":"lp","excessFlowValve":false}},{"type":"Feature","id":"gas-E544","geometry":{"type":"LineString","coordinates":[[-78.9441596,43.8675962],[-78.9441557,43.8676365],[-78.944204,43.8676915]]},"properties":{"kind":"service","tier":"service","placement":"underground","from":"gas-T-96","to":"gas-N-P-00004","lengthM":11.74,"sizeMm":25,"diameterIn":0.98,"nominalLabel":"1\" PE","depthM":0.8,"pressureTier":"lp","excessFlowValve":false}},{"type":"Feature","id":"gas-E545","geometry":{"type":"LineString","coordinates":[[-78.9437384,43.8675751],[-78.9437345,43.8676154],[-78.9437985,43.867669]]},"properties":{"kind":"service","tier":"service","placement":"underground","from":"gas-T-97","to":"gas-N-P-00006","lengthM":12.38,"sizeMm":25,"diameterIn":0.98,"nominalLabel":"1\" PE","depthM":0.8,"pressureTier":"lp","excessFlowValve":false}},{"type":"Feature","id":"gas-E546","geometry":{"type":"LineString","coordinates":[[-78.9435886,43.8680683],[-78.9436425,43.8680572],[-78.9436898,43.8679996]]},"properties":{"kind":"service","tier":"service","placement":"underground","from":"gas-T-98","to":"gas-N-P-00007","lengthM":11.95,"sizeMm":25,"diameterIn":0.98,"nominalLabel":"1\" PE","depthM":0.8,"pressureTier":"lp","excessFlowValve":false}},{"type":"Feature","id":"gas-E547","geometry":{"type":"LineString","coordinates":[[-78.9436474,43.8682161],[-78.9437013,43.868205],[-78.943759,43.8681689]]},"properties":{"kind":"service","tier":"service","placement":"underground","from":"gas-T-99","to":"gas-N-P-00008","lengthM":10.63,"sizeMm":25,"diameterIn":0.98,"nominalLabel":"1\" PE","depthM":0.8,"pressureTier":"lp","excessFlowValve":false}},{"type":"Feature","id":"gas-E548","geometry":{"type":"LineString","coordinates":[[-78.943705,43.868361],[-78.9437589,43.8683498],[-78.9439036,43.8683012]]},"properties":{"kind":"service","tier":"service","placement":"underground","from":"gas-T-100","to":"gas-N-P-00009","lengthM":17.31,"sizeMm":25,"diameterIn":0.98,"nominalLabel":"1\" PE","depthM":0.8,"pressureTier":"lp","excessFlowValve":false}},{"type":"Feature","id":"gas-E549","geometry":{"type":"LineString","coordinates":[[-78.94382,43.8686498],[-78.9438739,43.8686386],[-78.9439358,43.8685957]]},"properties":{"kind":"service","tier":"service","placement":"underground","from":"gas-T-101","to":"gas-N-P-00011","lengthM":11.39,"sizeMm":25,"diameterIn":0.98,"nominalLabel":"1\" PE","depthM":0.8,"pressureTier":"lp","excessFlowValve":false}},{"type":"Feature","id":"gas-E550","geometry":{"type":"LineString","coordinates":[[-78.9438751,43.8687882],[-78.9439339,43.868776],[-78.9439789,43.8687037]]},"properties":{"kind":"service","tier":"service","placement":"underground","from":"gas-T-102","to":"gas-N-P-00012","lengthM":13.74,"sizeMm":25,"diameterIn":0.98,"nominalLabel":"1\" PE","depthM":0.8,"pressureTier":"lp","excessFlowValve":false}},{"type":"Feature","id":"gas-E551","geometry":{"type":"LineString","coordinates":[[-78.9439658,43.8689411],[-78.9440302,43.8689194],[-78.9440615,43.8688518]]},"properties":{"kind":"service","tier":"service","placement":"underground","from":"gas-T-103","to":"gas-N-P-00013","lengthM":13.63,"sizeMm":25,"diameterIn":0.98,"nominalLabel":"1\" PE","depthM":0.8,"pressureTier":"lp","excessFlowValve":false}},{"type":"Feature","id":"gas-E552","geometry":{"type":"LineString","coordinates":[[-78.944121,43.8690702],[-78.9441621,43.8690426],[-78.9441927,43.8689775]]},"properties":{"kind":"service","tier":"service","placement":"underground","from":"gas-T-104","to":"gas-N-P-00014","lengthM":12.16,"sizeMm":25,"diameterIn":0.98,"nominalLabel":"1\" PE","depthM":0.8,"pressureTier":"lp","excessFlowValve":false}},{"type":"Feature","id":"gas-E553","geometry":{"type":"LineString","coordinates":[[-78.9442542,43.8691732],[-78.9442952,43.8691456],[-78.9443021,43.8690834]]},"properties":{"kind":"service","tier":"service","placement":"underground","from":"gas-T-105","to":"gas-N-P-00015","lengthM":11.44,"sizeMm":25,"diameterIn":0.98,"nominalLabel":"1\" PE","depthM":0.8,"pressureTier":"lp","excessFlowValve":false}},{"type":"Feature","id":"gas-E554","geometry":{"type":"LineString","coordinates":[[-78.9442625,43.8676014],[-78.9442742,43.8674804],[-78.9443312,43.8674346]]},"properties":{"kind":"service","tier":"service","placement":"underground","from":"gas-T-106","to":"gas-N-P-00016","lengthM":20.35,"sizeMm":25,"diameterIn":0.98,"nominalLabel":"1\" PE","depthM":0.8,"pressureTier":"lp","excessFlowValve":false}},{"type":"Feature","id":"gas-E555","geometry":{"type":"LineString","coordinates":[[-78.9440623,43.8675913],[-78.944074,43.8674704],[-78.944133,43.8674205]]},"properties":{"kind":"service","tier":"service","placement":"underground","from":"gas-T-107","to":"gas-N-P-00017","lengthM":20.8,"sizeMm":25,"diameterIn":0.98,"nominalLabel":"1\" PE","depthM":0.8,"pressureTier":"lp","excessFlowValve":false}},{"type":"Feature","id":"gas-E556","geometry":{"type":"LineString","coordinates":[[-78.9434939,43.8678305],[-78.9433322,43.867864],[-78.9432523,43.8678424]]},"properties":{"kind":"service","tier":"service","placement":"underground","from":"gas-T-108","to":"gas-N-P-00019","lengthM":20.34,"sizeMm":25,"diameterIn":0.98,"nominalLabel":"1\" PE","depthM":0.8,"pressureTier":"lp","excessFlowValve":false}},{"type":"Feature","id":"gas-E557","geometry":{"type":"LineString","coordinates":[[-78.9435482,43.867967],[-78.9433865,43.8680005],[-78.9432514,43.8680097]]},"properties":{"kind":"service","tier":"service","placement":"underground","from":"gas-T-109","to":"gas-N-P-00020","lengthM":24.39,"sizeMm":25,"diameterIn":0.98,"nominalLabel":"1\" PE","depthM":0.8,"pressureTier":"lp","excessFlowValve":false}},{"type":"Feature","id":"gas-E558","geometry":{"type":"LineString","coordinates":[[-78.9436617,43.8682522],[-78.9435,43.8682856],[-78.9433677,43.8682943]]},"properties":{"kind":"service","tier":"service","placement":"underground","from":"gas-T-110","to":"gas-N-P-00022","lengthM":24.16,"sizeMm":25,"diameterIn":0.98,"nominalLabel":"1\" PE","depthM":0.8,"pressureTier":"lp","excessFlowValve":false}},{"type":"Feature","id":"gas-E559","geometry":{"type":"LineString","coordinates":[[-78.9437211,43.8684013],[-78.9435594,43.8684348],[-78.9434286,43.8684431]]},"properties":{"kind":"service","tier":"service","placement":"underground","from":"gas-T-111","to":"gas-N-P-00023","lengthM":24.03,"sizeMm":25,"diameterIn":0.98,"nominalLabel":"1\" PE","depthM":0.8,"pressureTier":"lp","excessFlowValve":false}},{"type":"Feature","id":"gas-E560","geometry":{"type":"LineString","coordinates":[[-78.9437753,43.8685374],[-78.9436135,43.8685708],[-78.9434841,43.868579]]},"properties":{"kind":"service","tier":"service","placement":"underground","from":"gas-T-112","to":"gas-N-P-00024","lengthM":23.93,"sizeMm":25,"diameterIn":0.98,"nominalLabel":"1\" PE","depthM":0.8,"pressureTier":"lp","excessFlowValve":false}},{"type":"Feature","id":"gas-E561","geometry":{"type":"LineString","coordinates":[[-78.9438319,43.8686797],[-78.9436702,43.8687132],[-78.9435856,43.8686702]]},"properties":{"kind":"service","tier":"service","placement":"underground","from":"gas-T-113","to":"gas-N-P-00025","lengthM":21.81,"sizeMm":25,"diameterIn":0.98,"nominalLabel":"1\" PE","depthM":0.8,"pressureTier":"lp","excessFlowValve":false}},{"type":"Feature","id":"gas-E562","geometry":{"type":"LineString","coordinates":[[-78.9440576,43.8690211],[-78.9439346,43.8691038],[-78.9438594,43.8691158]]},"properties":{"kind":"service","tier":"service","placement":"underground","from":"gas-T-114","to":"gas-N-P-00026","lengthM":19.68,"sizeMm":25,"diameterIn":0.98,"nominalLabel":"1\" PE","depthM":0.8,"pressureTier":"lp","excessFlowValve":false}},{"type":"Feature","id":"gas-E563","geometry":{"type":"LineString","coordinates":[[-78.9441975,43.8691293],[-78.9440744,43.869212],[-78.9439931,43.8692415]]},"properties":{"kind":"service","tier":"service","placement":"underground","from":"gas-T-115","to":"gas-N-P-00027","lengthM":20.81,"sizeMm":25,"diameterIn":0.98,"nominalLabel":"1\" PE","depthM":0.8,"pressureTier":"lp","excessFlowValve":false}},{"type":"Feature","id":"gas-E564","geometry":{"type":"LineString","coordinates":[[-78.9443319,43.8692333],[-78.9442089,43.869316],[-78.9441074,43.8693127]]},"properties":{"kind":"service","tier":"service","placement":"underground","from":"gas-T-116","to":"gas-N-P-00028","lengthM":21.65,"sizeMm":25,"diameterIn":0.98,"nominalLabel":"1\" PE","depthM":0.8,"pressureTier":"lp","excessFlowValve":false}},{"type":"Feature","id":"gas-E565","geometry":{"type":"LineString","coordinates":[[-78.9444732,43.8693425],[-78.9443486,43.8694262],[-78.944268,43.8694387]]},"properties":{"kind":"service","tier":"service","placement":"underground","from":"gas-T-117","to":"gas-N-P-00029","lengthM":20.28,"sizeMm":25,"diameterIn":0.98,"nominalLabel":"1\" PE","depthM":0.8,"pressureTier":"lp","excessFlowValve":false}},{"type":"Feature","id":"gas-E566","geometry":{"type":"LineString","coordinates":[[-78.9433212,43.870626],[-78.9432638,43.8704925],[-78.9432939,43.8704635]]},"properties":{"kind":"service","tier":"service","placement":"underground","from":"gas-T-118","to":"gas-N-P-00030","lengthM":19.6,"sizeMm":25,"diameterIn":0.98,"nominalLabel":"1\" PE","depthM":0.8,"pressureTier":"lp","excessFlowValve":false}},{"type":"Feature","id":"gas-E567","geometry":{"type":"LineString","coordinates":[[-78.9430799,43.8706799],[-78.9430228,43.8705469],[-78.9430417,43.8704812]]},"properties":{"kind":"service","tier":"service","placement":"underground","from":"gas-T-119","to":"gas-N-P-00031","lengthM":22.97,"sizeMm":25,"diameterIn":0.98,"nominalLabel":"1\" PE","depthM":0.8,"pressureTier":"lp","excessFlowValve":false}},{"type":"Feature","id":"gas-E568","geometry":{"type":"LineString","coordinates":[[-78.9425356,43.8713945],[-78.9424819,43.8714063],[-78.9424139,43.8714405]]},"properties":{"kind":"service","tier":"service","placement":"underground","from":"gas-T-120","to":"gas-N-P-00032","lengthM":11.15,"sizeMm":25,"diameterIn":0.98,"nominalLabel":"1\" PE","depthM":0.8,"pressureTier":"lp","excessFlowValve":false}},{"type":"Feature","id":"gas-E569","geometry":{"type":"LineString","coordinates":[[-78.9424742,43.8712498],[-78.9424206,43.8712616],[-78.9423752,43.8713127]]},"properties":{"kind":"service","tier":"service","placement":"underground","from":"gas-T-121","to":"gas-N-P-00033","lengthM":11.25,"sizeMm":25,"diameterIn":0.98,"nominalLabel":"1\" PE","depthM":0.8,"pressureTier":"lp","excessFlowValve":false}},{"type":"Feature","id":"gas-E570","geometry":{"type":"LineString","coordinates":[[-78.9424142,43.8711084],[-78.9423606,43.8711202],[-78.9422989,43.8711635]]},"properties":{"kind":"service","tier":"service","placement":"underground","from":"gas-T-122","to":"gas-N-P-00034","lengthM":11.41,"sizeMm":25,"diameterIn":0.98,"nominalLabel":"1\" PE","depthM":0.8,"pressureTier":"lp","excessFlowValve":false}},{"type":"Feature","id":"gas-E571","geometry":{"type":"LineString","coordinates":[[-78.9423544,43.8709672],[-78.9423008,43.8709791],[-78.9422349,43.871036]]},"properties":{"kind":"service","tier":"service","placement":"underground","from":"gas-T-123","to":"gas-N-P-00035","lengthM":12.75,"sizeMm":25,"diameterIn":0.98,"nominalLabel":"1\" PE","depthM":0.8,"pressureTier":"lp","excessFlowValve":false}},{"type":"Feature","id":"gas-E572","geometry":{"type":"LineString","coordinates":[[-78.9423529,43.8709637],[-78.9425138,43.8709282],[-78.9425981,43.8709615]]},"properties":{"kind":"service","tier":"service","placement":"underground","from":"gas-T-124","to":"gas-N-P-00036","lengthM":21.22,"sizeMm":25,"diameterIn":0.98,"nominalLabel":"1\" PE","depthM":0.8,"pressureTier":"lp","excessFlowValve":false}},{"type":"Feature","id":"gas-E573","geometry":{"type":"LineString","coordinates":[[-78.9417903,43.8720815],[-78.9417392,43.8719658],[-78.9417525,43.8719105]]},"properties":{"kind":"service","tier":"service","placement":"underground","from":"gas-T-125","to":"gas-N-P-00038","lengthM":19.77,"sizeMm":25,"diameterIn":0.98,"nominalLabel":"1\" PE","depthM":0.8,"pressureTier":"lp","excessFlowValve":false}},{"type":"Feature","id":"gas-E574","geometry":{"type":"LineString","coordinates":[[-78.9419882,43.8680457],[-78.9420053,43.8680842],[-78.9420617,43.8681358]]},"properties":{"kind":"service","tier":"service","placement":"underground","from":"gas-T-126","to":"gas-N-P-00039","lengthM":11.81,"sizeMm":25,"diameterIn":0.98,"nominalLabel":"1\" PE","depthM":0.8,"pressureTier":"lp","excessFlowValve":false}},{"type":"Feature","id":"gas-E575","geometry":{"type":"LineString","coordinates":[[-78.9417936,43.8680907],[-78.9418107,43.8681292],[-78.941888,43.8681707]]},"properties":{"kind":"service","tier":"service","placement":"underground","from":"gas-T-127","to":"gas-N-P-00040","lengthM":12.23,"sizeMm":25,"diameterIn":0.98,"nominalLabel":"1\" PE","depthM":0.8,"pressureTier":"lp","excessFlowValve":false}},{"type":"Feature","id":"gas-E576","geometry":{"type":"LineString","coordinates":[[-78.9416069,43.8681339],[-78.9416241,43.8681724],[-78.9417021,43.8682058]]},"properties":{"kind":"service","tier":"service","placement":"underground","from":"gas-T-128","to":"gas-N-P-00041","lengthM":11.79,"sizeMm":25,"diameterIn":0.98,"nominalLabel":"1\" PE","depthM":0.8,"pressureTier":"lp","excessFlowValve":false}},{"type":"Feature","id":"gas-E577","geometry":{"type":"LineString","coordinates":[[-78.9414144,43.8681784],[-78.9414315,43.8682169],[-78.9415267,43.868249]]},"properties":{"kind":"service","tier":"service","placement":"underground","from":"gas-T-129","to":"gas-N-P-00042","lengthM":12.93,"sizeMm":25,"diameterIn":0.98,"nominalLabel":"1\" PE","depthM":0.8,"pressureTier":"lp","excessFlowValve":false}},{"type":"Feature","id":"gas-E578","geometry":{"type":"LineString","coordinates":[[-78.9420097,43.8680407],[-78.9419583,43.8679253],[-78.9420015,43.8678605]]},"properties":{"kind":"service","tier":"service","placement":"underground","from":"gas-T-130","to":"gas-N-P-00043","lengthM":21.5,"sizeMm":25,"diameterIn":0.98,"nominalLabel":"1\" PE","depthM":0.8,"pressureTier":"lp","excessFlowValve":false}},{"type":"Feature","id":"gas-E579","geometry":{"type":"LineString","coordinates":[[-78.9418095,43.868087],[-78.9417581,43.8679716],[-78.9418137,43.8678979]]},"properties":{"kind":"service","tier":"service","placement":"underground","from":"gas-T-131","to":"gas-N-P-00044","lengthM":22.84,"sizeMm":25,"diameterIn":0.98,"nominalLabel":"1\" PE","depthM":0.8,"pressureTier":"lp","excessFlowValve":false}},{"type":"Feature","id":"gas-E580","geometry":{"type":"LineString","coordinates":[[-78.9416048,43.8681344],[-78.9415535,43.8680189],[-78.9415529,43.8679656]]},"properties":{"kind":"service","tier":"service","placement":"underground","from":"gas-T-132","to":"gas-N-P-00045","lengthM":19.44,"sizeMm":25,"diameterIn":0.98,"nominalLabel":"1\" PE","depthM":0.8,"pressureTier":"lp","excessFlowValve":false}},{"type":"Feature","id":"gas-E581","geometry":{"type":"LineString","coordinates":[[-78.941409,43.8681797],[-78.9413576,43.8680642],[-78.9413765,43.8680008]]},"properties":{"kind":"service","tier":"service","placement":"underground","from":"gas-T-133","to":"gas-N-P-00046","lengthM":20.72,"sizeMm":25,"diameterIn":0.98,"nominalLabel":"1\" PE","depthM":0.8,"pressureTier":"lp","excessFlowValve":false}},{"type":"Feature","id":"gas-E582","geometry":{"type":"LineString","coordinates":[[-78.9422257,43.8706701],[-78.9421723,43.8706825],[-78.9421022,43.8707204]]},"properties":{"kind":"service","tier":"service","placement":"underground","from":"gas-T-134","to":"gas-N-P-00047","lengthM":11.53,"sizeMm":25,"diameterIn":0.98,"nominalLabel":"1\" PE","depthM":0.8,"pressureTier":"lp","excessFlowValve":false}},{"type":"Feature","id":"gas-E583","geometry":{"type":"LineString","coordinates":[[-78.9421601,43.8705224],[-78.9421067,43.8705348],[-78.9420587,43.8705978]]},"properties":{"kind":"service","tier":"service","placement":"underground","from":"gas-T-135","to":"gas-N-P-00048","lengthM":12.5,"sizeMm":25,"diameterIn":0.98,"nominalLabel":"1\" PE","depthM":0.8,"pressureTier":"lp","excessFlowValve":false}},{"type":"Feature","id":"gas-E584","geometry":{"type":"LineString","coordinates":[[-78.9420953,43.8703767],[-78.9420419,43.870389],[-78.9419733,43.8704434]]},"properties":{"kind":"service","tier":"service","placement":"underground","from":"gas-T-136","to":"gas-N-P-00049","lengthM":12.68,"sizeMm":25,"diameterIn":0.98,"nominalLabel":"1\" PE","depthM":0.8,"pressureTier":"lp","excessFlowValve":false}},{"type":"Feature","id":"gas-E585","geometry":{"type":"LineString","coordinates":[[-78.9420342,43.8702392],[-78.9419808,43.8702516],[-78.9419331,43.870318]]},"properties":{"kind":"service","tier":"service","placement":"underground","from":"gas-T-137","to":"gas-N-P-00050","lengthM":12.83,"sizeMm":25,"diameterIn":0.98,"nominalLabel":"1\" PE","depthM":0.8,"pressureTier":"lp","excessFlowValve":false}},{"type":"Feature","id":"gas-E586","geometry":{"type":"LineString","coordinates":[[-78.9419732,43.8701021],[-78.9419198,43.8701144],[-78.9418704,43.8701603]]},"properties":{"kind":"service","tier":"service","placement":"underground","from":"gas-T-138","to":"gas-N-P-00051","lengthM":10.97,"sizeMm":25,"diameterIn":0.98,"nominalLabel":"1\" PE","depthM":0.8,"pressureTier":"lp","excessFlowValve":false}},{"type":"Feature","id":"gas-E587","geometry":{"type":"LineString","coordinates":[[-78.9419095,43.8699587],[-78.9418561,43.869971],[-78.941809,43.8700361]]},"properties":{"kind":"service","tier":"service","placement":"underground","from":"gas-T-139","to":"gas-N-P-00052","lengthM":12.67,"sizeMm":25,"diameterIn":0.98,"nominalLabel":"1\" PE","depthM":0.8,"pressureTier":"lp","excessFlowValve":false}},{"type":"Feature","id":"gas-E588","geometry":{"type":"LineString","coordinates":[[-78.9418429,43.8698088],[-78.9417895,43.8698212],[-78.9417421,43.8698846]]},"properties":{"kind":"service","tier":"service","placement":"underground","from":"gas-T-140","to":"gas-N-P-00053","lengthM":12.52,"sizeMm":25,"diameterIn":0.98,"nominalLabel":"1\" PE","depthM":0.8,"pressureTier":"lp","excessFlowValve":false}},{"type":"Feature","id":"gas-E589","geometry":{"type":"LineString","coordinates":[[-78.9417808,43.8696691],[-78.9417274,43.8696814],[-78.9416644,43.8697342]]},"properties":{"kind":"service","tier":"service","placement":"underground","from":"gas-T-141","to":"gas-N-P-00054","lengthM":12.25,"sizeMm":25,"diameterIn":0.98,"nominalLabel":"1\" PE","depthM":0.8,"pressureTier":"lp","excessFlowValve":false}},{"type":"Feature","id":"gas-E590","geometry":{"type":"LineString","coordinates":[[-78.9422238,43.8706658],[-78.9423839,43.8706288],[-78.9424767,43.8706385]]},"properties":{"kind":"service","tier":"service","placement":"underground","from":"gas-T-142","to":"gas-N-P-00057","lengthM":21.02,"sizeMm":25,"diameterIn":0.98,"nominalLabel":"1\" PE","depthM":0.8,"pressureTier":"lp","excessFlowValve":false}},{"type":"Feature","id":"gas-E591","geometry":{"type":"LineString","coordinates":[[-78.9421628,43.8705286],[-78.942323,43.8704916],[-78.9424042,43.8705103]]},"properties":{"kind":"service","tier":"service","placement":"underground","from":"gas-T-143","to":"gas-N-P-00058","lengthM":20.34,"sizeMm":25,"diameterIn":0.98,"nominalLabel":"1\" PE","depthM":0.8,"pressureTier":"lp","excessFlowValve":false}},{"type":"Feature","id":"gas-E592","geometry":{"type":"LineString","coordinates":[[-78.9421011,43.8703897],[-78.9422613,43.8703527],[-78.942331,43.8703535]]},"properties":{"kind":"service","tier":"service","placement":"underground","from":"gas-T-144","to":"gas-N-P-00059","lengthM":19.09,"sizeMm":25,"diameterIn":0.98,"nominalLabel":"1\" PE","depthM":0.8,"pressureTier":"lp","excessFlowValve":false}},{"type":"Feature","id":"gas-E593","geometry":{"type":"LineString","coordinates":[[-78.9420367,43.8702448],[-78.9421969,43.8702078],[-78.9422795,43.8702064]]},"properties":{"kind":"service","tier":"service","placement":"underground","from":"gas-T-145","to":"gas-N-P-00060","lengthM":20.13,"sizeMm":25,"diameterIn":0.98,"nominalLabel":"1\" PE","depthM":0.8,"pressureTier":"lp","excessFlowValve":false}},{"type":"Feature","id":"gas-E594","geometry":{"type":"LineString","coordinates":[[-78.9419715,43.8700981],[-78.9421317,43.8700611],[-78.9422212,43.8700763]]},"properties":{"kind":"service","tier":"service","placement":"underground","from":"gas-T-146","to":"gas-N-P-00061","lengthM":20.88,"sizeMm":25,"diameterIn":0.98,"nominalLabel":"1\" PE","depthM":0.8,"pressureTier":"lp","excessFlowValve":false}},{"type":"Feature","id":"gas-E595","geometry":{"type":"LineString","coordinates":[[-78.9418413,43.8698051],[-78.9420015,43.8697681],[-78.9420858,43.8697848]]},"properties":{"kind":"service","tier":"service","placement":"underground","from":"gas-T-147","to":"gas-N-P-00063","lengthM":20.51,"sizeMm":25,"diameterIn":0.98,"nominalLabel":"1\" PE","depthM":0.8,"pressureTier":"lp","excessFlowValve":false}},{"type":"Feature","id":"gas-E596","geometry":{"type":"LineString","coordinates":[[-78.9417814,43.8696704],[-78.9419416,43.8696334],[-78.9420278,43.8696374]]},"properties":{"kind":"service","tier":"service","placement":"underground","from":"gas-T-148","to":"gas-N-P-00064","lengthM":20.43,"sizeMm":25,"diameterIn":0.98,"nominalLabel":"1\" PE","depthM":0.8,"pressureTier":"lp","excessFlowValve":false}},{"type":"Feature","id":"gas-E597","geometry":{"type":"LineString","coordinates":[[-78.941718,43.8695278],[-78.9418782,43.8694908],[-78.9419805,43.8695195]]},"properties":{"kind":"service","tier":"service","placement":"underground","from":"gas-T-149","to":"gas-N-P-00065","lengthM":22.3,"sizeMm":25,"diameterIn":0.98,"nominalLabel":"1\" PE","depthM":0.8,"pressureTier":"lp","excessFlowValve":false}},{"type":"Feature","id":"gas-E598","geometry":{"type":"LineString","coordinates":[[-78.9417588,43.8709743],[-78.9417826,43.8710301],[-78.9418508,43.8710662]]},"properties":{"kind":"service","tier":"service","placement":"underground","from":"gas-T-150","to":"gas-N-P-00067","lengthM":13.29,"sizeMm":25,"diameterIn":0.98,"nominalLabel":"1\" PE","depthM":0.8,"pressureTier":"lp","excessFlowValve":false}},{"type":"Feature","id":"gas-E599","geometry":{"type":"LineString","coordinates":[[-78.9417516,43.8709759],[-78.9416949,43.8708428],[-78.9417036,43.8707878]]},"properties":{"kind":"service","tier":"service","placement":"underground","from":"gas-T-151","to":"gas-N-P-00068","lengthM":21.66,"sizeMm":25,"diameterIn":0.98,"nominalLabel":"1\" PE","depthM":0.8,"pressureTier":"lp","excessFlowValve":false}},{"type":"Feature","id":"gas-E600","geometry":{"type":"LineString","coordinates":[[-78.9415246,43.8690903],[-78.9414711,43.8691025],[-78.9413952,43.8691401]]},"properties":{"kind":"service","tier":"service","placement":"underground","from":"gas-T-152","to":"gas-N-P-00069","lengthM":11.9,"sizeMm":25,"diameterIn":0.98,"nominalLabel":"1\" PE","depthM":0.8,"pressureTier":"lp","excessFlowValve":false}},{"type":"Feature","id":"gas-E601","geometry":{"type":"LineString","coordinates":[[-78.9413294,43.8686432],[-78.9412759,43.8686554],[-78.941223,43.8687177]]},"properties":{"kind":"service","tier":"service","placement":"underground","from":"gas-T-153","to":"gas-N-P-00072","lengthM":12.63,"sizeMm":25,"diameterIn":0.98,"nominalLabel":"1\" PE","depthM":0.8,"pressureTier":"lp","excessFlowValve":false}},{"type":"Feature","id":"gas-E602","geometry":{"type":"LineString","coordinates":[[-78.941268,43.8685028],[-78.9412146,43.8685149],[-78.9411647,43.8685639]]},"properties":{"kind":"service","tier":"service","placement":"underground","from":"gas-T-154","to":"gas-N-P-00073","lengthM":11.26,"sizeMm":25,"diameterIn":0.98,"nominalLabel":"1\" PE","depthM":0.8,"pressureTier":"lp","excessFlowValve":false}},{"type":"Feature","id":"gas-E603","geometry":{"type":"LineString","coordinates":[[-78.9412041,43.8683563],[-78.9411506,43.8683685],[-78.9410998,43.8684071]]},"properties":{"kind":"service","tier":"service","placement":"underground","from":"gas-T-155","to":"gas-N-P-00074","lengthM":10.42,"sizeMm":25,"diameterIn":0.98,"nominalLabel":"1\" PE","depthM":0.8,"pressureTier":"lp","excessFlowValve":false}},{"type":"Feature","id":"gas-E604","geometry":{"type":"LineString","coordinates":[[-78.941525,43.8690912],[-78.9416854,43.8690547],[-78.94178,43.8690794]]},"properties":{"kind":"service","tier":"service","placement":"underground","from":"gas-T-156","to":"gas-N-P-00075","lengthM":21.57,"sizeMm":25,"diameterIn":0.98,"nominalLabel":"1\" PE","depthM":0.8,"pressureTier":"lp","excessFlowValve":false}},{"type":"Feature","id":"gas-E605","geometry":{"type":"LineString","coordinates":[[-78.9414601,43.8689427],[-78.9416206,43.8689063],[-78.9417097,43.8689335]]},"properties":{"kind":"service","tier":"service","placement":"underground","from":"gas-T-157","to":"gas-N-P-00076","lengthM":21.27,"sizeMm":25,"diameterIn":0.98,"nominalLabel":"1\" PE","depthM":0.8,"pressureTier":"lp","excessFlowValve":false}},{"type":"Feature","id":"gas-E606","geometry":{"type":"LineString","coordinates":[[-78.9413939,43.868791],[-78.9415544,43.8687546],[-78.9416457,43.8687636]]},"properties":{"kind":"service","tier":"service","placement":"underground","from":"gas-T-158","to":"gas-N-P-00077","lengthM":20.9,"sizeMm":25,"diameterIn":0.98,"nominalLabel":"1\" PE","depthM":0.8,"pressureTier":"lp","excessFlowValve":false}},{"type":"Feature","id":"gas-E607","geometry":{"type":"LineString","coordinates":[[-78.9409347,43.8694219],[-78.9409509,43.8694606],[-78.9410231,43.8694979]]},"properties":{"kind":"service","tier":"service","placement":"underground","from":"gas-T-159","to":"gas-N-P-00079","lengthM":11.63,"sizeMm":25,"diameterIn":0.98,"nominalLabel":"1\" PE","depthM":0.8,"pressureTier":"lp","excessFlowValve":false}},{"type":"Feature","id":"gas-E608","geometry":{"type":"LineString","coordinates":[[-78.9406986,43.8694733],[-78.9407148,43.869512],[-78.9407899,43.8695556]]},"properties":{"kind":"service","tier":"service","placement":"underground","from":"gas-T-160","to":"gas-N-P-00080","lengthM":12.24,"sizeMm":25,"diameterIn":0.98,"nominalLabel":"1\" PE","depthM":0.8,"pressureTier":"lp","excessFlowValve":false}},{"type":"Feature","id":"gas-E609","geometry":{"type":"LineString","coordinates":[[-78.9409502,43.8694185],[-78.9409016,43.8693024],[-78.9409398,43.8692449]]},"properties":{"kind":"service","tier":"service","placement":"underground","from":"gas-T-161","to":"gas-N-P-00081","lengthM":20.6,"sizeMm":25,"diameterIn":0.98,"nominalLabel":"1\" PE","depthM":0.8,"pressureTier":"lp","excessFlowValve":false}},{"type":"Feature","id":"gas-E610","geometry":{"type":"LineString","coordinates":[[-78.9407038,43.8694722],[-78.9406552,43.8693561],[-78.9407233,43.8692846]]},"properties":{"kind":"service","tier":"service","placement":"underground","from":"gas-T-162","to":"gas-N-P-00082","lengthM":23.15,"sizeMm":25,"diameterIn":0.98,"nominalLabel":"1\" PE","depthM":0.8,"pressureTier":"lp","excessFlowValve":false}},{"type":"Feature","id":"gas-E611","geometry":{"type":"LineString","coordinates":[[-78.9413864,43.871812],[-78.9413328,43.8718239],[-78.9412765,43.8718975]]},"properties":{"kind":"service","tier":"service","placement":"underground","from":"gas-T-163","to":"gas-N-P-00083","lengthM":13.85,"sizeMm":25,"diameterIn":0.98,"nominalLabel":"1\" PE","depthM":0.8,"pressureTier":"lp","excessFlowValve":false}},{"type":"Feature","id":"gas-E612","geometry":{"type":"LineString","coordinates":[[-78.9413242,43.8716664],[-78.9412706,43.8716783],[-78.9412012,43.8717227]]},"properties":{"kind":"service","tier":"service","placement":"underground","from":"gas-T-164","to":"gas-N-P-00084","lengthM":11.94,"sizeMm":25,"diameterIn":0.98,"nominalLabel":"1\" PE","depthM":0.8,"pressureTier":"lp","excessFlowValve":false}},{"type":"Feature","id":"gas-E613","geometry":{"type":"LineString","coordinates":[[-78.9412641,43.8715258],[-78.9412105,43.8715377],[-78.9411456,43.8715693]]},"properties":{"kind":"service","tier":"service","placement":"underground","from":"gas-T-165","to":"gas-N-P-00085","lengthM":10.79,"sizeMm":25,"diameterIn":0.98,"nominalLabel":"1\" PE","depthM":0.8,"pressureTier":"lp","excessFlowValve":false}},{"type":"Feature","id":"gas-E614","geometry":{"type":"LineString","coordinates":[[-78.9411993,43.8713741],[-78.9411457,43.871386],[-78.9410716,43.8714289]]},"properties":{"kind":"service","tier":"service","placement":"underground","from":"gas-T-166","to":"gas-N-P-00086","lengthM":12.13,"sizeMm":25,"diameterIn":0.98,"nominalLabel":"1\" PE","depthM":0.8,"pressureTier":"lp","excessFlowValve":false}},{"type":"Feature","id":"gas-E615","geometry":{"type":"LineString","coordinates":[[-78.9411366,43.8712274],[-78.941083,43.8712393],[-78.9410297,43.8712768]]},"properties":{"kind":"service","tier":"service","placement":"underground","from":"gas-T-167","to":"gas-N-P-00087","lengthM":10.48,"sizeMm":25,"diameterIn":0.98,"nominalLabel":"1\" PE","depthM":0.8,"pressureTier":"lp","excessFlowValve":false}},{"type":"Feature","id":"gas-E616","geometry":{"type":"LineString","coordinates":[[-78.9413261,43.871671],[-78.9414869,43.8716353],[-78.9415795,43.8716388]]},"properties":{"kind":"service","tier":"service","placement":"underground","from":"gas-T-168","to":"gas-N-P-00088","lengthM":20.94,"sizeMm":25,"diameterIn":0.98,"nominalLabel":"1\" PE","depthM":0.8,"pressureTier":"lp","excessFlowValve":false}},{"type":"Feature","id":"gas-E617","geometry":{"type":"LineString","coordinates":[[-78.9412622,43.8715213],[-78.9414229,43.8714856],[-78.9415152,43.8715012]]},"properties":{"kind":"service","tier":"service","placement":"underground","from":"gas-T-169","to":"gas-N-P-00089","lengthM":21.1,"sizeMm":25,"diameterIn":0.98,"nominalLabel":"1\" PE","depthM":0.8,"pressureTier":"lp","excessFlowValve":false}},{"type":"Feature","id":"gas-E618","geometry":{"type":"LineString","coordinates":[[-78.9411976,43.8713702],[-78.9413584,43.8713345],[-78.9414576,43.8713622]]},"properties":{"kind":"service","tier":"service","placement":"underground","from":"gas-T-170","to":"gas-N-P-00090","lengthM":22.03,"sizeMm":25,"diameterIn":0.98,"nominalLabel":"1\" PE","depthM":0.8,"pressureTier":"lp","excessFlowValve":false}},{"type":"Feature","id":"gas-E619","geometry":{"type":"LineString","coordinates":[[-78.9409728,43.8722639],[-78.9409234,43.872148],[-78.940948,43.8720771]]},"properties":{"kind":"service","tier":"service","placement":"underground","from":"gas-T-171","to":"gas-N-P-00092","lengthM":21.63,"sizeMm":25,"diameterIn":0.98,"nominalLabel":"1\" PE","depthM":0.8,"pressureTier":"lp","excessFlowValve":false}},{"type":"Feature","id":"gas-E620","geometry":{"type":"LineString","coordinates":[[-78.9407628,43.8723105],[-78.9407134,43.8721945],[-78.9407497,43.8721208]]},"properties":{"kind":"service","tier":"service","placement":"underground","from":"gas-T-172","to":"gas-N-P-00093","lengthM":22.21,"sizeMm":25,"diameterIn":0.98,"nominalLabel":"1\" PE","depthM":0.8,"pressureTier":"lp","excessFlowValve":false}},{"type":"Feature","id":"gas-E621","geometry":{"type":"LineString","coordinates":[[-78.9405542,43.8723567],[-78.9405047,43.8722406],[-78.9405214,43.8721883]]},"properties":{"kind":"service","tier":"service","placement":"underground","from":"gas-T-173","to":"gas-N-P-00094","lengthM":19.49,"sizeMm":25,"diameterIn":0.98,"nominalLabel":"1\" PE","depthM":0.8,"pressureTier":"lp","excessFlowValve":false}},{"type":"Feature","id":"gas-E622","geometry":{"type":"LineString","coordinates":[[-78.941069,43.8680557],[-78.9410154,43.8680678],[-78.9409626,43.868107]]},"properties":{"kind":"service","tier":"service","placement":"underground","from":"gas-T-174","to":"gas-N-P-00095","lengthM":10.59,"sizeMm":25,"diameterIn":0.98,"nominalLabel":"1\" PE","depthM":0.8,"pressureTier":"lp","excessFlowValve":false}},{"type":"Feature","id":"gas-E623","geometry":{"type":"LineString","coordinates":[[-78.9410035,43.8679047],[-78.94095,43.8679168],[-78.940881,43.8679713]]},"properties":{"kind":"service","tier":"service","placement":"underground","from":"gas-T-175","to":"gas-N-P-00096","lengthM":12.71,"sizeMm":25,"diameterIn":0.98,"nominalLabel":"1\" PE","depthM":0.8,"pressureTier":"lp","excessFlowValve":false}},{"type":"Feature","id":"gas-E624","geometry":{"type":"LineString","coordinates":[[-78.9408726,43.8676027],[-78.9408191,43.8676147],[-78.9407759,43.8676825]]},"properties":{"kind":"service","tier":"service","placement":"underground","from":"gas-T-176","to":"gas-N-P-00098","lengthM":12.8,"sizeMm":25,"diameterIn":0.98,"nominalLabel":"1\" PE","depthM":0.8,"pressureTier":"lp","excessFlowValve":false}},{"type":"Feature","id":"gas-E625","geometry":{"type":"LineString","coordinates":[[-78.9408113,43.8674611],[-78.9407578,43.8674732],[-78.9406878,43.8675206]]},"properties":{"kind":"service","tier":"service","placement":"underground","from":"gas-T-177","to":"gas-N-P-00099","lengthM":12.21,"sizeMm":25,"diameterIn":0.98,"nominalLabel":"1\" PE","depthM":0.8,"pressureTier":"lp","excessFlowValve":false}},{"type":"Feature","id":"gas-E626","geometry":{"type":"LineString","coordinates":[[-78.9407485,43.8673162],[-78.9406949,43.8673282],[-78.9406522,43.8673865]]},"properties":{"kind":"service","tier":"service","placement":"underground","from":"gas-T-178","to":"gas-N-P-00100","lengthM":11.83,"sizeMm":25,"diameterIn":0.98,"nominalLabel":"1\" PE","depthM":0.8,"pressureTier":"lp","excessFlowValve":false}},{"type":"Feature","id":"gas-E627","geometry":{"type":"LineString","coordinates":[[-78.9406847,43.8671691],[-78.9406312,43.8671811],[-78.9405728,43.8672275]]},"properties":{"kind":"service","tier":"service","placement":"underground","from":"gas-T-179","to":"gas-N-P-00101","lengthM":11.48,"sizeMm":25,"diameterIn":0.98,"nominalLabel":"1\" PE","depthM":0.8,"pressureTier":"lp","excessFlowValve":false}},{"type":"Feature","id":"gas-E628","geometry":{"type":"LineString","coordinates":[[-78.9409409,43.8677603],[-78.9411015,43.8677242],[-78.9411816,43.8677484]]},"properties":{"kind":"service","tier":"service","placement":"underground","from":"gas-T-180","to":"gas-N-P-00102","lengthM":20.47,"sizeMm":25,"diameterIn":0.98,"nominalLabel":"1\" PE","depthM":0.8,"pressureTier":"lp","excessFlowValve":false}},{"type":"Feature","id":"gas-E629","geometry":{"type":"LineString","coordinates":[[-78.9408802,43.8676201],[-78.9410408,43.8675839],[-78.9411323,43.8675965]]},"properties":{"kind":"service","tier":"service","placement":"underground","from":"gas-T-181","to":"gas-N-P-00103","lengthM":20.98,"sizeMm":25,"diameterIn":0.98,"nominalLabel":"1\" PE","depthM":0.8,"pressureTier":"lp","excessFlowValve":false}},{"type":"Feature","id":"gas-E630","geometry":{"type":"LineString","coordinates":[[-78.9408142,43.8674678],[-78.9409748,43.8674317],[-78.9410647,43.8674448]]},"properties":{"kind":"service","tier":"service","placement":"underground","from":"gas-T-182","to":"gas-N-P-00104","lengthM":20.86,"sizeMm":25,"diameterIn":0.98,"nominalLabel":"1\" PE","depthM":0.8,"pressureTier":"lp","excessFlowValve":false}},{"type":"Feature","id":"gas-E631","geometry":{"type":"LineString","coordinates":[[-78.9407476,43.8673141],[-78.9409082,43.8672779],[-78.9409962,43.8672924]]},"properties":{"kind":"service","tier":"service","placement":"underground","from":"gas-T-183","to":"gas-N-P-00105","lengthM":20.75,"sizeMm":25,"diameterIn":0.98,"nominalLabel":"1\" PE","depthM":0.8,"pressureTier":"lp","excessFlowValve":false}},{"type":"Feature","id":"gas-E632","geometry":{"type":"LineString","coordinates":[[-78.9406852,43.8671701],[-78.9408458,43.867134],[-78.9409293,43.8671491]]},"properties":{"kind":"service","tier":"service","placement":"underground","from":"gas-T-184","to":"gas-N-P-00106","lengthM":20.41,"sizeMm":25,"diameterIn":0.98,"nominalLabel":"1\" PE","depthM":0.8,"pressureTier":"lp","excessFlowValve":false}},{"type":"Feature","id":"gas-E633","geometry":{"type":"LineString","coordinates":[[-78.9404914,43.8683933],[-78.9405087,43.8684318],[-78.9405822,43.8684656]]},"properties":{"kind":"service","tier":"service","placement":"underground","from":"gas-T-185","to":"gas-N-P-00107","lengthM":11.49,"sizeMm":25,"diameterIn":0.98,"nominalLabel":"1\" PE","depthM":0.8,"pressureTier":"lp","excessFlowValve":false}},{"type":"Feature","id":"gas-E634","geometry":{"type":"LineString","coordinates":[[-78.940244,43.868451],[-78.9402613,43.8684895],[-78.9403554,43.8685219]]},"properties":{"kind":"service","tier":"service","placement":"underground","from":"gas-T-186","to":"gas-N-P-00108","lengthM":12.87,"sizeMm":25,"diameterIn":0.98,"nominalLabel":"1\" PE","depthM":0.8,"pressureTier":"lp","excessFlowValve":false}},{"type":"Feature","id":"gas-E635","geometry":{"type":"LineString","coordinates":[[-78.9404849,43.8683948],[-78.9404331,43.8682794],[-78.9404993,43.8682108]]},"properties":{"kind":"service","tier":"service","placement":"underground","from":"gas-T-187","to":"gas-N-P-00109","lengthM":22.8,"sizeMm":25,"diameterIn":0.98,"nominalLabel":"1\" PE","depthM":0.8,"pressureTier":"lp","excessFlowValve":false}},{"type":"Feature","id":"gas-E636","geometry":{"type":"LineString","coordinates":[[-78.9402496,43.8684497],[-78.9401978,43.8683344],[-78.9402426,43.8682629]]},"properties":{"kind":"service","tier":"service","placement":"underground","from":"gas-T-188","to":"gas-N-P-00110","lengthM":22.23,"sizeMm":25,"diameterIn":0.98,"nominalLabel":"1\" PE","depthM":0.8,"pressureTier":"lp","excessFlowValve":false}},{"type":"Feature","id":"gas-E637","geometry":{"type":"LineString","coordinates":[[-78.9410112,43.8709294],[-78.9409575,43.8709411],[-78.9408989,43.8709887]]},"properties":{"kind":"service","tier":"service","placement":"underground","from":"gas-T-189","to":"gas-N-P-00111","lengthM":11.59,"sizeMm":25,"diameterIn":0.98,"nominalLabel":"1\" PE","depthM":0.8,"pressureTier":"lp","excessFlowValve":false}},{"type":"Feature","id":"gas-E638","geometry":{"type":"LineString","coordinates":[[-78.9409437,43.8707682],[-78.94089,43.8707798],[-78.9408383,43.8708511]]},"properties":{"kind":"service","tier":"service","placement":"underground","from":"gas-T-190","to":"gas-N-P-00112","lengthM":13.45,"sizeMm":25,"diameterIn":0.98,"nominalLabel":"1\" PE","depthM":0.8,"pressureTier":"lp","excessFlowValve":false}},{"type":"Feature","id":"gas-E639","geometry":{"type":"LineString","coordinates":[[-78.9408742,43.8706018],[-78.9408205,43.8706134],[-78.9407507,43.8706577]]},"properties":{"kind":"service","tier":"service","placement":"underground","from":"gas-T-191","to":"gas-N-P-00113","lengthM":11.96,"sizeMm":25,"diameterIn":0.98,"nominalLabel":"1\" PE","depthM":0.8,"pressureTier":"lp","excessFlowValve":false}},{"type":"Feature","id":"gas-E640","geometry":{"type":"LineString","coordinates":[[-78.9408058,43.8704384],[-78.9407521,43.87045],[-78.9406959,43.8705248]]},"properties":{"kind":"service","tier":"service","placement":"underground","from":"gas-T-192","to":"gas-N-P-00114","lengthM":13.97,"sizeMm":25,"diameterIn":0.98,"nominalLabel":"1\" PE","depthM":0.8,"pressureTier":"lp","excessFlowValve":false}},{"type":"Feature","id":"gas-E641","geometry":{"type":"LineString","coordinates":[[-78.9407396,43.87028],[-78.9406859,43.8702917],[-78.9406364,43.8703336]]},"properties":{"kind":"service","tier":"service","placement":"underground","from":"gas-T-193","to":"gas-N-P-00115","lengthM":10.63,"sizeMm":25,"diameterIn":0.98,"nominalLabel":"1\" PE","depthM":0.8,"pressureTier":"lp","excessFlowValve":false}},{"type":"Feature","id":"gas-E642","geometry":{"type":"LineString","coordinates":[[-78.941008,43.8709219],[-78.9411691,43.8708869],[-78.9412503,43.870917]]},"properties":{"kind":"service","tier":"service","placement":"underground","from":"gas-T-194","to":"gas-N-P-00118","lengthM":20.83,"sizeMm":25,"diameterIn":0.98,"nominalLabel":"1\" PE","depthM":0.8,"pressureTier":"lp","excessFlowValve":false}},{"type":"Feature","id":"gas-E643","geometry":{"type":"LineString","coordinates":[[-78.940942,43.8707641],[-78.9411031,43.8707291],[-78.9412077,43.8707651]]},"properties":{"kind":"service","tier":"service","placement":"underground","from":"gas-T-195","to":"gas-N-P-00119","lengthM":22.8,"sizeMm":25,"diameterIn":0.98,"nominalLabel":"1\" PE","depthM":0.8,"pressureTier":"lp","excessFlowValve":false}},{"type":"Feature","id":"gas-E644","geometry":{"type":"LineString","coordinates":[[-78.9409277,43.8706305],[-78.9410352,43.8705667],[-78.9411233,43.8706179]]},"properties":{"kind":"service","tier":"service","placement":"underground","from":"gas-T-196","to":"gas-N-P-00120","lengthM":20.26,"sizeMm":25,"diameterIn":0.98,"nominalLabel":"1\" PE","depthM":0.8,"pressureTier":"lp","excessFlowValve":false}},{"type":"Feature","id":"gas-E645","geometry":{"type":"LineString","coordinates":[[-78.9408066,43.8704401],[-78.9409676,43.8704051],[-78.941063,43.8704299]]},"properties":{"kind":"service","tier":"service","placement":"underground","from":"gas-T-197","to":"gas-N-P-00121","lengthM":21.64,"sizeMm":25,"diameterIn":0.98,"nominalLabel":"1\" PE","depthM":0.8,"pressureTier":"lp","excessFlowValve":false}},{"type":"Feature","id":"gas-E646","geometry":{"type":"LineString","coordinates":[[-78.9406745,43.8701242],[-78.9408356,43.8700892],[-78.9409252,43.8701336]]},"properties":{"kind":"service","tier":"service","placement":"underground","from":"gas-T-198","to":"gas-N-P-00123","lengthM":22.23,"sizeMm":25,"diameterIn":0.98,"nominalLabel":"1\" PE","depthM":0.8,"pressureTier":"lp","excessFlowValve":false}},{"type":"Feature","id":"gas-E647","geometry":{"type":"LineString","coordinates":[[-78.940606,43.8699604],[-78.9407671,43.8699254],[-78.9408523,43.8699446]]},"properties":{"kind":"service","tier":"service","placement":"underground","from":"gas-T-199","to":"gas-N-P-00124","lengthM":20.66,"sizeMm":25,"diameterIn":0.98,"nominalLabel":"1\" PE","depthM":0.8,"pressureTier":"lp","excessFlowValve":false}},{"type":"Feature","id":"gas-E648","geometry":{"type":"LineString","coordinates":[[-78.940525,43.871249],[-78.940549,43.8713048],[-78.9406192,43.8713405]]},"properties":{"kind":"service","tier":"service","placement":"underground","from":"gas-T-200","to":"gas-N-P-00125","lengthM":13.4,"sizeMm":25,"diameterIn":0.98,"nominalLabel":"1\" PE","depthM":0.8,"pressureTier":"lp","excessFlowValve":false}},{"type":"Feature","id":"gas-E649","geometry":{"type":"LineString","coordinates":[[-78.9405245,43.8712491],[-78.9404672,43.8711162],[-78.9405109,43.8710494]]},"properties":{"kind":"service","tier":"service","placement":"underground","from":"gas-T-201","to":"gas-N-P-00126","lengthM":23.72,"sizeMm":25,"diameterIn":0.98,"nominalLabel":"1\" PE","depthM":0.8,"pressureTier":"lp","excessFlowValve":false}},{"type":"Feature","id":"gas-E650","geometry":{"type":"LineString","coordinates":[[-78.9404718,43.8696484],[-78.9404184,43.8696607],[-78.9403606,43.8697007]]},"properties":{"kind":"service","tier":"service","placement":"underground","from":"gas-T-202","to":"gas-N-P-00127","lengthM":10.93,"sizeMm":25,"diameterIn":0.98,"nominalLabel":"1\" PE","depthM":0.8,"pressureTier":"lp","excessFlowValve":false}},{"type":"Feature","id":"gas-E651","geometry":{"type":"LineString","coordinates":[[-78.9400022,43.8699634],[-78.9400186,43.8700021],[-78.940113,43.8700299]]},"properties":{"kind":"service","tier":"service","placement":"underground","from":"gas-T-203","to":"gas-N-P-00128","lengthM":12.69,"sizeMm":25,"diameterIn":0.98,"nominalLabel":"1\" PE","depthM":0.8,"pressureTier":"lp","excessFlowValve":false}},{"type":"Feature","id":"gas-E652","geometry":{"type":"LineString","coordinates":[[-78.939796,43.8700086],[-78.9398124,43.8700473],[-78.9398738,43.8700929]]},"properties":{"kind":"service","tier":"service","placement":"underground","from":"gas-T-204","to":"gas-N-P-00129","lengthM":11.58,"sizeMm":25,"diameterIn":0.98,"nominalLabel":"1\" PE","depthM":0.8,"pressureTier":"lp","excessFlowValve":false}},{"type":"Feature","id":"gas-E653","geometry":{"type":"LineString","coordinates":[[-78.9395863,43.8700546],[-78.9396027,43.8700934],[-78.9396678,43.870137]]},"properties":{"kind":"service","tier":"service","placement":"underground","from":"gas-T-205","to":"gas-N-P-00130","lengthM":11.64,"sizeMm":25,"diameterIn":0.98,"nominalLabel":"1\" PE","depthM":0.8,"pressureTier":"lp","excessFlowValve":false}},{"type":"Feature","id":"gas-E654","geometry":{"type":"LineString","coordinates":[[-78.9399813,43.869968],[-78.9399323,43.869852],[-78.9399708,43.8697824]]},"properties":{"kind":"service","tier":"service","placement":"underground","from":"gas-T-206","to":"gas-N-P-00131","lengthM":21.84,"sizeMm":25,"diameterIn":0.98,"nominalLabel":"1\" PE","depthM":0.8,"pressureTier":"lp","excessFlowValve":false}},{"type":"Feature","id":"gas-E655","geometry":{"type":"LineString","coordinates":[[-78.9397671,43.870015],[-78.9397181,43.869899],[-78.9397624,43.8698347]]},"properties":{"kind":"service","tier":"service","placement":"underground","from":"gas-T-207","to":"gas-N-P-00132","lengthM":21.49,"sizeMm":25,"diameterIn":0.98,"nominalLabel":"1\" PE","depthM":0.8,"pressureTier":"lp","excessFlowValve":false}},{"type":"Feature","id":"gas-E656","geometry":{"type":"LineString","coordinates":[[-78.9403392,43.8693491],[-78.9402858,43.8693613],[-78.9402299,43.8694279]]},"properties":{"kind":"service","tier":"service","placement":"underground","from":"gas-T-208","to":"gas-N-P-00134","lengthM":13.16,"sizeMm":25,"diameterIn":0.98,"nominalLabel":"1\" PE","depthM":0.8,"pressureTier":"lp","excessFlowValve":false}},{"type":"Feature","id":"gas-E657","geometry":{"type":"LineString","coordinates":[[-78.9402733,43.8691998],[-78.9402198,43.8692121],[-78.9401663,43.8692667]]},"properties":{"kind":"service","tier":"service","placement":"underground","from":"gas-T-209","to":"gas-N-P-00135","lengthM":11.94,"sizeMm":25,"diameterIn":0.98,"nominalLabel":"1\" PE","depthM":0.8,"pressureTier":"lp","excessFlowValve":false}},{"type":"Feature","id":"gas-E658","geometry":{"type":"LineString","coordinates":[[-78.9402095,43.8690557],[-78.9401561,43.8690679],[-78.9400991,43.8691129]]},"properties":{"kind":"service","tier":"service","placement":"underground","from":"gas-T-210","to":"gas-N-P-00136","lengthM":11.28,"sizeMm":25,"diameterIn":0.98,"nominalLabel":"1\" PE","depthM":0.8,"pressureTier":"lp","excessFlowValve":false}},{"type":"Feature","id":"gas-E659","geometry":{"type":"LineString","coordinates":[[-78.9401476,43.8689157],[-78.9400942,43.868928],[-78.9400418,43.8689737]]},"properties":{"kind":"service","tier":"service","placement":"underground","from":"gas-T-211","to":"gas-N-P-00137","lengthM":11.1,"sizeMm":25,"diameterIn":0.98,"nominalLabel":"1\" PE","depthM":0.8,"pressureTier":"lp","excessFlowValve":false}},{"type":"Feature","id":"gas-E660","geometry":{"type":"LineString","coordinates":[[-78.9400832,43.86877],[-78.9400298,43.8687823],[-78.9399727,43.8688362]]},"properties":{"kind":"service","tier":"service","placement":"underground","from":"gas-T-212","to":"gas-N-P-00138","lengthM":12.06,"sizeMm":25,"diameterIn":0.98,"nominalLabel":"1\" PE","depthM":0.8,"pressureTier":"lp","excessFlowValve":false}},{"type":"Feature","id":"gas-E661","geometry":{"type":"LineString","coordinates":[[-78.9400197,43.8686264],[-78.9399662,43.8686386],[-78.9399011,43.8687024]]},"properties":{"kind":"service","tier":"service","placement":"underground","from":"gas-T-213","to":"gas-N-P-00139","lengthM":13.32,"sizeMm":25,"diameterIn":0.98,"nominalLabel":"1\" PE","depthM":0.8,"pressureTier":"lp","excessFlowValve":false}},{"type":"Feature","id":"gas-E662","geometry":{"type":"LineString","coordinates":[[-78.9401478,43.8689162],[-78.9403081,43.8688794],[-78.9403899,43.868889]]},"properties":{"kind":"service","tier":"service","placement":"underground","from":"gas-T-214","to":"gas-N-P-00141","lengthM":20.15,"sizeMm":25,"diameterIn":0.98,"nominalLabel":"1\" PE","depthM":0.8,"pressureTier":"lp","excessFlowValve":false}},{"type":"Feature","id":"gas-E663","geometry":{"type":"LineString","coordinates":[[-78.9402184,43.8722232],[-78.9401642,43.8722356],[-78.9401085,43.8722905]]},"properties":{"kind":"service","tier":"service","placement":"underground","from":"gas-T-215","to":"gas-N-P-00142","lengthM":12.13,"sizeMm":25,"diameterIn":0.98,"nominalLabel":"1\" PE","depthM":0.8,"pressureTier":"lp","excessFlowValve":false}},{"type":"Feature","id":"gas-E664","geometry":{"type":"LineString","coordinates":[[-78.9401558,43.8720808],[-78.9401023,43.872093],[-78.9400472,43.8721314]]},"properties":{"kind":"service","tier":"service","placement":"underground","from":"gas-T-216","to":"gas-N-P-00143","lengthM":10.66,"sizeMm":25,"diameterIn":0.98,"nominalLabel":"1\" PE","depthM":0.8,"pressureTier":"lp","excessFlowValve":false}},{"type":"Feature","id":"gas-E665","geometry":{"type":"LineString","coordinates":[[-78.9400289,43.871792],[-78.9399754,43.8718043],[-78.9399212,43.8718511]]},"properties":{"kind":"service","tier":"service","placement":"underground","from":"gas-T-217","to":"gas-N-P-00145","lengthM":11.29,"sizeMm":25,"diameterIn":0.98,"nominalLabel":"1\" PE","depthM":0.8,"pressureTier":"lp","excessFlowValve":false}},{"type":"Feature","id":"gas-E666","geometry":{"type":"LineString","coordinates":[[-78.9399687,43.8716552],[-78.9399153,43.8716674],[-78.9398647,43.8717306]]},"properties":{"kind":"service","tier":"service","placement":"underground","from":"gas-T-218","to":"gas-N-P-00146","lengthM":12.63,"sizeMm":25,"diameterIn":0.98,"nominalLabel":"1\" PE","depthM":0.8,"pressureTier":"lp","excessFlowValve":false}},{"type":"Feature","id":"gas-E667","geometry":{"type":"LineString","coordinates":[[-78.9399056,43.8715115],[-78.9398519,43.8715238],[-78.9398107,43.8715709]]},"properties":{"kind":"service","tier":"service","placement":"underground","from":"gas-T-219","to":"gas-N-P-00147","lengthM":10.71,"sizeMm":25,"diameterIn":0.98,"nominalLabel":"1\" PE","depthM":0.8,"pressureTier":"lp","excessFlowValve":false}},{"type":"Feature","id":"gas-E668","geometry":{"type":"LineString","coordinates":[[-78.9400908,43.871933],[-78.9402512,43.8718964],[-78.9403282,43.8719111]]},"properties":{"kind":"service","tier":"service","placement":"underground","from":"gas-T-220","to":"gas-N-P-00148","lengthM":19.9,"sizeMm":25,"diameterIn":0.98,"nominalLabel":"1\" PE","depthM":0.8,"pressureTier":"lp","excessFlowValve":false}},{"type":"Feature","id":"gas-E669","geometry":{"type":"LineString","coordinates":[[-78.940029,43.8717922],[-78.9401893,43.8717556],[-78.9402869,43.871784]]},"properties":{"kind":"service","tier":"service","placement":"underground","from":"gas-T-221","to":"gas-N-P-00149","lengthM":21.95,"sizeMm":25,"diameterIn":0.98,"nominalLabel":"1\" PE","depthM":0.8,"pressureTier":"lp","excessFlowValve":false}},{"type":"Feature","id":"gas-E670","geometry":{"type":"LineString","coordinates":[[-78.9399667,43.8716506],[-78.9401271,43.871614],[-78.9402133,43.871635]]},"properties":{"kind":"service","tier":"service","placement":"underground","from":"gas-T-222","to":"gas-N-P-00150","lengthM":20.8,"sizeMm":25,"diameterIn":0.98,"nominalLabel":"1\" PE","depthM":0.8,"pressureTier":"lp","excessFlowValve":false}},{"type":"Feature","id":"gas-E671","geometry":{"type":"LineString","coordinates":[[-78.9399053,43.871511],[-78.9400654,43.8714745],[-78.9401442,43.8714806]]},"properties":{"kind":"service","tier":"service","placement":"underground","from":"gas-T-223","to":"gas-N-P-00151","lengthM":19.83,"sizeMm":25,"diameterIn":0.98,"nominalLabel":"1\" PE","depthM":0.8,"pressureTier":"lp","excessFlowValve":false}},{"type":"Feature","id":"gas-E672","geometry":{"type":"LineString","coordinates":[[-78.9398003,43.8685562],[-78.9397471,43.8684411],[-78.9397623,43.8683619]]},"properties":{"kind":"service","tier":"service","placement":"underground","from":"gas-T-224","to":"gas-N-P-00154","lengthM":22.41,"sizeMm":25,"diameterIn":0.98,"nominalLabel":"1\" PE","depthM":0.8,"pressureTier":"lp","excessFlowValve":false}},{"type":"Feature","id":"gas-E673","geometry":{"type":"LineString","coordinates":[[-78.9395534,43.8686155],[-78.9395001,43.8685003],[-78.9395418,43.868419]]},"properties":{"kind":"service","tier":"service","placement":"underground","from":"gas-T-225","to":"gas-N-P-00155","lengthM":23.17,"sizeMm":25,"diameterIn":0.98,"nominalLabel":"1\" PE","depthM":0.8,"pressureTier":"lp","excessFlowValve":false}},{"type":"Feature","id":"gas-E674","geometry":{"type":"LineString","coordinates":[[-78.939291,43.8686758],[-78.9392415,43.8685599],[-78.9393031,43.8684772]]},"properties":{"kind":"service","tier":"service","placement":"underground","from":"gas-T-226","to":"gas-N-P-00156","lengthM":23.94,"sizeMm":25,"diameterIn":0.98,"nominalLabel":"1\" PE","depthM":0.8,"pressureTier":"lp","excessFlowValve":false}},{"type":"Feature","id":"gas-E675","geometry":{"type":"LineString","coordinates":[[-78.9390365,43.8687323],[-78.938987,43.8686163],[-78.9390335,43.8685335]]},"properties":{"kind":"service","tier":"service","placement":"underground","from":"gas-T-227","to":"gas-N-P-00157","lengthM":23.45,"sizeMm":25,"diameterIn":0.98,"nominalLabel":"1\" PE","depthM":0.8,"pressureTier":"lp","excessFlowValve":false}},{"type":"Feature","id":"gas-E676","geometry":{"type":"LineString","coordinates":[[-78.9397486,43.8680019],[-78.9396951,43.868014],[-78.9396342,43.86809]]},"properties":{"kind":"service","tier":"service","placement":"underground","from":"gas-T-228","to":"gas-N-P-00158","lengthM":14.27,"sizeMm":25,"diameterIn":0.98,"nominalLabel":"1\" PE","depthM":0.8,"pressureTier":"lp","excessFlowValve":false}},{"type":"Feature","id":"gas-E677","geometry":{"type":"LineString","coordinates":[[-78.9396757,43.8678339],[-78.9396222,43.8678459],[-78.9395621,43.8679224]]},"properties":{"kind":"service","tier":"service","placement":"underground","from":"gas-T-229","to":"gas-N-P-00159","lengthM":14.29,"sizeMm":25,"diameterIn":0.98,"nominalLabel":"1\" PE","depthM":0.8,"pressureTier":"lp","excessFlowValve":false}},{"type":"Feature","id":"gas-E678","geometry":{"type":"LineString","coordinates":[[-78.9396088,43.8676794],[-78.9395552,43.8676915],[-78.9394762,43.8677502]]},"properties":{"kind":"service","tier":"service","placement":"underground","from":"gas-T-230","to":"gas-N-P-00160","lengthM":13.61,"sizeMm":25,"diameterIn":0.98,"nominalLabel":"1\" PE","depthM":0.8,"pressureTier":"lp","excessFlowValve":false}},{"type":"Feature","id":"gas-E679","geometry":{"type":"LineString","coordinates":[[-78.9395408,43.8675226],[-78.9394872,43.8675347],[-78.9394227,43.867606]]},"properties":{"kind":"service","tier":"service","placement":"underground","from":"gas-T-231","to":"gas-N-P-00161","lengthM":13.98,"sizeMm":25,"diameterIn":0.98,"nominalLabel":"1\" PE","depthM":0.8,"pressureTier":"lp","excessFlowValve":false}},{"type":"Feature","id":"gas-E680","geometry":{"type":"LineString","coordinates":[[-78.9394706,43.867361],[-78.9394171,43.8673731],[-78.9393507,43.8674446]]},"properties":{"kind":"service","tier":"service","placement":"underground","from":"gas-T-232","to":"gas-N-P-00162","lengthM":14.08,"sizeMm":25,"diameterIn":0.98,"nominalLabel":"1\" PE","depthM":0.8,"pressureTier":"lp","excessFlowValve":false}},{"type":"Feature","id":"gas-E681","geometry":{"type":"LineString","coordinates":[[-78.939338,43.8670553],[-78.9392845,43.8670673],[-78.9392286,43.8671366]]},"properties":{"kind":"service","tier":"service","placement":"underground","from":"gas-T-233","to":"gas-N-P-00164","lengthM":13.42,"sizeMm":25,"diameterIn":0.98,"nominalLabel":"1\" PE","depthM":0.8,"pressureTier":"lp","excessFlowValve":false}},{"type":"Feature","id":"gas-E682","geometry":{"type":"LineString","coordinates":[[-78.9388915,43.8669327],[-78.93889,43.8669766],[-78.9389255,43.8669899]]},"properties":{"kind":"service","tier":"service","placement":"underground","from":"gas-T-234","to":"gas-N-P-00165","lengthM":8.11,"sizeMm":25,"diameterIn":0.98,"nominalLabel":"1\" PE","depthM":0.8,"pressureTier":"lp","excessFlowValve":false}},{"type":"Feature","id":"gas-E683","geometry":{"type":"LineString","coordinates":[[-78.9386544,43.8669491],[-78.9386661,43.8669915],[-78.9387305,43.8670449]]},"properties":{"kind":"service","tier":"service","placement":"underground","from":"gas-T-235","to":"gas-N-P-00166","lengthM":12.69,"sizeMm":25,"diameterIn":0.98,"nominalLabel":"1\" PE","depthM":0.8,"pressureTier":"lp","excessFlowValve":false}},{"type":"Feature","id":"gas-E684","geometry":{"type":"LineString","coordinates":[[-78.9384152,43.8670015],[-78.9384492,43.8670437],[-78.9385409,43.8670678]]},"properties":{"kind":"service","tier":"service","placement":"underground","from":"gas-T-236","to":"gas-N-P-00167","lengthM":13.26,"sizeMm":25,"diameterIn":0.98,"nominalLabel":"1\" PE","depthM":0.8,"pressureTier":"lp","excessFlowValve":false}},{"type":"Feature","id":"gas-E685","geometry":{"type":"LineString","coordinates":[[-78.9382485,43.8672998],[-78.9383022,43.8672882],[-78.9383557,43.8672531]]},"properties":{"kind":"service","tier":"service","placement":"underground","from":"gas-T-237","to":"gas-N-P-00168","lengthM":10.3,"sizeMm":25,"diameterIn":0.98,"nominalLabel":"1\" PE","depthM":0.8,"pressureTier":"lp","excessFlowValve":false}},{"type":"Feature","id":"gas-E686","geometry":{"type":"LineString","coordinates":[[-78.9383157,43.8674617],[-78.9383694,43.8674502],[-78.9384364,43.8673776]]},"properties":{"kind":"service","tier":"service","placement":"underground","from":"gas-T-238","to":"gas-N-P-00169","lengthM":14.2,"sizeMm":25,"diameterIn":0.98,"nominalLabel":"1\" PE","depthM":0.8,"pressureTier":"lp","excessFlowValve":false}},{"type":"Feature","id":"gas-E687","geometry":{"type":"LineString","coordinates":[[-78.9383832,43.8676245],[-78.9384369,43.867613],[-78.9385194,43.8675635]]},"properties":{"kind":"service","tier":"service","placement":"underground","from":"gas-T-239","to":"gas-N-P-00170","lengthM":13.11,"sizeMm":25,"diameterIn":0.98,"nominalLabel":"1\" PE","depthM":0.8,"pressureTier":"lp","excessFlowValve":false}},{"type":"Feature","id":"gas-E688","geometry":{"type":"LineString","coordinates":[[-78.9384487,43.8677823],[-78.9385024,43.8677707],[-78.9385578,43.8677012]]},"properties":{"kind":"service","tier":"service","placement":"underground","from":"gas-T-240","to":"gas-N-P-00171","lengthM":13.43,"sizeMm":25,"diameterIn":0.98,"nominalLabel":"1\" PE","depthM":0.8,"pressureTier":"lp","excessFlowValve":false}},{"type":"Feature","id":"gas-E689","geometry":{"type":"LineString","coordinates":[[-78.9385165,43.8679458],[-78.9385702,43.8679342],[-78.9386455,43.8678767]]},"properties":{"kind":"service","tier":"service","placement":"underground","from":"gas-T-241","to":"gas-N-P-00172","lengthM":13.31,"sizeMm":25,"diameterIn":0.98,"nominalLabel":"1\" PE","depthM":0.8,"pressureTier":"lp","excessFlowValve":false}},{"type":"Feature","id":"gas-E690","geometry":{"type":"LineString","coordinates":[[-78.9385803,43.8680996],[-78.938634,43.868088],[-78.9387111,43.8680289]]},"properties":{"kind":"service","tier":"service","placement":"underground","from":"gas-T-242","to":"gas-N-P-00173","lengthM":13.53,"sizeMm":25,"diameterIn":0.98,"nominalLabel":"1\" PE","depthM":0.8,"pressureTier":"lp","excessFlowValve":false}},{"type":"Feature","id":"gas-E691","geometry":{"type":"LineString","coordinates":[[-78.9386464,43.868259],[-78.9387001,43.8682474],[-78.9387511,43.8681782]]},"properties":{"kind":"service","tier":"service","placement":"underground","from":"gas-T-243","to":"gas-N-P-00174","lengthM":13.22,"sizeMm":25,"diameterIn":0.98,"nominalLabel":"1\" PE","depthM":0.8,"pressureTier":"lp","excessFlowValve":false}},{"type":"Feature","id":"gas-E692","geometry":{"type":"LineString","coordinates":[[-78.9397456,43.8679949],[-78.9399061,43.8679587],[-78.9400041,43.8679825]]},"properties":{"kind":"service","tier":"service","placement":"underground","from":"gas-T-244","to":"gas-N-P-00175","lengthM":21.8,"sizeMm":25,"diameterIn":0.98,"nominalLabel":"1\" PE","depthM":0.8,"pressureTier":"lp","excessFlowValve":false}},{"type":"Feature","id":"gas-E693","geometry":{"type":"LineString","coordinates":[[-78.9396768,43.8678364],[-78.9398374,43.8678002],[-78.9399362,43.8678154]]},"properties":{"kind":"service","tier":"service","placement":"underground","from":"gas-T-245","to":"gas-N-P-00176","lengthM":21.6,"sizeMm":25,"diameterIn":0.98,"nominalLabel":"1\" PE","depthM":0.8,"pressureTier":"lp","excessFlowValve":false}},{"type":"Feature","id":"gas-E694","geometry":{"type":"LineString","coordinates":[[-78.9396094,43.8676809],[-78.9397699,43.8676447],[-78.9398804,43.8676595]]},"properties":{"kind":"service","tier":"service","placement":"underground","from":"gas-T-246","to":"gas-N-P-00177","lengthM":22.52,"sizeMm":25,"diameterIn":0.98,"nominalLabel":"1\" PE","depthM":0.8,"pressureTier":"lp","excessFlowValve":false}},{"type":"Feature","id":"gas-E695","geometry":{"type":"LineString","coordinates":[[-78.9394048,43.8672093],[-78.9395654,43.8671731],[-78.939654,43.8671767]]},"properties":{"kind":"service","tier":"service","placement":"underground","from":"gas-T-247","to":"gas-N-P-00180","lengthM":20.62,"sizeMm":25,"diameterIn":0.98,"nominalLabel":"1\" PE","depthM":0.8,"pressureTier":"lp","excessFlowValve":false}},{"type":"Feature","id":"gas-E696","geometry":{"type":"LineString","coordinates":[[-78.9393346,43.8670474],[-78.9394951,43.8670112],[-78.9396028,43.8670231]]},"properties":{"kind":"service","tier":"service","placement":"underground","from":"gas-T-248","to":"gas-N-P-00181","lengthM":22.24,"sizeMm":25,"diameterIn":0.98,"nominalLabel":"1\" PE","depthM":0.8,"pressureTier":"lp","excessFlowValve":false}},{"type":"Feature","id":"gas-E697","geometry":{"type":"LineString","coordinates":[[-78.9389546,43.8669338],[-78.9389588,43.8668126],[-78.9389948,43.8667542]]},"properties":{"kind":"service","tier":"service","placement":"underground","from":"gas-T-249","to":"gas-N-P-00182","lengthM":20.62,"sizeMm":25,"diameterIn":0.98,"nominalLabel":"1\" PE","depthM":0.8,"pressureTier":"lp","excessFlowValve":false}},{"type":"Feature","id":"gas-E698","geometry":{"type":"LineString","coordinates":[[-78.9382452,43.8672919],[-78.938084,43.8673266],[-78.9379933,43.8673133]]},"properties":{"kind":"service","tier":"service","placement":"underground","from":"gas-T-250","to":"gas-N-P-00183","lengthM":20.93,"sizeMm":25,"diameterIn":0.98,"nominalLabel":"1\" PE","depthM":0.8,"pressureTier":"lp","excessFlowValve":false}},{"type":"Feature","id":"gas-E699","geometry":{"type":"LineString","coordinates":[[-78.9383136,43.8674569],[-78.9381525,43.8674916],[-78.9380698,43.8674408]]},"properties":{"kind":"service","tier":"service","placement":"underground","from":"gas-T-251","to":"gas-N-P-00184","lengthM":22.22,"sizeMm":25,"diameterIn":0.98,"nominalLabel":"1\" PE","depthM":0.8,"pressureTier":"lp","excessFlowValve":false}},{"type":"Feature","id":"gas-E700","geometry":{"type":"LineString","coordinates":[[-78.9383831,43.8676242],[-78.9382219,43.8676589],[-78.9381369,43.8676095]]},"properties":{"kind":"service","tier":"service","placement":"underground","from":"gas-T-252","to":"gas-N-P-00185","lengthM":22.26,"sizeMm":25,"diameterIn":0.98,"nominalLabel":"1\" PE","depthM":0.8,"pressureTier":"lp","excessFlowValve":false}},{"type":"Feature","id":"gas-E701","geometry":{"type":"LineString","coordinates":[[-78.9384454,43.8677744],[-78.9382842,43.8678092],[-78.938214,43.8677854]]},"properties":{"kind":"service","tier":"service","placement":"underground","from":"gas-T-253","to":"gas-N-P-00186","lengthM":19.72,"sizeMm":25,"diameterIn":0.98,"nominalLabel":"1\" PE","depthM":0.8,"pressureTier":"lp","excessFlowValve":false}},{"type":"Feature","id":"gas-E702","geometry":{"type":"LineString","coordinates":[[-78.9385113,43.8679332],[-78.9383501,43.8679679],[-78.9382662,43.8679276]]},"properties":{"kind":"service","tier":"service","placement":"underground","from":"gas-T-254","to":"gas-N-P-00187","lengthM":21.59,"sizeMm":25,"diameterIn":0.98,"nominalLabel":"1\" PE","depthM":0.8,"pressureTier":"lp","excessFlowValve":false}},{"type":"Feature","id":"gas-E703","geometry":{"type":"LineString","coordinates":[[-78.9385802,43.8680994],[-78.938419,43.8681341],[-78.9383327,43.868123]]},"properties":{"kind":"service","tier":"service","placement":"underground","from":"gas-T-255","to":"gas-N-P-00188","lengthM":20.53,"sizeMm":25,"diameterIn":0.98,"nominalLabel":"1\" PE","depthM":0.8,"pressureTier":"lp","excessFlowValve":false}},{"type":"Feature","id":"gas-E704","geometry":{"type":"LineString","coordinates":[[-78.9386426,43.8682497],[-78.9384814,43.8682845],[-78.9383808,43.8682705]]},"properties":{"kind":"service","tier":"service","placement":"underground","from":"gas-T-256","to":"gas-N-P-00189","lengthM":21.72,"sizeMm":25,"diameterIn":0.98,"nominalLabel":"1\" PE","depthM":0.8,"pressureTier":"lp","excessFlowValve":false}},{"type":"Feature","id":"gas-E705","geometry":{"type":"LineString","coordinates":[[-78.938711,43.8684146],[-78.9385498,43.8684493],[-78.9384462,43.868427]]},"properties":{"kind":"service","tier":"service","placement":"underground","from":"gas-T-257","to":"gas-N-P-00190","lengthM":22.17,"sizeMm":25,"diameterIn":0.98,"nominalLabel":"1\" PE","depthM":0.8,"pressureTier":"lp","excessFlowValve":false}},{"type":"Feature","id":"gas-E706","geometry":{"type":"LineString","coordinates":[[-78.9387796,43.86858],[-78.9386184,43.8686148],[-78.9385339,43.8686086]]},"properties":{"kind":"service","tier":"service","placement":"underground","from":"gas-T-258","to":"gas-N-P-00191","lengthM":20.32,"sizeMm":25,"diameterIn":0.98,"nominalLabel":"1\" PE","depthM":0.8,"pressureTier":"lp","excessFlowValve":false}},{"type":"Feature","id":"gas-E707","geometry":{"type":"LineString","coordinates":[[-78.9397735,43.8712001],[-78.9397201,43.8712119],[-78.9396731,43.8712701]]},"properties":{"kind":"service","tier":"service","placement":"underground","from":"gas-T-259","to":"gas-N-P-00192","lengthM":11.98,"sizeMm":25,"diameterIn":0.98,"nominalLabel":"1\" PE","depthM":0.8,"pressureTier":"lp","excessFlowValve":false}},{"type":"Feature","id":"gas-E708","geometry":{"type":"LineString","coordinates":[[-78.9396373,43.8708778],[-78.9395837,43.8708896],[-78.9395217,43.8709357]]},"properties":{"kind":"service","tier":"service","placement":"underground","from":"gas-T-260","to":"gas-N-P-00194","lengthM":11.64,"sizeMm":25,"diameterIn":0.98,"nominalLabel":"1\" PE","depthM":0.8,"pressureTier":"lp","excessFlowValve":false}},{"type":"Feature","id":"gas-E709","geometry":{"type":"LineString","coordinates":[[-78.9395719,43.8707229],[-78.9395182,43.8707347],[-78.9394573,43.8707804]]},"properties":{"kind":"service","tier":"service","placement":"underground","from":"gas-T-261","to":"gas-N-P-00195","lengthM":11.55,"sizeMm":25,"diameterIn":0.98,"nominalLabel":"1\" PE","depthM":0.8,"pressureTier":"lp","excessFlowValve":false}},{"type":"Feature","id":"gas-E710","geometry":{"type":"LineString","coordinates":[[-78.9395008,43.8705548],[-78.9394472,43.8705666],[-78.9393887,43.8706127]]},"properties":{"kind":"service","tier":"service","placement":"underground","from":"gas-T-262","to":"gas-N-P-00196","lengthM":11.46,"sizeMm":25,"diameterIn":0.98,"nominalLabel":"1\" PE","depthM":0.8,"pressureTier":"lp","excessFlowValve":false}},{"type":"Feature","id":"gas-E711","geometry":{"type":"LineString","coordinates":[[-78.939433,43.8703943],[-78.9393793,43.8704061],[-78.9393356,43.8704665]]},"properties":{"kind":"service","tier":"service","placement":"underground","from":"gas-T-263","to":"gas-N-P-00197","lengthM":12.09,"sizeMm":25,"diameterIn":0.98,"nominalLabel":"1\" PE","depthM":0.8,"pressureTier":"lp","excessFlowValve":false}},{"type":"Feature","id":"gas-E712","geometry":{"type":"LineString","coordinates":[[-78.939366,43.8702358],[-78.9393124,43.8702476],[-78.939264,43.8702983]]},"properties":{"kind":"service","tier":"service","placement":"underground","from":"gas-T-264","to":"gas-N-P-00198","lengthM":11.35,"sizeMm":25,"diameterIn":0.98,"nominalLabel":"1\" PE","depthM":0.8,"pressureTier":"lp","excessFlowValve":false}},{"type":"Feature","id":"gas-E713","geometry":{"type":"LineString","coordinates":[[-78.9397738,43.8712007],[-78.9399349,43.8711653],[-78.940013,43.8711992]]},"properties":{"kind":"service","tier":"service","placement":"underground","from":"gas-T-265","to":"gas-N-P-00199","lengthM":20.83,"sizeMm":25,"diameterIn":0.98,"nominalLabel":"1\" PE","depthM":0.8,"pressureTier":"lp","excessFlowValve":false}},{"type":"Feature","id":"gas-E714","geometry":{"type":"LineString","coordinates":[[-78.9397056,43.8710395],[-78.9398666,43.8710041],[-78.9399556,43.8710471]]},"properties":{"kind":"service","tier":"service","placement":"underground","from":"gas-T-266","to":"gas-N-P-00200","lengthM":22.1,"sizeMm":25,"diameterIn":0.98,"nominalLabel":"1\" PE","depthM":0.8,"pressureTier":"lp","excessFlowValve":false}},{"type":"Feature","id":"gas-E715","geometry":{"type":"LineString","coordinates":[[-78.9396387,43.8708811],[-78.9397996,43.8708457],[-78.9399031,43.8708804]]},"properties":{"kind":"service","tier":"service","placement":"underground","from":"gas-T-267","to":"gas-N-P-00201","lengthM":22.66,"sizeMm":25,"diameterIn":0.98,"nominalLabel":"1\" PE","depthM":0.8,"pressureTier":"lp","excessFlowValve":false}},{"type":"Feature","id":"gas-E716","geometry":{"type":"LineString","coordinates":[[-78.9395016,43.8705566],[-78.9396625,43.8705213],[-78.9397596,43.8705403]]},"properties":{"kind":"service","tier":"service","placement":"underground","from":"gas-T-268","to":"gas-N-P-00203","lengthM":21.58,"sizeMm":25,"diameterIn":0.98,"nominalLabel":"1\" PE","depthM":0.8,"pressureTier":"lp","excessFlowValve":false}},{"type":"Feature","id":"gas-E717","geometry":{"type":"LineString","coordinates":[[-78.9390865,43.8715715],[-78.9391119,43.8716274],[-78.9391876,43.8716625]]},"properties":{"kind":"service","tier":"service","placement":"underground","from":"gas-T-269","to":"gas-N-P-00205","lengthM":13.77,"sizeMm":25,"diameterIn":0.98,"nominalLabel":"1\" PE","depthM":0.8,"pressureTier":"lp","excessFlowValve":false}},{"type":"Feature","id":"gas-E718","geometry":{"type":"LineString","coordinates":[[-78.9392782,43.8715283],[-78.9392217,43.8713952],[-78.9392759,43.8713337]]},"properties":{"kind":"service","tier":"service","placement":"underground","from":"gas-T-270","to":"gas-N-P-00206","lengthM":23.61,"sizeMm":25,"diameterIn":0.98,"nominalLabel":"1\" PE","depthM":0.8,"pressureTier":"lp","excessFlowValve":false}},{"type":"Feature","id":"gas-E719","geometry":{"type":"LineString","coordinates":[[-78.9390716,43.8715751],[-78.9390116,43.8714429],[-78.9390486,43.8713678]]},"properties":{"kind":"service","tier":"service","placement":"underground","from":"gas-T-271","to":"gas-N-P-00207","lengthM":24.36,"sizeMm":25,"diameterIn":0.98,"nominalLabel":"1\" PE","depthM":0.8,"pressureTier":"lp","excessFlowValve":false}},{"type":"Feature","id":"gas-E720","geometry":{"type":"LineString","coordinates":[[-78.9391631,43.8697581],[-78.9391095,43.8697699],[-78.9390637,43.8698487]]},"properties":{"kind":"service","tier":"service","placement":"underground","from":"gas-T-272","to":"gas-N-P-00209","lengthM":14.01,"sizeMm":25,"diameterIn":0.98,"nominalLabel":"1\" PE","depthM":0.8,"pressureTier":"lp","excessFlowValve":false}},{"type":"Feature","id":"gas-E721","geometry":{"type":"LineString","coordinates":[[-78.9390921,43.8695913],[-78.9390385,43.8696032],[-78.9389787,43.8696828]]},"properties":{"kind":"service","tier":"service","placement":"underground","from":"gas-T-273","to":"gas-N-P-00210","lengthM":14.58,"sizeMm":25,"diameterIn":0.98,"nominalLabel":"1\" PE","depthM":0.8,"pressureTier":"lp","excessFlowValve":false}},{"type":"Feature","id":"gas-E722","geometry":{"type":"LineString","coordinates":[[-78.9390208,43.869424],[-78.9389672,43.8694359],[-78.938892,43.8695018]]},"properties":{"kind":"service","tier":"service","placement":"underground","from":"gas-T-274","to":"gas-N-P-00211","lengthM":14.0,"sizeMm":25,"diameterIn":0.98,"nominalLabel":"1\" PE","depthM":0.8,"pressureTier":"lp","excessFlowValve":false}},{"type":"Feature","id":"gas-E723","geometry":{"type":"LineString","coordinates":[[-78.9389481,43.8692533],[-78.9388945,43.8692652],[-78.9388339,43.8693271]]},"properties":{"kind":"service","tier":"service","placement":"underground","from":"gas-T-275","to":"gas-N-P-00212","lengthM":12.94,"sizeMm":25,"diameterIn":0.98,"nominalLabel":"1\" PE","depthM":0.8,"pressureTier":"lp","excessFlowValve":false}},{"type":"Feature","id":"gas-E724","geometry":{"type":"LineString","coordinates":[[-78.938808,43.8689244],[-78.9387544,43.8689363],[-78.9387006,43.8690062]]},"properties":{"kind":"service","tier":"service","placement":"underground","from":"gas-T-276","to":"gas-N-P-00214","lengthM":13.4,"sizeMm":25,"diameterIn":0.98,"nominalLabel":"1\" PE","depthM":0.8,"pressureTier":"lp","excessFlowValve":false}},{"type":"Feature","id":"gas-E725","geometry":{"type":"LineString","coordinates":[[-78.9390866,43.8695784],[-78.9392474,43.8695428],[-78.9393491,43.8695828]]},"properties":{"kind":"service","tier":"service","placement":"underground","from":"gas-T-277","to":"gas-N-P-00215","lengthM":22.8,"sizeMm":25,"diameterIn":0.98,"nominalLabel":"1\" PE","depthM":0.8,"pressureTier":"lp","excessFlowValve":false}},{"type":"Feature","id":"gas-E726","geometry":{"type":"LineString","coordinates":[[-78.9390146,43.8694093],[-78.9391754,43.8693737],[-78.9392818,43.8694039]]},"properties":{"kind":"service","tier":"service","placement":"underground","from":"gas-T-278","to":"gas-N-P-00216","lengthM":22.68,"sizeMm":25,"diameterIn":0.98,"nominalLabel":"1\" PE","depthM":0.8,"pressureTier":"lp","excessFlowValve":false}},{"type":"Feature","id":"gas-E727","geometry":{"type":"LineString","coordinates":[[-78.9389467,43.86925],[-78.9391075,43.8692144],[-78.9392054,43.8692257]]},"properties":{"kind":"service","tier":"service","placement":"underground","from":"gas-T-279","to":"gas-N-P-00217","lengthM":21.46,"sizeMm":25,"diameterIn":0.98,"nominalLabel":"1\" PE","depthM":0.8,"pressureTier":"lp","excessFlowValve":false}},{"type":"Feature","id":"gas-E728","geometry":{"type":"LineString","coordinates":[[-78.9385246,43.8702881],[-78.9385411,43.8703268],[-78.9385872,43.8703657]]},"properties":{"kind":"service","tier":"service","placement":"underground","from":"gas-T-280","to":"gas-N-P-00219","lengthM":10.2,"sizeMm":25,"diameterIn":0.98,"nominalLabel":"1\" PE","depthM":0.8,"pressureTier":"lp","excessFlowValve":false}},{"type":"Feature","id":"gas-E729","geometry":{"type":"LineString","coordinates":[[-78.9387348,43.870242],[-78.9386863,43.8701259],[-78.9386994,43.8700696]]},"properties":{"kind":"service","tier":"service","placement":"underground","from":"gas-T-281","to":"gas-N-P-00220","lengthM":19.86,"sizeMm":25,"diameterIn":0.98,"nominalLabel":"1\" PE","depthM":0.8,"pressureTier":"lp","excessFlowValve":false}},{"type":"Feature","id":"gas-E730","geometry":{"type":"LineString","coordinates":[[-78.9385142,43.8702904],[-78.9384649,43.8701745],[-78.9384851,43.8701048]]},"properties":{"kind":"service","tier":"service","placement":"underground","from":"gas-T-282","to":"gas-N-P-00221","lengthM":21.43,"sizeMm":25,"diameterIn":0.98,"nominalLabel":"1\" PE","depthM":0.8,"pressureTier":"lp","excessFlowValve":false}},{"type":"Feature","id":"gas-E731","geometry":{"type":"LineString","coordinates":[[-78.9377717,43.8690163],[-78.9377885,43.8690551],[-78.9378474,43.8690782]]},"properties":{"kind":"service","tier":"service","placement":"underground","from":"gas-T-283","to":"gas-N-P-00223","lengthM":9.91,"sizeMm":25,"diameterIn":0.98,"nominalLabel":"1\" PE","depthM":0.8,"pressureTier":"lp","excessFlowValve":false}},{"type":"Feature","id":"gas-E732","geometry":{"type":"LineString","coordinates":[[-78.9380465,43.8689545],[-78.9379964,43.8688387],[-78.9380651,43.8687595]]},"properties":{"kind":"service","tier":"service","placement":"underground","from":"gas-T-284","to":"gas-N-P-00224","lengthM":23.9,"sizeMm":25,"diameterIn":0.98,"nominalLabel":"1\" PE","depthM":0.8,"pressureTier":"lp","excessFlowValve":false}},{"type":"Feature","id":"gas-E733","geometry":{"type":"LineString","coordinates":[[-78.9382518,43.8717708],[-78.9382752,43.8718267],[-78.9383372,43.8718648]]},"properties":{"kind":"service","tier":"service","placement":"underground","from":"gas-T-285","to":"gas-N-P-00225","lengthM":13.04,"sizeMm":25,"diameterIn":0.98,"nominalLabel":"1\" PE","depthM":0.8,"pressureTier":"lp","excessFlowValve":false}},{"type":"Feature","id":"gas-E734","geometry":{"type":"LineString","coordinates":[[-78.9380469,43.8718158],[-78.9380712,43.8718717],[-78.9381298,43.8719133]]},"properties":{"kind":"service","tier":"service","placement":"underground","from":"gas-T-286","to":"gas-N-P-00226","lengthM":13.12,"sizeMm":25,"diameterIn":0.98,"nominalLabel":"1\" PE","depthM":0.8,"pressureTier":"lp","excessFlowValve":false}},{"type":"Feature","id":"gas-E735","geometry":{"type":"LineString","coordinates":[[-78.9382572,43.8717696],[-78.9382013,43.8716363],[-78.9382294,43.871573]]},"properties":{"kind":"service","tier":"service","placement":"underground","from":"gas-T-287","to":"gas-N-P-00227","lengthM":22.9,"sizeMm":25,"diameterIn":0.98,"nominalLabel":"1\" PE","depthM":0.8,"pressureTier":"lp","excessFlowValve":false}},{"type":"Feature","id":"gas-E736","geometry":{"type":"LineString","coordinates":[[-78.9376965,43.8726589],[-78.9376429,43.8726707],[-78.9375719,43.8727167]]},"properties":{"kind":"service","tier":"service","placement":"underground","from":"gas-T-288","to":"gas-N-P-00229","lengthM":12.16,"sizeMm":25,"diameterIn":0.98,"nominalLabel":"1\" PE","depthM":0.8,"pressureTier":"lp","excessFlowValve":false}},{"type":"Feature","id":"gas-E737","geometry":{"type":"LineString","coordinates":[[-78.9376365,43.8725182],[-78.9375829,43.8725301],[-78.937528,43.8725907]]},"properties":{"kind":"service","tier":"service","placement":"underground","from":"gas-T-289","to":"gas-N-P-00230","lengthM":12.56,"sizeMm":25,"diameterIn":0.98,"nominalLabel":"1\" PE","depthM":0.8,"pressureTier":"lp","excessFlowValve":false}},{"type":"Feature","id":"gas-E738","geometry":{"type":"LineString","coordinates":[[-78.9375737,43.8723708],[-78.9375201,43.8723827],[-78.9374704,43.872429]]},"properties":{"kind":"service","tier":"service","placement":"underground","from":"gas-T-290","to":"gas-N-P-00231","lengthM":11.01,"sizeMm":25,"diameterIn":0.98,"nominalLabel":"1\" PE","depthM":0.8,"pressureTier":"lp","excessFlowValve":false}},{"type":"Feature","id":"gas-E739","geometry":{"type":"LineString","coordinates":[[-78.9375099,43.8722212],[-78.9374563,43.8722331],[-78.9374051,43.8722943]]},"properties":{"kind":"service","tier":"service","placement":"underground","from":"gas-T-291","to":"gas-N-P-00232","lengthM":12.46,"sizeMm":25,"diameterIn":0.98,"nominalLabel":"1\" PE","depthM":0.8,"pressureTier":"lp","excessFlowValve":false}},{"type":"Feature","id":"gas-E740","geometry":{"type":"LineString","coordinates":[[-78.9374491,43.8720766],[-78.9373955,43.8720879],[-78.9373398,43.8721561]]},"properties":{"kind":"service","tier":"service","placement":"underground","from":"gas-T-292","to":"gas-N-P-00233","lengthM":13.29,"sizeMm":25,"diameterIn":0.98,"nominalLabel":"1\" PE","depthM":0.8,"pressureTier":"lp","excessFlowValve":false}},{"type":"Feature","id":"gas-E741","geometry":{"type":"LineString","coordinates":[[-78.937822,43.8729516],[-78.9379825,43.872913],[-78.9380687,43.8729214]]},"properties":{"kind":"service","tier":"service","placement":"underground","from":"gas-T-293","to":"gas-N-P-00234","lengthM":20.56,"sizeMm":25,"diameterIn":0.98,"nominalLabel":"1\" PE","depthM":0.8,"pressureTier":"lp","excessFlowValve":false}},{"type":"Feature","id":"gas-E742","geometry":{"type":"LineString","coordinates":[[-78.9377566,43.8727997],[-78.9379174,43.8727641],[-78.9380155,43.8727955]]},"properties":{"kind":"service","tier":"service","placement":"underground","from":"gas-T-294","to":"gas-N-P-00235","lengthM":22.12,"sizeMm":25,"diameterIn":0.98,"nominalLabel":"1\" PE","depthM":0.8,"pressureTier":"lp","excessFlowValve":false}},{"type":"Feature","id":"gas-E743","geometry":{"type":"LineString","coordinates":[[-78.9376937,43.8726522],[-78.9378545,43.8726166],[-78.9379327,43.8726328]]},"properties":{"kind":"service","tier":"service","placement":"underground","from":"gas-T-295","to":"gas-N-P-00236","lengthM":20.04,"sizeMm":25,"diameterIn":0.98,"nominalLabel":"1\" PE","depthM":0.8,"pressureTier":"lp","excessFlowValve":false}},{"type":"Feature","id":"gas-E744","geometry":{"type":"LineString","coordinates":[[-78.937633,43.87251],[-78.9377938,43.8724744],[-78.9378749,43.8725021]]},"properties":{"kind":"service","tier":"service","placement":"underground","from":"gas-T-296","to":"gas-N-P-00237","lengthM":20.7,"sizeMm":25,"diameterIn":0.98,"nominalLabel":"1\" PE","depthM":0.8,"pressureTier":"lp","excessFlowValve":false}},{"type":"Feature","id":"gas-E745","geometry":{"type":"LineString","coordinates":[[-78.9375693,43.8723605],[-78.9377301,43.8723248],[-78.93783,43.8723594]]},"properties":{"kind":"service","tier":"service","placement":"underground","from":"gas-T-297","to":"gas-N-P-00238","lengthM":22.4,"sizeMm":25,"diameterIn":0.98,"nominalLabel":"1\" PE","depthM":0.8,"pressureTier":"lp","excessFlowValve":false}},{"type":"Feature","id":"gas-E746","geometry":{"type":"LineString","coordinates":[[-78.9374436,43.8720632],[-78.9376051,43.8720289],[-78.937671,43.8720437]]},"properties":{"kind":"service","tier":"service","placement":"underground","from":"gas-T-298","to":"gas-N-P-00240","lengthM":19.05,"sizeMm":25,"diameterIn":0.98,"nominalLabel":"1\" PE","depthM":0.8,"pressureTier":"lp","excessFlowValve":false}},{"type":"Feature","id":"gas-E747","geometry":{"type":"LineString","coordinates":[[-78.9378372,43.8707803],[-78.9378539,43.8708189],[-78.9379359,43.870867]]},"properties":{"kind":"service","tier":"service","placement":"underground","from":"gas-T-299","to":"gas-N-P-00241","lengthM":12.99,"sizeMm":25,"diameterIn":0.98,"nominalLabel":"1\" PE","depthM":0.8,"pressureTier":"lp","excessFlowValve":false}},{"type":"Feature","id":"gas-E748","geometry":{"type":"LineString","coordinates":[[-78.937626,43.8708277],[-78.9376427,43.8708663],[-78.9377265,43.8709127]]},"properties":{"kind":"service","tier":"service","placement":"underground","from":"gas-T-300","to":"gas-N-P-00242","lengthM":12.98,"sizeMm":25,"diameterIn":0.98,"nominalLabel":"1\" PE","depthM":0.8,"pressureTier":"lp","excessFlowValve":false}},{"type":"Feature","id":"gas-E749","geometry":{"type":"LineString","coordinates":[[-78.9374147,43.8708751],[-78.9374314,43.8709137],[-78.9375277,43.870941]]},"properties":{"kind":"service","tier":"service","placement":"underground","from":"gas-T-301","to":"gas-N-P-00243","lengthM":12.81,"sizeMm":25,"diameterIn":0.98,"nominalLabel":"1\" PE","depthM":0.8,"pressureTier":"lp","excessFlowValve":false}},{"type":"Feature","id":"gas-E750","geometry":{"type":"LineString","coordinates":[[-78.9372167,43.8709195],[-78.9372333,43.870958],[-78.9373106,43.8710062]]},"properties":{"kind":"service","tier":"service","placement":"underground","from":"gas-T-302","to":"gas-N-P-00244","lengthM":12.69,"sizeMm":25,"diameterIn":0.98,"nominalLabel":"1\" PE","depthM":0.8,"pressureTier":"lp","excessFlowValve":false}},{"type":"Feature","id":"gas-E751","geometry":{"type":"LineString","coordinates":[[-78.9378194,43.8707843],[-78.9377695,43.8706685],[-78.9377722,43.8706075]]},"properties":{"kind":"service","tier":"service","placement":"underground","from":"gas-T-303","to":"gas-N-P-00245","lengthM":20.3,"sizeMm":25,"diameterIn":0.98,"nominalLabel":"1\" PE","depthM":0.8,"pressureTier":"lp","excessFlowValve":false}},{"type":"Feature","id":"gas-E752","geometry":{"type":"LineString","coordinates":[[-78.9376223,43.8708285],[-78.9375723,43.8707127],[-78.9375853,43.8706519]]},"properties":{"kind":"service","tier":"service","placement":"underground","from":"gas-T-304","to":"gas-N-P-00246","lengthM":20.35,"sizeMm":25,"diameterIn":0.98,"nominalLabel":"1\" PE","depthM":0.8,"pressureTier":"lp","excessFlowValve":false}},{"type":"Feature","id":"gas-E753","geometry":{"type":"LineString","coordinates":[[-78.9372193,43.8709189],[-78.9371693,43.870803],[-78.9371884,43.8707365]]},"properties":{"kind":"service","tier":"service","placement":"underground","from":"gas-T-305","to":"gas-N-P-00248","lengthM":21.07,"sizeMm":25,"diameterIn":0.98,"nominalLabel":"1\" PE","depthM":0.8,"pressureTier":"lp","excessFlowValve":false}},{"type":"Feature","id":"gas-E754","geometry":{"type":"LineString","coordinates":[[-78.9373725,43.8699366],[-78.9373894,43.8699762],[-78.9374845,43.8700212]]},"properties":{"kind":"service","tier":"service","placement":"underground","from":"gas-T-306","to":"gas-N-P-00249","lengthM":13.74,"sizeMm":25,"diameterIn":0.98,"nominalLabel":"1\" PE","depthM":0.8,"pressureTier":"lp","excessFlowValve":false}},{"type":"Feature","id":"gas-E755","geometry":{"type":"LineString","coordinates":[[-78.9371186,43.8699929],[-78.9371351,43.8700315],[-78.9371945,43.8700703]]},"properties":{"kind":"service","tier":"service","placement":"underground","from":"gas-T-307","to":"gas-N-P-00250","lengthM":10.93,"sizeMm":25,"diameterIn":0.98,"nominalLabel":"1\" PE","depthM":0.8,"pressureTier":"lp","excessFlowValve":false}},{"type":"Feature","id":"gas-E756","geometry":{"type":"LineString","coordinates":[[-78.9368687,43.8700482],[-78.9368851,43.8700868],[-78.9369589,43.8701223]]},"properties":{"kind":"service","tier":"service","placement":"underground","from":"gas-T-308","to":"gas-N-P-00251","lengthM":11.61,"sizeMm":25,"diameterIn":0.98,"nominalLabel":"1\" PE","depthM":0.8,"pressureTier":"lp","excessFlowValve":false}},{"type":"Feature","id":"gas-E757","geometry":{"type":"LineString","coordinates":[[-78.9371024,43.8699965],[-78.937053,43.8698805],[-78.9371193,43.8697947]]},"properties":{"kind":"service","tier":"service","placement":"underground","from":"gas-T-309","to":"gas-N-P-00254","lengthM":24.44,"sizeMm":25,"diameterIn":0.98,"nominalLabel":"1\" PE","depthM":0.8,"pressureTier":"lp","excessFlowValve":false}},{"type":"Feature","id":"gas-E758","geometry":{"type":"LineString","coordinates":[[-78.9368578,43.8700506],[-78.9368084,43.8699347],[-78.9368526,43.869857]]},"properties":{"kind":"service","tier":"service","placement":"underground","from":"gas-T-310","to":"gas-N-P-00255","lengthM":22.85,"sizeMm":25,"diameterIn":0.98,"nominalLabel":"1\" PE","depthM":0.8,"pressureTier":"lp","excessFlowValve":false}},{"type":"Feature","id":"gas-E759","geometry":{"type":"LineString","coordinates":[[-78.9373611,43.871792],[-78.9372542,43.8717758],[-78.937205,43.8718267]]},"properties":{"kind":"service","tier":"service","placement":"underground","from":"gas-T-311","to":"gas-N-P-00256","lengthM":15.67,"sizeMm":25,"diameterIn":0.98,"nominalLabel":"1\" PE","depthM":0.8,"pressureTier":"lp","excessFlowValve":false}},{"type":"Feature","id":"gas-E760","geometry":{"type":"LineString","coordinates":[[-78.9372368,43.8716017],[-78.9371833,43.8716139],[-78.9371214,43.8716793]]},"properties":{"kind":"service","tier":"service","placement":"underground","from":"gas-T-312","to":"gas-N-P-00257","lengthM":13.32,"sizeMm":25,"diameterIn":0.98,"nominalLabel":"1\" PE","depthM":0.8,"pressureTier":"lp","excessFlowValve":false}},{"type":"Feature","id":"gas-E761","geometry":{"type":"LineString","coordinates":[[-78.9371622,43.8714315],[-78.9371088,43.8714437],[-78.9370545,43.8715226]]},"properties":{"kind":"service","tier":"service","placement":"underground","from":"gas-T-313","to":"gas-N-P-00258","lengthM":14.3,"sizeMm":25,"diameterIn":0.98,"nominalLabel":"1\" PE","depthM":0.8,"pressureTier":"lp","excessFlowValve":false}},{"type":"Feature","id":"gas-E762","geometry":{"type":"LineString","coordinates":[[-78.9370885,43.8712634],[-78.9370351,43.8712755],[-78.9369773,43.8713264]]},"properties":{"kind":"service","tier":"service","placement":"underground","from":"gas-T-314","to":"gas-N-P-00259","lengthM":11.82,"sizeMm":25,"diameterIn":0.98,"nominalLabel":"1\" PE","depthM":0.8,"pressureTier":"lp","excessFlowValve":false}},{"type":"Feature","id":"gas-E763","geometry":{"type":"LineString","coordinates":[[-78.9370162,43.8710981],[-78.9369627,43.8711103],[-78.9369039,43.871186]]},"properties":{"kind":"service","tier":"service","placement":"underground","from":"gas-T-315","to":"gas-N-P-00260","lengthM":14.16,"sizeMm":25,"diameterIn":0.98,"nominalLabel":"1\" PE","depthM":0.8,"pressureTier":"lp","excessFlowValve":false}},{"type":"Feature","id":"gas-E764","geometry":{"type":"LineString","coordinates":[[-78.9373078,43.8717637],[-78.9374682,43.8717272],[-78.9375632,43.8717547]]},"properties":{"kind":"service","tier":"service","placement":"underground","from":"gas-T-316","to":"gas-N-P-00261","lengthM":21.72,"sizeMm":25,"diameterIn":0.98,"nominalLabel":"1\" PE","depthM":0.8,"pressureTier":"lp","excessFlowValve":false}},{"type":"Feature","id":"gas-E765","geometry":{"type":"LineString","coordinates":[[-78.9372347,43.8715969],[-78.9373951,43.8715604],[-78.937478,43.8715842]]},"properties":{"kind":"service","tier":"service","placement":"underground","from":"gas-T-317","to":"gas-N-P-00262","lengthM":20.66,"sizeMm":25,"diameterIn":0.98,"nominalLabel":"1\" PE","depthM":0.8,"pressureTier":"lp","excessFlowValve":false}},{"type":"Feature","id":"gas-E766","geometry":{"type":"LineString","coordinates":[[-78.9371614,43.8714296],[-78.9373218,43.871393],[-78.9373969,43.8714123]]},"properties":{"kind":"service","tier":"service","placement":"underground","from":"gas-T-318","to":"gas-N-P-00263","lengthM":19.9,"sizeMm":25,"diameterIn":0.98,"nominalLabel":"1\" PE","depthM":0.8,"pressureTier":"lp","excessFlowValve":false}},{"type":"Feature","id":"gas-E767","geometry":{"type":"LineString","coordinates":[[-78.9368353,43.8720836],[-78.9368592,43.8721394],[-78.9369211,43.8721755]]},"properties":{"kind":"service","tier":"service","placement":"underground","from":"gas-T-319","to":"gas-N-P-00264","lengthM":12.89,"sizeMm":25,"diameterIn":0.98,"nominalLabel":"1\" PE","depthM":0.8,"pressureTier":"lp","excessFlowValve":false}},{"type":"Feature","id":"gas-E768","geometry":{"type":"LineString","coordinates":[[-78.9368197,43.8720871],[-78.9367627,43.871954],[-78.9367924,43.8718813]]},"properties":{"kind":"service","tier":"service","placement":"underground","from":"gas-T-320","to":"gas-N-P-00265","lengthM":23.94,"sizeMm":25,"diameterIn":0.98,"nominalLabel":"1\" PE","depthM":0.8,"pressureTier":"lp","excessFlowValve":false}},{"type":"Feature","id":"gas-E769","geometry":{"type":"LineString","coordinates":[[-78.93669,43.8681874],[-78.9367067,43.868226],[-78.9367715,43.8682725]]},"properties":{"kind":"service","tier":"service","placement":"underground","from":"gas-T-321","to":"gas-N-P-00266","lengthM":11.84,"sizeMm":25,"diameterIn":0.98,"nominalLabel":"1\" PE","depthM":0.8,"pressureTier":"lp","excessFlowValve":false}},{"type":"Feature","id":"gas-E770","geometry":{"type":"LineString","coordinates":[[-78.9364813,43.8682342],[-78.936498,43.8682728],[-78.936585,43.8683106]]},"properties":{"kind":"service","tier":"service","placement":"underground","from":"gas-T-322","to":"gas-N-P-00267","lengthM":12.65,"sizeMm":25,"diameterIn":0.98,"nominalLabel":"1\" PE","depthM":0.8,"pressureTier":"lp","excessFlowValve":false}},{"type":"Feature","id":"gas-E771","geometry":{"type":"LineString","coordinates":[[-78.9362849,43.8682782],[-78.9363015,43.8683168],[-78.9363663,43.8683518]]},"properties":{"kind":"service","tier":"service","placement":"underground","from":"gas-T-323","to":"gas-N-P-00268","lengthM":11.0,"sizeMm":25,"diameterIn":0.98,"nominalLabel":"1\" PE","depthM":0.8,"pressureTier":"lp","excessFlowValve":false}},{"type":"Feature","id":"gas-E772","geometry":{"type":"LineString","coordinates":[[-78.9360867,43.8683226],[-78.9361033,43.8683612],[-78.9361917,43.8683999]]},"properties":{"kind":"service","tier":"service","placement":"underground","from":"gas-T-324","to":"gas-N-P-00269","lengthM":12.8,"sizeMm":25,"diameterIn":0.98,"nominalLabel":"1\" PE","depthM":0.8,"pressureTier":"lp","excessFlowValve":false}},{"type":"Feature","id":"gas-E773","geometry":{"type":"LineString","coordinates":[[-78.9366929,43.8681868],[-78.9366429,43.868071],[-78.9366699,43.8680073]]},"properties":{"kind":"service","tier":"service","placement":"underground","from":"gas-T-325","to":"gas-N-P-00270","lengthM":20.91,"sizeMm":25,"diameterIn":0.98,"nominalLabel":"1\" PE","depthM":0.8,"pressureTier":"lp","excessFlowValve":false}},{"type":"Feature","id":"gas-E774","geometry":{"type":"LineString","coordinates":[[-78.9365017,43.8682296],[-78.9364517,43.8681138],[-78.9364666,43.8680555]]},"properties":{"kind":"service","tier":"service","placement":"underground","from":"gas-T-326","to":"gas-N-P-00271","lengthM":20.1,"sizeMm":25,"diameterIn":0.98,"nominalLabel":"1\" PE","depthM":0.8,"pressureTier":"lp","excessFlowValve":false}},{"type":"Feature","id":"gas-E775","geometry":{"type":"LineString","coordinates":[[-78.9362951,43.8682759],[-78.9362451,43.8681601],[-78.9362992,43.868091]]},"properties":{"kind":"service","tier":"service","placement":"underground","from":"gas-T-327","to":"gas-N-P-00272","lengthM":22.34,"sizeMm":25,"diameterIn":0.98,"nominalLabel":"1\" PE","depthM":0.8,"pressureTier":"lp","excessFlowValve":false}},{"type":"Feature","id":"gas-E776","geometry":{"type":"LineString","coordinates":[[-78.9360819,43.8683237],[-78.9360319,43.8682079],[-78.9360583,43.868148]]},"properties":{"kind":"service","tier":"service","placement":"underground","from":"gas-T-328","to":"gas-N-P-00273","lengthM":20.49,"sizeMm":25,"diameterIn":0.98,"nominalLabel":"1\" PE","depthM":0.8,"pressureTier":"lp","excessFlowValve":false}},{"type":"Feature","id":"gas-E777","geometry":{"type":"LineString","coordinates":[[-78.9365339,43.873063],[-78.9364804,43.8730751],[-78.9364165,43.8731323]]},"properties":{"kind":"service","tier":"service","placement":"underground","from":"gas-T-329","to":"gas-N-P-00274","lengthM":12.67,"sizeMm":25,"diameterIn":0.98,"nominalLabel":"1\" PE","depthM":0.8,"pressureTier":"lp","excessFlowValve":false}},{"type":"Feature","id":"gas-E778","geometry":{"type":"LineString","coordinates":[[-78.9364742,43.8729256],[-78.9364207,43.8729377],[-78.9363455,43.8729771]]},"properties":{"kind":"service","tier":"service","placement":"underground","from":"gas-T-330","to":"gas-N-P-00275","lengthM":11.97,"sizeMm":25,"diameterIn":0.98,"nominalLabel":"1\" PE","depthM":0.8,"pressureTier":"lp","excessFlowValve":false}},{"type":"Feature","id":"gas-E779","geometry":{"type":"LineString","coordinates":[[-78.9364135,43.8727856],[-78.93636,43.8727977],[-78.9363144,43.8728737]]},"properties":{"kind":"service","tier":"service","placement":"underground","from":"gas-T-331","to":"gas-N-P-00276","lengthM":13.72,"sizeMm":25,"diameterIn":0.98,"nominalLabel":"1\" PE","depthM":0.8,"pressureTier":"lp","excessFlowValve":false}},{"type":"Feature","id":"gas-E780","geometry":{"type":"LineString","coordinates":[[-78.936348,43.8726347],[-78.9362945,43.8726467],[-78.9362442,43.872715]]},"properties":{"kind":"service","tier":"service","placement":"underground","from":"gas-T-332","to":"gas-N-P-00277","lengthM":13.11,"sizeMm":25,"diameterIn":0.98,"nominalLabel":"1\" PE","depthM":0.8,"pressureTier":"lp","excessFlowValve":false}},{"type":"Feature","id":"gas-E781","geometry":{"type":"LineString","coordinates":[[-78.9362227,43.8723461],[-78.9361692,43.8723581],[-78.9361056,43.8724158]]},"properties":{"kind":"service","tier":"service","placement":"underground","from":"gas-T-333","to":"gas-N-P-00279","lengthM":12.7,"sizeMm":25,"diameterIn":0.98,"nominalLabel":"1\" PE","depthM":0.8,"pressureTier":"lp","excessFlowValve":false}},{"type":"Feature","id":"gas-E782","geometry":{"type":"LineString","coordinates":[[-78.9364731,43.872923],[-78.9366337,43.8728868],[-78.9367044,43.8728895]]},"properties":{"kind":"service","tier":"service","placement":"underground","from":"gas-T-334","to":"gas-N-P-00280","lengthM":19.18,"sizeMm":25,"diameterIn":0.98,"nominalLabel":"1\" PE","depthM":0.8,"pressureTier":"lp","excessFlowValve":false}},{"type":"Feature","id":"gas-E783","geometry":{"type":"LineString","coordinates":[[-78.9364122,43.8727826],[-78.9365727,43.8727464],[-78.9366587,43.8727613]]},"properties":{"kind":"service","tier":"service","placement":"underground","from":"gas-T-335","to":"gas-N-P-00281","lengthM":20.6,"sizeMm":25,"diameterIn":0.98,"nominalLabel":"1\" PE","depthM":0.8,"pressureTier":"lp","excessFlowValve":false}},{"type":"Feature","id":"gas-E784","geometry":{"type":"LineString","coordinates":[[-78.9363465,43.8726312],[-78.936507,43.872595],[-78.9366068,43.8726146]]},"properties":{"kind":"service","tier":"service","placement":"underground","from":"gas-T-336","to":"gas-N-P-00282","lengthM":21.8,"sizeMm":25,"diameterIn":0.98,"nominalLabel":"1\" PE","depthM":0.8,"pressureTier":"lp","excessFlowValve":false}},{"type":"Feature","id":"gas-E785","geometry":{"type":"LineString","coordinates":[[-78.9362834,43.8724859],[-78.936444,43.8724497],[-78.936529,43.8724616]]},"properties":{"kind":"service","tier":"service","placement":"underground","from":"gas-T-337","to":"gas-N-P-00283","lengthM":20.45,"sizeMm":25,"diameterIn":0.98,"nominalLabel":"1\" PE","depthM":0.8,"pressureTier":"lp","excessFlowValve":false}},{"type":"Feature","id":"gas-E786","geometry":{"type":"LineString","coordinates":[[-78.9368129,43.87064],[-78.9367595,43.8706524],[-78.9367055,43.8707138]]},"properties":{"kind":"service","tier":"service","placement":"underground","from":"gas-T-338","to":"gas-N-P-00286","lengthM":12.6,"sizeMm":25,"diameterIn":0.98,"nominalLabel":"1\" PE","depthM":0.8,"pressureTier":"lp","excessFlowValve":false}},{"type":"Feature","id":"gas-E787","geometry":{"type":"LineString","coordinates":[[-78.9367495,43.870498],[-78.9366961,43.8705104],[-78.9366562,43.8705714]]},"properties":{"kind":"service","tier":"service","placement":"underground","from":"gas-T-339","to":"gas-N-P-00287","lengthM":12.01,"sizeMm":25,"diameterIn":0.98,"nominalLabel":"1\" PE","depthM":0.8,"pressureTier":"lp","excessFlowValve":false}},{"type":"Feature","id":"gas-E788","geometry":{"type":"LineString","coordinates":[[-78.9366881,43.8703603],[-78.9366347,43.8703727],[-78.9365881,43.870426]]},"properties":{"kind":"service","tier":"service","placement":"underground","from":"gas-T-340","to":"gas-N-P-00288","lengthM":11.51,"sizeMm":25,"diameterIn":0.98,"nominalLabel":"1\" PE","depthM":0.8,"pressureTier":"lp","excessFlowValve":false}},{"type":"Feature","id":"gas-E789","geometry":{"type":"LineString","coordinates":[[-78.9367552,43.8705107],[-78.9369153,43.8704736],[-78.9370052,43.8704899]]},"properties":{"kind":"service","tier":"service","placement":"underground","from":"gas-T-341","to":"gas-N-P-00290","lengthM":20.94,"sizeMm":25,"diameterIn":0.98,"nominalLabel":"1\" PE","depthM":0.8,"pressureTier":"lp","excessFlowValve":false}},{"type":"Feature","id":"gas-E790","geometry":{"type":"LineString","coordinates":[[-78.9364075,43.8711048],[-78.9364243,43.8711434],[-78.9364945,43.8711905]]},"properties":{"kind":"service","tier":"service","placement":"underground","from":"gas-T-342","to":"gas-N-P-00291","lengthM":12.2,"sizeMm":25,"diameterIn":0.98,"nominalLabel":"1\" PE","depthM":0.8,"pressureTier":"lp","excessFlowValve":false}},{"type":"Feature","id":"gas-E791","geometry":{"type":"LineString","coordinates":[[-78.9362128,43.8711487],[-78.9362295,43.8711872],[-78.9362982,43.8712352]]},"properties":{"kind":"service","tier":"service","placement":"underground","from":"gas-T-343","to":"gas-N-P-00292","lengthM":12.18,"sizeMm":25,"diameterIn":0.98,"nominalLabel":"1\" PE","depthM":0.8,"pressureTier":"lp","excessFlowValve":false}},{"type":"Feature","id":"gas-E792","geometry":{"type":"LineString","coordinates":[[-78.9360048,43.8711955],[-78.9360215,43.8712339],[-78.9361149,43.8712644]]},"properties":{"kind":"service","tier":"service","placement":"underground","from":"gas-T-344","to":"gas-N-P-00293","lengthM":12.72,"sizeMm":25,"diameterIn":0.98,"nominalLabel":"1\" PE","depthM":0.8,"pressureTier":"lp","excessFlowValve":false}},{"type":"Feature","id":"gas-E793","geometry":{"type":"LineString","coordinates":[[-78.9364035,43.8711057],[-78.9363533,43.87099],[-78.9363626,43.8709336]]},"properties":{"kind":"service","tier":"service","placement":"underground","from":"gas-T-345","to":"gas-N-P-00294","lengthM":19.82,"sizeMm":25,"diameterIn":0.98,"nominalLabel":"1\" PE","depthM":0.8,"pressureTier":"lp","excessFlowValve":false}},{"type":"Feature","id":"gas-E794","geometry":{"type":"LineString","coordinates":[[-78.9362025,43.871151],[-78.9361524,43.8710352],[-78.9362004,43.8709675]]},"properties":{"kind":"service","tier":"service","placement":"underground","from":"gas-T-346","to":"gas-N-P-00295","lengthM":21.96,"sizeMm":25,"diameterIn":0.98,"nominalLabel":"1\" PE","depthM":0.8,"pressureTier":"lp","excessFlowValve":false}},{"type":"Feature","id":"gas-E795","geometry":{"type":"LineString","coordinates":[[-78.9360018,43.8711961],[-78.9359517,43.8710803],[-78.9359595,43.871024]]},"properties":{"kind":"service","tier":"service","placement":"underground","from":"gas-T-347","to":"gas-N-P-00296","lengthM":19.8,"sizeMm":25,"diameterIn":0.98,"nominalLabel":"1\" PE","depthM":0.8,"pressureTier":"lp","excessFlowValve":false}},{"type":"Feature","id":"gas-E796","geometry":{"type":"LineString","coordinates":[[-78.936491,43.8699099],[-78.9364374,43.8699221],[-78.93638,43.8699955]]},"properties":{"kind":"service","tier":"service","placement":"underground","from":"gas-T-348","to":"gas-N-P-00297","lengthM":13.89,"sizeMm":25,"diameterIn":0.98,"nominalLabel":"1\" PE","depthM":0.8,"pressureTier":"lp","excessFlowValve":false}},{"type":"Feature","id":"gas-E797","geometry":{"type":"LineString","coordinates":[[-78.936413,43.8697319],[-78.9363595,43.8697441],[-78.936299,43.8697976]]},"properties":{"kind":"service","tier":"service","placement":"underground","from":"gas-T-349","to":"gas-N-P-00298","lengthM":12.18,"sizeMm":25,"diameterIn":0.98,"nominalLabel":"1\" PE","depthM":0.8,"pressureTier":"lp","excessFlowValve":false}},{"type":"Feature","id":"gas-E798","geometry":{"type":"LineString","coordinates":[[-78.9362602,43.8693834],[-78.9362068,43.8693955],[-78.9361227,43.8694329]]},"properties":{"kind":"service","tier":"service","placement":"underground","from":"gas-T-350","to":"gas-N-P-00300","lengthM":12.42,"sizeMm":25,"diameterIn":0.98,"nominalLabel":"1\" PE","depthM":0.8,"pressureTier":"lp","excessFlowValve":false}},{"type":"Feature","id":"gas-E799","geometry":{"type":"LineString","coordinates":[[-78.9361862,43.8692144],[-78.9361327,43.8692265],[-78.9360613,43.8693006]]},"properties":{"kind":"service","tier":"service","placement":"underground","from":"gas-T-351","to":"gas-N-P-00301","lengthM":14.54,"sizeMm":25,"diameterIn":0.98,"nominalLabel":"1\" PE","depthM":0.8,"pressureTier":"lp","excessFlowValve":false}},{"type":"Feature","id":"gas-E800","geometry":{"type":"LineString","coordinates":[[-78.9361102,43.869041],[-78.9360567,43.8690532],[-78.9359897,43.8691372]]},"properties":{"kind":"service","tier":"service","placement":"underground","from":"gas-T-352","to":"gas-N-P-00302","lengthM":15.29,"sizeMm":25,"diameterIn":0.98,"nominalLabel":"1\" PE","depthM":0.8,"pressureTier":"lp","excessFlowValve":false}},{"type":"Feature","id":"gas-E801","geometry":{"type":"LineString","coordinates":[[-78.9359524,43.8686808],[-78.9358989,43.868693],[-78.9358326,43.8687315]]},"properties":{"kind":"service","tier":"service","placement":"underground","from":"gas-T-353","to":"gas-N-P-00304","lengthM":11.33,"sizeMm":25,"diameterIn":0.98,"nominalLabel":"1\" PE","depthM":0.8,"pressureTier":"lp","excessFlowValve":false}},{"type":"Feature","id":"gas-E802","geometry":{"type":"LineString","coordinates":[[-78.9358753,43.868505],[-78.9358218,43.8685171],[-78.935762,43.8685761]]},"properties":{"kind":"service","tier":"service","placement":"underground","from":"gas-T-354","to":"gas-N-P-00305","lengthM":12.63,"sizeMm":25,"diameterIn":0.98,"nominalLabel":"1\" PE","depthM":0.8,"pressureTier":"lp","excessFlowValve":false}},{"type":"Feature","id":"gas-E803","geometry":{"type":"LineString","coordinates":[[-78.9363362,43.8695568],[-78.9364966,43.8695203],[-78.9365959,43.8695318]]},"properties":{"kind":"service","tier":"service","placement":"underground","from":"gas-T-355","to":"gas-N-P-00306","lengthM":21.57,"sizeMm":25,"diameterIn":0.98,"nominalLabel":"1\" PE","depthM":0.8,"pressureTier":"lp","excessFlowValve":false}},{"type":"Feature","id":"gas-E804","geometry":{"type":"LineString","coordinates":[[-78.9362621,43.8693877],[-78.9364225,43.8693512],[-78.9365217,43.8693588]]},"properties":{"kind":"service","tier":"service","placement":"underground","from":"gas-T-356","to":"gas-N-P-00307","lengthM":21.5,"sizeMm":25,"diameterIn":0.98,"nominalLabel":"1\" PE","depthM":0.8,"pressureTier":"lp","excessFlowValve":false}},{"type":"Feature","id":"gas-E805","geometry":{"type":"LineString","coordinates":[[-78.9361824,43.8692057],[-78.9363428,43.8691692],[-78.936454,43.8692078]]},"properties":{"kind":"service","tier":"service","placement":"underground","from":"gas-T-357","to":"gas-N-P-00308","lengthM":23.4,"sizeMm":25,"diameterIn":0.98,"nominalLabel":"1\" PE","depthM":0.8,"pressureTier":"lp","excessFlowValve":false}},{"type":"Feature","id":"gas-E806","geometry":{"type":"LineString","coordinates":[[-78.9361048,43.8690287],[-78.9362652,43.8689922],[-78.9363754,43.8690053]]},"properties":{"kind":"service","tier":"service","placement":"underground","from":"gas-T-358","to":"gas-N-P-00309","lengthM":22.46,"sizeMm":25,"diameterIn":0.98,"nominalLabel":"1\" PE","depthM":0.8,"pressureTier":"lp","excessFlowValve":false}},{"type":"Feature","id":"gas-E807","geometry":{"type":"LineString","coordinates":[[-78.9360331,43.868865],[-78.9361935,43.8688284],[-78.9363092,43.868852]]},"properties":{"kind":"service","tier":"service","placement":"underground","from":"gas-T-359","to":"gas-N-P-00310","lengthM":23.15,"sizeMm":25,"diameterIn":0.98,"nominalLabel":"1\" PE","depthM":0.8,"pressureTier":"lp","excessFlowValve":false}},{"type":"Feature","id":"gas-E808","geometry":{"type":"LineString","coordinates":[[-78.9360187,43.870239],[-78.9360356,43.8702776],[-78.9361005,43.8703154]]},"properties":{"kind":"service","tier":"service","placement":"underground","from":"gas-T-360","to":"gas-N-P-00311","lengthM":11.2,"sizeMm":25,"diameterIn":0.98,"nominalLabel":"1\" PE","depthM":0.8,"pressureTier":"lp","excessFlowValve":false}},{"type":"Feature","id":"gas-E809","geometry":{"type":"LineString","coordinates":[[-78.9358153,43.8702852],[-78.9358322,43.8703238],[-78.9358892,43.870366]]},"properties":{"kind":"service","tier":"service","placement":"underground","from":"gas-T-361","to":"gas-N-P-00312","lengthM":11.06,"sizeMm":25,"diameterIn":0.98,"nominalLabel":"1\" PE","depthM":0.8,"pressureTier":"lp","excessFlowValve":false}},{"type":"Feature","id":"gas-E810","geometry":{"type":"LineString","coordinates":[[-78.9360271,43.8702371],[-78.9359765,43.8701214],[-78.9359816,43.8700496]]},"properties":{"kind":"service","tier":"service","placement":"underground","from":"gas-T-362","to":"gas-N-P-00314","lengthM":21.51,"sizeMm":25,"diameterIn":0.98,"nominalLabel":"1\" PE","depthM":0.8,"pressureTier":"lp","excessFlowValve":false}},{"type":"Feature","id":"gas-E811","geometry":{"type":"LineString","coordinates":[[-78.9358207,43.870284],[-78.9357701,43.8701683],[-78.9358162,43.8701029]]},"properties":{"kind":"service","tier":"service","placement":"underground","from":"gas-T-363","to":"gas-N-P-00315","lengthM":21.67,"sizeMm":25,"diameterIn":0.98,"nominalLabel":"1\" PE","depthM":0.8,"pressureTier":"lp","excessFlowValve":false}},{"type":"Feature","id":"gas-E812","geometry":{"type":"LineString","coordinates":[[-78.9356207,43.8703295],[-78.9355701,43.8702138],[-78.935602,43.8701497]]},"properties":{"kind":"service","tier":"service","placement":"underground","from":"gas-T-364","to":"gas-N-P-00316","lengthM":21.08,"sizeMm":25,"diameterIn":0.98,"nominalLabel":"1\" PE","depthM":0.8,"pressureTier":"lp","excessFlowValve":false}},{"type":"Feature","id":"gas-E813","geometry":{"type":"LineString","coordinates":[[-78.9360869,43.8720437],[-78.9360334,43.8720558],[-78.9359787,43.8720912]]},"properties":{"kind":"service","tier":"service","placement":"underground","from":"gas-T-365","to":"gas-N-P-00317","lengthM":10.39,"sizeMm":25,"diameterIn":0.98,"nominalLabel":"1\" PE","depthM":0.8,"pressureTier":"lp","excessFlowValve":false}},{"type":"Feature","id":"gas-E814","geometry":{"type":"LineString","coordinates":[[-78.9360118,43.8718712],[-78.9359583,43.8718833],[-78.9359062,43.8719614]]},"properties":{"kind":"service","tier":"service","placement":"underground","from":"gas-T-366","to":"gas-N-P-00318","lengthM":14.15,"sizeMm":25,"diameterIn":0.98,"nominalLabel":"1\" PE","depthM":0.8,"pressureTier":"lp","excessFlowValve":false}},{"type":"Feature","id":"gas-E815","geometry":{"type":"LineString","coordinates":[[-78.9359343,43.8716932],[-78.9358808,43.8717053],[-78.9358178,43.8717663]]},"properties":{"kind":"service","tier":"service","placement":"underground","from":"gas-T-367","to":"gas-N-P-00319","lengthM":12.98,"sizeMm":25,"diameterIn":0.98,"nominalLabel":"1\" PE","depthM":0.8,"pressureTier":"lp","excessFlowValve":false}},{"type":"Feature","id":"gas-E816","geometry":{"type":"LineString","coordinates":[[-78.9358636,43.8715305],[-78.9358101,43.8715426],[-78.935757,43.8715951]]},"properties":{"kind":"service","tier":"service","placement":"underground","from":"gas-T-368","to":"gas-N-P-00320","lengthM":11.73,"sizeMm":25,"diameterIn":0.98,"nominalLabel":"1\" PE","depthM":0.8,"pressureTier":"lp","excessFlowValve":false}},{"type":"Feature","id":"gas-E817","geometry":{"type":"LineString","coordinates":[[-78.9357938,43.8713702],[-78.9357403,43.8713823],[-78.9356791,43.8714259]]},"properties":{"kind":"service","tier":"service","placement":"underground","from":"gas-T-369","to":"gas-N-P-00321","lengthM":11.41,"sizeMm":25,"diameterIn":0.98,"nominalLabel":"1\" PE","depthM":0.8,"pressureTier":"lp","excessFlowValve":false}},{"type":"Feature","id":"gas-E818","geometry":{"type":"LineString","coordinates":[[-78.9360852,43.8720399],[-78.9362457,43.8720036],[-78.9363371,43.8720354]]},"properties":{"kind":"service","tier":"service","placement":"underground","from":"gas-T-370","to":"gas-N-P-00322","lengthM":21.64,"sizeMm":25,"diameterIn":0.98,"nominalLabel":"1\" PE","depthM":0.8,"pressureTier":"lp","excessFlowValve":false}},{"type":"Feature","id":"gas-E819","geometry":{"type":"LineString","coordinates":[[-78.9360127,43.8718732],[-78.9361732,43.8718369],[-78.9362745,43.8718865]]},"properties":{"kind":"service","tier":"service","placement":"underground","from":"gas-T-371","to":"gas-N-P-00323","lengthM":23.32,"sizeMm":25,"diameterIn":0.98,"nominalLabel":"1\" PE","depthM":0.8,"pressureTier":"lp","excessFlowValve":false}},{"type":"Feature","id":"gas-E820","geometry":{"type":"LineString","coordinates":[[-78.9359351,43.8716949],[-78.9360956,43.8716586],[-78.9361938,43.8716983]]},"properties":{"kind":"service","tier":"service","placement":"underground","from":"gas-T-372","to":"gas-N-P-00324","lengthM":22.53,"sizeMm":25,"diameterIn":0.98,"nominalLabel":"1\" PE","depthM":0.8,"pressureTier":"lp","excessFlowValve":false}},{"type":"Feature","id":"gas-E821","geometry":{"type":"LineString","coordinates":[[-78.9355796,43.8723618],[-78.9356035,43.8724176],[-78.9356962,43.8724468]]},"properties":{"kind":"service","tier":"service","placement":"underground","from":"gas-T-373","to":"gas-N-P-00325","lengthM":14.62,"sizeMm":25,"diameterIn":0.98,"nominalLabel":"1\" PE","depthM":0.8,"pressureTier":"lp","excessFlowValve":false}},{"type":"Feature","id":"gas-E822","geometry":{"type":"LineString","coordinates":[[-78.9353613,43.8724103],[-78.9353851,43.8724661],[-78.9354547,43.8725036]]},"properties":{"kind":"service","tier":"service","placement":"underground","from":"gas-T-374","to":"gas-N-P-00326","lengthM":13.48,"sizeMm":25,"diameterIn":0.98,"nominalLabel":"1\" PE","depthM":0.8,"pressureTier":"lp","excessFlowValve":false}},{"type":"Feature","id":"gas-E823","geometry":{"type":"LineString","coordinates":[[-78.9351401,43.8724594],[-78.9351639,43.8725152],[-78.9352268,43.8725643]]},"properties":{"kind":"service","tier":"service","placement":"underground","from":"gas-T-375","to":"gas-N-P-00327","lengthM":13.94,"sizeMm":19,"diameterIn":0.75,"nominalLabel":"3/4\" PE","depthM":0.8,"pressureTier":"mp","excessFlowValve":true,"regulator":"service pressure regulator"}},{"type":"Feature","id":"gas-E824","geometry":{"type":"LineString","coordinates":[[-78.9349223,43.8725077],[-78.9349462,43.8725635],[-78.9350303,43.8725937]]},"properties":{"kind":"service","tier":"service","placement":"underground","from":"gas-T-376","to":"gas-N-P-00328","lengthM":14.04,"sizeMm":19,"diameterIn":0.75,"nominalLabel":"3/4\" PE","depthM":0.8,"pressureTier":"mp","excessFlowValve":true,"regulator":"service pressure regulator"}},{"type":"Feature","id":"gas-E825","geometry":{"type":"LineString","coordinates":[[-78.9346981,43.8725574],[-78.9347219,43.8726132],[-78.9347944,43.8726593]]},"properties":{"kind":"service","tier":"service","placement":"underground","from":"gas-T-377","to":"gas-N-P-00329","lengthM":14.25,"sizeMm":19,"diameterIn":0.75,"nominalLabel":"3/4\" PE","depthM":0.8,"pressureTier":"mp","excessFlowValve":true,"regulator":"service pressure regulator"}},{"type":"Feature","id":"gas-E826","geometry":{"type":"LineString","coordinates":[[-78.9344842,43.8726049],[-78.934508,43.8726607],[-78.934577,43.8726968]]},"properties":{"kind":"service","tier":"service","placement":"underground","from":"gas-T-378","to":"gas-N-P-00330","lengthM":13.34,"sizeMm":19,"diameterIn":0.75,"nominalLabel":"3/4\" PE","depthM":0.8,"pressureTier":"mp","excessFlowValve":true,"regulator":"service pressure regulator"}},{"type":"Feature","id":"gas-E827","geometry":{"type":"LineString","coordinates":[[-78.9355729,43.8723633],[-78.9355161,43.8722302],[-78.9355734,43.8721512]]},"properties":{"kind":"service","tier":"service","placement":"underground","from":"gas-T-379","to":"gas-N-P-00331","lengthM":25.43,"sizeMm":25,"diameterIn":0.98,"nominalLabel":"1\" PE","depthM":0.8,"pressureTier":"lp","excessFlowValve":false}},{"type":"Feature","id":"gas-E828","geometry":{"type":"LineString","coordinates":[[-78.9353655,43.8724093],[-78.9353087,43.8722762],[-78.9353529,43.8722142]]},"properties":{"kind":"service","tier":"service","placement":"underground","from":"gas-T-380","to":"gas-N-P-00332","lengthM":23.26,"sizeMm":25,"diameterIn":0.98,"nominalLabel":"1\" PE","depthM":0.8,"pressureTier":"lp","excessFlowValve":false}},{"type":"Feature","id":"gas-E829","geometry":{"type":"LineString","coordinates":[[-78.9351504,43.8724571],[-78.9350936,43.872324],[-78.9351556,43.8722568]]},"properties":{"kind":"service","tier":"service","placement":"underground","from":"gas-T-381","to":"gas-N-P-00333","lengthM":24.49,"sizeMm":19,"diameterIn":0.75,"nominalLabel":"3/4\" PE","depthM":0.8,"pressureTier":"mp","excessFlowValve":true,"regulator":"service pressure regulator"}},{"type":"Feature","id":"gas-E830","geometry":{"type":"LineString","coordinates":[[-78.9349253,43.872507],[-78.9348685,43.872374],[-78.9349053,43.8723111]]},"properties":{"kind":"service","tier":"service","placement":"underground","from":"gas-T-382","to":"gas-N-P-00334","lengthM":23.1,"sizeMm":19,"diameterIn":0.75,"nominalLabel":"3/4\" PE","depthM":0.8,"pressureTier":"mp","excessFlowValve":true,"regulator":"service pressure regulator"}},{"type":"Feature","id":"gas-E831","geometry":{"type":"LineString","coordinates":[[-78.9352072,43.8685264],[-78.9352246,43.8685648],[-78.9353112,43.8686096]]},"properties":{"kind":"service","tier":"service","placement":"underground","from":"gas-T-383","to":"gas-N-P-00335","lengthM":13.05,"sizeMm":25,"diameterIn":0.98,"nominalLabel":"1\" PE","depthM":0.8,"pressureTier":"lp","excessFlowValve":false}},{"type":"Feature","id":"gas-E832","geometry":{"type":"LineString","coordinates":[[-78.9349849,43.8685788],[-78.9350023,43.8686172],[-78.9350696,43.8686657]]},"properties":{"kind":"service","tier":"service","placement":"underground","from":"gas-T-384","to":"gas-N-P-00336","lengthM":12.14,"sizeMm":25,"diameterIn":0.98,"nominalLabel":"1\" PE","depthM":0.8,"pressureTier":"lp","excessFlowValve":false}},{"type":"Feature","id":"gas-E833","geometry":{"type":"LineString","coordinates":[[-78.9348822,43.8690319],[-78.9349369,43.8690203],[-78.9350118,43.8689866]]},"properties":{"kind":"service","tier":"service","placement":"underground","from":"gas-T-385","to":"gas-N-P-00337","lengthM":11.66,"sizeMm":25,"diameterIn":0.98,"nominalLabel":"1\" PE","depthM":0.8,"pressureTier":"lp","excessFlowValve":false}},{"type":"Feature","id":"gas-E834","geometry":{"type":"LineString","coordinates":[[-78.9349504,43.8691877],[-78.9350038,43.8691754],[-78.9350743,43.8691175]]},"properties":{"kind":"service","tier":"service","placement":"underground","from":"gas-T-386","to":"gas-N-P-00338","lengthM":13.08,"sizeMm":25,"diameterIn":0.98,"nominalLabel":"1\" PE","depthM":0.8,"pressureTier":"lp","excessFlowValve":false}},{"type":"Feature","id":"gas-E835","geometry":{"type":"LineString","coordinates":[[-78.9350231,43.8693518],[-78.9350765,43.8693395],[-78.9351517,43.8692754]]},"properties":{"kind":"service","tier":"service","placement":"underground","from":"gas-T-387","to":"gas-N-P-00339","lengthM":13.85,"sizeMm":25,"diameterIn":0.98,"nominalLabel":"1\" PE","depthM":0.8,"pressureTier":"lp","excessFlowValve":false}},{"type":"Feature","id":"gas-E836","geometry":{"type":"LineString","coordinates":[[-78.9350983,43.8695216],[-78.9351517,43.8695093],[-78.9352206,43.8694299]]},"properties":{"kind":"service","tier":"service","placement":"underground","from":"gas-T-388","to":"gas-N-P-00340","lengthM":14.93,"sizeMm":25,"diameterIn":0.98,"nominalLabel":"1\" PE","depthM":0.8,"pressureTier":"lp","excessFlowValve":false}},{"type":"Feature","id":"gas-E837","geometry":{"type":"LineString","coordinates":[[-78.9352381,43.8698371],[-78.9352915,43.8698248],[-78.9353651,43.8697727]]},"properties":{"kind":"service","tier":"service","placement":"underground","from":"gas-T-389","to":"gas-N-P-00342","lengthM":12.78,"sizeMm":25,"diameterIn":0.98,"nominalLabel":"1\" PE","depthM":0.8,"pressureTier":"lp","excessFlowValve":false}},{"type":"Feature","id":"gas-E838","geometry":{"type":"LineString","coordinates":[[-78.935663,43.8684189],[-78.9356107,43.8683036],[-78.9356414,43.8682211]]},"properties":{"kind":"service","tier":"service","placement":"underground","from":"gas-T-390","to":"gas-N-P-00343","lengthM":23.01,"sizeMm":25,"diameterIn":0.98,"nominalLabel":"1\" PE","depthM":0.8,"pressureTier":"lp","excessFlowValve":false}},{"type":"Feature","id":"gas-E839","geometry":{"type":"LineString","coordinates":[[-78.9352036,43.8685272],[-78.9351513,43.8684119],[-78.9351953,43.8683359]]},"properties":{"kind":"service","tier":"service","placement":"underground","from":"gas-T-391","to":"gas-N-P-00345","lengthM":22.67,"sizeMm":25,"diameterIn":0.98,"nominalLabel":"1\" PE","depthM":0.8,"pressureTier":"lp","excessFlowValve":false}},{"type":"Feature","id":"gas-E840","geometry":{"type":"LineString","coordinates":[[-78.9349763,43.8685808],[-78.934924,43.8684655],[-78.9349352,43.8683924]]},"properties":{"kind":"service","tier":"service","placement":"underground","from":"gas-T-392","to":"gas-N-P-00346","lengthM":21.69,"sizeMm":25,"diameterIn":0.98,"nominalLabel":"1\" PE","depthM":0.8,"pressureTier":"lp","excessFlowValve":false}},{"type":"Feature","id":"gas-E841","geometry":{"type":"LineString","coordinates":[[-78.9348178,43.8688741],[-78.9346564,43.8689084],[-78.9345614,43.8689026]]},"properties":{"kind":"service","tier":"service","placement":"underground","from":"gas-T-393","to":"gas-N-P-00349","lengthM":21.16,"sizeMm":25,"diameterIn":0.98,"nominalLabel":"1\" PE","depthM":0.8,"pressureTier":"lp","excessFlowValve":false}},{"type":"Feature","id":"gas-E842","geometry":{"type":"LineString","coordinates":[[-78.9348886,43.8690474],[-78.9347283,43.8690815],[-78.9346337,43.8690541]]},"properties":{"kind":"service","tier":"service","placement":"underground","from":"gas-T-394","to":"gas-N-P-00350","lengthM":21.59,"sizeMm":25,"diameterIn":0.98,"nominalLabel":"1\" PE","depthM":0.8,"pressureTier":"lp","excessFlowValve":false}},{"type":"Feature","id":"gas-E843","geometry":{"type":"LineString","coordinates":[[-78.9350234,43.8693524],[-78.9348631,43.8693893],[-78.9347769,43.8693515]]},"properties":{"kind":"service","tier":"service","placement":"underground","from":"gas-T-395","to":"gas-N-P-00352","lengthM":21.6,"sizeMm":25,"diameterIn":0.98,"nominalLabel":"1\" PE","depthM":0.8,"pressureTier":"lp","excessFlowValve":false}},{"type":"Feature","id":"gas-E844","geometry":{"type":"LineString","coordinates":[[-78.9350998,43.8695249],[-78.9349395,43.8695618],[-78.9348417,43.8695211]]},"properties":{"kind":"service","tier":"service","placement":"underground","from":"gas-T-396","to":"gas-N-P-00353","lengthM":22.57,"sizeMm":25,"diameterIn":0.98,"nominalLabel":"1\" PE","depthM":0.8,"pressureTier":"lp","excessFlowValve":false}},{"type":"Feature","id":"gas-E845","geometry":{"type":"LineString","coordinates":[[-78.9352407,43.869843],[-78.9350804,43.8698799],[-78.9349783,43.869854]]},"properties":{"kind":"service","tier":"service","placement":"underground","from":"gas-T-397","to":"gas-N-P-00355","lengthM":22.19,"sizeMm":25,"diameterIn":0.98,"nominalLabel":"1\" PE","depthM":0.8,"pressureTier":"lp","excessFlowValve":false}},{"type":"Feature","id":"gas-E846","geometry":{"type":"LineString","coordinates":[[-78.9353813,43.8701605],[-78.9352209,43.8701974],[-78.9351362,43.8701706]]},"properties":{"kind":"service","tier":"service","placement":"underground","from":"gas-T-398","to":"gas-N-P-00357","lengthM":20.94,"sizeMm":25,"diameterIn":0.98,"nominalLabel":"1\" PE","depthM":0.8,"pressureTier":"lp","excessFlowValve":false}},{"type":"Feature","id":"gas-E847","geometry":{"type":"LineString","coordinates":[[-78.935658,43.87106],[-78.9356046,43.8710722],[-78.9355633,43.8711399]]},"properties":{"kind":"service","tier":"service","placement":"underground","from":"gas-T-399","to":"gas-N-P-00358","lengthM":12.73,"sizeMm":25,"diameterIn":0.98,"nominalLabel":"1\" PE","depthM":0.8,"pressureTier":"lp","excessFlowValve":false}},{"type":"Feature","id":"gas-E848","geometry":{"type":"LineString","coordinates":[[-78.9355949,43.8709166],[-78.9355415,43.8709288],[-78.93547,43.8709695]]},"properties":{"kind":"service","tier":"service","placement":"underground","from":"gas-T-400","to":"gas-N-P-00359","lengthM":11.81,"sizeMm":25,"diameterIn":0.98,"nominalLabel":"1\" PE","depthM":0.8,"pressureTier":"lp","excessFlowValve":false}},{"type":"Feature","id":"gas-E849","geometry":{"type":"LineString","coordinates":[[-78.9355337,43.8707777],[-78.9354803,43.8707899],[-78.9354204,43.8708461]]},"properties":{"kind":"service","tier":"service","placement":"underground","from":"gas-T-401","to":"gas-N-P-00360","lengthM":12.38,"sizeMm":25,"diameterIn":0.98,"nominalLabel":"1\" PE","depthM":0.8,"pressureTier":"lp","excessFlowValve":false}},{"type":"Feature","id":"gas-E850","geometry":{"type":"LineString","coordinates":[[-78.9354717,43.8706369],[-78.9354183,43.8706491],[-78.9353747,43.8707092]]},"properties":{"kind":"service","tier":"service","placement":"underground","from":"gas-T-402","to":"gas-N-P-00361","lengthM":12.05,"sizeMm":25,"diameterIn":0.98,"nominalLabel":"1\" PE","depthM":0.8,"pressureTier":"lp","excessFlowValve":false}},{"type":"Feature","id":"gas-E851","geometry":{"type":"LineString","coordinates":[[-78.9355333,43.8707768],[-78.9356937,43.8707401],[-78.9357771,43.8707671]]},"properties":{"kind":"service","tier":"service","placement":"underground","from":"gas-T-403","to":"gas-N-P-00363","lengthM":20.84,"sizeMm":25,"diameterIn":0.98,"nominalLabel":"1\" PE","depthM":0.8,"pressureTier":"lp","excessFlowValve":false}},{"type":"Feature","id":"gas-E852","geometry":{"type":"LineString","coordinates":[[-78.9348005,43.8704987],[-78.9348153,43.8705377],[-78.9348608,43.87059]]},"properties":{"kind":"service","tier":"service","placement":"underground","from":"gas-T-404","to":"gas-N-P-00364","lengthM":11.37,"sizeMm":25,"diameterIn":0.98,"nominalLabel":"1\" PE","depthM":0.8,"pressureTier":"lp","excessFlowValve":false}},{"type":"Feature","id":"gas-E853","geometry":{"type":"LineString","coordinates":[[-78.934071,43.8704074],[-78.9340415,43.8704416],[-78.9340279,43.8705007]]},"properties":{"kind":"service","tier":"service","placement":"underground","from":"gas-T-405","to":"gas-N-P-00365","lengthM":11.16,"sizeMm":25,"diameterIn":0.98,"nominalLabel":"1\" PE","depthM":0.8,"pressureTier":"lp","excessFlowValve":false}},{"type":"Feature","id":"gas-E854","geometry":{"type":"LineString","coordinates":[[-78.9338655,43.8703464],[-78.9338523,43.8703898],[-78.9338761,43.8704135]]},"properties":{"kind":"service","tier":"service","placement":"underground","from":"gas-T-406","to":"gas-N-P-00366","lengthM":8.2,"sizeMm":25,"diameterIn":0.98,"nominalLabel":"1\" PE","depthM":0.8,"pressureTier":"lp","excessFlowValve":false}},{"type":"Feature","id":"gas-E855","geometry":{"type":"LineString","coordinates":[[-78.9335678,43.8708912],[-78.9336213,43.870879],[-78.9336712,43.8708136]]},"properties":{"kind":"service","tier":"service","placement":"underground","from":"gas-T-407","to":"gas-N-P-00368","lengthM":12.81,"sizeMm":25,"diameterIn":0.98,"nominalLabel":"1\" PE","depthM":0.8,"pressureTier":"lp","excessFlowValve":false}},{"type":"Feature","id":"gas-E856","geometry":{"type":"LineString","coordinates":[[-78.9336886,43.8711669],[-78.9337421,43.8711548],[-78.9337932,43.8711062]]},"properties":{"kind":"service","tier":"service","placement":"underground","from":"gas-T-408","to":"gas-N-P-00370","lengthM":11.29,"sizeMm":19,"diameterIn":0.75,"nominalLabel":"3/4\" PE","depthM":0.8,"pressureTier":"mp","excessFlowValve":true,"regulator":"service pressure regulator"}},{"type":"Feature","id":"gas-E857","geometry":{"type":"LineString","coordinates":[[-78.9337523,43.8713121],[-78.9338057,43.8713],[-78.9338631,43.8712405]]},"properties":{"kind":"service","tier":"service","placement":"underground","from":"gas-T-409","to":"gas-N-P-00371","lengthM":12.56,"sizeMm":19,"diameterIn":0.75,"nominalLabel":"3/4\" PE","depthM":0.8,"pressureTier":"mp","excessFlowValve":true,"regulator":"service pressure regulator"}},{"type":"Feature","id":"gas-E858","geometry":{"type":"LineString","coordinates":[[-78.9338148,43.871455],[-78.9338683,43.8714428],[-78.9339147,43.871394]]},"properties":{"kind":"service","tier":"service","placement":"underground","from":"gas-T-410","to":"gas-N-P-00372","lengthM":11.08,"sizeMm":19,"diameterIn":0.75,"nominalLabel":"3/4\" PE","depthM":0.8,"pressureTier":"mp","excessFlowValve":true,"regulator":"service pressure regulator"}},{"type":"Feature","id":"gas-E859","geometry":{"type":"LineString","coordinates":[[-78.9347837,43.870502],[-78.9347394,43.8703851],[-78.934785,43.8703261]]},"properties":{"kind":"service","tier":"service","placement":"underground","from":"gas-T-411","to":"gas-N-P-00373","lengthM":21.01,"sizeMm":25,"diameterIn":0.98,"nominalLabel":"1\" PE","depthM":0.8,"pressureTier":"lp","excessFlowValve":false}},{"type":"Feature","id":"gas-E860","geometry":{"type":"LineString","coordinates":[[-78.9345358,43.8705343],[-78.9345273,43.8704039],[-78.9345651,43.8703775]]},"properties":{"kind":"service","tier":"service","placement":"underground","from":"gas-T-412","to":"gas-N-P-00374","lengthM":18.75,"sizeMm":25,"diameterIn":0.98,"nominalLabel":"1\" PE","depthM":0.8,"pressureTier":"lp","excessFlowValve":false}},{"type":"Feature","id":"gas-E861","geometry":{"type":"LineString","coordinates":[[-78.9340519,43.8703988],[-78.9341407,43.8702958],[-78.9342235,43.87027]]},"properties":{"kind":"service","tier":"service","placement":"underground","from":"gas-T-413","to":"gas-N-P-00376","lengthM":20.74,"sizeMm":25,"diameterIn":0.98,"nominalLabel":"1\" PE","depthM":0.8,"pressureTier":"lp","excessFlowValve":false}},{"type":"Feature","id":"gas-E862","geometry":{"type":"LineString","coordinates":[[-78.9334256,43.8705667],[-78.9332652,43.8706032],[-78.933168,43.8705737]]},"properties":{"kind":"service","tier":"service","placement":"underground","from":"gas-T-414","to":"gas-N-P-00377","lengthM":21.96,"sizeMm":25,"diameterIn":0.98,"nominalLabel":"1\" PE","depthM":0.8,"pressureTier":"lp","excessFlowValve":false}},{"type":"Feature","id":"gas-E863","geometry":{"type":"LineString","coordinates":[[-78.933488,43.8707089],[-78.9333276,43.8707455],[-78.9332579,43.8707393]]},"properties":{"kind":"service","tier":"service","placement":"underground","from":"gas-T-415","to":"gas-N-P-00378","lengthM":19.13,"sizeMm":25,"diameterIn":0.98,"nominalLabel":"1\" PE","depthM":0.8,"pressureTier":"lp","excessFlowValve":false}},{"type":"Feature","id":"gas-E864","geometry":{"type":"LineString","coordinates":[[-78.9335519,43.8708549],[-78.9333915,43.8708914],[-78.9333144,43.8708828]]},"properties":{"kind":"service","tier":"service","placement":"underground","from":"gas-T-416","to":"gas-N-P-00379","lengthM":19.76,"sizeMm":25,"diameterIn":0.98,"nominalLabel":"1\" PE","depthM":0.8,"pressureTier":"lp","excessFlowValve":false}},{"type":"Feature","id":"gas-E865","geometry":{"type":"LineString","coordinates":[[-78.9336164,43.8710021],[-78.933456,43.8710386],[-78.9333737,43.8710178]]},"properties":{"kind":"service","tier":"service","placement":"underground","from":"gas-T-417","to":"gas-N-P-00380","lengthM":20.5,"sizeMm":25,"diameterIn":0.98,"nominalLabel":"1\" PE","depthM":0.8,"pressureTier":"lp","excessFlowValve":false}},{"type":"Feature","id":"gas-E866","geometry":{"type":"LineString","coordinates":[[-78.9336824,43.8711527],[-78.933522,43.8711893],[-78.9334241,43.8711601]]},"properties":{"kind":"service","tier":"service","placement":"underground","from":"gas-T-418","to":"gas-N-P-00381","lengthM":22.01,"sizeMm":19,"diameterIn":0.75,"nominalLabel":"3/4\" PE","depthM":0.8,"pressureTier":"mp","excessFlowValve":true,"regulator":"service pressure regulator"}},{"type":"Feature","id":"gas-E867","geometry":{"type":"LineString","coordinates":[[-78.9337464,43.8712987],[-78.9335859,43.8713352],[-78.9334971,43.8713284]]},"properties":{"kind":"service","tier":"service","placement":"underground","from":"gas-T-419","to":"gas-N-P-00382","lengthM":20.67,"sizeMm":19,"diameterIn":0.75,"nominalLabel":"3/4\" PE","depthM":0.8,"pressureTier":"mp","excessFlowValve":true,"regulator":"service pressure regulator"}},{"type":"Feature","id":"gas-E868","geometry":{"type":"LineString","coordinates":[[-78.9338116,43.8714475],[-78.9336511,43.871484],[-78.9335705,43.8714699]]},"properties":{"kind":"service","tier":"service","placement":"underground","from":"gas-T-420","to":"gas-N-P-00383","lengthM":20.16,"sizeMm":19,"diameterIn":0.75,"nominalLabel":"3/4\" PE","depthM":0.8,"pressureTier":"mp","excessFlowValve":true,"regulator":"service pressure regulator"}},{"type":"Feature","id":"gas-E869","geometry":{"type":"LineString","coordinates":[[-78.9351702,43.8672415],[-78.9353328,43.8672043],[-78.9354533,43.8672684]]},"properties":{"kind":"service","tier":"service","placement":"underground","from":"gas-T-421","to":"gas-N-P-00384","lengthM":25.71,"sizeMm":19,"diameterIn":0.75,"nominalLabel":"3/4\" PE","depthM":0.8,"pressureTier":"mp","excessFlowValve":true,"regulator":"service pressure regulator"}},{"type":"Feature","id":"gas-E870","geometry":{"type":"LineString","coordinates":[[-78.9343072,43.871547],[-78.9343247,43.8715854],[-78.9344233,43.871613]]},"properties":{"kind":"service","tier":"service","placement":"underground","from":"gas-T-422","to":"gas-N-P-00385","lengthM":12.99,"sizeMm":19,"diameterIn":0.75,"nominalLabel":"3/4\" PE","depthM":0.8,"pressureTier":"mp","excessFlowValve":true,"regulator":"service pressure regulator"}},{"type":"Feature","id":"gas-E871","geometry":{"type":"LineString","coordinates":[[-78.9340639,43.8716047],[-78.9340813,43.8716427],[-78.9341803,43.8716858]]},"properties":{"kind":"service","tier":"service","placement":"underground","from":"gas-T-423","to":"gas-N-P-00386","lengthM":13.74,"sizeMm":19,"diameterIn":0.75,"nominalLabel":"3/4\" PE","depthM":0.8,"pressureTier":"mp","excessFlowValve":true,"regulator":"service pressure regulator"}},{"type":"Feature","id":"gas-E872","geometry":{"type":"LineString","coordinates":[[-78.9341332,43.87246],[-78.9340793,43.8724722],[-78.9340256,43.8725226]]},"properties":{"kind":"service","tier":"service","placement":"underground","from":"gas-T-424","to":"gas-N-P-00387","lengthM":11.61,"sizeMm":25,"diameterIn":0.98,"nominalLabel":"1\" PE","depthM":0.8,"pressureTier":"mp","excessFlowValve":true,"regulator":"service pressure regulator"}},{"type":"Feature","id":"gas-E873","geometry":{"type":"LineString","coordinates":[[-78.9340596,43.8722899],[-78.934006,43.8723019],[-78.9339488,43.8723455]]},"properties":{"kind":"service","tier":"service","placement":"underground","from":"gas-T-425","to":"gas-N-P-00388","lengthM":11.18,"sizeMm":19,"diameterIn":0.75,"nominalLabel":"3/4\" PE","depthM":0.8,"pressureTier":"mp","excessFlowValve":true,"regulator":"service pressure regulator"}},{"type":"Feature","id":"gas-E874","geometry":{"type":"LineString","coordinates":[[-78.9339883,43.8721254],[-78.9339348,43.8721375],[-78.9338885,43.8722185]]},"properties":{"kind":"service","tier":"service","placement":"underground","from":"gas-T-426","to":"gas-N-P-00389","lengthM":14.25,"sizeMm":19,"diameterIn":0.75,"nominalLabel":"3/4\" PE","depthM":0.8,"pressureTier":"mp","excessFlowValve":true,"regulator":"service pressure regulator"}},{"type":"Feature","id":"gas-E875","geometry":{"type":"LineString","coordinates":[[-78.9338429,43.8717896],[-78.9337894,43.8718016],[-78.9337367,43.8718803]]},"properties":{"kind":"service","tier":"service","placement":"underground","from":"gas-T-427","to":"gas-N-P-00391","lengthM":14.23,"sizeMm":19,"diameterIn":0.75,"nominalLabel":"3/4\" PE","depthM":0.8,"pressureTier":"mp","excessFlowValve":true,"regulator":"service pressure regulator"}},{"type":"Feature","id":"gas-E876","geometry":{"type":"LineString","coordinates":[[-78.9341365,43.8724676],[-78.9342967,43.8724315],[-78.9343663,43.8724351]]},"properties":{"kind":"service","tier":"service","placement":"underground","from":"gas-T-428","to":"gas-N-P-00392","lengthM":19.06,"sizeMm":19,"diameterIn":0.75,"nominalLabel":"3/4\" PE","depthM":0.8,"pressureTier":"mp","excessFlowValve":true,"regulator":"service pressure regulator"}},{"type":"Feature","id":"gas-E877","geometry":{"type":"LineString","coordinates":[[-78.9340645,43.8723014],[-78.9342251,43.8722652],[-78.93432,43.872286]]},"properties":{"kind":"service","tier":"service","placement":"underground","from":"gas-T-429","to":"gas-N-P-00393","lengthM":21.46,"sizeMm":19,"diameterIn":0.75,"nominalLabel":"3/4\" PE","depthM":0.8,"pressureTier":"mp","excessFlowValve":true,"regulator":"service pressure regulator"}},{"type":"Feature","id":"gas-E878","geometry":{"type":"LineString","coordinates":[[-78.9339914,43.8721326],[-78.934152,43.8720964],[-78.9342432,43.8721159]]},"properties":{"kind":"service","tier":"service","placement":"underground","from":"gas-T-430","to":"gas-N-P-00394","lengthM":21.13,"sizeMm":19,"diameterIn":0.75,"nominalLabel":"3/4\" PE","depthM":0.8,"pressureTier":"mp","excessFlowValve":true,"regulator":"service pressure regulator"}},{"type":"Feature","id":"gas-E879","geometry":{"type":"LineString","coordinates":[[-78.933457,43.8728329],[-78.9334001,43.8726998],[-78.9334466,43.8726301]]},"properties":{"kind":"service","tier":"service","placement":"underground","from":"gas-T-431","to":"gas-N-P-00396","lengthM":24.11,"sizeMm":19,"diameterIn":0.75,"nominalLabel":"3/4\" PE","depthM":0.8,"pressureTier":"mp","excessFlowValve":true,"regulator":"service pressure regulator"}},{"type":"Feature","id":"gas-E880","geometry":{"type":"LineString","coordinates":[[-78.9317446,43.8716075],[-78.9316911,43.8716197],[-78.9316205,43.8716675]]},"properties":{"kind":"service","tier":"service","placement":"underground","from":"gas-T-432","to":"gas-N-P-00399","lengthM":12.27,"sizeMm":19,"diameterIn":0.75,"nominalLabel":"3/4\" PE","depthM":0.8,"pressureTier":"mp","excessFlowValve":true,"regulator":"service pressure regulator"}},{"type":"Feature","id":"gas-E881","geometry":{"type":"LineString","coordinates":[[-78.9316803,43.8714609],[-78.9316269,43.8714731],[-78.9315718,43.8715222]]},"properties":{"kind":"service","tier":"service","placement":"underground","from":"gas-T-433","to":"gas-N-P-00400","lengthM":11.53,"sizeMm":19,"diameterIn":0.75,"nominalLabel":"3/4\" PE","depthM":0.8,"pressureTier":"mp","excessFlowValve":true,"regulator":"service pressure regulator"}},{"type":"Feature","id":"gas-E882","geometry":{"type":"LineString","coordinates":[[-78.9315617,43.8711902],[-78.9315082,43.8712023],[-78.9314468,43.8712459]]},"properties":{"kind":"service","tier":"service","placement":"underground","from":"gas-T-434","to":"gas-N-P-00402","lengthM":11.42,"sizeMm":19,"diameterIn":0.75,"nominalLabel":"3/4\" PE","depthM":0.8,"pressureTier":"mp","excessFlowValve":true,"regulator":"service pressure regulator"}},{"type":"Feature","id":"gas-E883","geometry":{"type":"LineString","coordinates":[[-78.9314338,43.8708984],[-78.9313804,43.8709105],[-78.9313258,43.8709619]]},"properties":{"kind":"service","tier":"service","placement":"underground","from":"gas-T-435","to":"gas-N-P-00404","lengthM":11.7,"sizeMm":19,"diameterIn":0.75,"nominalLabel":"3/4\" PE","depthM":0.8,"pressureTier":"mp","excessFlowValve":true,"regulator":"service pressure regulator"}},{"type":"Feature","id":"gas-E884","geometry":{"type":"LineString","coordinates":[[-78.9320582,43.872323],[-78.9322186,43.8722865],[-78.9323218,43.8723124]]},"properties":{"kind":"service","tier":"service","placement":"underground","from":"gas-T-436","to":"gas-N-P-00405","lengthM":22.27,"sizeMm":19,"diameterIn":0.75,"nominalLabel":"3/4\" PE","depthM":0.8,"pressureTier":"mp","excessFlowValve":true,"regulator":"service pressure regulator"}},{"type":"Feature","id":"gas-E885","geometry":{"type":"LineString","coordinates":[[-78.9319939,43.8721765],[-78.9321544,43.87214],[-78.9322521,43.872177]]},"properties":{"kind":"service","tier":"service","placement":"underground","from":"gas-T-437","to":"gas-N-P-00406","lengthM":22.36,"sizeMm":19,"diameterIn":0.75,"nominalLabel":"3/4\" PE","depthM":0.8,"pressureTier":"mp","excessFlowValve":true,"regulator":"service pressure regulator"}},{"type":"Feature","id":"gas-E886","geometry":{"type":"LineString","coordinates":[[-78.9319317,43.8720345],[-78.9320921,43.871998],[-78.9321807,43.8719949]]},"properties":{"kind":"service","tier":"service","placement":"underground","from":"gas-T-438","to":"gas-N-P-00407","lengthM":20.62,"sizeMm":19,"diameterIn":0.75,"nominalLabel":"3/4\" PE","depthM":0.8,"pressureTier":"mp","excessFlowValve":true,"regulator":"service pressure regulator"}},{"type":"Feature","id":"gas-E887","geometry":{"type":"LineString","coordinates":[[-78.93187,43.8718937],[-78.9320304,43.8718571],[-78.9321135,43.8718941]]},"properties":{"kind":"service","tier":"service","placement":"underground","from":"gas-T-439","to":"gas-N-P-00408","lengthM":21.33,"sizeMm":19,"diameterIn":0.75,"nominalLabel":"3/4\" PE","depthM":0.8,"pressureTier":"mp","excessFlowValve":true,"regulator":"service pressure regulator"}},{"type":"Feature","id":"gas-E888","geometry":{"type":"LineString","coordinates":[[-78.9318076,43.8717512],[-78.931968,43.8717146],[-78.9320512,43.8717388]]},"properties":{"kind":"service","tier":"service","placement":"underground","from":"gas-T-440","to":"gas-N-P-00409","lengthM":20.7,"sizeMm":19,"diameterIn":0.75,"nominalLabel":"3/4\" PE","depthM":0.8,"pressureTier":"mp","excessFlowValve":true,"regulator":"service pressure regulator"}},{"type":"Feature","id":"gas-E889","geometry":{"type":"LineString","coordinates":[[-78.9316241,43.8713326],[-78.9317845,43.871296],[-78.9318742,43.8713055]]},"properties":{"kind":"service","tier":"service","placement":"underground","from":"gas-T-441","to":"gas-N-P-00412","lengthM":20.77,"sizeMm":19,"diameterIn":0.75,"nominalLabel":"3/4\" PE","depthM":0.8,"pressureTier":"mp","excessFlowValve":true,"regulator":"service pressure regulator"}},{"type":"Feature","id":"gas-E890","geometry":{"type":"LineString","coordinates":[[-78.9315596,43.8711853],[-78.93172,43.8711488],[-78.9318108,43.871164]]},"properties":{"kind":"service","tier":"service","placement":"underground","from":"gas-T-442","to":"gas-N-P-00413","lengthM":20.98,"sizeMm":19,"diameterIn":0.75,"nominalLabel":"3/4\" PE","depthM":0.8,"pressureTier":"mp","excessFlowValve":true,"regulator":"service pressure regulator"}},{"type":"Feature","id":"gas-E891","geometry":{"type":"LineString","coordinates":[[-78.9314958,43.8710398],[-78.9316562,43.8710033],[-78.9317503,43.8710235]]},"properties":{"kind":"service","tier":"service","placement":"underground","from":"gas-T-443","to":"gas-N-P-00414","lengthM":21.38,"sizeMm":19,"diameterIn":0.75,"nominalLabel":"3/4\" PE","depthM":0.8,"pressureTier":"mp","excessFlowValve":true,"regulator":"service pressure regulator"}},{"type":"Feature","id":"gas-E892","geometry":{"type":"LineString","coordinates":[[-78.931434,43.8708987],[-78.9315944,43.8708622],[-78.9316962,43.8708927]]},"properties":{"kind":"service","tier":"service","placement":"underground","from":"gas-T-444","to":"gas-N-P-00415","lengthM":22.35,"sizeMm":19,"diameterIn":0.75,"nominalLabel":"3/4\" PE","depthM":0.8,"pressureTier":"mp","excessFlowValve":true,"regulator":"service pressure regulator"}},{"type":"Feature","id":"gas-E893","geometry":{"type":"LineString","coordinates":[[-78.9327669,43.8722849],[-78.9327499,43.8722464],[-78.9326927,43.8722055]]},"properties":{"kind":"service","tier":"service","placement":"underground","from":"gas-T-445","to":"gas-N-P-00416","lengthM":10.96,"sizeMm":19,"diameterIn":0.75,"nominalLabel":"3/4\" PE","depthM":0.8,"pressureTier":"mp","excessFlowValve":true,"regulator":"service pressure regulator"}},{"type":"Feature","id":"gas-E894","geometry":{"type":"LineString","coordinates":[[-78.9330212,43.8719273],[-78.9329678,43.8719396],[-78.9329218,43.8719799]]},"properties":{"kind":"service","tier":"service","placement":"underground","from":"gas-T-446","to":"gas-N-P-00417","lengthM":10.31,"sizeMm":19,"diameterIn":0.75,"nominalLabel":"3/4\" PE","depthM":0.8,"pressureTier":"mp","excessFlowValve":true,"regulator":"service pressure regulator"}},{"type":"Feature","id":"gas-E895","geometry":{"type":"LineString","coordinates":[[-78.9328392,43.8715165],[-78.9327858,43.8715288],[-78.9327208,43.871577]]},"properties":{"kind":"service","tier":"service","placement":"underground","from":"gas-T-447","to":"gas-N-P-00420","lengthM":11.98,"sizeMm":19,"diameterIn":0.75,"nominalLabel":"3/4\" PE","depthM":0.8,"pressureTier":"mp","excessFlowValve":true,"regulator":"service pressure regulator"}},{"type":"Feature","id":"gas-E896","geometry":{"type":"LineString","coordinates":[[-78.932773,43.871367],[-78.9327196,43.8713793],[-78.9326669,43.87143]]},"properties":{"kind":"service","tier":"service","placement":"underground","from":"gas-T-448","to":"gas-N-P-00421","lengthM":11.55,"sizeMm":19,"diameterIn":0.75,"nominalLabel":"3/4\" PE","depthM":0.8,"pressureTier":"mp","excessFlowValve":true,"regulator":"service pressure regulator"}},{"type":"Feature","id":"gas-E897","geometry":{"type":"LineString","coordinates":[[-78.9327119,43.8712292],[-78.9326585,43.8712415],[-78.9326104,43.8712956]]},"properties":{"kind":"service","tier":"service","placement":"underground","from":"gas-T-449","to":"gas-N-P-00422","lengthM":11.66,"sizeMm":19,"diameterIn":0.75,"nominalLabel":"3/4\" PE","depthM":0.8,"pressureTier":"mp","excessFlowValve":true,"regulator":"service pressure regulator"}},{"type":"Feature","id":"gas-E898","geometry":{"type":"LineString","coordinates":[[-78.9326504,43.8710903],[-78.932597,43.8711026],[-78.9325536,43.8711625]]},"properties":{"kind":"service","tier":"service","placement":"underground","from":"gas-T-450","to":"gas-N-P-00423","lengthM":12.03,"sizeMm":19,"diameterIn":0.75,"nominalLabel":"3/4\" PE","depthM":0.8,"pressureTier":"mp","excessFlowValve":true,"regulator":"service pressure regulator"}},{"type":"Feature","id":"gas-E899","geometry":{"type":"LineString","coordinates":[[-78.9325832,43.8709385],[-78.9325297,43.8709508],[-78.9324698,43.8709923]]},"properties":{"kind":"service","tier":"service","placement":"underground","from":"gas-T-451","to":"gas-N-P-00424","lengthM":11.17,"sizeMm":19,"diameterIn":0.75,"nominalLabel":"3/4\" PE","depthM":0.8,"pressureTier":"mp","excessFlowValve":true,"regulator":"service pressure regulator"}},{"type":"Feature","id":"gas-E900","geometry":{"type":"LineString","coordinates":[[-78.9325211,43.8707985],[-78.9324677,43.8708108],[-78.9324056,43.8708564]]},"properties":{"kind":"service","tier":"service","placement":"underground","from":"gas-T-452","to":"gas-N-P-00425","lengthM":11.61,"sizeMm":19,"diameterIn":0.75,"nominalLabel":"3/4\" PE","depthM":0.8,"pressureTier":"mp","excessFlowValve":true,"regulator":"service pressure regulator"}},{"type":"Feature","id":"gas-E901","geometry":{"type":"LineString","coordinates":[[-78.9324158,43.8705165],[-78.9323628,43.8705249],[-78.9322988,43.8705672]]},"properties":{"kind":"service","tier":"service","placement":"underground","from":"gas-T-453","to":"gas-N-P-00426","lengthM":11.33,"sizeMm":19,"diameterIn":0.75,"nominalLabel":"3/4\" PE","depthM":0.8,"pressureTier":"mp","excessFlowValve":true,"regulator":"service pressure regulator"}},{"type":"Feature","id":"gas-E902","geometry":{"type":"LineString","coordinates":[[-78.932331,43.870078],[-78.9322729,43.8700819],[-78.9322092,43.8701209]]},"properties":{"kind":"service","tier":"service","placement":"underground","from":"gas-T-454","to":"gas-N-P-00429","lengthM":11.39,"sizeMm":19,"diameterIn":0.75,"nominalLabel":"3/4\" PE","depthM":0.8,"pressureTier":"mp","excessFlowValve":true,"regulator":"service pressure regulator"}},{"type":"Feature","id":"gas-E903","geometry":{"type":"LineString","coordinates":[[-78.9322987,43.86993],[-78.9322424,43.8699372],[-78.9321762,43.8700005]]},"properties":{"kind":"service","tier":"service","placement":"underground","from":"gas-T-455","to":"gas-N-P-00430","lengthM":13.41,"sizeMm":19,"diameterIn":0.75,"nominalLabel":"3/4\" PE","depthM":0.8,"pressureTier":"mp","excessFlowValve":true,"regulator":"service pressure regulator"}},{"type":"Feature","id":"gas-E904","geometry":{"type":"LineString","coordinates":[[-78.9322441,43.8697806],[-78.9321907,43.8697932],[-78.9321363,43.8698599]]},"properties":{"kind":"service","tier":"service","placement":"underground","from":"gas-T-456","to":"gas-N-P-00431","lengthM":13.11,"sizeMm":19,"diameterIn":0.75,"nominalLabel":"3/4\" PE","depthM":0.8,"pressureTier":"mp","excessFlowValve":true,"regulator":"service pressure regulator"}},{"type":"Feature","id":"gas-E905","geometry":{"type":"LineString","coordinates":[[-78.93218,43.8696391],[-78.9321267,43.8696516],[-78.9320651,43.8696966]]},"properties":{"kind":"service","tier":"service","placement":"underground","from":"gas-T-457","to":"gas-N-P-00432","lengthM":11.54,"sizeMm":19,"diameterIn":0.75,"nominalLabel":"3/4\" PE","depthM":0.8,"pressureTier":"mp","excessFlowValve":true,"regulator":"service pressure regulator"}},{"type":"Feature","id":"gas-E906","geometry":{"type":"LineString","coordinates":[[-78.9321195,43.8695052],[-78.9320662,43.8695177],[-78.9319984,43.8695583]]},"properties":{"kind":"service","tier":"service","placement":"underground","from":"gas-T-458","to":"gas-N-P-00433","lengthM":11.56,"sizeMm":19,"diameterIn":0.75,"nominalLabel":"3/4\" PE","depthM":0.8,"pressureTier":"mp","excessFlowValve":true,"regulator":"service pressure regulator"}},{"type":"Feature","id":"gas-E907","geometry":{"type":"LineString","coordinates":[[-78.9311068,43.8693367],[-78.9311173,43.8693764],[-78.9311663,43.8694026]]},"properties":{"kind":"service","tier":"service","placement":"underground","from":"gas-T-459","to":"gas-N-P-00436","lengthM":9.4,"sizeMm":19,"diameterIn":0.75,"nominalLabel":"3/4\" PE","depthM":0.8,"pressureTier":"mp","excessFlowValve":true,"regulator":"service pressure regulator"}},{"type":"Feature","id":"gas-E908","geometry":{"type":"LineString","coordinates":[[-78.9327645,43.8722854],[-78.9328157,43.872401],[-78.9327806,43.8724695]]},"properties":{"kind":"service","tier":"service","placement":"underground","from":"gas-T-460","to":"gas-N-P-00437","lengthM":21.63,"sizeMm":19,"diameterIn":0.75,"nominalLabel":"3/4\" PE","depthM":0.8,"pressureTier":"mp","excessFlowValve":true,"regulator":"service pressure regulator"}},{"type":"Feature","id":"gas-E909","geometry":{"type":"LineString","coordinates":[[-78.9330674,43.8720317],[-78.9332277,43.8719948],[-78.9333121,43.8720275]]},"properties":{"kind":"service","tier":"service","placement":"underground","from":"gas-T-461","to":"gas-N-P-00438","lengthM":21.19,"sizeMm":19,"diameterIn":0.75,"nominalLabel":"3/4\" PE","depthM":0.8,"pressureTier":"mp","excessFlowValve":true,"regulator":"service pressure regulator"}},{"type":"Feature","id":"gas-E910","geometry":{"type":"LineString","coordinates":[[-78.933006,43.8718931],[-78.9331663,43.8718562],[-78.9332495,43.8718669]]},"properties":{"kind":"service","tier":"service","placement":"underground","from":"gas-T-462","to":"gas-N-P-00439","lengthM":20.28,"sizeMm":19,"diameterIn":0.75,"nominalLabel":"3/4\" PE","depthM":0.8,"pressureTier":"mp","excessFlowValve":true,"regulator":"service pressure regulator"}},{"type":"Feature","id":"gas-E911","geometry":{"type":"LineString","coordinates":[[-78.9329411,43.8717466],[-78.9331014,43.8717097],[-78.9331993,43.8717267]]},"properties":{"kind":"service","tier":"service","placement":"underground","from":"gas-T-463","to":"gas-N-P-00440","lengthM":21.59,"sizeMm":19,"diameterIn":0.75,"nominalLabel":"3/4\" PE","depthM":0.8,"pressureTier":"mp","excessFlowValve":true,"regulator":"service pressure regulator"}},{"type":"Feature","id":"gas-E912","geometry":{"type":"LineString","coordinates":[[-78.93288,43.8716087],[-78.9330403,43.8715718],[-78.9331182,43.8715837]]},"properties":{"kind":"service","tier":"service","placement":"underground","from":"gas-T-464","to":"gas-N-P-00441","lengthM":19.89,"sizeMm":19,"diameterIn":0.75,"nominalLabel":"3/4\" PE","depthM":0.8,"pressureTier":"mp","excessFlowValve":true,"regulator":"service pressure regulator"}},{"type":"Feature","id":"gas-E913","geometry":{"type":"LineString","coordinates":[[-78.9328199,43.871473],[-78.9329802,43.8714361],[-78.9330695,43.8714595]]},"properties":{"kind":"service","tier":"service","placement":"underground","from":"gas-T-465","to":"gas-N-P-00442","lengthM":21.12,"sizeMm":19,"diameterIn":0.75,"nominalLabel":"3/4\" PE","depthM":0.8,"pressureTier":"mp","excessFlowValve":true,"regulator":"service pressure regulator"}},{"type":"Feature","id":"gas-E914","geometry":{"type":"LineString","coordinates":[[-78.9327555,43.8713276],[-78.9329158,43.8712907],[-78.9330048,43.8713077]]},"properties":{"kind":"service","tier":"service","placement":"underground","from":"gas-T-466","to":"gas-N-P-00443","lengthM":20.89,"sizeMm":19,"diameterIn":0.75,"nominalLabel":"3/4\" PE","depthM":0.8,"pressureTier":"mp","excessFlowValve":true,"regulator":"service pressure regulator"}},{"type":"Feature","id":"gas-E915","geometry":{"type":"LineString","coordinates":[[-78.9326889,43.8711771],[-78.9328491,43.8711402],[-78.9329399,43.8711582]]},"properties":{"kind":"service","tier":"service","placement":"underground","from":"gas-T-467","to":"gas-N-P-00444","lengthM":21.06,"sizeMm":19,"diameterIn":0.75,"nominalLabel":"3/4\" PE","depthM":0.8,"pressureTier":"mp","excessFlowValve":true,"regulator":"service pressure regulator"}},{"type":"Feature","id":"gas-E916","geometry":{"type":"LineString","coordinates":[[-78.9325638,43.8708949],[-78.9327241,43.870858],[-78.9328162,43.8708866]]},"properties":{"kind":"service","tier":"service","placement":"underground","from":"gas-T-468","to":"gas-N-P-00446","lengthM":21.55,"sizeMm":19,"diameterIn":0.75,"nominalLabel":"3/4\" PE","depthM":0.8,"pressureTier":"mp","excessFlowValve":true,"regulator":"service pressure regulator"}},{"type":"Feature","id":"gas-E917","geometry":{"type":"LineString","coordinates":[[-78.932499,43.8707486],[-78.9326593,43.8707117],[-78.9327428,43.8707134]]},"properties":{"kind":"service","tier":"service","placement":"underground","from":"gas-T-469","to":"gas-N-P-00447","lengthM":20.2,"sizeMm":19,"diameterIn":0.75,"nominalLabel":"3/4\" PE","depthM":0.8,"pressureTier":"mp","excessFlowValve":true,"regulator":"service pressure regulator"}},{"type":"Feature","id":"gas-E918","geometry":{"type":"LineString","coordinates":[[-78.9324408,43.8705979],[-78.9326059,43.8705715],[-78.9326983,43.8705964]]},"properties":{"kind":"service","tier":"service","placement":"underground","from":"gas-T-470","to":"gas-N-P-00448","lengthM":21.48,"sizeMm":19,"diameterIn":0.75,"nominalLabel":"3/4\" PE","depthM":0.8,"pressureTier":"mp","excessFlowValve":true,"regulator":"service pressure regulator"}},{"type":"Feature","id":"gas-E919","geometry":{"type":"LineString","coordinates":[[-78.9323969,43.8704437],[-78.932563,43.870422],[-78.9326428,43.8704692]]},"properties":{"kind":"service","tier":"service","placement":"underground","from":"gas-T-471","to":"gas-N-P-00449","lengthM":21.83,"sizeMm":19,"diameterIn":0.75,"nominalLabel":"3/4\" PE","depthM":0.8,"pressureTier":"mp","excessFlowValve":true,"regulator":"service pressure regulator"}},{"type":"Feature","id":"gas-E920","geometry":{"type":"LineString","coordinates":[[-78.9323575,43.8702803],[-78.9325288,43.8702686],[-78.9326237,43.8703051]]},"properties":{"kind":"service","tier":"service","placement":"underground","from":"gas-T-472","to":"gas-N-P-00450","lengthM":22.44,"sizeMm":19,"diameterIn":0.75,"nominalLabel":"3/4\" PE","depthM":0.8,"pressureTier":"mp","excessFlowValve":true,"regulator":"service pressure regulator"}},{"type":"Feature","id":"gas-E921","geometry":{"type":"LineString","coordinates":[[-78.9323377,43.8701295],[-78.9325052,43.8701181],[-78.9325736,43.8701475]]},"properties":{"kind":"service","tier":"service","placement":"underground","from":"gas-T-473","to":"gas-N-P-00451","lengthM":19.89,"sizeMm":19,"diameterIn":0.75,"nominalLabel":"3/4\" PE","depthM":0.8,"pressureTier":"mp","excessFlowValve":true,"regulator":"service pressure regulator"}},{"type":"Feature","id":"gas-E922","geometry":{"type":"LineString","coordinates":[[-78.9323152,43.8699971],[-78.93248,43.8699761],[-78.9325565,43.8700142]]},"properties":{"kind":"service","tier":"service","placement":"underground","from":"gas-T-474","to":"gas-N-P-00452","lengthM":20.9,"sizeMm":19,"diameterIn":0.75,"nominalLabel":"3/4\" PE","depthM":0.8,"pressureTier":"mp","excessFlowValve":true,"regulator":"service pressure regulator"}},{"type":"Feature","id":"gas-E923","geometry":{"type":"LineString","coordinates":[[-78.9322172,43.8697213],[-78.9323771,43.8696837],[-78.9324579,43.8696956]]},"properties":{"kind":"service","tier":"service","placement":"underground","from":"gas-T-475","to":"gas-N-P-00453","lengthM":20.11,"sizeMm":19,"diameterIn":0.75,"nominalLabel":"3/4\" PE","depthM":0.8,"pressureTier":"mp","excessFlowValve":true,"regulator":"service pressure regulator"}},{"type":"Feature","id":"gas-E924","geometry":{"type":"LineString","coordinates":[[-78.9321515,43.8695761],[-78.9323115,43.8695385],[-78.9323972,43.8695742]]},"properties":{"kind":"service","tier":"service","placement":"underground","from":"gas-T-476","to":"gas-N-P-00454","lengthM":21.45,"sizeMm":19,"diameterIn":0.75,"nominalLabel":"3/4\" PE","depthM":0.8,"pressureTier":"mp","excessFlowValve":true,"regulator":"service pressure regulator"}},{"type":"Feature","id":"gas-E925","geometry":{"type":"LineString","coordinates":[[-78.932088,43.8694357],[-78.9322479,43.8693981],[-78.9323401,43.86941]]},"properties":{"kind":"service","tier":"service","placement":"underground","from":"gas-T-477","to":"gas-N-P-00455","lengthM":21.02,"sizeMm":19,"diameterIn":0.75,"nominalLabel":"3/4\" PE","depthM":0.8,"pressureTier":"mp","excessFlowValve":true,"regulator":"service pressure regulator"}},{"type":"Feature","id":"gas-E926","geometry":{"type":"LineString","coordinates":[[-78.9320261,43.8692988],[-78.932186,43.8692612],[-78.9322687,43.8692748]]},"properties":{"kind":"service","tier":"service","placement":"underground","from":"gas-T-478","to":"gas-N-P-00456","lengthM":20.31,"sizeMm":19,"diameterIn":0.75,"nominalLabel":"3/4\" PE","depthM":0.8,"pressureTier":"mp","excessFlowValve":true,"regulator":"service pressure regulator"}},{"type":"Feature","id":"gas-E927","geometry":{"type":"LineString","coordinates":[[-78.9313023,43.8706027],[-78.9312489,43.8706152],[-78.9311863,43.8706598]]},"properties":{"kind":"service","tier":"service","placement":"underground","from":"gas-T-479","to":"gas-N-P-00458","lengthM":11.56,"sizeMm":19,"diameterIn":0.75,"nominalLabel":"3/4\" PE","depthM":0.8,"pressureTier":"mp","excessFlowValve":true,"regulator":"service pressure regulator"}},{"type":"Feature","id":"gas-E928","geometry":{"type":"LineString","coordinates":[[-78.9311963,43.8702808],[-78.9311417,43.8702858],[-78.9310641,43.8703309]]},"properties":{"kind":"service","tier":"service","placement":"underground","from":"gas-T-480","to":"gas-N-P-00459","lengthM":12.41,"sizeMm":19,"diameterIn":0.75,"nominalLabel":"3/4\" PE","depthM":0.8,"pressureTier":"mp","excessFlowValve":true,"regulator":"service pressure regulator"}},{"type":"Feature","id":"gas-E929","geometry":{"type":"LineString","coordinates":[[-78.9311599,43.8701157],[-78.9311038,43.8701243],[-78.9310322,43.8701824]]},"properties":{"kind":"service","tier":"service","placement":"underground","from":"gas-T-481","to":"gas-N-P-00460","lengthM":13.25,"sizeMm":19,"diameterIn":0.75,"nominalLabel":"3/4\" PE","depthM":0.8,"pressureTier":"mp","excessFlowValve":true,"regulator":"service pressure regulator"}},{"type":"Feature","id":"gas-E930","geometry":{"type":"LineString","coordinates":[[-78.93111,43.8699643],[-78.9310543,43.8699769],[-78.9309878,43.8700237]]},"properties":{"kind":"service","tier":"service","placement":"underground","from":"gas-T-482","to":"gas-N-P-00461","lengthM":12.14,"sizeMm":19,"diameterIn":0.75,"nominalLabel":"3/4\" PE","depthM":0.8,"pressureTier":"mp","excessFlowValve":true,"regulator":"service pressure regulator"}},{"type":"Feature","id":"gas-E931","geometry":{"type":"LineString","coordinates":[[-78.9310452,43.8698157],[-78.9309917,43.8698278],[-78.9309201,43.8698702]]},"properties":{"kind":"service","tier":"service","placement":"underground","from":"gas-T-483","to":"gas-N-P-00462","lengthM":11.93,"sizeMm":19,"diameterIn":0.75,"nominalLabel":"3/4\" PE","depthM":0.8,"pressureTier":"mp","excessFlowValve":true,"regulator":"service pressure regulator"}},{"type":"Feature","id":"gas-E932","geometry":{"type":"LineString","coordinates":[[-78.9309751,43.8696548],[-78.9309216,43.8696669],[-78.9308577,43.8697214]]},"properties":{"kind":"service","tier":"service","placement":"underground","from":"gas-T-484","to":"gas-N-P-00463","lengthM":12.44,"sizeMm":19,"diameterIn":0.75,"nominalLabel":"3/4\" PE","depthM":0.8,"pressureTier":"mp","excessFlowValve":true,"regulator":"service pressure regulator"}},{"type":"Feature","id":"gas-E933","geometry":{"type":"LineString","coordinates":[[-78.9309057,43.8694955],[-78.9308522,43.8695077],[-78.9307941,43.869567]]},"properties":{"kind":"service","tier":"service","placement":"underground","from":"gas-T-485","to":"gas-N-P-00464","lengthM":12.59,"sizeMm":19,"diameterIn":0.75,"nominalLabel":"3/4\" PE","depthM":0.8,"pressureTier":"mp","excessFlowValve":true,"regulator":"service pressure regulator"}},{"type":"Feature","id":"gas-E934","geometry":{"type":"LineString","coordinates":[[-78.931301,43.8705998],[-78.931461,43.8705623],[-78.9315382,43.8705853]]},"properties":{"kind":"service","tier":"service","placement":"underground","from":"gas-T-486","to":"gas-N-P-00465","lengthM":20.2,"sizeMm":25,"diameterIn":0.98,"nominalLabel":"1\" PE","depthM":0.8,"pressureTier":"mp","excessFlowValve":true,"regulator":"service pressure regulator"}},{"type":"Feature","id":"gas-E935","geometry":{"type":"LineString","coordinates":[[-78.9312337,43.8704324],[-78.9314005,43.8704068],[-78.9314927,43.8704385]]},"properties":{"kind":"service","tier":"service","placement":"underground","from":"gas-T-487","to":"gas-N-P-00466","lengthM":21.88,"sizeMm":19,"diameterIn":0.75,"nominalLabel":"3/4\" PE","depthM":0.8,"pressureTier":"mp","excessFlowValve":true,"regulator":"service pressure regulator"}},{"type":"Feature","id":"gas-E936","geometry":{"type":"LineString","coordinates":[[-78.9311939,43.8702674],[-78.9313612,43.8702519],[-78.9314407,43.8702911]]},"properties":{"kind":"service","tier":"service","placement":"underground","from":"gas-T-488","to":"gas-N-P-00467","lengthM":21.26,"sizeMm":19,"diameterIn":0.75,"nominalLabel":"3/4\" PE","depthM":0.8,"pressureTier":"mp","excessFlowValve":true,"regulator":"service pressure regulator"}},{"type":"Feature","id":"gas-E937","geometry":{"type":"LineString","coordinates":[[-78.9311604,43.8701172],[-78.9313238,43.870092],[-78.9314203,43.8701409]]},"properties":{"kind":"service","tier":"service","placement":"underground","from":"gas-T-489","to":"gas-N-P-00468","lengthM":22.87,"sizeMm":25,"diameterIn":0.98,"nominalLabel":"1\" PE","depthM":0.8,"pressureTier":"mp","excessFlowValve":true,"regulator":"service pressure regulator"}},{"type":"Feature","id":"gas-E938","geometry":{"type":"LineString","coordinates":[[-78.9310389,43.8698012],[-78.9311994,43.8697649],[-78.9312801,43.8697635]]},"properties":{"kind":"service","tier":"service","placement":"underground","from":"gas-T-490","to":"gas-N-P-00469","lengthM":19.97,"sizeMm":19,"diameterIn":0.75,"nominalLabel":"3/4\" PE","depthM":0.8,"pressureTier":"mp","excessFlowValve":true,"regulator":"service pressure regulator"}},{"type":"Feature","id":"gas-E939","geometry":{"type":"LineString","coordinates":[[-78.930812,43.8709216],[-78.9308283,43.8709603],[-78.9309197,43.8709958]]},"properties":{"kind":"service","tier":"service","placement":"underground","from":"gas-T-491","to":"gas-N-P-00470","lengthM":12.83,"sizeMm":19,"diameterIn":0.75,"nominalLabel":"3/4\" PE","depthM":0.8,"pressureTier":"mp","excessFlowValve":true,"regulator":"service pressure regulator"}},{"type":"Feature","id":"gas-E940","geometry":{"type":"LineString","coordinates":[[-78.9308195,43.87092],[-78.9307706,43.870804],[-78.9307938,43.8707411]]},"properties":{"kind":"service","tier":"service","placement":"underground","from":"gas-T-492","to":"gas-N-P-00471","lengthM":20.74,"sizeMm":19,"diameterIn":0.75,"nominalLabel":"3/4\" PE","depthM":0.8,"pressureTier":"mp","excessFlowValve":true,"regulator":"service pressure regulator"}},{"type":"Feature","id":"gas-E941","geometry":{"type":"LineString","coordinates":[[-78.9304568,43.869413],[-78.930465,43.869453],[-78.9304384,43.869557]]},"properties":{"kind":"service","tier":"service","placement":"underground","from":"gas-T-493","to":"gas-N-P-00472","lengthM":16.28,"sizeMm":19,"diameterIn":0.75,"nominalLabel":"3/4\" PE","depthM":0.8,"pressureTier":"mp","excessFlowValve":true,"regulator":"service pressure regulator"}},{"type":"Feature","id":"gas-E942","geometry":{"type":"LineString","coordinates":[[-78.9302409,43.8694362],[-78.9302492,43.8694762],[-78.9302978,43.869529]]},"properties":{"kind":"service","tier":"service","placement":"underground","from":"gas-T-494","to":"gas-N-P-00473","lengthM":11.56,"sizeMm":19,"diameterIn":0.75,"nominalLabel":"3/4\" PE","depthM":0.8,"pressureTier":"mp","excessFlowValve":true,"regulator":"service pressure regulator"}},{"type":"Feature","id":"gas-E943","geometry":{"type":"LineString","coordinates":[[-78.9300274,43.8694592],[-78.9300357,43.8694992],[-78.9301122,43.8695483]]},"properties":{"kind":"service","tier":"service","placement":"underground","from":"gas-T-495","to":"gas-N-P-00474","lengthM":12.72,"sizeMm":19,"diameterIn":0.75,"nominalLabel":"3/4\" PE","depthM":0.8,"pressureTier":"mp","excessFlowValve":true,"regulator":"service pressure regulator"}},{"type":"Feature","id":"gas-E944","geometry":{"type":"LineString","coordinates":[[-78.930444,43.8694144],[-78.9304192,43.8692944],[-78.9304414,43.8692284]]},"properties":{"kind":"service","tier":"service","placement":"underground","from":"gas-T-496","to":"gas-N-P-00475","lengthM":21.06,"sizeMm":19,"diameterIn":0.75,"nominalLabel":"3/4\" PE","depthM":0.8,"pressureTier":"mp","excessFlowValve":true,"regulator":"service pressure regulator"}},{"type":"Feature","id":"gas-E945","geometry":{"type":"LineString","coordinates":[[-78.9302324,43.8694371],[-78.9302076,43.8693172],[-78.9302565,43.8692516]]},"properties":{"kind":"service","tier":"service","placement":"underground","from":"gas-T-497","to":"gas-N-P-00476","lengthM":21.79,"sizeMm":19,"diameterIn":0.75,"nominalLabel":"3/4\" PE","depthM":0.8,"pressureTier":"mp","excessFlowValve":true,"regulator":"service pressure regulator"}},{"type":"Feature","id":"gas-E946","geometry":{"type":"LineString","coordinates":[[-78.930022,43.8694598],[-78.9299972,43.8693398],[-78.9300617,43.869277]]},"properties":{"kind":"service","tier":"service","placement":"underground","from":"gas-T-498","to":"gas-N-P-00477","lengthM":22.2,"sizeMm":19,"diameterIn":0.75,"nominalLabel":"3/4\" PE","depthM":0.8,"pressureTier":"mp","excessFlowValve":true,"regulator":"service pressure regulator"}},{"type":"Feature","id":"gas-E947","geometry":{"type":"LineString","coordinates":[[-78.9301237,43.8705075],[-78.9302836,43.8704697],[-78.9303833,43.8705073]]},"properties":{"kind":"service","tier":"service","placement":"underground","from":"gas-T-499","to":"gas-N-P-00478","lengthM":22.53,"sizeMm":19,"diameterIn":0.75,"nominalLabel":"3/4\" PE","depthM":0.8,"pressureTier":"mp","excessFlowValve":true,"regulator":"service pressure regulator"}},{"type":"Feature","id":"gas-E948","geometry":{"type":"LineString","coordinates":[[-78.9300525,43.8703508],[-78.9302124,43.870313],[-78.9302934,43.870331]]},"properties":{"kind":"service","tier":"service","placement":"underground","from":"gas-T-500","to":"gas-N-P-00479","lengthM":20.3,"sizeMm":19,"diameterIn":0.75,"nominalLabel":"3/4\" PE","depthM":0.8,"pressureTier":"mp","excessFlowValve":true,"regulator":"service pressure regulator"}},{"type":"Feature","id":"gas-E949","geometry":{"type":"LineString","coordinates":[[-78.9299148,43.8700247],[-78.9300767,43.8699917],[-78.9301782,43.8700463]]},"properties":{"kind":"service","tier":"service","placement":"underground","from":"gas-T-501","to":"gas-N-P-00480","lengthM":23.66,"sizeMm":19,"diameterIn":0.75,"nominalLabel":"3/4\" PE","depthM":0.8,"pressureTier":"mp","excessFlowValve":true,"regulator":"service pressure regulator"}},{"type":"Feature","id":"gas-E950","geometry":{"type":"LineString","coordinates":[[-78.9382308,43.8708269],[-78.938464,43.8707778],[-78.9385062,43.8708428]]},"properties":{"kind":"service","tier":"service","placement":"underground","from":"gas-T-502","to":"gas-N-P-00481","lengthM":27.49,"sizeMm":25,"diameterIn":0.98,"nominalLabel":"1\" PE","depthM":0.8,"pressureTier":"lp","excessFlowValve":false}},{"type":"Feature","id":"gas-E951","geometry":{"type":"LineString","coordinates":[[-78.9379501,43.8701739],[-78.937825,43.8702017],[-78.9378448,43.8702484]]},"properties":{"kind":"service","tier":"service","placement":"underground","from":"gas-T-503","to":"gas-N-P-00482","lengthM":15.94,"sizeMm":25,"diameterIn":0.98,"nominalLabel":"1\" PE","depthM":0.8,"pressureTier":"lp","excessFlowValve":false}},{"type":"Feature","id":"gas-E952","geometry":{"type":"LineString","coordinates":[[-78.9378652,43.8699754],[-78.938096,43.8699242],[-78.9382146,43.8699023]]},"properties":{"kind":"service","tier":"service","placement":"underground","from":"gas-T-504","to":"gas-N-P-00483","lengthM":29.2,"sizeMm":25,"diameterIn":0.98,"nominalLabel":"1\" PE","depthM":0.8,"pressureTier":"lp","excessFlowValve":false}},{"type":"Feature","id":"gas-E953","geometry":{"type":"LineString","coordinates":[[-78.9375325,43.8692178],[-78.9374076,43.869246],[-78.9374204,43.8693244]]},"properties":{"kind":"service","tier":"service","placement":"underground","from":"gas-T-505","to":"gas-N-P-00484","lengthM":19.29,"sizeMm":25,"diameterIn":0.98,"nominalLabel":"1\" PE","depthM":0.8,"pressureTier":"lp","excessFlowValve":false}},{"type":"Feature","id":"gas-E954","geometry":{"type":"LineString","coordinates":[[-78.9377067,43.8696215],[-78.9379388,43.8695696],[-78.9379879,43.8696435]]},"properties":{"kind":"service","tier":"service","placement":"underground","from":"gas-T-506","to":"gas-N-P-00485","lengthM":28.63,"sizeMm":32,"diameterIn":1.26,"nominalLabel":"1-1/4\" PE","depthM":0.8,"pressureTier":"lp","excessFlowValve":false}},{"type":"Feature","id":"gas-E955","geometry":{"type":"LineString","coordinates":[[-78.9373983,43.8688948],[-78.9372725,43.8689206],[-78.9372715,43.8689811]]},"properties":{"kind":"service","tier":"service","placement":"underground","from":"gas-T-507","to":"gas-N-P-00486","lengthM":17.24,"sizeMm":25,"diameterIn":0.98,"nominalLabel":"1\" PE","depthM":0.8,"pressureTier":"lp","excessFlowValve":false}},{"type":"Feature","id":"gas-E956","geometry":{"type":"LineString","coordinates":[[-78.9373425,43.8687533],[-78.9372166,43.8687792],[-78.9372161,43.8688283]]},"properties":{"kind":"service","tier":"service","placement":"underground","from":"gas-T-508","to":"gas-N-P-00487","lengthM":15.98,"sizeMm":25,"diameterIn":0.98,"nominalLabel":"1\" PE","depthM":0.8,"pressureTier":"lp","excessFlowValve":false}},{"type":"Feature","id":"gas-E957","geometry":{"type":"LineString","coordinates":[[-78.9372274,43.8684833],[-78.9371026,43.8685116],[-78.9371079,43.8685472]]},"properties":{"kind":"service","tier":"service","placement":"underground","from":"gas-T-509","to":"gas-N-P-00488","lengthM":14.48,"sizeMm":25,"diameterIn":0.98,"nominalLabel":"1\" PE","depthM":0.8,"pressureTier":"lp","excessFlowValve":false}},{"type":"Feature","id":"gas-E958","geometry":{"type":"LineString","coordinates":[[-78.9374007,43.8689007],[-78.9376344,43.8688528],[-78.9376459,43.8688789]]},"properties":{"kind":"service","tier":"service","placement":"underground","from":"gas-T-510","to":"gas-N-P-00489","lengthM":22.55,"sizeMm":25,"diameterIn":0.98,"nominalLabel":"1\" PE","depthM":0.8,"pressureTier":"lp","excessFlowValve":false}},{"type":"Feature","id":"gas-E959","geometry":{"type":"LineString","coordinates":[[-78.9373466,43.8687637],[-78.9375803,43.8687158],[-78.9375919,43.8687432]]},"properties":{"kind":"service","tier":"service","placement":"underground","from":"gas-T-511","to":"gas-N-P-00490","lengthM":22.69,"sizeMm":25,"diameterIn":0.98,"nominalLabel":"1\" PE","depthM":0.8,"pressureTier":"lp","excessFlowValve":false}},{"type":"Feature","id":"gas-E960","geometry":{"type":"LineString","coordinates":[[-78.9372886,43.8686234],[-78.9375202,43.8685709],[-78.9375424,43.8686041]]},"properties":{"kind":"service","tier":"service","placement":"underground","from":"gas-T-512","to":"gas-N-P-00491","lengthM":23.59,"sizeMm":25,"diameterIn":0.98,"nominalLabel":"1\" PE","depthM":0.8,"pressureTier":"lp","excessFlowValve":false}},{"type":"Feature","id":"gas-E961","geometry":{"type":"LineString","coordinates":[[-78.9372259,43.8684797],[-78.9374577,43.8684271],[-78.9374979,43.868475]]},"properties":{"kind":"service","tier":"service","placement":"underground","from":"gas-T-513","to":"gas-N-P-00492","lengthM":25.73,"sizeMm":25,"diameterIn":0.98,"nominalLabel":"1\" PE","depthM":0.8,"pressureTier":"lp","excessFlowValve":false}},{"type":"Feature","id":"gas-E962","geometry":{"type":"LineString","coordinates":[[-78.9371664,43.8683434],[-78.9373982,43.8682908],[-78.9374421,43.8683369]]},"properties":{"kind":"service","tier":"service","placement":"underground","from":"gas-T-514","to":"gas-N-P-00493","lengthM":25.72,"sizeMm":25,"diameterIn":0.98,"nominalLabel":"1\" PE","depthM":0.8,"pressureTier":"lp","excessFlowValve":false}},{"type":"Feature","id":"gas-E963","geometry":{"type":"LineString","coordinates":[[-78.9371078,43.8682093],[-78.9373396,43.8681567],[-78.9373852,43.8682012]]},"properties":{"kind":"service","tier":"service","placement":"underground","from":"gas-T-515","to":"gas-N-P-00494","lengthM":25.66,"sizeMm":25,"diameterIn":0.98,"nominalLabel":"1\" PE","depthM":0.8,"pressureTier":"lp","excessFlowValve":false}},{"type":"Feature","id":"gas-E964","geometry":{"type":"LineString","coordinates":[[-78.9370146,43.8677713],[-78.9372456,43.8677169],[-78.937292,43.8677588]]},"properties":{"kind":"service","tier":"service","placement":"underground","from":"gas-T-516","to":"gas-N-P-00495","lengthM":25.47,"sizeMm":25,"diameterIn":0.98,"nominalLabel":"1\" PE","depthM":0.8,"pressureTier":"lp","excessFlowValve":false}},{"type":"Feature","id":"gas-E965","geometry":{"type":"LineString","coordinates":[[-78.9369565,43.867643],[-78.9371878,43.8675886],[-78.9372248,43.8676331]]},"properties":{"kind":"service","tier":"service","placement":"underground","from":"gas-T-517","to":"gas-N-P-00496","lengthM":25.3,"sizeMm":25,"diameterIn":0.98,"nominalLabel":"1\" PE","depthM":0.8,"pressureTier":"lp","excessFlowValve":false}},{"type":"Feature","id":"gas-E966","geometry":{"type":"LineString","coordinates":[[-78.9367845,43.8672403],[-78.9370177,43.8671912],[-78.9370671,43.8672496]]},"properties":{"kind":"service","tier":"service","placement":"underground","from":"gas-T-518","to":"gas-N-P-00497","lengthM":27.12,"sizeMm":32,"diameterIn":1.26,"nominalLabel":"1-1/4\" PE","depthM":0.8,"pressureTier":"lp","excessFlowValve":false}},{"type":"Feature","id":"gas-E967","geometry":{"type":"LineString","coordinates":[[-78.9367168,43.8670733],[-78.93695,43.8670242],[-78.9369999,43.8670856]]},"properties":{"kind":"service","tier":"service","placement":"underground","from":"gas-T-519","to":"gas-N-P-00498","lengthM":27.42,"sizeMm":32,"diameterIn":1.26,"nominalLabel":"1-1/4\" PE","depthM":0.8,"pressureTier":"lp","excessFlowValve":false}},{"type":"Feature","id":"gas-E968","geometry":{"type":"LineString","coordinates":[[-78.9366522,43.8669141],[-78.9368854,43.866865],[-78.9369227,43.8669185]]},"properties":{"kind":"service","tier":"service","placement":"underground","from":"gas-T-520","to":"gas-N-P-00499","lengthM":26.17,"sizeMm":32,"diameterIn":1.26,"nominalLabel":"1-1/4\" PE","depthM":0.8,"pressureTier":"lp","excessFlowValve":false}},{"type":"Feature","id":"gas-E969","geometry":{"type":"LineString","coordinates":[[-78.9365862,43.8667513],[-78.9368194,43.8667021],[-78.936872,43.8667665]]},"properties":{"kind":"service","tier":"service","placement":"underground","from":"gas-T-521","to":"gas-N-P-00500","lengthM":27.81,"sizeMm":32,"diameterIn":1.26,"nominalLabel":"1-1/4\" PE","depthM":0.8,"pressureTier":"lp","excessFlowValve":false}},{"type":"Feature","id":"gas-E970","geometry":{"type":"LineString","coordinates":[[-78.9365191,43.8665826],[-78.936753,43.8665352],[-78.9367962,43.8665913]]},"properties":{"kind":"service","tier":"service","placement":"underground","from":"gas-T-522","to":"gas-N-P-00501","lengthM":26.65,"sizeMm":25,"diameterIn":0.98,"nominalLabel":"1\" PE","depthM":0.8,"pressureTier":"lp","excessFlowValve":false}},{"type":"Feature","id":"gas-E971","geometry":{"type":"LineString","coordinates":[[-78.936459,43.8664285],[-78.9366921,43.8663813],[-78.9367368,43.8664349]]},"properties":{"kind":"service","tier":"service","placement":"underground","from":"gas-T-523","to":"gas-N-P-00502","lengthM":26.39,"sizeMm":32,"diameterIn":1.26,"nominalLabel":"1-1/4\" PE","depthM":0.8,"pressureTier":"lp","excessFlowValve":false}},{"type":"Feature","id":"gas-E972","geometry":{"type":"LineString","coordinates":[[-78.9363937,43.8662708],[-78.9366265,43.8662207],[-78.9366738,43.8662825]]},"properties":{"kind":"service","tier":"service","placement":"underground","from":"gas-T-524","to":"gas-N-P-00503","lengthM":27.36,"sizeMm":32,"diameterIn":1.26,"nominalLabel":"1-1/4\" PE","depthM":0.8,"pressureTier":"lp","excessFlowValve":false}},{"type":"Feature","id":"gas-E973","geometry":{"type":"LineString","coordinates":[[-78.9363265,43.8661086],[-78.9365593,43.8660585],[-78.9365999,43.8661144]]},"properties":{"kind":"service","tier":"service","placement":"underground","from":"gas-T-525","to":"gas-N-P-00504","lengthM":26.52,"sizeMm":32,"diameterIn":1.26,"nominalLabel":"1-1/4\" PE","depthM":0.8,"pressureTier":"lp","excessFlowValve":false}},{"type":"Feature","id":"gas-E974","geometry":{"type":"LineString","coordinates":[[-78.9362589,43.8659454],[-78.9364917,43.8658953],[-78.9365359,43.8659588]]},"properties":{"kind":"service","tier":"service","placement":"underground","from":"gas-T-526","to":"gas-N-P-00505","lengthM":27.41,"sizeMm":32,"diameterIn":1.26,"nominalLabel":"1-1/4\" PE","depthM":0.8,"pressureTier":"lp","excessFlowValve":false}},{"type":"Feature","id":"gas-E975","geometry":{"type":"LineString","coordinates":[[-78.9361919,43.86578],[-78.9364297,43.8657378],[-78.9364589,43.8657836]]},"properties":{"kind":"service","tier":"service","placement":"underground","from":"gas-T-527","to":"gas-N-P-00506","lengthM":25.27,"sizeMm":25,"diameterIn":0.98,"nominalLabel":"1\" PE","depthM":0.8,"pressureTier":"lp","excessFlowValve":false}},{"type":"Feature","id":"gas-E976","geometry":{"type":"LineString","coordinates":[[-78.9361384,43.8656236],[-78.9363744,43.8655817],[-78.9364121,43.8656447]]},"properties":{"kind":"service","tier":"service","placement":"underground","from":"gas-T-528","to":"gas-N-P-00507","lengthM":27.13,"sizeMm":25,"diameterIn":0.98,"nominalLabel":"1\" PE","depthM":0.8,"pressureTier":"lp","excessFlowValve":false}},{"type":"Feature","id":"gas-E977","geometry":{"type":"LineString","coordinates":[[-78.9360782,43.8654471],[-78.9363141,43.8654053],[-78.9363573,43.8654741]]},"properties":{"kind":"service","tier":"service","placement":"underground","from":"gas-T-529","to":"gas-N-P-00508","lengthM":27.91,"sizeMm":25,"diameterIn":0.98,"nominalLabel":"1\" PE","depthM":0.8,"pressureTier":"lp","excessFlowValve":false}},{"type":"Feature","id":"gas-E978","geometry":{"type":"LineString","coordinates":[[-78.9360216,43.8652813],[-78.9362575,43.8652394],[-78.9362927,43.8652929]]},"properties":{"kind":"service","tier":"service","placement":"underground","from":"gas-T-530","to":"gas-N-P-00509","lengthM":26.09,"sizeMm":25,"diameterIn":0.98,"nominalLabel":"1\" PE","depthM":0.8,"pressureTier":"lp","excessFlowValve":false}},{"type":"Feature","id":"gas-E979","geometry":{"type":"LineString","coordinates":[[-78.9359679,43.865124],[-78.9362038,43.8650821],[-78.9362279,43.8651253]]},"properties":{"kind":"service","tier":"service","placement":"underground","from":"gas-T-531","to":"gas-N-P-00510","lengthM":24.68,"sizeMm":25,"diameterIn":0.98,"nominalLabel":"1\" PE","depthM":0.8,"pressureTier":"lp","excessFlowValve":false}},{"type":"Feature","id":"gas-E980","geometry":{"type":"LineString","coordinates":[[-78.9364114,43.8676481],[-78.9364498,43.8677383],[-78.9365321,43.8677305]]},"properties":{"kind":"service","tier":"service","placement":"underground","from":"gas-T-532","to":"gas-N-P-00511","lengthM":17.16,"sizeMm":25,"diameterIn":0.98,"nominalLabel":"1\" PE","depthM":0.8,"pressureTier":"lp","excessFlowValve":false}},{"type":"Feature","id":"gas-E981","geometry":{"type":"LineString","coordinates":[[-78.9362174,43.8676911],[-78.9362559,43.8677813],[-78.9363301,43.8677793]]},"properties":{"kind":"service","tier":"service","placement":"underground","from":"gas-T-533","to":"gas-N-P-00512","lengthM":16.46,"sizeMm":25,"diameterIn":0.98,"nominalLabel":"1\" PE","depthM":0.8,"pressureTier":"lp","excessFlowValve":false}},{"type":"Feature","id":"gas-E982","geometry":{"type":"LineString","coordinates":[[-78.9360237,43.867734],[-78.9360622,43.8678242],[-78.936146,43.8678203]]},"properties":{"kind":"service","tier":"service","placement":"underground","from":"gas-T-534","to":"gas-N-P-00513","lengthM":17.24,"sizeMm":25,"diameterIn":0.98,"nominalLabel":"1\" PE","depthM":0.8,"pressureTier":"lp","excessFlowValve":false}},{"type":"Feature","id":"gas-E983","geometry":{"type":"LineString","coordinates":[[-78.9358161,43.8677801],[-78.9358545,43.8678702],[-78.935943,43.8678702]]},"properties":{"kind":"service","tier":"service","placement":"underground","from":"gas-T-535","to":"gas-N-P-00514","lengthM":17.6,"sizeMm":19,"diameterIn":0.75,"nominalLabel":"3/4\" PE","depthM":0.8,"pressureTier":"mp","excessFlowValve":true,"regulator":"service pressure regulator"}},{"type":"Feature","id":"gas-E984","geometry":{"type":"LineString","coordinates":[[-78.9366388,43.8672639],[-78.9365136,43.8672911],[-78.9363424,43.8673189]]},"properties":{"kind":"service","tier":"service","placement":"underground","from":"gas-T-536","to":"gas-N-P-00515","lengthM":24.58,"sizeMm":25,"diameterIn":0.98,"nominalLabel":"1\" PE","depthM":0.8,"pressureTier":"lp","excessFlowValve":false}},{"type":"Feature","id":"gas-E985","geometry":{"type":"LineString","coordinates":[[-78.9365689,43.8670967],[-78.9364436,43.8671239],[-78.9364464,43.8671908]]},"properties":{"kind":"service","tier":"service","placement":"underground","from":"gas-T-537","to":"gas-N-P-00516","lengthM":17.95,"sizeMm":32,"diameterIn":1.26,"nominalLabel":"1-1/4\" PE","depthM":0.8,"pressureTier":"lp","excessFlowValve":false}},{"type":"Feature","id":"gas-E986","geometry":{"type":"LineString","coordinates":[[-78.9365019,43.8669365],[-78.9363766,43.8669637],[-78.9363858,43.8670292]]},"properties":{"kind":"service","tier":"service","placement":"underground","from":"gas-T-538","to":"gas-N-P-00517","lengthM":17.83,"sizeMm":32,"diameterIn":1.26,"nominalLabel":"1-1/4\" PE","depthM":0.8,"pressureTier":"lp","excessFlowValve":false}},{"type":"Feature","id":"gas-E987","geometry":{"type":"LineString","coordinates":[[-78.9364362,43.8667793],[-78.9363109,43.8668066],[-78.9363207,43.8668689]]},"properties":{"kind":"service","tier":"service","placement":"underground","from":"gas-T-539","to":"gas-N-P-00518","lengthM":17.49,"sizeMm":32,"diameterIn":1.26,"nominalLabel":"1-1/4\" PE","depthM":0.8,"pressureTier":"lp","excessFlowValve":false}},{"type":"Feature","id":"gas-E988","geometry":{"type":"LineString","coordinates":[[-78.9363667,43.8666105],[-78.9362413,43.866636],[-78.9362478,43.8667145]]},"properties":{"kind":"service","tier":"service","placement":"underground","from":"gas-T-540","to":"gas-N-P-00519","lengthM":19.2,"sizeMm":32,"diameterIn":1.26,"nominalLabel":"1-1/4\" PE","depthM":0.8,"pressureTier":"lp","excessFlowValve":false}},{"type":"Feature","id":"gas-E989","geometry":{"type":"LineString","coordinates":[[-78.9363014,43.8664442],[-78.9361755,43.8664699],[-78.9361821,43.8665282]]},"properties":{"kind":"service","tier":"service","placement":"underground","from":"gas-T-541","to":"gas-N-P-00520","lengthM":17.01,"sizeMm":25,"diameterIn":0.98,"nominalLabel":"1\" PE","depthM":0.8,"pressureTier":"lp","excessFlowValve":false}},{"type":"Feature","id":"gas-E990","geometry":{"type":"LineString","coordinates":[[-78.936237,43.8662804],[-78.9361111,43.8663061],[-78.9361251,43.8663807]]},"properties":{"kind":"service","tier":"service","placement":"underground","from":"gas-T-542","to":"gas-N-P-00521","lengthM":18.88,"sizeMm":32,"diameterIn":1.26,"nominalLabel":"1-1/4\" PE","depthM":0.8,"pressureTier":"lp","excessFlowValve":false}},{"type":"Feature","id":"gas-E991","geometry":{"type":"LineString","coordinates":[[-78.9361672,43.8661027],[-78.9360414,43.8661284],[-78.936045,43.8662004]]},"properties":{"kind":"service","tier":"service","placement":"underground","from":"gas-T-543","to":"gas-N-P-00522","lengthM":18.53,"sizeMm":32,"diameterIn":1.26,"nominalLabel":"1-1/4\" PE","depthM":0.8,"pressureTier":"lp","excessFlowValve":false}},{"type":"Feature","id":"gas-E992","geometry":{"type":"LineString","coordinates":[[-78.9361034,43.8659375],[-78.9359774,43.8659614],[-78.935979,43.8660278]]},"properties":{"kind":"service","tier":"service","placement":"underground","from":"gas-T-544","to":"gas-N-P-00523","lengthM":17.85,"sizeMm":32,"diameterIn":1.26,"nominalLabel":"1-1/4\" PE","depthM":0.8,"pressureTier":"lp","excessFlowValve":false}},{"type":"Feature","id":"gas-E993","geometry":{"type":"LineString","coordinates":[[-78.9360428,43.8657708],[-78.9359165,43.8657934],[-78.935924,43.8658646]]},"properties":{"kind":"service","tier":"service","placement":"underground","from":"gas-T-545","to":"gas-N-P-00524","lengthM":18.39,"sizeMm":25,"diameterIn":0.98,"nominalLabel":"1\" PE","depthM":0.8,"pressureTier":"lp","excessFlowValve":false}},{"type":"Feature","id":"gas-E994","geometry":{"type":"LineString","coordinates":[[-78.9359843,43.8656011],[-78.9358573,43.8656238],[-78.9358644,43.8656901]]},"properties":{"kind":"service","tier":"service","placement":"underground","from":"gas-T-546","to":"gas-N-P-00525","lengthM":17.9,"sizeMm":25,"diameterIn":0.98,"nominalLabel":"1\" PE","depthM":0.8,"pressureTier":"lp","excessFlowValve":false}},{"type":"Feature","id":"gas-E995","geometry":{"type":"LineString","coordinates":[[-78.9359288,43.8654414],[-78.9358019,43.8654646],[-78.9358003,43.8655278]]},"properties":{"kind":"service","tier":"service","placement":"underground","from":"gas-T-547","to":"gas-N-P-00526","lengthM":17.54,"sizeMm":25,"diameterIn":0.98,"nominalLabel":"1\" PE","depthM":0.8,"pressureTier":"lp","excessFlowValve":false}},{"type":"Feature","id":"gas-E996","geometry":{"type":"LineString","coordinates":[[-78.9358702,43.8652751],[-78.9357434,43.8652983],[-78.9357433,43.8653726]]},"properties":{"kind":"service","tier":"service","placement":"underground","from":"gas-T-548","to":"gas-N-P-00527","lengthM":18.78,"sizeMm":25,"diameterIn":0.98,"nominalLabel":"1\" PE","depthM":0.8,"pressureTier":"lp","excessFlowValve":false}},{"type":"Feature","id":"gas-E997","geometry":{"type":"LineString","coordinates":[[-78.9358123,43.8651078],[-78.9356855,43.8651292],[-78.9356834,43.8651946]]},"properties":{"kind":"service","tier":"service","placement":"underground","from":"gas-T-549","to":"gas-N-P-00528","lengthM":17.74,"sizeMm":25,"diameterIn":0.98,"nominalLabel":"1\" PE","depthM":0.8,"pressureTier":"lp","excessFlowValve":false}},{"type":"Feature","id":"gas-E998","geometry":{"type":"LineString","coordinates":[[-78.9359705,43.8676345],[-78.9359031,43.8674662],[-78.9359901,43.8674343]]},"properties":{"kind":"service","tier":"service","placement":"underground","from":"gas-T-550","to":"gas-N-P-00529","lengthM":27.34,"sizeMm":32,"diameterIn":1.26,"nominalLabel":"1-1/4\" PE","depthM":0.8,"pressureTier":"lp","excessFlowValve":false}},{"type":"Feature","id":"gas-E999","geometry":{"type":"LineString","coordinates":[[-78.9357047,43.8676899],[-78.9356372,43.8675216],[-78.9357186,43.867498]]},"properties":{"kind":"service","tier":"service","placement":"underground","from":"gas-T-551","to":"gas-N-P-00530","lengthM":26.54,"sizeMm":19,"diameterIn":0.75,"nominalLabel":"3/4\" PE","depthM":0.8,"pressureTier":"mp","excessFlowValve":true,"regulator":"service pressure regulator"}},{"type":"Feature","id":"gas-E1000","geometry":{"type":"LineString","coordinates":[[-78.9351658,43.8679175],[-78.9351995,43.8680086],[-78.9353001,43.868]]},"properties":{"kind":"service","tier":"service","placement":"underground","from":"gas-T-552","to":"gas-N-P-00531","lengthM":18.63,"sizeMm":19,"diameterIn":0.75,"nominalLabel":"3/4\" PE","depthM":0.8,"pressureTier":"mp","excessFlowValve":true,"regulator":"service pressure regulator"}},{"type":"Feature","id":"gas-E1001","geometry":{"type":"LineString","coordinates":[[-78.9349181,43.8679652],[-78.9349519,43.8680563],[-78.9350532,43.8680492]]},"properties":{"kind":"service","tier":"service","placement":"underground","from":"gas-T-553","to":"gas-N-P-00532","lengthM":18.67,"sizeMm":19,"diameterIn":0.75,"nominalLabel":"3/4\" PE","depthM":0.8,"pressureTier":"mp","excessFlowValve":true,"regulator":"service pressure regulator"}},{"type":"Feature","id":"gas-E1002","geometry":{"type":"LineString","coordinates":[[-78.9346905,43.8680043],[-78.9347161,43.8680965],[-78.9348056,43.8680954]]},"properties":{"kind":"service","tier":"service","placement":"underground","from":"gas-T-554","to":"gas-N-P-00533","lengthM":17.66,"sizeMm":19,"diameterIn":0.75,"nominalLabel":"3/4\" PE","depthM":0.8,"pressureTier":"mp","excessFlowValve":true,"regulator":"service pressure regulator"}},{"type":"Feature","id":"gas-E1003","geometry":{"type":"LineString","coordinates":[[-78.9344565,43.8680382],[-78.9344838,43.8681309],[-78.9345822,43.8681329]]},"properties":{"kind":"service","tier":"service","placement":"underground","from":"gas-T-555","to":"gas-N-P-00534","lengthM":18.45,"sizeMm":19,"diameterIn":0.75,"nominalLabel":"3/4\" PE","depthM":0.8,"pressureTier":"mp","excessFlowValve":true,"regulator":"service pressure regulator"}},{"type":"Feature","id":"gas-E1004","geometry":{"type":"LineString","coordinates":[[-78.9339873,43.8680835],[-78.9339897,43.8681774],[-78.9340771,43.8681883]]},"properties":{"kind":"service","tier":"service","placement":"underground","from":"gas-T-556","to":"gas-N-P-00535","lengthM":17.58,"sizeMm":19,"diameterIn":0.75,"nominalLabel":"3/4\" PE","depthM":0.8,"pressureTier":"mp","excessFlowValve":true,"regulator":"service pressure regulator"}},{"type":"Feature","id":"gas-E1005","geometry":{"type":"LineString","coordinates":[[-78.9337485,43.8680867],[-78.9337509,43.868181],[-78.9338495,43.8681982]]},"properties":{"kind":"service","tier":"service","placement":"underground","from":"gas-T-557","to":"gas-N-P-00536","lengthM":18.65,"sizeMm":19,"diameterIn":0.75,"nominalLabel":"3/4\" PE","depthM":0.8,"pressureTier":"mp","excessFlowValve":true,"regulator":"service pressure regulator"}},{"type":"Feature","id":"gas-E1006","geometry":{"type":"LineString","coordinates":[[-78.9335002,43.8680899],[-78.9335018,43.868184],[-78.9335982,43.8682]]},"properties":{"kind":"service","tier":"service","placement":"underground","from":"gas-T-558","to":"gas-N-P-00537","lengthM":18.42,"sizeMm":19,"diameterIn":0.75,"nominalLabel":"3/4\" PE","depthM":0.8,"pressureTier":"mp","excessFlowValve":true,"regulator":"service pressure regulator"}},{"type":"Feature","id":"gas-E1007","geometry":{"type":"LineString","coordinates":[[-78.9350404,43.8678321],[-78.9349718,43.8676641],[-78.9350601,43.8676283]]},"properties":{"kind":"service","tier":"service","placement":"underground","from":"gas-T-559","to":"gas-N-P-00538","lengthM":27.63,"sizeMm":19,"diameterIn":0.75,"nominalLabel":"3/4\" PE","depthM":0.8,"pressureTier":"mp","excessFlowValve":true,"regulator":"service pressure regulator"}},{"type":"Feature","id":"gas-E1008","geometry":{"type":"LineString","coordinates":[[-78.9347858,43.8678842],[-78.9347344,43.8677103],[-78.9348108,43.8676861]]},"properties":{"kind":"service","tier":"service","placement":"underground","from":"gas-T-560","to":"gas-N-P-00539","lengthM":26.49,"sizeMm":19,"diameterIn":0.75,"nominalLabel":"3/4\" PE","depthM":0.8,"pressureTier":"mp","excessFlowValve":true,"regulator":"service pressure regulator"}},{"type":"Feature","id":"gas-E1009","geometry":{"type":"LineString","coordinates":[[-78.9345399,43.867922],[-78.9344892,43.86775],[-78.9345668,43.8677304]]},"properties":{"kind":"service","tier":"service","placement":"underground","from":"gas-T-561","to":"gas-N-P-00540","lengthM":26.17,"sizeMm":19,"diameterIn":0.75,"nominalLabel":"3/4\" PE","depthM":0.8,"pressureTier":"mp","excessFlowValve":true,"regulator":"service pressure regulator"}},{"type":"Feature","id":"gas-E1010","geometry":{"type":"LineString","coordinates":[[-78.9342619,43.8679543],[-78.9342326,43.8677804],[-78.9343293,43.8677536]]},"properties":{"kind":"service","tier":"service","placement":"underground","from":"gas-T-562","to":"gas-N-P-00541","lengthM":27.81,"sizeMm":19,"diameterIn":0.75,"nominalLabel":"3/4\" PE","depthM":0.8,"pressureTier":"mp","excessFlowValve":true,"regulator":"service pressure regulator"}},{"type":"Feature","id":"gas-E1011","geometry":{"type":"LineString","coordinates":[[-78.933997,43.8679734],[-78.9339883,43.8677964],[-78.9340673,43.8677781]]},"properties":{"kind":"service","tier":"service","placement":"underground","from":"gas-T-563","to":"gas-N-P-00542","lengthM":26.38,"sizeMm":19,"diameterIn":0.75,"nominalLabel":"3/4\" PE","depthM":0.8,"pressureTier":"mp","excessFlowValve":true,"regulator":"service pressure regulator"}},{"type":"Feature","id":"gas-E1012","geometry":{"type":"LineString","coordinates":[[-78.9337577,43.8679795],[-78.933749,43.8678045],[-78.9338435,43.8677871]]},"properties":{"kind":"service","tier":"service","placement":"underground","from":"gas-T-564","to":"gas-N-P-00543","lengthM":27.32,"sizeMm":19,"diameterIn":0.75,"nominalLabel":"3/4\" PE","depthM":0.8,"pressureTier":"mp","excessFlowValve":true,"regulator":"service pressure regulator"}},{"type":"Feature","id":"gas-E1013","geometry":{"type":"LineString","coordinates":[[-78.9335098,43.8679859],[-78.9335011,43.8678084],[-78.933599,43.8677922]]},"properties":{"kind":"service","tier":"service","placement":"underground","from":"gas-T-565","to":"gas-N-P-00544","lengthM":27.82,"sizeMm":19,"diameterIn":0.75,"nominalLabel":"3/4\" PE","depthM":0.8,"pressureTier":"mp","excessFlowValve":true,"regulator":"service pressure regulator"}},{"type":"Feature","id":"gas-E1014","geometry":{"type":"LineString","coordinates":[[-78.9329189,43.8680424],[-78.9329204,43.8681368],[-78.9329934,43.8681527]]},"properties":{"kind":"service","tier":"service","placement":"underground","from":"gas-T-566","to":"gas-N-P-00545","lengthM":16.62,"sizeMm":19,"diameterIn":0.75,"nominalLabel":"3/4\" PE","depthM":0.8,"pressureTier":"mp","excessFlowValve":true,"regulator":"service pressure regulator"}},{"type":"Feature","id":"gas-E1015","geometry":{"type":"LineString","coordinates":[[-78.9327138,43.8680441],[-78.9327152,43.8681384],[-78.9327983,43.8681515]]},"properties":{"kind":"service","tier":"service","placement":"underground","from":"gas-T-567","to":"gas-N-P-00546","lengthM":17.33,"sizeMm":19,"diameterIn":0.75,"nominalLabel":"3/4\" PE","depthM":0.8,"pressureTier":"mp","excessFlowValve":true,"regulator":"service pressure regulator"}},{"type":"Feature","id":"gas-E1016","geometry":{"type":"LineString","coordinates":[[-78.9329166,43.8680425],[-78.9329139,43.8678673],[-78.9329885,43.8678549]]},"properties":{"kind":"service","tier":"service","placement":"underground","from":"gas-T-568","to":"gas-N-P-00547","lengthM":25.65,"sizeMm":19,"diameterIn":0.75,"nominalLabel":"3/4\" PE","depthM":0.8,"pressureTier":"mp","excessFlowValve":true,"regulator":"service pressure regulator"}},{"type":"Feature","id":"gas-E1017","geometry":{"type":"LineString","coordinates":[[-78.932708,43.8680441],[-78.9327053,43.867869],[-78.9327889,43.8678544]]},"properties":{"kind":"service","tier":"service","placement":"underground","from":"gas-T-569","to":"gas-N-P-00548","lengthM":26.4,"sizeMm":19,"diameterIn":0.75,"nominalLabel":"3/4\" PE","depthM":0.8,"pressureTier":"mp","excessFlowValve":true,"regulator":"service pressure regulator"}},{"type":"Feature","id":"gas-E1018","geometry":{"type":"LineString","coordinates":[[-78.9441602,43.8720618],[-78.9443565,43.8720176],[-78.9452246,43.8730831]]},"properties":{"kind":"service","tier":"service","placement":"underground","from":"gas-T-570","to":"gas-N-P-00551","lengthM":154.06,"sizeMm":100,"diameterIn":3.94,"nominalLabel":"4\" steel","depthM":0.8,"pressureTier":"lp","excessFlowValve":false}},{"type":"Feature","id":"gas-E1019","geometry":{"type":"LineString","coordinates":[[-78.9281636,43.8683146],[-78.9282125,43.868372],[-78.9270217,43.8690669]]},"properties":{"kind":"service","tier":"service","placement":"underground","from":"gas-T-571","to":"gas-N-P-00552","lengthM":130.44,"sizeMm":100,"diameterIn":3.94,"nominalLabel":"4\" steel","depthM":0.8,"pressureTier":"mp","excessFlowValve":true,"regulator":"service pressure regulator"}}]}