{"type":"FeatureCollection","name":"gas_mains","crs_note":"EPSG:4326","features":[{"type":"Feature","id":"gas-E1","geometry":{"type":"LineString","coordinates":[[-78.9281208,43.8679293],[-78.9283368,43.8682379]]},"properties":{"kind":"trunk","tier":"trunk","placement":"underground","from":"gas-station","to":"gas-J-T572","lengthM":38.49,"sizeMm":150,"diameterIn":5.9,"nominalLabel":"6\" PE","material":"PE SDR11","depthM":1.0,"pressureKPa":414.0,"pressureTier":"mp"}},{"type":"Feature","id":"gas-E2","geometry":{"type":"LineString","coordinates":[[-78.9283368,43.8682379],[-78.9283388,43.8682371],[-78.9286813,43.8681876],[-78.9288025,43.868172]]},"properties":{"kind":"distribution","tier":"trunk","placement":"underground","from":"gas-J-T572","to":"gas-J-82","lengthM":38.1,"sizeMm":150,"diameterIn":5.9,"nominalLabel":"6\" PE","material":"PE SDR11","depthM":1.0,"pressureKPa":414.0,"pressureTier":"mp","customers":478,"designM3h":1353.157,"roadEdge":116}},{"type":"Feature","id":"gas-E3","geometry":{"type":"LineString","coordinates":[[-78.9283368,43.8682379],[-78.9281636,43.8683146]]},"properties":{"kind":"distribution","tier":"distribution","placement":"underground","from":"gas-J-T572","to":"gas-T-571","lengthM":16.31,"sizeMm":50,"diameterIn":2.0,"nominalLabel":"2\" PE","material":"PE SDR11","depthM":1.0,"pressureKPa":414.0,"pressureTier":"mp","customers":1,"designM3h":174.644,"roadEdge":116}},{"type":"Feature","id":"gas-E4","geometry":{"type":"LineString","coordinates":[[-78.9288025,43.868172],[-78.928929,43.8681558]]},"properties":{"kind":"distribution","tier":"distribution","placement":"underground","from":"gas-J-82","to":"gas-J-80","lengthM":10.31,"sizeMm":100,"diameterIn":3.9,"nominalLabel":"4\" PE","material":"PE SDR11","depthM":1.0,"pressureKPa":414.0,"pressureTier":"mp","customers":386,"designM3h":1103.567,"roadEdge":113}},{"type":"Feature","id":"gas-E5","geometry":{"type":"LineString","coordinates":[[-78.9288025,43.868172],[-78.9287594,43.8682382]]},"properties":{"kind":"distribution","tier":"distribution","placement":"underground","from":"gas-J-82","to":"gas-J-81","lengthM":8.14,"sizeMm":100,"diameterIn":3.9,"nominalLabel":"4\" PE","material":"PE SDR11","depthM":1.0,"pressureKPa":414.0,"pressureTier":"mp","customers":92,"designM3h":269.278,"roadEdge":114}},{"type":"Feature","id":"gas-E6","geometry":{"type":"LineString","coordinates":[[-78.928929,43.8681558],[-78.9290605,43.868139],[-78.9292035,43.8681145],[-78.9296038,43.8680606],[-78.9298832,43.8680277],[-78.9301294,43.868012],[-78.930419,43.8680081],[-78.93068,43.8680084],[-78.9310051,43.8680093],[-78.931235,43.8680551]]},"properties":{"kind":"distribution","tier":"distribution","placement":"underground","from":"gas-J-80","to":"gas-J-70","lengthM":187.17,"sizeMm":100,"diameterIn":3.9,"nominalLabel":"4\" PE","material":"PE SDR11","depthM":1.0,"pressureKPa":414.0,"pressureTier":"mp","customers":386,"designM3h":1103.567,"roadEdge":99}},{"type":"Feature","id":"gas-E7","geometry":{"type":"LineString","coordinates":[[-78.9287594,43.8682382],[-78.9287771,43.8683209],[-78.9288355,43.8685597],[-78.9288828,43.8687645],[-78.9289237,43.8689849],[-78.9289592,43.869063],[-78.9289642,43.86915],[-78.9289607,43.8692919],[-78.929014,43.8693611]]},"properties":{"kind":"distribution","tier":"distribution","placement":"underground","from":"gas-J-81","to":"gas-J-77","lengthM":127.63,"sizeMm":100,"diameterIn":3.9,"nominalLabel":"4\" PE","material":"PE SDR11","depthM":1.0,"pressureKPa":414.0,"pressureTier":"mp","customers":92,"designM3h":269.278,"roadEdge":109}},{"type":"Feature","id":"gas-E8","geometry":{"type":"LineString","coordinates":[[-78.931235,43.8680551],[-78.9313513,43.8680569],[-78.9315177,43.8680579],[-78.9319818,43.8680499],[-78.9322116,43.8680481],[-78.932708,43.8680441]]},"properties":{"kind":"distribution","tier":"distribution","placement":"underground","from":"gas-J-70","to":"gas-T-569","lengthM":118.22,"sizeMm":100,"diameterIn":3.9,"nominalLabel":"4\" PE","material":"PE SDR11","depthM":1.0,"pressureKPa":414.0,"pressureTier":"mp","customers":386,"designM3h":1103.567,"roadEdge":91}},{"type":"Feature","id":"gas-E9","geometry":{"type":"LineString","coordinates":[[-78.929014,43.8693611],[-78.9291145,43.8694205]]},"properties":{"kind":"distribution","tier":"distribution","placement":"underground","from":"gas-J-77","to":"gas-J-78","lengthM":10.43,"sizeMm":100,"diameterIn":3.9,"nominalLabel":"4\" PE","material":"PE SDR11","depthM":1.0,"pressureKPa":414.0,"pressureTier":"mp","customers":92,"designM3h":269.278,"roadEdge":107}},{"type":"Feature","id":"gas-E10","geometry":{"type":"LineString","coordinates":[[-78.932708,43.8680441],[-78.9327138,43.8680441]]},"properties":{"kind":"distribution","tier":"distribution","placement":"underground","from":"gas-T-569","to":"gas-T-567","lengthM":0.46,"sizeMm":100,"diameterIn":3.9,"nominalLabel":"4\" PE","material":"PE SDR11","depthM":1.0,"pressureKPa":414.0,"pressureTier":"mp","customers":385,"designM3h":1101.485,"roadEdge":91}},{"type":"Feature","id":"gas-E11","geometry":{"type":"LineString","coordinates":[[-78.9291145,43.8694205],[-78.9292337,43.8694678],[-78.929315,43.8694718],[-78.9297952,43.8694845]]},"properties":{"kind":"distribution","tier":"distribution","placement":"underground","from":"gas-J-78","to":"gas-J-74","lengthM":56.02,"sizeMm":50,"diameterIn":2.0,"nominalLabel":"2\" PE","material":"PE SDR11","depthM":1.0,"pressureKPa":414.0,"pressureTier":"mp","customers":70,"designM3h":208.231,"roadEdge":103}},{"type":"Feature","id":"gas-E12","geometry":{"type":"LineString","coordinates":[[-78.9291145,43.8694205],[-78.9290545,43.8696401],[-78.9289882,43.8698152],[-78.9288575,43.8700919],[-78.9282921,43.8712239],[-78.9281426,43.8716389],[-78.9281213,43.8718596]]},"properties":{"kind":"distribution","tier":"distribution","placement":"underground","from":"gas-J-78","to":"gas-J-89","lengthM":283.96,"sizeMm":50,"diameterIn":2.0,"nominalLabel":"2\" PE","material":"PE SDR11","depthM":1.0,"pressureKPa":414.0,"pressureTier":"mp","customers":22,"designM3h":70.19,"roadEdge":110}},{"type":"Feature","id":"gas-E13","geometry":{"type":"LineString","coordinates":[[-78.9327138,43.8680441],[-78.9329166,43.8680425]]},"properties":{"kind":"distribution","tier":"distribution","placement":"underground","from":"gas-T-567","to":"gas-T-568","lengthM":16.28,"sizeMm":100,"diameterIn":3.9,"nominalLabel":"4\" PE","material":"PE SDR11","depthM":1.0,"pressureKPa":414.0,"pressureTier":"mp","customers":384,"designM3h":1099.485,"roadEdge":91}},{"type":"Feature","id":"gas-E14","geometry":{"type":"LineString","coordinates":[[-78.9297952,43.8694845],[-78.9299064,43.8694722],[-78.930022,43.8694598]]},"properties":{"kind":"distribution","tier":"distribution","placement":"underground","from":"gas-J-74","to":"gas-T-498","lengthM":18.41,"sizeMm":50,"diameterIn":2.0,"nominalLabel":"2\" PE","material":"PE SDR11","depthM":1.0,"pressureKPa":414.0,"pressureTier":"mp","customers":65,"designM3h":194.067,"roadEdge":100}},{"type":"Feature","id":"gas-E15","geometry":{"type":"LineString","coordinates":[[-78.9297952,43.8694845],[-78.9297607,43.869529],[-78.9297674,43.869557],[-78.9298751,43.8699235],[-78.9299148,43.8700247]]},"properties":{"kind":"distribution","tier":"distribution","placement":"underground","from":"gas-J-74","to":"gas-T-501","lengthM":62.25,"sizeMm":50,"diameterIn":2.0,"nominalLabel":"2\" PE","material":"PE SDR11","depthM":1.0,"pressureKPa":414.0,"pressureTier":"mp","customers":5,"designM3h":19.316,"roadEdge":102}},{"type":"Feature","id":"gas-E16","geometry":{"type":"LineString","coordinates":[[-78.9281213,43.8718596],[-78.9280902,43.8720852],[-78.9281181,43.8721911],[-78.9282012,43.8723844],[-78.9284666,43.872994],[-78.9285115,43.8730984]]},"properties":{"kind":"distribution","tier":"distribution","placement":"underground","from":"gas-J-89","to":"gas-J-85","lengthM":143.05,"sizeMm":50,"diameterIn":2.0,"nominalLabel":"2\" PE","material":"PE SDR11","depthM":1.0,"pressureKPa":414.0,"pressureTier":"mp","customers":22,"designM3h":70.19,"roadEdge":122}},{"type":"Feature","id":"gas-E17","geometry":{"type":"LineString","coordinates":[[-78.9329166,43.8680425],[-78.9329189,43.8680424]]},"properties":{"kind":"distribution","tier":"distribution","placement":"underground","from":"gas-T-568","to":"gas-T-566","lengthM":0.19,"sizeMm":100,"diameterIn":3.9,"nominalLabel":"4\" PE","material":"PE SDR11","depthM":1.0,"pressureKPa":414.0,"pressureTier":"mp","customers":383,"designM3h":1097.604,"roadEdge":91}},{"type":"Feature","id":"gas-E18","geometry":{"type":"LineString","coordinates":[[-78.930022,43.8694598],[-78.9300274,43.8694592]]},"properties":{"kind":"distribution","tier":"distribution","placement":"underground","from":"gas-T-498","to":"gas-T-495","lengthM":0.44,"sizeMm":50,"diameterIn":2.0,"nominalLabel":"2\" PE","material":"PE SDR11","depthM":1.0,"pressureKPa":414.0,"pressureTier":"mp","customers":64,"designM3h":190.821,"roadEdge":100}},{"type":"Feature","id":"gas-E19","geometry":{"type":"LineString","coordinates":[[-78.9299148,43.8700247],[-78.929958,43.8701348],[-78.9299813,43.870194]]},"properties":{"kind":"distribution","tier":"distribution","placement":"underground","from":"gas-T-501","to":"gas-J-73","lengthM":19.59,"sizeMm":50,"diameterIn":2.0,"nominalLabel":"2\" PE","material":"PE SDR11","depthM":1.0,"pressureKPa":414.0,"pressureTier":"mp","customers":4,"designM3h":14.931,"roadEdge":102}},{"type":"Feature","id":"gas-E20","geometry":{"type":"LineString","coordinates":[[-78.9285115,43.8730984],[-78.9287135,43.8731014],[-78.9289217,43.8730652],[-78.9290992,43.8730509],[-78.9292486,43.8730582],[-78.9294507,43.8730828]]},"properties":{"kind":"distribution","tier":"distribution","placement":"underground","from":"gas-J-85","to":"gas-J-75","lengthM":76.2,"sizeMm":50,"diameterIn":2.0,"nominalLabel":"2\" PE","material":"PE SDR11","depthM":1.0,"pressureKPa":414.0,"pressureTier":"mp","customers":22,"designM3h":70.19,"roadEdge":105}},{"type":"Feature","id":"gas-E21","geometry":{"type":"LineString","coordinates":[[-78.9329189,43.8680424],[-78.9331279,43.8680408]]},"properties":{"kind":"distribution","tier":"distribution","placement":"underground","from":"gas-T-566","to":"gas-J-66","lengthM":16.77,"sizeMm":100,"diameterIn":3.9,"nominalLabel":"4\" PE","material":"PE SDR11","depthM":1.0,"pressureKPa":414.0,"pressureTier":"mp","customers":382,"designM3h":1095.914,"roadEdge":91}},{"type":"Feature","id":"gas-E22","geometry":{"type":"LineString","coordinates":[[-78.9300274,43.8694592],[-78.9302324,43.8694371]]},"properties":{"kind":"distribution","tier":"distribution","placement":"underground","from":"gas-T-495","to":"gas-T-497","lengthM":16.63,"sizeMm":50,"diameterIn":2.0,"nominalLabel":"2\" PE","material":"PE SDR11","depthM":1.0,"pressureKPa":414.0,"pressureTier":"mp","customers":63,"designM3h":187.674,"roadEdge":100}},{"type":"Feature","id":"gas-E23","geometry":{"type":"LineString","coordinates":[[-78.9299813,43.870194],[-78.9300525,43.8703508]]},"properties":{"kind":"distribution","tier":"distribution","placement":"underground","from":"gas-J-73","to":"gas-T-500","lengthM":18.37,"sizeMm":50,"diameterIn":2.0,"nominalLabel":"2\" PE","material":"PE SDR11","depthM":1.0,"pressureKPa":414.0,"pressureTier":"mp","customers":4,"designM3h":14.931,"roadEdge":101}},{"type":"Feature","id":"gas-E24","geometry":{"type":"LineString","coordinates":[[-78.9294507,43.8730828],[-78.9297055,43.8730924],[-78.9302403,43.8731608],[-78.9310315,43.8732514],[-78.9313619,43.8732458],[-78.9316607,43.8732226],[-78.9320119,43.8731559],[-78.9324384,43.873059]]},"properties":{"kind":"distribution","tier":"distribution","placement":"underground","from":"gas-J-75","to":"gas-J-67","lengthM":244.02,"sizeMm":50,"diameterIn":2.0,"nominalLabel":"2\" PE","material":"PE SDR11","depthM":1.0,"pressureKPa":414.0,"pressureTier":"mp","customers":22,"designM3h":70.19,"roadEdge":93}},{"type":"Feature","id":"gas-E25","geometry":{"type":"LineString","coordinates":[[-78.9331279,43.8680408],[-78.9332526,43.8680921],[-78.9335002,43.8680899]]},"properties":{"kind":"distribution","tier":"distribution","placement":"underground","from":"gas-J-66","to":"gas-T-558","lengthM":31.39,"sizeMm":100,"diameterIn":3.9,"nominalLabel":"4\" PE","material":"PE SDR11","depthM":1.0,"pressureKPa":414.0,"pressureTier":"mp","customers":344,"designM3h":975.349,"roadEdge":85}},{"type":"Feature","id":"gas-E26","geometry":{"type":"LineString","coordinates":[[-78.9331279,43.8680408],[-78.9332738,43.8679832],[-78.9335023,43.8679861],[-78.9335098,43.8679859]]},"properties":{"kind":"distribution","tier":"distribution","placement":"underground","from":"gas-J-66","to":"gas-T-565","lengthM":32.29,"sizeMm":50,"diameterIn":2.0,"nominalLabel":"2\" PE","material":"PE SDR11","depthM":1.0,"pressureKPa":414.0,"pressureTier":"mp","customers":38,"designM3h":136.119,"roadEdge":87}},{"type":"Feature","id":"gas-E27","geometry":{"type":"LineString","coordinates":[[-78.9302324,43.8694371],[-78.9302409,43.8694362]]},"properties":{"kind":"distribution","tier":"distribution","placement":"underground","from":"gas-T-497","to":"gas-T-494","lengthM":0.69,"sizeMm":50,"diameterIn":2.0,"nominalLabel":"2\" PE","material":"PE SDR11","depthM":1.0,"pressureKPa":414.0,"pressureTier":"mp","customers":62,"designM3h":185.569,"roadEdge":100}},{"type":"Feature","id":"gas-E28","geometry":{"type":"LineString","coordinates":[[-78.9300525,43.8703508],[-78.9301237,43.8705075]]},"properties":{"kind":"distribution","tier":"distribution","placement":"underground","from":"gas-T-500","to":"gas-T-499","lengthM":18.35,"sizeMm":50,"diameterIn":2.0,"nominalLabel":"2\" PE","material":"PE SDR11","depthM":1.0,"pressureKPa":414.0,"pressureTier":"mp","customers":3,"designM3h":12.546,"roadEdge":101}},{"type":"Feature","id":"gas-E29","geometry":{"type":"LineString","coordinates":[[-78.9324384,43.873059],[-78.933457,43.8728329]]},"properties":{"kind":"distribution","tier":"distribution","placement":"underground","from":"gas-J-67","to":"gas-T-431","lengthM":85.52,"sizeMm":50,"diameterIn":2.0,"nominalLabel":"2\" PE","material":"PE SDR11","depthM":1.0,"pressureKPa":414.0,"pressureTier":"mp","customers":22,"designM3h":70.19,"roadEdge":90}},{"type":"Feature","id":"gas-E30","geometry":{"type":"LineString","coordinates":[[-78.9335002,43.8680899],[-78.9335271,43.8680896],[-78.9336685,43.8680877],[-78.9337485,43.8680867]]},"properties":{"kind":"distribution","tier":"distribution","placement":"underground","from":"gas-T-558","to":"gas-T-557","lengthM":19.93,"sizeMm":100,"diameterIn":3.9,"nominalLabel":"4\" PE","material":"PE SDR11","depthM":1.0,"pressureKPa":414.0,"pressureTier":"mp","customers":343,"designM3h":972.989,"roadEdge":85}},{"type":"Feature","id":"gas-E31","geometry":{"type":"LineString","coordinates":[[-78.9335098,43.8679859],[-78.9336663,43.8679819],[-78.9337577,43.8679795]]},"properties":{"kind":"distribution","tier":"distribution","placement":"underground","from":"gas-T-565","to":"gas-T-564","lengthM":19.9,"sizeMm":50,"diameterIn":2.0,"nominalLabel":"2\" PE","material":"PE SDR11","depthM":1.0,"pressureKPa":414.0,"pressureTier":"mp","customers":37,"designM3h":133.654,"roadEdge":87}},{"type":"Feature","id":"gas-E32","geometry":{"type":"LineString","coordinates":[[-78.9302409,43.8694362],[-78.930444,43.8694144]]},"properties":{"kind":"distribution","tier":"distribution","placement":"underground","from":"gas-T-494","to":"gas-T-496","lengthM":16.48,"sizeMm":50,"diameterIn":2.0,"nominalLabel":"2\" PE","material":"PE SDR11","depthM":1.0,"pressureKPa":414.0,"pressureTier":"mp","customers":61,"designM3h":182.024,"roadEdge":100}},{"type":"Feature","id":"gas-E33","geometry":{"type":"LineString","coordinates":[[-78.9301237,43.8705075],[-78.930299,43.8708933],[-78.9303071,43.8709188],[-78.930334,43.8709839]]},"properties":{"kind":"distribution","tier":"distribution","placement":"underground","from":"gas-T-499","to":"gas-J-72","lengthM":55.67,"sizeMm":50,"diameterIn":2.0,"nominalLabel":"2\" PE","material":"PE SDR11","depthM":1.0,"pressureKPa":414.0,"pressureTier":"mp","customers":2,"designM3h":8.33,"roadEdge":101}},{"type":"Feature","id":"gas-E34","geometry":{"type":"LineString","coordinates":[[-78.933457,43.8728329],[-78.9342767,43.8726509]]},"properties":{"kind":"distribution","tier":"distribution","placement":"underground","from":"gas-T-431","to":"gas-J-64","lengthM":68.83,"sizeMm":50,"diameterIn":2.0,"nominalLabel":"2\" PE","material":"PE SDR11","depthM":1.0,"pressureKPa":414.0,"pressureTier":"mp","customers":21,"designM3h":68.045,"roadEdge":90}},{"type":"Feature","id":"gas-E35","geometry":{"type":"LineString","coordinates":[[-78.9337485,43.8680867],[-78.9338993,43.8680847],[-78.9339873,43.8680835]]},"properties":{"kind":"distribution","tier":"distribution","placement":"underground","from":"gas-T-557","to":"gas-T-556","lengthM":19.17,"sizeMm":100,"diameterIn":3.9,"nominalLabel":"4\" PE","material":"PE SDR11","depthM":1.0,"pressureKPa":414.0,"pressureTier":"mp","customers":342,"designM3h":970.581,"roadEdge":85}},{"type":"Feature","id":"gas-E36","geometry":{"type":"LineString","coordinates":[[-78.9337577,43.8679795],[-78.9338869,43.8679762],[-78.933997,43.8679734]]},"properties":{"kind":"distribution","tier":"distribution","placement":"underground","from":"gas-T-564","to":"gas-T-563","lengthM":19.22,"sizeMm":50,"diameterIn":2.0,"nominalLabel":"2\" PE","material":"PE SDR11","depthM":1.0,"pressureKPa":414.0,"pressureTier":"mp","customers":36,"designM3h":131.268,"roadEdge":87}},{"type":"Feature","id":"gas-E37","geometry":{"type":"LineString","coordinates":[[-78.930444,43.8694144],[-78.9304568,43.869413]]},"properties":{"kind":"distribution","tier":"distribution","placement":"underground","from":"gas-T-496","to":"gas-T-493","lengthM":1.04,"sizeMm":50,"diameterIn":2.0,"nominalLabel":"2\" PE","material":"PE SDR11","depthM":1.0,"pressureKPa":414.0,"pressureTier":"mp","customers":60,"designM3h":179.883,"roadEdge":100}},{"type":"Feature","id":"gas-E38","geometry":{"type":"LineString","coordinates":[[-78.930334,43.8709839],[-78.930812,43.8709216]]},"properties":{"kind":"distribution","tier":"distribution","placement":"underground","from":"gas-J-72","to":"gas-T-491","lengthM":38.98,"sizeMm":50,"diameterIn":2.0,"nominalLabel":"2\" PE","material":"PE SDR11","depthM":1.0,"pressureKPa":414.0,"pressureTier":"mp","customers":2,"designM3h":8.33,"roadEdge":97}},{"type":"Feature","id":"gas-E39","geometry":{"type":"LineString","coordinates":[[-78.9342767,43.8726509],[-78.9344842,43.8726049]]},"properties":{"kind":"distribution","tier":"distribution","placement":"underground","from":"gas-J-64","to":"gas-T-378","lengthM":17.42,"sizeMm":50,"diameterIn":2.0,"nominalLabel":"2\" PE","material":"PE SDR11","depthM":1.0,"pressureKPa":414.0,"pressureTier":"mp","customers":6,"designM3h":25.949,"roadEdge":79}},{"type":"Feature","id":"gas-E40","geometry":{"type":"LineString","coordinates":[[-78.9342767,43.8726509],[-78.9341756,43.8725602],[-78.9341407,43.8724774],[-78.9341365,43.8724676]]},"properties":{"kind":"distribution","tier":"distribution","placement":"underground","from":"gas-J-64","to":"gas-T-428","lengthM":23.73,"sizeMm":50,"diameterIn":2.0,"nominalLabel":"2\" PE","material":"PE SDR11","depthM":1.0,"pressureKPa":414.0,"pressureTier":"mp","customers":15,"designM3h":47.094,"roadEdge":89}},{"type":"Feature","id":"gas-E41","geometry":{"type":"LineString","coordinates":[[-78.9339873,43.8680835],[-78.9340705,43.8680824],[-78.9342042,43.8680768],[-78.9344565,43.8680382]]},"properties":{"kind":"distribution","tier":"distribution","placement":"underground","from":"gas-T-556","to":"gas-T-555","lengthM":38.12,"sizeMm":100,"diameterIn":3.9,"nominalLabel":"4\" PE","material":"PE SDR11","depthM":1.0,"pressureKPa":414.0,"pressureTier":"mp","customers":341,"designM3h":968.421,"roadEdge":85}},{"type":"Feature","id":"gas-E42","geometry":{"type":"LineString","coordinates":[[-78.933997,43.8679734],[-78.9340616,43.8679718],[-78.9342619,43.8679543]]},"properties":{"kind":"distribution","tier":"distribution","placement":"underground","from":"gas-T-563","to":"gas-T-562","lengthM":21.38,"sizeMm":50,"diameterIn":2.0,"nominalLabel":"2\" PE","material":"PE SDR11","depthM":1.0,"pressureKPa":414.0,"pressureTier":"mp","customers":35,"designM3h":129.458,"roadEdge":87}},{"type":"Feature","id":"gas-E43","geometry":{"type":"LineString","coordinates":[[-78.9304568,43.869413],[-78.9308957,43.8693658]]},"properties":{"kind":"distribution","tier":"distribution","placement":"underground","from":"gas-T-493","to":"gas-J-71","lengthM":35.62,"sizeMm":50,"diameterIn":2.0,"nominalLabel":"2\" PE","material":"PE SDR11","depthM":1.0,"pressureKPa":414.0,"pressureTier":"mp","customers":59,"designM3h":178.157,"roadEdge":100}},{"type":"Feature","id":"gas-E44","geometry":{"type":"LineString","coordinates":[[-78.930812,43.8709216],[-78.9308195,43.87092]]},"properties":{"kind":"distribution","tier":"distribution","placement":"underground","from":"gas-T-491","to":"gas-T-492","lengthM":0.63,"sizeMm":50,"diameterIn":2.0,"nominalLabel":"2\" PE","material":"PE SDR11","depthM":1.0,"pressureKPa":414.0,"pressureTier":"mp","customers":1,"designM3h":5.79,"roadEdge":97}},{"type":"Feature","id":"gas-E45","geometry":{"type":"LineString","coordinates":[[-78.9344842,43.8726049],[-78.9346981,43.8725574]]},"properties":{"kind":"distribution","tier":"distribution","placement":"underground","from":"gas-T-378","to":"gas-T-377","lengthM":17.96,"sizeMm":50,"diameterIn":2.0,"nominalLabel":"2\" PE","material":"PE SDR11","depthM":1.0,"pressureKPa":414.0,"pressureTier":"mp","customers":5,"designM3h":22.359,"roadEdge":79}},{"type":"Feature","id":"gas-E46","geometry":{"type":"LineString","coordinates":[[-78.9341365,43.8724676],[-78.9341332,43.87246]]},"properties":{"kind":"distribution","tier":"distribution","placement":"underground","from":"gas-T-428","to":"gas-T-424","lengthM":0.88,"sizeMm":50,"diameterIn":2.0,"nominalLabel":"2\" PE","material":"PE SDR11","depthM":1.0,"pressureKPa":414.0,"pressureTier":"mp","customers":14,"designM3h":44.952,"roadEdge":89}},{"type":"Feature","id":"gas-E47","geometry":{"type":"LineString","coordinates":[[-78.9344565,43.8680382],[-78.934465,43.8680369],[-78.9346905,43.8680043]]},"properties":{"kind":"distribution","tier":"distribution","placement":"underground","from":"gas-T-555","to":"gas-T-554","lengthM":19.15,"sizeMm":100,"diameterIn":3.9,"nominalLabel":"4\" PE","material":"PE SDR11","depthM":1.0,"pressureKPa":414.0,"pressureTier":"mp","customers":340,"designM3h":965.792,"roadEdge":85}},{"type":"Feature","id":"gas-E48","geometry":{"type":"LineString","coordinates":[[-78.9342619,43.8679543],[-78.9344189,43.8679405],[-78.9345399,43.867922]]},"properties":{"kind":"distribution","tier":"distribution","placement":"underground","from":"gas-T-562","to":"gas-T-561","lengthM":22.62,"sizeMm":50,"diameterIn":2.0,"nominalLabel":"2\" PE","material":"PE SDR11","depthM":1.0,"pressureKPa":414.0,"pressureTier":"mp","customers":34,"designM3h":126.919,"roadEdge":87}},{"type":"Feature","id":"gas-E49","geometry":{"type":"LineString","coordinates":[[-78.9308957,43.8693658],[-78.9310059,43.8693506],[-78.9311068,43.8693367]]},"properties":{"kind":"distribution","tier":"distribution","placement":"underground","from":"gas-J-71","to":"gas-T-459","lengthM":17.24,"sizeMm":50,"diameterIn":2.0,"nominalLabel":"2\" PE","material":"PE SDR11","depthM":1.0,"pressureKPa":414.0,"pressureTier":"mp","customers":32,"designM3h":98.403,"roadEdge":95}},{"type":"Feature","id":"gas-E50","geometry":{"type":"LineString","coordinates":[[-78.9308957,43.8693658],[-78.9308657,43.8694046],[-78.9308707,43.8694151],[-78.9309057,43.8694955]]},"properties":{"kind":"distribution","tier":"distribution","placement":"underground","from":"gas-J-71","to":"gas-T-485","lengthM":15.57,"sizeMm":50,"diameterIn":2.0,"nominalLabel":"2\" PE","material":"PE SDR11","depthM":1.0,"pressureKPa":414.0,"pressureTier":"mp","customers":27,"designM3h":88.258,"roadEdge":96}},{"type":"Feature","id":"gas-E51","geometry":{"type":"LineString","coordinates":[[-78.9346981,43.8725574],[-78.9349089,43.8725107],[-78.9349223,43.8725077]]},"properties":{"kind":"distribution","tier":"distribution","placement":"underground","from":"gas-T-377","to":"gas-T-376","lengthM":18.83,"sizeMm":50,"diameterIn":2.0,"nominalLabel":"2\" PE","material":"PE SDR11","depthM":1.0,"pressureKPa":414.0,"pressureTier":"mp","customers":4,"designM3h":17.981,"roadEdge":79}},{"type":"Feature","id":"gas-E52","geometry":{"type":"LineString","coordinates":[[-78.9341332,43.87246],[-78.9340645,43.8723014]]},"properties":{"kind":"distribution","tier":"distribution","placement":"underground","from":"gas-T-424","to":"gas-T-429","lengthM":18.51,"sizeMm":50,"diameterIn":2.0,"nominalLabel":"2\" PE","material":"PE SDR11","depthM":1.0,"pressureKPa":414.0,"pressureTier":"mp","customers":13,"designM3h":40.506,"roadEdge":89}},{"type":"Feature","id":"gas-E53","geometry":{"type":"LineString","coordinates":[[-78.9346905,43.8680043],[-78.9347889,43.86799],[-78.9349181,43.8679652]]},"properties":{"kind":"distribution","tier":"distribution","placement":"underground","from":"gas-T-554","to":"gas-T-553","lengthM":18.79,"sizeMm":100,"diameterIn":3.9,"nominalLabel":"4\" PE","material":"PE SDR11","depthM":1.0,"pressureKPa":414.0,"pressureTier":"mp","customers":339,"designM3h":963.563,"roadEdge":85}},{"type":"Feature","id":"gas-E54","geometry":{"type":"LineString","coordinates":[[-78.9345399,43.867922],[-78.9347858,43.8678842]]},"properties":{"kind":"distribution","tier":"distribution","placement":"underground","from":"gas-T-561","to":"gas-T-560","lengthM":20.17,"sizeMm":50,"diameterIn":2.0,"nominalLabel":"2\" PE","material":"PE SDR11","depthM":1.0,"pressureKPa":414.0,"pressureTier":"mp","customers":33,"designM3h":123.396,"roadEdge":87}},{"type":"Feature","id":"gas-E55","geometry":{"type":"LineString","coordinates":[[-78.9311068,43.8693367],[-78.9315191,43.8692799],[-78.9318893,43.8691989],[-78.9319511,43.8692142],[-78.9320043,43.8692506],[-78.9320261,43.8692988]]},"properties":{"kind":"distribution","tier":"distribution","placement":"underground","from":"gas-T-459","to":"gas-T-478","lengthM":81.5,"sizeMm":50,"diameterIn":2.0,"nominalLabel":"2\" PE","material":"PE SDR11","depthM":1.0,"pressureKPa":414.0,"pressureTier":"mp","customers":31,"designM3h":95.998,"roadEdge":95}},{"type":"Feature","id":"gas-E56","geometry":{"type":"LineString","coordinates":[[-78.9309057,43.8694955],[-78.9309751,43.8696548]]},"properties":{"kind":"distribution","tier":"distribution","placement":"underground","from":"gas-T-485","to":"gas-T-484","lengthM":18.58,"sizeMm":50,"diameterIn":2.0,"nominalLabel":"2\" PE","material":"PE SDR11","depthM":1.0,"pressureKPa":414.0,"pressureTier":"mp","customers":26,"designM3h":85.134,"roadEdge":96}},{"type":"Feature","id":"gas-E57","geometry":{"type":"LineString","coordinates":[[-78.9349223,43.8725077],[-78.9349253,43.872507]]},"properties":{"kind":"distribution","tier":"distribution","placement":"underground","from":"gas-T-376","to":"gas-T-382","lengthM":0.25,"sizeMm":50,"diameterIn":2.0,"nominalLabel":"2\" PE","material":"PE SDR11","depthM":1.0,"pressureKPa":414.0,"pressureTier":"mp","customers":3,"designM3h":13.591,"roadEdge":79}},{"type":"Feature","id":"gas-E58","geometry":{"type":"LineString","coordinates":[[-78.9340645,43.8723014],[-78.9340596,43.8722899]]},"properties":{"kind":"distribution","tier":"distribution","placement":"underground","from":"gas-T-429","to":"gas-T-425","lengthM":1.34,"sizeMm":50,"diameterIn":2.0,"nominalLabel":"2\" PE","material":"PE SDR11","depthM":1.0,"pressureKPa":414.0,"pressureTier":"mp","customers":12,"designM3h":38.199,"roadEdge":89}},{"type":"Feature","id":"gas-E59","geometry":{"type":"LineString","coordinates":[[-78.9349181,43.8679652],[-78.9351658,43.8679175]]},"properties":{"kind":"distribution","tier":"distribution","placement":"underground","from":"gas-T-553","to":"gas-T-552","lengthM":20.57,"sizeMm":100,"diameterIn":3.9,"nominalLabel":"4\" PE","material":"PE SDR11","depthM":1.0,"pressureKPa":414.0,"pressureTier":"mp","customers":338,"designM3h":962.441,"roadEdge":85}},{"type":"Feature","id":"gas-E60","geometry":{"type":"LineString","coordinates":[[-78.9347858,43.8678842],[-78.934818,43.8678793],[-78.9350404,43.8678321]]},"properties":{"kind":"distribution","tier":"distribution","placement":"underground","from":"gas-T-560","to":"gas-T-559","lengthM":21.25,"sizeMm":50,"diameterIn":2.0,"nominalLabel":"2\" PE","material":"PE SDR11","depthM":1.0,"pressureKPa":414.0,"pressureTier":"mp","customers":32,"designM3h":121.606,"roadEdge":87}},{"type":"Feature","id":"gas-E61","geometry":{"type":"LineString","coordinates":[[-78.9320261,43.8692988],[-78.932088,43.8694357]]},"properties":{"kind":"distribution","tier":"distribution","placement":"underground","from":"gas-T-478","to":"gas-T-477","lengthM":16.03,"sizeMm":50,"diameterIn":2.0,"nominalLabel":"2\" PE","material":"PE SDR11","depthM":1.0,"pressureKPa":414.0,"pressureTier":"mp","customers":30,"designM3h":92.808,"roadEdge":95}},{"type":"Feature","id":"gas-E62","geometry":{"type":"LineString","coordinates":[[-78.9309751,43.8696548],[-78.9310389,43.8698012]]},"properties":{"kind":"distribution","tier":"distribution","placement":"underground","from":"gas-T-484","to":"gas-T-490","lengthM":17.09,"sizeMm":50,"diameterIn":2.0,"nominalLabel":"2\" PE","material":"PE SDR11","depthM":1.0,"pressureKPa":414.0,"pressureTier":"mp","customers":25,"designM3h":81.798,"roadEdge":96}},{"type":"Feature","id":"gas-E63","geometry":{"type":"LineString","coordinates":[[-78.9349253,43.872507],[-78.9351401,43.8724594]]},"properties":{"kind":"distribution","tier":"distribution","placement":"underground","from":"gas-T-382","to":"gas-T-375","lengthM":18.04,"sizeMm":50,"diameterIn":2.0,"nominalLabel":"2\" PE","material":"PE SDR11","depthM":1.0,"pressureKPa":414.0,"pressureTier":"mp","customers":2,"designM3h":11.287,"roadEdge":79}},{"type":"Feature","id":"gas-E64","geometry":{"type":"LineString","coordinates":[[-78.9340596,43.8722899],[-78.9339914,43.8721326]]},"properties":{"kind":"distribution","tier":"distribution","placement":"underground","from":"gas-T-425","to":"gas-T-430","lengthM":18.35,"sizeMm":50,"diameterIn":2.0,"nominalLabel":"2\" PE","material":"PE SDR11","depthM":1.0,"pressureKPa":414.0,"pressureTier":"mp","customers":11,"designM3h":37.994,"roadEdge":89}},{"type":"Feature","id":"gas-E65","geometry":{"type":"LineString","coordinates":[[-78.9351658,43.8679175],[-78.9353979,43.8678728]]},"properties":{"kind":"distribution","tier":"distribution","placement":"underground","from":"gas-T-552","to":"gas-J-59","lengthM":19.28,"sizeMm":100,"diameterIn":3.9,"nominalLabel":"4\" PE","material":"PE SDR11","depthM":1.0,"pressureKPa":414.0,"pressureTier":"mp","customers":337,"designM3h":961.381,"roadEdge":85}},{"type":"Feature","id":"gas-E66","geometry":{"type":"LineString","coordinates":[[-78.9350404,43.8678321],[-78.9352692,43.8677835]]},"properties":{"kind":"distribution","tier":"distribution","placement":"underground","from":"gas-T-559","to":"gas-J-61","lengthM":19.15,"sizeMm":50,"diameterIn":2.0,"nominalLabel":"2\" PE","material":"PE SDR11","depthM":1.0,"pressureKPa":414.0,"pressureTier":"mp","customers":31,"designM3h":119.107,"roadEdge":87}},{"type":"Feature","id":"gas-E67","geometry":{"type":"LineString","coordinates":[[-78.932088,43.8694357],[-78.9321195,43.8695052]]},"properties":{"kind":"distribution","tier":"distribution","placement":"underground","from":"gas-T-477","to":"gas-T-458","lengthM":8.14,"sizeMm":50,"diameterIn":2.0,"nominalLabel":"2\" PE","material":"PE SDR11","depthM":1.0,"pressureKPa":414.0,"pressureTier":"mp","customers":29,"designM3h":90.973,"roadEdge":95}},{"type":"Feature","id":"gas-E68","geometry":{"type":"LineString","coordinates":[[-78.9310389,43.8698012],[-78.9310452,43.8698157]]},"properties":{"kind":"distribution","tier":"distribution","placement":"underground","from":"gas-T-490","to":"gas-T-483","lengthM":1.69,"sizeMm":50,"diameterIn":2.0,"nominalLabel":"2\" PE","material":"PE SDR11","depthM":1.0,"pressureKPa":414.0,"pressureTier":"mp","customers":24,"designM3h":78.801,"roadEdge":96}},{"type":"Feature","id":"gas-E69","geometry":{"type":"LineString","coordinates":[[-78.9351401,43.8724594],[-78.9351504,43.8724571]]},"properties":{"kind":"distribution","tier":"distribution","placement":"underground","from":"gas-T-375","to":"gas-T-381","lengthM":0.87,"sizeMm":50,"diameterIn":2.0,"nominalLabel":"2\" PE","material":"PE SDR11","depthM":1.0,"pressureKPa":414.0,"pressureTier":"mp","customers":1,"designM3h":6.421,"roadEdge":79}},{"type":"Feature","id":"gas-E70","geometry":{"type":"LineString","coordinates":[[-78.9339914,43.8721326],[-78.9339883,43.8721254]]},"properties":{"kind":"distribution","tier":"distribution","placement":"underground","from":"gas-T-430","to":"gas-T-426","lengthM":0.83,"sizeMm":50,"diameterIn":2.0,"nominalLabel":"2\" PE","material":"PE SDR11","depthM":1.0,"pressureKPa":414.0,"pressureTier":"mp","customers":10,"designM3h":34.019,"roadEdge":89}},{"type":"Feature","id":"gas-E71","geometry":{"type":"LineString","coordinates":[[-78.9353979,43.8678728],[-78.9358161,43.8677801]]},"properties":{"kind":"distribution","tier":"distribution","placement":"underground","from":"gas-J-59","to":"gas-T-535","lengthM":35.11,"sizeMm":100,"diameterIn":3.9,"nominalLabel":"4\" PE","material":"PE SDR11","depthM":1.0,"pressureKPa":414.0,"pressureTier":"mp","customers":337,"designM3h":961.381,"roadEdge":73}},{"type":"Feature","id":"gas-E72","geometry":{"type":"LineString","coordinates":[[-78.9352692,43.8677835],[-78.9354636,43.8677401]]},"properties":{"kind":"distribution","tier":"distribution","placement":"underground","from":"gas-J-61","to":"gas-J-57","lengthM":16.33,"sizeMm":50,"diameterIn":2.0,"nominalLabel":"2\" PE","material":"PE SDR11","depthM":1.0,"pressureKPa":414.0,"pressureTier":"mp","customers":31,"designM3h":119.107,"roadEdge":83}},{"type":"Feature","id":"gas-E73","geometry":{"type":"LineString","coordinates":[[-78.9321195,43.8695052],[-78.9321515,43.8695761]]},"properties":{"kind":"distribution","tier":"distribution","placement":"underground","from":"gas-T-458","to":"gas-T-476","lengthM":8.3,"sizeMm":50,"diameterIn":2.0,"nominalLabel":"2\" PE","material":"PE SDR11","depthM":1.0,"pressureKPa":414.0,"pressureTier":"mp","customers":28,"designM3h":87.865,"roadEdge":95}},{"type":"Feature","id":"gas-E74","geometry":{"type":"LineString","coordinates":[[-78.9310452,43.8698157],[-78.93111,43.8699643]]},"properties":{"kind":"distribution","tier":"distribution","placement":"underground","from":"gas-T-483","to":"gas-T-482","lengthM":17.34,"sizeMm":50,"diameterIn":2.0,"nominalLabel":"2\" PE","material":"PE SDR11","depthM":1.0,"pressureKPa":414.0,"pressureTier":"mp","customers":23,"designM3h":75.57,"roadEdge":96}},{"type":"Feature","id":"gas-E75","geometry":{"type":"LineString","coordinates":[[-78.9339883,43.8721254],[-78.9338429,43.8717896]]},"properties":{"kind":"distribution","tier":"distribution","placement":"underground","from":"gas-T-426","to":"gas-T-427","lengthM":39.17,"sizeMm":50,"diameterIn":2.0,"nominalLabel":"2\" PE","material":"PE SDR11","depthM":1.0,"pressureKPa":414.0,"pressureTier":"mp","customers":9,"designM3h":29.928,"roadEdge":89}},{"type":"Feature","id":"gas-E76","geometry":{"type":"LineString","coordinates":[[-78.9358161,43.8677801],[-78.9358161,43.8677801],[-78.9359199,43.8677571]]},"properties":{"kind":"distribution","tier":"distribution","placement":"underground","from":"gas-T-535","to":"gas-DREG-01","lengthM":8.72,"sizeMm":100,"diameterIn":3.9,"nominalLabel":"4\" PE","material":"PE SDR11","depthM":1.0,"pressureKPa":414.0,"pressureTier":"mp","customers":336,"designM3h":960.543}},{"type":"Feature","id":"gas-E77","geometry":{"type":"LineString","coordinates":[[-78.9359199,43.8677571],[-78.9360237,43.867734]]},"properties":{"kind":"distribution","tier":"distribution","placement":"underground","from":"gas-DREG-01","to":"gas-T-534","lengthM":8.72,"sizeMm":300,"diameterIn":11.8,"nominalLabel":"12\" cast iron (lined)","material":"cast iron","depthM":1.0,"pressureKPa":1.74,"pressureTier":"lp","customers":336,"designM3h":960.543,"roadEdge":73}},{"type":"Feature","id":"gas-E78","geometry":{"type":"LineString","coordinates":[[-78.9354636,43.8677401],[-78.9353973,43.8676244],[-78.9353461,43.8675164],[-78.9352783,43.8674691]]},"properties":{"kind":"distribution","tier":"distribution","placement":"underground","from":"gas-J-57","to":"gas-J-60","lengthM":34.21,"sizeMm":50,"diameterIn":2.0,"nominalLabel":"2\" PE","material":"PE SDR11","depthM":1.0,"pressureKPa":414.0,"pressureTier":"mp","customers":1,"designM3h":4.211,"roadEdge":82}},{"type":"Feature","id":"gas-E79","geometry":{"type":"LineString","coordinates":[[-78.9354636,43.8677401],[-78.9357047,43.8676899]]},"properties":{"kind":"distribution","tier":"distribution","placement":"underground","from":"gas-J-57","to":"gas-T-551","lengthM":20.14,"sizeMm":50,"diameterIn":2.0,"nominalLabel":"2\" PE","material":"PE SDR11","depthM":1.0,"pressureKPa":414.0,"pressureTier":"mp","customers":30,"designM3h":116.917,"roadEdge":75}},{"type":"Feature","id":"gas-E80","geometry":{"type":"LineString","coordinates":[[-78.9321515,43.8695761],[-78.93218,43.8696391]]},"properties":{"kind":"distribution","tier":"distribution","placement":"underground","from":"gas-T-476","to":"gas-T-457","lengthM":7.38,"sizeMm":50,"diameterIn":2.0,"nominalLabel":"2\" PE","material":"PE SDR11","depthM":1.0,"pressureKPa":414.0,"pressureTier":"mp","customers":27,"designM3h":84.144,"roadEdge":95}},{"type":"Feature","id":"gas-E81","geometry":{"type":"LineString","coordinates":[[-78.93111,43.8699643],[-78.9311259,43.8700008],[-78.9311599,43.8701157]]},"properties":{"kind":"distribution","tier":"distribution","placement":"underground","from":"gas-T-482","to":"gas-T-481","lengthM":17.34,"sizeMm":50,"diameterIn":2.0,"nominalLabel":"2\" PE","material":"PE SDR11","depthM":1.0,"pressureKPa":414.0,"pressureTier":"mp","customers":22,"designM3h":72.021,"roadEdge":96}},{"type":"Feature","id":"gas-E82","geometry":{"type":"LineString","coordinates":[[-78.9338429,43.8717896],[-78.9337728,43.8716276]]},"properties":{"kind":"distribution","tier":"distribution","placement":"underground","from":"gas-T-427","to":"gas-J-65","lengthM":18.88,"sizeMm":50,"diameterIn":2.0,"nominalLabel":"2\" PE","material":"PE SDR11","depthM":1.0,"pressureKPa":414.0,"pressureTier":"mp","customers":8,"designM3h":27.659,"roadEdge":89}},{"type":"Feature","id":"gas-E83","geometry":{"type":"LineString","coordinates":[[-78.9360237,43.867734],[-78.9362174,43.8676911]]},"properties":{"kind":"distribution","tier":"distribution","placement":"underground","from":"gas-T-534","to":"gas-T-533","lengthM":16.26,"sizeMm":300,"diameterIn":11.8,"nominalLabel":"12\" cast iron (lined)","material":"cast iron","depthM":1.0,"pressureKPa":1.74,"pressureTier":"lp","customers":335,"designM3h":958.852,"roadEdge":73}},{"type":"Feature","id":"gas-E84","geometry":{"type":"LineString","coordinates":[[-78.9352783,43.8674691],[-78.9352354,43.8673782],[-78.9351724,43.8672464],[-78.9351702,43.8672415]]},"properties":{"kind":"distribution","tier":"distribution","placement":"underground","from":"gas-J-60","to":"gas-T-421","lengthM":26.78,"sizeMm":50,"diameterIn":2.0,"nominalLabel":"2\" PE","material":"PE SDR11","depthM":1.0,"pressureKPa":414.0,"pressureTier":"mp","customers":1,"designM3h":4.211,"roadEdge":86}},{"type":"Feature","id":"gas-E85","geometry":{"type":"LineString","coordinates":[[-78.9357047,43.8676899],[-78.9357047,43.8676899],[-78.9358376,43.8676622]]},"properties":{"kind":"distribution","tier":"distribution","placement":"underground","from":"gas-T-551","to":"gas-DREG-02","lengthM":11.1,"sizeMm":50,"diameterIn":2.0,"nominalLabel":"2\" PE","material":"PE SDR11","depthM":1.0,"pressureKPa":414.0,"pressureTier":"mp","customers":29,"designM3h":113.181}},{"type":"Feature","id":"gas-E86","geometry":{"type":"LineString","coordinates":[[-78.9358376,43.8676622],[-78.9359705,43.8676345]]},"properties":{"kind":"distribution","tier":"distribution","placement":"underground","from":"gas-DREG-02","to":"gas-T-550","lengthM":11.1,"sizeMm":150,"diameterIn":5.9,"nominalLabel":"6\" cast iron (lined)","material":"cast iron","depthM":1.0,"pressureKPa":1.74,"pressureTier":"lp","customers":29,"designM3h":113.181,"roadEdge":75}},{"type":"Feature","id":"gas-E87","geometry":{"type":"LineString","coordinates":[[-78.93218,43.8696391],[-78.9322172,43.8697213]]},"properties":{"kind":"distribution","tier":"distribution","placement":"underground","from":"gas-T-457","to":"gas-T-475","lengthM":9.62,"sizeMm":50,"diameterIn":2.0,"nominalLabel":"2\" PE","material":"PE SDR11","depthM":1.0,"pressureKPa":414.0,"pressureTier":"mp","customers":26,"designM3h":80.749,"roadEdge":95}},{"type":"Feature","id":"gas-E88","geometry":{"type":"LineString","coordinates":[[-78.9311599,43.8701157],[-78.9311604,43.8701172]]},"properties":{"kind":"distribution","tier":"distribution","placement":"underground","from":"gas-T-481","to":"gas-T-489","lengthM":0.17,"sizeMm":50,"diameterIn":2.0,"nominalLabel":"2\" PE","material":"PE SDR11","depthM":1.0,"pressureKPa":414.0,"pressureTier":"mp","customers":21,"designM3h":68.531,"roadEdge":96}},{"type":"Feature","id":"gas-E89","geometry":{"type":"LineString","coordinates":[[-78.9337728,43.8716276],[-78.9338631,43.8715652],[-78.9338148,43.871455]]},"properties":{"kind":"distribution","tier":"distribution","placement":"underground","from":"gas-J-65","to":"gas-T-410","lengthM":22.91,"sizeMm":50,"diameterIn":2.0,"nominalLabel":"2\" PE","material":"PE SDR11","depthM":1.0,"pressureKPa":414.0,"pressureTier":"mp","customers":6,"designM3h":21.402,"roadEdge":84}},{"type":"Feature","id":"gas-E90","geometry":{"type":"LineString","coordinates":[[-78.9337728,43.8716276],[-78.9339482,43.8716313],[-78.9340054,43.8716185],[-78.9340639,43.8716047]]},"properties":{"kind":"distribution","tier":"distribution","placement":"underground","from":"gas-J-65","to":"gas-T-423","lengthM":23.83,"sizeMm":50,"diameterIn":2.0,"nominalLabel":"2\" PE","material":"PE SDR11","depthM":1.0,"pressureKPa":414.0,"pressureTier":"mp","customers":2,"designM3h":8.94,"roadEdge":88}},{"type":"Feature","id":"gas-E91","geometry":{"type":"LineString","coordinates":[[-78.9362174,43.8676911],[-78.9364114,43.8676481]]},"properties":{"kind":"distribution","tier":"distribution","placement":"underground","from":"gas-T-533","to":"gas-T-532","lengthM":16.28,"sizeMm":300,"diameterIn":11.8,"nominalLabel":"12\" cast iron (lined)","material":"cast iron","depthM":1.0,"pressureKPa":1.74,"pressureTier":"lp","customers":334,"designM3h":958.139,"roadEdge":73}},{"type":"Feature","id":"gas-E92","geometry":{"type":"LineString","coordinates":[[-78.9359705,43.8676345],[-78.9362202,43.8675825],[-78.9365131,43.8675134],[-78.9366384,43.8674853],[-78.9367773,43.8674555]]},"properties":{"kind":"distribution","tier":"distribution","placement":"underground","from":"gas-T-550","to":"gas-J-50","lengthM":67.75,"sizeMm":150,"diameterIn":5.9,"nominalLabel":"6\" cast iron (lined)","material":"cast iron","depthM":1.0,"pressureKPa":1.74,"pressureTier":"lp","customers":28,"designM3h":108.609,"roadEdge":75}},{"type":"Feature","id":"gas-E93","geometry":{"type":"LineString","coordinates":[[-78.9322172,43.8697213],[-78.9322441,43.8697806]]},"properties":{"kind":"distribution","tier":"distribution","placement":"underground","from":"gas-T-475","to":"gas-T-456","lengthM":6.95,"sizeMm":50,"diameterIn":2.0,"nominalLabel":"2\" PE","material":"PE SDR11","depthM":1.0,"pressureKPa":414.0,"pressureTier":"mp","customers":25,"designM3h":80.471,"roadEdge":95}},{"type":"Feature","id":"gas-E94","geometry":{"type":"LineString","coordinates":[[-78.9311604,43.8701172],[-78.9311773,43.8701743],[-78.9311939,43.8702674]]},"properties":{"kind":"distribution","tier":"distribution","placement":"underground","from":"gas-T-489","to":"gas-T-488","lengthM":16.95,"sizeMm":50,"diameterIn":2.0,"nominalLabel":"2\" PE","material":"PE SDR11","depthM":1.0,"pressureKPa":414.0,"pressureTier":"mp","customers":20,"designM3h":64.537,"roadEdge":96}},{"type":"Feature","id":"gas-E95","geometry":{"type":"LineString","coordinates":[[-78.9338148,43.871455],[-78.9338116,43.8714475]]},"properties":{"kind":"distribution","tier":"distribution","placement":"underground","from":"gas-T-410","to":"gas-T-420","lengthM":0.88,"sizeMm":50,"diameterIn":2.0,"nominalLabel":"2\" PE","material":"PE SDR11","depthM":1.0,"pressureKPa":414.0,"pressureTier":"mp","customers":5,"designM3h":18.027,"roadEdge":84}},{"type":"Feature","id":"gas-E96","geometry":{"type":"LineString","coordinates":[[-78.9340639,43.8716047],[-78.9343072,43.871547]]},"properties":{"kind":"distribution","tier":"distribution","placement":"underground","from":"gas-T-423","to":"gas-T-422","lengthM":20.55,"sizeMm":50,"diameterIn":2.0,"nominalLabel":"2\" PE","material":"PE SDR11","depthM":1.0,"pressureKPa":414.0,"pressureTier":"mp","customers":1,"designM3h":6.353,"roadEdge":88}},{"type":"Feature","id":"gas-E97","geometry":{"type":"LineString","coordinates":[[-78.9364114,43.8676481],[-78.9366825,43.867588],[-78.936821,43.8675573]]},"properties":{"kind":"distribution","tier":"distribution","placement":"underground","from":"gas-T-532","to":"gas-J-49","lengthM":34.39,"sizeMm":300,"diameterIn":11.8,"nominalLabel":"12\" cast iron (lined)","material":"cast iron","depthM":1.0,"pressureKPa":1.74,"pressureTier":"lp","customers":333,"designM3h":956.45,"roadEdge":73}},{"type":"Feature","id":"gas-E98","geometry":{"type":"LineString","coordinates":[[-78.9367773,43.8674555],[-78.9369169,43.8674256]]},"properties":{"kind":"distribution","tier":"distribution","placement":"underground","from":"gas-J-50","to":"gas-J-48","lengthM":11.69,"sizeMm":100,"diameterIn":3.9,"nominalLabel":"4\" cast iron (lined)","material":"cast iron","depthM":1.0,"pressureKPa":1.74,"pressureTier":"lp","customers":14,"designM3h":58.389,"roadEdge":70}},{"type":"Feature","id":"gas-E99","geometry":{"type":"LineString","coordinates":[[-78.9367773,43.8674555],[-78.9366388,43.8672639]]},"properties":{"kind":"distribution","tier":"distribution","placement":"underground","from":"gas-J-50","to":"gas-T-536","lengthM":24.05,"sizeMm":100,"diameterIn":3.9,"nominalLabel":"4\" cast iron (lined)","material":"cast iron","depthM":1.0,"pressureKPa":1.74,"pressureTier":"lp","customers":14,"designM3h":57.37,"roadEdge":74}},{"type":"Feature","id":"gas-E100","geometry":{"type":"LineString","coordinates":[[-78.9322441,43.8697806],[-78.9322833,43.8698674],[-78.9322987,43.86993]]},"properties":{"kind":"distribution","tier":"distribution","placement":"underground","from":"gas-T-456","to":"gas-T-455","lengthM":17.23,"sizeMm":50,"diameterIn":2.0,"nominalLabel":"2\" PE","material":"PE SDR11","depthM":1.0,"pressureKPa":414.0,"pressureTier":"mp","customers":24,"designM3h":76.763,"roadEdge":95}},{"type":"Feature","id":"gas-E101","geometry":{"type":"LineString","coordinates":[[-78.9311939,43.8702674],[-78.9311963,43.8702808]]},"properties":{"kind":"distribution","tier":"distribution","placement":"underground","from":"gas-T-488","to":"gas-T-480","lengthM":1.49,"sizeMm":50,"diameterIn":2.0,"nominalLabel":"2\" PE","material":"PE SDR11","depthM":1.0,"pressureKPa":414.0,"pressureTier":"mp","customers":19,"designM3h":62.342,"roadEdge":96}},{"type":"Feature","id":"gas-E102","geometry":{"type":"LineString","coordinates":[[-78.9338116,43.8714475],[-78.9337523,43.8713121]]},"properties":{"kind":"distribution","tier":"distribution","placement":"underground","from":"gas-T-420","to":"gas-T-409","lengthM":15.8,"sizeMm":50,"diameterIn":2.0,"nominalLabel":"2\" PE","material":"PE SDR11","depthM":1.0,"pressureKPa":414.0,"pressureTier":"mp","customers":4,"designM3h":15.727,"roadEdge":84}},{"type":"Feature","id":"gas-E103","geometry":{"type":"LineString","coordinates":[[-78.936821,43.8675573],[-78.936798,43.8676386],[-78.9369255,43.8679019],[-78.9370122,43.8679932]]},"properties":{"kind":"distribution","tier":"distribution","placement":"underground","from":"gas-J-49","to":"gas-J-45","lengthM":52.6,"sizeMm":300,"diameterIn":11.8,"nominalLabel":"12\" cast iron (lined)","material":"cast iron","depthM":1.0,"pressureKPa":1.74,"pressureTier":"lp","customers":331,"designM3h":952.905,"roadEdge":65}},{"type":"Feature","id":"gas-E104","geometry":{"type":"LineString","coordinates":[[-78.936821,43.8675573],[-78.9369637,43.8675255]]},"properties":{"kind":"distribution","tier":"distribution","placement":"underground","from":"gas-J-49","to":"gas-J-47","lengthM":11.99,"sizeMm":100,"diameterIn":3.9,"nominalLabel":"4\" cast iron (lined)","material":"cast iron","depthM":1.0,"pressureKPa":1.74,"pressureTier":"lp","customers":2,"designM3h":5.98,"roadEdge":69}},{"type":"Feature","id":"gas-E105","geometry":{"type":"LineString","coordinates":[[-78.9369169,43.8674256],[-78.9368216,43.8673317],[-78.9367845,43.8672403]]},"properties":{"kind":"distribution","tier":"distribution","placement":"underground","from":"gas-J-48","to":"gas-T-518","lengthM":23.55,"sizeMm":100,"diameterIn":3.9,"nominalLabel":"4\" cast iron (lined)","material":"cast iron","depthM":1.0,"pressureKPa":1.74,"pressureTier":"lp","customers":14,"designM3h":58.389,"roadEdge":71}},{"type":"Feature","id":"gas-E106","geometry":{"type":"LineString","coordinates":[[-78.9366388,43.8672639],[-78.9365689,43.8670967]]},"properties":{"kind":"distribution","tier":"distribution","placement":"underground","from":"gas-T-536","to":"gas-T-537","lengthM":19.44,"sizeMm":100,"diameterIn":3.9,"nominalLabel":"4\" cast iron (lined)","material":"cast iron","depthM":1.0,"pressureKPa":1.74,"pressureTier":"lp","customers":13,"designM3h":57.236,"roadEdge":74}},{"type":"Feature","id":"gas-E107","geometry":{"type":"LineString","coordinates":[[-78.9322987,43.86993],[-78.9323152,43.8699971]]},"properties":{"kind":"distribution","tier":"distribution","placement":"underground","from":"gas-T-455","to":"gas-T-474","lengthM":7.59,"sizeMm":50,"diameterIn":2.0,"nominalLabel":"2\" PE","material":"PE SDR11","depthM":1.0,"pressureKPa":414.0,"pressureTier":"mp","customers":23,"designM3h":73.349,"roadEdge":95}},{"type":"Feature","id":"gas-E108","geometry":{"type":"LineString","coordinates":[[-78.9311963,43.8702808],[-78.9312075,43.8703434],[-78.9312337,43.8704324]]},"properties":{"kind":"distribution","tier":"distribution","placement":"underground","from":"gas-T-480","to":"gas-T-487","lengthM":17.16,"sizeMm":50,"diameterIn":2.0,"nominalLabel":"2\" PE","material":"PE SDR11","depthM":1.0,"pressureKPa":414.0,"pressureTier":"mp","customers":18,"designM3h":58.45,"roadEdge":96}},{"type":"Feature","id":"gas-E109","geometry":{"type":"LineString","coordinates":[[-78.9337523,43.8713121],[-78.9337464,43.8712987]]},"properties":{"kind":"distribution","tier":"distribution","placement":"underground","from":"gas-T-409","to":"gas-T-419","lengthM":1.57,"sizeMm":50,"diameterIn":2.0,"nominalLabel":"2\" PE","material":"PE SDR11","depthM":1.0,"pressureKPa":414.0,"pressureTier":"mp","customers":3,"designM3h":12.275,"roadEdge":84}},{"type":"Feature","id":"gas-E110","geometry":{"type":"LineString","coordinates":[[-78.9370122,43.8679932],[-78.9370457,43.8680669]]},"properties":{"kind":"distribution","tier":"distribution","placement":"underground","from":"gas-J-45","to":"gas-J-43","lengthM":8.64,"sizeMm":300,"diameterIn":11.8,"nominalLabel":"12\" cast iron (lined)","material":"cast iron","depthM":1.0,"pressureKPa":1.74,"pressureTier":"lp","customers":331,"designM3h":952.905,"roadEdge":61}},{"type":"Feature","id":"gas-E111","geometry":{"type":"LineString","coordinates":[[-78.9369637,43.8675255],[-78.9369387,43.8676037],[-78.9369565,43.867643]]},"properties":{"kind":"distribution","tier":"distribution","placement":"underground","from":"gas-J-47","to":"gas-T-517","lengthM":13.54,"sizeMm":100,"diameterIn":3.9,"nominalLabel":"4\" cast iron (lined)","material":"cast iron","depthM":1.0,"pressureKPa":1.74,"pressureTier":"lp","customers":2,"designM3h":5.98,"roadEdge":64}},{"type":"Feature","id":"gas-E112","geometry":{"type":"LineString","coordinates":[[-78.9367845,43.8672403],[-78.9367168,43.8670733]]},"properties":{"kind":"distribution","tier":"distribution","placement":"underground","from":"gas-T-518","to":"gas-T-519","lengthM":19.37,"sizeMm":100,"diameterIn":3.9,"nominalLabel":"4\" cast iron (lined)","material":"cast iron","depthM":1.0,"pressureKPa":1.74,"pressureTier":"lp","customers":13,"designM3h":53.227,"roadEdge":71}},{"type":"Feature","id":"gas-E113","geometry":{"type":"LineString","coordinates":[[-78.9365689,43.8670967],[-78.9365019,43.8669365]]},"properties":{"kind":"distribution","tier":"distribution","placement":"underground","from":"gas-T-537","to":"gas-T-538","lengthM":18.63,"sizeMm":100,"diameterIn":3.9,"nominalLabel":"4\" cast iron (lined)","material":"cast iron","depthM":1.0,"pressureKPa":1.74,"pressureTier":"lp","customers":12,"designM3h":52.146,"roadEdge":74}},{"type":"Feature","id":"gas-E114","geometry":{"type":"LineString","coordinates":[[-78.9323152,43.8699971],[-78.9323263,43.8700425],[-78.932331,43.870078]]},"properties":{"kind":"distribution","tier":"distribution","placement":"underground","from":"gas-T-474","to":"gas-T-454","lengthM":9.1,"sizeMm":50,"diameterIn":2.0,"nominalLabel":"2\" PE","material":"PE SDR11","depthM":1.0,"pressureKPa":414.0,"pressureTier":"mp","customers":22,"designM3h":73.087,"roadEdge":95}},{"type":"Feature","id":"gas-E115","geometry":{"type":"LineString","coordinates":[[-78.9312337,43.8704324],[-78.9312493,43.8704852],[-78.931301,43.8705998]]},"properties":{"kind":"distribution","tier":"distribution","placement":"underground","from":"gas-T-487","to":"gas-T-486","lengthM":19.43,"sizeMm":50,"diameterIn":2.0,"nominalLabel":"2\" PE","material":"PE SDR11","depthM":1.0,"pressureKPa":414.0,"pressureTier":"mp","customers":17,"designM3h":56.313,"roadEdge":96}},{"type":"Feature","id":"gas-E116","geometry":{"type":"LineString","coordinates":[[-78.9337464,43.8712987],[-78.9336886,43.8711669]]},"properties":{"kind":"distribution","tier":"distribution","placement":"underground","from":"gas-T-419","to":"gas-T-408","lengthM":15.38,"sizeMm":50,"diameterIn":2.0,"nominalLabel":"2\" PE","material":"PE SDR11","depthM":1.0,"pressureKPa":414.0,"pressureTier":"mp","customers":2,"designM3h":9.906,"roadEdge":84}},{"type":"Feature","id":"gas-E117","geometry":{"type":"LineString","coordinates":[[-78.9370457,43.8680669],[-78.9369929,43.8681195],[-78.9369532,43.8681284],[-78.9366929,43.8681868]]},"properties":{"kind":"distribution","tier":"distribution","placement":"underground","from":"gas-J-43","to":"gas-T-325","lengthM":32.45,"sizeMm":100,"diameterIn":3.9,"nominalLabel":"4\" cast iron (lined)","material":"cast iron","depthM":1.0,"pressureKPa":1.74,"pressureTier":"lp","customers":33,"designM3h":76.239,"roadEdge":62}},{"type":"Feature","id":"gas-E118","geometry":{"type":"LineString","coordinates":[[-78.9370457,43.8680669],[-78.9371078,43.8682093]]},"properties":{"kind":"distribution","tier":"distribution","placement":"underground","from":"gas-J-43","to":"gas-T-515","lengthM":16.61,"sizeMm":300,"diameterIn":11.8,"nominalLabel":"12\" cast iron (lined)","material":"cast iron","depthM":1.0,"pressureKPa":1.74,"pressureTier":"lp","customers":298,"designM3h":886.885,"roadEdge":58}},{"type":"Feature","id":"gas-E119","geometry":{"type":"LineString","coordinates":[[-78.9369565,43.867643],[-78.9370146,43.8677713]]},"properties":{"kind":"distribution","tier":"distribution","placement":"underground","from":"gas-T-517","to":"gas-T-516","lengthM":15.02,"sizeMm":100,"diameterIn":3.9,"nominalLabel":"4\" cast iron (lined)","material":"cast iron","depthM":1.0,"pressureKPa":1.74,"pressureTier":"lp","customers":1,"designM3h":3.491,"roadEdge":64}},{"type":"Feature","id":"gas-E120","geometry":{"type":"LineString","coordinates":[[-78.9367168,43.8670733],[-78.9366522,43.8669141]]},"properties":{"kind":"distribution","tier":"distribution","placement":"underground","from":"gas-T-519","to":"gas-T-520","lengthM":18.47,"sizeMm":100,"diameterIn":3.9,"nominalLabel":"4\" cast iron (lined)","material":"cast iron","depthM":1.0,"pressureKPa":1.74,"pressureTier":"lp","customers":12,"designM3h":47.767,"roadEdge":71}},{"type":"Feature","id":"gas-E121","geometry":{"type":"LineString","coordinates":[[-78.9365019,43.8669365],[-78.9364362,43.8667793]]},"properties":{"kind":"distribution","tier":"distribution","placement":"underground","from":"gas-T-538","to":"gas-T-539","lengthM":18.27,"sizeMm":100,"diameterIn":3.9,"nominalLabel":"4\" cast iron (lined)","material":"cast iron","depthM":1.0,"pressureKPa":1.74,"pressureTier":"lp","customers":11,"designM3h":47.149,"roadEdge":74}},{"type":"Feature","id":"gas-E122","geometry":{"type":"LineString","coordinates":[[-78.932331,43.870078],[-78.9323377,43.8701295]]},"properties":{"kind":"distribution","tier":"distribution","placement":"underground","from":"gas-T-454","to":"gas-T-473","lengthM":5.76,"sizeMm":50,"diameterIn":2.0,"nominalLabel":"2\" PE","material":"PE SDR11","depthM":1.0,"pressureKPa":414.0,"pressureTier":"mp","customers":21,"designM3h":71.107,"roadEdge":95}},{"type":"Feature","id":"gas-E123","geometry":{"type":"LineString","coordinates":[[-78.931301,43.8705998],[-78.9313023,43.8706027]]},"properties":{"kind":"distribution","tier":"distribution","placement":"underground","from":"gas-T-486","to":"gas-T-479","lengthM":0.33,"sizeMm":50,"diameterIn":2.0,"nominalLabel":"2\" PE","material":"PE SDR11","depthM":1.0,"pressureKPa":414.0,"pressureTier":"mp","customers":16,"designM3h":52.082,"roadEdge":96}},{"type":"Feature","id":"gas-E124","geometry":{"type":"LineString","coordinates":[[-78.9336886,43.8711669],[-78.9336824,43.8711527]]},"properties":{"kind":"distribution","tier":"distribution","placement":"underground","from":"gas-T-408","to":"gas-T-418","lengthM":1.66,"sizeMm":50,"diameterIn":2.0,"nominalLabel":"2\" PE","material":"PE SDR11","depthM":1.0,"pressureKPa":414.0,"pressureTier":"mp","customers":1,"designM3h":5.661,"roadEdge":84}},{"type":"Feature","id":"gas-E125","geometry":{"type":"LineString","coordinates":[[-78.9366929,43.8681868],[-78.93669,43.8681874]]},"properties":{"kind":"distribution","tier":"distribution","placement":"underground","from":"gas-T-325","to":"gas-T-321","lengthM":0.24,"sizeMm":100,"diameterIn":3.9,"nominalLabel":"4\" cast iron (lined)","material":"cast iron","depthM":1.0,"pressureKPa":1.74,"pressureTier":"lp","customers":32,"designM3h":74.011,"roadEdge":62}},{"type":"Feature","id":"gas-E126","geometry":{"type":"LineString","coordinates":[[-78.9371078,43.8682093],[-78.9371664,43.8683434]]},"properties":{"kind":"distribution","tier":"distribution","placement":"underground","from":"gas-T-515","to":"gas-T-514","lengthM":15.65,"sizeMm":300,"diameterIn":11.8,"nominalLabel":"12\" cast iron (lined)","material":"cast iron","depthM":1.0,"pressureKPa":1.74,"pressureTier":"lp","customers":297,"designM3h":885.055,"roadEdge":58}},{"type":"Feature","id":"gas-E127","geometry":{"type":"LineString","coordinates":[[-78.9366522,43.8669141],[-78.9365862,43.8667513]]},"properties":{"kind":"distribution","tier":"distribution","placement":"underground","from":"gas-T-520","to":"gas-T-521","lengthM":18.89,"sizeMm":100,"diameterIn":3.9,"nominalLabel":"4\" cast iron (lined)","material":"cast iron","depthM":1.0,"pressureKPa":1.74,"pressureTier":"lp","customers":11,"designM3h":43.026,"roadEdge":71}},{"type":"Feature","id":"gas-E128","geometry":{"type":"LineString","coordinates":[[-78.9364362,43.8667793],[-78.9363849,43.8666568],[-78.9363667,43.8666105]]},"properties":{"kind":"distribution","tier":"distribution","placement":"underground","from":"gas-T-539","to":"gas-T-540","lengthM":19.61,"sizeMm":100,"diameterIn":3.9,"nominalLabel":"4\" cast iron (lined)","material":"cast iron","depthM":1.0,"pressureKPa":1.74,"pressureTier":"lp","customers":10,"designM3h":42.19,"roadEdge":74}},{"type":"Feature","id":"gas-E129","geometry":{"type":"LineString","coordinates":[[-78.9323377,43.8701295],[-78.9323575,43.8702803]]},"properties":{"kind":"distribution","tier":"distribution","placement":"underground","from":"gas-T-473","to":"gas-T-472","lengthM":16.87,"sizeMm":50,"diameterIn":2.0,"nominalLabel":"2\" PE","material":"PE SDR11","depthM":1.0,"pressureKPa":414.0,"pressureTier":"mp","customers":20,"designM3h":67.267,"roadEdge":95}},{"type":"Feature","id":"gas-E130","geometry":{"type":"LineString","coordinates":[[-78.9313023,43.8706027],[-78.9313392,43.8706845],[-78.9313712,43.8707555]]},"properties":{"kind":"distribution","tier":"distribution","placement":"underground","from":"gas-T-479","to":"gas-J-69","lengthM":17.89,"sizeMm":50,"diameterIn":2.0,"nominalLabel":"2\" PE","material":"PE SDR11","depthM":1.0,"pressureKPa":414.0,"pressureTier":"mp","customers":15,"designM3h":49.162,"roadEdge":96}},{"type":"Feature","id":"gas-E131","geometry":{"type":"LineString","coordinates":[[-78.93669,43.8681874],[-78.9365017,43.8682296]]},"properties":{"kind":"distribution","tier":"distribution","placement":"underground","from":"gas-T-321","to":"gas-T-326","lengthM":15.83,"sizeMm":100,"diameterIn":3.9,"nominalLabel":"4\" cast iron (lined)","material":"cast iron","depthM":1.0,"pressureKPa":1.74,"pressureTier":"lp","customers":31,"designM3h":71.252,"roadEdge":62}},{"type":"Feature","id":"gas-E132","geometry":{"type":"LineString","coordinates":[[-78.9371664,43.8683434],[-78.9372259,43.8684797]]},"properties":{"kind":"distribution","tier":"distribution","placement":"underground","from":"gas-T-514","to":"gas-T-513","lengthM":15.91,"sizeMm":300,"diameterIn":11.8,"nominalLabel":"12\" cast iron (lined)","material":"cast iron","depthM":1.0,"pressureKPa":1.74,"pressureTier":"lp","customers":296,"designM3h":883.187,"roadEdge":58}},{"type":"Feature","id":"gas-E133","geometry":{"type":"LineString","coordinates":[[-78.9365862,43.8667513],[-78.9365519,43.8666669],[-78.9365191,43.8665826]]},"properties":{"kind":"distribution","tier":"distribution","placement":"underground","from":"gas-T-521","to":"gas-T-522","lengthM":19.54,"sizeMm":100,"diameterIn":3.9,"nominalLabel":"4\" cast iron (lined)","material":"cast iron","depthM":1.0,"pressureKPa":1.74,"pressureTier":"lp","customers":10,"designM3h":37.197,"roadEdge":71}},{"type":"Feature","id":"gas-E134","geometry":{"type":"LineString","coordinates":[[-78.9363667,43.8666105],[-78.9363014,43.8664442]]},"properties":{"kind":"distribution","tier":"distribution","placement":"underground","from":"gas-T-540","to":"gas-T-541","lengthM":19.23,"sizeMm":100,"diameterIn":3.9,"nominalLabel":"4\" cast iron (lined)","material":"cast iron","depthM":1.0,"pressureKPa":1.74,"pressureTier":"lp","customers":9,"designM3h":35.999,"roadEdge":74}},{"type":"Feature","id":"gas-E135","geometry":{"type":"LineString","coordinates":[[-78.9323575,43.8702803],[-78.9323592,43.8702938],[-78.9323969,43.8704437]]},"properties":{"kind":"distribution","tier":"distribution","placement":"underground","from":"gas-T-472","to":"gas-T-471","lengthM":18.46,"sizeMm":50,"diameterIn":2.0,"nominalLabel":"2\" PE","material":"PE SDR11","depthM":1.0,"pressureKPa":414.0,"pressureTier":"mp","customers":19,"designM3h":63.846,"roadEdge":95}},{"type":"Feature","id":"gas-E136","geometry":{"type":"LineString","coordinates":[[-78.9313712,43.8707555],[-78.9314338,43.8708984]]},"properties":{"kind":"distribution","tier":"distribution","placement":"underground","from":"gas-J-69","to":"gas-T-435","lengthM":16.68,"sizeMm":50,"diameterIn":2.0,"nominalLabel":"2\" PE","material":"PE SDR11","depthM":1.0,"pressureKPa":414.0,"pressureTier":"mp","customers":15,"designM3h":49.162,"roadEdge":94}},{"type":"Feature","id":"gas-E137","geometry":{"type":"LineString","coordinates":[[-78.9365017,43.8682296],[-78.9364813,43.8682342]]},"properties":{"kind":"distribution","tier":"distribution","placement":"underground","from":"gas-T-326","to":"gas-T-322","lengthM":1.71,"sizeMm":100,"diameterIn":3.9,"nominalLabel":"4\" cast iron (lined)","material":"cast iron","depthM":1.0,"pressureKPa":1.74,"pressureTier":"lp","customers":30,"designM3h":69.083,"roadEdge":62}},{"type":"Feature","id":"gas-E138","geometry":{"type":"LineString","coordinates":[[-78.9372259,43.8684797],[-78.9372274,43.8684833]]},"properties":{"kind":"distribution","tier":"distribution","placement":"underground","from":"gas-T-513","to":"gas-T-509","lengthM":0.42,"sizeMm":300,"diameterIn":11.8,"nominalLabel":"12\" cast iron (lined)","material":"cast iron","depthM":1.0,"pressureKPa":1.74,"pressureTier":"lp","customers":295,"designM3h":879.317,"roadEdge":58}},{"type":"Feature","id":"gas-E139","geometry":{"type":"LineString","coordinates":[[-78.9365191,43.8665826],[-78.936459,43.8664285]]},"properties":{"kind":"distribution","tier":"distribution","placement":"underground","from":"gas-T-522","to":"gas-T-523","lengthM":17.81,"sizeMm":100,"diameterIn":3.9,"nominalLabel":"4\" cast iron (lined)","material":"cast iron","depthM":1.0,"pressureKPa":1.74,"pressureTier":"lp","customers":9,"designM3h":34.87,"roadEdge":71}},{"type":"Feature","id":"gas-E140","geometry":{"type":"LineString","coordinates":[[-78.9363014,43.8664442],[-78.936237,43.8662804]]},"properties":{"kind":"distribution","tier":"distribution","placement":"underground","from":"gas-T-541","to":"gas-T-542","lengthM":18.96,"sizeMm":100,"diameterIn":3.9,"nominalLabel":"4\" cast iron (lined)","material":"cast iron","depthM":1.0,"pressureKPa":1.74,"pressureTier":"lp","customers":8,"designM3h":33.897,"roadEdge":74}},{"type":"Feature","id":"gas-E141","geometry":{"type":"LineString","coordinates":[[-78.9323969,43.8704437],[-78.9324121,43.8705042],[-78.9324158,43.8705165]]},"properties":{"kind":"distribution","tier":"distribution","placement":"underground","from":"gas-T-471","to":"gas-T-453","lengthM":8.25,"sizeMm":50,"diameterIn":2.0,"nominalLabel":"2\" PE","material":"PE SDR11","depthM":1.0,"pressureKPa":414.0,"pressureTier":"mp","customers":18,"designM3h":60.281,"roadEdge":95}},{"type":"Feature","id":"gas-E142","geometry":{"type":"LineString","coordinates":[[-78.9314338,43.8708984],[-78.931434,43.8708987]]},"properties":{"kind":"distribution","tier":"distribution","placement":"underground","from":"gas-T-435","to":"gas-T-444","lengthM":0.04,"sizeMm":50,"diameterIn":2.0,"nominalLabel":"2\" PE","material":"PE SDR11","depthM":1.0,"pressureKPa":414.0,"pressureTier":"mp","customers":14,"designM3h":45.841,"roadEdge":94}},{"type":"Feature","id":"gas-E143","geometry":{"type":"LineString","coordinates":[[-78.9364813,43.8682342],[-78.9362951,43.8682759]]},"properties":{"kind":"distribution","tier":"distribution","placement":"underground","from":"gas-T-322","to":"gas-T-327","lengthM":15.65,"sizeMm":100,"diameterIn":3.9,"nominalLabel":"4\" cast iron (lined)","material":"cast iron","depthM":1.0,"pressureKPa":1.74,"pressureTier":"lp","customers":29,"designM3h":66.308,"roadEdge":62}},{"type":"Feature","id":"gas-E144","geometry":{"type":"LineString","coordinates":[[-78.9372274,43.8684833],[-78.9372886,43.8686234]]},"properties":{"kind":"distribution","tier":"distribution","placement":"underground","from":"gas-T-509","to":"gas-T-512","lengthM":16.35,"sizeMm":300,"diameterIn":11.8,"nominalLabel":"12\" cast iron (lined)","material":"cast iron","depthM":1.0,"pressureKPa":1.74,"pressureTier":"lp","customers":294,"designM3h":877.393,"roadEdge":58}},{"type":"Feature","id":"gas-E145","geometry":{"type":"LineString","coordinates":[[-78.936459,43.8664285],[-78.936459,43.8664285],[-78.9363937,43.8662708]]},"properties":{"kind":"distribution","tier":"distribution","placement":"underground","from":"gas-T-523","to":"gas-T-524","lengthM":18.33,"sizeMm":100,"diameterIn":3.9,"nominalLabel":"4\" cast iron (lined)","material":"cast iron","depthM":1.0,"pressureKPa":1.74,"pressureTier":"lp","customers":8,"designM3h":29.861,"roadEdge":71}},{"type":"Feature","id":"gas-E146","geometry":{"type":"LineString","coordinates":[[-78.936237,43.8662804],[-78.9361672,43.8661027]]},"properties":{"kind":"distribution","tier":"distribution","placement":"underground","from":"gas-T-542","to":"gas-T-543","lengthM":20.56,"sizeMm":100,"diameterIn":3.9,"nominalLabel":"4\" cast iron (lined)","material":"cast iron","depthM":1.0,"pressureKPa":1.74,"pressureTier":"lp","customers":7,"designM3h":27.719,"roadEdge":74}},{"type":"Feature","id":"gas-E147","geometry":{"type":"LineString","coordinates":[[-78.9324158,43.8705165],[-78.9324408,43.8705979]]},"properties":{"kind":"distribution","tier":"distribution","placement":"underground","from":"gas-T-453","to":"gas-T-470","lengthM":9.28,"sizeMm":50,"diameterIn":2.0,"nominalLabel":"2\" PE","material":"PE SDR11","depthM":1.0,"pressureKPa":414.0,"pressureTier":"mp","customers":17,"designM3h":56.324,"roadEdge":95}},{"type":"Feature","id":"gas-E148","geometry":{"type":"LineString","coordinates":[[-78.931434,43.8708987],[-78.9314958,43.8710398]]},"properties":{"kind":"distribution","tier":"distribution","placement":"underground","from":"gas-T-444","to":"gas-T-443","lengthM":16.47,"sizeMm":50,"diameterIn":2.0,"nominalLabel":"2\" PE","material":"PE SDR11","depthM":1.0,"pressureKPa":414.0,"pressureTier":"mp","customers":13,"designM3h":42.139,"roadEdge":94}},{"type":"Feature","id":"gas-E149","geometry":{"type":"LineString","coordinates":[[-78.9362951,43.8682759],[-78.9362849,43.8682782]]},"properties":{"kind":"distribution","tier":"distribution","placement":"underground","from":"gas-T-327","to":"gas-T-323","lengthM":0.86,"sizeMm":100,"diameterIn":3.9,"nominalLabel":"4\" cast iron (lined)","material":"cast iron","depthM":1.0,"pressureKPa":1.74,"pressureTier":"lp","customers":28,"designM3h":64.525,"roadEdge":62}},{"type":"Feature","id":"gas-E150","geometry":{"type":"LineString","coordinates":[[-78.9372886,43.8686234],[-78.9373158,43.8686857],[-78.9373425,43.8687533]]},"properties":{"kind":"distribution","tier":"distribution","placement":"underground","from":"gas-T-512","to":"gas-T-508","lengthM":15.09,"sizeMm":300,"diameterIn":11.8,"nominalLabel":"12\" cast iron (lined)","material":"cast iron","depthM":1.0,"pressureKPa":1.74,"pressureTier":"lp","customers":293,"designM3h":875.614,"roadEdge":58}},{"type":"Feature","id":"gas-E151","geometry":{"type":"LineString","coordinates":[[-78.9363937,43.8662708],[-78.9363265,43.8661086]]},"properties":{"kind":"distribution","tier":"distribution","placement":"underground","from":"gas-T-524","to":"gas-T-525","lengthM":18.84,"sizeMm":100,"diameterIn":3.9,"nominalLabel":"4\" cast iron (lined)","material":"cast iron","depthM":1.0,"pressureKPa":1.74,"pressureTier":"lp","customers":7,"designM3h":24.214,"roadEdge":71}},{"type":"Feature","id":"gas-E152","geometry":{"type":"LineString","coordinates":[[-78.9361672,43.8661027],[-78.9361172,43.8659753],[-78.9361034,43.8659375]]},"properties":{"kind":"distribution","tier":"distribution","placement":"underground","from":"gas-T-543","to":"gas-T-544","lengthM":19.1,"sizeMm":100,"diameterIn":3.9,"nominalLabel":"4\" cast iron (lined)","material":"cast iron","depthM":1.0,"pressureKPa":1.74,"pressureTier":"lp","customers":6,"designM3h":21.762,"roadEdge":74}},{"type":"Feature","id":"gas-E153","geometry":{"type":"LineString","coordinates":[[-78.9324408,43.8705979],[-78.9324601,43.8706607],[-78.932499,43.8707486]]},"properties":{"kind":"distribution","tier":"distribution","placement":"underground","from":"gas-T-470","to":"gas-T-469","lengthM":17.44,"sizeMm":50,"diameterIn":2.0,"nominalLabel":"2\" PE","material":"PE SDR11","depthM":1.0,"pressureKPa":414.0,"pressureTier":"mp","customers":16,"designM3h":54.28,"roadEdge":95}},{"type":"Feature","id":"gas-E154","geometry":{"type":"LineString","coordinates":[[-78.9314958,43.8710398],[-78.9315596,43.8711853]]},"properties":{"kind":"distribution","tier":"distribution","placement":"underground","from":"gas-T-443","to":"gas-T-442","lengthM":16.99,"sizeMm":50,"diameterIn":2.0,"nominalLabel":"2\" PE","material":"PE SDR11","depthM":1.0,"pressureKPa":414.0,"pressureTier":"mp","customers":12,"designM3h":38.585,"roadEdge":94}},{"type":"Feature","id":"gas-E155","geometry":{"type":"LineString","coordinates":[[-78.9362849,43.8682782],[-78.9360867,43.8683226]]},"properties":{"kind":"distribution","tier":"distribution","placement":"underground","from":"gas-T-323","to":"gas-T-324","lengthM":16.65,"sizeMm":100,"diameterIn":3.9,"nominalLabel":"4\" cast iron (lined)","material":"cast iron","depthM":1.0,"pressureKPa":1.74,"pressureTier":"lp","customers":27,"designM3h":61.837,"roadEdge":62}},{"type":"Feature","id":"gas-E156","geometry":{"type":"LineString","coordinates":[[-78.9373425,43.8687533],[-78.9373466,43.8687637]]},"properties":{"kind":"distribution","tier":"distribution","placement":"underground","from":"gas-T-508","to":"gas-T-511","lengthM":1.21,"sizeMm":300,"diameterIn":11.8,"nominalLabel":"12\" cast iron (lined)","material":"cast iron","depthM":1.0,"pressureKPa":1.74,"pressureTier":"lp","customers":292,"designM3h":872.539,"roadEdge":58}},{"type":"Feature","id":"gas-E157","geometry":{"type":"LineString","coordinates":[[-78.9363265,43.8661086],[-78.9362589,43.8659454]]},"properties":{"kind":"distribution","tier":"distribution","placement":"underground","from":"gas-T-525","to":"gas-T-526","lengthM":18.96,"sizeMm":100,"diameterIn":3.9,"nominalLabel":"4\" cast iron (lined)","material":"cast iron","depthM":1.0,"pressureKPa":1.74,"pressureTier":"lp","customers":6,"designM3h":18.852,"roadEdge":71}},{"type":"Feature","id":"gas-E158","geometry":{"type":"LineString","coordinates":[[-78.9361034,43.8659375],[-78.9360483,43.8657869],[-78.9360428,43.8657708]]},"properties":{"kind":"distribution","tier":"distribution","placement":"underground","from":"gas-T-544","to":"gas-T-545","lengthM":19.18,"sizeMm":100,"diameterIn":3.9,"nominalLabel":"4\" cast iron (lined)","material":"cast iron","depthM":1.0,"pressureKPa":1.74,"pressureTier":"lp","customers":5,"designM3h":16.094,"roadEdge":74}},{"type":"Feature","id":"gas-E159","geometry":{"type":"LineString","coordinates":[[-78.932499,43.8707486],[-78.9325211,43.8707985]]},"properties":{"kind":"distribution","tier":"distribution","placement":"underground","from":"gas-T-469","to":"gas-T-452","lengthM":5.84,"sizeMm":50,"diameterIn":2.0,"nominalLabel":"2\" PE","material":"PE SDR11","depthM":1.0,"pressureKPa":414.0,"pressureTier":"mp","customers":15,"designM3h":51.402,"roadEdge":95}},{"type":"Feature","id":"gas-E160","geometry":{"type":"LineString","coordinates":[[-78.9315596,43.8711853],[-78.9315617,43.8711902]]},"properties":{"kind":"distribution","tier":"distribution","placement":"underground","from":"gas-T-442","to":"gas-T-434","lengthM":0.57,"sizeMm":50,"diameterIn":2.0,"nominalLabel":"2\" PE","material":"PE SDR11","depthM":1.0,"pressureKPa":414.0,"pressureTier":"mp","customers":11,"designM3h":35.4,"roadEdge":94}},{"type":"Feature","id":"gas-E161","geometry":{"type":"LineString","coordinates":[[-78.9360867,43.8683226],[-78.9360819,43.8683237]]},"properties":{"kind":"distribution","tier":"distribution","placement":"underground","from":"gas-T-324","to":"gas-T-328","lengthM":0.4,"sizeMm":100,"diameterIn":3.9,"nominalLabel":"4\" cast iron (lined)","material":"cast iron","depthM":1.0,"pressureKPa":1.74,"pressureTier":"lp","customers":26,"designM3h":61.488,"roadEdge":62}},{"type":"Feature","id":"gas-E162","geometry":{"type":"LineString","coordinates":[[-78.9373466,43.8687637],[-78.937377,43.8688406],[-78.9373983,43.8688948]]},"properties":{"kind":"distribution","tier":"distribution","placement":"underground","from":"gas-T-511","to":"gas-T-507","lengthM":15.17,"sizeMm":300,"diameterIn":11.8,"nominalLabel":"12\" cast iron (lined)","material":"cast iron","depthM":1.0,"pressureKPa":1.74,"pressureTier":"lp","customers":291,"designM3h":871.232,"roadEdge":58}},{"type":"Feature","id":"gas-E163","geometry":{"type":"LineString","coordinates":[[-78.9362589,43.8659454],[-78.9361988,43.8658004],[-78.9361919,43.86578]]},"properties":{"kind":"distribution","tier":"distribution","placement":"underground","from":"gas-T-526","to":"gas-T-527","lengthM":19.19,"sizeMm":100,"diameterIn":3.9,"nominalLabel":"4\" cast iron (lined)","material":"cast iron","depthM":1.0,"pressureKPa":1.74,"pressureTier":"lp","customers":5,"designM3h":12.636,"roadEdge":71}},{"type":"Feature","id":"gas-E164","geometry":{"type":"LineString","coordinates":[[-78.9360428,43.8657708],[-78.9359843,43.8656011]]},"properties":{"kind":"distribution","tier":"distribution","placement":"underground","from":"gas-T-545","to":"gas-T-546","lengthM":19.46,"sizeMm":100,"diameterIn":3.9,"nominalLabel":"4\" cast iron (lined)","material":"cast iron","depthM":1.0,"pressureKPa":1.74,"pressureTier":"lp","customers":4,"designM3h":13.172,"roadEdge":74}},{"type":"Feature","id":"gas-E165","geometry":{"type":"LineString","coordinates":[[-78.9325211,43.8707985],[-78.9325638,43.8708949]]},"properties":{"kind":"distribution","tier":"distribution","placement":"underground","from":"gas-T-452","to":"gas-T-468","lengthM":11.26,"sizeMm":50,"diameterIn":2.0,"nominalLabel":"2\" PE","material":"PE SDR11","depthM":1.0,"pressureKPa":414.0,"pressureTier":"mp","customers":14,"designM3h":48.011,"roadEdge":95}},{"type":"Feature","id":"gas-E166","geometry":{"type":"LineString","coordinates":[[-78.9315617,43.8711902],[-78.9316241,43.8713326]]},"properties":{"kind":"distribution","tier":"distribution","placement":"underground","from":"gas-T-434","to":"gas-T-441","lengthM":16.62,"sizeMm":50,"diameterIn":2.0,"nominalLabel":"2\" PE","material":"PE SDR11","depthM":1.0,"pressureKPa":414.0,"pressureTier":"mp","customers":10,"designM3h":33.133,"roadEdge":94}},{"type":"Feature","id":"gas-E167","geometry":{"type":"LineString","coordinates":[[-78.9360819,43.8683237],[-78.9359874,43.8683449],[-78.9358714,43.8683697]]},"properties":{"kind":"distribution","tier":"distribution","placement":"underground","from":"gas-T-328","to":"gas-J-54","lengthM":17.65,"sizeMm":100,"diameterIn":3.9,"nominalLabel":"4\" cast iron (lined)","material":"cast iron","depthM":1.0,"pressureKPa":1.74,"pressureTier":"lp","customers":25,"designM3h":59.173,"roadEdge":62}},{"type":"Feature","id":"gas-E168","geometry":{"type":"LineString","coordinates":[[-78.9373983,43.8688948],[-78.9374007,43.8689007]]},"properties":{"kind":"distribution","tier":"distribution","placement":"underground","from":"gas-T-507","to":"gas-T-510","lengthM":0.68,"sizeMm":300,"diameterIn":11.8,"nominalLabel":"12\" cast iron (lined)","material":"cast iron","depthM":1.0,"pressureKPa":1.74,"pressureTier":"lp","customers":290,"designM3h":869.222,"roadEdge":58}},{"type":"Feature","id":"gas-E169","geometry":{"type":"LineString","coordinates":[[-78.9361919,43.86578],[-78.9361384,43.8656236]]},"properties":{"kind":"distribution","tier":"distribution","placement":"underground","from":"gas-T-527","to":"gas-T-528","lengthM":17.93,"sizeMm":100,"diameterIn":3.9,"nominalLabel":"4\" cast iron (lined)","material":"cast iron","depthM":1.0,"pressureKPa":1.74,"pressureTier":"lp","customers":4,"designM3h":10.762,"roadEdge":71}},{"type":"Feature","id":"gas-E170","geometry":{"type":"LineString","coordinates":[[-78.9359843,43.8656011],[-78.9359506,43.8655034],[-78.9359288,43.8654414]]},"properties":{"kind":"distribution","tier":"distribution","placement":"underground","from":"gas-T-546","to":"gas-T-547","lengthM":18.33,"sizeMm":100,"diameterIn":3.9,"nominalLabel":"4\" cast iron (lined)","material":"cast iron","depthM":1.0,"pressureKPa":1.74,"pressureTier":"lp","customers":3,"designM3h":10.385,"roadEdge":74}},{"type":"Feature","id":"gas-E171","geometry":{"type":"LineString","coordinates":[[-78.9325638,43.8708949],[-78.9325832,43.8709385]]},"properties":{"kind":"distribution","tier":"distribution","placement":"underground","from":"gas-T-468","to":"gas-T-451","lengthM":5.1,"sizeMm":50,"diameterIn":2.0,"nominalLabel":"2\" PE","material":"PE SDR11","depthM":1.0,"pressureKPa":414.0,"pressureTier":"mp","customers":13,"designM3h":44.443,"roadEdge":95}},{"type":"Feature","id":"gas-E172","geometry":{"type":"LineString","coordinates":[[-78.9316241,43.8713326],[-78.9316803,43.8714609]]},"properties":{"kind":"distribution","tier":"distribution","placement":"underground","from":"gas-T-441","to":"gas-T-433","lengthM":14.98,"sizeMm":50,"diameterIn":2.0,"nominalLabel":"2\" PE","material":"PE SDR11","depthM":1.0,"pressureKPa":414.0,"pressureTier":"mp","customers":9,"designM3h":29.46,"roadEdge":94}},{"type":"Feature","id":"gas-E173","geometry":{"type":"LineString","coordinates":[[-78.9358714,43.8683697],[-78.9358286,43.8683984],[-78.9358753,43.868505]]},"properties":{"kind":"distribution","tier":"distribution","placement":"underground","from":"gas-J-54","to":"gas-T-354","lengthM":17.12,"sizeMm":100,"diameterIn":3.9,"nominalLabel":"4\" cast iron (lined)","material":"cast iron","depthM":1.0,"pressureKPa":1.74,"pressureTier":"lp","customers":10,"designM3h":22.415,"roadEdge":76}},{"type":"Feature","id":"gas-E174","geometry":{"type":"LineString","coordinates":[[-78.9358714,43.8683697],[-78.935663,43.8684189]]},"properties":{"kind":"distribution","tier":"distribution","placement":"underground","from":"gas-J-54","to":"gas-T-390","lengthM":17.6,"sizeMm":100,"diameterIn":3.9,"nominalLabel":"4\" cast iron (lined)","material":"cast iron","depthM":1.0,"pressureKPa":1.74,"pressureTier":"lp","customers":15,"designM3h":40.615,"roadEdge":80}},{"type":"Feature","id":"gas-E175","geometry":{"type":"LineString","coordinates":[[-78.9374007,43.8689007],[-78.9374578,43.8690458]]},"properties":{"kind":"distribution","tier":"distribution","placement":"underground","from":"gas-T-510","to":"gas-J-41","lengthM":16.79,"sizeMm":300,"diameterIn":11.8,"nominalLabel":"12\" cast iron (lined)","material":"cast iron","depthM":1.0,"pressureKPa":1.74,"pressureTier":"lp","customers":289,"designM3h":868.635,"roadEdge":58}},{"type":"Feature","id":"gas-E176","geometry":{"type":"LineString","coordinates":[[-78.9361384,43.8656236],[-78.9361064,43.8655298],[-78.9360782,43.8654471]]},"properties":{"kind":"distribution","tier":"distribution","placement":"underground","from":"gas-T-528","to":"gas-T-529","lengthM":20.23,"sizeMm":100,"diameterIn":3.9,"nominalLabel":"4\" cast iron (lined)","material":"cast iron","depthM":1.0,"pressureKPa":1.74,"pressureTier":"lp","customers":3,"designM3h":7.752,"roadEdge":71}},{"type":"Feature","id":"gas-E177","geometry":{"type":"LineString","coordinates":[[-78.9359288,43.8654414],[-78.9358702,43.8652751]]},"properties":{"kind":"distribution","tier":"distribution","placement":"underground","from":"gas-T-547","to":"gas-T-548","lengthM":19.1,"sizeMm":100,"diameterIn":3.9,"nominalLabel":"4\" cast iron (lined)","material":"cast iron","depthM":1.0,"pressureKPa":1.74,"pressureTier":"lp","customers":2,"designM3h":7.716,"roadEdge":74}},{"type":"Feature","id":"gas-E178","geometry":{"type":"LineString","coordinates":[[-78.9325832,43.8709385],[-78.9326504,43.8710903]]},"properties":{"kind":"distribution","tier":"distribution","placement":"underground","from":"gas-T-451","to":"gas-T-450","lengthM":17.73,"sizeMm":50,"diameterIn":2.0,"nominalLabel":"2\" PE","material":"PE SDR11","depthM":1.0,"pressureKPa":414.0,"pressureTier":"mp","customers":12,"designM3h":40.977,"roadEdge":95}},{"type":"Feature","id":"gas-E179","geometry":{"type":"LineString","coordinates":[[-78.9316803,43.8714609],[-78.9317446,43.8716075]]},"properties":{"kind":"distribution","tier":"distribution","placement":"underground","from":"gas-T-433","to":"gas-T-432","lengthM":17.12,"sizeMm":50,"diameterIn":2.0,"nominalLabel":"2\" PE","material":"PE SDR11","depthM":1.0,"pressureKPa":414.0,"pressureTier":"mp","customers":8,"designM3h":26.392,"roadEdge":94}},{"type":"Feature","id":"gas-E180","geometry":{"type":"LineString","coordinates":[[-78.9358753,43.868505],[-78.9359524,43.8686808]]},"properties":{"kind":"distribution","tier":"distribution","placement":"underground","from":"gas-T-354","to":"gas-T-353","lengthM":20.53,"sizeMm":100,"diameterIn":3.9,"nominalLabel":"4\" cast iron (lined)","material":"cast iron","depthM":1.0,"pressureKPa":1.74,"pressureTier":"lp","customers":9,"designM3h":19.155,"roadEdge":76}},{"type":"Feature","id":"gas-E181","geometry":{"type":"LineString","coordinates":[[-78.935663,43.8684189],[-78.9352072,43.8685264]]},"properties":{"kind":"distribution","tier":"distribution","placement":"underground","from":"gas-T-390","to":"gas-T-383","lengthM":38.49,"sizeMm":100,"diameterIn":3.9,"nominalLabel":"4\" cast iron (lined)","material":"cast iron","depthM":1.0,"pressureKPa":1.74,"pressureTier":"lp","customers":14,"designM3h":39.037,"roadEdge":80}},{"type":"Feature","id":"gas-E182","geometry":{"type":"LineString","coordinates":[[-78.9374578,43.8690458],[-78.937633,43.8690481],[-78.9376727,43.8690385],[-78.9377717,43.8690163]]},"properties":{"kind":"distribution","tier":"distribution","placement":"underground","from":"gas-J-41","to":"gas-T-283","lengthM":25.74,"sizeMm":200,"diameterIn":7.9,"nominalLabel":"8\" cast iron (lined)","material":"cast iron","depthM":1.0,"pressureKPa":1.74,"pressureTier":"lp","customers":91,"designM3h":241.723,"roadEdge":49}},{"type":"Feature","id":"gas-E183","geometry":{"type":"LineString","coordinates":[[-78.9374578,43.8690458],[-78.9375234,43.869197],[-78.9375325,43.8692178]]},"properties":{"kind":"distribution","tier":"distribution","placement":"underground","from":"gas-J-41","to":"gas-T-505","lengthM":20.06,"sizeMm":300,"diameterIn":11.8,"nominalLabel":"12\" cast iron (lined)","material":"cast iron","depthM":1.0,"pressureKPa":1.74,"pressureTier":"lp","customers":198,"designM3h":644.342,"roadEdge":56}},{"type":"Feature","id":"gas-E184","geometry":{"type":"LineString","coordinates":[[-78.9360782,43.8654471],[-78.9360216,43.8652813]]},"properties":{"kind":"distribution","tier":"distribution","placement":"underground","from":"gas-T-529","to":"gas-T-530","lengthM":19.01,"sizeMm":100,"diameterIn":3.9,"nominalLabel":"4\" cast iron (lined)","material":"cast iron","depthM":1.0,"pressureKPa":1.74,"pressureTier":"lp","customers":2,"designM3h":4.216,"roadEdge":71}},{"type":"Feature","id":"gas-E185","geometry":{"type":"LineString","coordinates":[[-78.9358702,43.8652751],[-78.9358246,43.8651456],[-78.9358123,43.8651078]]},"properties":{"kind":"distribution","tier":"distribution","placement":"underground","from":"gas-T-548","to":"gas-T-549","lengthM":19.19,"sizeMm":100,"diameterIn":3.9,"nominalLabel":"4\" cast iron (lined)","material":"cast iron","depthM":1.0,"pressureKPa":1.74,"pressureTier":"lp","customers":1,"designM3h":4.261,"roadEdge":74}},{"type":"Feature","id":"gas-E186","geometry":{"type":"LineString","coordinates":[[-78.9326504,43.8710903],[-78.9326889,43.8711771]]},"properties":{"kind":"distribution","tier":"distribution","placement":"underground","from":"gas-T-450","to":"gas-T-467","lengthM":10.15,"sizeMm":50,"diameterIn":2.0,"nominalLabel":"2\" PE","material":"PE SDR11","depthM":1.0,"pressureKPa":414.0,"pressureTier":"mp","customers":11,"designM3h":38.853,"roadEdge":95}},{"type":"Feature","id":"gas-E187","geometry":{"type":"LineString","coordinates":[[-78.9317446,43.8716075],[-78.9318076,43.8717512]]},"properties":{"kind":"distribution","tier":"distribution","placement":"underground","from":"gas-T-432","to":"gas-T-440","lengthM":16.77,"sizeMm":50,"diameterIn":2.0,"nominalLabel":"2\" PE","material":"PE SDR11","depthM":1.0,"pressureKPa":414.0,"pressureTier":"mp","customers":7,"designM3h":22.858,"roadEdge":94}},{"type":"Feature","id":"gas-E188","geometry":{"type":"LineString","coordinates":[[-78.9359524,43.8686808],[-78.9360331,43.868865]]},"properties":{"kind":"distribution","tier":"distribution","placement":"underground","from":"gas-T-353","to":"gas-T-359","lengthM":21.5,"sizeMm":100,"diameterIn":3.9,"nominalLabel":"4\" cast iron (lined)","material":"cast iron","depthM":1.0,"pressureKPa":1.74,"pressureTier":"lp","customers":8,"designM3h":16.786,"roadEdge":76}},{"type":"Feature","id":"gas-E189","geometry":{"type":"LineString","coordinates":[[-78.9352072,43.8685264],[-78.9352036,43.8685272]]},"properties":{"kind":"distribution","tier":"distribution","placement":"underground","from":"gas-T-383","to":"gas-T-391","lengthM":0.3,"sizeMm":100,"diameterIn":3.9,"nominalLabel":"4\" cast iron (lined)","material":"cast iron","depthM":1.0,"pressureKPa":1.74,"pressureTier":"lp","customers":13,"designM3h":36.806,"roadEdge":80}},{"type":"Feature","id":"gas-E190","geometry":{"type":"LineString","coordinates":[[-78.9377717,43.8690163],[-78.9379482,43.8689766],[-78.9380465,43.8689545]]},"properties":{"kind":"distribution","tier":"distribution","placement":"underground","from":"gas-T-283","to":"gas-T-284","lengthM":23.1,"sizeMm":200,"diameterIn":7.9,"nominalLabel":"8\" cast iron (lined)","material":"cast iron","depthM":1.0,"pressureKPa":1.74,"pressureTier":"lp","customers":90,"designM3h":240.16,"roadEdge":49}},{"type":"Feature","id":"gas-E191","geometry":{"type":"LineString","coordinates":[[-78.9375325,43.8692178],[-78.9375715,43.8693076],[-78.9377067,43.8696215]]},"properties":{"kind":"distribution","tier":"distribution","placement":"underground","from":"gas-T-505","to":"gas-T-506","lengthM":47.07,"sizeMm":300,"diameterIn":11.8,"nominalLabel":"12\" cast iron (lined)","material":"cast iron","depthM":1.0,"pressureKPa":1.74,"pressureTier":"lp","customers":197,"designM3h":641.716,"roadEdge":56}},{"type":"Feature","id":"gas-E192","geometry":{"type":"LineString","coordinates":[[-78.9360216,43.8652813],[-78.9359679,43.865124]]},"properties":{"kind":"distribution","tier":"distribution","placement":"underground","from":"gas-T-530","to":"gas-T-531","lengthM":18.03,"sizeMm":100,"diameterIn":3.9,"nominalLabel":"4\" cast iron (lined)","material":"cast iron","depthM":1.0,"pressureKPa":1.74,"pressureTier":"lp","customers":1,"designM3h":0.988,"roadEdge":71}},{"type":"Feature","id":"gas-E193","geometry":{"type":"LineString","coordinates":[[-78.9326889,43.8711771],[-78.9327119,43.8712292]]},"properties":{"kind":"distribution","tier":"distribution","placement":"underground","from":"gas-T-467","to":"gas-T-449","lengthM":6.08,"sizeMm":50,"diameterIn":2.0,"nominalLabel":"2\" PE","material":"PE SDR11","depthM":1.0,"pressureKPa":414.0,"pressureTier":"mp","customers":10,"designM3h":35.393,"roadEdge":95}},{"type":"Feature","id":"gas-E194","geometry":{"type":"LineString","coordinates":[[-78.9318076,43.8717512],[-78.93187,43.8718937]]},"properties":{"kind":"distribution","tier":"distribution","placement":"underground","from":"gas-T-440","to":"gas-T-439","lengthM":16.64,"sizeMm":50,"diameterIn":2.0,"nominalLabel":"2\" PE","material":"PE SDR11","depthM":1.0,"pressureKPa":414.0,"pressureTier":"mp","customers":6,"designM3h":20.615,"roadEdge":94}},{"type":"Feature","id":"gas-E195","geometry":{"type":"LineString","coordinates":[[-78.9360331,43.868865],[-78.9361048,43.8690287]]},"properties":{"kind":"distribution","tier":"distribution","placement":"underground","from":"gas-T-359","to":"gas-T-358","lengthM":19.12,"sizeMm":100,"diameterIn":3.9,"nominalLabel":"4\" cast iron (lined)","material":"cast iron","depthM":1.0,"pressureKPa":1.74,"pressureTier":"lp","customers":7,"designM3h":16.468,"roadEdge":76}},{"type":"Feature","id":"gas-E196","geometry":{"type":"LineString","coordinates":[[-78.9352036,43.8685272],[-78.9349849,43.8685788]]},"properties":{"kind":"distribution","tier":"distribution","placement":"underground","from":"gas-T-391","to":"gas-T-384","lengthM":18.46,"sizeMm":100,"diameterIn":3.9,"nominalLabel":"4\" cast iron (lined)","material":"cast iron","depthM":1.0,"pressureKPa":1.74,"pressureTier":"lp","customers":12,"designM3h":34.979,"roadEdge":80}},{"type":"Feature","id":"gas-E197","geometry":{"type":"LineString","coordinates":[[-78.9380465,43.8689545],[-78.9380756,43.8689479],[-78.9388054,43.8687835]]},"properties":{"kind":"distribution","tier":"distribution","placement":"underground","from":"gas-T-284","to":"gas-J-35","lengthM":63.8,"sizeMm":200,"diameterIn":7.9,"nominalLabel":"8\" cast iron (lined)","material":"cast iron","depthM":1.0,"pressureKPa":1.74,"pressureTier":"lp","customers":89,"designM3h":236.874,"roadEdge":49}},{"type":"Feature","id":"gas-E198","geometry":{"type":"LineString","coordinates":[[-78.9377067,43.8696215],[-78.9377142,43.869639],[-78.9377821,43.8697966]]},"properties":{"kind":"distribution","tier":"distribution","placement":"underground","from":"gas-T-506","to":"gas-J-40","lengthM":20.4,"sizeMm":300,"diameterIn":11.8,"nominalLabel":"12\" cast iron (lined)","material":"cast iron","depthM":1.0,"pressureKPa":1.74,"pressureTier":"lp","customers":196,"designM3h":636.129,"roadEdge":56}},{"type":"Feature","id":"gas-E199","geometry":{"type":"LineString","coordinates":[[-78.9327119,43.8712292],[-78.9327555,43.8713276]]},"properties":{"kind":"distribution","tier":"distribution","placement":"underground","from":"gas-T-449","to":"gas-T-466","lengthM":11.5,"sizeMm":50,"diameterIn":2.0,"nominalLabel":"2\" PE","material":"PE SDR11","depthM":1.0,"pressureKPa":414.0,"pressureTier":"mp","customers":9,"designM3h":32.206,"roadEdge":95}},{"type":"Feature","id":"gas-E200","geometry":{"type":"LineString","coordinates":[[-78.93187,43.8718937],[-78.9319317,43.8720345]]},"properties":{"kind":"distribution","tier":"distribution","placement":"underground","from":"gas-T-439","to":"gas-T-438","lengthM":16.44,"sizeMm":50,"diameterIn":2.0,"nominalLabel":"2\" PE","material":"PE SDR11","depthM":1.0,"pressureKPa":414.0,"pressureTier":"mp","customers":5,"designM3h":16.623,"roadEdge":94}},{"type":"Feature","id":"gas-E201","geometry":{"type":"LineString","coordinates":[[-78.9361048,43.8690287],[-78.9361102,43.869041]]},"properties":{"kind":"distribution","tier":"distribution","placement":"underground","from":"gas-T-358","to":"gas-T-352","lengthM":1.44,"sizeMm":100,"diameterIn":3.9,"nominalLabel":"4\" cast iron (lined)","material":"cast iron","depthM":1.0,"pressureKPa":1.74,"pressureTier":"lp","customers":6,"designM3h":14.043,"roadEdge":76}},{"type":"Feature","id":"gas-E202","geometry":{"type":"LineString","coordinates":[[-78.9349849,43.8685788],[-78.9349763,43.8685808]]},"properties":{"kind":"distribution","tier":"distribution","placement":"underground","from":"gas-T-384","to":"gas-T-392","lengthM":0.72,"sizeMm":100,"diameterIn":3.9,"nominalLabel":"4\" cast iron (lined)","material":"cast iron","depthM":1.0,"pressureKPa":1.74,"pressureTier":"lp","customers":11,"designM3h":31.285,"roadEdge":80}},{"type":"Feature","id":"gas-E203","geometry":{"type":"LineString","coordinates":[[-78.9388054,43.8687835],[-78.9390365,43.8687323]]},"properties":{"kind":"distribution","tier":"distribution","placement":"underground","from":"gas-J-35","to":"gas-T-227","lengthM":19.4,"sizeMm":150,"diameterIn":5.9,"nominalLabel":"6\" cast iron (lined)","material":"cast iron","depthM":1.0,"pressureKPa":1.74,"pressureTier":"lp","customers":61,"designM3h":171.088,"roadEdge":40}},{"type":"Feature","id":"gas-E204","geometry":{"type":"LineString","coordinates":[[-78.9388054,43.8687835],[-78.9388154,43.8686664],[-78.9387796,43.86858]]},"properties":{"kind":"distribution","tier":"distribution","placement":"underground","from":"gas-J-35","to":"gas-T-258","lengthM":23.1,"sizeMm":100,"diameterIn":3.9,"nominalLabel":"4\" cast iron (lined)","material":"cast iron","depthM":1.0,"pressureKPa":1.74,"pressureTier":"lp","customers":20,"designM3h":51.848,"roadEdge":41}},{"type":"Feature","id":"gas-E205","geometry":{"type":"LineString","coordinates":[[-78.9388054,43.8687835],[-78.9387561,43.868804],[-78.9387708,43.8688371],[-78.938808,43.8689244]]},"properties":{"kind":"distribution","tier":"distribution","placement":"underground","from":"gas-J-35","to":"gas-T-276","lengthM":18.61,"sizeMm":100,"diameterIn":3.9,"nominalLabel":"4\" cast iron (lined)","material":"cast iron","depthM":1.0,"pressureKPa":1.74,"pressureTier":"lp","customers":8,"designM3h":27.248,"roadEdge":47}},{"type":"Feature","id":"gas-E206","geometry":{"type":"LineString","coordinates":[[-78.9377821,43.8697966],[-78.9377458,43.8698469],[-78.937721,43.8698525],[-78.9375728,43.8698924],[-78.9375278,43.8699045],[-78.9373796,43.8699351],[-78.9373725,43.8699366]]},"properties":{"kind":"distribution","tier":"distribution","placement":"underground","from":"gas-J-40","to":"gas-T-306","lengthM":37.91,"sizeMm":150,"diameterIn":5.9,"nominalLabel":"6\" cast iron (lined)","material":"cast iron","depthM":1.0,"pressureKPa":1.74,"pressureTier":"lp","customers":32,"designM3h":99.194,"roadEdge":57}},{"type":"Feature","id":"gas-E207","geometry":{"type":"LineString","coordinates":[[-78.9377821,43.8697966],[-78.9378485,43.8699362],[-78.9378652,43.8699754]]},"properties":{"kind":"distribution","tier":"distribution","placement":"underground","from":"gas-J-40","to":"gas-T-504","lengthM":20.99,"sizeMm":300,"diameterIn":11.8,"nominalLabel":"12\" cast iron (lined)","material":"cast iron","depthM":1.0,"pressureKPa":1.74,"pressureTier":"lp","customers":164,"designM3h":549.207,"roadEdge":55}},{"type":"Feature","id":"gas-E208","geometry":{"type":"LineString","coordinates":[[-78.9327555,43.8713276],[-78.932773,43.871367]]},"properties":{"kind":"distribution","tier":"distribution","placement":"underground","from":"gas-T-466","to":"gas-T-448","lengthM":4.61,"sizeMm":50,"diameterIn":2.0,"nominalLabel":"2\" PE","material":"PE SDR11","depthM":1.0,"pressureKPa":414.0,"pressureTier":"mp","customers":8,"designM3h":28.814,"roadEdge":95}},{"type":"Feature","id":"gas-E209","geometry":{"type":"LineString","coordinates":[[-78.9319317,43.8720345],[-78.9319939,43.8721765]]},"properties":{"kind":"distribution","tier":"distribution","placement":"underground","from":"gas-T-438","to":"gas-T-437","lengthM":16.58,"sizeMm":50,"diameterIn":2.0,"nominalLabel":"2\" PE","material":"PE SDR11","depthM":1.0,"pressureKPa":414.0,"pressureTier":"mp","customers":4,"designM3h":14.578,"roadEdge":94}},{"type":"Feature","id":"gas-E210","geometry":{"type":"LineString","coordinates":[[-78.9361102,43.869041],[-78.9361824,43.8692057]]},"properties":{"kind":"distribution","tier":"distribution","placement":"underground","from":"gas-T-352","to":"gas-T-357","lengthM":19.23,"sizeMm":100,"diameterIn":3.9,"nominalLabel":"4\" cast iron (lined)","material":"cast iron","depthM":1.0,"pressureKPa":1.74,"pressureTier":"lp","customers":5,"designM3h":10.205,"roadEdge":76}},{"type":"Feature","id":"gas-E211","geometry":{"type":"LineString","coordinates":[[-78.9349763,43.8685808],[-78.9347977,43.8686229],[-78.9347219,43.8686395],[-78.9348178,43.8688741]]},"properties":{"kind":"distribution","tier":"distribution","placement":"underground","from":"gas-T-392","to":"gas-T-393","lengthM":48.67,"sizeMm":100,"diameterIn":3.9,"nominalLabel":"4\" cast iron (lined)","material":"cast iron","depthM":1.0,"pressureKPa":1.74,"pressureTier":"lp","customers":10,"designM3h":28.781,"roadEdge":80}},{"type":"Feature","id":"gas-E212","geometry":{"type":"LineString","coordinates":[[-78.9390365,43.8687323],[-78.939291,43.8686758]]},"properties":{"kind":"distribution","tier":"distribution","placement":"underground","from":"gas-T-227","to":"gas-T-226","lengthM":21.37,"sizeMm":150,"diameterIn":5.9,"nominalLabel":"6\" cast iron (lined)","material":"cast iron","depthM":1.0,"pressureKPa":1.74,"pressureTier":"lp","customers":60,"designM3h":168.873,"roadEdge":40}},{"type":"Feature","id":"gas-E213","geometry":{"type":"LineString","coordinates":[[-78.9387796,43.86858],[-78.938711,43.8684146]]},"properties":{"kind":"distribution","tier":"distribution","placement":"underground","from":"gas-T-258","to":"gas-T-257","lengthM":19.22,"sizeMm":100,"diameterIn":3.9,"nominalLabel":"4\" cast iron (lined)","material":"cast iron","depthM":1.0,"pressureKPa":1.74,"pressureTier":"lp","customers":19,"designM3h":49.935,"roadEdge":41}},{"type":"Feature","id":"gas-E214","geometry":{"type":"LineString","coordinates":[[-78.938808,43.8689244],[-78.9389467,43.86925]]},"properties":{"kind":"distribution","tier":"distribution","placement":"underground","from":"gas-T-276","to":"gas-T-279","lengthM":37.91,"sizeMm":100,"diameterIn":3.9,"nominalLabel":"4\" cast iron (lined)","material":"cast iron","depthM":1.0,"pressureKPa":1.74,"pressureTier":"lp","customers":7,"designM3h":25.111,"roadEdge":47}},{"type":"Feature","id":"gas-E215","geometry":{"type":"LineString","coordinates":[[-78.9373725,43.8699366],[-78.9371186,43.8699929]]},"properties":{"kind":"distribution","tier":"distribution","placement":"underground","from":"gas-T-306","to":"gas-T-307","lengthM":21.32,"sizeMm":150,"diameterIn":5.9,"nominalLabel":"6\" cast iron (lined)","material":"cast iron","depthM":1.0,"pressureKPa":1.74,"pressureTier":"lp","customers":31,"designM3h":96.946,"roadEdge":57}},{"type":"Feature","id":"gas-E216","geometry":{"type":"LineString","coordinates":[[-78.9378652,43.8699754],[-78.9378813,43.870013],[-78.9379501,43.8701739]]},"properties":{"kind":"distribution","tier":"distribution","placement":"underground","from":"gas-T-504","to":"gas-T-503","lengthM":23.13,"sizeMm":300,"diameterIn":11.8,"nominalLabel":"12\" cast iron (lined)","material":"cast iron","depthM":1.0,"pressureKPa":1.74,"pressureTier":"lp","customers":163,"designM3h":548.829,"roadEdge":55}},{"type":"Feature","id":"gas-E217","geometry":{"type":"LineString","coordinates":[[-78.932773,43.871367],[-78.9328199,43.871473]]},"properties":{"kind":"distribution","tier":"distribution","placement":"underground","from":"gas-T-448","to":"gas-T-465","lengthM":12.39,"sizeMm":50,"diameterIn":2.0,"nominalLabel":"2\" PE","material":"PE SDR11","depthM":1.0,"pressureKPa":414.0,"pressureTier":"mp","customers":7,"designM3h":25.07,"roadEdge":95}},{"type":"Feature","id":"gas-E218","geometry":{"type":"LineString","coordinates":[[-78.9319939,43.8721765],[-78.9320582,43.872323]]},"properties":{"kind":"distribution","tier":"distribution","placement":"underground","from":"gas-T-437","to":"gas-T-436","lengthM":17.11,"sizeMm":50,"diameterIn":2.0,"nominalLabel":"2\" PE","material":"PE SDR11","depthM":1.0,"pressureKPa":414.0,"pressureTier":"mp","customers":3,"designM3h":12.005,"roadEdge":94}},{"type":"Feature","id":"gas-E219","geometry":{"type":"LineString","coordinates":[[-78.9361824,43.8692057],[-78.9361862,43.8692144]]},"properties":{"kind":"distribution","tier":"distribution","placement":"underground","from":"gas-T-357","to":"gas-T-351","lengthM":1.01,"sizeMm":100,"diameterIn":3.9,"nominalLabel":"4\" cast iron (lined)","material":"cast iron","depthM":1.0,"pressureKPa":1.74,"pressureTier":"lp","customers":4,"designM3h":7.125,"roadEdge":76}},{"type":"Feature","id":"gas-E220","geometry":{"type":"LineString","coordinates":[[-78.9348178,43.8688741],[-78.9348822,43.8690319]]},"properties":{"kind":"distribution","tier":"distribution","placement":"underground","from":"gas-T-393","to":"gas-T-385","lengthM":18.3,"sizeMm":100,"diameterIn":3.9,"nominalLabel":"4\" cast iron (lined)","material":"cast iron","depthM":1.0,"pressureKPa":1.74,"pressureTier":"lp","customers":9,"designM3h":26.514,"roadEdge":80}},{"type":"Feature","id":"gas-E221","geometry":{"type":"LineString","coordinates":[[-78.939291,43.8686758],[-78.9394435,43.868642],[-78.9395534,43.8686155]]},"properties":{"kind":"distribution","tier":"distribution","placement":"underground","from":"gas-T-226","to":"gas-T-225","lengthM":22.1,"sizeMm":150,"diameterIn":5.9,"nominalLabel":"6\" cast iron (lined)","material":"cast iron","depthM":1.0,"pressureKPa":1.74,"pressureTier":"lp","customers":59,"designM3h":166.725,"roadEdge":40}},{"type":"Feature","id":"gas-E222","geometry":{"type":"LineString","coordinates":[[-78.938711,43.8684146],[-78.9386464,43.868259]]},"properties":{"kind":"distribution","tier":"distribution","placement":"underground","from":"gas-T-257","to":"gas-T-243","lengthM":18.08,"sizeMm":100,"diameterIn":3.9,"nominalLabel":"4\" cast iron (lined)","material":"cast iron","depthM":1.0,"pressureKPa":1.74,"pressureTier":"lp","customers":18,"designM3h":47.672,"roadEdge":41}},{"type":"Feature","id":"gas-E223","geometry":{"type":"LineString","coordinates":[[-78.9389467,43.86925],[-78.9389481,43.8692533]]},"properties":{"kind":"distribution","tier":"distribution","placement":"underground","from":"gas-T-279","to":"gas-T-275","lengthM":0.39,"sizeMm":100,"diameterIn":3.9,"nominalLabel":"4\" cast iron (lined)","material":"cast iron","depthM":1.0,"pressureKPa":1.74,"pressureTier":"lp","customers":6,"designM3h":23.074,"roadEdge":47}},{"type":"Feature","id":"gas-E224","geometry":{"type":"LineString","coordinates":[[-78.9371186,43.8699929],[-78.9371024,43.8699965]]},"properties":{"kind":"distribution","tier":"distribution","placement":"underground","from":"gas-T-307","to":"gas-T-309","lengthM":1.36,"sizeMm":150,"diameterIn":5.9,"nominalLabel":"6\" cast iron (lined)","material":"cast iron","depthM":1.0,"pressureKPa":1.74,"pressureTier":"lp","customers":30,"designM3h":93.488,"roadEdge":57}},{"type":"Feature","id":"gas-E225","geometry":{"type":"LineString","coordinates":[[-78.9379501,43.8701739],[-78.9380286,43.8703576]]},"properties":{"kind":"distribution","tier":"distribution","placement":"underground","from":"gas-T-503","to":"gas-J-39","lengthM":21.39,"sizeMm":300,"diameterIn":11.8,"nominalLabel":"12\" cast iron (lined)","material":"cast iron","depthM":1.0,"pressureKPa":1.74,"pressureTier":"lp","customers":162,"designM3h":547.941,"roadEdge":55}},{"type":"Feature","id":"gas-E226","geometry":{"type":"LineString","coordinates":[[-78.9328199,43.871473],[-78.9328392,43.8715165]]},"properties":{"kind":"distribution","tier":"distribution","placement":"underground","from":"gas-T-465","to":"gas-T-447","lengthM":5.08,"sizeMm":50,"diameterIn":2.0,"nominalLabel":"2\" PE","material":"PE SDR11","depthM":1.0,"pressureKPa":414.0,"pressureTier":"mp","customers":6,"designM3h":21.743,"roadEdge":95}},{"type":"Feature","id":"gas-E227","geometry":{"type":"LineString","coordinates":[[-78.9320582,43.872323],[-78.9321232,43.8724715]]},"properties":{"kind":"distribution","tier":"distribution","placement":"underground","from":"gas-T-436","to":"gas-J-68","lengthM":17.34,"sizeMm":50,"diameterIn":2.0,"nominalLabel":"2\" PE","material":"PE SDR11","depthM":1.0,"pressureKPa":414.0,"pressureTier":"mp","customers":2,"designM3h":7.542,"roadEdge":94}},{"type":"Feature","id":"gas-E228","geometry":{"type":"LineString","coordinates":[[-78.9361862,43.8692144],[-78.9362602,43.8693834]]},"properties":{"kind":"distribution","tier":"distribution","placement":"underground","from":"gas-T-351","to":"gas-T-350","lengthM":19.73,"sizeMm":100,"diameterIn":3.9,"nominalLabel":"4\" cast iron (lined)","material":"cast iron","depthM":1.0,"pressureKPa":1.74,"pressureTier":"lp","customers":3,"designM3h":6.783,"roadEdge":76}},{"type":"Feature","id":"gas-E229","geometry":{"type":"LineString","coordinates":[[-78.9348822,43.8690319],[-78.9348886,43.8690474]]},"properties":{"kind":"distribution","tier":"distribution","placement":"underground","from":"gas-T-385","to":"gas-T-394","lengthM":1.81,"sizeMm":100,"diameterIn":3.9,"nominalLabel":"4\" cast iron (lined)","material":"cast iron","depthM":1.0,"pressureKPa":1.74,"pressureTier":"lp","customers":8,"designM3h":24.52,"roadEdge":80}},{"type":"Feature","id":"gas-E230","geometry":{"type":"LineString","coordinates":[[-78.9395534,43.8686155],[-78.9398003,43.8685562]]},"properties":{"kind":"distribution","tier":"distribution","placement":"underground","from":"gas-T-225","to":"gas-T-224","lengthM":20.89,"sizeMm":150,"diameterIn":5.9,"nominalLabel":"6\" cast iron (lined)","material":"cast iron","depthM":1.0,"pressureKPa":1.74,"pressureTier":"lp","customers":58,"designM3h":164.563,"roadEdge":40}},{"type":"Feature","id":"gas-E231","geometry":{"type":"LineString","coordinates":[[-78.9386464,43.868259],[-78.9386426,43.8682497]]},"properties":{"kind":"distribution","tier":"distribution","placement":"underground","from":"gas-T-243","to":"gas-T-256","lengthM":1.08,"sizeMm":100,"diameterIn":3.9,"nominalLabel":"4\" cast iron (lined)","material":"cast iron","depthM":1.0,"pressureKPa":1.74,"pressureTier":"lp","customers":17,"designM3h":45.364,"roadEdge":41}},{"type":"Feature","id":"gas-E232","geometry":{"type":"LineString","coordinates":[[-78.9389481,43.8692533],[-78.9390146,43.8694093]]},"properties":{"kind":"distribution","tier":"distribution","placement":"underground","from":"gas-T-275","to":"gas-T-278","lengthM":18.17,"sizeMm":100,"diameterIn":3.9,"nominalLabel":"4\" cast iron (lined)","material":"cast iron","depthM":1.0,"pressureKPa":1.74,"pressureTier":"lp","customers":5,"designM3h":21.012,"roadEdge":47}},{"type":"Feature","id":"gas-E233","geometry":{"type":"LineString","coordinates":[[-78.9371024,43.8699965],[-78.9368687,43.8700482]]},"properties":{"kind":"distribution","tier":"distribution","placement":"underground","from":"gas-T-309","to":"gas-T-308","lengthM":19.62,"sizeMm":150,"diameterIn":5.9,"nominalLabel":"6\" cast iron (lined)","material":"cast iron","depthM":1.0,"pressureKPa":1.74,"pressureTier":"lp","customers":29,"designM3h":89.776,"roadEdge":57}},{"type":"Feature","id":"gas-E234","geometry":{"type":"LineString","coordinates":[[-78.9380286,43.8703576],[-78.9381644,43.8706631]]},"properties":{"kind":"distribution","tier":"distribution","placement":"underground","from":"gas-J-39","to":"gas-J-38","lengthM":35.72,"sizeMm":200,"diameterIn":7.9,"nominalLabel":"8\" cast iron (lined)","material":"cast iron","depthM":1.0,"pressureKPa":1.74,"pressureTier":"lp","customers":141,"designM3h":488.344,"roadEdge":53}},{"type":"Feature","id":"gas-E235","geometry":{"type":"LineString","coordinates":[[-78.9380286,43.8703576],[-78.9382248,43.8703547],[-78.9382514,43.8703485],[-78.9385142,43.8702904]]},"properties":{"kind":"distribution","tier":"distribution","placement":"underground","from":"gas-J-39","to":"gas-T-282","lengthM":40.06,"sizeMm":100,"diameterIn":3.9,"nominalLabel":"4\" cast iron (lined)","material":"cast iron","depthM":1.0,"pressureKPa":1.74,"pressureTier":"lp","customers":21,"designM3h":70.187,"roadEdge":48}},{"type":"Feature","id":"gas-E236","geometry":{"type":"LineString","coordinates":[[-78.9328392,43.8715165],[-78.93288,43.8716087]]},"properties":{"kind":"distribution","tier":"distribution","placement":"underground","from":"gas-T-447","to":"gas-T-464","lengthM":10.78,"sizeMm":50,"diameterIn":2.0,"nominalLabel":"2\" PE","material":"PE SDR11","depthM":1.0,"pressureKPa":414.0,"pressureTier":"mp","customers":5,"designM3h":17.658,"roadEdge":95}},{"type":"Feature","id":"gas-E237","geometry":{"type":"LineString","coordinates":[[-78.9321232,43.8724715],[-78.9322673,43.8724],[-78.9322958,43.8723934],[-78.9327645,43.8722854]]},"properties":{"kind":"distribution","tier":"distribution","placement":"underground","from":"gas-J-68","to":"gas-T-460","lengthM":55.93,"sizeMm":50,"diameterIn":2.0,"nominalLabel":"2\" PE","material":"PE SDR11","depthM":1.0,"pressureKPa":414.0,"pressureTier":"mp","customers":2,"designM3h":7.542,"roadEdge":95}},{"type":"Feature","id":"gas-E238","geometry":{"type":"LineString","coordinates":[[-78.9362602,43.8693834],[-78.9362621,43.8693877]]},"properties":{"kind":"distribution","tier":"distribution","placement":"underground","from":"gas-T-350","to":"gas-T-356","lengthM":0.51,"sizeMm":100,"diameterIn":3.9,"nominalLabel":"4\" cast iron (lined)","material":"cast iron","depthM":1.0,"pressureKPa":1.74,"pressureTier":"lp","customers":2,"designM3h":4.095,"roadEdge":76}},{"type":"Feature","id":"gas-E239","geometry":{"type":"LineString","coordinates":[[-78.9348886,43.8690474],[-78.9348928,43.8690577],[-78.9349504,43.8691877]]},"properties":{"kind":"distribution","tier":"distribution","placement":"underground","from":"gas-T-394","to":"gas-T-386","lengthM":16.39,"sizeMm":100,"diameterIn":3.9,"nominalLabel":"4\" cast iron (lined)","material":"cast iron","depthM":1.0,"pressureKPa":1.74,"pressureTier":"lp","customers":7,"designM3h":22.336,"roadEdge":80}},{"type":"Feature","id":"gas-E240","geometry":{"type":"LineString","coordinates":[[-78.9398003,43.8685562],[-78.9400254,43.868502]]},"properties":{"kind":"distribution","tier":"distribution","placement":"underground","from":"gas-T-224","to":"gas-J-30","lengthM":19.04,"sizeMm":150,"diameterIn":5.9,"nominalLabel":"6\" cast iron (lined)","material":"cast iron","depthM":1.0,"pressureKPa":1.74,"pressureTier":"lp","customers":57,"designM3h":162.457,"roadEdge":40}},{"type":"Feature","id":"gas-E241","geometry":{"type":"LineString","coordinates":[[-78.9386426,43.8682497],[-78.9385803,43.8680996]]},"properties":{"kind":"distribution","tier":"distribution","placement":"underground","from":"gas-T-256","to":"gas-T-242","lengthM":17.44,"sizeMm":100,"diameterIn":3.9,"nominalLabel":"4\" cast iron (lined)","material":"cast iron","depthM":1.0,"pressureKPa":1.74,"pressureTier":"lp","customers":16,"designM3h":43.151,"roadEdge":41}},{"type":"Feature","id":"gas-E242","geometry":{"type":"LineString","coordinates":[[-78.9390146,43.8694093],[-78.9390208,43.869424]]},"properties":{"kind":"distribution","tier":"distribution","placement":"underground","from":"gas-T-278","to":"gas-T-274","lengthM":1.71,"sizeMm":100,"diameterIn":3.9,"nominalLabel":"4\" cast iron (lined)","material":"cast iron","depthM":1.0,"pressureKPa":1.74,"pressureTier":"lp","customers":4,"designM3h":17.5,"roadEdge":47}},{"type":"Feature","id":"gas-E243","geometry":{"type":"LineString","coordinates":[[-78.9368687,43.8700482],[-78.9368578,43.8700506]]},"properties":{"kind":"distribution","tier":"distribution","placement":"underground","from":"gas-T-308","to":"gas-T-310","lengthM":0.91,"sizeMm":150,"diameterIn":5.9,"nominalLabel":"6\" cast iron (lined)","material":"cast iron","depthM":1.0,"pressureKPa":1.74,"pressureTier":"lp","customers":28,"designM3h":87.433,"roadEdge":57}},{"type":"Feature","id":"gas-E244","geometry":{"type":"LineString","coordinates":[[-78.9381644,43.8706631],[-78.9381305,43.8707141],[-78.9380957,43.8707223],[-78.9378372,43.8707803]]},"properties":{"kind":"distribution","tier":"distribution","placement":"underground","from":"gas-J-38","to":"gas-T-299","lengthM":30.95,"sizeMm":100,"diameterIn":3.9,"nominalLabel":"4\" cast iron (lined)","material":"cast iron","depthM":1.0,"pressureKPa":1.74,"pressureTier":"lp","customers":22,"designM3h":76.702,"roadEdge":54}},{"type":"Feature","id":"gas-E245","geometry":{"type":"LineString","coordinates":[[-78.9381644,43.8706631],[-78.9382308,43.8708269]]},"properties":{"kind":"distribution","tier":"distribution","placement":"underground","from":"gas-J-38","to":"gas-T-502","lengthM":18.99,"sizeMm":200,"diameterIn":7.9,"nominalLabel":"8\" cast iron (lined)","material":"cast iron","depthM":1.0,"pressureKPa":1.74,"pressureTier":"lp","customers":119,"designM3h":422.683,"roadEdge":50}},{"type":"Feature","id":"gas-E246","geometry":{"type":"LineString","coordinates":[[-78.9385142,43.8702904],[-78.9385246,43.8702881]]},"properties":{"kind":"distribution","tier":"distribution","placement":"underground","from":"gas-T-282","to":"gas-T-280","lengthM":0.87,"sizeMm":100,"diameterIn":3.9,"nominalLabel":"4\" cast iron (lined)","material":"cast iron","depthM":1.0,"pressureKPa":1.74,"pressureTier":"lp","customers":20,"designM3h":67.693,"roadEdge":48}},{"type":"Feature","id":"gas-E247","geometry":{"type":"LineString","coordinates":[[-78.93288,43.8716087],[-78.9329411,43.8717466]]},"properties":{"kind":"distribution","tier":"distribution","placement":"underground","from":"gas-T-464","to":"gas-T-463","lengthM":16.11,"sizeMm":50,"diameterIn":2.0,"nominalLabel":"2\" PE","material":"PE SDR11","depthM":1.0,"pressureKPa":414.0,"pressureTier":"mp","customers":4,"designM3h":15.478,"roadEdge":95}},{"type":"Feature","id":"gas-E248","geometry":{"type":"LineString","coordinates":[[-78.9327645,43.8722854],[-78.9327669,43.8722849]]},"properties":{"kind":"distribution","tier":"distribution","placement":"underground","from":"gas-T-460","to":"gas-T-445","lengthM":0.2,"sizeMm":50,"diameterIn":2.0,"nominalLabel":"2\" PE","material":"PE SDR11","depthM":1.0,"pressureKPa":414.0,"pressureTier":"mp","customers":1,"designM3h":4.082,"roadEdge":95}},{"type":"Feature","id":"gas-E249","geometry":{"type":"LineString","coordinates":[[-78.9362621,43.8693877],[-78.9363362,43.8695568]]},"properties":{"kind":"distribution","tier":"distribution","placement":"underground","from":"gas-T-356","to":"gas-T-355","lengthM":19.74,"sizeMm":100,"diameterIn":3.9,"nominalLabel":"4\" cast iron (lined)","material":"cast iron","depthM":1.0,"pressureKPa":1.74,"pressureTier":"lp","customers":1,"designM3h":3.898,"roadEdge":76}},{"type":"Feature","id":"gas-E250","geometry":{"type":"LineString","coordinates":[[-78.9349504,43.8691877],[-78.9350231,43.8693518]]},"properties":{"kind":"distribution","tier":"distribution","placement":"underground","from":"gas-T-386","to":"gas-T-387","lengthM":19.17,"sizeMm":100,"diameterIn":3.9,"nominalLabel":"4\" cast iron (lined)","material":"cast iron","depthM":1.0,"pressureKPa":1.74,"pressureTier":"lp","customers":6,"designM3h":20.172,"roadEdge":80}},{"type":"Feature","id":"gas-E251","geometry":{"type":"LineString","coordinates":[[-78.9400254,43.868502],[-78.940244,43.868451]]},"properties":{"kind":"distribution","tier":"distribution","placement":"underground","from":"gas-J-30","to":"gas-T-186","lengthM":18.44,"sizeMm":150,"diameterIn":5.9,"nominalLabel":"6\" cast iron (lined)","material":"cast iron","depthM":1.0,"pressureKPa":1.74,"pressureTier":"lp","customers":30,"designM3h":93.679,"roadEdge":32}},{"type":"Feature","id":"gas-E252","geometry":{"type":"LineString","coordinates":[[-78.9400254,43.868502],[-78.9399788,43.8685339],[-78.9400197,43.8686264]]},"properties":{"kind":"distribution","tier":"distribution","placement":"underground","from":"gas-J-30","to":"gas-T-213","lengthM":15.96,"sizeMm":100,"diameterIn":3.9,"nominalLabel":"4\" cast iron (lined)","material":"cast iron","depthM":1.0,"pressureKPa":1.74,"pressureTier":"lp","customers":16,"designM3h":49.7,"roadEdge":38}},{"type":"Feature","id":"gas-E253","geometry":{"type":"LineString","coordinates":[[-78.9400254,43.868502],[-78.9397486,43.8680019]]},"properties":{"kind":"distribution","tier":"distribution","placement":"underground","from":"gas-J-30","to":"gas-T-228","lengthM":59.94,"sizeMm":100,"diameterIn":3.9,"nominalLabel":"4\" cast iron (lined)","material":"cast iron","depthM":1.0,"pressureKPa":1.74,"pressureTier":"lp","customers":11,"designM3h":31.861,"roadEdge":41}},{"type":"Feature","id":"gas-E254","geometry":{"type":"LineString","coordinates":[[-78.9385803,43.8680996],[-78.9385802,43.8680994]]},"properties":{"kind":"distribution","tier":"distribution","placement":"underground","from":"gas-T-242","to":"gas-T-255","lengthM":0.03,"sizeMm":100,"diameterIn":3.9,"nominalLabel":"4\" cast iron (lined)","material":"cast iron","depthM":1.0,"pressureKPa":1.74,"pressureTier":"lp","customers":15,"designM3h":41.096,"roadEdge":41}},{"type":"Feature","id":"gas-E255","geometry":{"type":"LineString","coordinates":[[-78.9390208,43.869424],[-78.9390866,43.8695784]]},"properties":{"kind":"distribution","tier":"distribution","placement":"underground","from":"gas-T-274","to":"gas-T-277","lengthM":17.98,"sizeMm":100,"diameterIn":3.9,"nominalLabel":"4\" cast iron (lined)","material":"cast iron","depthM":1.0,"pressureKPa":1.74,"pressureTier":"lp","customers":3,"designM3h":13.467,"roadEdge":47}},{"type":"Feature","id":"gas-E256","geometry":{"type":"LineString","coordinates":[[-78.9368578,43.8700506],[-78.936743,43.8700761],[-78.9366298,43.8701001]]},"properties":{"kind":"distribution","tier":"distribution","placement":"underground","from":"gas-T-310","to":"gas-J-51","lengthM":19.11,"sizeMm":150,"diameterIn":5.9,"nominalLabel":"6\" cast iron (lined)","material":"cast iron","depthM":1.0,"pressureKPa":1.74,"pressureTier":"lp","customers":27,"designM3h":85.235,"roadEdge":57}},{"type":"Feature","id":"gas-E257","geometry":{"type":"LineString","coordinates":[[-78.9378372,43.8707803],[-78.9378194,43.8707843]]},"properties":{"kind":"distribution","tier":"distribution","placement":"underground","from":"gas-T-299","to":"gas-T-303","lengthM":1.49,"sizeMm":100,"diameterIn":3.9,"nominalLabel":"4\" cast iron (lined)","material":"cast iron","depthM":1.0,"pressureKPa":1.74,"pressureTier":"lp","customers":21,"designM3h":74.679,"roadEdge":54}},{"type":"Feature","id":"gas-E258","geometry":{"type":"LineString","coordinates":[[-78.9382308,43.8708269],[-78.9382586,43.8708955],[-78.9383021,43.8710031],[-78.9385627,43.8715661],[-78.9385974,43.8716471]]},"properties":{"kind":"distribution","tier":"distribution","placement":"underground","from":"gas-T-502","to":"gas-J-36","lengthM":95.94,"sizeMm":200,"diameterIn":7.9,"nominalLabel":"8\" cast iron (lined)","material":"cast iron","depthM":1.0,"pressureKPa":1.74,"pressureTier":"lp","customers":118,"designM3h":420.26,"roadEdge":50}},{"type":"Feature","id":"gas-E259","geometry":{"type":"LineString","coordinates":[[-78.9385246,43.8702881],[-78.9386495,43.8702605],[-78.9387348,43.870242]]},"properties":{"kind":"distribution","tier":"distribution","placement":"underground","from":"gas-T-280","to":"gas-T-281","lengthM":17.63,"sizeMm":100,"diameterIn":3.9,"nominalLabel":"4\" cast iron (lined)","material":"cast iron","depthM":1.0,"pressureKPa":1.74,"pressureTier":"lp","customers":19,"designM3h":65.441,"roadEdge":48}},{"type":"Feature","id":"gas-E260","geometry":{"type":"LineString","coordinates":[[-78.9329411,43.8717466],[-78.933006,43.8718931]]},"properties":{"kind":"distribution","tier":"distribution","placement":"underground","from":"gas-T-463","to":"gas-T-462","lengthM":17.13,"sizeMm":50,"diameterIn":2.0,"nominalLabel":"2\" PE","material":"PE SDR11","depthM":1.0,"pressureKPa":414.0,"pressureTier":"mp","customers":3,"designM3h":11.618,"roadEdge":95}},{"type":"Feature","id":"gas-E261","geometry":{"type":"LineString","coordinates":[[-78.9350231,43.8693518],[-78.9350234,43.8693524]]},"properties":{"kind":"distribution","tier":"distribution","placement":"underground","from":"gas-T-387","to":"gas-T-395","lengthM":0.07,"sizeMm":100,"diameterIn":3.9,"nominalLabel":"4\" cast iron (lined)","material":"cast iron","depthM":1.0,"pressureKPa":1.74,"pressureTier":"lp","customers":5,"designM3h":17.983,"roadEdge":80}},{"type":"Feature","id":"gas-E262","geometry":{"type":"LineString","coordinates":[[-78.940244,43.868451],[-78.9402496,43.8684497]]},"properties":{"kind":"distribution","tier":"distribution","placement":"underground","from":"gas-T-186","to":"gas-T-188","lengthM":0.47,"sizeMm":150,"diameterIn":5.9,"nominalLabel":"6\" cast iron (lined)","material":"cast iron","depthM":1.0,"pressureKPa":1.74,"pressureTier":"lp","customers":29,"designM3h":89.845,"roadEdge":32}},{"type":"Feature","id":"gas-E263","geometry":{"type":"LineString","coordinates":[[-78.9400197,43.8686264],[-78.9400832,43.86877]]},"properties":{"kind":"distribution","tier":"distribution","placement":"underground","from":"gas-T-213","to":"gas-T-212","lengthM":16.78,"sizeMm":100,"diameterIn":3.9,"nominalLabel":"4\" cast iron (lined)","material":"cast iron","depthM":1.0,"pressureKPa":1.74,"pressureTier":"lp","customers":15,"designM3h":47.791,"roadEdge":38}},{"type":"Feature","id":"gas-E264","geometry":{"type":"LineString","coordinates":[[-78.9397486,43.8680019],[-78.9397456,43.8679949]]},"properties":{"kind":"distribution","tier":"distribution","placement":"underground","from":"gas-T-228","to":"gas-T-244","lengthM":0.83,"sizeMm":100,"diameterIn":3.9,"nominalLabel":"4\" cast iron (lined)","material":"cast iron","depthM":1.0,"pressureKPa":1.74,"pressureTier":"lp","customers":10,"designM3h":29.781,"roadEdge":41}},{"type":"Feature","id":"gas-E265","geometry":{"type":"LineString","coordinates":[[-78.9385802,43.8680994],[-78.9385165,43.8679458]]},"properties":{"kind":"distribution","tier":"distribution","placement":"underground","from":"gas-T-255","to":"gas-T-241","lengthM":17.85,"sizeMm":100,"diameterIn":3.9,"nominalLabel":"4\" cast iron (lined)","material":"cast iron","depthM":1.0,"pressureKPa":1.74,"pressureTier":"lp","customers":14,"designM3h":37.972,"roadEdge":41}},{"type":"Feature","id":"gas-E266","geometry":{"type":"LineString","coordinates":[[-78.9390866,43.8695784],[-78.9390921,43.8695913]]},"properties":{"kind":"distribution","tier":"distribution","placement":"underground","from":"gas-T-277","to":"gas-T-273","lengthM":1.5,"sizeMm":100,"diameterIn":3.9,"nominalLabel":"4\" cast iron (lined)","material":"cast iron","depthM":1.0,"pressureKPa":1.74,"pressureTier":"lp","customers":2,"designM3h":8.998,"roadEdge":47}},{"type":"Feature","id":"gas-E267","geometry":{"type":"LineString","coordinates":[[-78.9366298,43.8701001],[-78.9365909,43.8701427],[-78.9366881,43.8703603]]},"properties":{"kind":"distribution","tier":"distribution","placement":"underground","from":"gas-J-51","to":"gas-T-340","lengthM":31.13,"sizeMm":100,"diameterIn":3.9,"nominalLabel":"4\" cast iron (lined)","material":"cast iron","depthM":1.0,"pressureKPa":1.74,"pressureTier":"lp","customers":4,"designM3h":18.219,"roadEdge":66}},{"type":"Feature","id":"gas-E268","geometry":{"type":"LineString","coordinates":[[-78.9366298,43.8701001],[-78.9365278,43.8699947],[-78.9365215,43.8699796],[-78.936491,43.8699099]]},"properties":{"kind":"distribution","tier":"distribution","placement":"underground","from":"gas-J-51","to":"gas-T-348","lengthM":24.19,"sizeMm":100,"diameterIn":3.9,"nominalLabel":"4\" cast iron (lined)","material":"cast iron","depthM":1.0,"pressureKPa":1.74,"pressureTier":"lp","customers":2,"designM3h":6.885,"roadEdge":76}},{"type":"Feature","id":"gas-E269","geometry":{"type":"LineString","coordinates":[[-78.9366298,43.8701001],[-78.9360271,43.8702371]]},"properties":{"kind":"distribution","tier":"distribution","placement":"underground","from":"gas-J-51","to":"gas-T-362","lengthM":50.71,"sizeMm":100,"diameterIn":3.9,"nominalLabel":"4\" cast iron (lined)","material":"cast iron","depthM":1.0,"pressureKPa":1.74,"pressureTier":"lp","customers":21,"designM3h":67.367,"roadEdge":77}},{"type":"Feature","id":"gas-E270","geometry":{"type":"LineString","coordinates":[[-78.9378194,43.8707843],[-78.937626,43.8708277]]},"properties":{"kind":"distribution","tier":"distribution","placement":"underground","from":"gas-T-303","to":"gas-T-300","lengthM":16.26,"sizeMm":100,"diameterIn":3.9,"nominalLabel":"4\" cast iron (lined)","material":"cast iron","depthM":1.0,"pressureKPa":1.74,"pressureTier":"lp","customers":20,"designM3h":71.679,"roadEdge":54}},{"type":"Feature","id":"gas-E271","geometry":{"type":"LineString","coordinates":[[-78.9385974,43.8716471],[-78.9388133,43.8716359],[-78.9390716,43.8715751]]},"properties":{"kind":"distribution","tier":"distribution","placement":"underground","from":"gas-J-36","to":"gas-T-271","lengthM":39.17,"sizeMm":200,"diameterIn":7.9,"nominalLabel":"8\" cast iron (lined)","material":"cast iron","depthM":1.0,"pressureKPa":1.74,"pressureTier":"lp","customers":81,"designM3h":327.147,"roadEdge":44}},{"type":"Feature","id":"gas-E272","geometry":{"type":"LineString","coordinates":[[-78.9385974,43.8716471],[-78.9385617,43.8717033],[-78.9382572,43.8717696]]},"properties":{"kind":"distribution","tier":"distribution","placement":"underground","from":"gas-J-36","to":"gas-T-287","lengthM":32.4,"sizeMm":150,"diameterIn":5.9,"nominalLabel":"6\" cast iron (lined)","material":"cast iron","depthM":1.0,"pressureKPa":1.74,"pressureTier":"lp","customers":37,"designM3h":105.262,"roadEdge":51}},{"type":"Feature","id":"gas-E273","geometry":{"type":"LineString","coordinates":[[-78.9387348,43.870242],[-78.9392609,43.8701277],[-78.9393691,43.8701033]]},"properties":{"kind":"distribution","tier":"distribution","placement":"underground","from":"gas-T-281","to":"gas-J-34","lengthM":53.19,"sizeMm":100,"diameterIn":3.9,"nominalLabel":"4\" cast iron (lined)","material":"cast iron","depthM":1.0,"pressureKPa":1.74,"pressureTier":"lp","customers":18,"designM3h":62.345,"roadEdge":48}},{"type":"Feature","id":"gas-E274","geometry":{"type":"LineString","coordinates":[[-78.933006,43.8718931],[-78.9330212,43.8719273]]},"properties":{"kind":"distribution","tier":"distribution","placement":"underground","from":"gas-T-462","to":"gas-T-446","lengthM":3.99,"sizeMm":50,"diameterIn":2.0,"nominalLabel":"2\" PE","material":"PE SDR11","depthM":1.0,"pressureKPa":414.0,"pressureTier":"mp","customers":2,"designM3h":7.731,"roadEdge":95}},{"type":"Feature","id":"gas-E275","geometry":{"type":"LineString","coordinates":[[-78.9350234,43.8693524],[-78.9350304,43.8693684],[-78.9350983,43.8695216]]},"properties":{"kind":"distribution","tier":"distribution","placement":"underground","from":"gas-T-395","to":"gas-T-388","lengthM":19.77,"sizeMm":100,"diameterIn":3.9,"nominalLabel":"4\" cast iron (lined)","material":"cast iron","depthM":1.0,"pressureKPa":1.74,"pressureTier":"lp","customers":4,"designM3h":15.304,"roadEdge":80}},{"type":"Feature","id":"gas-E276","geometry":{"type":"LineString","coordinates":[[-78.9402496,43.8684497],[-78.9404849,43.8683948]]},"properties":{"kind":"distribution","tier":"distribution","placement":"underground","from":"gas-T-188","to":"gas-T-187","lengthM":19.85,"sizeMm":150,"diameterIn":5.9,"nominalLabel":"6\" cast iron (lined)","material":"cast iron","depthM":1.0,"pressureKPa":1.74,"pressureTier":"lp","customers":28,"designM3h":86.348,"roadEdge":32}},{"type":"Feature","id":"gas-E277","geometry":{"type":"LineString","coordinates":[[-78.9400832,43.86877],[-78.9401476,43.8689157]]},"properties":{"kind":"distribution","tier":"distribution","placement":"underground","from":"gas-T-212","to":"gas-T-211","lengthM":17.03,"sizeMm":100,"diameterIn":3.9,"nominalLabel":"4\" cast iron (lined)","material":"cast iron","depthM":1.0,"pressureKPa":1.74,"pressureTier":"lp","customers":14,"designM3h":45.741,"roadEdge":38}},{"type":"Feature","id":"gas-E278","geometry":{"type":"LineString","coordinates":[[-78.9397456,43.8679949],[-78.9396768,43.8678364]]},"properties":{"kind":"distribution","tier":"distribution","placement":"underground","from":"gas-T-244","to":"gas-T-245","lengthM":18.48,"sizeMm":100,"diameterIn":3.9,"nominalLabel":"4\" cast iron (lined)","material":"cast iron","depthM":1.0,"pressureKPa":1.74,"pressureTier":"lp","customers":9,"designM3h":25.842,"roadEdge":41}},{"type":"Feature","id":"gas-E279","geometry":{"type":"LineString","coordinates":[[-78.9385165,43.8679458],[-78.9385113,43.8679332]]},"properties":{"kind":"distribution","tier":"distribution","placement":"underground","from":"gas-T-241","to":"gas-T-254","lengthM":1.46,"sizeMm":100,"diameterIn":3.9,"nominalLabel":"4\" cast iron (lined)","material":"cast iron","depthM":1.0,"pressureKPa":1.74,"pressureTier":"lp","customers":13,"designM3h":35.891,"roadEdge":41}},{"type":"Feature","id":"gas-E280","geometry":{"type":"LineString","coordinates":[[-78.9390921,43.8695913],[-78.9391631,43.8697581]]},"properties":{"kind":"distribution","tier":"distribution","placement":"underground","from":"gas-T-273","to":"gas-T-272","lengthM":19.42,"sizeMm":100,"diameterIn":3.9,"nominalLabel":"4\" cast iron (lined)","material":"cast iron","depthM":1.0,"pressureKPa":1.74,"pressureTier":"lp","customers":1,"designM3h":6.429,"roadEdge":47}},{"type":"Feature","id":"gas-E281","geometry":{"type":"LineString","coordinates":[[-78.9366881,43.8703603],[-78.9367495,43.870498]]},"properties":{"kind":"distribution","tier":"distribution","placement":"underground","from":"gas-T-340","to":"gas-T-339","lengthM":16.1,"sizeMm":100,"diameterIn":3.9,"nominalLabel":"4\" cast iron (lined)","material":"cast iron","depthM":1.0,"pressureKPa":1.74,"pressureTier":"lp","customers":3,"designM3h":14.527,"roadEdge":66}},{"type":"Feature","id":"gas-E282","geometry":{"type":"LineString","coordinates":[[-78.936491,43.8699099],[-78.936413,43.8697319]]},"properties":{"kind":"distribution","tier":"distribution","placement":"underground","from":"gas-T-348","to":"gas-T-349","lengthM":20.78,"sizeMm":100,"diameterIn":3.9,"nominalLabel":"4\" cast iron (lined)","material":"cast iron","depthM":1.0,"pressureKPa":1.74,"pressureTier":"lp","customers":1,"designM3h":4.131,"roadEdge":76}},{"type":"Feature","id":"gas-E283","geometry":{"type":"LineString","coordinates":[[-78.9360271,43.8702371],[-78.9360187,43.870239]]},"properties":{"kind":"distribution","tier":"distribution","placement":"underground","from":"gas-T-362","to":"gas-T-360","lengthM":0.7,"sizeMm":100,"diameterIn":3.9,"nominalLabel":"4\" cast iron (lined)","material":"cast iron","depthM":1.0,"pressureKPa":1.74,"pressureTier":"lp","customers":20,"designM3h":65.328,"roadEdge":77}},{"type":"Feature","id":"gas-E284","geometry":{"type":"LineString","coordinates":[[-78.937626,43.8708277],[-78.9376223,43.8708285]]},"properties":{"kind":"distribution","tier":"distribution","placement":"underground","from":"gas-T-300","to":"gas-T-304","lengthM":0.31,"sizeMm":100,"diameterIn":3.9,"nominalLabel":"4\" cast iron (lined)","material":"cast iron","depthM":1.0,"pressureKPa":1.74,"pressureTier":"lp","customers":19,"designM3h":68.177,"roadEdge":54}},{"type":"Feature","id":"gas-E285","geometry":{"type":"LineString","coordinates":[[-78.9390716,43.8715751],[-78.9390865,43.8715715]]},"properties":{"kind":"distribution","tier":"distribution","placement":"underground","from":"gas-T-271","to":"gas-T-269","lengthM":1.26,"sizeMm":200,"diameterIn":7.9,"nominalLabel":"8\" cast iron (lined)","material":"cast iron","depthM":1.0,"pressureKPa":1.74,"pressureTier":"lp","customers":80,"designM3h":325.058,"roadEdge":44}},{"type":"Feature","id":"gas-E286","geometry":{"type":"LineString","coordinates":[[-78.9382572,43.8717696],[-78.9382518,43.8717708]]},"properties":{"kind":"distribution","tier":"distribution","placement":"underground","from":"gas-T-287","to":"gas-T-285","lengthM":0.45,"sizeMm":150,"diameterIn":5.9,"nominalLabel":"6\" cast iron (lined)","material":"cast iron","depthM":1.0,"pressureKPa":1.74,"pressureTier":"lp","customers":36,"designM3h":104.942,"roadEdge":51}},{"type":"Feature","id":"gas-E287","geometry":{"type":"LineString","coordinates":[[-78.9393691,43.8701033],[-78.9394489,43.8700851],[-78.939494,43.8700749],[-78.9395863,43.8700546]]},"properties":{"kind":"distribution","tier":"distribution","placement":"underground","from":"gas-J-34","to":"gas-T-205","lengthM":18.26,"sizeMm":100,"diameterIn":3.9,"nominalLabel":"4\" cast iron (lined)","material":"cast iron","depthM":1.0,"pressureKPa":1.74,"pressureTier":"lp","customers":11,"designM3h":37.173,"roadEdge":37}},{"type":"Feature","id":"gas-E288","geometry":{"type":"LineString","coordinates":[[-78.9393691,43.8701033],[-78.939366,43.8702358]]},"properties":{"kind":"distribution","tier":"distribution","placement":"underground","from":"gas-J-34","to":"gas-T-264","lengthM":14.75,"sizeMm":100,"diameterIn":3.9,"nominalLabel":"4\" cast iron (lined)","material":"cast iron","depthM":1.0,"pressureKPa":1.74,"pressureTier":"lp","customers":7,"designM3h":30.166,"roadEdge":43}},{"type":"Feature","id":"gas-E289","geometry":{"type":"LineString","coordinates":[[-78.9330212,43.8719273],[-78.9330674,43.8720317]]},"properties":{"kind":"distribution","tier":"distribution","placement":"underground","from":"gas-T-446","to":"gas-T-461","lengthM":12.2,"sizeMm":50,"diameterIn":2.0,"nominalLabel":"2\" PE","material":"PE SDR11","depthM":1.0,"pressureKPa":414.0,"pressureTier":"mp","customers":1,"designM3h":3.716,"roadEdge":95}},{"type":"Feature","id":"gas-E290","geometry":{"type":"LineString","coordinates":[[-78.9350983,43.8695216],[-78.9350998,43.8695249]]},"properties":{"kind":"distribution","tier":"distribution","placement":"underground","from":"gas-T-388","to":"gas-T-396","lengthM":0.39,"sizeMm":100,"diameterIn":3.9,"nominalLabel":"4\" cast iron (lined)","material":"cast iron","depthM":1.0,"pressureKPa":1.74,"pressureTier":"lp","customers":3,"designM3h":13.16,"roadEdge":80}},{"type":"Feature","id":"gas-E291","geometry":{"type":"LineString","coordinates":[[-78.9404849,43.8683948],[-78.9404914,43.8683933]]},"properties":{"kind":"distribution","tier":"distribution","placement":"underground","from":"gas-T-187","to":"gas-T-185","lengthM":0.55,"sizeMm":150,"diameterIn":5.9,"nominalLabel":"6\" cast iron (lined)","material":"cast iron","depthM":1.0,"pressureKPa":1.74,"pressureTier":"lp","customers":27,"designM3h":82.374,"roadEdge":32}},{"type":"Feature","id":"gas-E292","geometry":{"type":"LineString","coordinates":[[-78.9401476,43.8689157],[-78.9401478,43.8689162]]},"properties":{"kind":"distribution","tier":"distribution","placement":"underground","from":"gas-T-211","to":"gas-T-214","lengthM":0.05,"sizeMm":100,"diameterIn":3.9,"nominalLabel":"4\" cast iron (lined)","material":"cast iron","depthM":1.0,"pressureKPa":1.74,"pressureTier":"lp","customers":13,"designM3h":43.375,"roadEdge":38}},{"type":"Feature","id":"gas-E293","geometry":{"type":"LineString","coordinates":[[-78.9396768,43.8678364],[-78.9396757,43.8678339]]},"properties":{"kind":"distribution","tier":"distribution","placement":"underground","from":"gas-T-245","to":"gas-T-229","lengthM":0.3,"sizeMm":100,"diameterIn":3.9,"nominalLabel":"4\" cast iron (lined)","material":"cast iron","depthM":1.0,"pressureKPa":1.74,"pressureTier":"lp","customers":8,"designM3h":23.67,"roadEdge":41}},{"type":"Feature","id":"gas-E294","geometry":{"type":"LineString","coordinates":[[-78.9385113,43.8679332],[-78.9384487,43.8677823]]},"properties":{"kind":"distribution","tier":"distribution","placement":"underground","from":"gas-T-254","to":"gas-T-240","lengthM":17.53,"sizeMm":100,"diameterIn":3.9,"nominalLabel":"4\" cast iron (lined)","material":"cast iron","depthM":1.0,"pressureKPa":1.74,"pressureTier":"lp","customers":12,"designM3h":33.399,"roadEdge":41}},{"type":"Feature","id":"gas-E295","geometry":{"type":"LineString","coordinates":[[-78.9367495,43.870498],[-78.9367552,43.8705107]]},"properties":{"kind":"distribution","tier":"distribution","placement":"underground","from":"gas-T-339","to":"gas-T-341","lengthM":1.49,"sizeMm":100,"diameterIn":3.9,"nominalLabel":"4\" cast iron (lined)","material":"cast iron","depthM":1.0,"pressureKPa":1.74,"pressureTier":"lp","customers":2,"designM3h":10.907,"roadEdge":66}},{"type":"Feature","id":"gas-E296","geometry":{"type":"LineString","coordinates":[[-78.9360187,43.870239],[-78.9358207,43.870284]]},"properties":{"kind":"distribution","tier":"distribution","placement":"underground","from":"gas-T-360","to":"gas-T-363","lengthM":16.66,"sizeMm":100,"diameterIn":3.9,"nominalLabel":"4\" cast iron (lined)","material":"cast iron","depthM":1.0,"pressureKPa":1.74,"pressureTier":"lp","customers":19,"designM3h":61.63,"roadEdge":77}},{"type":"Feature","id":"gas-E297","geometry":{"type":"LineString","coordinates":[[-78.9376223,43.8708285],[-78.9374147,43.8708751]]},"properties":{"kind":"distribution","tier":"distribution","placement":"underground","from":"gas-T-304","to":"gas-T-301","lengthM":17.45,"sizeMm":100,"diameterIn":3.9,"nominalLabel":"4\" cast iron (lined)","material":"cast iron","depthM":1.0,"pressureKPa":1.74,"pressureTier":"lp","customers":18,"designM3h":65.935,"roadEdge":54}},{"type":"Feature","id":"gas-E298","geometry":{"type":"LineString","coordinates":[[-78.9390865,43.8715715],[-78.93915,43.8715566],[-78.9392782,43.8715283]]},"properties":{"kind":"distribution","tier":"distribution","placement":"underground","from":"gas-T-269","to":"gas-T-270","lengthM":16.11,"sizeMm":200,"diameterIn":7.9,"nominalLabel":"8\" cast iron (lined)","material":"cast iron","depthM":1.0,"pressureKPa":1.74,"pressureTier":"lp","customers":79,"designM3h":321.305,"roadEdge":44}},{"type":"Feature","id":"gas-E299","geometry":{"type":"LineString","coordinates":[[-78.9382518,43.8717708],[-78.9380937,43.8718052],[-78.9380469,43.8718158]]},"properties":{"kind":"distribution","tier":"distribution","placement":"underground","from":"gas-T-285","to":"gas-T-286","lengthM":17.19,"sizeMm":150,"diameterIn":5.9,"nominalLabel":"6\" cast iron (lined)","material":"cast iron","depthM":1.0,"pressureKPa":1.74,"pressureTier":"lp","customers":35,"designM3h":101.897,"roadEdge":51}},{"type":"Feature","id":"gas-E300","geometry":{"type":"LineString","coordinates":[[-78.9395863,43.8700546],[-78.9397671,43.870015]]},"properties":{"kind":"distribution","tier":"distribution","placement":"underground","from":"gas-T-205","to":"gas-T-207","lengthM":15.16,"sizeMm":100,"diameterIn":3.9,"nominalLabel":"4\" cast iron (lined)","material":"cast iron","depthM":1.0,"pressureKPa":1.74,"pressureTier":"lp","customers":10,"designM3h":33.448,"roadEdge":37}},{"type":"Feature","id":"gas-E301","geometry":{"type":"LineString","coordinates":[[-78.939366,43.8702358],[-78.939433,43.8703943]]},"properties":{"kind":"distribution","tier":"distribution","placement":"underground","from":"gas-T-264","to":"gas-T-263","lengthM":18.44,"sizeMm":100,"diameterIn":3.9,"nominalLabel":"4\" cast iron (lined)","material":"cast iron","depthM":1.0,"pressureKPa":1.74,"pressureTier":"lp","customers":6,"designM3h":27.637,"roadEdge":43}},{"type":"Feature","id":"gas-E302","geometry":{"type":"LineString","coordinates":[[-78.9350998,43.8695249],[-78.9352381,43.8698371]]},"properties":{"kind":"distribution","tier":"distribution","placement":"underground","from":"gas-T-396","to":"gas-T-389","lengthM":36.48,"sizeMm":100,"diameterIn":3.9,"nominalLabel":"4\" cast iron (lined)","material":"cast iron","depthM":1.0,"pressureKPa":1.74,"pressureTier":"lp","customers":2,"designM3h":8.12,"roadEdge":80}},{"type":"Feature","id":"gas-E303","geometry":{"type":"LineString","coordinates":[[-78.9404914,43.8683933],[-78.9412032,43.8682273]]},"properties":{"kind":"distribution","tier":"distribution","placement":"underground","from":"gas-T-185","to":"gas-J-23","lengthM":60.03,"sizeMm":100,"diameterIn":3.9,"nominalLabel":"4\" cast iron (lined)","material":"cast iron","depthM":1.0,"pressureKPa":1.74,"pressureTier":"lp","customers":26,"designM3h":78.282,"roadEdge":32}},{"type":"Feature","id":"gas-E304","geometry":{"type":"LineString","coordinates":[[-78.9401478,43.8689162],[-78.9402095,43.8690557]]},"properties":{"kind":"distribution","tier":"distribution","placement":"underground","from":"gas-T-214","to":"gas-T-210","lengthM":16.3,"sizeMm":100,"diameterIn":3.9,"nominalLabel":"4\" cast iron (lined)","material":"cast iron","depthM":1.0,"pressureKPa":1.74,"pressureTier":"lp","customers":12,"designM3h":40.195,"roadEdge":38}},{"type":"Feature","id":"gas-E305","geometry":{"type":"LineString","coordinates":[[-78.9396757,43.8678339],[-78.9396094,43.8676809]]},"properties":{"kind":"distribution","tier":"distribution","placement":"underground","from":"gas-T-229","to":"gas-T-246","lengthM":17.84,"sizeMm":100,"diameterIn":3.9,"nominalLabel":"4\" cast iron (lined)","material":"cast iron","depthM":1.0,"pressureKPa":1.74,"pressureTier":"lp","customers":7,"designM3h":21.525,"roadEdge":41}},{"type":"Feature","id":"gas-E306","geometry":{"type":"LineString","coordinates":[[-78.9384487,43.8677823],[-78.9384454,43.8677744]]},"properties":{"kind":"distribution","tier":"distribution","placement":"underground","from":"gas-T-240","to":"gas-T-253","lengthM":0.92,"sizeMm":100,"diameterIn":3.9,"nominalLabel":"4\" cast iron (lined)","material":"cast iron","depthM":1.0,"pressureKPa":1.74,"pressureTier":"lp","customers":11,"designM3h":31.265,"roadEdge":41}},{"type":"Feature","id":"gas-E307","geometry":{"type":"LineString","coordinates":[[-78.9367552,43.8705107],[-78.9368129,43.87064]]},"properties":{"kind":"distribution","tier":"distribution","placement":"underground","from":"gas-T-341","to":"gas-T-338","lengthM":15.11,"sizeMm":100,"diameterIn":3.9,"nominalLabel":"4\" cast iron (lined)","material":"cast iron","depthM":1.0,"pressureKPa":1.74,"pressureTier":"lp","customers":1,"designM3h":6.521,"roadEdge":66}},{"type":"Feature","id":"gas-E308","geometry":{"type":"LineString","coordinates":[[-78.9358207,43.870284],[-78.9358153,43.8702852]]},"properties":{"kind":"distribution","tier":"distribution","placement":"underground","from":"gas-T-363","to":"gas-T-361","lengthM":0.45,"sizeMm":100,"diameterIn":3.9,"nominalLabel":"4\" cast iron (lined)","material":"cast iron","depthM":1.0,"pressureKPa":1.74,"pressureTier":"lp","customers":18,"designM3h":58.416,"roadEdge":77}},{"type":"Feature","id":"gas-E309","geometry":{"type":"LineString","coordinates":[[-78.9374147,43.8708751],[-78.9372193,43.8709189]]},"properties":{"kind":"distribution","tier":"distribution","placement":"underground","from":"gas-T-301","to":"gas-T-305","lengthM":16.42,"sizeMm":100,"diameterIn":3.9,"nominalLabel":"4\" cast iron (lined)","material":"cast iron","depthM":1.0,"pressureKPa":1.74,"pressureTier":"lp","customers":17,"designM3h":62.674,"roadEdge":54}},{"type":"Feature","id":"gas-E310","geometry":{"type":"LineString","coordinates":[[-78.9392782,43.8715283],[-78.9394651,43.8714871],[-78.9398191,43.8714073],[-78.9399133,43.871386]]},"properties":{"kind":"distribution","tier":"distribution","placement":"underground","from":"gas-T-270","to":"gas-J-32","lengthM":53.37,"sizeMm":200,"diameterIn":7.9,"nominalLabel":"8\" cast iron (lined)","material":"cast iron","depthM":1.0,"pressureKPa":1.74,"pressureTier":"lp","customers":78,"designM3h":319.182,"roadEdge":44}},{"type":"Feature","id":"gas-E311","geometry":{"type":"LineString","coordinates":[[-78.9380469,43.8718158],[-78.9375447,43.8719293],[-78.937443,43.8719483]]},"properties":{"kind":"distribution","tier":"distribution","placement":"underground","from":"gas-T-286","to":"gas-J-42","lengthM":50.67,"sizeMm":150,"diameterIn":5.9,"nominalLabel":"6\" cast iron (lined)","material":"cast iron","depthM":1.0,"pressureKPa":1.74,"pressureTier":"lp","customers":34,"designM3h":99.604,"roadEdge":51}},{"type":"Feature","id":"gas-E312","geometry":{"type":"LineString","coordinates":[[-78.9397671,43.870015],[-78.939796,43.8700086]]},"properties":{"kind":"distribution","tier":"distribution","placement":"underground","from":"gas-T-207","to":"gas-T-204","lengthM":2.43,"sizeMm":100,"diameterIn":3.9,"nominalLabel":"4\" cast iron (lined)","material":"cast iron","depthM":1.0,"pressureKPa":1.74,"pressureTier":"lp","customers":9,"designM3h":30.296,"roadEdge":37}},{"type":"Feature","id":"gas-E313","geometry":{"type":"LineString","coordinates":[[-78.939433,43.8703943],[-78.9395008,43.8705548]]},"properties":{"kind":"distribution","tier":"distribution","placement":"underground","from":"gas-T-263","to":"gas-T-262","lengthM":18.68,"sizeMm":100,"diameterIn":3.9,"nominalLabel":"4\" cast iron (lined)","material":"cast iron","depthM":1.0,"pressureKPa":1.74,"pressureTier":"lp","customers":5,"designM3h":23.751,"roadEdge":43}},{"type":"Feature","id":"gas-E314","geometry":{"type":"LineString","coordinates":[[-78.9352381,43.8698371],[-78.9352407,43.869843]]},"properties":{"kind":"distribution","tier":"distribution","placement":"underground","from":"gas-T-389","to":"gas-T-397","lengthM":0.69,"sizeMm":100,"diameterIn":3.9,"nominalLabel":"4\" cast iron (lined)","material":"cast iron","depthM":1.0,"pressureKPa":1.74,"pressureTier":"lp","customers":1,"designM3h":4.187,"roadEdge":80}},{"type":"Feature","id":"gas-E315","geometry":{"type":"LineString","coordinates":[[-78.9412032,43.8682273],[-78.941409,43.8681797]]},"properties":{"kind":"distribution","tier":"distribution","placement":"underground","from":"gas-J-23","to":"gas-T-133","lengthM":17.35,"sizeMm":100,"diameterIn":3.9,"nominalLabel":"4\" cast iron (lined)","material":"cast iron","depthM":1.0,"pressureKPa":1.74,"pressureTier":"lp","customers":8,"designM3h":27.0,"roadEdge":22}},{"type":"Feature","id":"gas-E316","geometry":{"type":"LineString","coordinates":[[-78.9412032,43.8682273],[-78.9411566,43.8682489],[-78.941162,43.86826],[-78.9412041,43.8683563]]},"properties":{"kind":"distribution","tier":"distribution","placement":"underground","from":"gas-J-23","to":"gas-T-155","lengthM":17.0,"sizeMm":100,"diameterIn":3.9,"nominalLabel":"4\" cast iron (lined)","material":"cast iron","depthM":1.0,"pressureKPa":1.74,"pressureTier":"lp","customers":7,"designM3h":24.612,"roadEdge":26}},{"type":"Feature","id":"gas-E317","geometry":{"type":"LineString","coordinates":[[-78.9412032,43.8682273],[-78.9411,43.8681274],[-78.941069,43.8680557]]},"properties":{"kind":"distribution","tier":"distribution","placement":"underground","from":"gas-J-23","to":"gas-T-174","lengthM":22.22,"sizeMm":100,"diameterIn":3.9,"nominalLabel":"4\" cast iron (lined)","material":"cast iron","depthM":1.0,"pressureKPa":1.74,"pressureTier":"lp","customers":11,"designM3h":35.972,"roadEdge":31}},{"type":"Feature","id":"gas-E318","geometry":{"type":"LineString","coordinates":[[-78.9402095,43.8690557],[-78.9402733,43.8691998]]},"properties":{"kind":"distribution","tier":"distribution","placement":"underground","from":"gas-T-210","to":"gas-T-209","lengthM":16.85,"sizeMm":100,"diameterIn":3.9,"nominalLabel":"4\" cast iron (lined)","material":"cast iron","depthM":1.0,"pressureKPa":1.74,"pressureTier":"lp","customers":11,"designM3h":37.126,"roadEdge":38}},{"type":"Feature","id":"gas-E319","geometry":{"type":"LineString","coordinates":[[-78.9396094,43.8676809],[-78.9396088,43.8676794]]},"properties":{"kind":"distribution","tier":"distribution","placement":"underground","from":"gas-T-246","to":"gas-T-230","lengthM":0.17,"sizeMm":100,"diameterIn":3.9,"nominalLabel":"4\" cast iron (lined)","material":"cast iron","depthM":1.0,"pressureKPa":1.74,"pressureTier":"lp","customers":6,"designM3h":18.311,"roadEdge":41}},{"type":"Feature","id":"gas-E320","geometry":{"type":"LineString","coordinates":[[-78.9384454,43.8677744],[-78.9383832,43.8676245]]},"properties":{"kind":"distribution","tier":"distribution","placement":"underground","from":"gas-T-253","to":"gas-T-239","lengthM":17.42,"sizeMm":100,"diameterIn":3.9,"nominalLabel":"4\" cast iron (lined)","material":"cast iron","depthM":1.0,"pressureKPa":1.74,"pressureTier":"lp","customers":10,"designM3h":27.984,"roadEdge":41}},{"type":"Feature","id":"gas-E321","geometry":{"type":"LineString","coordinates":[[-78.9358153,43.8702852],[-78.9356207,43.8703295]]},"properties":{"kind":"distribution","tier":"distribution","placement":"underground","from":"gas-T-361","to":"gas-T-364","lengthM":16.38,"sizeMm":100,"diameterIn":3.9,"nominalLabel":"4\" cast iron (lined)","material":"cast iron","depthM":1.0,"pressureKPa":1.74,"pressureTier":"lp","customers":17,"designM3h":54.824,"roadEdge":77}},{"type":"Feature","id":"gas-E322","geometry":{"type":"LineString","coordinates":[[-78.9372193,43.8709189],[-78.9372167,43.8709195]]},"properties":{"kind":"distribution","tier":"distribution","placement":"underground","from":"gas-T-305","to":"gas-T-302","lengthM":0.22,"sizeMm":100,"diameterIn":3.9,"nominalLabel":"4\" cast iron (lined)","material":"cast iron","depthM":1.0,"pressureKPa":1.74,"pressureTier":"lp","customers":16,"designM3h":59.223,"roadEdge":54}},{"type":"Feature","id":"gas-E323","geometry":{"type":"LineString","coordinates":[[-78.9399133,43.871386],[-78.9399988,43.8713668],[-78.9405245,43.8712491]]},"properties":{"kind":"distribution","tier":"distribution","placement":"underground","from":"gas-J-32","to":"gas-T-201","lengthM":51.36,"sizeMm":200,"diameterIn":7.9,"nominalLabel":"8\" cast iron (lined)","material":"cast iron","depthM":1.0,"pressureKPa":1.74,"pressureTier":"lp","customers":63,"designM3h":277.824,"roadEdge":34}},{"type":"Feature","id":"gas-E324","geometry":{"type":"LineString","coordinates":[[-78.9399133,43.871386],[-78.9398684,43.871427],[-78.9398777,43.8714516],[-78.9398966,43.8714911],[-78.9399053,43.871511]]},"properties":{"kind":"distribution","tier":"distribution","placement":"underground","from":"gas-J-32","to":"gas-T-223","lengthM":15.62,"sizeMm":100,"diameterIn":3.9,"nominalLabel":"4\" cast iron (lined)","material":"cast iron","depthM":1.0,"pressureKPa":1.74,"pressureTier":"lp","customers":12,"designM3h":43.841,"roadEdge":39}},{"type":"Feature","id":"gas-E325","geometry":{"type":"LineString","coordinates":[[-78.9399133,43.871386],[-78.9398156,43.8712978],[-78.9398014,43.871266],[-78.9397738,43.8712007]]},"properties":{"kind":"distribution","tier":"distribution","placement":"underground","from":"gas-J-32","to":"gas-T-265","lengthM":23.88,"sizeMm":100,"diameterIn":3.9,"nominalLabel":"4\" cast iron (lined)","material":"cast iron","depthM":1.0,"pressureKPa":1.74,"pressureTier":"lp","customers":3,"designM3h":9.4,"roadEdge":43}},{"type":"Feature","id":"gas-E326","geometry":{"type":"LineString","coordinates":[[-78.937443,43.8719483],[-78.937414,43.8719906],[-78.9374436,43.8720632]]},"properties":{"kind":"distribution","tier":"distribution","placement":"underground","from":"gas-J-42","to":"gas-T-298","lengthM":13.67,"sizeMm":100,"diameterIn":3.9,"nominalLabel":"4\" cast iron (lined)","material":"cast iron","depthM":1.0,"pressureKPa":1.74,"pressureTier":"lp","customers":11,"designM3h":34.116,"roadEdge":52}},{"type":"Feature","id":"gas-E327","geometry":{"type":"LineString","coordinates":[[-78.937443,43.8719483],[-78.9373516,43.8718639],[-78.9373078,43.8717637]]},"properties":{"kind":"distribution","tier":"distribution","placement":"underground","from":"gas-J-42","to":"gas-T-316","lengthM":23.61,"sizeMm":100,"diameterIn":3.9,"nominalLabel":"4\" cast iron (lined)","material":"cast iron","depthM":1.0,"pressureKPa":1.74,"pressureTier":"lp","customers":4,"designM3h":15.549,"roadEdge":59}},{"type":"Feature","id":"gas-E328","geometry":{"type":"LineString","coordinates":[[-78.937443,43.8719483],[-78.9373443,43.8719703],[-78.9368353,43.8720836]]},"properties":{"kind":"distribution","tier":"distribution","placement":"underground","from":"gas-J-42","to":"gas-T-319","lengthM":51.04,"sizeMm":100,"diameterIn":3.9,"nominalLabel":"4\" cast iron (lined)","material":"cast iron","depthM":1.0,"pressureKPa":1.74,"pressureTier":"lp","customers":19,"designM3h":59.558,"roadEdge":60}},{"type":"Feature","id":"gas-E329","geometry":{"type":"LineString","coordinates":[[-78.939796,43.8700086],[-78.9399813,43.869968]]},"properties":{"kind":"distribution","tier":"distribution","placement":"underground","from":"gas-T-204","to":"gas-T-206","lengthM":15.54,"sizeMm":100,"diameterIn":3.9,"nominalLabel":"4\" cast iron (lined)","material":"cast iron","depthM":1.0,"pressureKPa":1.74,"pressureTier":"lp","customers":8,"designM3h":26.955,"roadEdge":37}},{"type":"Feature","id":"gas-E330","geometry":{"type":"LineString","coordinates":[[-78.9395008,43.8705548],[-78.9395016,43.8705566]]},"properties":{"kind":"distribution","tier":"distribution","placement":"underground","from":"gas-T-262","to":"gas-T-268","lengthM":0.21,"sizeMm":100,"diameterIn":3.9,"nominalLabel":"4\" cast iron (lined)","material":"cast iron","depthM":1.0,"pressureKPa":1.74,"pressureTier":"lp","customers":4,"designM3h":19.768,"roadEdge":43}},{"type":"Feature","id":"gas-E331","geometry":{"type":"LineString","coordinates":[[-78.941409,43.8681797],[-78.9414144,43.8681784]]},"properties":{"kind":"distribution","tier":"distribution","placement":"underground","from":"gas-T-133","to":"gas-T-129","lengthM":0.45,"sizeMm":100,"diameterIn":3.9,"nominalLabel":"4\" cast iron (lined)","material":"cast iron","depthM":1.0,"pressureKPa":1.74,"pressureTier":"lp","customers":7,"designM3h":26.867,"roadEdge":22}},{"type":"Feature","id":"gas-E332","geometry":{"type":"LineString","coordinates":[[-78.9412041,43.8683563],[-78.941268,43.8685028]]},"properties":{"kind":"distribution","tier":"distribution","placement":"underground","from":"gas-T-155","to":"gas-T-154","lengthM":17.1,"sizeMm":100,"diameterIn":3.9,"nominalLabel":"4\" cast iron (lined)","material":"cast iron","depthM":1.0,"pressureKPa":1.74,"pressureTier":"lp","customers":6,"designM3h":20.752,"roadEdge":26}},{"type":"Feature","id":"gas-E333","geometry":{"type":"LineString","coordinates":[[-78.941069,43.8680557],[-78.9410035,43.8679047]]},"properties":{"kind":"distribution","tier":"distribution","placement":"underground","from":"gas-T-174","to":"gas-T-175","lengthM":17.61,"sizeMm":100,"diameterIn":3.9,"nominalLabel":"4\" cast iron (lined)","material":"cast iron","depthM":1.0,"pressureKPa":1.74,"pressureTier":"lp","customers":10,"designM3h":32.732,"roadEdge":31}},{"type":"Feature","id":"gas-E334","geometry":{"type":"LineString","coordinates":[[-78.9402733,43.8691998],[-78.9403392,43.8693491]]},"properties":{"kind":"distribution","tier":"distribution","placement":"underground","from":"gas-T-209","to":"gas-T-208","lengthM":17.43,"sizeMm":100,"diameterIn":3.9,"nominalLabel":"4\" cast iron (lined)","material":"cast iron","depthM":1.0,"pressureKPa":1.74,"pressureTier":"lp","customers":10,"designM3h":33.199,"roadEdge":38}},{"type":"Feature","id":"gas-E335","geometry":{"type":"LineString","coordinates":[[-78.9396088,43.8676794],[-78.9395408,43.8675226]]},"properties":{"kind":"distribution","tier":"distribution","placement":"underground","from":"gas-T-230","to":"gas-T-231","lengthM":18.29,"sizeMm":100,"diameterIn":3.9,"nominalLabel":"4\" cast iron (lined)","material":"cast iron","depthM":1.0,"pressureKPa":1.74,"pressureTier":"lp","customers":5,"designM3h":16.209,"roadEdge":41}},{"type":"Feature","id":"gas-E336","geometry":{"type":"LineString","coordinates":[[-78.9383832,43.8676245],[-78.9383831,43.8676242]]},"properties":{"kind":"distribution","tier":"distribution","placement":"underground","from":"gas-T-239","to":"gas-T-252","lengthM":0.04,"sizeMm":100,"diameterIn":3.9,"nominalLabel":"4\" cast iron (lined)","material":"cast iron","depthM":1.0,"pressureKPa":1.74,"pressureTier":"lp","customers":9,"designM3h":25.744,"roadEdge":41}},{"type":"Feature","id":"gas-E337","geometry":{"type":"LineString","coordinates":[[-78.9356207,43.8703295],[-78.9355071,43.8703553],[-78.9354166,43.8703767]]},"properties":{"kind":"distribution","tier":"distribution","placement":"underground","from":"gas-T-364","to":"gas-J-58","lengthM":17.2,"sizeMm":100,"diameterIn":3.9,"nominalLabel":"4\" cast iron (lined)","material":"cast iron","depthM":1.0,"pressureKPa":1.74,"pressureTier":"lp","customers":16,"designM3h":51.455,"roadEdge":77}},{"type":"Feature","id":"gas-E338","geometry":{"type":"LineString","coordinates":[[-78.9372167,43.8709195],[-78.9371356,43.8709377],[-78.9371198,43.870941],[-78.9370145,43.8709632]]},"properties":{"kind":"distribution","tier":"distribution","placement":"underground","from":"gas-T-302","to":"gas-J-46","lengthM":16.94,"sizeMm":100,"diameterIn":3.9,"nominalLabel":"4\" cast iron (lined)","material":"cast iron","depthM":1.0,"pressureKPa":1.74,"pressureTier":"lp","customers":15,"designM3h":56.31,"roadEdge":54}},{"type":"Feature","id":"gas-E339","geometry":{"type":"LineString","coordinates":[[-78.9405245,43.8712491],[-78.940525,43.871249]]},"properties":{"kind":"distribution","tier":"distribution","placement":"underground","from":"gas-T-201","to":"gas-T-200","lengthM":0.04,"sizeMm":200,"diameterIn":7.9,"nominalLabel":"8\" cast iron (lined)","material":"cast iron","depthM":1.0,"pressureKPa":1.74,"pressureTier":"lp","customers":62,"designM3h":275.927,"roadEdge":34}},{"type":"Feature","id":"gas-E340","geometry":{"type":"LineString","coordinates":[[-78.9399053,43.871511],[-78.9399056,43.8715115]]},"properties":{"kind":"distribution","tier":"distribution","placement":"underground","from":"gas-T-223","to":"gas-T-219","lengthM":0.06,"sizeMm":100,"diameterIn":3.9,"nominalLabel":"4\" cast iron (lined)","material":"cast iron","depthM":1.0,"pressureKPa":1.74,"pressureTier":"lp","customers":11,"designM3h":40.516,"roadEdge":39}},{"type":"Feature","id":"gas-E341","geometry":{"type":"LineString","coordinates":[[-78.9397738,43.8712007],[-78.9397735,43.8712001]]},"properties":{"kind":"distribution","tier":"distribution","placement":"underground","from":"gas-T-265","to":"gas-T-259","lengthM":0.07,"sizeMm":100,"diameterIn":3.9,"nominalLabel":"4\" cast iron (lined)","material":"cast iron","depthM":1.0,"pressureKPa":1.74,"pressureTier":"lp","customers":2,"designM3h":6.867,"roadEdge":43}},{"type":"Feature","id":"gas-E342","geometry":{"type":"LineString","coordinates":[[-78.9374436,43.8720632],[-78.9374491,43.8720766]]},"properties":{"kind":"distribution","tier":"distribution","placement":"underground","from":"gas-T-298","to":"gas-T-292","lengthM":1.56,"sizeMm":100,"diameterIn":3.9,"nominalLabel":"4\" cast iron (lined)","material":"cast iron","depthM":1.0,"pressureKPa":1.74,"pressureTier":"lp","customers":10,"designM3h":31.216,"roadEdge":52}},{"type":"Feature","id":"gas-E343","geometry":{"type":"LineString","coordinates":[[-78.9373078,43.8717637],[-78.9373611,43.871792]]},"properties":{"kind":"distribution","tier":"distribution","placement":"underground","from":"gas-T-316","to":"gas-T-311","lengthM":5.31,"sizeMm":100,"diameterIn":3.9,"nominalLabel":"4\" cast iron (lined)","material":"cast iron","depthM":1.0,"pressureKPa":1.74,"pressureTier":"lp","customers":3,"designM3h":13.221,"roadEdge":59}},{"type":"Feature","id":"gas-E344","geometry":{"type":"LineString","coordinates":[[-78.9368353,43.8720836],[-78.9368197,43.8720871]]},"properties":{"kind":"distribution","tier":"distribution","placement":"underground","from":"gas-T-319","to":"gas-T-320","lengthM":1.31,"sizeMm":100,"diameterIn":3.9,"nominalLabel":"4\" cast iron (lined)","material":"cast iron","depthM":1.0,"pressureKPa":1.74,"pressureTier":"lp","customers":18,"designM3h":57.326,"roadEdge":60}},{"type":"Feature","id":"gas-E345","geometry":{"type":"LineString","coordinates":[[-78.9399813,43.869968],[-78.9400022,43.8699634]]},"properties":{"kind":"distribution","tier":"distribution","placement":"underground","from":"gas-T-206","to":"gas-T-203","lengthM":1.76,"sizeMm":100,"diameterIn":3.9,"nominalLabel":"4\" cast iron (lined)","material":"cast iron","depthM":1.0,"pressureKPa":1.74,"pressureTier":"lp","customers":7,"designM3h":23.57,"roadEdge":37}},{"type":"Feature","id":"gas-E346","geometry":{"type":"LineString","coordinates":[[-78.9395016,43.8705566],[-78.9395719,43.8707229]]},"properties":{"kind":"distribution","tier":"distribution","placement":"underground","from":"gas-T-268","to":"gas-T-261","lengthM":19.35,"sizeMm":100,"diameterIn":3.9,"nominalLabel":"4\" cast iron (lined)","material":"cast iron","depthM":1.0,"pressureKPa":1.74,"pressureTier":"lp","customers":3,"designM3h":15.055,"roadEdge":43}},{"type":"Feature","id":"gas-E347","geometry":{"type":"LineString","coordinates":[[-78.9414144,43.8681784],[-78.9416048,43.8681344]]},"properties":{"kind":"distribution","tier":"distribution","placement":"underground","from":"gas-T-129","to":"gas-T-132","lengthM":16.05,"sizeMm":100,"diameterIn":3.9,"nominalLabel":"4\" cast iron (lined)","material":"cast iron","depthM":1.0,"pressureKPa":1.74,"pressureTier":"lp","customers":6,"designM3h":23.236,"roadEdge":22}},{"type":"Feature","id":"gas-E348","geometry":{"type":"LineString","coordinates":[[-78.941268,43.8685028],[-78.9413294,43.8686432]]},"properties":{"kind":"distribution","tier":"distribution","placement":"underground","from":"gas-T-154","to":"gas-T-153","lengthM":16.39,"sizeMm":100,"diameterIn":3.9,"nominalLabel":"4\" cast iron (lined)","material":"cast iron","depthM":1.0,"pressureKPa":1.74,"pressureTier":"lp","customers":5,"designM3h":16.655,"roadEdge":26}},{"type":"Feature","id":"gas-E349","geometry":{"type":"LineString","coordinates":[[-78.9410035,43.8679047],[-78.9409409,43.8677603]]},"properties":{"kind":"distribution","tier":"distribution","placement":"underground","from":"gas-T-175","to":"gas-T-180","lengthM":16.84,"sizeMm":100,"diameterIn":3.9,"nominalLabel":"4\" cast iron (lined)","material":"cast iron","depthM":1.0,"pressureKPa":1.74,"pressureTier":"lp","customers":9,"designM3h":30.283,"roadEdge":31}},{"type":"Feature","id":"gas-E350","geometry":{"type":"LineString","coordinates":[[-78.9403392,43.8693491],[-78.9404037,43.8694949]]},"properties":{"kind":"distribution","tier":"distribution","placement":"underground","from":"gas-T-208","to":"gas-J-28","lengthM":17.04,"sizeMm":100,"diameterIn":3.9,"nominalLabel":"4\" cast iron (lined)","material":"cast iron","depthM":1.0,"pressureKPa":1.74,"pressureTier":"lp","customers":9,"designM3h":29.553,"roadEdge":38}},{"type":"Feature","id":"gas-E351","geometry":{"type":"LineString","coordinates":[[-78.9395408,43.8675226],[-78.9394809,43.8673846],[-78.9394706,43.867361]]},"properties":{"kind":"distribution","tier":"distribution","placement":"underground","from":"gas-T-231","to":"gas-T-232","lengthM":18.85,"sizeMm":100,"diameterIn":3.9,"nominalLabel":"4\" cast iron (lined)","material":"cast iron","depthM":1.0,"pressureKPa":1.74,"pressureTier":"lp","customers":4,"designM3h":12.646,"roadEdge":41}},{"type":"Feature","id":"gas-E352","geometry":{"type":"LineString","coordinates":[[-78.9383831,43.8676242],[-78.9383157,43.8674617]]},"properties":{"kind":"distribution","tier":"distribution","placement":"underground","from":"gas-T-252","to":"gas-T-238","lengthM":18.87,"sizeMm":100,"diameterIn":3.9,"nominalLabel":"4\" cast iron (lined)","material":"cast iron","depthM":1.0,"pressureKPa":1.74,"pressureTier":"lp","customers":8,"designM3h":22.213,"roadEdge":41}},{"type":"Feature","id":"gas-E353","geometry":{"type":"LineString","coordinates":[[-78.9354166,43.8703767],[-78.9354155,43.8702377],[-78.9353813,43.8701605]]},"properties":{"kind":"distribution","tier":"distribution","placement":"underground","from":"gas-J-58","to":"gas-T-398","lengthM":24.5,"sizeMm":100,"diameterIn":3.9,"nominalLabel":"4\" cast iron (lined)","material":"cast iron","depthM":1.0,"pressureKPa":1.74,"pressureTier":"lp","customers":1,"designM3h":7.431,"roadEdge":80}},{"type":"Feature","id":"gas-E354","geometry":{"type":"LineString","coordinates":[[-78.9354166,43.8703767],[-78.9354717,43.8706369]]},"properties":{"kind":"distribution","tier":"distribution","placement":"underground","from":"gas-J-58","to":"gas-T-402","lengthM":29.3,"sizeMm":100,"diameterIn":3.9,"nominalLabel":"4\" cast iron (lined)","material":"cast iron","depthM":1.0,"pressureKPa":1.74,"pressureTier":"lp","customers":4,"designM3h":14.388,"roadEdge":81}},{"type":"Feature","id":"gas-E355","geometry":{"type":"LineString","coordinates":[[-78.9354166,43.8703767],[-78.9353157,43.8703971],[-78.935289,43.8704026],[-78.9348005,43.8704987]]},"properties":{"kind":"distribution","tier":"distribution","placement":"underground","from":"gas-J-58","to":"gas-T-404","lengthM":51.27,"sizeMm":100,"diameterIn":3.9,"nominalLabel":"4\" cast iron (lined)","material":"cast iron","depthM":1.0,"pressureKPa":1.74,"pressureTier":"lp","customers":11,"designM3h":36.256,"roadEdge":84}},{"type":"Feature","id":"gas-E356","geometry":{"type":"LineString","coordinates":[[-78.9370145,43.8709632],[-78.9369782,43.8710114],[-78.9370162,43.8710981]]},"properties":{"kind":"distribution","tier":"distribution","placement":"underground","from":"gas-J-46","to":"gas-T-315","lengthM":16.23,"sizeMm":100,"diameterIn":3.9,"nominalLabel":"4\" cast iron (lined)","material":"cast iron","depthM":1.0,"pressureKPa":1.74,"pressureTier":"lp","customers":4,"designM3h":20.345,"roadEdge":59}},{"type":"Feature","id":"gas-E357","geometry":{"type":"LineString","coordinates":[[-78.9370145,43.8709632],[-78.9369165,43.8709902],[-78.9364075,43.8711048]]},"properties":{"kind":"distribution","tier":"distribution","placement":"underground","from":"gas-J-46","to":"gas-T-342","lengthM":51.21,"sizeMm":100,"diameterIn":3.9,"nominalLabel":"4\" cast iron (lined)","material":"cast iron","depthM":1.0,"pressureKPa":1.74,"pressureTier":"lp","customers":11,"designM3h":40.596,"roadEdge":67}},{"type":"Feature","id":"gas-E358","geometry":{"type":"LineString","coordinates":[[-78.940525,43.871249],[-78.941049,43.8711317],[-78.9411454,43.8711101]]},"properties":{"kind":"distribution","tier":"distribution","placement":"underground","from":"gas-T-200","to":"gas-J-24","lengthM":52.13,"sizeMm":200,"diameterIn":7.9,"nominalLabel":"8\" cast iron (lined)","material":"cast iron","depthM":1.0,"pressureKPa":1.74,"pressureTier":"lp","customers":61,"designM3h":272.716,"roadEdge":34}},{"type":"Feature","id":"gas-E359","geometry":{"type":"LineString","coordinates":[[-78.9399056,43.8715115],[-78.9399667,43.8716506]]},"properties":{"kind":"distribution","tier":"distribution","placement":"underground","from":"gas-T-219","to":"gas-T-222","lengthM":16.24,"sizeMm":100,"diameterIn":3.9,"nominalLabel":"4\" cast iron (lined)","material":"cast iron","depthM":1.0,"pressureKPa":1.74,"pressureTier":"lp","customers":10,"designM3h":37.14,"roadEdge":39}},{"type":"Feature","id":"gas-E360","geometry":{"type":"LineString","coordinates":[[-78.9397735,43.8712001],[-78.9397056,43.8710395]]},"properties":{"kind":"distribution","tier":"distribution","placement":"underground","from":"gas-T-259","to":"gas-T-266","lengthM":18.7,"sizeMm":100,"diameterIn":3.9,"nominalLabel":"4\" cast iron (lined)","material":"cast iron","depthM":1.0,"pressureKPa":1.74,"pressureTier":"lp","customers":1,"designM3h":0.9,"roadEdge":43}},{"type":"Feature","id":"gas-E361","geometry":{"type":"LineString","coordinates":[[-78.9374491,43.8720766],[-78.9374683,43.8721237],[-78.9375099,43.8722212]]},"properties":{"kind":"distribution","tier":"distribution","placement":"underground","from":"gas-T-292","to":"gas-T-291","lengthM":16.82,"sizeMm":100,"diameterIn":3.9,"nominalLabel":"4\" cast iron (lined)","material":"cast iron","depthM":1.0,"pressureKPa":1.74,"pressureTier":"lp","customers":9,"designM3h":28.955,"roadEdge":52}},{"type":"Feature","id":"gas-E362","geometry":{"type":"LineString","coordinates":[[-78.9373611,43.871792],[-78.9372368,43.8716017]]},"properties":{"kind":"distribution","tier":"distribution","placement":"underground","from":"gas-T-311","to":"gas-T-312","lengthM":23.41,"sizeMm":100,"diameterIn":3.9,"nominalLabel":"4\" cast iron (lined)","material":"cast iron","depthM":1.0,"pressureKPa":1.74,"pressureTier":"lp","customers":2,"designM3h":10.337,"roadEdge":59}},{"type":"Feature","id":"gas-E363","geometry":{"type":"LineString","coordinates":[[-78.9368197,43.8720871],[-78.9363261,43.8721969],[-78.9362284,43.8722215]]},"properties":{"kind":"distribution","tier":"distribution","placement":"underground","from":"gas-T-320","to":"gas-J-52","lengthM":49.76,"sizeMm":100,"diameterIn":3.9,"nominalLabel":"4\" cast iron (lined)","material":"cast iron","depthM":1.0,"pressureKPa":1.74,"pressureTier":"lp","customers":17,"designM3h":55.087,"roadEdge":60}},{"type":"Feature","id":"gas-E364","geometry":{"type":"LineString","coordinates":[[-78.9400022,43.8699634],[-78.9404975,43.8698547],[-78.9406105,43.8698283]]},"properties":{"kind":"distribution","tier":"distribution","placement":"underground","from":"gas-T-203","to":"gas-J-27","lengthM":51.08,"sizeMm":100,"diameterIn":3.9,"nominalLabel":"4\" cast iron (lined)","material":"cast iron","depthM":1.0,"pressureKPa":1.74,"pressureTier":"lp","customers":6,"designM3h":21.443,"roadEdge":37}},{"type":"Feature","id":"gas-E365","geometry":{"type":"LineString","coordinates":[[-78.9395719,43.8707229],[-78.9396373,43.8708778]]},"properties":{"kind":"distribution","tier":"distribution","placement":"underground","from":"gas-T-261","to":"gas-T-260","lengthM":18.02,"sizeMm":100,"diameterIn":3.9,"nominalLabel":"4\" cast iron (lined)","material":"cast iron","depthM":1.0,"pressureKPa":1.74,"pressureTier":"lp","customers":2,"designM3h":10.694,"roadEdge":43}},{"type":"Feature","id":"gas-E366","geometry":{"type":"LineString","coordinates":[[-78.9416048,43.8681344],[-78.9416069,43.8681339]]},"properties":{"kind":"distribution","tier":"distribution","placement":"underground","from":"gas-T-132","to":"gas-T-128","lengthM":0.18,"sizeMm":100,"diameterIn":3.9,"nominalLabel":"4\" cast iron (lined)","material":"cast iron","depthM":1.0,"pressureKPa":1.74,"pressureTier":"lp","customers":5,"designM3h":19.856,"roadEdge":22}},{"type":"Feature","id":"gas-E367","geometry":{"type":"LineString","coordinates":[[-78.9413294,43.8686432],[-78.9413939,43.868791]]},"properties":{"kind":"distribution","tier":"distribution","placement":"underground","from":"gas-T-153","to":"gas-T-158","lengthM":17.25,"sizeMm":100,"diameterIn":3.9,"nominalLabel":"4\" cast iron (lined)","material":"cast iron","depthM":1.0,"pressureKPa":1.74,"pressureTier":"lp","customers":4,"designM3h":16.587,"roadEdge":26}},{"type":"Feature","id":"gas-E368","geometry":{"type":"LineString","coordinates":[[-78.9409409,43.8677603],[-78.9408802,43.8676201]]},"properties":{"kind":"distribution","tier":"distribution","placement":"underground","from":"gas-T-180","to":"gas-T-181","lengthM":16.35,"sizeMm":100,"diameterIn":3.9,"nominalLabel":"4\" cast iron (lined)","material":"cast iron","depthM":1.0,"pressureKPa":1.74,"pressureTier":"lp","customers":8,"designM3h":26.324,"roadEdge":31}},{"type":"Feature","id":"gas-E369","geometry":{"type":"LineString","coordinates":[[-78.9404037,43.8694949],[-78.9405559,43.8695041],[-78.9405866,43.8694977],[-78.9406986,43.8694733]]},"properties":{"kind":"distribution","tier":"distribution","placement":"underground","from":"gas-J-28","to":"gas-T-160","lengthM":24.21,"sizeMm":100,"diameterIn":3.9,"nominalLabel":"4\" cast iron (lined)","material":"cast iron","depthM":1.0,"pressureKPa":1.74,"pressureTier":"lp","customers":9,"designM3h":29.553,"roadEdge":27}},{"type":"Feature","id":"gas-E370","geometry":{"type":"LineString","coordinates":[[-78.9394706,43.867361],[-78.9394048,43.8672093]]},"properties":{"kind":"distribution","tier":"distribution","placement":"underground","from":"gas-T-232","to":"gas-T-247","lengthM":17.69,"sizeMm":100,"diameterIn":3.9,"nominalLabel":"4\" cast iron (lined)","material":"cast iron","depthM":1.0,"pressureKPa":1.74,"pressureTier":"lp","customers":3,"designM3h":10.366,"roadEdge":41}},{"type":"Feature","id":"gas-E371","geometry":{"type":"LineString","coordinates":[[-78.9383157,43.8674617],[-78.9383136,43.8674569]]},"properties":{"kind":"distribution","tier":"distribution","placement":"underground","from":"gas-T-238","to":"gas-T-251","lengthM":0.57,"sizeMm":100,"diameterIn":3.9,"nominalLabel":"4\" cast iron (lined)","material":"cast iron","depthM":1.0,"pressureKPa":1.74,"pressureTier":"lp","customers":7,"designM3h":20.023,"roadEdge":41}},{"type":"Feature","id":"gas-E372","geometry":{"type":"LineString","coordinates":[[-78.9354717,43.8706369],[-78.9355333,43.8707768]]},"properties":{"kind":"distribution","tier":"distribution","placement":"underground","from":"gas-T-402","to":"gas-T-403","lengthM":16.34,"sizeMm":100,"diameterIn":3.9,"nominalLabel":"4\" cast iron (lined)","material":"cast iron","depthM":1.0,"pressureKPa":1.74,"pressureTier":"lp","customers":3,"designM3h":10.594,"roadEdge":81}},{"type":"Feature","id":"gas-E373","geometry":{"type":"LineString","coordinates":[[-78.9348005,43.8704987],[-78.9347837,43.870502]]},"properties":{"kind":"distribution","tier":"distribution","placement":"underground","from":"gas-T-404","to":"gas-T-411","lengthM":1.4,"sizeMm":100,"diameterIn":3.9,"nominalLabel":"4\" cast iron (lined)","material":"cast iron","depthM":1.0,"pressureKPa":1.74,"pressureTier":"lp","customers":10,"designM3h":32.928,"roadEdge":84}},{"type":"Feature","id":"gas-E374","geometry":{"type":"LineString","coordinates":[[-78.9370162,43.8710981],[-78.9370885,43.8712634]]},"properties":{"kind":"distribution","tier":"distribution","placement":"underground","from":"gas-T-315","to":"gas-T-314","lengthM":19.29,"sizeMm":100,"diameterIn":3.9,"nominalLabel":"4\" cast iron (lined)","material":"cast iron","depthM":1.0,"pressureKPa":1.74,"pressureTier":"lp","customers":3,"designM3h":15.756,"roadEdge":59}},{"type":"Feature","id":"gas-E375","geometry":{"type":"LineString","coordinates":[[-78.9364075,43.8711048],[-78.9364035,43.8711057]]},"properties":{"kind":"distribution","tier":"distribution","placement":"underground","from":"gas-T-342","to":"gas-T-345","lengthM":0.34,"sizeMm":100,"diameterIn":3.9,"nominalLabel":"4\" cast iron (lined)","material":"cast iron","depthM":1.0,"pressureKPa":1.74,"pressureTier":"lp","customers":10,"designM3h":37.406,"roadEdge":67}},{"type":"Feature","id":"gas-E376","geometry":{"type":"LineString","coordinates":[[-78.9411454,43.8711101],[-78.941236,43.87109],[-78.9417516,43.8709759]]},"properties":{"kind":"distribution","tier":"distribution","placement":"underground","from":"gas-J-24","to":"gas-T-151","lengthM":50.89,"sizeMm":150,"diameterIn":5.9,"nominalLabel":"6\" cast iron (lined)","material":"cast iron","depthM":1.0,"pressureKPa":1.74,"pressureTier":"lp","customers":46,"designM3h":231.268,"roadEdge":24}},{"type":"Feature","id":"gas-E377","geometry":{"type":"LineString","coordinates":[[-78.9411454,43.8711101],[-78.9411044,43.8711519],[-78.9411366,43.8712274]]},"properties":{"kind":"distribution","tier":"distribution","placement":"underground","from":"gas-J-24","to":"gas-T-167","lengthM":14.49,"sizeMm":100,"diameterIn":3.9,"nominalLabel":"4\" cast iron (lined)","material":"cast iron","depthM":1.0,"pressureKPa":1.74,"pressureTier":"lp","customers":9,"designM3h":32.517,"roadEdge":28}},{"type":"Feature","id":"gas-E378","geometry":{"type":"LineString","coordinates":[[-78.9411454,43.8711101],[-78.9410458,43.8710123],[-78.9410112,43.8709294]]},"properties":{"kind":"distribution","tier":"distribution","placement":"underground","from":"gas-J-24","to":"gas-T-189","lengthM":23.14,"sizeMm":100,"diameterIn":3.9,"nominalLabel":"4\" cast iron (lined)","material":"cast iron","depthM":1.0,"pressureKPa":1.74,"pressureTier":"lp","customers":6,"designM3h":22.283,"roadEdge":33}},{"type":"Feature","id":"gas-E379","geometry":{"type":"LineString","coordinates":[[-78.9399667,43.8716506],[-78.9399687,43.8716552]]},"properties":{"kind":"distribution","tier":"distribution","placement":"underground","from":"gas-T-222","to":"gas-T-218","lengthM":0.53,"sizeMm":100,"diameterIn":3.9,"nominalLabel":"4\" cast iron (lined)","material":"cast iron","depthM":1.0,"pressureKPa":1.74,"pressureTier":"lp","customers":9,"designM3h":33.84,"roadEdge":39}},{"type":"Feature","id":"gas-E380","geometry":{"type":"LineString","coordinates":[[-78.9375099,43.8722212],[-78.9375693,43.8723605]]},"properties":{"kind":"distribution","tier":"distribution","placement":"underground","from":"gas-T-291","to":"gas-T-297","lengthM":16.22,"sizeMm":100,"diameterIn":3.9,"nominalLabel":"4\" cast iron (lined)","material":"cast iron","depthM":1.0,"pressureKPa":1.74,"pressureTier":"lp","customers":8,"designM3h":26.607,"roadEdge":52}},{"type":"Feature","id":"gas-E381","geometry":{"type":"LineString","coordinates":[[-78.9372368,43.8716017],[-78.9372347,43.8715969]]},"properties":{"kind":"distribution","tier":"distribution","placement":"underground","from":"gas-T-312","to":"gas-T-317","lengthM":0.57,"sizeMm":100,"diameterIn":3.9,"nominalLabel":"4\" cast iron (lined)","material":"cast iron","depthM":1.0,"pressureKPa":1.74,"pressureTier":"lp","customers":1,"designM3h":5.81,"roadEdge":59}},{"type":"Feature","id":"gas-E382","geometry":{"type":"LineString","coordinates":[[-78.9362284,43.8722215],[-78.9361878,43.8722655],[-78.9362227,43.8723461]]},"properties":{"kind":"distribution","tier":"distribution","placement":"underground","from":"gas-J-52","to":"gas-T-333","lengthM":15.28,"sizeMm":100,"diameterIn":3.9,"nominalLabel":"4\" cast iron (lined)","material":"cast iron","depthM":1.0,"pressureKPa":1.74,"pressureTier":"lp","customers":9,"designM3h":34.099,"roadEdge":63}},{"type":"Feature","id":"gas-E383","geometry":{"type":"LineString","coordinates":[[-78.9362284,43.8722215],[-78.9361243,43.8721298],[-78.9360869,43.8720437]]},"properties":{"kind":"distribution","tier":"distribution","placement":"underground","from":"gas-J-52","to":"gas-T-365","lengthM":23.23,"sizeMm":100,"diameterIn":3.9,"nominalLabel":"4\" cast iron (lined)","material":"cast iron","depthM":1.0,"pressureKPa":1.74,"pressureTier":"lp","customers":4,"designM3h":13.224,"roadEdge":78}},{"type":"Feature","id":"gas-E384","geometry":{"type":"LineString","coordinates":[[-78.9362284,43.8722215],[-78.9361325,43.8722391],[-78.9355796,43.8723618]]},"properties":{"kind":"distribution","tier":"distribution","placement":"underground","from":"gas-J-52","to":"gas-T-373","lengthM":54.36,"sizeMm":100,"diameterIn":3.9,"nominalLabel":"4\" cast iron (lined)","material":"cast iron","depthM":1.0,"pressureKPa":1.74,"pressureTier":"lp","customers":4,"designM3h":14.916,"roadEdge":79}},{"type":"Feature","id":"gas-E385","geometry":{"type":"LineString","coordinates":[[-78.9406105,43.8698283],[-78.940606,43.8699604]]},"properties":{"kind":"distribution","tier":"distribution","placement":"underground","from":"gas-J-27","to":"gas-T-199","lengthM":14.71,"sizeMm":100,"diameterIn":3.9,"nominalLabel":"4\" cast iron (lined)","material":"cast iron","depthM":1.0,"pressureKPa":1.74,"pressureTier":"lp","customers":5,"designM3h":18.073,"roadEdge":33}},{"type":"Feature","id":"gas-E386","geometry":{"type":"LineString","coordinates":[[-78.9406105,43.8698283],[-78.9405195,43.8697558],[-78.9404718,43.8696484]]},"properties":{"kind":"distribution","tier":"distribution","placement":"underground","from":"gas-J-27","to":"gas-T-202","lengthM":23.44,"sizeMm":100,"diameterIn":3.9,"nominalLabel":"4\" cast iron (lined)","material":"cast iron","depthM":1.0,"pressureKPa":1.74,"pressureTier":"lp","customers":1,"designM3h":5.477,"roadEdge":36}},{"type":"Feature","id":"gas-E387","geometry":{"type":"LineString","coordinates":[[-78.9396373,43.8708778],[-78.9396387,43.8708811]]},"properties":{"kind":"distribution","tier":"distribution","placement":"underground","from":"gas-T-260","to":"gas-T-267","lengthM":0.38,"sizeMm":100,"diameterIn":3.9,"nominalLabel":"4\" cast iron (lined)","material":"cast iron","depthM":1.0,"pressureKPa":1.74,"pressureTier":"lp","customers":1,"designM3h":5.996,"roadEdge":43}},{"type":"Feature","id":"gas-E388","geometry":{"type":"LineString","coordinates":[[-78.9416069,43.8681339],[-78.9417936,43.8680907]]},"properties":{"kind":"distribution","tier":"distribution","placement":"underground","from":"gas-T-128","to":"gas-T-127","lengthM":15.73,"sizeMm":100,"diameterIn":3.9,"nominalLabel":"4\" cast iron (lined)","material":"cast iron","depthM":1.0,"pressureKPa":1.74,"pressureTier":"lp","customers":4,"designM3h":17.651,"roadEdge":22}},{"type":"Feature","id":"gas-E389","geometry":{"type":"LineString","coordinates":[[-78.9413939,43.868791],[-78.9414601,43.8689427]]},"properties":{"kind":"distribution","tier":"distribution","placement":"underground","from":"gas-T-158","to":"gas-T-157","lengthM":17.7,"sizeMm":100,"diameterIn":3.9,"nominalLabel":"4\" cast iron (lined)","material":"cast iron","depthM":1.0,"pressureKPa":1.74,"pressureTier":"lp","customers":3,"designM3h":12.179,"roadEdge":26}},{"type":"Feature","id":"gas-E390","geometry":{"type":"LineString","coordinates":[[-78.9408802,43.8676201],[-78.9408726,43.8676027]]},"properties":{"kind":"distribution","tier":"distribution","placement":"underground","from":"gas-T-181","to":"gas-T-176","lengthM":2.03,"sizeMm":100,"diameterIn":3.9,"nominalLabel":"4\" cast iron (lined)","material":"cast iron","depthM":1.0,"pressureKPa":1.74,"pressureTier":"lp","customers":7,"designM3h":24.074,"roadEdge":31}},{"type":"Feature","id":"gas-E391","geometry":{"type":"LineString","coordinates":[[-78.9406986,43.8694733],[-78.9407038,43.8694722]]},"properties":{"kind":"distribution","tier":"distribution","placement":"underground","from":"gas-T-160","to":"gas-T-162","lengthM":0.44,"sizeMm":100,"diameterIn":3.9,"nominalLabel":"4\" cast iron (lined)","material":"cast iron","depthM":1.0,"pressureKPa":1.74,"pressureTier":"lp","customers":8,"designM3h":26.036,"roadEdge":27}},{"type":"Feature","id":"gas-E392","geometry":{"type":"LineString","coordinates":[[-78.9394048,43.8672093],[-78.939338,43.8670553]]},"properties":{"kind":"distribution","tier":"distribution","placement":"underground","from":"gas-T-247","to":"gas-T-233","lengthM":17.97,"sizeMm":100,"diameterIn":3.9,"nominalLabel":"4\" cast iron (lined)","material":"cast iron","depthM":1.0,"pressureKPa":1.74,"pressureTier":"lp","customers":2,"designM3h":6.419,"roadEdge":41}},{"type":"Feature","id":"gas-E393","geometry":{"type":"LineString","coordinates":[[-78.9383136,43.8674569],[-78.9382485,43.8672998]]},"properties":{"kind":"distribution","tier":"distribution","placement":"underground","from":"gas-T-251","to":"gas-T-237","lengthM":18.25,"sizeMm":100,"diameterIn":3.9,"nominalLabel":"4\" cast iron (lined)","material":"cast iron","depthM":1.0,"pressureKPa":1.74,"pressureTier":"lp","customers":6,"designM3h":17.675,"roadEdge":41}},{"type":"Feature","id":"gas-E394","geometry":{"type":"LineString","coordinates":[[-78.9355333,43.8707768],[-78.9355337,43.8707777]]},"properties":{"kind":"distribution","tier":"distribution","placement":"underground","from":"gas-T-403","to":"gas-T-401","lengthM":0.1,"sizeMm":100,"diameterIn":3.9,"nominalLabel":"4\" cast iron (lined)","material":"cast iron","depthM":1.0,"pressureKPa":1.74,"pressureTier":"lp","customers":2,"designM3h":8.21,"roadEdge":81}},{"type":"Feature","id":"gas-E395","geometry":{"type":"LineString","coordinates":[[-78.9347837,43.870502],[-78.9346372,43.8705309],[-78.9345358,43.8705343]]},"properties":{"kind":"distribution","tier":"distribution","placement":"underground","from":"gas-T-411","to":"gas-T-412","lengthM":20.33,"sizeMm":100,"diameterIn":3.9,"nominalLabel":"4\" cast iron (lined)","material":"cast iron","depthM":1.0,"pressureKPa":1.74,"pressureTier":"lp","customers":9,"designM3h":28.852,"roadEdge":84}},{"type":"Feature","id":"gas-E396","geometry":{"type":"LineString","coordinates":[[-78.9370885,43.8712634],[-78.9371614,43.8714296]]},"properties":{"kind":"distribution","tier":"distribution","placement":"underground","from":"gas-T-314","to":"gas-T-318","lengthM":19.4,"sizeMm":100,"diameterIn":3.9,"nominalLabel":"4\" cast iron (lined)","material":"cast iron","depthM":1.0,"pressureKPa":1.74,"pressureTier":"lp","customers":2,"designM3h":11.363,"roadEdge":59}},{"type":"Feature","id":"gas-E397","geometry":{"type":"LineString","coordinates":[[-78.9364035,43.8711057],[-78.9362128,43.8711487]]},"properties":{"kind":"distribution","tier":"distribution","placement":"underground","from":"gas-T-345","to":"gas-T-343","lengthM":16.03,"sizeMm":100,"diameterIn":3.9,"nominalLabel":"4\" cast iron (lined)","material":"cast iron","depthM":1.0,"pressureKPa":1.74,"pressureTier":"lp","customers":9,"designM3h":35.295,"roadEdge":67}},{"type":"Feature","id":"gas-E398","geometry":{"type":"LineString","coordinates":[[-78.9417516,43.8709759],[-78.9417588,43.8709743]]},"properties":{"kind":"distribution","tier":"distribution","placement":"underground","from":"gas-T-151","to":"gas-T-150","lengthM":0.61,"sizeMm":150,"diameterIn":5.9,"nominalLabel":"6\" cast iron (lined)","material":"cast iron","depthM":1.0,"pressureKPa":1.74,"pressureTier":"lp","customers":45,"designM3h":228.489,"roadEdge":24}},{"type":"Feature","id":"gas-E399","geometry":{"type":"LineString","coordinates":[[-78.9411366,43.8712274],[-78.9411976,43.8713702]]},"properties":{"kind":"distribution","tier":"distribution","placement":"underground","from":"gas-T-167","to":"gas-T-170","lengthM":16.63,"sizeMm":100,"diameterIn":3.9,"nominalLabel":"4\" cast iron (lined)","material":"cast iron","depthM":1.0,"pressureKPa":1.74,"pressureTier":"lp","customers":8,"designM3h":32.401,"roadEdge":28}},{"type":"Feature","id":"gas-E400","geometry":{"type":"LineString","coordinates":[[-78.9410112,43.8709294],[-78.941008,43.8709219]]},"properties":{"kind":"distribution","tier":"distribution","placement":"underground","from":"gas-T-189","to":"gas-T-194","lengthM":0.87,"sizeMm":100,"diameterIn":3.9,"nominalLabel":"4\" cast iron (lined)","material":"cast iron","depthM":1.0,"pressureKPa":1.74,"pressureTier":"lp","customers":5,"designM3h":18.548,"roadEdge":33}},{"type":"Feature","id":"gas-E401","geometry":{"type":"LineString","coordinates":[[-78.9399687,43.8716552],[-78.9400289,43.871792]]},"properties":{"kind":"distribution","tier":"distribution","placement":"underground","from":"gas-T-218","to":"gas-T-217","lengthM":15.98,"sizeMm":100,"diameterIn":3.9,"nominalLabel":"4\" cast iron (lined)","material":"cast iron","depthM":1.0,"pressureKPa":1.74,"pressureTier":"lp","customers":8,"designM3h":30.322,"roadEdge":39}},{"type":"Feature","id":"gas-E402","geometry":{"type":"LineString","coordinates":[[-78.9375693,43.8723605],[-78.9375737,43.8723708]]},"properties":{"kind":"distribution","tier":"distribution","placement":"underground","from":"gas-T-297","to":"gas-T-290","lengthM":1.21,"sizeMm":100,"diameterIn":3.9,"nominalLabel":"4\" cast iron (lined)","material":"cast iron","depthM":1.0,"pressureKPa":1.74,"pressureTier":"lp","customers":7,"designM3h":24.069,"roadEdge":52}},{"type":"Feature","id":"gas-E403","geometry":{"type":"LineString","coordinates":[[-78.9362227,43.8723461],[-78.9362834,43.8724859]]},"properties":{"kind":"distribution","tier":"distribution","placement":"underground","from":"gas-T-333","to":"gas-T-337","lengthM":16.31,"sizeMm":100,"diameterIn":3.9,"nominalLabel":"4\" cast iron (lined)","material":"cast iron","depthM":1.0,"pressureKPa":1.74,"pressureTier":"lp","customers":8,"designM3h":30.704,"roadEdge":63}},{"type":"Feature","id":"gas-E404","geometry":{"type":"LineString","coordinates":[[-78.9360869,43.8720437],[-78.9360852,43.8720399]]},"properties":{"kind":"distribution","tier":"distribution","placement":"underground","from":"gas-T-365","to":"gas-T-370","lengthM":0.44,"sizeMm":100,"diameterIn":3.9,"nominalLabel":"4\" cast iron (lined)","material":"cast iron","depthM":1.0,"pressureKPa":1.74,"pressureTier":"lp","customers":3,"designM3h":13.197,"roadEdge":78}},{"type":"Feature","id":"gas-E405","geometry":{"type":"LineString","coordinates":[[-78.9355796,43.8723618],[-78.9355729,43.8723633]]},"properties":{"kind":"distribution","tier":"distribution","placement":"underground","from":"gas-T-373","to":"gas-T-379","lengthM":0.56,"sizeMm":100,"diameterIn":3.9,"nominalLabel":"4\" cast iron (lined)","material":"cast iron","depthM":1.0,"pressureKPa":1.74,"pressureTier":"lp","customers":3,"designM3h":11.17,"roadEdge":79}},{"type":"Feature","id":"gas-E406","geometry":{"type":"LineString","coordinates":[[-78.940606,43.8699604],[-78.9406745,43.8701242]]},"properties":{"kind":"distribution","tier":"distribution","placement":"underground","from":"gas-T-199","to":"gas-T-198","lengthM":19.04,"sizeMm":100,"diameterIn":3.9,"nominalLabel":"4\" cast iron (lined)","material":"cast iron","depthM":1.0,"pressureKPa":1.74,"pressureTier":"lp","customers":4,"designM3h":14.487,"roadEdge":33}},{"type":"Feature","id":"gas-E407","geometry":{"type":"LineString","coordinates":[[-78.9417936,43.8680907],[-78.9418095,43.868087]]},"properties":{"kind":"distribution","tier":"distribution","placement":"underground","from":"gas-T-127","to":"gas-T-131","lengthM":1.34,"sizeMm":100,"diameterIn":3.9,"nominalLabel":"4\" cast iron (lined)","material":"cast iron","depthM":1.0,"pressureKPa":1.74,"pressureTier":"lp","customers":3,"designM3h":14.0,"roadEdge":22}},{"type":"Feature","id":"gas-E408","geometry":{"type":"LineString","coordinates":[[-78.9414601,43.8689427],[-78.9415246,43.8690903]]},"properties":{"kind":"distribution","tier":"distribution","placement":"underground","from":"gas-T-157","to":"gas-T-152","lengthM":17.23,"sizeMm":100,"diameterIn":3.9,"nominalLabel":"4\" cast iron (lined)","material":"cast iron","depthM":1.0,"pressureKPa":1.74,"pressureTier":"lp","customers":2,"designM3h":7.761,"roadEdge":26}},{"type":"Feature","id":"gas-E409","geometry":{"type":"LineString","coordinates":[[-78.9408726,43.8676027],[-78.9408142,43.8674678]]},"properties":{"kind":"distribution","tier":"distribution","placement":"underground","from":"gas-T-176","to":"gas-T-182","lengthM":15.73,"sizeMm":100,"diameterIn":3.9,"nominalLabel":"4\" cast iron (lined)","material":"cast iron","depthM":1.0,"pressureKPa":1.74,"pressureTier":"lp","customers":6,"designM3h":21.742,"roadEdge":31}},{"type":"Feature","id":"gas-E410","geometry":{"type":"LineString","coordinates":[[-78.9407038,43.8694722],[-78.9409347,43.8694219]]},"properties":{"kind":"distribution","tier":"distribution","placement":"underground","from":"gas-T-162","to":"gas-T-159","lengthM":19.35,"sizeMm":100,"diameterIn":3.9,"nominalLabel":"4\" cast iron (lined)","material":"cast iron","depthM":1.0,"pressureKPa":1.74,"pressureTier":"lp","customers":7,"designM3h":22.046,"roadEdge":27}},{"type":"Feature","id":"gas-E411","geometry":{"type":"LineString","coordinates":[[-78.939338,43.8670553],[-78.9393346,43.8670474]]},"properties":{"kind":"distribution","tier":"distribution","placement":"underground","from":"gas-T-233","to":"gas-T-248","lengthM":0.92,"sizeMm":100,"diameterIn":3.9,"nominalLabel":"4\" cast iron (lined)","material":"cast iron","depthM":1.0,"pressureKPa":1.74,"pressureTier":"lp","customers":1,"designM3h":3.813,"roadEdge":41}},{"type":"Feature","id":"gas-E412","geometry":{"type":"LineString","coordinates":[[-78.9382485,43.8672998],[-78.9382452,43.8672919]]},"properties":{"kind":"distribution","tier":"distribution","placement":"underground","from":"gas-T-237","to":"gas-T-250","lengthM":0.91,"sizeMm":100,"diameterIn":3.9,"nominalLabel":"4\" cast iron (lined)","material":"cast iron","depthM":1.0,"pressureKPa":1.74,"pressureTier":"lp","customers":5,"designM3h":15.798,"roadEdge":41}},{"type":"Feature","id":"gas-E413","geometry":{"type":"LineString","coordinates":[[-78.9355337,43.8707777],[-78.9355949,43.8709166]]},"properties":{"kind":"distribution","tier":"distribution","placement":"underground","from":"gas-T-401","to":"gas-T-400","lengthM":16.23,"sizeMm":100,"diameterIn":3.9,"nominalLabel":"4\" cast iron (lined)","material":"cast iron","depthM":1.0,"pressureKPa":1.74,"pressureTier":"lp","customers":1,"designM3h":6.071,"roadEdge":81}},{"type":"Feature","id":"gas-E414","geometry":{"type":"LineString","coordinates":[[-78.9345358,43.8705343],[-78.9344971,43.8705356],[-78.9343719,43.8705196],[-78.9342553,43.870487],[-78.9341414,43.8704389],[-78.934071,43.8704074]]},"properties":{"kind":"distribution","tier":"distribution","placement":"underground","from":"gas-T-412","to":"gas-T-405","lengthM":40.59,"sizeMm":100,"diameterIn":3.9,"nominalLabel":"4\" cast iron (lined)","material":"cast iron","depthM":1.0,"pressureKPa":1.74,"pressureTier":"lp","customers":8,"designM3h":27.187,"roadEdge":84}},{"type":"Feature","id":"gas-E415","geometry":{"type":"LineString","coordinates":[[-78.9371614,43.8714296],[-78.9371622,43.8714315]]},"properties":{"kind":"distribution","tier":"distribution","placement":"underground","from":"gas-T-318","to":"gas-T-313","lengthM":0.23,"sizeMm":100,"diameterIn":3.9,"nominalLabel":"4\" cast iron (lined)","material":"cast iron","depthM":1.0,"pressureKPa":1.74,"pressureTier":"lp","customers":1,"designM3h":6.596,"roadEdge":59}},{"type":"Feature","id":"gas-E416","geometry":{"type":"LineString","coordinates":[[-78.9362128,43.8711487],[-78.9362025,43.871151]]},"properties":{"kind":"distribution","tier":"distribution","placement":"underground","from":"gas-T-343","to":"gas-T-346","lengthM":0.86,"sizeMm":100,"diameterIn":3.9,"nominalLabel":"4\" cast iron (lined)","material":"cast iron","depthM":1.0,"pressureKPa":1.74,"pressureTier":"lp","customers":8,"designM3h":31.736,"roadEdge":67}},{"type":"Feature","id":"gas-E417","geometry":{"type":"LineString","coordinates":[[-78.9417588,43.8709743],[-78.9422565,43.8708641],[-78.9423599,43.8708407]]},"properties":{"kind":"distribution","tier":"distribution","placement":"underground","from":"gas-T-150","to":"gas-J-17","lengthM":50.47,"sizeMm":150,"diameterIn":5.9,"nominalLabel":"6\" cast iron (lined)","material":"cast iron","depthM":1.0,"pressureKPa":1.74,"pressureTier":"lp","customers":44,"designM3h":225.655,"roadEdge":24}},{"type":"Feature","id":"gas-E418","geometry":{"type":"LineString","coordinates":[[-78.9411976,43.8713702],[-78.9411993,43.8713741]]},"properties":{"kind":"distribution","tier":"distribution","placement":"underground","from":"gas-T-170","to":"gas-T-166","lengthM":0.46,"sizeMm":100,"diameterIn":3.9,"nominalLabel":"4\" cast iron (lined)","material":"cast iron","depthM":1.0,"pressureKPa":1.74,"pressureTier":"lp","customers":7,"designM3h":28.812,"roadEdge":28}},{"type":"Feature","id":"gas-E419","geometry":{"type":"LineString","coordinates":[[-78.941008,43.8709219],[-78.9409437,43.8707682]]},"properties":{"kind":"distribution","tier":"distribution","placement":"underground","from":"gas-T-194","to":"gas-T-190","lengthM":17.88,"sizeMm":100,"diameterIn":3.9,"nominalLabel":"4\" cast iron (lined)","material":"cast iron","depthM":1.0,"pressureKPa":1.74,"pressureTier":"lp","customers":4,"designM3h":16.298,"roadEdge":33}},{"type":"Feature","id":"gas-E420","geometry":{"type":"LineString","coordinates":[[-78.9400289,43.871792],[-78.940029,43.8717922]]},"properties":{"kind":"distribution","tier":"distribution","placement":"underground","from":"gas-T-217","to":"gas-T-221","lengthM":0.02,"sizeMm":100,"diameterIn":3.9,"nominalLabel":"4\" cast iron (lined)","material":"cast iron","depthM":1.0,"pressureKPa":1.74,"pressureTier":"lp","customers":7,"designM3h":26.826,"roadEdge":39}},{"type":"Feature","id":"gas-E421","geometry":{"type":"LineString","coordinates":[[-78.9375737,43.8723708],[-78.937633,43.87251]]},"properties":{"kind":"distribution","tier":"distribution","placement":"underground","from":"gas-T-290","to":"gas-T-296","lengthM":16.21,"sizeMm":100,"diameterIn":3.9,"nominalLabel":"4\" cast iron (lined)","material":"cast iron","depthM":1.0,"pressureKPa":1.74,"pressureTier":"lp","customers":6,"designM3h":20.26,"roadEdge":52}},{"type":"Feature","id":"gas-E422","geometry":{"type":"LineString","coordinates":[[-78.9362834,43.8724859],[-78.9363465,43.8726312]]},"properties":{"kind":"distribution","tier":"distribution","placement":"underground","from":"gas-T-337","to":"gas-T-336","lengthM":16.96,"sizeMm":100,"diameterIn":3.9,"nominalLabel":"4\" cast iron (lined)","material":"cast iron","depthM":1.0,"pressureKPa":1.74,"pressureTier":"lp","customers":7,"designM3h":26.983,"roadEdge":63}},{"type":"Feature","id":"gas-E423","geometry":{"type":"LineString","coordinates":[[-78.9360852,43.8720399],[-78.9360127,43.8718732]]},"properties":{"kind":"distribution","tier":"distribution","placement":"underground","from":"gas-T-370","to":"gas-T-371","lengthM":19.45,"sizeMm":100,"diameterIn":3.9,"nominalLabel":"4\" cast iron (lined)","material":"cast iron","depthM":1.0,"pressureKPa":1.74,"pressureTier":"lp","customers":2,"designM3h":10.933,"roadEdge":78}},{"type":"Feature","id":"gas-E424","geometry":{"type":"LineString","coordinates":[[-78.9355729,43.8723633],[-78.9353655,43.8724093]]},"properties":{"kind":"distribution","tier":"distribution","placement":"underground","from":"gas-T-379","to":"gas-T-380","lengthM":17.42,"sizeMm":100,"diameterIn":3.9,"nominalLabel":"4\" cast iron (lined)","material":"cast iron","depthM":1.0,"pressureKPa":1.74,"pressureTier":"lp","customers":2,"designM3h":6.376,"roadEdge":79}},{"type":"Feature","id":"gas-E425","geometry":{"type":"LineString","coordinates":[[-78.9406745,43.8701242],[-78.9406943,43.8701716],[-78.9407396,43.87028]]},"properties":{"kind":"distribution","tier":"distribution","placement":"underground","from":"gas-T-198","to":"gas-T-193","lengthM":18.12,"sizeMm":100,"diameterIn":3.9,"nominalLabel":"4\" cast iron (lined)","material":"cast iron","depthM":1.0,"pressureKPa":1.74,"pressureTier":"lp","customers":3,"designM3h":9.996,"roadEdge":33}},{"type":"Feature","id":"gas-E426","geometry":{"type":"LineString","coordinates":[[-78.9418095,43.868087],[-78.9419882,43.8680457]]},"properties":{"kind":"distribution","tier":"distribution","placement":"underground","from":"gas-T-131","to":"gas-T-126","lengthM":15.06,"sizeMm":100,"diameterIn":3.9,"nominalLabel":"4\" cast iron (lined)","material":"cast iron","depthM":1.0,"pressureKPa":1.74,"pressureTier":"lp","customers":2,"designM3h":9.828,"roadEdge":22}},{"type":"Feature","id":"gas-E427","geometry":{"type":"LineString","coordinates":[[-78.9415246,43.8690903],[-78.941525,43.8690912]]},"properties":{"kind":"distribution","tier":"distribution","placement":"underground","from":"gas-T-152","to":"gas-T-156","lengthM":0.1,"sizeMm":100,"diameterIn":3.9,"nominalLabel":"4\" cast iron (lined)","material":"cast iron","depthM":1.0,"pressureKPa":1.74,"pressureTier":"lp","customers":1,"designM3h":5.127,"roadEdge":26}},{"type":"Feature","id":"gas-E428","geometry":{"type":"LineString","coordinates":[[-78.9408142,43.8674678],[-78.9408113,43.8674611]]},"properties":{"kind":"distribution","tier":"distribution","placement":"underground","from":"gas-T-182","to":"gas-T-177","lengthM":0.78,"sizeMm":100,"diameterIn":3.9,"nominalLabel":"4\" cast iron (lined)","material":"cast iron","depthM":1.0,"pressureKPa":1.74,"pressureTier":"lp","customers":5,"designM3h":19.381,"roadEdge":31}},{"type":"Feature","id":"gas-E429","geometry":{"type":"LineString","coordinates":[[-78.9409347,43.8694219],[-78.9409502,43.8694185]]},"properties":{"kind":"distribution","tier":"distribution","placement":"underground","from":"gas-T-159","to":"gas-T-161","lengthM":1.3,"sizeMm":100,"diameterIn":3.9,"nominalLabel":"4\" cast iron (lined)","material":"cast iron","depthM":1.0,"pressureKPa":1.74,"pressureTier":"lp","customers":6,"designM3h":19.464,"roadEdge":27}},{"type":"Feature","id":"gas-E430","geometry":{"type":"LineString","coordinates":[[-78.9382452,43.8672919],[-78.9382041,43.8671928],[-78.9381966,43.8671669],[-78.9381945,43.8671407],[-78.9382003,43.8671214],[-78.9382181,43.8670927],[-78.9383054,43.8670475],[-78.9384152,43.8670015]]},"properties":{"kind":"distribution","tier":"distribution","placement":"underground","from":"gas-T-250","to":"gas-T-236","lengthM":41.89,"sizeMm":100,"diameterIn":3.9,"nominalLabel":"4\" cast iron (lined)","material":"cast iron","depthM":1.0,"pressureKPa":1.74,"pressureTier":"lp","customers":4,"designM3h":11.635,"roadEdge":41}},{"type":"Feature","id":"gas-E431","geometry":{"type":"LineString","coordinates":[[-78.934071,43.8704074],[-78.9340519,43.8703988]]},"properties":{"kind":"distribution","tier":"distribution","placement":"underground","from":"gas-T-405","to":"gas-T-413","lengthM":1.81,"sizeMm":100,"diameterIn":3.9,"nominalLabel":"4\" cast iron (lined)","material":"cast iron","depthM":1.0,"pressureKPa":1.74,"pressureTier":"lp","customers":7,"designM3h":23.975,"roadEdge":84}},{"type":"Feature","id":"gas-E432","geometry":{"type":"LineString","coordinates":[[-78.9362025,43.871151],[-78.9360048,43.8711955]]},"properties":{"kind":"distribution","tier":"distribution","placement":"underground","from":"gas-T-346","to":"gas-T-344","lengthM":16.62,"sizeMm":100,"diameterIn":3.9,"nominalLabel":"4\" cast iron (lined)","material":"cast iron","depthM":1.0,"pressureKPa":1.74,"pressureTier":"lp","customers":7,"designM3h":28.289,"roadEdge":67}},{"type":"Feature","id":"gas-E433","geometry":{"type":"LineString","coordinates":[[-78.9423599,43.8708407],[-78.9424645,43.8708174],[-78.9430799,43.8706799]]},"properties":{"kind":"distribution","tier":"distribution","placement":"underground","from":"gas-J-17","to":"gas-T-119","lengthM":60.5,"sizeMm":150,"diameterIn":5.9,"nominalLabel":"6\" cast iron (lined)","material":"cast iron","depthM":1.0,"pressureKPa":1.74,"pressureTier":"lp","customers":28,"designM3h":183.023,"roadEdge":16}},{"type":"Feature","id":"gas-E434","geometry":{"type":"LineString","coordinates":[[-78.9423599,43.8708407],[-78.9423231,43.8708934],[-78.9423281,43.8709052],[-78.9423529,43.8709637]]},"properties":{"kind":"distribution","tier":"distribution","placement":"underground","from":"gas-J-17","to":"gas-T-124","lengthM":14.75,"sizeMm":100,"diameterIn":3.9,"nominalLabel":"4\" cast iron (lined)","material":"cast iron","depthM":1.0,"pressureKPa":1.74,"pressureTier":"lp","customers":5,"designM3h":15.526,"roadEdge":18}},{"type":"Feature","id":"gas-E435","geometry":{"type":"LineString","coordinates":[[-78.9423599,43.8708407],[-78.9422567,43.8707401],[-78.9422484,43.8707211],[-78.9422257,43.8706701]]},"properties":{"kind":"distribution","tier":"distribution","placement":"underground","from":"gas-J-17","to":"gas-T-134","lengthM":22.1,"sizeMm":100,"diameterIn":3.9,"nominalLabel":"4\" cast iron (lined)","material":"cast iron","depthM":1.0,"pressureKPa":1.74,"pressureTier":"lp","customers":11,"designM3h":40.909,"roadEdge":23}},{"type":"Feature","id":"gas-E436","geometry":{"type":"LineString","coordinates":[[-78.9411993,43.8713741],[-78.9412622,43.8715213]]},"properties":{"kind":"distribution","tier":"distribution","placement":"underground","from":"gas-T-166","to":"gas-T-169","lengthM":17.14,"sizeMm":100,"diameterIn":3.9,"nominalLabel":"4\" cast iron (lined)","material":"cast iron","depthM":1.0,"pressureKPa":1.74,"pressureTier":"lp","customers":6,"designM3h":25.176,"roadEdge":28}},{"type":"Feature","id":"gas-E437","geometry":{"type":"LineString","coordinates":[[-78.9409437,43.8707682],[-78.940942,43.8707641]]},"properties":{"kind":"distribution","tier":"distribution","placement":"underground","from":"gas-T-190","to":"gas-T-195","lengthM":0.47,"sizeMm":100,"diameterIn":3.9,"nominalLabel":"4\" cast iron (lined)","material":"cast iron","depthM":1.0,"pressureKPa":1.74,"pressureTier":"lp","customers":3,"designM3h":12.029,"roadEdge":33}},{"type":"Feature","id":"gas-E438","geometry":{"type":"LineString","coordinates":[[-78.940029,43.8717922],[-78.9400908,43.871933]]},"properties":{"kind":"distribution","tier":"distribution","placement":"underground","from":"gas-T-221","to":"gas-T-220","lengthM":16.44,"sizeMm":100,"diameterIn":3.9,"nominalLabel":"4\" cast iron (lined)","material":"cast iron","depthM":1.0,"pressureKPa":1.74,"pressureTier":"lp","customers":6,"designM3h":23.512,"roadEdge":39}},{"type":"Feature","id":"gas-E439","geometry":{"type":"LineString","coordinates":[[-78.937633,43.87251],[-78.9376365,43.8725182]]},"properties":{"kind":"distribution","tier":"distribution","placement":"underground","from":"gas-T-296","to":"gas-T-289","lengthM":0.95,"sizeMm":100,"diameterIn":3.9,"nominalLabel":"4\" cast iron (lined)","material":"cast iron","depthM":1.0,"pressureKPa":1.74,"pressureTier":"lp","customers":5,"designM3h":17.639,"roadEdge":52}},{"type":"Feature","id":"gas-E440","geometry":{"type":"LineString","coordinates":[[-78.9363465,43.8726312],[-78.936348,43.8726347]]},"properties":{"kind":"distribution","tier":"distribution","placement":"underground","from":"gas-T-336","to":"gas-T-332","lengthM":0.4,"sizeMm":100,"diameterIn":3.9,"nominalLabel":"4\" cast iron (lined)","material":"cast iron","depthM":1.0,"pressureKPa":1.74,"pressureTier":"lp","customers":6,"designM3h":23.38,"roadEdge":63}},{"type":"Feature","id":"gas-E441","geometry":{"type":"LineString","coordinates":[[-78.9360127,43.8718732],[-78.9360118,43.8718712]]},"properties":{"kind":"distribution","tier":"distribution","placement":"underground","from":"gas-T-371","to":"gas-T-366","lengthM":0.24,"sizeMm":100,"diameterIn":3.9,"nominalLabel":"4\" cast iron (lined)","material":"cast iron","depthM":1.0,"pressureKPa":1.74,"pressureTier":"lp","customers":1,"designM3h":6.805,"roadEdge":78}},{"type":"Feature","id":"gas-E442","geometry":{"type":"LineString","coordinates":[[-78.9353655,43.8724093],[-78.9353613,43.8724103]]},"properties":{"kind":"distribution","tier":"distribution","placement":"underground","from":"gas-T-380","to":"gas-T-374","lengthM":0.36,"sizeMm":100,"diameterIn":3.9,"nominalLabel":"4\" cast iron (lined)","material":"cast iron","depthM":1.0,"pressureKPa":1.74,"pressureTier":"lp","customers":1,"designM3h":6.57,"roadEdge":79}},{"type":"Feature","id":"gas-E443","geometry":{"type":"LineString","coordinates":[[-78.9407396,43.87028],[-78.9408058,43.8704384]]},"properties":{"kind":"distribution","tier":"distribution","placement":"underground","from":"gas-T-193","to":"gas-T-192","lengthM":18.41,"sizeMm":100,"diameterIn":3.9,"nominalLabel":"4\" cast iron (lined)","material":"cast iron","depthM":1.0,"pressureKPa":1.74,"pressureTier":"lp","customers":2,"designM3h":6.22,"roadEdge":33}},{"type":"Feature","id":"gas-E444","geometry":{"type":"LineString","coordinates":[[-78.9419882,43.8680457],[-78.9420097,43.8680407]]},"properties":{"kind":"distribution","tier":"distribution","placement":"underground","from":"gas-T-126","to":"gas-T-130","lengthM":1.81,"sizeMm":100,"diameterIn":3.9,"nominalLabel":"4\" cast iron (lined)","material":"cast iron","depthM":1.0,"pressureKPa":1.74,"pressureTier":"lp","customers":1,"designM3h":5.986,"roadEdge":22}},{"type":"Feature","id":"gas-E445","geometry":{"type":"LineString","coordinates":[[-78.9408113,43.8674611],[-78.9407485,43.8673162]]},"properties":{"kind":"distribution","tier":"distribution","placement":"underground","from":"gas-T-177","to":"gas-T-178","lengthM":16.91,"sizeMm":100,"diameterIn":3.9,"nominalLabel":"4\" cast iron (lined)","material":"cast iron","depthM":1.0,"pressureKPa":1.74,"pressureTier":"lp","customers":4,"designM3h":16.078,"roadEdge":31}},{"type":"Feature","id":"gas-E446","geometry":{"type":"LineString","coordinates":[[-78.9409502,43.8694185],[-78.9415386,43.8692905],[-78.9416587,43.8692643]]},"properties":{"kind":"distribution","tier":"distribution","placement":"underground","from":"gas-T-161","to":"gas-J-19","lengthM":59.39,"sizeMm":100,"diameterIn":3.9,"nominalLabel":"4\" cast iron (lined)","material":"cast iron","depthM":1.0,"pressureKPa":1.74,"pressureTier":"lp","customers":5,"designM3h":14.885,"roadEdge":27}},{"type":"Feature","id":"gas-E447","geometry":{"type":"LineString","coordinates":[[-78.9384152,43.8670015],[-78.9384379,43.866992],[-78.9385712,43.866961],[-78.9386544,43.8669491]]},"properties":{"kind":"distribution","tier":"distribution","placement":"underground","from":"gas-T-236","to":"gas-T-235","lengthM":20.16,"sizeMm":100,"diameterIn":3.9,"nominalLabel":"4\" cast iron (lined)","material":"cast iron","depthM":1.0,"pressureKPa":1.74,"pressureTier":"lp","customers":3,"designM3h":9.166,"roadEdge":41}},{"type":"Feature","id":"gas-E448","geometry":{"type":"LineString","coordinates":[[-78.9340519,43.8703988],[-78.9339728,43.8703633],[-78.9338655,43.8703464]]},"properties":{"kind":"distribution","tier":"distribution","placement":"underground","from":"gas-T-413","to":"gas-T-406","lengthM":16.28,"sizeMm":100,"diameterIn":3.9,"nominalLabel":"4\" cast iron (lined)","material":"cast iron","depthM":1.0,"pressureKPa":1.74,"pressureTier":"lp","customers":6,"designM3h":21.611,"roadEdge":84}},{"type":"Feature","id":"gas-E449","geometry":{"type":"LineString","coordinates":[[-78.9360048,43.8711955],[-78.9360018,43.8711961]]},"properties":{"kind":"distribution","tier":"distribution","placement":"underground","from":"gas-T-344","to":"gas-T-347","lengthM":0.25,"sizeMm":100,"diameterIn":3.9,"nominalLabel":"4\" cast iron (lined)","material":"cast iron","depthM":1.0,"pressureKPa":1.74,"pressureTier":"lp","customers":6,"designM3h":24.07,"roadEdge":67}},{"type":"Feature","id":"gas-E450","geometry":{"type":"LineString","coordinates":[[-78.9430799,43.8706799],[-78.9433212,43.870626]]},"properties":{"kind":"distribution","tier":"distribution","placement":"underground","from":"gas-T-119","to":"gas-T-118","lengthM":20.27,"sizeMm":150,"diameterIn":5.9,"nominalLabel":"6\" cast iron (lined)","material":"cast iron","depthM":1.0,"pressureKPa":1.74,"pressureTier":"lp","customers":27,"designM3h":180.966,"roadEdge":16}},{"type":"Feature","id":"gas-E451","geometry":{"type":"LineString","coordinates":[[-78.9423529,43.8709637],[-78.9423544,43.8709672]]},"properties":{"kind":"distribution","tier":"distribution","placement":"underground","from":"gas-T-124","to":"gas-T-123","lengthM":0.42,"sizeMm":100,"diameterIn":3.9,"nominalLabel":"4\" cast iron (lined)","material":"cast iron","depthM":1.0,"pressureKPa":1.74,"pressureTier":"lp","customers":4,"designM3h":13.076,"roadEdge":18}},{"type":"Feature","id":"gas-E452","geometry":{"type":"LineString","coordinates":[[-78.9422257,43.8706701],[-78.9422238,43.8706658]]},"properties":{"kind":"distribution","tier":"distribution","placement":"underground","from":"gas-T-134","to":"gas-T-142","lengthM":0.51,"sizeMm":100,"diameterIn":3.9,"nominalLabel":"4\" cast iron (lined)","material":"cast iron","depthM":1.0,"pressureKPa":1.74,"pressureTier":"lp","customers":10,"designM3h":37.959,"roadEdge":23}},{"type":"Feature","id":"gas-E453","geometry":{"type":"LineString","coordinates":[[-78.9412622,43.8715213],[-78.9412641,43.8715258]]},"properties":{"kind":"distribution","tier":"distribution","placement":"underground","from":"gas-T-169","to":"gas-T-165","lengthM":0.53,"sizeMm":100,"diameterIn":3.9,"nominalLabel":"4\" cast iron (lined)","material":"cast iron","depthM":1.0,"pressureKPa":1.74,"pressureTier":"lp","customers":5,"designM3h":21.655,"roadEdge":28}},{"type":"Feature","id":"gas-E454","geometry":{"type":"LineString","coordinates":[[-78.940942,43.8707641],[-78.9408742,43.8706018]]},"properties":{"kind":"distribution","tier":"distribution","placement":"underground","from":"gas-T-195","to":"gas-T-191","lengthM":18.88,"sizeMm":100,"diameterIn":3.9,"nominalLabel":"4\" cast iron (lined)","material":"cast iron","depthM":1.0,"pressureKPa":1.74,"pressureTier":"lp","customers":2,"designM3h":9.471,"roadEdge":33}},{"type":"Feature","id":"gas-E455","geometry":{"type":"LineString","coordinates":[[-78.9400908,43.871933],[-78.9401558,43.8720808]]},"properties":{"kind":"distribution","tier":"distribution","placement":"underground","from":"gas-T-220","to":"gas-T-216","lengthM":17.26,"sizeMm":100,"diameterIn":3.9,"nominalLabel":"4\" cast iron (lined)","material":"cast iron","depthM":1.0,"pressureKPa":1.74,"pressureTier":"lp","customers":5,"designM3h":19.903,"roadEdge":39}},{"type":"Feature","id":"gas-E456","geometry":{"type":"LineString","coordinates":[[-78.9376365,43.8725182],[-78.9376937,43.8726522]]},"properties":{"kind":"distribution","tier":"distribution","placement":"underground","from":"gas-T-289","to":"gas-T-295","lengthM":15.61,"sizeMm":100,"diameterIn":3.9,"nominalLabel":"4\" cast iron (lined)","material":"cast iron","depthM":1.0,"pressureKPa":1.74,"pressureTier":"lp","customers":4,"designM3h":15.478,"roadEdge":52}},{"type":"Feature","id":"gas-E457","geometry":{"type":"LineString","coordinates":[[-78.936348,43.8726347],[-78.9364122,43.8727826]]},"properties":{"kind":"distribution","tier":"distribution","placement":"underground","from":"gas-T-332","to":"gas-T-335","lengthM":17.25,"sizeMm":100,"diameterIn":3.9,"nominalLabel":"4\" cast iron (lined)","material":"cast iron","depthM":1.0,"pressureKPa":1.74,"pressureTier":"lp","customers":5,"designM3h":20.096,"roadEdge":63}},{"type":"Feature","id":"gas-E458","geometry":{"type":"LineString","coordinates":[[-78.9408058,43.8704384],[-78.9408066,43.8704401]]},"properties":{"kind":"distribution","tier":"distribution","placement":"underground","from":"gas-T-192","to":"gas-T-197","lengthM":0.2,"sizeMm":100,"diameterIn":3.9,"nominalLabel":"4\" cast iron (lined)","material":"cast iron","depthM":1.0,"pressureKPa":1.74,"pressureTier":"lp","customers":1,"designM3h":0.9,"roadEdge":33}},{"type":"Feature","id":"gas-E459","geometry":{"type":"LineString","coordinates":[[-78.9407485,43.8673162],[-78.9407476,43.8673141]]},"properties":{"kind":"distribution","tier":"distribution","placement":"underground","from":"gas-T-178","to":"gas-T-183","lengthM":0.24,"sizeMm":100,"diameterIn":3.9,"nominalLabel":"4\" cast iron (lined)","material":"cast iron","depthM":1.0,"pressureKPa":1.74,"pressureTier":"lp","customers":3,"designM3h":11.959,"roadEdge":31}},{"type":"Feature","id":"gas-E460","geometry":{"type":"LineString","coordinates":[[-78.9416587,43.8692643],[-78.941612,43.8692893],[-78.941718,43.8695278]]},"properties":{"kind":"distribution","tier":"distribution","placement":"underground","from":"gas-J-19","to":"gas-T-149","lengthM":32.54,"sizeMm":100,"diameterIn":3.9,"nominalLabel":"4\" cast iron (lined)","material":"cast iron","depthM":1.0,"pressureKPa":1.74,"pressureTier":"lp","customers":5,"designM3h":14.885,"roadEdge":23}},{"type":"Feature","id":"gas-E461","geometry":{"type":"LineString","coordinates":[[-78.9386544,43.8669491],[-78.9386958,43.8669432],[-78.9388369,43.8669317],[-78.9388915,43.8669327]]},"properties":{"kind":"distribution","tier":"distribution","placement":"underground","from":"gas-T-235","to":"gas-T-234","lengthM":19.16,"sizeMm":100,"diameterIn":3.9,"nominalLabel":"4\" cast iron (lined)","material":"cast iron","depthM":1.0,"pressureKPa":1.74,"pressureTier":"lp","customers":2,"designM3h":6.954,"roadEdge":41}},{"type":"Feature","id":"gas-E462","geometry":{"type":"LineString","coordinates":[[-78.9338655,43.8703464],[-78.933843,43.8703428],[-78.9337183,43.8703306],[-78.9335688,43.8703475],[-78.9334384,43.8704112],[-78.9334055,43.8705208],[-78.9334256,43.8705667]]},"properties":{"kind":"distribution","tier":"distribution","placement":"underground","from":"gas-T-406","to":"gas-T-414","lengthM":54.57,"sizeMm":100,"diameterIn":3.9,"nominalLabel":"4\" cast iron (lined)","material":"cast iron","depthM":1.0,"pressureKPa":1.74,"pressureTier":"lp","customers":5,"designM3h":19.386,"roadEdge":84}},{"type":"Feature","id":"gas-E463","geometry":{"type":"LineString","coordinates":[[-78.9360018,43.8711961],[-78.9359072,43.8712174],[-78.9357925,43.8712389]]},"properties":{"kind":"distribution","tier":"distribution","placement":"underground","from":"gas-T-347","to":"gas-J-56","lengthM":17.47,"sizeMm":100,"diameterIn":3.9,"nominalLabel":"4\" cast iron (lined)","material":"cast iron","depthM":1.0,"pressureKPa":1.74,"pressureTier":"lp","customers":5,"designM3h":21.102,"roadEdge":67}},{"type":"Feature","id":"gas-E464","geometry":{"type":"LineString","coordinates":[[-78.9433212,43.870626],[-78.9433906,43.8706105],[-78.9435553,43.8705704]]},"properties":{"kind":"distribution","tier":"distribution","placement":"underground","from":"gas-T-118","to":"gas-J-12","lengthM":19.78,"sizeMm":150,"diameterIn":5.9,"nominalLabel":"6\" cast iron (lined)","material":"cast iron","depthM":1.0,"pressureKPa":1.74,"pressureTier":"lp","customers":26,"designM3h":179.073,"roadEdge":16}},{"type":"Feature","id":"gas-E465","geometry":{"type":"LineString","coordinates":[[-78.9423544,43.8709672],[-78.9424142,43.8711084]]},"properties":{"kind":"distribution","tier":"distribution","placement":"underground","from":"gas-T-123","to":"gas-T-122","lengthM":16.43,"sizeMm":100,"diameterIn":3.9,"nominalLabel":"4\" cast iron (lined)","material":"cast iron","depthM":1.0,"pressureKPa":1.74,"pressureTier":"lp","customers":3,"designM3h":10.554,"roadEdge":18}},{"type":"Feature","id":"gas-E466","geometry":{"type":"LineString","coordinates":[[-78.9422238,43.8706658],[-78.9421628,43.8705286]]},"properties":{"kind":"distribution","tier":"distribution","placement":"underground","from":"gas-T-142","to":"gas-T-143","lengthM":16.04,"sizeMm":100,"diameterIn":3.9,"nominalLabel":"4\" cast iron (lined)","material":"cast iron","depthM":1.0,"pressureKPa":1.74,"pressureTier":"lp","customers":9,"designM3h":34.572,"roadEdge":23}},{"type":"Feature","id":"gas-E467","geometry":{"type":"LineString","coordinates":[[-78.9412641,43.8715258],[-78.9413242,43.8716664]]},"properties":{"kind":"distribution","tier":"distribution","placement":"underground","from":"gas-T-165","to":"gas-T-164","lengthM":16.38,"sizeMm":100,"diameterIn":3.9,"nominalLabel":"4\" cast iron (lined)","material":"cast iron","depthM":1.0,"pressureKPa":1.74,"pressureTier":"lp","customers":4,"designM3h":18.083,"roadEdge":28}},{"type":"Feature","id":"gas-E468","geometry":{"type":"LineString","coordinates":[[-78.9408742,43.8706018],[-78.9409277,43.8706305]]},"properties":{"kind":"distribution","tier":"distribution","placement":"underground","from":"gas-T-191","to":"gas-T-196","lengthM":5.36,"sizeMm":100,"diameterIn":3.9,"nominalLabel":"4\" cast iron (lined)","material":"cast iron","depthM":1.0,"pressureKPa":1.74,"pressureTier":"lp","customers":1,"designM3h":6.883,"roadEdge":33}},{"type":"Feature","id":"gas-E469","geometry":{"type":"LineString","coordinates":[[-78.9401558,43.8720808],[-78.9402184,43.8722232]]},"properties":{"kind":"distribution","tier":"distribution","placement":"underground","from":"gas-T-216","to":"gas-T-215","lengthM":16.64,"sizeMm":100,"diameterIn":3.9,"nominalLabel":"4\" cast iron (lined)","material":"cast iron","depthM":1.0,"pressureKPa":1.74,"pressureTier":"lp","customers":4,"designM3h":16.237,"roadEdge":39}},{"type":"Feature","id":"gas-E470","geometry":{"type":"LineString","coordinates":[[-78.9376937,43.8726522],[-78.9376965,43.8726589]]},"properties":{"kind":"distribution","tier":"distribution","placement":"underground","from":"gas-T-295","to":"gas-T-288","lengthM":0.77,"sizeMm":100,"diameterIn":3.9,"nominalLabel":"4\" cast iron (lined)","material":"cast iron","depthM":1.0,"pressureKPa":1.74,"pressureTier":"lp","customers":3,"designM3h":11.96,"roadEdge":52}},{"type":"Feature","id":"gas-E471","geometry":{"type":"LineString","coordinates":[[-78.9364122,43.8727826],[-78.9364135,43.8727856]]},"properties":{"kind":"distribution","tier":"distribution","placement":"underground","from":"gas-T-335","to":"gas-T-331","lengthM":0.35,"sizeMm":100,"diameterIn":3.9,"nominalLabel":"4\" cast iron (lined)","material":"cast iron","depthM":1.0,"pressureKPa":1.74,"pressureTier":"lp","customers":4,"designM3h":16.726,"roadEdge":63}},{"type":"Feature","id":"gas-E472","geometry":{"type":"LineString","coordinates":[[-78.9407476,43.8673141],[-78.9406852,43.8671701]]},"properties":{"kind":"distribution","tier":"distribution","placement":"underground","from":"gas-T-183","to":"gas-T-184","lengthM":16.79,"sizeMm":100,"diameterIn":3.9,"nominalLabel":"4\" cast iron (lined)","material":"cast iron","depthM":1.0,"pressureKPa":1.74,"pressureTier":"lp","customers":2,"designM3h":9.662,"roadEdge":31}},{"type":"Feature","id":"gas-E473","geometry":{"type":"LineString","coordinates":[[-78.941718,43.8695278],[-78.9417808,43.8696691]]},"properties":{"kind":"distribution","tier":"distribution","placement":"underground","from":"gas-T-149","to":"gas-T-141","lengthM":16.52,"sizeMm":100,"diameterIn":3.9,"nominalLabel":"4\" cast iron (lined)","material":"cast iron","depthM":1.0,"pressureKPa":1.74,"pressureTier":"lp","customers":4,"designM3h":12.508,"roadEdge":23}},{"type":"Feature","id":"gas-E474","geometry":{"type":"LineString","coordinates":[[-78.9388915,43.8669327],[-78.9389546,43.8669338]]},"properties":{"kind":"distribution","tier":"distribution","placement":"underground","from":"gas-T-234","to":"gas-T-249","lengthM":5.06,"sizeMm":100,"diameterIn":3.9,"nominalLabel":"4\" cast iron (lined)","material":"cast iron","depthM":1.0,"pressureKPa":1.74,"pressureTier":"lp","customers":1,"designM3h":5.436,"roadEdge":41}},{"type":"Feature","id":"gas-E475","geometry":{"type":"LineString","coordinates":[[-78.9334256,43.8705667],[-78.933488,43.8707089]]},"properties":{"kind":"distribution","tier":"distribution","placement":"underground","from":"gas-T-414","to":"gas-T-415","lengthM":16.61,"sizeMm":100,"diameterIn":3.9,"nominalLabel":"4\" cast iron (lined)","material":"cast iron","depthM":1.0,"pressureKPa":1.74,"pressureTier":"lp","customers":4,"designM3h":17.288,"roadEdge":84}},{"type":"Feature","id":"gas-E476","geometry":{"type":"LineString","coordinates":[[-78.9357925,43.8712389],[-78.9357395,43.8712454],[-78.9357554,43.871282],[-78.9357938,43.8713702]]},"properties":{"kind":"distribution","tier":"distribution","placement":"underground","from":"gas-J-56","to":"gas-T-369","lengthM":18.87,"sizeMm":100,"diameterIn":3.9,"nominalLabel":"4\" cast iron (lined)","material":"cast iron","depthM":1.0,"pressureKPa":1.74,"pressureTier":"lp","customers":4,"designM3h":17.055,"roadEdge":78}},{"type":"Feature","id":"gas-E477","geometry":{"type":"LineString","coordinates":[[-78.9357925,43.8712389],[-78.935658,43.87106]]},"properties":{"kind":"distribution","tier":"distribution","placement":"underground","from":"gas-J-56","to":"gas-T-399","lengthM":22.65,"sizeMm":100,"diameterIn":3.9,"nominalLabel":"4\" cast iron (lined)","material":"cast iron","depthM":1.0,"pressureKPa":1.74,"pressureTier":"lp","customers":1,"designM3h":6.422,"roadEdge":81}},{"type":"Feature","id":"gas-E478","geometry":{"type":"LineString","coordinates":[[-78.9435553,43.8705704],[-78.9437324,43.8705327],[-78.9448384,43.8702947],[-78.9449463,43.8702715]]},"properties":{"kind":"distribution","tier":"distribution","placement":"underground","from":"gas-J-12","to":"gas-J-5","lengthM":116.49,"sizeMm":100,"diameterIn":3.9,"nominalLabel":"4\" cast iron (lined)","material":"cast iron","depthM":1.0,"pressureKPa":1.74,"pressureTier":"lp","customers":25,"designM3h":74.869,"roadEdge":6}},{"type":"Feature","id":"gas-E479","geometry":{"type":"LineString","coordinates":[[-78.9435553,43.8705704],[-78.9435427,43.8706745],[-78.9436443,43.8708998],[-78.9439417,43.871558]]},"properties":{"kind":"distribution","tier":"distribution","placement":"underground","from":"gas-J-12","to":"gas-J-10","lengthM":115.06,"sizeMm":150,"diameterIn":5.9,"nominalLabel":"6\" cast iron (lined)","material":"cast iron","depthM":1.0,"pressureKPa":1.74,"pressureTier":"lp","customers":1,"designM3h":174.642,"roadEdge":13}},{"type":"Feature","id":"gas-E480","geometry":{"type":"LineString","coordinates":[[-78.9424142,43.8711084],[-78.9424742,43.8712498]]},"properties":{"kind":"distribution","tier":"distribution","placement":"underground","from":"gas-T-122","to":"gas-T-121","lengthM":16.47,"sizeMm":100,"diameterIn":3.9,"nominalLabel":"4\" cast iron (lined)","material":"cast iron","depthM":1.0,"pressureKPa":1.74,"pressureTier":"lp","customers":2,"designM3h":8.501,"roadEdge":18}},{"type":"Feature","id":"gas-E481","geometry":{"type":"LineString","coordinates":[[-78.9421628,43.8705286],[-78.9421601,43.8705224]]},"properties":{"kind":"distribution","tier":"distribution","placement":"underground","from":"gas-T-143","to":"gas-T-135","lengthM":0.71,"sizeMm":100,"diameterIn":3.9,"nominalLabel":"4\" cast iron (lined)","material":"cast iron","depthM":1.0,"pressureKPa":1.74,"pressureTier":"lp","customers":8,"designM3h":30.72,"roadEdge":23}},{"type":"Feature","id":"gas-E482","geometry":{"type":"LineString","coordinates":[[-78.9413242,43.8716664],[-78.9413261,43.871671]]},"properties":{"kind":"distribution","tier":"distribution","placement":"underground","from":"gas-T-164","to":"gas-T-168","lengthM":0.53,"sizeMm":100,"diameterIn":3.9,"nominalLabel":"4\" cast iron (lined)","material":"cast iron","depthM":1.0,"pressureKPa":1.74,"pressureTier":"lp","customers":3,"designM3h":14.155,"roadEdge":28}},{"type":"Feature","id":"gas-E483","geometry":{"type":"LineString","coordinates":[[-78.9402184,43.8722232],[-78.940237,43.8722656],[-78.9402775,43.8723719]]},"properties":{"kind":"distribution","tier":"distribution","placement":"underground","from":"gas-T-215","to":"gas-J-29","lengthM":17.22,"sizeMm":100,"diameterIn":3.9,"nominalLabel":"4\" cast iron (lined)","material":"cast iron","depthM":1.0,"pressureKPa":1.74,"pressureTier":"lp","customers":3,"designM3h":12.057,"roadEdge":39}},{"type":"Feature","id":"gas-E484","geometry":{"type":"LineString","coordinates":[[-78.9376965,43.8726589],[-78.9377566,43.8727997]]},"properties":{"kind":"distribution","tier":"distribution","placement":"underground","from":"gas-T-288","to":"gas-T-294","lengthM":16.41,"sizeMm":100,"diameterIn":3.9,"nominalLabel":"4\" cast iron (lined)","material":"cast iron","depthM":1.0,"pressureKPa":1.74,"pressureTier":"lp","customers":2,"designM3h":9.714,"roadEdge":52}},{"type":"Feature","id":"gas-E485","geometry":{"type":"LineString","coordinates":[[-78.9364135,43.8727856],[-78.9364731,43.872923]]},"properties":{"kind":"distribution","tier":"distribution","placement":"underground","from":"gas-T-331","to":"gas-T-334","lengthM":16.03,"sizeMm":100,"diameterIn":3.9,"nominalLabel":"4\" cast iron (lined)","material":"cast iron","depthM":1.0,"pressureKPa":1.74,"pressureTier":"lp","customers":3,"designM3h":12.06,"roadEdge":63}},{"type":"Feature","id":"gas-E486","geometry":{"type":"LineString","coordinates":[[-78.9406852,43.8671701],[-78.9406847,43.8671691]]},"properties":{"kind":"distribution","tier":"distribution","placement":"underground","from":"gas-T-184","to":"gas-T-179","lengthM":0.12,"sizeMm":100,"diameterIn":3.9,"nominalLabel":"4\" cast iron (lined)","material":"cast iron","depthM":1.0,"pressureKPa":1.74,"pressureTier":"lp","customers":1,"designM3h":5.775,"roadEdge":31}},{"type":"Feature","id":"gas-E487","geometry":{"type":"LineString","coordinates":[[-78.9417808,43.8696691],[-78.9417814,43.8696704]]},"properties":{"kind":"distribution","tier":"distribution","placement":"underground","from":"gas-T-141","to":"gas-T-148","lengthM":0.15,"sizeMm":100,"diameterIn":3.9,"nominalLabel":"4\" cast iron (lined)","material":"cast iron","depthM":1.0,"pressureKPa":1.74,"pressureTier":"lp","customers":3,"designM3h":8.498,"roadEdge":23}},{"type":"Feature","id":"gas-E488","geometry":{"type":"LineString","coordinates":[[-78.933488,43.8707089],[-78.9335519,43.8708549]]},"properties":{"kind":"distribution","tier":"distribution","placement":"underground","from":"gas-T-415","to":"gas-T-416","lengthM":17.04,"sizeMm":100,"diameterIn":3.9,"nominalLabel":"4\" cast iron (lined)","material":"cast iron","depthM":1.0,"pressureKPa":1.74,"pressureTier":"lp","customers":3,"designM3h":13.875,"roadEdge":84}},{"type":"Feature","id":"gas-E489","geometry":{"type":"LineString","coordinates":[[-78.9357938,43.8713702],[-78.9358636,43.8715305]]},"properties":{"kind":"distribution","tier":"distribution","placement":"underground","from":"gas-T-369","to":"gas-T-368","lengthM":18.71,"sizeMm":100,"diameterIn":3.9,"nominalLabel":"4\" cast iron (lined)","material":"cast iron","depthM":1.0,"pressureKPa":1.74,"pressureTier":"lp","customers":3,"designM3h":12.494,"roadEdge":78}},{"type":"Feature","id":"gas-E490","geometry":{"type":"LineString","coordinates":[[-78.9449463,43.8702715],[-78.9473734,43.8697371],[-78.9474748,43.8697147]]},"properties":{"kind":"distribution","tier":"distribution","placement":"underground","from":"gas-J-5","to":"gas-J-1","lengthM":212.16,"sizeMm":100,"diameterIn":3.9,"nominalLabel":"4\" cast iron (lined)","material":"cast iron","depthM":1.0,"pressureKPa":1.74,"pressureTier":"lp","customers":1,"designM3h":7.141,"roadEdge":2}},{"type":"Feature","id":"gas-E491","geometry":{"type":"LineString","coordinates":[[-78.9449463,43.8702715],[-78.9449501,43.8701438],[-78.9449405,43.8701218],[-78.9447576,43.8697053],[-78.9446724,43.8695488],[-78.9445416,43.8693954],[-78.9444732,43.8693425]]},"properties":{"kind":"distribution","tier":"distribution","placement":"underground","from":"gas-J-5","to":"gas-T-117","lengthM":112.22,"sizeMm":100,"diameterIn":3.9,"nominalLabel":"4\" cast iron (lined)","material":"cast iron","depthM":1.0,"pressureKPa":1.74,"pressureTier":"lp","customers":24,"designM3h":70.827,"roadEdge":4}},{"type":"Feature","id":"gas-E492","geometry":{"type":"LineString","coordinates":[[-78.9439417,43.871558],[-78.9441602,43.8720618]]},"properties":{"kind":"distribution","tier":"distribution","placement":"underground","from":"gas-J-10","to":"gas-T-570","lengthM":58.77,"sizeMm":150,"diameterIn":5.9,"nominalLabel":"6\" cast iron (lined)","material":"cast iron","depthM":1.0,"pressureKPa":1.74,"pressureTier":"lp","customers":1,"designM3h":174.642,"roadEdge":11}},{"type":"Feature","id":"gas-E493","geometry":{"type":"LineString","coordinates":[[-78.9424742,43.8712498],[-78.9425356,43.8713945]]},"properties":{"kind":"distribution","tier":"distribution","placement":"underground","from":"gas-T-121","to":"gas-T-120","lengthM":16.84,"sizeMm":100,"diameterIn":3.9,"nominalLabel":"4\" cast iron (lined)","material":"cast iron","depthM":1.0,"pressureKPa":1.74,"pressureTier":"lp","customers":1,"designM3h":5.887,"roadEdge":18}},{"type":"Feature","id":"gas-E494","geometry":{"type":"LineString","coordinates":[[-78.9421601,43.8705224],[-78.9421011,43.8703897]]},"properties":{"kind":"distribution","tier":"distribution","placement":"underground","from":"gas-T-135","to":"gas-T-144","lengthM":15.51,"sizeMm":100,"diameterIn":3.9,"nominalLabel":"4\" cast iron (lined)","material":"cast iron","depthM":1.0,"pressureKPa":1.74,"pressureTier":"lp","customers":7,"designM3h":26.57,"roadEdge":23}},{"type":"Feature","id":"gas-E495","geometry":{"type":"LineString","coordinates":[[-78.9413261,43.871671],[-78.9413864,43.871812]]},"properties":{"kind":"distribution","tier":"distribution","placement":"underground","from":"gas-T-168","to":"gas-T-163","lengthM":16.43,"sizeMm":100,"diameterIn":3.9,"nominalLabel":"4\" cast iron (lined)","material":"cast iron","depthM":1.0,"pressureKPa":1.74,"pressureTier":"lp","customers":2,"designM3h":10.328,"roadEdge":28}},{"type":"Feature","id":"gas-E496","geometry":{"type":"LineString","coordinates":[[-78.9402775,43.8723719],[-78.9404505,43.8723791],[-78.9404814,43.8723728],[-78.9405542,43.8723567]]},"properties":{"kind":"distribution","tier":"distribution","placement":"underground","from":"gas-J-29","to":"gas-T-173","lengthM":22.6,"sizeMm":100,"diameterIn":3.9,"nominalLabel":"4\" cast iron (lined)","material":"cast iron","depthM":1.0,"pressureKPa":1.74,"pressureTier":"lp","customers":3,"designM3h":12.057,"roadEdge":29}},{"type":"Feature","id":"gas-E497","geometry":{"type":"LineString","coordinates":[[-78.9377566,43.8727997],[-78.9378133,43.8729327],[-78.937822,43.8729516]]},"properties":{"kind":"distribution","tier":"distribution","placement":"underground","from":"gas-T-294","to":"gas-T-293","lengthM":17.71,"sizeMm":100,"diameterIn":3.9,"nominalLabel":"4\" cast iron (lined)","material":"cast iron","depthM":1.0,"pressureKPa":1.74,"pressureTier":"lp","customers":1,"designM3h":5.54,"roadEdge":52}},{"type":"Feature","id":"gas-E498","geometry":{"type":"LineString","coordinates":[[-78.9364731,43.872923],[-78.9364742,43.8729256]]},"properties":{"kind":"distribution","tier":"distribution","placement":"underground","from":"gas-T-334","to":"gas-T-330","lengthM":0.3,"sizeMm":100,"diameterIn":3.9,"nominalLabel":"4\" cast iron (lined)","material":"cast iron","depthM":1.0,"pressureKPa":1.74,"pressureTier":"lp","customers":2,"designM3h":8.086,"roadEdge":63}},{"type":"Feature","id":"gas-E499","geometry":{"type":"LineString","coordinates":[[-78.9417814,43.8696704],[-78.9418413,43.8698051]]},"properties":{"kind":"distribution","tier":"distribution","placement":"underground","from":"gas-T-148","to":"gas-T-147","lengthM":15.75,"sizeMm":100,"diameterIn":3.9,"nominalLabel":"4\" cast iron (lined)","material":"cast iron","depthM":1.0,"pressureKPa":1.74,"pressureTier":"lp","customers":2,"designM3h":8.429,"roadEdge":23}},{"type":"Feature","id":"gas-E500","geometry":{"type":"LineString","coordinates":[[-78.9335519,43.8708549],[-78.9335678,43.8708912]]},"properties":{"kind":"distribution","tier":"distribution","placement":"underground","from":"gas-T-416","to":"gas-T-407","lengthM":4.24,"sizeMm":100,"diameterIn":3.9,"nominalLabel":"4\" cast iron (lined)","material":"cast iron","depthM":1.0,"pressureKPa":1.74,"pressureTier":"lp","customers":2,"designM3h":10.19,"roadEdge":84}},{"type":"Feature","id":"gas-E501","geometry":{"type":"LineString","coordinates":[[-78.9358636,43.8715305],[-78.9359343,43.8716932]]},"properties":{"kind":"distribution","tier":"distribution","placement":"underground","from":"gas-T-368","to":"gas-T-367","lengthM":18.98,"sizeMm":100,"diameterIn":3.9,"nominalLabel":"4\" cast iron (lined)","material":"cast iron","depthM":1.0,"pressureKPa":1.74,"pressureTier":"lp","customers":2,"designM3h":7.744,"roadEdge":78}},{"type":"Feature","id":"gas-E502","geometry":{"type":"LineString","coordinates":[[-78.9474748,43.8697147],[-78.9473705,43.8696121],[-78.9473591,43.8695869],[-78.9470948,43.868995]]},"properties":{"kind":"distribution","tier":"distribution","placement":"underground","from":"gas-J-1","to":"gas-J-2","lengthM":86.33,"sizeMm":100,"diameterIn":3.9,"nominalLabel":"4\" cast iron (lined)","material":"cast iron","depthM":1.0,"pressureKPa":1.74,"pressureTier":"lp","customers":1,"designM3h":7.141,"roadEdge":1}},{"type":"Feature","id":"gas-E503","geometry":{"type":"LineString","coordinates":[[-78.9444732,43.8693425],[-78.9443319,43.8692333]]},"properties":{"kind":"distribution","tier":"distribution","placement":"underground","from":"gas-T-117","to":"gas-T-116","lengthM":16.62,"sizeMm":100,"diameterIn":3.9,"nominalLabel":"4\" cast iron (lined)","material":"cast iron","depthM":1.0,"pressureKPa":1.74,"pressureTier":"lp","customers":23,"designM3h":68.293,"roadEdge":4}},{"type":"Feature","id":"gas-E504","geometry":{"type":"LineString","coordinates":[[-78.9421011,43.8703897],[-78.9420953,43.8703767]]},"properties":{"kind":"distribution","tier":"distribution","placement":"underground","from":"gas-T-144","to":"gas-T-136","lengthM":1.53,"sizeMm":100,"diameterIn":3.9,"nominalLabel":"4\" cast iron (lined)","material":"cast iron","depthM":1.0,"pressureKPa":1.74,"pressureTier":"lp","customers":6,"designM3h":23.355,"roadEdge":23}},{"type":"Feature","id":"gas-E505","geometry":{"type":"LineString","coordinates":[[-78.9413864,43.871812],[-78.9415099,43.8721012]]},"properties":{"kind":"distribution","tier":"distribution","placement":"underground","from":"gas-T-163","to":"gas-J-20","lengthM":33.68,"sizeMm":100,"diameterIn":3.9,"nominalLabel":"4\" cast iron (lined)","material":"cast iron","depthM":1.0,"pressureKPa":1.74,"pressureTier":"lp","customers":1,"designM3h":5.901,"roadEdge":28}},{"type":"Feature","id":"gas-E506","geometry":{"type":"LineString","coordinates":[[-78.9405542,43.8723567],[-78.9407628,43.8723105]]},"properties":{"kind":"distribution","tier":"distribution","placement":"underground","from":"gas-T-173","to":"gas-T-172","lengthM":17.51,"sizeMm":100,"diameterIn":3.9,"nominalLabel":"4\" cast iron (lined)","material":"cast iron","depthM":1.0,"pressureKPa":1.74,"pressureTier":"lp","customers":2,"designM3h":9.632,"roadEdge":29}},{"type":"Feature","id":"gas-E507","geometry":{"type":"LineString","coordinates":[[-78.9364742,43.8729256],[-78.9365339,43.873063]]},"properties":{"kind":"distribution","tier":"distribution","placement":"underground","from":"gas-T-330","to":"gas-T-329","lengthM":16.03,"sizeMm":100,"diameterIn":3.9,"nominalLabel":"4\" cast iron (lined)","material":"cast iron","depthM":1.0,"pressureKPa":1.74,"pressureTier":"lp","customers":1,"designM3h":5.814,"roadEdge":63}},{"type":"Feature","id":"gas-E508","geometry":{"type":"LineString","coordinates":[[-78.9418413,43.8698051],[-78.9418429,43.8698088]]},"properties":{"kind":"distribution","tier":"distribution","placement":"underground","from":"gas-T-147","to":"gas-T-140","lengthM":0.43,"sizeMm":100,"diameterIn":3.9,"nominalLabel":"4\" cast iron (lined)","material":"cast iron","depthM":1.0,"pressureKPa":1.74,"pressureTier":"lp","customers":1,"designM3h":5.758,"roadEdge":23}},{"type":"Feature","id":"gas-E509","geometry":{"type":"LineString","coordinates":[[-78.9335678,43.8708912],[-78.9336164,43.8710021]]},"properties":{"kind":"distribution","tier":"distribution","placement":"underground","from":"gas-T-407","to":"gas-T-417","lengthM":12.94,"sizeMm":100,"diameterIn":3.9,"nominalLabel":"4\" cast iron (lined)","material":"cast iron","depthM":1.0,"pressureKPa":1.74,"pressureTier":"lp","customers":1,"designM3h":5.906,"roadEdge":84}},{"type":"Feature","id":"gas-E510","geometry":{"type":"LineString","coordinates":[[-78.9359343,43.8716932],[-78.9359351,43.8716949]]},"properties":{"kind":"distribution","tier":"distribution","placement":"underground","from":"gas-T-367","to":"gas-T-372","lengthM":0.21,"sizeMm":100,"diameterIn":3.9,"nominalLabel":"4\" cast iron (lined)","material":"cast iron","depthM":1.0,"pressureKPa":1.74,"pressureTier":"lp","customers":1,"designM3h":4.342,"roadEdge":78}},{"type":"Feature","id":"gas-E511","geometry":{"type":"LineString","coordinates":[[-78.9470948,43.868995],[-78.9470662,43.8690339],[-78.9470187,43.8690446],[-78.9458334,43.8693152],[-78.9456703,43.8693204],[-78.9454885,43.869255],[-78.9447445,43.8685443],[-78.9447545,43.8684695]]},"properties":{"kind":"distribution","tier":"distribution","placement":"underground","from":"gas-J-2","to":"gas-T-93","lengthM":245.55,"sizeMm":100,"diameterIn":3.9,"nominalLabel":"4\" cast iron (lined)","material":"cast iron","depthM":1.0,"pressureKPa":1.74,"pressureTier":"lp","customers":1,"designM3h":7.141,"roadEdge":3}},{"type":"Feature","id":"gas-E512","geometry":{"type":"LineString","coordinates":[[-78.9443319,43.8692333],[-78.9442542,43.8691732]]},"properties":{"kind":"distribution","tier":"distribution","placement":"underground","from":"gas-T-116","to":"gas-T-105","lengthM":9.15,"sizeMm":100,"diameterIn":3.9,"nominalLabel":"4\" cast iron (lined)","material":"cast iron","depthM":1.0,"pressureKPa":1.74,"pressureTier":"lp","customers":22,"designM3h":64.952,"roadEdge":4}},{"type":"Feature","id":"gas-E513","geometry":{"type":"LineString","coordinates":[[-78.9420953,43.8703767],[-78.9420367,43.8702448]]},"properties":{"kind":"distribution","tier":"distribution","placement":"underground","from":"gas-T-136","to":"gas-T-145","lengthM":15.41,"sizeMm":100,"diameterIn":3.9,"nominalLabel":"4\" cast iron (lined)","material":"cast iron","depthM":1.0,"pressureKPa":1.74,"pressureTier":"lp","customers":5,"designM3h":19.908,"roadEdge":23}},{"type":"Feature","id":"gas-E514","geometry":{"type":"LineString","coordinates":[[-78.9415099,43.8721012],[-78.94167,43.8721085],[-78.941711,43.8720997],[-78.9417903,43.8720815]]},"properties":{"kind":"distribution","tier":"distribution","placement":"underground","from":"gas-J-20","to":"gas-T-125","lengthM":22.99,"sizeMm":100,"diameterIn":3.9,"nominalLabel":"4\" cast iron (lined)","material":"cast iron","depthM":1.0,"pressureKPa":1.74,"pressureTier":"lp","customers":1,"designM3h":5.901,"roadEdge":19}},{"type":"Feature","id":"gas-E515","geometry":{"type":"LineString","coordinates":[[-78.9407628,43.8723105],[-78.9409728,43.8722639]]},"properties":{"kind":"distribution","tier":"distribution","placement":"underground","from":"gas-T-172","to":"gas-T-171","lengthM":17.63,"sizeMm":100,"diameterIn":3.9,"nominalLabel":"4\" cast iron (lined)","material":"cast iron","depthM":1.0,"pressureKPa":1.74,"pressureTier":"lp","customers":1,"designM3h":5.319,"roadEdge":29}},{"type":"Feature","id":"gas-E516","geometry":{"type":"LineString","coordinates":[[-78.9442542,43.8691732],[-78.9441975,43.8691293]]},"properties":{"kind":"distribution","tier":"distribution","placement":"underground","from":"gas-T-105","to":"gas-T-115","lengthM":6.68,"sizeMm":100,"diameterIn":3.9,"nominalLabel":"4\" cast iron (lined)","material":"cast iron","depthM":1.0,"pressureKPa":1.74,"pressureTier":"lp","customers":21,"designM3h":62.984,"roadEdge":4}},{"type":"Feature","id":"gas-E517","geometry":{"type":"LineString","coordinates":[[-78.9420367,43.8702448],[-78.9420342,43.8702392]]},"properties":{"kind":"distribution","tier":"distribution","placement":"underground","from":"gas-T-145","to":"gas-T-137","lengthM":0.65,"sizeMm":100,"diameterIn":3.9,"nominalLabel":"4\" cast iron (lined)","material":"cast iron","depthM":1.0,"pressureKPa":1.74,"pressureTier":"lp","customers":4,"designM3h":17.88,"roadEdge":23}},{"type":"Feature","id":"gas-E518","geometry":{"type":"LineString","coordinates":[[-78.9441975,43.8691293],[-78.944121,43.8690702]]},"properties":{"kind":"distribution","tier":"distribution","placement":"underground","from":"gas-T-115","to":"gas-T-104","lengthM":8.99,"sizeMm":100,"diameterIn":3.9,"nominalLabel":"4\" cast iron (lined)","material":"cast iron","depthM":1.0,"pressureKPa":1.74,"pressureTier":"lp","customers":20,"designM3h":59.986,"roadEdge":4}},{"type":"Feature","id":"gas-E519","geometry":{"type":"LineString","coordinates":[[-78.9420342,43.8702392],[-78.9419732,43.8701021]]},"properties":{"kind":"distribution","tier":"distribution","placement":"underground","from":"gas-T-137","to":"gas-T-138","lengthM":16.04,"sizeMm":100,"diameterIn":3.9,"nominalLabel":"4\" cast iron (lined)","material":"cast iron","depthM":1.0,"pressureKPa":1.74,"pressureTier":"lp","customers":3,"designM3h":14.289,"roadEdge":23}},{"type":"Feature","id":"gas-E520","geometry":{"type":"LineString","coordinates":[[-78.944121,43.8690702],[-78.9440576,43.8690211]]},"properties":{"kind":"distribution","tier":"distribution","placement":"underground","from":"gas-T-104","to":"gas-T-114","lengthM":7.46,"sizeMm":100,"diameterIn":3.9,"nominalLabel":"4\" cast iron (lined)","material":"cast iron","depthM":1.0,"pressureKPa":1.74,"pressureTier":"lp","customers":19,"designM3h":56.32,"roadEdge":4}},{"type":"Feature","id":"gas-E521","geometry":{"type":"LineString","coordinates":[[-78.9419732,43.8701021],[-78.9419715,43.8700981]]},"properties":{"kind":"distribution","tier":"distribution","placement":"underground","from":"gas-T-138","to":"gas-T-146","lengthM":0.46,"sizeMm":100,"diameterIn":3.9,"nominalLabel":"4\" cast iron (lined)","material":"cast iron","depthM":1.0,"pressureKPa":1.74,"pressureTier":"lp","customers":2,"designM3h":10.602,"roadEdge":23}},{"type":"Feature","id":"gas-E522","geometry":{"type":"LineString","coordinates":[[-78.9440576,43.8690211],[-78.9439775,43.8689592],[-78.9439658,43.8689411]]},"properties":{"kind":"distribution","tier":"distribution","placement":"underground","from":"gas-T-114","to":"gas-T-103","lengthM":11.65,"sizeMm":100,"diameterIn":3.9,"nominalLabel":"4\" cast iron (lined)","material":"cast iron","depthM":1.0,"pressureKPa":1.74,"pressureTier":"lp","customers":18,"designM3h":54.083,"roadEdge":4}},{"type":"Feature","id":"gas-E523","geometry":{"type":"LineString","coordinates":[[-78.9419715,43.8700981],[-78.9419095,43.8699587]]},"properties":{"kind":"distribution","tier":"distribution","placement":"underground","from":"gas-T-146","to":"gas-T-139","lengthM":16.3,"sizeMm":100,"diameterIn":3.9,"nominalLabel":"4\" cast iron (lined)","material":"cast iron","depthM":1.0,"pressureKPa":1.74,"pressureTier":"lp","customers":1,"designM3h":6.626,"roadEdge":23}},{"type":"Feature","id":"gas-E524","geometry":{"type":"LineString","coordinates":[[-78.9439658,43.8689411],[-78.9438886,43.8688222],[-78.9438751,43.8687882]]},"properties":{"kind":"distribution","tier":"distribution","placement":"underground","from":"gas-T-103","to":"gas-T-102","lengthM":18.55,"sizeMm":100,"diameterIn":3.9,"nominalLabel":"4\" cast iron (lined)","material":"cast iron","depthM":1.0,"pressureKPa":1.74,"pressureTier":"lp","customers":17,"designM3h":50.637,"roadEdge":4}},{"type":"Feature","id":"gas-E525","geometry":{"type":"LineString","coordinates":[[-78.9438751,43.8687882],[-78.9438319,43.8686797]]},"properties":{"kind":"distribution","tier":"distribution","placement":"underground","from":"gas-T-102","to":"gas-T-113","lengthM":12.56,"sizeMm":100,"diameterIn":3.9,"nominalLabel":"4\" cast iron (lined)","material":"cast iron","depthM":1.0,"pressureKPa":1.74,"pressureTier":"lp","customers":16,"designM3h":46.733,"roadEdge":4}},{"type":"Feature","id":"gas-E526","geometry":{"type":"LineString","coordinates":[[-78.9438319,43.8686797],[-78.94382,43.8686498]]},"properties":{"kind":"distribution","tier":"distribution","placement":"underground","from":"gas-T-113","to":"gas-T-101","lengthM":3.47,"sizeMm":100,"diameterIn":3.9,"nominalLabel":"4\" cast iron (lined)","material":"cast iron","depthM":1.0,"pressureKPa":1.74,"pressureTier":"lp","customers":15,"designM3h":43.376,"roadEdge":4}},{"type":"Feature","id":"gas-E527","geometry":{"type":"LineString","coordinates":[[-78.94382,43.8686498],[-78.9437753,43.8685374]]},"properties":{"kind":"distribution","tier":"distribution","placement":"underground","from":"gas-T-101","to":"gas-T-112","lengthM":13.01,"sizeMm":100,"diameterIn":3.9,"nominalLabel":"4\" cast iron (lined)","material":"cast iron","depthM":1.0,"pressureKPa":1.74,"pressureTier":"lp","customers":14,"designM3h":40.678,"roadEdge":4}},{"type":"Feature","id":"gas-E528","geometry":{"type":"LineString","coordinates":[[-78.9437753,43.8685374],[-78.9437211,43.8684013]]},"properties":{"kind":"distribution","tier":"distribution","placement":"underground","from":"gas-T-112","to":"gas-T-111","lengthM":15.76,"sizeMm":100,"diameterIn":3.9,"nominalLabel":"4\" cast iron (lined)","material":"cast iron","depthM":1.0,"pressureKPa":1.74,"pressureTier":"lp","customers":13,"designM3h":39.272,"roadEdge":4}},{"type":"Feature","id":"gas-E529","geometry":{"type":"LineString","coordinates":[[-78.9437211,43.8684013],[-78.943705,43.868361]]},"properties":{"kind":"distribution","tier":"distribution","placement":"underground","from":"gas-T-111","to":"gas-T-100","lengthM":4.67,"sizeMm":100,"diameterIn":3.9,"nominalLabel":"4\" cast iron (lined)","material":"cast iron","depthM":1.0,"pressureKPa":1.74,"pressureTier":"lp","customers":12,"designM3h":37.453,"roadEdge":4}},{"type":"Feature","id":"gas-E530","geometry":{"type":"LineString","coordinates":[[-78.943705,43.868361],[-78.9436617,43.8682522]]},"properties":{"kind":"distribution","tier":"distribution","placement":"underground","from":"gas-T-100","to":"gas-T-110","lengthM":12.6,"sizeMm":100,"diameterIn":3.9,"nominalLabel":"4\" cast iron (lined)","material":"cast iron","depthM":1.0,"pressureKPa":1.74,"pressureTier":"lp","customers":11,"designM3h":36.063,"roadEdge":4}},{"type":"Feature","id":"gas-E531","geometry":{"type":"LineString","coordinates":[[-78.9436617,43.8682522],[-78.9436474,43.8682161]]},"properties":{"kind":"distribution","tier":"distribution","placement":"underground","from":"gas-T-110","to":"gas-T-99","lengthM":4.17,"sizeMm":100,"diameterIn":3.9,"nominalLabel":"4\" cast iron (lined)","material":"cast iron","depthM":1.0,"pressureKPa":1.74,"pressureTier":"lp","customers":10,"designM3h":34.257,"roadEdge":4}},{"type":"Feature","id":"gas-E532","geometry":{"type":"LineString","coordinates":[[-78.9436474,43.8682161],[-78.9435886,43.8680683]]},"properties":{"kind":"distribution","tier":"distribution","placement":"underground","from":"gas-T-99","to":"gas-T-98","lengthM":17.12,"sizeMm":100,"diameterIn":3.9,"nominalLabel":"4\" cast iron (lined)","material":"cast iron","depthM":1.0,"pressureKPa":1.74,"pressureTier":"lp","customers":9,"designM3h":32.216,"roadEdge":4}},{"type":"Feature","id":"gas-E533","geometry":{"type":"LineString","coordinates":[[-78.9435886,43.8680683],[-78.9435482,43.867967]]},"properties":{"kind":"distribution","tier":"distribution","placement":"underground","from":"gas-T-98","to":"gas-T-109","lengthM":11.73,"sizeMm":100,"diameterIn":3.9,"nominalLabel":"4\" cast iron (lined)","material":"cast iron","depthM":1.0,"pressureKPa":1.74,"pressureTier":"lp","customers":8,"designM3h":28.596,"roadEdge":4}},{"type":"Feature","id":"gas-E534","geometry":{"type":"LineString","coordinates":[[-78.9435482,43.867967],[-78.9434939,43.8678305]]},"properties":{"kind":"distribution","tier":"distribution","placement":"underground","from":"gas-T-109","to":"gas-T-108","lengthM":15.81,"sizeMm":100,"diameterIn":3.9,"nominalLabel":"4\" cast iron (lined)","material":"cast iron","depthM":1.0,"pressureKPa":1.74,"pressureTier":"lp","customers":7,"designM3h":27.246,"roadEdge":4}},{"type":"Feature","id":"gas-E535","geometry":{"type":"LineString","coordinates":[[-78.9434939,43.8678305],[-78.9434403,43.8676957],[-78.9434589,43.8676342],[-78.9434827,43.8676092],[-78.9435488,43.8675776],[-78.9436144,43.8675689],[-78.9437384,43.8675751]]},"properties":{"kind":"distribution","tier":"distribution","placement":"underground","from":"gas-T-108","to":"gas-T-97","lengthM":47.69,"sizeMm":100,"diameterIn":3.9,"nominalLabel":"4\" cast iron (lined)","material":"cast iron","depthM":1.0,"pressureKPa":1.74,"pressureTier":"lp","customers":6,"designM3h":25.168,"roadEdge":4}},{"type":"Feature","id":"gas-E536","geometry":{"type":"LineString","coordinates":[[-78.9437384,43.8675751],[-78.9440623,43.8675913]]},"properties":{"kind":"distribution","tier":"distribution","placement":"underground","from":"gas-T-97","to":"gas-T-107","lengthM":26.06,"sizeMm":100,"diameterIn":3.9,"nominalLabel":"4\" cast iron (lined)","material":"cast iron","depthM":1.0,"pressureKPa":1.74,"pressureTier":"lp","customers":5,"designM3h":22.281,"roadEdge":4}},{"type":"Feature","id":"gas-E537","geometry":{"type":"LineString","coordinates":[[-78.9440623,43.8675913],[-78.9441596,43.8675962]]},"properties":{"kind":"distribution","tier":"distribution","placement":"underground","from":"gas-T-107","to":"gas-T-96","lengthM":7.82,"sizeMm":100,"diameterIn":3.9,"nominalLabel":"4\" cast iron (lined)","material":"cast iron","depthM":1.0,"pressureKPa":1.74,"pressureTier":"lp","customers":4,"designM3h":18.732,"roadEdge":4}},{"type":"Feature","id":"gas-E538","geometry":{"type":"LineString","coordinates":[[-78.9441596,43.8675962],[-78.9442625,43.8676014]]},"properties":{"kind":"distribution","tier":"distribution","placement":"underground","from":"gas-T-96","to":"gas-T-106","lengthM":8.28,"sizeMm":100,"diameterIn":3.9,"nominalLabel":"4\" cast iron (lined)","material":"cast iron","depthM":1.0,"pressureKPa":1.74,"pressureTier":"lp","customers":3,"designM3h":14.789,"roadEdge":4}},{"type":"Feature","id":"gas-E539","geometry":{"type":"LineString","coordinates":[[-78.9442625,43.8676014],[-78.9443662,43.8676066]]},"properties":{"kind":"distribution","tier":"distribution","placement":"underground","from":"gas-T-106","to":"gas-T-95","lengthM":8.34,"sizeMm":100,"diameterIn":3.9,"nominalLabel":"4\" cast iron (lined)","material":"cast iron","depthM":1.0,"pressureKPa":1.74,"pressureTier":"lp","customers":2,"designM3h":10.566,"roadEdge":4}},{"type":"Feature","id":"gas-E540","geometry":{"type":"LineString","coordinates":[[-78.9443662,43.8676066],[-78.9445729,43.867617]]},"properties":{"kind":"distribution","tier":"distribution","placement":"underground","from":"gas-T-95","to":"gas-T-94","lengthM":16.63,"sizeMm":100,"diameterIn":3.9,"nominalLabel":"4\" cast iron (lined)","material":"cast iron","depthM":1.0,"pressureKPa":1.74,"pressureTier":"lp","customers":1,"designM3h":5.477,"roadEdge":4}},{"type":"Feature","id":"gas-E1020","geometry":{"type":"LineString","coordinates":[[-78.9419095,43.8699587],[-78.9418429,43.8698088]]},"properties":{"kind":"distribution","tier":"distribution","placement":"underground","from":"gas-T-139","to":"gas-L-0","lengthM":17.52,"sizeMm":100,"loop":true,"diameterIn":3.9,"nominalLabel":"4\" cast iron (lined)","material":"cast iron","depthM":1.0,"pressureTier":"lp"}},{"type":"Feature","id":"gas-E1021","geometry":{"type":"LineString","coordinates":[[-78.9416587,43.8692643],[-78.941525,43.8690912]]},"properties":{"kind":"distribution","tier":"distribution","placement":"underground","from":"gas-J-19","to":"gas-L-1","lengthM":22.06,"sizeMm":100,"loop":true,"diameterIn":3.9,"nominalLabel":"4\" cast iron (lined)","material":"cast iron","depthM":1.0,"pressureTier":"lp"}},{"type":"Feature","id":"gas-E1022","geometry":{"type":"LineString","coordinates":[[-78.9415099,43.8721012],[-78.9414418,43.8721599],[-78.9409728,43.8722639]]},"properties":{"kind":"distribution","tier":"distribution","placement":"underground","from":"gas-J-20","to":"gas-L-2","lengthM":47.89,"sizeMm":100,"loop":true,"diameterIn":3.9,"nominalLabel":"4\" cast iron (lined)","material":"cast iron","depthM":1.0,"pressureTier":"lp"}},{"type":"Feature","id":"gas-E1023","geometry":{"type":"LineString","coordinates":[[-78.9409277,43.8706305],[-78.9408066,43.8704401]]},"properties":{"kind":"distribution","tier":"distribution","placement":"underground","from":"gas-T-196","to":"gas-L-3","lengthM":23.32,"sizeMm":100,"loop":true,"diameterIn":3.9,"nominalLabel":"4\" cast iron (lined)","material":"cast iron","depthM":1.0,"pressureTier":"lp"}},{"type":"Feature","id":"gas-E1024","geometry":{"type":"LineString","coordinates":[[-78.9404718,43.8696484],[-78.9404037,43.8694949]]},"properties":{"kind":"distribution","tier":"distribution","placement":"underground","from":"gas-T-202","to":"gas-L-4","lengthM":17.94,"sizeMm":100,"loop":true,"diameterIn":3.9,"nominalLabel":"4\" cast iron (lined)","material":"cast iron","depthM":1.0,"pressureTier":"lp"}},{"type":"Feature","id":"gas-E1025","geometry":{"type":"LineString","coordinates":[[-78.9393346,43.8670474],[-78.9392991,43.8669657],[-78.9392775,43.8669451],[-78.9392358,43.866939],[-78.9389546,43.8669338]]},"properties":{"kind":"distribution","tier":"distribution","placement":"underground","from":"gas-T-248","to":"gas-L-5","lengthM":38.4,"sizeMm":100,"loop":true,"diameterIn":3.9,"nominalLabel":"4\" cast iron (lined)","material":"cast iron","depthM":1.0,"pressureTier":"lp"}},{"type":"Feature","id":"gas-E1026","geometry":{"type":"LineString","coordinates":[[-78.9397056,43.8710395],[-78.9396387,43.8708811]]},"properties":{"kind":"distribution","tier":"distribution","placement":"underground","from":"gas-T-266","to":"gas-L-6","lengthM":18.43,"sizeMm":100,"loop":true,"diameterIn":3.9,"nominalLabel":"4\" cast iron (lined)","material":"cast iron","depthM":1.0,"pressureTier":"lp"}},{"type":"Feature","id":"gas-E1027","geometry":{"type":"LineString","coordinates":[[-78.9393691,43.8701033],[-78.9392785,43.8700291],[-78.9391631,43.8697581]]},"properties":{"kind":"distribution","tier":"distribution","placement":"underground","from":"gas-J-34","to":"gas-L-7","lengthM":42.56,"sizeMm":100,"loop":true,"diameterIn":3.9,"nominalLabel":"4\" cast iron (lined)","material":"cast iron","depthM":1.0,"pressureTier":"lp"}},{"type":"Feature","id":"gas-E1028","geometry":{"type":"LineString","coordinates":[[-78.9372347,43.8715969],[-78.9371622,43.8714315]]},"properties":{"kind":"distribution","tier":"distribution","placement":"underground","from":"gas-T-317","to":"gas-L-8","lengthM":19.3,"sizeMm":100,"loop":true,"diameterIn":3.9,"nominalLabel":"4\" cast iron (lined)","material":"cast iron","depthM":1.0,"pressureTier":"lp"}},{"type":"Feature","id":"gas-E1029","geometry":{"type":"LineString","coordinates":[[-78.9370122,43.8679932],[-78.9370451,43.8678386],[-78.9370146,43.8677713]]},"properties":{"kind":"distribution","tier":"distribution","placement":"underground","from":"gas-J-45","to":"gas-L-9","lengthM":25.29,"sizeMm":100,"loop":true,"diameterIn":3.9,"nominalLabel":"4\" cast iron (lined)","material":"cast iron","depthM":1.0,"pressureTier":"lp"}},{"type":"Feature","id":"gas-E1030","geometry":{"type":"LineString","coordinates":[[-78.9370145,43.8709632],[-78.9368129,43.87064]]},"properties":{"kind":"distribution","tier":"distribution","placement":"underground","from":"gas-J-46","to":"gas-L-10","lengthM":39.45,"sizeMm":100,"loop":true,"diameterIn":3.9,"nominalLabel":"4\" cast iron (lined)","material":"cast iron","depthM":1.0,"pressureTier":"lp"}},{"type":"Feature","id":"gas-E1031","geometry":{"type":"LineString","coordinates":[[-78.9369637,43.8675255],[-78.9369169,43.8674256]]},"properties":{"kind":"distribution","tier":"distribution","placement":"underground","from":"gas-J-47","to":"gas-L-11","lengthM":11.73,"sizeMm":100,"loop":true,"diameterIn":3.9,"nominalLabel":"4\" cast iron (lined)","material":"cast iron","depthM":1.0,"pressureTier":"lp"}},{"type":"Feature","id":"gas-E1032","geometry":{"type":"LineString","coordinates":[[-78.936821,43.8675573],[-78.9367773,43.8674555]]},"properties":{"kind":"distribution","tier":"distribution","placement":"underground","from":"gas-J-49","to":"gas-L-12","lengthM":11.86,"sizeMm":150,"loop":true,"diameterIn":5.9,"nominalLabel":"6\" cast iron (lined)","material":"cast iron","depthM":1.0,"pressureTier":"lp"}},{"type":"Feature","id":"gas-E1033","geometry":{"type":"LineString","coordinates":[[-78.936413,43.8697319],[-78.9363362,43.8695568]]},"properties":{"kind":"distribution","tier":"distribution","placement":"underground","from":"gas-T-349","to":"gas-L-13","lengthM":20.44,"sizeMm":100,"loop":true,"diameterIn":3.9,"nominalLabel":"4\" cast iron (lined)","material":"cast iron","depthM":1.0,"pressureTier":"lp"}},{"type":"Feature","id":"gas-E1034","geometry":{"type":"LineString","coordinates":[[-78.9360118,43.8718712],[-78.9359351,43.8716949]]},"properties":{"kind":"distribution","tier":"distribution","placement":"underground","from":"gas-T-366","to":"gas-L-14","lengthM":20.56,"sizeMm":100,"loop":true,"diameterIn":3.9,"nominalLabel":"4\" cast iron (lined)","material":"cast iron","depthM":1.0,"pressureTier":"lp"}},{"type":"Feature","id":"gas-E1035","geometry":{"type":"LineString","coordinates":[[-78.9352407,43.869843],[-78.9353813,43.8701605]]},"properties":{"kind":"distribution","tier":"distribution","placement":"underground","from":"gas-T-397","to":"gas-L-15","lengthM":37.1,"sizeMm":100,"loop":true,"diameterIn":3.9,"nominalLabel":"4\" cast iron (lined)","material":"cast iron","depthM":1.0,"pressureTier":"lp"}},{"type":"Feature","id":"gas-E1036","geometry":{"type":"LineString","coordinates":[[-78.935658,43.87106],[-78.9355949,43.8709166]]},"properties":{"kind":"distribution","tier":"distribution","placement":"underground","from":"gas-T-399","to":"gas-L-16","lengthM":16.75,"sizeMm":100,"loop":true,"diameterIn":3.9,"nominalLabel":"4\" cast iron (lined)","material":"cast iron","depthM":1.0,"pressureTier":"lp"}},{"type":"Feature","id":"gas-E1037","geometry":{"type":"LineString","coordinates":[[-78.9324384,43.873059],[-78.9323384,43.8729562],[-78.9323112,43.8728855],[-78.9321563,43.8725443],[-78.9321232,43.8724715]]},"properties":{"kind":"distribution","tier":"distribution","placement":"underground","from":"gas-J-67","to":"gas-L-17","lengthM":70.63,"sizeMm":50,"loop":true,"diameterIn":2.0,"nominalLabel":"2\" PE","material":"PE SDR11","depthM":1.0,"pressureTier":"mp"}},{"type":"Feature","id":"gas-E1038","geometry":{"type":"LineString","coordinates":[[-78.9327669,43.8722849],[-78.9329659,43.8722391],[-78.9330731,43.872189],[-78.9330984,43.8721016],[-78.9330674,43.8720317]]},"properties":{"kind":"distribution","tier":"distribution","placement":"underground","from":"gas-T-445","to":"gas-L-18","lengthM":45.12,"sizeMm":50,"loop":true,"diameterIn":2.0,"nominalLabel":"2\" PE","material":"PE SDR11","depthM":1.0,"pressureTier":"mp"}},{"type":"Feature","id":"gas-E1039","geometry":{"type":"LineString","coordinates":[[-78.9313712,43.8707555],[-78.9313486,43.8708035],[-78.9313147,43.8708115],[-78.9308195,43.87092]]},"properties":{"kind":"distribution","tier":"distribution","placement":"underground","from":"gas-J-69","to":"gas-L-19","lengthM":50.04,"sizeMm":50,"loop":true,"diameterIn":2.0,"nominalLabel":"2\" PE","material":"PE SDR11","depthM":1.0,"pressureTier":"mp"}}]}