{"type":"FeatureCollection","name":"parcels","crs_note":"EPSG:4326","features":[{"type":"Feature","id":"LOT-P-00001","geometry":{"type":"Polygon","coordinates":[[[-78.9442984,43.8685191],[-78.9443198,43.8683581],[-78.9447095,43.8683852],[-78.9446995,43.8684597],[-78.9446879,43.8685461],[-78.9442984,43.8685191]]]},"properties":{"premiseId":"P-00001","address":"40 Greenwood Crescent","premiseType":"residential"}},{"type":"Feature","id":"LOT-P-00002","geometry":{"type":"Polygon","coordinates":[[[-78.9446354,43.8679684],[-78.944665,43.8676621],[-78.9448934,43.8676735],[-78.9448639,43.8679799],[-78.9446354,43.8679684]]]},"properties":{"premiseId":"P-00002","address":"98 Bayview Avenue","premiseType":"residential"}},{"type":"Feature","id":"LOT-P-00003","geometry":{"type":"Polygon","coordinates":[[[-78.9444454,43.8679398],[-78.9444731,43.8676525],[-78.944665,43.8676621],[-78.9446373,43.8679494],[-78.9444454,43.8679398]]]},"properties":{"premiseId":"P-00003","address":"94 Bayview Avenue","premiseType":"residential"}},{"type":"Feature","id":"LOT-P-00004","geometry":{"type":"Polygon","coordinates":[[[-78.9442232,43.8679334],[-78.9442514,43.8676414],[-78.9443861,43.8676481],[-78.9444731,43.8676525],[-78.9444454,43.8679398],[-78.9444449,43.8679445],[-78.9442232,43.8679334]]]},"properties":{"premiseId":"P-00004","address":"90 Bayview Avenue","premiseType":"residential"}},{"type":"Feature","id":"LOT-P-00005","geometry":{"type":"Polygon","coordinates":[[[-78.9442216,43.86795],[-78.9440302,43.8679404],[-78.94406,43.8676318],[-78.944137,43.8676356],[-78.9442514,43.8676414],[-78.9442232,43.8679334],[-78.9442216,43.86795]]]},"properties":{"premiseId":"P-00005","address":"88 Bayview Avenue","premiseType":"residential"}},{"type":"Feature","id":"LOT-P-00006","geometry":{"type":"Polygon","coordinates":[[[-78.9438075,43.8679074],[-78.9438353,43.8676204],[-78.9438827,43.8676229],[-78.94406,43.8676318],[-78.9440323,43.8679188],[-78.9438075,43.8679074]]]},"properties":{"premiseId":"P-00006","address":"84 Bayview Avenue","premiseType":"residential"}},{"type":"Feature","id":"LOT-P-00007","geometry":{"type":"Polygon","coordinates":[[[-78.9436337,43.8676104],[-78.9438353,43.8676204],[-78.9438091,43.8678913],[-78.9436075,43.8678811],[-78.9436337,43.8676104]]]},"properties":{"premiseId":"P-00007","address":"80 Bayview Avenue","premiseType":"residential"}},{"type":"Feature","id":"LOT-P-00008","geometry":{"type":"Polygon","coordinates":[[[-78.9440004,43.8679172],[-78.944057,43.8680594],[-78.9436748,43.8681384],[-78.943654,43.8680862],[-78.9436101,43.8679759],[-78.9439151,43.8679128],[-78.9440004,43.8679172]]]},"properties":{"premiseId":"P-00008","address":"60 Bayview Avenue","premiseType":"residential"}},{"type":"Feature","id":"LOT-P-00009","geometry":{"type":"Polygon","coordinates":[[[-78.9440842,43.8680537],[-78.9441372,43.8681869],[-78.9437278,43.8682715],[-78.9436985,43.8681978],[-78.9436748,43.8681384],[-78.944057,43.8680594],[-78.9440842,43.8680537]]]},"properties":{"premiseId":"P-00009","address":"58 Bayview Avenue","premiseType":"residential"}},{"type":"Feature","id":"LOT-P-00010","geometry":{"type":"Polygon","coordinates":[[[-78.9441867,43.8683461],[-78.9437901,43.8684281],[-78.9437278,43.8682715],[-78.9441244,43.8681895],[-78.9441867,43.8683461]]]},"properties":{"premiseId":"P-00010","address":"54 Bayview Avenue","premiseType":"residential"}},{"type":"Feature","id":"LOT-P-00011","geometry":{"type":"Polygon","coordinates":[[[-78.9442589,43.8684912],[-78.9438489,43.868576],[-78.9437901,43.8684281],[-78.9442,43.8683433],[-78.9442589,43.8684912]]]},"properties":{"premiseId":"P-00011","address":"50 Bayview Avenue","premiseType":"residential"}},{"type":"Feature","id":"LOT-P-00012","geometry":{"type":"Polygon","coordinates":[[[-78.9442889,43.8686205],[-78.9438989,43.8687013],[-78.9438489,43.868576],[-78.944239,43.8684953],[-78.9442889,43.8686205]]]},"properties":{"premiseId":"P-00012","address":"46 Bayview Avenue","premiseType":"residential"}},{"type":"Feature","id":"LOT-P-00013","geometry":{"type":"Polygon","coordinates":[[[-78.9443433,43.8687246],[-78.9439691,43.8688508],[-78.9438989,43.8687013],[-78.9442889,43.8686205],[-78.944296,43.8686191],[-78.9443433,43.8687246]]]},"properties":{"premiseId":"P-00013","address":"42 Bayview Avenue","premiseType":"residential"}},{"type":"Feature","id":"LOT-P-00014","geometry":{"type":"Polygon","coordinates":[[[-78.9443448,43.868724],[-78.9443949,43.868784],[-78.9440914,43.8689879],[-78.9439691,43.8688508],[-78.9443433,43.8687246],[-78.9443448,43.868724]]]},"properties":{"premiseId":"P-00014","address":"38 Bayview Avenue","premiseType":"residential"}},{"type":"Feature","id":"LOT-P-00015","geometry":{"type":"Polygon","coordinates":[[[-78.9445227,43.8689024],[-78.9442327,43.8690973],[-78.9440962,43.8689917],[-78.9440914,43.8689879],[-78.9443814,43.8687931],[-78.9445227,43.8689024]]]},"properties":{"premiseId":"P-00015","address":"34 Bayview Avenue","premiseType":"residential"}},{"type":"Feature","id":"LOT-P-00016","geometry":{"type":"Polygon","coordinates":[[[-78.944551,43.8689155],[-78.9445971,43.8689596],[-78.9446034,43.8689561],[-78.9446207,43.8689695],[-78.94465,43.8689975],[-78.9443577,43.8691939],[-78.9442903,43.8691418],[-78.9442327,43.8690973],[-78.9445288,43.8688984],[-78.944551,43.8689155]]]},"properties":{"premiseId":"P-00016","address":"30 Bayview Avenue","premiseType":"residential"}},{"type":"Feature","id":"LOT-P-00017","geometry":{"type":"Polygon","coordinates":[[[-78.9446814,43.8690275],[-78.9447385,43.8690819],[-78.9447463,43.8690777],[-78.9447538,43.8690834],[-78.9447898,43.8691179],[-78.944506,43.8693086],[-78.9444437,43.8692604],[-78.9443577,43.8691939],[-78.9446462,43.8690002],[-78.9446814,43.8690275]]]},"properties":{"premiseId":"P-00017","address":"26 Bayview Avenue","premiseType":"residential"}},{"type":"Feature","id":"LOT-P-00018","geometry":{"type":"Polygon","coordinates":[[[-78.9444084,43.8671844],[-78.9446358,43.8671958],[-78.9446068,43.8674971],[-78.9444503,43.8674893],[-78.9443794,43.8674857],[-78.9444084,43.8671844]]]},"properties":{"premiseId":"P-00018","address":"91 Bayview Avenue","premiseType":"residential"}},{"type":"Feature","id":"LOT-P-00019","geometry":{"type":"Polygon","coordinates":[[[-78.9444083,43.8671859],[-78.9443794,43.8674857],[-78.944169,43.8674751],[-78.9441979,43.8671753],[-78.9444083,43.8671859]]]},"properties":{"premiseId":"P-00019","address":"87 Bayview Avenue","premiseType":"residential"}},{"type":"Feature","id":"LOT-P-00020","geometry":{"type":"Polygon","coordinates":[[[-78.9440083,43.8671635],[-78.9441982,43.8671731],[-78.944169,43.8674751],[-78.9441634,43.8674748],[-78.943979,43.8674656],[-78.9440083,43.8671635]]]},"properties":{"premiseId":"P-00020","address":"85 Bayview Avenue","premiseType":"residential"}},{"type":"Feature","id":"LOT-P-00021","geometry":{"type":"Polygon","coordinates":[[[-78.9440078,43.8671685],[-78.943979,43.8674656],[-78.9437747,43.8674553],[-78.9438035,43.8671583],[-78.9440078,43.8671685]]]},"properties":{"premiseId":"P-00021","address":"81 Bayview Avenue","premiseType":"residential"}},{"type":"Feature","id":"LOT-P-00022","geometry":{"type":"Polygon","coordinates":[[[-78.9433609,43.867936],[-78.9430082,43.8680089],[-78.9429509,43.8678649],[-78.9433036,43.867792],[-78.9433169,43.8678254],[-78.9433609,43.867936]]]},"properties":{"premiseId":"P-00022","address":"67 Bayview Avenue","premiseType":"residential"}},{"type":"Feature","id":"LOT-P-00023","geometry":{"type":"Polygon","coordinates":[[[-78.943011,43.8680083],[-78.9433609,43.867936],[-78.9434122,43.8680649],[-78.9430623,43.8681373],[-78.943011,43.8680083]]]},"properties":{"premiseId":"P-00023","address":"63 Bayview Avenue","premiseType":"residential"}},{"type":"Feature","id":"LOT-P-00024","geometry":{"type":"Polygon","coordinates":[[[-78.9430651,43.8681368],[-78.9434122,43.8680649],[-78.9434689,43.8682073],[-78.9431216,43.8682792],[-78.9430651,43.8681368]]]},"properties":{"premiseId":"P-00024","address":"59 Bayview Avenue","premiseType":"residential"}},{"type":"Feature","id":"LOT-P-00025","geometry":{"type":"Polygon","coordinates":[[[-78.9431246,43.8682785],[-78.9434689,43.8682073],[-78.9435312,43.8683639],[-78.9431869,43.8684351],[-78.9431246,43.8682785]]]},"properties":{"premiseId":"P-00025","address":"55 Bayview Avenue","premiseType":"residential"}},{"type":"Feature","id":"LOT-P-00026","geometry":{"type":"Polygon","coordinates":[[[-78.9431899,43.8684345],[-78.9435312,43.8683639],[-78.9435876,43.8685056],[-78.9432464,43.8685762],[-78.9431899,43.8684345]]]},"properties":{"premiseId":"P-00026","address":"51 Bayview Avenue","premiseType":"residential"}},{"type":"Feature","id":"LOT-P-00027","geometry":{"type":"Polygon","coordinates":[[[-78.943249,43.8685757],[-78.9435876,43.8685056],[-78.9436395,43.868636],[-78.943301,43.868706],[-78.943249,43.8685757]]]},"properties":{"premiseId":"P-00027","address":"47 Bayview Avenue","premiseType":"residential"}},{"type":"Feature","id":"LOT-P-00028","geometry":{"type":"Polygon","coordinates":[[[-78.9433651,43.8688597],[-78.9433038,43.8687054],[-78.9436395,43.868636],[-78.9436678,43.8687071],[-78.9437008,43.8687903],[-78.9433651,43.8688597]]]},"properties":{"premiseId":"P-00028","address":"45 Bayview Avenue","premiseType":"residential"}},{"type":"Feature","id":"LOT-P-00029","geometry":{"type":"Polygon","coordinates":[[[-78.9437202,43.8693578],[-78.9435681,43.8692402],[-78.9438586,43.8690451],[-78.9439539,43.8691188],[-78.9440106,43.8691626],[-78.9437202,43.8693578]]]},"properties":{"premiseId":"P-00029","address":"35 Bayview Avenue","premiseType":"residential"}},{"type":"Feature","id":"LOT-P-00030","geometry":{"type":"Polygon","coordinates":[[[-78.9438506,43.8694545],[-78.943723,43.8693558],[-78.9440106,43.8691626],[-78.9441166,43.8692446],[-78.9441382,43.8692613],[-78.9438506,43.8694545]]]},"properties":{"premiseId":"P-00030","address":"31 Bayview Avenue","premiseType":"residential"}},{"type":"Feature","id":"LOT-P-00031","geometry":{"type":"Polygon","coordinates":[[[-78.943835,43.869465],[-78.9438506,43.8694545],[-78.9441382,43.8692613],[-78.9442795,43.8693706],[-78.9439764,43.8695743],[-78.943835,43.869465]]]},"properties":{"premiseId":"P-00031","address":"27 Bayview Avenue","premiseType":"residential"}},{"type":"Feature","id":"LOT-P-00032","geometry":{"type":"Polygon","coordinates":[[[-78.9440793,43.8696318],[-78.9439889,43.8695659],[-78.9442795,43.8693706],[-78.9444177,43.8694817],[-78.9440793,43.8696318]]]},"properties":{"premiseId":"P-00032","address":"23 Bayview Avenue","premiseType":"residential"}},{"type":"Feature","id":"LOT-P-00033","geometry":{"type":"Polygon","coordinates":[[[-78.9437188,43.8700953],[-78.9439775,43.8700396],[-78.9440896,43.8703105],[-78.9440329,43.8703227],[-78.9438309,43.8703662],[-78.9437188,43.8700953]]]},"properties":{"premiseId":"P-00033","address":"99 Burns Street West","premiseType":"residential"}},{"type":"Feature","id":"LOT-P-00034","geometry":{"type":"Polygon","coordinates":[[[-78.9430213,43.8702439],[-78.9431991,43.8702034],[-78.9433077,43.8704516],[-78.9433196,43.8704798],[-78.9431403,43.8705206],[-78.9430213,43.8702439]]]},"properties":{"premiseId":"P-00034","address":"87 Burns Street West","premiseType":"residential"}},{"type":"Feature","id":"LOT-P-00035","geometry":{"type":"Polygon","coordinates":[[[-78.9427883,43.8703011],[-78.9430233,43.8702486],[-78.9431403,43.8705206],[-78.9430375,43.8705436],[-78.9429052,43.8705732],[-78.9427883,43.8703011]]]},"properties":{"premiseId":"P-00035","address":"83 Burns Street West","premiseType":"residential"}},{"type":"Feature","id":"LOT-P-00036","geometry":{"type":"Polygon","coordinates":[[[-78.9425109,43.8714747],[-78.9425662,43.8716052],[-78.9421885,43.8716884],[-78.9421857,43.8716891],[-78.9421303,43.8715586],[-78.9425109,43.8714747]]]},"properties":{"premiseId":"P-00036","address":"116 King Street","premiseType":"residential"}},{"type":"Feature","id":"LOT-P-00037","geometry":{"type":"Polygon","coordinates":[[[-78.942453,43.8713379],[-78.9425109,43.8714747],[-78.9420994,43.8715654],[-78.9420415,43.8714286],[-78.942453,43.8713379]]]},"properties":{"premiseId":"P-00037","address":"112 King Street","premiseType":"residential"}},{"type":"Feature","id":"LOT-P-00038","geometry":{"type":"Polygon","coordinates":[[[-78.9423883,43.8711854],[-78.942453,43.8713379],[-78.9420758,43.871421],[-78.9420111,43.8712685],[-78.9423883,43.8711854]]]},"properties":{"premiseId":"P-00038","address":"108 King Street","premiseType":"residential"}},{"type":"Feature","id":"LOT-P-00039","geometry":{"type":"Polygon","coordinates":[[[-78.941932,43.8711434],[-78.942333,43.871055],[-78.9423553,43.8711076],[-78.9423883,43.8711854],[-78.9419873,43.8712737],[-78.941932,43.8711434]]]},"properties":{"premiseId":"P-00039","address":"106 King Street","premiseType":"residential"}},{"type":"Feature","id":"LOT-P-00040","geometry":{"type":"Polygon","coordinates":[[[-78.9422761,43.8709208],[-78.942333,43.871055],[-78.9419589,43.8711375],[-78.941902,43.8710037],[-78.9422761,43.8709208]]]},"properties":{"premiseId":"P-00040","address":"102 King Street","premiseType":"residential"}},{"type":"Feature","id":"LOT-P-00041","geometry":{"type":"Polygon","coordinates":[[[-78.9429818,43.8710675],[-78.9426077,43.87115],[-78.9425444,43.8710006],[-78.9429185,43.8709181],[-78.9429818,43.8710675]]]},"properties":{"premiseId":"P-00041","address":"105 King Street","premiseType":"residential"}},{"type":"Feature","id":"LOT-P-00042","geometry":{"type":"Polygon","coordinates":[[[-78.9429351,43.8709145],[-78.9425444,43.8710006],[-78.9424902,43.8708728],[-78.9428805,43.8707856],[-78.9429351,43.8709145]]]},"properties":{"premiseId":"P-00042","address":"101 King Street","premiseType":"residential"}},{"type":"Feature","id":"LOT-P-00043","geometry":{"type":"Polygon","coordinates":[[[-78.9420992,43.8715647],[-78.9420994,43.8715654],[-78.942106,43.8715639],[-78.9422335,43.8718526],[-78.942046,43.8718956],[-78.9419182,43.8716062],[-78.9420992,43.8715647]]]},"properties":{"premiseId":"P-00043","address":"35 Pitt Street West","premiseType":"residential"}},{"type":"Feature","id":"LOT-P-00044","geometry":{"type":"Polygon","coordinates":[[[-78.9419224,43.8716155],[-78.942046,43.8718956],[-78.9418396,43.8719429],[-78.941716,43.8716628],[-78.9419224,43.8716155]]]},"properties":{"premiseId":"P-00044","address":"31 Pitt Street West","premiseType":"residential"}},{"type":"Feature","id":"LOT-P-00045","geometry":{"type":"Polygon","coordinates":[[[-78.9415217,43.8717058],[-78.9417154,43.8716616],[-78.941716,43.8716628],[-78.9418396,43.8719429],[-78.9416389,43.8719887],[-78.9415217,43.8717058]]]},"properties":{"premiseId":"P-00045","address":"27 Pitt Street West","premiseType":"residential"}},{"type":"Feature","id":"LOT-P-00046","geometry":{"type":"Polygon","coordinates":[[[-78.9422325,43.8683569],[-78.9420406,43.8684013],[-78.9419094,43.8681064],[-78.9421013,43.868062],[-78.9422325,43.8683569]]]},"properties":{"premiseId":"P-00046","address":"84 Arthur Street","premiseType":"residential"}},{"type":"Feature","id":"LOT-P-00047","geometry":{"type":"Polygon","coordinates":[[[-78.9418325,43.8684226],[-78.941712,43.8681521],[-78.9419094,43.8681064],[-78.9420298,43.868377],[-78.9418325,43.8684226]]]},"properties":{"premiseId":"P-00047","address":"80 Arthur Street","premiseType":"residential"}},{"type":"Feature","id":"LOT-P-00048","geometry":{"type":"Polygon","coordinates":[[[-78.9416569,43.8684643],[-78.9415361,43.8681928],[-78.9416197,43.8681734],[-78.941712,43.8681521],[-78.9418329,43.8684236],[-78.9416569,43.8684643]]]},"properties":{"premiseId":"P-00048","address":"78 Arthur Street","premiseType":"residential"}},{"type":"Feature","id":"LOT-P-00049","geometry":{"type":"Polygon","coordinates":[[[-78.9414483,43.8685117],[-78.9413298,43.8682405],[-78.9414189,43.8682198],[-78.9415361,43.8681928],[-78.9416567,43.8684636],[-78.9414483,43.8685117]]]},"properties":{"premiseId":"P-00049","address":"74 Arthur Street","premiseType":"residential"}},{"type":"Feature","id":"LOT-P-00050","geometry":{"type":"Polygon","coordinates":[[[-78.9417383,43.8676594],[-78.9419229,43.8676168],[-78.9420506,43.8679039],[-78.941866,43.8679466],[-78.9417383,43.8676594]]]},"properties":{"premiseId":"P-00050","address":"83 Arthur Street","premiseType":"residential"}},{"type":"Feature","id":"LOT-P-00051","geometry":{"type":"Polygon","coordinates":[[[-78.9417382,43.8676591],[-78.941866,43.8679466],[-78.9416501,43.8679966],[-78.9415221,43.867709],[-78.9417382,43.8676591]]]},"properties":{"premiseId":"P-00051","address":"81 Arthur Street","premiseType":"residential"}},{"type":"Feature","id":"LOT-P-00052","geometry":{"type":"Polygon","coordinates":[[[-78.9413339,43.8677652],[-78.9415273,43.8677205],[-78.9416501,43.8679966],[-78.9414877,43.8680341],[-78.9414568,43.8680412],[-78.9413339,43.8677652]]]},"properties":{"premiseId":"P-00052","address":"77 Arthur Street","premiseType":"residential"}},{"type":"Feature","id":"LOT-P-00053","geometry":{"type":"Polygon","coordinates":[[[-78.9411412,43.8678155],[-78.9413363,43.8677704],[-78.9414568,43.8680412],[-78.9414214,43.8680494],[-78.9412588,43.868087],[-78.9411412,43.8678155]]]},"properties":{"premiseId":"P-00053","address":"73 Arthur Street","premiseType":"residential"}},{"type":"Feature","id":"LOT-P-00054","geometry":{"type":"Polygon","coordinates":[[[-78.9421424,43.8706152],[-78.9421944,43.8707322],[-78.9418027,43.8708189],[-78.9417524,43.8707053],[-78.9421424,43.8706152]]]},"properties":{"premiseId":"P-00054","address":"94 King Street","premiseType":"residential"}},{"type":"Feature","id":"LOT-P-00055","geometry":{"type":"Polygon","coordinates":[[[-78.9420709,43.8704543],[-78.9421424,43.8706152],[-78.9417584,43.870704],[-78.9416868,43.870543],[-78.9420709,43.8704543]]]},"properties":{"premiseId":"P-00055","address":"90 King Street","premiseType":"residential"}},{"type":"Feature","id":"LOT-P-00056","geometry":{"type":"Polygon","coordinates":[[[-78.9420129,43.8703237],[-78.9420709,43.8704543],[-78.9416868,43.870543],[-78.9416685,43.8705472],[-78.9416104,43.8704167],[-78.9420129,43.8703237]]]},"properties":{"premiseId":"P-00056","address":"86 King Street","premiseType":"residential"}},{"type":"Feature","id":"LOT-P-00057","geometry":{"type":"Polygon","coordinates":[[[-78.9419488,43.8701794],[-78.9420129,43.8703237],[-78.9416289,43.8704125],[-78.9415647,43.8702681],[-78.9419488,43.8701794]]]},"properties":{"premiseId":"P-00057","address":"82 King Street","premiseType":"residential"}},{"type":"Feature","id":"LOT-P-00058","geometry":{"type":"Polygon","coordinates":[[[-78.9415091,43.8701376],[-78.941891,43.8700494],[-78.9418961,43.8700611],[-78.9419488,43.8701794],[-78.941567,43.8702676],[-78.9415091,43.8701376]]]},"properties":{"premiseId":"P-00058","address":"78 King Street","premiseType":"residential"}},{"type":"Feature","id":"LOT-P-00059","geometry":{"type":"Polygon","coordinates":[[[-78.9414426,43.8699801],[-78.9418213,43.8698927],[-78.9418816,43.8700284],[-78.941891,43.8700494],[-78.9415121,43.8701369],[-78.9414426,43.8699801]]]},"properties":{"premiseId":"P-00059","address":"76 King Street","premiseType":"residential"}},{"type":"Feature","id":"LOT-P-00060","geometry":{"type":"Polygon","coordinates":[[[-78.9414188,43.8699857],[-78.9413551,43.8698426],[-78.9417577,43.8697496],[-78.9417762,43.8697913],[-78.9418213,43.8698927],[-78.9414426,43.8699801],[-78.9414188,43.8699857]]]},"properties":{"premiseId":"P-00060","address":"72 King Street","premiseType":"residential"}},{"type":"Feature","id":"LOT-P-00061","geometry":{"type":"Polygon","coordinates":[[[-78.9413044,43.8697039],[-78.9416971,43.8696133],[-78.9417577,43.8697496],[-78.941365,43.8698403],[-78.9413044,43.8697039]]]},"properties":{"premiseId":"P-00061","address":"68 King Street","premiseType":"residential"}},{"type":"Feature","id":"LOT-P-00062","geometry":{"type":"Polygon","coordinates":[[[-78.9412303,43.8695618],[-78.9416329,43.8694688],[-78.9416971,43.8696133],[-78.9412944,43.8697062],[-78.9412303,43.8695618]]]},"properties":{"premiseId":"P-00062","address":"64 King Street","premiseType":"residential"}},{"type":"Feature","id":"LOT-P-00063","geometry":{"type":"Polygon","coordinates":[[[-78.9411758,43.8694184],[-78.9415701,43.8693274],[-78.9416161,43.8694308],[-78.9416329,43.8694688],[-78.9412387,43.8695598],[-78.9411758,43.8694184]]]},"properties":{"premiseId":"P-00063","address":"60 King Street","premiseType":"residential"}},{"type":"Feature","id":"LOT-P-00064","geometry":{"type":"Polygon","coordinates":[[[-78.942792,43.8705984],[-78.9424086,43.8706841],[-78.9423521,43.870557],[-78.9427345,43.8704687],[-78.942792,43.8705984]]]},"properties":{"premiseId":"P-00064","address":"93 King Street","premiseType":"residential"}},{"type":"Feature","id":"LOT-P-00065","geometry":{"type":"Polygon","coordinates":[[[-78.9427345,43.8704687],[-78.9423521,43.870557],[-78.942294,43.8704261],[-78.9426774,43.8703376],[-78.9427356,43.8704684],[-78.9427345,43.8704687]]]},"properties":{"premiseId":"P-00065","address":"89 King Street","premiseType":"residential"}},{"type":"Feature","id":"LOT-P-00066","geometry":{"type":"Polygon","coordinates":[[[-78.942294,43.8704261],[-78.9422287,43.8702793],[-78.9426254,43.8701877],[-78.9426906,43.8703345],[-78.942294,43.8704261]]]},"properties":{"premiseId":"P-00066","address":"85 King Street","premiseType":"residential"}},{"type":"Feature","id":"LOT-P-00067","geometry":{"type":"Polygon","coordinates":[[[-78.9426385,43.8701848],[-78.9426254,43.8701877],[-78.9422287,43.8702793],[-78.9421651,43.8701362],[-78.942575,43.8700417],[-78.9426385,43.8701848]]]},"properties":{"premiseId":"P-00067","address":"81 King Street","premiseType":"residential"}},{"type":"Feature","id":"LOT-P-00068","geometry":{"type":"Polygon","coordinates":[[[-78.9425084,43.8698912],[-78.9425753,43.8700416],[-78.9421651,43.8701362],[-78.9421305,43.8700584],[-78.9420983,43.869986],[-78.9425084,43.8698912]]]},"properties":{"premiseId":"P-00068","address":"77 King Street","premiseType":"residential"}},{"type":"Feature","id":"LOT-P-00069","geometry":{"type":"Polygon","coordinates":[[[-78.9424082,43.8697496],[-78.9424746,43.869899],[-78.9420983,43.869986],[-78.9420735,43.8699304],[-78.9420319,43.8698366],[-78.9424082,43.8697496]]]},"properties":{"premiseId":"P-00069","address":"73 King Street","premiseType":"residential"}},{"type":"Feature","id":"LOT-P-00070","geometry":{"type":"Polygon","coordinates":[[[-78.9424302,43.8697446],[-78.9424082,43.8697496],[-78.9420319,43.8698366],[-78.9419711,43.8696998],[-78.9423693,43.8696078],[-78.9424302,43.8697446]]]},"properties":{"premiseId":"P-00070","address":"71 King Street","premiseType":"residential"}},{"type":"Feature","id":"LOT-P-00071","geometry":{"type":"Polygon","coordinates":[[[-78.9422888,43.86948],[-78.9423478,43.8696127],[-78.9419711,43.8696998],[-78.9419414,43.869633],[-78.9419121,43.869567],[-78.9422888,43.86948]]]},"properties":{"premiseId":"P-00071","address":"67 King Street","premiseType":"residential"}},{"type":"Feature","id":"LOT-P-00072","geometry":{"type":"Polygon","coordinates":[[[-78.9422928,43.869479],[-78.9422888,43.86948],[-78.9419121,43.869567],[-78.9418443,43.8694145],[-78.942225,43.8693266],[-78.9422928,43.869479]]]},"properties":{"premiseId":"P-00072","address":"63 King Street","premiseType":"residential"}},{"type":"Feature","id":"LOT-P-00073","geometry":{"type":"Polygon","coordinates":[[[-78.9422183,43.8693282],[-78.9418443,43.8694145],[-78.9417835,43.8692778],[-78.9421575,43.8691914],[-78.9422183,43.8693282]]]},"properties":{"premiseId":"P-00073","address":"59 King Street","premiseType":"residential"}},{"type":"Feature","id":"LOT-P-00074","geometry":{"type":"Polygon","coordinates":[[[-78.941932,43.8711434],[-78.9419873,43.8712737],[-78.9419891,43.8712733],[-78.9419981,43.8712943],[-78.9418098,43.8713359],[-78.9416885,43.8710509],[-78.9416933,43.8710498],[-78.9418767,43.8710092],[-78.9419337,43.871143],[-78.941932,43.8711434]]]},"properties":{"premiseId":"P-00074","address":"58 Burns Street West","premiseType":"residential"}},{"type":"Feature","id":"LOT-P-00075","geometry":{"type":"Polygon","coordinates":[[[-78.9416654,43.8705404],[-78.9416685,43.8705472],[-78.9416761,43.8705455],[-78.9417935,43.8708209],[-78.9415962,43.8708646],[-78.941476,43.8705823],[-78.9416654,43.8705404]]]},"properties":{"premiseId":"P-00075","address":"57 Burns Street West","premiseType":"residential"}},{"type":"Feature","id":"LOT-P-00076","geometry":{"type":"Polygon","coordinates":[[[-78.9414405,43.8690322],[-78.9415014,43.8691719],[-78.9414899,43.8691743],[-78.9410922,43.8692609],[-78.9410326,43.8691247],[-78.9414405,43.8690322]]]},"properties":{"premiseId":"P-00076","address":"52 King Street","premiseType":"residential"}},{"type":"Feature","id":"LOT-P-00077","geometry":{"type":"Polygon","coordinates":[[[-78.9413706,43.8688723],[-78.9414405,43.8690322],[-78.9410391,43.8691232],[-78.9409693,43.8689634],[-78.9413706,43.8688723]]]},"properties":{"premiseId":"P-00077","address":"48 King Street","premiseType":"residential"}},{"type":"Feature","id":"LOT-P-00078","geometry":{"type":"Polygon","coordinates":[[[-78.9413063,43.868725],[-78.9413706,43.8688723],[-78.9409919,43.8689583],[-78.9409276,43.868811],[-78.9413063,43.868725]]]},"properties":{"premiseId":"P-00078","address":"44 King Street","premiseType":"residential"}},{"type":"Feature","id":"LOT-P-00079","geometry":{"type":"Polygon","coordinates":[[[-78.9412455,43.8685857],[-78.9413063,43.868725],[-78.9409276,43.868811],[-78.9409248,43.8688116],[-78.940864,43.8686723],[-78.9412455,43.8685857]]]},"properties":{"premiseId":"P-00079","address":"42 King Street","premiseType":"residential"}},{"type":"Feature","id":"LOT-P-00080","geometry":{"type":"Polygon","coordinates":[[[-78.9408631,43.8686725],[-78.9408013,43.868531],[-78.9411836,43.8684442],[-78.9412207,43.8685288],[-78.9412455,43.8685857],[-78.940864,43.8686723],[-78.9408631,43.8686725]]]},"properties":{"premiseId":"P-00080","address":"38 King Street","premiseType":"residential"}},{"type":"Feature","id":"LOT-P-00081","geometry":{"type":"Polygon","coordinates":[[[-78.9407198,43.8683829],[-78.9411175,43.8682927],[-78.9411641,43.8683993],[-78.9411836,43.8684442],[-78.940786,43.8685344],[-78.9407198,43.8683829]]]},"properties":{"premiseId":"P-00081","address":"34 King Street","premiseType":"residential"}},{"type":"Feature","id":"LOT-P-00082","geometry":{"type":"Polygon","coordinates":[[[-78.942122,43.869032],[-78.9417157,43.8691242],[-78.9416551,43.8689852],[-78.9420613,43.8688931],[-78.942122,43.869032]]]},"properties":{"premiseId":"P-00082","address":"51 King Street","premiseType":"residential"}},{"type":"Feature","id":"LOT-P-00083","geometry":{"type":"Polygon","coordinates":[[[-78.9420658,43.8688921],[-78.9420613,43.8688931],[-78.9416551,43.8689852],[-78.9415861,43.8688273],[-78.9419969,43.8687342],[-78.9420658,43.8688921]]]},"properties":{"premiseId":"P-00083","address":"47 King Street","premiseType":"residential"}},{"type":"Feature","id":"LOT-P-00084","geometry":{"type":"Polygon","coordinates":[[[-78.9419624,43.868742],[-78.9415861,43.8688273],[-78.9415226,43.8686819],[-78.9418988,43.8685965],[-78.9419624,43.868742]]]},"properties":{"premiseId":"P-00084","address":"43 King Street","premiseType":"residential"}},{"type":"Feature","id":"LOT-P-00085","geometry":{"type":"Polygon","coordinates":[[[-78.9419094,43.8685942],[-78.9415226,43.8686819],[-78.9414528,43.8685219],[-78.9418395,43.8684341],[-78.9419094,43.8685942]]]},"properties":{"premiseId":"P-00085","address":"39 King Street","premiseType":"residential"}},{"type":"Feature","id":"LOT-P-00086","geometry":{"type":"Polygon","coordinates":[[[-78.9409532,43.8697719],[-78.9408336,43.8694861],[-78.9410681,43.8694351],[-78.9411878,43.8697208],[-78.9409532,43.8697719]]]},"properties":{"premiseId":"P-00086","address":"10 James Street","premiseType":"residential"}},{"type":"Feature","id":"LOT-P-00087","geometry":{"type":"Polygon","coordinates":[[[-78.9407268,43.869829],[-78.9407006,43.8697665],[-78.9407003,43.8697661],[-78.9407001,43.8697655],[-78.9406798,43.8697192],[-78.9406797,43.8697189],[-78.9405991,43.8695372],[-78.940602,43.8695365],[-78.9406031,43.8695364],[-78.9408336,43.8694861],[-78.9409564,43.8697792],[-78.9407268,43.869829]]]},"properties":{"premiseId":"P-00087","address":"6 James Street","premiseType":"residential"}},{"type":"Feature","id":"LOT-P-00088","geometry":{"type":"Polygon","coordinates":[[[-78.9406532,43.8690348],[-78.940903,43.8689805],[-78.9410265,43.8692752],[-78.9407767,43.8693297],[-78.9406532,43.8690348]]]},"properties":{"premiseId":"P-00088","address":"9 James Street","premiseType":"residential"}},{"type":"Feature","id":"LOT-P-00089","geometry":{"type":"Polygon","coordinates":[[[-78.9404144,43.8690869],[-78.9406533,43.8690349],[-78.9407767,43.8693297],[-78.9405337,43.8693825],[-78.9404144,43.8690869]]]},"properties":{"premiseId":"P-00089","address":"5 James Street","premiseType":"residential"}},{"type":"Feature","id":"LOT-P-00090","geometry":{"type":"Polygon","coordinates":[[[-78.9413,43.8717473],[-78.9413241,43.8718036],[-78.9413656,43.8719006],[-78.9409834,43.8719854],[-78.9409582,43.8719911],[-78.9408927,43.8718376],[-78.9413,43.8717473]]]},"properties":{"premiseId":"P-00090","address":"88 Centre Street South","premiseType":"residential"}},{"type":"Feature","id":"LOT-P-00091","geometry":{"type":"Polygon","coordinates":[[[-78.9408564,43.8716948],[-78.9412411,43.8716094],[-78.9412634,43.8716615],[-78.9413,43.8717473],[-78.9409154,43.8718327],[-78.9408564,43.8716948]]]},"properties":{"premiseId":"P-00091","address":"84 Centre Street South","premiseType":"residential"}},{"type":"Feature","id":"LOT-P-00092","geometry":{"type":"Polygon","coordinates":[[[-78.9408344,43.8716997],[-78.940773,43.8715564],[-78.9411799,43.8714661],[-78.9412003,43.8715139],[-78.9412411,43.8716094],[-78.9408564,43.8716948],[-78.9408344,43.8716997]]]},"properties":{"premiseId":"P-00092","address":"80 Centre Street South","premiseType":"residential"}},{"type":"Feature","id":"LOT-P-00093","geometry":{"type":"Polygon","coordinates":[[[-78.9411115,43.8713059],[-78.9411799,43.8714661],[-78.9407824,43.8715543],[-78.940714,43.8713942],[-78.9411115,43.8713059]]]},"properties":{"premiseId":"P-00093","address":"76 Centre Street South","premiseType":"residential"}},{"type":"Feature","id":"LOT-P-00094","geometry":{"type":"Polygon","coordinates":[[[-78.9407105,43.8713951],[-78.9406611,43.8712797],[-78.941062,43.87119],[-78.9411115,43.8713059],[-78.940714,43.8713942],[-78.9407105,43.8713951]]]},"properties":{"premiseId":"P-00094","address":"72 Centre Street South","premiseType":"residential"}},{"type":"Feature","id":"LOT-P-00095","geometry":{"type":"Polygon","coordinates":[[[-78.9419053,43.8716194],[-78.941716,43.8716628],[-78.9417154,43.8716616],[-78.9415217,43.8717058],[-78.9415233,43.8717098],[-78.9415191,43.8717107],[-78.9414547,43.8715599],[-78.9418431,43.8714737],[-78.9419053,43.8716194]]]},"properties":{"premiseId":"P-00095","address":"83 Centre Street South","premiseType":"residential"}},{"type":"Feature","id":"LOT-P-00096","geometry":{"type":"Polygon","coordinates":[[[-78.9418599,43.87147],[-78.9414547,43.8715599],[-78.9413911,43.8714112],[-78.9417964,43.8713213],[-78.9418599,43.87147]]]},"properties":{"premiseId":"P-00096","address":"79 Centre Street South","premiseType":"residential"}},{"type":"Feature","id":"LOT-P-00097","geometry":{"type":"Polygon","coordinates":[[[-78.9417864,43.8713235],[-78.9413911,43.8714112],[-78.9413256,43.8712577],[-78.9417209,43.87117],[-78.9417864,43.8713235]]]},"properties":{"premiseId":"P-00097","address":"75 Centre Street South","premiseType":"residential"}},{"type":"Feature","id":"LOT-P-00098","geometry":{"type":"Polygon","coordinates":[[[-78.941704,43.8711737],[-78.9413256,43.8712577],[-78.9412762,43.8711422],[-78.9416548,43.8710584],[-78.941704,43.8711737]]]},"properties":{"premiseId":"P-00098","address":"71 Centre Street South","premiseType":"residential"}},{"type":"Feature","id":"LOT-P-00099","geometry":{"type":"Polygon","coordinates":[[[-78.9408949,43.8718428],[-78.9409582,43.8719911],[-78.9409621,43.8719902],[-78.9410202,43.8721265],[-78.9408266,43.8721694],[-78.9407051,43.8718848],[-78.9408949,43.8718428]]]},"properties":{"premiseId":"P-00099","address":"11 Pitt Street West","premiseType":"residential"}},{"type":"Feature","id":"LOT-P-00100","geometry":{"type":"Polygon","coordinates":[[[-78.9404742,43.8719244],[-78.9407006,43.8718743],[-78.9407051,43.8718848],[-78.9408266,43.8721694],[-78.9407327,43.8721902],[-78.9406002,43.8722196],[-78.9404742,43.8719244]]]},"properties":{"premiseId":"P-00100","address":"7 Pitt Street West","premiseType":"residential"}},{"type":"Feature","id":"LOT-P-00101","geometry":{"type":"Polygon","coordinates":[[[-78.9403977,43.8722297],[-78.9403902,43.8722128],[-78.9403009,43.8719824],[-78.9404819,43.8719426],[-78.9406002,43.8722196],[-78.9404098,43.8722614],[-78.940399,43.8722327],[-78.9403977,43.8722297]]]},"properties":{"premiseId":"P-00101","address":"3 Pitt Street West","premiseType":"residential"}},{"type":"Feature","id":"LOT-P-00102","geometry":{"type":"Polygon","coordinates":[[[-78.940658,43.8682234],[-78.9405987,43.8680865],[-78.9409858,43.8679993],[-78.9410451,43.8681362],[-78.940658,43.8682234]]]},"properties":{"premiseId":"P-00102","address":"26 King Street","premiseType":"residential"}},{"type":"Feature","id":"LOT-P-00103","geometry":{"type":"Polygon","coordinates":[[[-78.9405916,43.8680881],[-78.9405201,43.867923],[-78.9409142,43.8678342],[-78.9409561,43.8679307],[-78.9409858,43.8679993],[-78.9405987,43.8680865],[-78.9405916,43.8680881]]]},"properties":{"premiseId":"P-00103","address":"22 King Street","premiseType":"residential"}},{"type":"Feature","id":"LOT-P-00104","geometry":{"type":"Polygon","coordinates":[[[-78.9408512,43.8676886],[-78.9409142,43.8678342],[-78.940519,43.8679233],[-78.9404559,43.8677776],[-78.9408512,43.8676886]]]},"properties":{"premiseId":"P-00104","address":"18 King Street","premiseType":"residential"}},{"type":"Feature","id":"LOT-P-00105","geometry":{"type":"Polygon","coordinates":[[[-78.9407871,43.8675408],[-78.9408512,43.8676886],[-78.9404589,43.867777],[-78.9403948,43.8676292],[-78.9407871,43.8675408]]]},"properties":{"premiseId":"P-00105","address":"14 King Street","premiseType":"residential"}},{"type":"Feature","id":"LOT-P-00106","geometry":{"type":"Polygon","coordinates":[[[-78.9407284,43.8674056],[-78.9407871,43.8675408],[-78.9403948,43.8676292],[-78.9403765,43.8676333],[-78.940318,43.867498],[-78.9407284,43.8674056]]]},"properties":{"premiseId":"P-00106","address":"10 King Street","premiseType":"residential"}},{"type":"Feature","id":"LOT-P-00107","geometry":{"type":"Polygon","coordinates":[[[-78.9406614,43.867251],[-78.9407284,43.8674056],[-78.9403511,43.8674905],[-78.9402841,43.8673359],[-78.9406614,43.867251]]]},"properties":{"premiseId":"P-00107","address":"6 King Street","premiseType":"residential"}},{"type":"Feature","id":"LOT-P-00108","geometry":{"type":"Polygon","coordinates":[[[-78.9402505,43.8673435],[-78.94019,43.8672039],[-78.940601,43.8671113],[-78.9406614,43.867251],[-78.9402841,43.8673359],[-78.9402505,43.8673435]]]},"properties":{"premiseId":"P-00108","address":"2 King Street","premiseType":"residential"}},{"type":"Feature","id":"LOT-P-00109","geometry":{"type":"Polygon","coordinates":[[[-78.9414504,43.8675704],[-78.9415098,43.8677074],[-78.9411312,43.8677927],[-78.9410719,43.8676557],[-78.9414504,43.8675704]]]},"properties":{"premiseId":"P-00109","address":"17 King Street","premiseType":"residential"}},{"type":"Feature","id":"LOT-P-00110","geometry":{"type":"Polygon","coordinates":[[[-78.941387,43.8674273],[-78.9414492,43.8675707],[-78.9410719,43.8676557],[-78.941066,43.8676421],[-78.9410097,43.8675122],[-78.941387,43.8674273]]]},"properties":{"premiseId":"P-00110","address":"13 King Street","premiseType":"residential"}},{"type":"Feature","id":"LOT-P-00111","geometry":{"type":"Polygon","coordinates":[[[-78.941418,43.8674203],[-78.941387,43.8674273],[-78.9410097,43.8675122],[-78.9409399,43.867351],[-78.9413481,43.8672591],[-78.941418,43.8674203]]]},"properties":{"premiseId":"P-00111","address":"9 King Street","premiseType":"residential"}},{"type":"Feature","id":"LOT-P-00112","geometry":{"type":"Polygon","coordinates":[[[-78.9412653,43.8671173],[-78.9413287,43.8672635],[-78.9409399,43.867351],[-78.9409203,43.8673062],[-78.9408765,43.8672048],[-78.9412653,43.8671173]]]},"properties":{"premiseId":"P-00112","address":"5 King Street","premiseType":"residential"}},{"type":"Feature","id":"LOT-P-00113","geometry":{"type":"Polygon","coordinates":[[[-78.9412802,43.8671139],[-78.9408765,43.8672048],[-78.940815,43.8670631],[-78.9412188,43.8669721],[-78.9412802,43.8671139]]]},"properties":{"premiseId":"P-00113","address":"1 King Street","premiseType":"residential"}},{"type":"Feature","id":"LOT-P-00114","geometry":{"type":"Polygon","coordinates":[[[-78.9405003,43.8687454],[-78.9403737,43.8684632],[-78.9406437,43.8684003],[-78.9407703,43.8686823],[-78.9405003,43.8687454]]]},"properties":{"premiseId":"P-00114","address":"56 Arthur Street","premiseType":"residential"}},{"type":"Feature","id":"LOT-P-00115","geometry":{"type":"Polygon","coordinates":[[[-78.9401489,43.8685157],[-78.9403737,43.8684632],[-78.9405029,43.868751],[-78.9402781,43.8688034],[-78.9401489,43.8685157]]]},"properties":{"premiseId":"P-00115","address":"52 Arthur Street","premiseType":"residential"}},{"type":"Feature","id":"LOT-P-00116","geometry":{"type":"Polygon","coordinates":[[[-78.9403157,43.8683068],[-78.9401906,43.8680282],[-78.9404255,43.8679734],[-78.9405506,43.868252],[-78.9403553,43.8682976],[-78.9403157,43.8683068]]]},"properties":{"premiseId":"P-00116","address":"55 Arthur Street","premiseType":"residential"}},{"type":"Feature","id":"LOT-P-00117","geometry":{"type":"Polygon","coordinates":[[[-78.9401933,43.8680343],[-78.9403157,43.8683068],[-78.9400809,43.8683616],[-78.9399623,43.8680882],[-78.9401933,43.8680343]]]},"properties":{"premiseId":"P-00117","address":"51 Arthur Street","premiseType":"residential"}},{"type":"Feature","id":"LOT-P-00118","geometry":{"type":"Polygon","coordinates":[[[-78.9409257,43.8708651],[-78.9409824,43.8710009],[-78.9405791,43.8710911],[-78.9405215,43.870953],[-78.9409257,43.8708651]]]},"properties":{"premiseId":"P-00118","address":"64 Centre Street South","premiseType":"residential"}},{"type":"Feature","id":"LOT-P-00119","geometry":{"type":"Polygon","coordinates":[[[-78.9408544,43.8706945],[-78.9408696,43.8707309],[-78.9409257,43.8708651],[-78.9405485,43.8709472],[-78.9404771,43.8707765],[-78.9408544,43.8706945]]]},"properties":{"premiseId":"P-00119","address":"60 Centre Street South","premiseType":"residential"}},{"type":"Feature","id":"LOT-P-00120","geometry":{"type":"Polygon","coordinates":[[[-78.9404596,43.8707802],[-78.9403919,43.8706181],[-78.9407866,43.8705323],[-78.9408256,43.8706257],[-78.9408544,43.8706945],[-78.9404771,43.8707765],[-78.9404596,43.8707802]]]},"properties":{"premiseId":"P-00120","address":"56 Centre Street South","premiseType":"residential"}},{"type":"Feature","id":"LOT-P-00121","geometry":{"type":"Polygon","coordinates":[[[-78.9403062,43.8704571],[-78.9407177,43.8703677],[-78.9407866,43.8705323],[-78.940375,43.8706218],[-78.9403062,43.8704571]]]},"properties":{"premiseId":"P-00121","address":"52 Centre Street South","premiseType":"residential"}},{"type":"Feature","id":"LOT-P-00122","geometry":{"type":"Polygon","coordinates":[[[-78.9402419,43.8703053],[-78.9406542,43.8702157],[-78.9406614,43.8702329],[-78.9407177,43.8703677],[-78.9403055,43.8704573],[-78.9402419,43.8703053]]]},"properties":{"premiseId":"P-00122","address":"48 Centre Street South","premiseType":"residential"}},{"type":"Feature","id":"LOT-P-00123","geometry":{"type":"Polygon","coordinates":[[[-78.9402411,43.8703055],[-78.9401744,43.8701459],[-78.9405875,43.8700562],[-78.9406542,43.8702157],[-78.9402419,43.8703053],[-78.9402411,43.8703055]]]},"properties":{"premiseId":"P-00123","address":"44 Centre Street South","premiseType":"residential"}},{"type":"Feature","id":"LOT-P-00124","geometry":{"type":"Polygon","coordinates":[[[-78.9405134,43.8698935],[-78.9405153,43.8698931],[-78.940519,43.8698923],[-78.9405657,43.870004],[-78.9405875,43.8700562],[-78.94019,43.8701426],[-78.9401217,43.8699794],[-78.9405134,43.8698935]]]},"properties":{"premiseId":"P-00124","address":"40 Centre Street South","premiseType":"residential"}},{"type":"Feature","id":"LOT-P-00125","geometry":{"type":"Polygon","coordinates":[[[-78.941578,43.8708686],[-78.9411967,43.870953],[-78.9411339,43.8708029],[-78.9415159,43.8707199],[-78.941578,43.8708686]]]},"properties":{"premiseId":"P-00125","address":"63 Centre Street South","premiseType":"residential"}},{"type":"Feature","id":"LOT-P-00126","geometry":{"type":"Polygon","coordinates":[[[-78.9411339,43.8708029],[-78.9410722,43.8706553],[-78.9414592,43.8705712],[-78.9415209,43.8707188],[-78.9411339,43.8708029]]]},"properties":{"premiseId":"P-00126","address":"59 Centre Street South","premiseType":"residential"}},{"type":"Feature","id":"LOT-P-00127","geometry":{"type":"Polygon","coordinates":[[[-78.9414592,43.8705712],[-78.9410722,43.8706553],[-78.9409981,43.8704781],[-78.9414058,43.8703895],[-78.94148,43.8705667],[-78.9414592,43.8705712]]]},"properties":{"premiseId":"P-00127","address":"55 Centre Street South","premiseType":"residential"}},{"type":"Feature","id":"LOT-P-00128","geometry":{"type":"Polygon","coordinates":[[[-78.9409981,43.8704781],[-78.940937,43.8703321],[-78.9413417,43.8702441],[-78.9414027,43.8703902],[-78.9409981,43.8704781]]]},"properties":{"premiseId":"P-00128","address":"51 Centre Street South","premiseType":"residential"}},{"type":"Feature","id":"LOT-P-00129","geometry":{"type":"Polygon","coordinates":[[[-78.940937,43.8703321],[-78.94087,43.8701716],[-78.9412745,43.8700836],[-78.9413417,43.8702441],[-78.940937,43.8703321]]]},"properties":{"premiseId":"P-00129","address":"47 Centre Street South","premiseType":"residential"}},{"type":"Feature","id":"LOT-P-00130","geometry":{"type":"Polygon","coordinates":[[[-78.94087,43.8701716],[-78.9408554,43.8701366],[-78.9408011,43.8700069],[-78.9411875,43.8699229],[-78.9412564,43.8700876],[-78.94087,43.8701716]]]},"properties":{"premiseId":"P-00130","address":"43 Centre Street South","premiseType":"residential"}},{"type":"Feature","id":"LOT-P-00131","geometry":{"type":"Polygon","coordinates":[[[-78.9411227,43.8697592],[-78.9411909,43.8699222],[-78.9408011,43.8700069],[-78.9407465,43.8698763],[-78.9407329,43.8698439],[-78.9411227,43.8697592]]]},"properties":{"premiseId":"P-00131","address":"39 Centre Street South","premiseType":"residential"}},{"type":"Feature","id":"LOT-P-00132","geometry":{"type":"Polygon","coordinates":[[[-78.940761,43.8715606],[-78.9405753,43.8716021],[-78.9404562,43.8713256],[-78.9406186,43.8712892],[-78.9406418,43.871284],[-78.940761,43.8715606]]]},"properties":{"premiseId":"P-00132","address":"36 Burns Street West","premiseType":"residential"}},{"type":"Feature","id":"LOT-P-00133","geometry":{"type":"Polygon","coordinates":[[[-78.9402404,43.8708641],[-78.9404562,43.8708159],[-78.940575,43.8710921],[-78.9403595,43.8711403],[-78.9402404,43.8708641]]]},"properties":{"premiseId":"P-00133","address":"35 Burns Street West","premiseType":"residential"}},{"type":"Feature","id":"LOT-P-00134","geometry":{"type":"Polygon","coordinates":[[[-78.9403869,43.8697523],[-78.9400786,43.8698199],[-78.940012,43.8696702],[-78.9403845,43.8695842],[-78.9403952,43.8696085],[-78.9404523,43.8697371],[-78.9403869,43.8697523]]]},"properties":{"premiseId":"P-00134","address":"32 Centre Street South","premiseType":"residential"}},{"type":"Feature","id":"LOT-P-00135","geometry":{"type":"Polygon","coordinates":[[[-78.9399125,43.8700253],[-78.9400002,43.8700061],[-78.9401217,43.8699794],[-78.94019,43.8701426],[-78.9401744,43.8701459],[-78.9402289,43.8702761],[-78.9400362,43.8703184],[-78.9399125,43.8700253]]]},"properties":{"premiseId":"P-00135","address":"36 Keith Street","premiseType":"residential"}},{"type":"Feature","id":"LOT-P-00136","geometry":{"type":"Polygon","coordinates":[[[-78.9398272,43.8703418],[-78.9397122,43.8700692],[-78.939852,43.8700386],[-78.9399125,43.8700253],[-78.9400276,43.8702979],[-78.9398272,43.8703418]]]},"properties":{"premiseId":"P-00136","address":"32 Keith Street","premiseType":"residential"}},{"type":"Feature","id":"LOT-P-00137","geometry":{"type":"Polygon","coordinates":[[[-78.9398377,43.8703667],[-78.939622,43.8704141],[-78.9394931,43.8701175],[-78.9397122,43.8700692],[-78.9398272,43.8703418],[-78.9398377,43.8703667]]]},"properties":{"premiseId":"P-00137","address":"28 Keith Street","premiseType":"residential"}},{"type":"Feature","id":"LOT-P-00138","geometry":{"type":"Polygon","coordinates":[[[-78.9396971,43.8695825],[-78.9399194,43.8695338],[-78.9400434,43.8698276],[-78.9398212,43.8698764],[-78.9396971,43.8695825]]]},"properties":{"premiseId":"P-00138","address":"35 Keith Street","premiseType":"residential"}},{"type":"Feature","id":"LOT-P-00139","geometry":{"type":"Polygon","coordinates":[[[-78.9396959,43.8695795],[-78.9398212,43.8698764],[-78.939615,43.8699216],[-78.9394898,43.8696247],[-78.9396959,43.8695795]]]},"properties":{"premiseId":"P-00139","address":"31 Keith Street","premiseType":"residential"}},{"type":"Feature","id":"LOT-P-00140","geometry":{"type":"Polygon","coordinates":[[[-78.9394448,43.8699589],[-78.9394439,43.8699591],[-78.9394263,43.8699631],[-78.9393037,43.8696751],[-78.9394934,43.8696334],[-78.939615,43.8699216],[-78.9394448,43.8699589]]]},"properties":{"premiseId":"P-00140","address":"27 Keith Street","premiseType":"residential"}},{"type":"Feature","id":"LOT-P-00141","geometry":{"type":"Polygon","coordinates":[[[-78.9399384,43.869517],[-78.9398776,43.8693793],[-78.9402554,43.8692925],[-78.9403028,43.8693995],[-78.9403162,43.8694302],[-78.9399384,43.869517]]]},"properties":{"premiseId":"P-00141","address":"24 Centre Street South","premiseType":"residential"}},{"type":"Feature","id":"LOT-P-00142","geometry":{"type":"Polygon","coordinates":[[[-78.9397923,43.8692218],[-78.9401842,43.8691318],[-78.9401931,43.8691517],[-78.9402554,43.8692925],[-78.9398635,43.8693826],[-78.9397923,43.8692218]]]},"properties":{"premiseId":"P-00142","address":"20 Centre Street South","premiseType":"residential"}},{"type":"Feature","id":"LOT-P-00143","geometry":{"type":"Polygon","coordinates":[[[-78.939773,43.8692263],[-78.9397167,43.8690986],[-78.9401279,43.8690041],[-78.9401727,43.8691053],[-78.9401842,43.8691318],[-78.9397923,43.8692218],[-78.939773,43.8692263]]]},"properties":{"premiseId":"P-00143","address":"16 Centre Street South","premiseType":"residential"}},{"type":"Feature","id":"LOT-P-00144","geometry":{"type":"Polygon","coordinates":[[[-78.9396576,43.8689445],[-78.9400605,43.8688518],[-78.9401279,43.8690041],[-78.939725,43.8690967],[-78.9396576,43.8689445]]]},"properties":{"premiseId":"P-00144","address":"12 Centre Street South","premiseType":"residential"}},{"type":"Feature","id":"LOT-P-00145","geometry":{"type":"Polygon","coordinates":[[[-78.9399989,43.8687127],[-78.9400605,43.8688518],[-78.9396782,43.8689397],[-78.9396166,43.8688005],[-78.9399989,43.8687127]]]},"properties":{"premiseId":"P-00145","address":"8 Centre Street South","premiseType":"residential"}},{"type":"Feature","id":"LOT-P-00146","geometry":{"type":"Polygon","coordinates":[[[-78.9399344,43.8685665],[-78.9399989,43.8687127],[-78.9395882,43.8688071],[-78.9395253,43.8686649],[-78.9399344,43.8685665]]]},"properties":{"premiseId":"P-00146","address":"4 Centre Street South","premiseType":"residential"}},{"type":"Feature","id":"LOT-P-00147","geometry":{"type":"Polygon","coordinates":[[[-78.9408097,43.8689985],[-78.9406142,43.8690435],[-78.9404144,43.8690869],[-78.9404153,43.8690891],[-78.9404022,43.8690921],[-78.940338,43.8689471],[-78.9407455,43.8688535],[-78.9408097,43.8689985]]]},"properties":{"premiseId":"P-00147","address":"15 Centre Street South","premiseType":"residential"}},{"type":"Feature","id":"LOT-P-00148","geometry":{"type":"Polygon","coordinates":[[[-78.9407136,43.8688608],[-78.940338,43.8689471],[-78.9402782,43.8688117],[-78.9406537,43.8687254],[-78.9407136,43.8688608]]]},"properties":{"premiseId":"P-00148","address":"11 Centre Street South","premiseType":"residential"}},{"type":"Feature","id":"LOT-P-00149","geometry":{"type":"Polygon","coordinates":[[[-78.9396272,43.8719613],[-78.9400064,43.8718747],[-78.94007,43.8720194],[-78.9396908,43.872106],[-78.9396272,43.8719613]]]},"properties":{"premiseId":"P-00149","address":"188 Byron Street South","premiseType":"residential"}},{"type":"Feature","id":"LOT-P-00150","geometry":{"type":"Polygon","coordinates":[[[-78.9395664,43.8718202],[-78.9399445,43.8717338],[-78.9400064,43.8718747],[-78.9396282,43.8719611],[-78.9395664,43.8718202]]]},"properties":{"premiseId":"P-00150","address":"184 Byron Street South","premiseType":"residential"}},{"type":"Feature","id":"LOT-P-00151","geometry":{"type":"Polygon","coordinates":[[[-78.9394747,43.8716949],[-78.939886,43.8716009],[-78.9399445,43.8717338],[-78.9395331,43.8718278],[-78.9394747,43.8716949]]]},"properties":{"premiseId":"P-00151","address":"182 Byron Street South","premiseType":"residential"}},{"type":"Feature","id":"LOT-P-00152","geometry":{"type":"Polygon","coordinates":[[[-78.9394508,43.8715514],[-78.9394887,43.871543],[-78.9394894,43.8715428],[-78.9398257,43.871467],[-78.9398389,43.8714947],[-78.939886,43.8716009],[-78.9395103,43.8716867],[-78.9394508,43.8715514]]]},"properties":{"premiseId":"P-00152","address":"178 Byron Street South","premiseType":"residential"}},{"type":"Feature","id":"LOT-P-00153","geometry":{"type":"Polygon","coordinates":[[[-78.9402211,43.8718279],[-78.9406228,43.8717361],[-78.9406831,43.8718731],[-78.9402813,43.8719649],[-78.9402576,43.871911],[-78.9402211,43.8718279]]]},"properties":{"premiseId":"P-00153","address":"187 Byron Street South","premiseType":"residential"}},{"type":"Feature","id":"LOT-P-00154","geometry":{"type":"Polygon","coordinates":[[[-78.9406015,43.871741],[-78.9402211,43.8718279],[-78.9401576,43.8716833],[-78.9405379,43.8715965],[-78.9406015,43.871741]]]},"properties":{"premiseId":"P-00154","address":"183 Byron Street South","premiseType":"residential"}},{"type":"Feature","id":"LOT-P-00155","geometry":{"type":"Polygon","coordinates":[[[-78.9404898,43.8714549],[-78.9405507,43.8715936],[-78.9401576,43.8716833],[-78.9400974,43.8715463],[-78.9400966,43.8715447],[-78.9404898,43.8714549]]]},"properties":{"premiseId":"P-00155","address":"179 Byron Street South","premiseType":"residential"}},{"type":"Feature","id":"LOT-P-00156","geometry":{"type":"Polygon","coordinates":[[[-78.9405028,43.8714519],[-78.9404898,43.8714549],[-78.9400966,43.8715447],[-78.9400568,43.871454],[-78.9400559,43.871452],[-78.9400498,43.8714393],[-78.9400406,43.8714186],[-78.9404471,43.8713276],[-78.9405028,43.8714519]]]},"properties":{"premiseId":"P-00156","address":"177 Byron Street South","premiseType":"residential"}},{"type":"Feature","id":"LOT-P-00157","geometry":{"type":"Polygon","coordinates":[[[-78.9395568,43.8689824],[-78.939302,43.8690389],[-78.9391759,43.8687436],[-78.9391931,43.8687398],[-78.9394307,43.8686871],[-78.9395568,43.8689824]]]},"properties":{"premiseId":"P-00157","address":"34 Arthur Street","premiseType":"residential"}},{"type":"Feature","id":"LOT-P-00158","geometry":{"type":"Polygon","coordinates":[[[-78.939054,43.8690889],[-78.9389315,43.8688013],[-78.9389311,43.8688003],[-78.9389301,43.8687981],[-78.9391759,43.8687436],[-78.9393,43.8690343],[-78.939054,43.8690889]]]},"properties":{"premiseId":"P-00158","address":"30 Arthur Street","premiseType":"residential"}},{"type":"Feature","id":"LOT-P-00159","geometry":{"type":"Polygon","coordinates":[[[-78.9394835,43.8681569],[-78.9397211,43.8680998],[-78.9398657,43.8684126],[-78.9396283,43.8684697],[-78.9394835,43.8681569]]]},"properties":{"premiseId":"P-00159","address":"43 Arthur Street","premiseType":"residential"}},{"type":"Feature","id":"LOT-P-00160","geometry":{"type":"Polygon","coordinates":[[[-78.9392388,43.8682194],[-78.9394853,43.8681605],[-78.9396283,43.8684697],[-78.9393719,43.868531],[-78.9392388,43.8682194]]]},"properties":{"premiseId":"P-00160","address":"37 Arthur Street","premiseType":"residential"}},{"type":"Feature","id":"LOT-P-00161","geometry":{"type":"Polygon","coordinates":[[[-78.9389841,43.8682913],[-78.9392448,43.8682334],[-78.9393719,43.868531],[-78.9392936,43.8685483],[-78.9391112,43.8685888],[-78.9389841,43.8682913]]]},"properties":{"premiseId":"P-00161","address":"33 Arthur Street","premiseType":"residential"}},{"type":"Feature","id":"LOT-P-00162","geometry":{"type":"Polygon","coordinates":[[[-78.9387379,43.8683384],[-78.9389812,43.8682844],[-78.9391112,43.8685888],[-78.9390901,43.8685935],[-78.9388645,43.8686435],[-78.9387379,43.8683384]]]},"properties":{"premiseId":"P-00162","address":"29 Arthur Street","premiseType":"residential"}},{"type":"Feature","id":"LOT-P-00163","geometry":{"type":"Polygon","coordinates":[[[-78.9397211,43.8680998],[-78.9394835,43.8681569],[-78.9394843,43.8681583],[-78.9393053,43.8681987],[-78.9392288,43.8680223],[-78.9396569,43.8679259],[-78.9397206,43.8680727],[-78.9397334,43.8681022],[-78.9397232,43.8681044],[-78.9397211,43.8680998]]]},"properties":{"premiseId":"P-00163","address":"13 Byron Street South","premiseType":"residential"}},{"type":"Feature","id":"LOT-P-00164","geometry":{"type":"Polygon","coordinates":[[[-78.9395876,43.867766],[-78.9396569,43.8679259],[-78.9392515,43.8680172],[-78.9391821,43.8678574],[-78.9395876,43.867766]]]},"properties":{"premiseId":"P-00164","address":"17 Byron Street South","premiseType":"residential"}},{"type":"Feature","id":"LOT-P-00165","geometry":{"type":"Polygon","coordinates":[[[-78.9391071,43.8677107],[-78.9395229,43.8676169],[-78.9395492,43.8676777],[-78.9395876,43.867766],[-78.9391718,43.8678597],[-78.9391071,43.8677107]]]},"properties":{"premiseId":"P-00165","address":"21 Byron Street South","premiseType":"residential"}},{"type":"Feature","id":"LOT-P-00166","geometry":{"type":"Polygon","coordinates":[[[-78.9390175,43.8675503],[-78.9394515,43.8674525],[-78.9394954,43.8675534],[-78.9395229,43.8676169],[-78.9390888,43.8677149],[-78.9390175,43.8675503]]]},"properties":{"premiseId":"P-00166","address":"25 Byron Street South","premiseType":"residential"}},{"type":"Feature","id":"LOT-P-00167","geometry":{"type":"Polygon","coordinates":[[[-78.9393827,43.8672937],[-78.9394515,43.8674525],[-78.9390471,43.8675436],[-78.9389782,43.8673849],[-78.9393827,43.8672937]]]},"properties":{"premiseId":"P-00167","address":"29 Byron Street South","premiseType":"residential"}},{"type":"Feature","id":"LOT-P-00168","geometry":{"type":"Polygon","coordinates":[[[-78.9389139,43.8672373],[-78.9393187,43.867146],[-78.9393634,43.8672492],[-78.9393827,43.8672937],[-78.938978,43.867385],[-78.9389139,43.8672373]]]},"properties":{"premiseId":"P-00168","address":"33 Byron Street South","premiseType":"residential"}},{"type":"Feature","id":"LOT-P-00169","geometry":{"type":"Polygon","coordinates":[[[-78.9388447,43.8670801],[-78.9392503,43.8669887],[-78.9392946,43.8670907],[-78.9393187,43.867146],[-78.9389139,43.8672373],[-78.9389129,43.8672376],[-78.9388447,43.8670801]]]},"properties":{"premiseId":"P-00169","address":"37 Byron Street South","premiseType":"residential"}},{"type":"Feature","id":"LOT-P-00170","geometry":{"type":"Polygon","coordinates":[[[-78.9388447,43.8670801],[-78.9389129,43.8672376],[-78.9389139,43.8672373],[-78.9389425,43.8673031],[-78.9388192,43.8673035],[-78.938768,43.866978],[-78.9390119,43.8669753],[-78.9390095,43.8670429],[-78.9388447,43.8670801]]]},"properties":{"premiseId":"P-00170","address":"47 Byron Street South","premiseType":"residential"}},{"type":"Feature","id":"LOT-P-00171","geometry":{"type":"Polygon","coordinates":[[[-78.9386987,43.8673057],[-78.9385641,43.8670051],[-78.938768,43.866978],[-78.9388174,43.8672918],[-78.9386987,43.8673057]]]},"properties":{"premiseId":"P-00171","address":"53 Byron Street South","premiseType":"residential"}},{"type":"Feature","id":"LOT-P-00172","geometry":{"type":"Polygon","coordinates":[[[-78.9383342,43.8670823],[-78.9385641,43.8670051],[-78.9386922,43.867291],[-78.9385771,43.8673264],[-78.9383342,43.8670823]]]},"properties":{"premiseId":"P-00172","address":"57 Byron Street South","premiseType":"residential"}},{"type":"Feature","id":"LOT-P-00173","geometry":{"type":"Polygon","coordinates":[[[-78.9385663,43.8673156],[-78.9383342,43.8673655],[-78.9382724,43.8672164],[-78.9382701,43.8672108],[-78.9384282,43.8671768],[-78.9385663,43.8673156]]]},"properties":{"premiseId":"P-00173","address":"69 Byron Street South","premiseType":"residential"}},{"type":"Feature","id":"LOT-P-00174","geometry":{"type":"Polygon","coordinates":[[[-78.9384045,43.8675348],[-78.9383818,43.8674801],[-78.9383342,43.8673655],[-78.9385663,43.8673156],[-78.9385771,43.8673264],[-78.9386922,43.867291],[-78.9386987,43.8673057],[-78.9387781,43.8672964],[-78.9388383,43.8674413],[-78.9384045,43.8675348]]]},"properties":{"premiseId":"P-00174","address":"73 Byron Street South","premiseType":"residential"}},{"type":"Feature","id":"LOT-P-00175","geometry":{"type":"Polygon","coordinates":[[[-78.9384693,43.8676911],[-78.9384387,43.867617],[-78.9384045,43.8675348],[-78.9388028,43.867449],[-78.9388677,43.8676053],[-78.9384693,43.8676911]]]},"properties":{"premiseId":"P-00175","address":"77 Byron Street South","premiseType":"residential"}},{"type":"Feature","id":"LOT-P-00176","geometry":{"type":"Polygon","coordinates":[[[-78.9385355,43.8678503],[-78.9384693,43.8676911],[-78.9389043,43.8675974],[-78.9389705,43.8677565],[-78.9385355,43.8678503]]]},"properties":{"premiseId":"P-00176","address":"81 Byron Street South","premiseType":"residential"}},{"type":"Feature","id":"LOT-P-00177","geometry":{"type":"Polygon","coordinates":[[[-78.938605,43.868018],[-78.9385786,43.8679544],[-78.9385355,43.8678503],[-78.9389448,43.8677621],[-78.9390144,43.8679297],[-78.938605,43.868018]]]},"properties":{"premiseId":"P-00177","address":"85 Byron Street South","premiseType":"residential"}},{"type":"Feature","id":"LOT-P-00178","geometry":{"type":"Polygon","coordinates":[[[-78.9390951,43.8680648],[-78.9386631,43.868158],[-78.938605,43.868018],[-78.9390371,43.8679249],[-78.9390951,43.8680648]]]},"properties":{"premiseId":"P-00178","address":"89 Byron Street South","premiseType":"residential"}},{"type":"Feature","id":"LOT-P-00179","geometry":{"type":"Polygon","coordinates":[[[-78.9387372,43.8683368],[-78.9386631,43.868158],[-78.9390601,43.8680724],[-78.9391344,43.8682511],[-78.9387372,43.8683368]]]},"properties":{"premiseId":"P-00179","address":"93 Byron Street South","premiseType":"residential"}},{"type":"Feature","id":"LOT-P-00180","geometry":{"type":"Polygon","coordinates":[[[-78.9402767,43.8677895],[-78.9403444,43.8679455],[-78.93994,43.8680367],[-78.9398723,43.8678806],[-78.9402767,43.8677895]]]},"properties":{"premiseId":"P-00180","address":"14 Byron Street South","premiseType":"residential"}},{"type":"Feature","id":"LOT-P-00181","geometry":{"type":"Polygon","coordinates":[[[-78.9403023,43.8677838],[-78.9398723,43.8678806],[-78.9398026,43.8677198],[-78.9402325,43.8676229],[-78.9403023,43.8677838]]]},"properties":{"premiseId":"P-00181","address":"18 Byron Street South","premiseType":"residential"}},{"type":"Feature","id":"LOT-P-00182","geometry":{"type":"Polygon","coordinates":[[[-78.9402181,43.8676261],[-78.9398026,43.8677198],[-78.9397374,43.8675696],[-78.940153,43.8674759],[-78.9402181,43.8676261]]]},"properties":{"premiseId":"P-00182","address":"22 Byron Street South","premiseType":"residential"}},{"type":"Feature","id":"LOT-P-00183","geometry":{"type":"Polygon","coordinates":[[[-78.9400838,43.8673],[-78.9401594,43.8674745],[-78.940153,43.8674759],[-78.9397374,43.8675696],[-78.9397054,43.8674957],[-78.9396617,43.8673951],[-78.9400838,43.8673]]]},"properties":{"premiseId":"P-00183","address":"26 Byron Street South","premiseType":"residential"}},{"type":"Feature","id":"LOT-P-00184","geometry":{"type":"Polygon","coordinates":[[[-78.9396617,43.8673951],[-78.9396414,43.8673483],[-78.9396018,43.867257],[-78.9400057,43.8671659],[-78.9400656,43.8673041],[-78.9396617,43.8673951]]]},"properties":{"premiseId":"P-00184","address":"30 Byron Street South","premiseType":"residential"}},{"type":"Feature","id":"LOT-P-00185","geometry":{"type":"Polygon","coordinates":[[[-78.9396018,43.867257],[-78.939529,43.8670893],[-78.9399265,43.8669996],[-78.9399993,43.8671673],[-78.9396018,43.867257]]]},"properties":{"premiseId":"P-00185","address":"34 Byron Street South","premiseType":"residential"}},{"type":"Feature","id":"LOT-P-00186","geometry":{"type":"Polygon","coordinates":[[[-78.9399265,43.8669996],[-78.939529,43.8670893],[-78.9394612,43.8669331],[-78.9398682,43.8668413],[-78.939936,43.8669975],[-78.9399265,43.8669996]]]},"properties":{"premiseId":"P-00186","address":"38 Byron Street South","premiseType":"residential"}},{"type":"Feature","id":"LOT-P-00187","geometry":{"type":"Polygon","coordinates":[[[-78.939087,43.8664889],[-78.9390756,43.8668147],[-78.938842,43.8668104],[-78.9388535,43.8664846],[-78.939087,43.8664889]]]},"properties":{"premiseId":"P-00187","address":"48 Byron Street South","premiseType":"residential"}},{"type":"Feature","id":"LOT-P-00188","geometry":{"type":"Polygon","coordinates":[[[-78.938117,43.8674061],[-78.937695,43.8674971],[-78.937629,43.8673381],[-78.938051,43.8672471],[-78.9381081,43.8673845],[-78.938117,43.8674061]]]},"properties":{"premiseId":"P-00188","address":"68 Byron Street South","premiseType":"residential"}},{"type":"Feature","id":"LOT-P-00189","geometry":{"type":"Polygon","coordinates":[[[-78.9377771,43.8676656],[-78.9377062,43.8674947],[-78.938117,43.8674061],[-78.9381226,43.8674196],[-78.9381879,43.867577],[-78.9377771,43.8676656]]]},"properties":{"premiseId":"P-00189","address":"74 Byron Street South","premiseType":"residential"}},{"type":"Feature","id":"LOT-P-00190","geometry":{"type":"Polygon","coordinates":[[[-78.9378253,43.8678336],[-78.9377574,43.8676698],[-78.9381879,43.867577],[-78.9382485,43.867723],[-78.9382559,43.8677408],[-78.9378253,43.8678336]]]},"properties":{"premiseId":"P-00190","address":"78 Byron Street South","premiseType":"residential"}},{"type":"Feature","id":"LOT-P-00191","geometry":{"type":"Polygon","coordinates":[[[-78.9378759,43.8679718],[-78.9378192,43.867835],[-78.9378253,43.8678336],[-78.9382559,43.8677408],[-78.9382804,43.8678001],[-78.9383126,43.8678776],[-78.9378759,43.8679718]]]},"properties":{"premiseId":"P-00191","address":"82 Byron Street South","premiseType":"residential"}},{"type":"Feature","id":"LOT-P-00192","geometry":{"type":"Polygon","coordinates":[[[-78.9378789,43.8679711],[-78.9383126,43.8678776],[-78.9383876,43.8680583],[-78.9379539,43.8681518],[-78.9378789,43.8679711]]]},"properties":{"premiseId":"P-00192","address":"86 Byron Street South","premiseType":"residential"}},{"type":"Feature","id":"LOT-P-00193","geometry":{"type":"Polygon","coordinates":[[[-78.9379856,43.8681449],[-78.9383876,43.8680583],[-78.9384505,43.86821],[-78.9380485,43.8682966],[-78.9379856,43.8681449]]]},"properties":{"premiseId":"P-00193","address":"90 Byron Street South","premiseType":"residential"}},{"type":"Feature","id":"LOT-P-00194","geometry":{"type":"Polygon","coordinates":[[[-78.938016,43.8683036],[-78.9384505,43.86821],[-78.9385123,43.8683589],[-78.9380778,43.8684526],[-78.938016,43.8683036]]]},"properties":{"premiseId":"P-00194","address":"94 Byron Street South","premiseType":"residential"}},{"type":"Feature","id":"LOT-P-00195","geometry":{"type":"Polygon","coordinates":[[[-78.9381127,43.8684452],[-78.9385123,43.8683589],[-78.9385873,43.8685397],[-78.9381876,43.8686258],[-78.9381127,43.8684452]]]},"properties":{"premiseId":"P-00195","address":"98 Byron Street South","premiseType":"residential"}},{"type":"Feature","id":"LOT-P-00196","geometry":{"type":"Polygon","coordinates":[[[-78.9381847,43.8686265],[-78.9381876,43.8686258],[-78.9385873,43.8685397],[-78.9386496,43.8686899],[-78.938247,43.8687767],[-78.9381847,43.8686265]]]},"properties":{"premiseId":"P-00196","address":"102 Byron Street South","premiseType":"residential"}},{"type":"Feature","id":"LOT-P-00197","geometry":{"type":"Polygon","coordinates":[[[-78.9396847,43.8711286],[-78.9397476,43.8712775],[-78.9397476,43.8712776],[-78.939408,43.8713541],[-78.9393561,43.8713656],[-78.9392919,43.8712149],[-78.9396847,43.8711286]]]},"properties":{"premiseId":"P-00197","address":"170 Byron Street South","premiseType":"residential"}},{"type":"Feature","id":"LOT-P-00198","geometry":{"type":"Polygon","coordinates":[[[-78.9392859,43.8712162],[-78.9392148,43.8710479],[-78.9396136,43.8709604],[-78.9396423,43.8710283],[-78.9396847,43.8711286],[-78.9392919,43.8712149],[-78.9392859,43.8712162]]]},"properties":{"premiseId":"P-00198","address":"166 Byron Street South","premiseType":"residential"}},{"type":"Feature","id":"LOT-P-00199","geometry":{"type":"Polygon","coordinates":[[[-78.9391511,43.8709072],[-78.9395537,43.8708188],[-78.9396136,43.8709604],[-78.9392109,43.8710488],[-78.9391511,43.8709072]]]},"properties":{"premiseId":"P-00199","address":"162 Byron Street South","premiseType":"residential"}},{"type":"Feature","id":"LOT-P-00200","geometry":{"type":"Polygon","coordinates":[[[-78.9390792,43.8707393],[-78.9394827,43.8706506],[-78.9395191,43.8707366],[-78.9395537,43.8708188],[-78.9391502,43.8709074],[-78.9390792,43.8707393]]]},"properties":{"premiseId":"P-00200","address":"158 Byron Street South","premiseType":"residential"}},{"type":"Feature","id":"LOT-P-00201","geometry":{"type":"Polygon","coordinates":[[[-78.9394116,43.8704825],[-78.9394827,43.8706506],[-78.9390991,43.8707349],[-78.939028,43.8705668],[-78.9394116,43.8704825]]]},"properties":{"premiseId":"P-00201","address":"152 Byron Street South","premiseType":"residential"}},{"type":"Feature","id":"LOT-P-00202","geometry":{"type":"Polygon","coordinates":[[[-78.939347,43.8703296],[-78.9394116,43.8704825],[-78.939028,43.8705668],[-78.9390101,43.8705707],[-78.9389456,43.8704178],[-78.939347,43.8703296]]]},"properties":{"premiseId":"P-00202","address":"148 Byron Street South","premiseType":"residential"}},{"type":"Feature","id":"LOT-P-00203","geometry":{"type":"Polygon","coordinates":[[[-78.9388976,43.8702492],[-78.9390085,43.8702248],[-78.9392768,43.8701665],[-78.9392779,43.8701663],[-78.9392979,43.8702132],[-78.939347,43.8703296],[-78.9389669,43.870413],[-78.9388976,43.8702492]]]},"properties":{"premiseId":"P-00203","address":"144 Byron Street South","premiseType":"residential"}},{"type":"Feature","id":"LOT-P-00204","geometry":{"type":"Polygon","coordinates":[[[-78.9402768,43.8710022],[-78.9403375,43.8711451],[-78.9399621,43.8712292],[-78.9399008,43.8710849],[-78.9402768,43.8710022]]]},"properties":{"premiseId":"P-00204","address":"169 Byron Street South","premiseType":"residential"}},{"type":"Feature","id":"LOT-P-00205","geometry":{"type":"Polygon","coordinates":[[[-78.9402822,43.8710011],[-78.9399008,43.8710849],[-78.9398325,43.8709233],[-78.940214,43.8708395],[-78.9402822,43.8710011]]]},"properties":{"premiseId":"P-00205","address":"165 Byron Street South","premiseType":"residential"}},{"type":"Feature","id":"LOT-P-00206","geometry":{"type":"Polygon","coordinates":[[[-78.9402385,43.8708341],[-78.9398325,43.8709233],[-78.9397668,43.8707681],[-78.9401729,43.8706789],[-78.9402385,43.8708341]]]},"properties":{"premiseId":"P-00206","address":"161 Byron Street South","premiseType":"residential"}},{"type":"Feature","id":"LOT-P-00207","geometry":{"type":"Polygon","coordinates":[[[-78.9401743,43.8706786],[-78.9401729,43.8706789],[-78.9397668,43.8707681],[-78.9396971,43.8706033],[-78.9401046,43.8705138],[-78.9401743,43.8706786]]]},"properties":{"premiseId":"P-00207","address":"155 Byron Street South","premiseType":"residential"}},{"type":"Feature","id":"LOT-P-00208","geometry":{"type":"Polygon","coordinates":[[[-78.9400869,43.8705177],[-78.9396971,43.8706033],[-78.9396278,43.8704392],[-78.9400176,43.8703536],[-78.9400869,43.8705177]]]},"properties":{"premiseId":"P-00208","address":"151 Byron Street South","premiseType":"residential"}},{"type":"Feature","id":"LOT-P-00209","geometry":{"type":"Polygon","coordinates":[[[-78.9394747,43.8716949],[-78.9395331,43.8718278],[-78.9395471,43.8718246],[-78.9395548,43.8718428],[-78.939347,43.8718886],[-78.939225,43.8716011],[-78.939433,43.8715553],[-78.9394905,43.8716912],[-78.9394747,43.8716949]]]},"properties":{"premiseId":"P-00209","address":"12 Burns Street West","premiseType":"residential"}},{"type":"Feature","id":"LOT-P-00210","geometry":{"type":"Polygon","coordinates":[[[-78.9389987,43.8716537],[-78.939225,43.8716011],[-78.9393427,43.8718785],[-78.9391238,43.8719295],[-78.9389987,43.8716537]]]},"properties":{"premiseId":"P-00210","address":"8 Burns Street West","premiseType":"residential"}},{"type":"Feature","id":"LOT-P-00211","geometry":{"type":"Polygon","coordinates":[[[-78.9391461,43.8698559],[-78.9392123,43.8700111],[-78.9390854,43.8700392],[-78.9387765,43.8701062],[-78.9387109,43.8699522],[-78.9391461,43.8698559]]]},"properties":{"premiseId":"P-00211","address":"136 Byron Street South","premiseType":"residential"}},{"type":"Feature","id":"LOT-P-00212","geometry":{"type":"Polygon","coordinates":[[[-78.9390728,43.8696839],[-78.9391461,43.8698559],[-78.9387151,43.8699513],[-78.9386418,43.8697793],[-78.9390728,43.8696839]]]},"properties":{"premiseId":"P-00212","address":"132 Byron Street South","premiseType":"residential"}},{"type":"Feature","id":"LOT-P-00213","geometry":{"type":"Polygon","coordinates":[[[-78.939004,43.8695224],[-78.9390728,43.8696839],[-78.9386456,43.8697785],[-78.9385769,43.8696169],[-78.939004,43.8695224]]]},"properties":{"premiseId":"P-00213","address":"128 Byron Street South","premiseType":"residential"}},{"type":"Feature","id":"LOT-P-00214","geometry":{"type":"Polygon","coordinates":[[[-78.9389304,43.8693493],[-78.939004,43.8695224],[-78.9385813,43.8696159],[-78.9385077,43.8694429],[-78.9389304,43.8693493]]]},"properties":{"premiseId":"P-00214","address":"124 Byron Street South","premiseType":"residential"}},{"type":"Feature","id":"LOT-P-00215","geometry":{"type":"Polygon","coordinates":[[[-78.9384327,43.8692753],[-78.9388586,43.869181],[-78.9389063,43.869293],[-78.9389304,43.8693493],[-78.9385045,43.8694437],[-78.9384327,43.8692753]]]},"properties":{"premiseId":"P-00215","address":"118 Byron Street South","premiseType":"residential"}},{"type":"Feature","id":"LOT-P-00216","geometry":{"type":"Polygon","coordinates":[[[-78.9383934,43.8691143],[-78.9387927,43.8690259],[-78.9388272,43.8691071],[-78.9388586,43.869181],[-78.9384595,43.8692694],[-78.9383934,43.8691143]]]},"properties":{"premiseId":"P-00216","address":"114 Byron Street South","premiseType":"residential"}},{"type":"Feature","id":"LOT-P-00217","geometry":{"type":"Polygon","coordinates":[[[-78.9383553,43.8691228],[-78.9382805,43.8689474],[-78.9387162,43.8688466],[-78.9387927,43.8690259],[-78.9383934,43.8691143],[-78.9383553,43.8691228]]]},"properties":{"premiseId":"P-00217","address":"110 Byron Street South","premiseType":"residential"}},{"type":"Feature","id":"LOT-P-00218","geometry":{"type":"Polygon","coordinates":[[[-78.9396488,43.8693611],[-78.9397211,43.8695309],[-78.9392835,43.8696277],[-78.9392113,43.8694579],[-78.9396488,43.8693611]]]},"properties":{"premiseId":"P-00218","address":"127 Byron Street South","premiseType":"residential"}},{"type":"Feature","id":"LOT-P-00219","geometry":{"type":"Polygon","coordinates":[[[-78.9396159,43.8693684],[-78.9392113,43.8694579],[-78.9391395,43.8692895],[-78.9395441,43.8691999],[-78.9396159,43.8693684]]]},"properties":{"premiseId":"P-00219","address":"123 Byron Street South","premiseType":"residential"}},{"type":"Feature","id":"LOT-P-00220","geometry":{"type":"Polygon","coordinates":[[[-78.9395618,43.8691961],[-78.9391395,43.8692895],[-78.9390756,43.8691392],[-78.9394978,43.8690458],[-78.9395618,43.8691961]]]},"properties":{"premiseId":"P-00220","address":"117 Byron Street South","premiseType":"residential"}},{"type":"Feature","id":"LOT-P-00221","geometry":{"type":"Polygon","coordinates":[[[-78.9389801,43.870545],[-78.9387637,43.8705921],[-78.9386414,43.8703046],[-78.9388599,43.8702571],[-78.9389801,43.870545]]]},"properties":{"premiseId":"P-00221","address":"12 Keith Street","premiseType":"residential"}},{"type":"Feature","id":"LOT-P-00222","geometry":{"type":"Polygon","coordinates":[[[-78.9384407,43.870349],[-78.9386414,43.8703046],[-78.9387583,43.8705794],[-78.9385575,43.8706238],[-78.9384407,43.870349]]]},"properties":{"premiseId":"P-00222","address":"8 Keith Street","premiseType":"residential"}},{"type":"Feature","id":"LOT-P-00223","geometry":{"type":"Polygon","coordinates":[[[-78.9386003,43.8701446],[-78.9385752,43.8701501],[-78.938451,43.8698582],[-78.9386564,43.8698135],[-78.9387151,43.8699513],[-78.9387109,43.8699522],[-78.9387765,43.8701062],[-78.9386008,43.8701444],[-78.9386003,43.8701446]]]},"properties":{"premiseId":"P-00223","address":"11 Keith Street","premiseType":"residential"}},{"type":"Feature","id":"LOT-P-00224","geometry":{"type":"Polygon","coordinates":[[[-78.9384556,43.869869],[-78.9385752,43.8701501],[-78.9383547,43.8701989],[-78.938235,43.8699178],[-78.9384556,43.869869]]]},"properties":{"premiseId":"P-00224","address":"7 Keith Street","premiseType":"residential"}},{"type":"Feature","id":"LOT-P-00225","geometry":{"type":"Polygon","coordinates":[[[-78.9383255,43.8692669],[-78.9380546,43.8693278],[-78.9379234,43.8690245],[-78.9379649,43.8690152],[-78.9380922,43.8689865],[-78.938194,43.8689636],[-78.9383255,43.8692669]]]},"properties":{"premiseId":"P-00225","address":"10 Arthur Street","premiseType":"residential"}},{"type":"Feature","id":"LOT-P-00226","geometry":{"type":"Polygon","coordinates":[[[-78.9378036,43.8692556],[-78.9378034,43.8692554],[-78.9377553,43.8691447],[-78.937723,43.86907],[-78.9379234,43.8690245],[-78.938049,43.8693148],[-78.9378486,43.8693603],[-78.9378036,43.8692556]]]},"properties":{"premiseId":"P-00226","address":"6 Arthur Street","premiseType":"residential"}},{"type":"Feature","id":"LOT-P-00227","geometry":{"type":"Polygon","coordinates":[[[-78.9377332,43.8685764],[-78.9380059,43.8685151],[-78.9381329,43.868808],[-78.93786,43.8688694],[-78.9377332,43.8685764]]]},"properties":{"premiseId":"P-00227","address":"9 Arthur Street","premiseType":"residential"}},{"type":"Feature","id":"LOT-P-00228","geometry":{"type":"Polygon","coordinates":[[[-78.9379954,43.8713724],[-78.93817,43.8713344],[-78.9382885,43.8716173],[-78.938114,43.8716553],[-78.9379954,43.8713724]]]},"properties":{"premiseId":"P-00228","address":"8 Burns Street East","premiseType":"residential"}},{"type":"Feature","id":"LOT-P-00229","geometry":{"type":"Polygon","coordinates":[[[-78.938114,43.8716553],[-78.9380375,43.871672],[-78.9380362,43.8716723],[-78.9379059,43.8717017],[-78.9377862,43.8714261],[-78.9379982,43.8713789],[-78.938114,43.8716553]]]},"properties":{"premiseId":"P-00229","address":"12 Burns Street East","premiseType":"residential"}},{"type":"Feature","id":"LOT-P-00230","geometry":{"type":"Polygon","coordinates":[[[-78.9372103,43.8726888],[-78.9376126,43.8725997],[-78.9376732,43.8727418],[-78.937271,43.8728309],[-78.9372103,43.8726888]]]},"properties":{"premiseId":"P-00230","address":"112 Green Street","premiseType":"residential"}},{"type":"Feature","id":"LOT-P-00231","geometry":{"type":"Polygon","coordinates":[[[-78.9375533,43.8724604],[-78.9376126,43.8725997],[-78.9372115,43.8726885],[-78.9371522,43.8725494],[-78.9375533,43.8724604]]]},"properties":{"premiseId":"P-00231","address":"110 Green Street","premiseType":"residential"}},{"type":"Feature","id":"LOT-P-00232","geometry":{"type":"Polygon","coordinates":[[[-78.937487,43.872305],[-78.9375533,43.8724604],[-78.9371586,43.8725479],[-78.9370923,43.8723924],[-78.937487,43.872305]]]},"properties":{"premiseId":"P-00232","address":"106 Green Street","premiseType":"residential"}},{"type":"Feature","id":"LOT-P-00233","geometry":{"type":"Polygon","coordinates":[[[-78.9374256,43.8721611],[-78.937487,43.872305],[-78.9370923,43.8723924],[-78.9370764,43.8723959],[-78.937015,43.8722521],[-78.9374256,43.8721611]]]},"properties":{"premiseId":"P-00233","address":"102 Green Street","premiseType":"residential"}},{"type":"Feature","id":"LOT-P-00234","geometry":{"type":"Polygon","coordinates":[[[-78.9369681,43.8721151],[-78.9373682,43.8720261],[-78.9373699,43.8720258],[-78.9374145,43.8721349],[-78.9374148,43.8721358],[-78.9374256,43.8721611],[-78.9370237,43.8722502],[-78.9369681,43.8721151]]]},"properties":{"premiseId":"P-00234","address":"98 Green Street","premiseType":"residential"}},{"type":"Feature","id":"LOT-P-00235","geometry":{"type":"Polygon","coordinates":[[[-78.9384159,43.8728874],[-78.938408,43.8728893],[-78.9380145,43.8729841],[-78.9379505,43.8728419],[-78.938355,43.8727522],[-78.9384159,43.8728874]]]},"properties":{"premiseId":"P-00235","address":"119 Green Street","premiseType":"residential"}},{"type":"Feature","id":"LOT-P-00236","geometry":{"type":"Polygon","coordinates":[[[-78.9382664,43.8726017],[-78.9383327,43.8727572],[-78.9379505,43.8728419],[-78.937912,43.8727516],[-78.9378843,43.8726864],[-78.9382664,43.8726017]]]},"properties":{"premiseId":"P-00236","address":"115 Green Street","premiseType":"residential"}},{"type":"Feature","id":"LOT-P-00237","geometry":{"type":"Polygon","coordinates":[[[-78.9382638,43.8726022],[-78.9378843,43.8726864],[-78.9378247,43.8725468],[-78.9382043,43.8724627],[-78.9382638,43.8726022]]]},"properties":{"premiseId":"P-00237","address":"111 Green Street","premiseType":"residential"}},{"type":"Feature","id":"LOT-P-00238","geometry":{"type":"Polygon","coordinates":[[[-78.9382192,43.8724594],[-78.9378247,43.8725468],[-78.937763,43.872402],[-78.9381574,43.8723146],[-78.9382192,43.8724594]]]},"properties":{"premiseId":"P-00238","address":"109 Green Street","premiseType":"residential"}},{"type":"Feature","id":"LOT-P-00239","geometry":{"type":"Polygon","coordinates":[[[-78.9380748,43.872164],[-78.9381405,43.8723183],[-78.937763,43.872402],[-78.937731,43.872327],[-78.9376972,43.8722477],[-78.9380748,43.872164]]]},"properties":{"premiseId":"P-00239","address":"105 Green Street","premiseType":"residential"}},{"type":"Feature","id":"LOT-P-00240","geometry":{"type":"Polygon","coordinates":[[[-78.9380876,43.8721612],[-78.9376972,43.8722477],[-78.9376358,43.8721038],[-78.9380263,43.8720173],[-78.9380876,43.8721612]]]},"properties":{"premiseId":"P-00240","address":"101 Green Street","premiseType":"residential"}},{"type":"Feature","id":"LOT-P-00241","geometry":{"type":"Polygon","coordinates":[[[-78.9380197,43.8720187],[-78.9376358,43.8721038],[-78.9375856,43.8719812],[-78.9379689,43.8718946],[-78.9380197,43.8720187]]]},"properties":{"premiseId":"P-00241","address":"97 Green Street","premiseType":"residential"}},{"type":"Feature","id":"LOT-P-00242","geometry":{"type":"Polygon","coordinates":[[[-78.9378733,43.8711242],[-78.9377514,43.8708419],[-78.9379564,43.8707959],[-78.9380783,43.8710782],[-78.9378733,43.8711242]]]},"properties":{"premiseId":"P-00242","address":"7 Saint Peter Street","premiseType":"residential"}},{"type":"Feature","id":"LOT-P-00243","geometry":{"type":"Polygon","coordinates":[[[-78.937534,43.8708906],[-78.9377514,43.8708419],[-78.9378733,43.8711242],[-78.9378759,43.8711303],[-78.9376585,43.8711791],[-78.937534,43.8708906]]]},"properties":{"premiseId":"P-00243","address":"11 Saint Peter Street","premiseType":"residential"}},{"type":"Feature","id":"LOT-P-00244","geometry":{"type":"Polygon","coordinates":[[[-78.9373287,43.8709367],[-78.9374409,43.8709116],[-78.937534,43.8708906],[-78.9376509,43.8711615],[-78.9374457,43.8712075],[-78.9373287,43.8709367]]]},"properties":{"premiseId":"P-00244","address":"15 Saint Peter Street","premiseType":"residential"}},{"type":"Feature","id":"LOT-P-00245","geometry":{"type":"Polygon","coordinates":[[[-78.9371403,43.8709789],[-78.9371509,43.8709766],[-78.9371526,43.8709762],[-78.9373287,43.8709367],[-78.9374457,43.8712075],[-78.9374505,43.8712186],[-78.9372637,43.8712603],[-78.9371403,43.8709789]]]},"properties":{"premiseId":"P-00245","address":"19 Saint Peter Street","premiseType":"residential"}},{"type":"Feature","id":"LOT-P-00246","geometry":{"type":"Polygon","coordinates":[[[-78.9376703,43.8706908],[-78.9375432,43.8703963],[-78.9377416,43.8703518],[-78.9378687,43.8706462],[-78.9377509,43.8706726],[-78.9376703,43.8706908]]]},"properties":{"premiseId":"P-00246","address":"8 Saint Peter Street","premiseType":"residential"}},{"type":"Feature","id":"LOT-P-00247","geometry":{"type":"Polygon","coordinates":[[[-78.9375467,43.8704044],[-78.9376703,43.8706908],[-78.9374743,43.8707347],[-78.9373507,43.8704484],[-78.9375467,43.8704044]]]},"properties":{"premiseId":"P-00247","address":"12 Saint Peter Street","premiseType":"residential"}},{"type":"Feature","id":"LOT-P-00248","geometry":{"type":"Polygon","coordinates":[[[-78.9373573,43.8704635],[-78.9374743,43.8707347],[-78.9372637,43.870782],[-78.9371465,43.8705108],[-78.9373573,43.8704635]]]},"properties":{"premiseId":"P-00248","address":"16 Saint Peter Street","premiseType":"residential"}},{"type":"Feature","id":"LOT-P-00249","geometry":{"type":"Polygon","coordinates":[[[-78.9371441,43.8705049],[-78.9371465,43.8705108],[-78.9372637,43.870782],[-78.9370749,43.8708242],[-78.9369619,43.8705456],[-78.9371441,43.8705049]]]},"properties":{"premiseId":"P-00249","address":"20 Saint Peter Street","premiseType":"residential"}},{"type":"Feature","id":"LOT-P-00250","geometry":{"type":"Polygon","coordinates":[[[-78.9373771,43.8702964],[-78.9372531,43.8700054],[-78.9375256,43.869947],[-78.9376419,43.8702397],[-78.9373771,43.8702964]]]},"properties":{"premiseId":"P-00250","address":"9 Saint Lawrence Street","premiseType":"residential"}},{"type":"Feature","id":"LOT-P-00251","geometry":{"type":"Polygon","coordinates":[[[-78.9371433,43.870354],[-78.9370171,43.8700576],[-78.9371242,43.8700339],[-78.9372531,43.8700054],[-78.9373793,43.8703017],[-78.9371433,43.870354]]]},"properties":{"premiseId":"P-00251","address":"13 Saint Lawrence Street","premiseType":"residential"}},{"type":"Feature","id":"LOT-P-00252","geometry":{"type":"Polygon","coordinates":[[[-78.9367555,43.8701155],[-78.9367585,43.8701149],[-78.9367597,43.8701146],[-78.9370171,43.8700576],[-78.9371402,43.8703466],[-78.936884,43.8704032],[-78.9367555,43.8701155]]]},"properties":{"premiseId":"P-00252","address":"19 Saint Lawrence Street","premiseType":"residential"}},{"type":"Feature","id":"LOT-P-00253","geometry":{"type":"Polygon","coordinates":[[[-78.9373204,43.8694988],[-78.9374972,43.8694534],[-78.9375893,43.869667],[-78.9376246,43.869749],[-78.9376051,43.8697542],[-78.9374388,43.8697967],[-78.9373204,43.8694988]]]},"properties":{"premiseId":"P-00253","address":"6 Saint Lawrence Street","premiseType":"residential"}},{"type":"Feature","id":"LOT-P-00254","geometry":{"type":"Polygon","coordinates":[[[-78.9373307,43.8698191],[-78.9371791,43.8698526],[-78.9370557,43.869563],[-78.9373231,43.8695055],[-78.9374388,43.8697967],[-78.9373327,43.8698186],[-78.9373307,43.8698191]]]},"properties":{"premiseId":"P-00254","address":"10 Saint Lawrence Street","premiseType":"residential"}},{"type":"Feature","id":"LOT-P-00255","geometry":{"type":"Polygon","coordinates":[[[-78.9370474,43.8695435],[-78.9371791,43.8698526],[-78.9369268,43.8699084],[-78.9367951,43.8695993],[-78.9370474,43.8695435]]]},"properties":{"premiseId":"P-00255","address":"16 Saint Lawrence Street","premiseType":"residential"}},{"type":"Feature","id":"LOT-P-00256","geometry":{"type":"Polygon","coordinates":[[[-78.9365622,43.8696489],[-78.9367944,43.8695975],[-78.9367951,43.8695993],[-78.9369268,43.8699084],[-78.9366898,43.8699609],[-78.9365622,43.8696489]]]},"properties":{"premiseId":"P-00256","address":"20 Saint Lawrence Street","premiseType":"residential"}},{"type":"Feature","id":"LOT-P-00257","geometry":{"type":"Polygon","coordinates":[[[-78.9372196,43.8716967],[-78.9372817,43.8718385],[-78.9368941,43.8719248],[-78.9368326,43.8717848],[-78.9372196,43.8716967]]]},"properties":{"premiseId":"P-00257","address":"90 Green Street","premiseType":"residential"}},{"type":"Feature","id":"LOT-P-00258","geometry":{"type":"Polygon","coordinates":[[[-78.937147,43.8715311],[-78.9371482,43.8715337],[-78.9372196,43.8716967],[-78.9368366,43.8717839],[-78.9367641,43.8716183],[-78.937147,43.8715311]]]},"properties":{"premiseId":"P-00258","address":"86 Green Street","premiseType":"residential"}},{"type":"Feature","id":"LOT-P-00259","geometry":{"type":"Polygon","coordinates":[[[-78.9370705,43.8713563],[-78.937147,43.8715311],[-78.9367705,43.8716168],[-78.9366938,43.8714421],[-78.9370705,43.8713563]]]},"properties":{"premiseId":"P-00259","address":"82 Green Street","premiseType":"residential"}},{"type":"Feature","id":"LOT-P-00260","geometry":{"type":"Polygon","coordinates":[[[-78.9369996,43.8711947],[-78.9370705,43.8713563],[-78.9366938,43.8714421],[-78.9366704,43.8714474],[-78.9365995,43.8712858],[-78.9369996,43.8711947]]]},"properties":{"premiseId":"P-00260","address":"76 Green Street","premiseType":"residential"}},{"type":"Feature","id":"LOT-P-00261","geometry":{"type":"Polygon","coordinates":[[[-78.9365372,43.871118],[-78.9369276,43.8710301],[-78.9369829,43.8711566],[-78.9369996,43.8711947],[-78.9366097,43.8712835],[-78.9365372,43.871118]]]},"properties":{"premiseId":"P-00261","address":"72 Green Street","premiseType":"residential"}},{"type":"Feature","id":"LOT-P-00262","geometry":{"type":"Polygon","coordinates":[[[-78.9374325,43.8716458],[-78.9378398,43.8715531],[-78.9379049,43.8717019],[-78.9374975,43.871794],[-78.9374566,43.8717008],[-78.9374325,43.8716458]]]},"properties":{"premiseId":"P-00262","address":"89 Green Street","premiseType":"residential"}},{"type":"Feature","id":"LOT-P-00263","geometry":{"type":"Polygon","coordinates":[[[-78.9378187,43.8715578],[-78.9374325,43.8716458],[-78.9373576,43.8714749],[-78.9377438,43.871387],[-78.9378187,43.8715578]]]},"properties":{"premiseId":"P-00263","address":"85 Green Street","premiseType":"residential"}},{"type":"Feature","id":"LOT-P-00264","geometry":{"type":"Polygon","coordinates":[[[-78.9377402,43.8713879],[-78.9373576,43.8714749],[-78.9372859,43.8713111],[-78.9376685,43.871224],[-78.9377402,43.8713879]]]},"properties":{"premiseId":"P-00264","address":"81 Green Street","premiseType":"residential"}},{"type":"Feature","id":"LOT-P-00265","geometry":{"type":"Polygon","coordinates":[[[-78.937015,43.8722521],[-78.9370764,43.8723959],[-78.9370783,43.8723955],[-78.9370791,43.8723976],[-78.9368846,43.8724409],[-78.9368794,43.8724288],[-78.9368743,43.87243],[-78.9367594,43.8721617],[-78.9369097,43.8721282],[-78.936959,43.8721172],[-78.9370167,43.8722518],[-78.937015,43.8722521]]]},"properties":{"premiseId":"P-00265","address":"35 Burns Street East","premiseType":"residential"}},{"type":"Feature","id":"LOT-P-00266","geometry":{"type":"Polygon","coordinates":[[[-78.9368648,43.8719313],[-78.9366607,43.8719768],[-78.9366017,43.8718392],[-78.9366205,43.8718349],[-78.9365549,43.8716839],[-78.9367411,43.8716425],[-78.9368648,43.8719313]]]},"properties":{"premiseId":"P-00266","address":"36 Burns Street East","premiseType":"residential"}},{"type":"Feature","id":"LOT-P-00267","geometry":{"type":"Polygon","coordinates":[[[-78.9363465,43.8686495],[-78.9361357,43.8686965],[-78.935999,43.8683845],[-78.9360031,43.8683837],[-78.9360043,43.8683834],[-78.9362118,43.8683369],[-78.9363398,43.8686339],[-78.9363465,43.8686495]]]},"properties":{"premiseId":"P-00267","address":"19 Clemence Avenue","premiseType":"residential"}},{"type":"Feature","id":"LOT-P-00268","geometry":{"type":"Polygon","coordinates":[[[-78.9365134,43.8731513],[-78.9365784,43.8733012],[-78.9361966,43.8733873],[-78.9361316,43.8732373],[-78.9365134,43.8731513]]]},"properties":{"premiseId":"P-00268","address":"142 Athol Street","premiseType":"residential"}},{"type":"Feature","id":"LOT-P-00269","geometry":{"type":"Polygon","coordinates":[[[-78.9364473,43.8729989],[-78.9365134,43.8731513],[-78.9361368,43.8732361],[-78.9360708,43.8730839],[-78.9364473,43.8729989]]]},"properties":{"premiseId":"P-00269","address":"138 Athol Street","premiseType":"residential"}},{"type":"Feature","id":"LOT-P-00270","geometry":{"type":"Polygon","coordinates":[[[-78.9363941,43.8728764],[-78.9364426,43.872988],[-78.9364473,43.8729989],[-78.9360577,43.8730868],[-78.9360046,43.8729642],[-78.9363941,43.8728764]]]},"properties":{"premiseId":"P-00270","address":"136 Athol Street","premiseType":"residential"}},{"type":"Feature","id":"LOT-P-00271","geometry":{"type":"Polygon","coordinates":[[[-78.9363258,43.8727189],[-78.9363941,43.8728764],[-78.9360061,43.8729639],[-78.9359377,43.8728065],[-78.9363258,43.8727189]]]},"properties":{"premiseId":"P-00271","address":"132 Athol Street","premiseType":"residential"}},{"type":"Feature","id":"LOT-P-00272","geometry":{"type":"Polygon","coordinates":[[[-78.9362632,43.8725745],[-78.9363258,43.8727189],[-78.9359228,43.8728098],[-78.9358602,43.8726654],[-78.9362632,43.8725745]]]},"properties":{"premiseId":"P-00272","address":"128 Athol Street","premiseType":"residential"}},{"type":"Feature","id":"LOT-P-00273","geometry":{"type":"Polygon","coordinates":[[[-78.936201,43.8724313],[-78.9362632,43.8725745],[-78.9358853,43.8726598],[-78.9358231,43.8725164],[-78.936201,43.8724313]]]},"properties":{"premiseId":"P-00273","address":"124 Athol Street","premiseType":"residential"}},{"type":"Feature","id":"LOT-P-00274","geometry":{"type":"Polygon","coordinates":[[[-78.935761,43.8723827],[-78.936143,43.8722979],[-78.936201,43.8724313],[-78.9358194,43.8725172],[-78.935761,43.8723827]]]},"properties":{"premiseId":"P-00274","address":"120 Athol Street","premiseType":"residential"}},{"type":"Feature","id":"LOT-P-00275","geometry":{"type":"Polygon","coordinates":[[[-78.9370507,43.8728629],[-78.9366614,43.8729507],[-78.936606,43.8728228],[-78.9369951,43.8727351],[-78.9370507,43.8728629]]]},"properties":{"premiseId":"P-00275","address":"135 Athol Street","premiseType":"residential"}},{"type":"Feature","id":"LOT-P-00276","geometry":{"type":"Polygon","coordinates":[[[-78.9369794,43.8727386],[-78.936606,43.8728228],[-78.9365396,43.8726699],[-78.9369131,43.8725857],[-78.9369794,43.8727386]]]},"properties":{"premiseId":"P-00276","address":"131 Athol Street","premiseType":"residential"}},{"type":"Feature","id":"LOT-P-00277","geometry":{"type":"Polygon","coordinates":[[[-78.9369443,43.8725787],[-78.9365396,43.8726699],[-78.9364745,43.8725202],[-78.9368794,43.8724288],[-78.9369443,43.8725787]]]},"properties":{"premiseId":"P-00277","address":"127 Athol Street","premiseType":"residential"}},{"type":"Feature","id":"LOT-P-00278","geometry":{"type":"Polygon","coordinates":[[[-78.9368045,43.8722909],[-78.9368657,43.872432],[-78.9364745,43.8725202],[-78.9364604,43.8724877],[-78.9364133,43.8723792],[-78.9368045,43.8722909]]]},"properties":{"premiseId":"P-00278","address":"123 Athol Street","premiseType":"residential"}},{"type":"Feature","id":"LOT-P-00279","geometry":{"type":"Polygon","coordinates":[[[-78.9367348,43.8721671],[-78.9367899,43.8722943],[-78.9364133,43.8723792],[-78.9363759,43.8722928],[-78.9363577,43.8722511],[-78.9367348,43.8721671]]]},"properties":{"premiseId":"P-00279","address":"119 Athol Street","premiseType":"residential"}},{"type":"Feature","id":"LOT-P-00280","geometry":{"type":"Polygon","coordinates":[[[-78.9363936,43.8708151],[-78.936791,43.8707229],[-78.9368577,43.8708722],[-78.9364602,43.8709644],[-78.9363936,43.8708151]]]},"properties":{"premiseId":"P-00280","address":"64 Green Street","premiseType":"residential"}},{"type":"Feature","id":"LOT-P-00281","geometry":{"type":"Polygon","coordinates":[[[-78.936728,43.8705817],[-78.936791,43.8707229],[-78.9363979,43.8708141],[-78.9363348,43.870673],[-78.936728,43.8705817]]]},"properties":{"premiseId":"P-00281","address":"60 Green Street","premiseType":"residential"}},{"type":"Feature","id":"LOT-P-00282","geometry":{"type":"Polygon","coordinates":[[[-78.9366643,43.870439],[-78.936728,43.8705817],[-78.9363332,43.8706733],[-78.9362694,43.8705306],[-78.9366643,43.870439]]]},"properties":{"premiseId":"P-00282","address":"56 Green Street","premiseType":"residential"}},{"type":"Feature","id":"LOT-P-00283","geometry":{"type":"Polygon","coordinates":[[[-78.9366051,43.8703064],[-78.9366643,43.870439],[-78.9362857,43.8705268],[-78.9362265,43.8703942],[-78.9366051,43.8703064]]]},"properties":{"premiseId":"P-00283","address":"54 Green Street","premiseType":"residential"}},{"type":"Feature","id":"LOT-P-00284","geometry":{"type":"Polygon","coordinates":[[[-78.936541,43.8701628],[-78.9366051,43.8703064],[-78.9362265,43.8703942],[-78.9362101,43.870398],[-78.936146,43.8702545],[-78.936541,43.8701628]]]},"properties":{"premiseId":"P-00284","address":"50 Green Street","premiseType":"residential"}},{"type":"Feature","id":"LOT-P-00285","geometry":{"type":"Polygon","coordinates":[[[-78.9369475,43.8705457],[-78.936884,43.8704032],[-78.9371402,43.8703466],[-78.9371433,43.870354],[-78.9372847,43.8703227],[-78.9373433,43.870454],[-78.9369475,43.8705457]]]},"properties":{"premiseId":"P-00285","address":"57 Green Street","premiseType":"residential"}},{"type":"Feature","id":"LOT-P-00286","geometry":{"type":"Polygon","coordinates":[[[-78.9364481,43.8714344],[-78.9363311,43.8711644],[-78.9365174,43.8711224],[-78.9366344,43.8713924],[-78.9364481,43.8714344]]]},"properties":{"premiseId":"P-00286","address":"35 Saint Peter Street","premiseType":"residential"}},{"type":"Feature","id":"LOT-P-00287","geometry":{"type":"Polygon","coordinates":[[[-78.9361278,43.8712101],[-78.9361514,43.8712048],[-78.9363311,43.8711644],[-78.9364511,43.8714413],[-78.9362478,43.871487],[-78.9361278,43.8712101]]]},"properties":{"premiseId":"P-00287","address":"37 Saint Peter Street","premiseType":"residential"}},{"type":"Feature","id":"LOT-P-00288","geometry":{"type":"Polygon","coordinates":[[[-78.9360376,43.8715252],[-78.9359207,43.8712566],[-78.9359252,43.8712557],[-78.9361278,43.8712101],[-78.9362445,43.8714792],[-78.9360376,43.8715252]]]},"properties":{"premiseId":"P-00288","address":"41 Saint Peter Street","premiseType":"residential"}},{"type":"Feature","id":"LOT-P-00289","geometry":{"type":"Polygon","coordinates":[[[-78.9361403,43.8707341],[-78.9363265,43.8706921],[-78.9364465,43.870969],[-78.9362602,43.8710109],[-78.9361403,43.8707341]]]},"properties":{"premiseId":"P-00289","address":"36 Saint Peter Street","premiseType":"residential"}},{"type":"Feature","id":"LOT-P-00290","geometry":{"type":"Polygon","coordinates":[[[-78.9359167,43.8707646],[-78.9361324,43.870716],[-78.9361403,43.8707341],[-78.9362602,43.8710109],[-78.9361455,43.8710367],[-78.9360446,43.8710594],[-78.9359167,43.8707646]]]},"properties":{"premiseId":"P-00290","address":"38 Saint Peter Street","premiseType":"residential"}},{"type":"Feature","id":"LOT-P-00291","geometry":{"type":"Polygon","coordinates":[[[-78.9359257,43.8707852],[-78.9360446,43.8710594],[-78.9358588,43.8711012],[-78.9357587,43.8708231],[-78.9359257,43.8707852]]]},"properties":{"premiseId":"P-00291","address":"42 Saint Peter Street","premiseType":"residential"}},{"type":"Feature","id":"LOT-P-00292","geometry":{"type":"Polygon","coordinates":[[[-78.9360523,43.8700978],[-78.9359803,43.869933],[-78.9364004,43.8698373],[-78.9364744,43.870007],[-78.9360523,43.8700978]]]},"properties":{"premiseId":"P-00292","address":"42 Green Street","premiseType":"residential"}},{"type":"Feature","id":"LOT-P-00293","geometry":{"type":"Polygon","coordinates":[[[-78.9363186,43.8696509],[-78.9364004,43.8698373],[-78.935991,43.8699305],[-78.9359093,43.869744],[-78.9363186,43.8696509]]]},"properties":{"premiseId":"P-00293","address":"38 Green Street","premiseType":"residential"}},{"type":"Feature","id":"LOT-P-00294","geometry":{"type":"Polygon","coordinates":[[[-78.9358236,43.8695776],[-78.9362445,43.8694817],[-78.9363111,43.8696336],[-78.9363186,43.8696509],[-78.9358977,43.8697467],[-78.9358236,43.8695776]]]},"properties":{"premiseId":"P-00294","address":"32 Green Street","premiseType":"residential"}},{"type":"Feature","id":"LOT-P-00295","geometry":{"type":"Polygon","coordinates":[[[-78.936169,43.8693094],[-78.9362445,43.8694817],[-78.9358317,43.8695758],[-78.9357561,43.8694033],[-78.936169,43.8693094]]]},"properties":{"premiseId":"P-00295","address":"28 Green Street","premiseType":"residential"}},{"type":"Feature","id":"LOT-P-00296","geometry":{"type":"Polygon","coordinates":[[[-78.9356803,43.8692385],[-78.9360964,43.8691437],[-78.9361536,43.8692742],[-78.936169,43.8693094],[-78.935753,43.8694041],[-78.9356803,43.8692385]]]},"properties":{"premiseId":"P-00296","address":"24 Green Street","premiseType":"residential"}},{"type":"Feature","id":"LOT-P-00297","geometry":{"type":"Polygon","coordinates":[[[-78.936017,43.8689627],[-78.9360397,43.8690145],[-78.9360964,43.8691437],[-78.9356803,43.8692385],[-78.9356671,43.8692414],[-78.9355879,43.8690604],[-78.936017,43.8689627]]]},"properties":{"premiseId":"P-00297","address":"20 Green Street","premiseType":"residential"}},{"type":"Feature","id":"LOT-P-00298","geometry":{"type":"Polygon","coordinates":[[[-78.9359395,43.8687859],[-78.936017,43.8689627],[-78.9355951,43.8690588],[-78.9355176,43.8688819],[-78.9359395,43.8687859]]]},"properties":{"premiseId":"P-00298","address":"14 Green Street","premiseType":"residential"}},{"type":"Feature","id":"LOT-P-00299","geometry":{"type":"Polygon","coordinates":[[[-78.9364589,43.8694342],[-78.936881,43.8693382],[-78.9369564,43.8695102],[-78.9365343,43.8696063],[-78.936468,43.869455],[-78.9364589,43.8694342]]]},"properties":{"premiseId":"P-00299","address":"31 Green Street","premiseType":"residential"}},{"type":"Feature","id":"LOT-P-00300","geometry":{"type":"Polygon","coordinates":[[[-78.9367825,43.8691778],[-78.9368554,43.8693439],[-78.9364589,43.8694342],[-78.9364543,43.8694238],[-78.9363862,43.8692681],[-78.9367825,43.8691778]]]},"properties":{"premiseId":"P-00300","address":"27 Green Street","premiseType":"residential"}},{"type":"Feature","id":"LOT-P-00301","geometry":{"type":"Polygon","coordinates":[[[-78.9367825,43.8691778],[-78.9363862,43.8692681],[-78.9362994,43.8690703],[-78.9367176,43.8689751],[-78.9368044,43.8691729],[-78.9367825,43.8691778]]]},"properties":{"premiseId":"P-00301","address":"23 Green Street","premiseType":"residential"}},{"type":"Feature","id":"LOT-P-00302","geometry":{"type":"Polygon","coordinates":[[[-78.9362994,43.8690703],[-78.936231,43.8689141],[-78.9366392,43.8688211],[-78.9367077,43.8689773],[-78.9362994,43.8690703]]]},"properties":{"premiseId":"P-00302","address":"17 Green Street","premiseType":"residential"}},{"type":"Feature","id":"LOT-P-00303","geometry":{"type":"Polygon","coordinates":[[[-78.9366392,43.8688211],[-78.936231,43.8689141],[-78.936156,43.8687428],[-78.9365701,43.8686485],[-78.9366451,43.8688198],[-78.9366392,43.8688211]]]},"properties":{"premiseId":"P-00303","address":"13 Green Street","premiseType":"residential"}},{"type":"Feature","id":"LOT-P-00304","geometry":{"type":"Polygon","coordinates":[[[-78.9362574,43.8705317],[-78.9360562,43.8705775],[-78.9359349,43.8703005],[-78.9359598,43.8702948],[-78.9361362,43.8702546],[-78.9362574,43.8705317]]]},"properties":{"premiseId":"P-00304","address":"35 Saint Lawrence Street","premiseType":"residential"}},{"type":"Feature","id":"LOT-P-00305","geometry":{"type":"Polygon","coordinates":[[[-78.936059,43.8705841],[-78.9358536,43.8706309],[-78.9357294,43.8703472],[-78.9358884,43.870311],[-78.9359349,43.8703005],[-78.9360562,43.8705775],[-78.936059,43.8705841]]]},"properties":{"premiseId":"P-00305","address":"39 Saint Lawrence Street","premiseType":"residential"}},{"type":"Feature","id":"LOT-P-00306","geometry":{"type":"Polygon","coordinates":[[[-78.9356612,43.8706655],[-78.9355406,43.87039],[-78.9356577,43.8703634],[-78.9357294,43.8703472],[-78.9358499,43.8706227],[-78.9356612,43.8706655]]]},"properties":{"premiseId":"P-00306","address":"41 Saint Lawrence Street","premiseType":"residential"}},{"type":"Feature","id":"LOT-P-00307","geometry":{"type":"Polygon","coordinates":[[[-78.9357426,43.8698526],[-78.9359374,43.8698083],[-78.935991,43.8699305],[-78.9359803,43.869933],[-78.9360523,43.8700978],[-78.9360797,43.8700919],[-78.9360822,43.8700974],[-78.9360518,43.8701044],[-78.9358709,43.8701455],[-78.9357426,43.8698526]]]},"properties":{"premiseId":"P-00307","address":"36 Saint Lawrence Street","premiseType":"residential"}},{"type":"Feature","id":"LOT-P-00308","geometry":{"type":"Polygon","coordinates":[[[-78.9357532,43.8698767],[-78.9358709,43.8701455],[-78.9356695,43.8701912],[-78.9355519,43.8699225],[-78.9357532,43.8698767]]]},"properties":{"premiseId":"P-00308","address":"38 Saint Lawrence Street","premiseType":"residential"}},{"type":"Feature","id":"LOT-P-00309","geometry":{"type":"Polygon","coordinates":[[[-78.9354687,43.8702251],[-78.9353487,43.869954],[-78.935546,43.8699091],[-78.9355519,43.8699225],[-78.9356695,43.8701912],[-78.9354732,43.8702358],[-78.9354694,43.8702263],[-78.9354687,43.8702251]]]},"properties":{"premiseId":"P-00309","address":"42 Saint Lawrence Street","premiseType":"residential"}},{"type":"Feature","id":"LOT-P-00310","geometry":{"type":"Polygon","coordinates":[[[-78.9359995,43.8719778],[-78.936057,43.8721101],[-78.9356554,43.8721992],[-78.9355986,43.8720684],[-78.9359995,43.8719778]]]},"properties":{"premiseId":"P-00310","address":"112 Athol Street","premiseType":"residential"}},{"type":"Feature","id":"LOT-P-00311","geometry":{"type":"Polygon","coordinates":[[[-78.9359171,43.8717887],[-78.9359995,43.8719778],[-78.9356107,43.8720656],[-78.9355284,43.8718766],[-78.9359171,43.8717887]]]},"properties":{"premiseId":"P-00311","address":"108 Athol Street","premiseType":"residential"}},{"type":"Feature","id":"LOT-P-00312","geometry":{"type":"Polygon","coordinates":[[[-78.9354684,43.8717069],[-78.9358445,43.8716218],[-78.9358816,43.8717069],[-78.9359171,43.8717887],[-78.935541,43.8718738],[-78.9354684,43.8717069]]]},"properties":{"premiseId":"P-00312","address":"104 Athol Street","premiseType":"residential"}},{"type":"Feature","id":"LOT-P-00313","geometry":{"type":"Polygon","coordinates":[[[-78.9353709,43.871555],[-78.9357755,43.8714634],[-78.9358336,43.8715966],[-78.9358445,43.8716218],[-78.9354684,43.8717069],[-78.9354398,43.8717133],[-78.9353709,43.871555]]]},"properties":{"premiseId":"P-00313","address":"98 Athol Street","premiseType":"residential"}},{"type":"Feature","id":"LOT-P-00314","geometry":{"type":"Polygon","coordinates":[[[-78.9353116,43.87139],[-78.935705,43.8713011],[-78.9357455,43.8713943],[-78.9357755,43.8714634],[-78.9353823,43.8715523],[-78.9353116,43.87139]]]},"properties":{"premiseId":"P-00314","address":"94 Athol Street","premiseType":"residential"}},{"type":"Feature","id":"LOT-P-00315","geometry":{"type":"Polygon","coordinates":[[[-78.9365933,43.8718411],[-78.9366529,43.8719785],[-78.9362718,43.8720633],[-78.9362124,43.8719272],[-78.9365933,43.8718411]]]},"properties":{"premiseId":"P-00315","address":"111 Athol Street","premiseType":"residential"}},{"type":"Feature","id":"LOT-P-00316","geometry":{"type":"Polygon","coordinates":[[[-78.936542,43.8716543],[-78.9366205,43.8718349],[-78.9362124,43.8719272],[-78.9361856,43.8718657],[-78.9361339,43.8717466],[-78.936542,43.8716543]]]},"properties":{"premiseId":"P-00316","address":"107 Athol Street","premiseType":"residential"}},{"type":"Feature","id":"LOT-P-00317","geometry":{"type":"Polygon","coordinates":[[[-78.9364624,43.871479],[-78.9365391,43.871655],[-78.9361339,43.8717466],[-78.9361136,43.8716999],[-78.9360573,43.8715707],[-78.9364624,43.871479]]]},"properties":{"premiseId":"P-00317","address":"103 Athol Street","premiseType":"residential"}},{"type":"Feature","id":"LOT-P-00318","geometry":{"type":"Polygon","coordinates":[[[-78.9358342,43.8726902],[-78.9356254,43.8727366],[-78.935499,43.8724408],[-78.9356216,43.8724136],[-78.9357079,43.8723944],[-78.9358342,43.8726902]]]},"properties":{"premiseId":"P-00318","address":"57 Burns Street East","premiseType":"residential"}},{"type":"Feature","id":"LOT-P-00319","geometry":{"type":"Polygon","coordinates":[[[-78.9352711,43.8724914],[-78.935499,43.8724408],[-78.9356189,43.8727215],[-78.9353911,43.8727721],[-78.9352711,43.8724914]]]},"properties":{"premiseId":"P-00319","address":"61 Burns Street East","premiseType":"residential"}},{"type":"Feature","id":"LOT-P-00320","geometry":{"type":"Polygon","coordinates":[[[-78.9350567,43.872539],[-78.9352711,43.8724914],[-78.9353915,43.8727729],[-78.935177,43.8728205],[-78.9350567,43.872539]]]},"properties":{"premiseId":"P-00320","address":"65 Burns Street East","premiseType":"residential"}},{"type":"Feature","id":"LOT-P-00321","geometry":{"type":"Polygon","coordinates":[[[-78.9349521,43.8728608],[-78.9348356,43.872588],[-78.9349328,43.8725664],[-78.9350567,43.872539],[-78.9351733,43.8728118],[-78.9349521,43.8728608]]]},"properties":{"premiseId":"P-00321","address":"69 Burns Street East","premiseType":"residential"}},{"type":"Feature","id":"LOT-P-00322","geometry":{"type":"Polygon","coordinates":[[[-78.9346083,43.8726385],[-78.9348356,43.872588],[-78.934952,43.8728606],[-78.9347246,43.872911],[-78.9346083,43.8726385]]]},"properties":{"premiseId":"P-00322","address":"75 Burns Street East","premiseType":"residential"}},{"type":"Feature","id":"LOT-P-00323","geometry":{"type":"Polygon","coordinates":[[[-78.9344078,43.872683],[-78.9346083,43.8726385],[-78.9347284,43.8729201],[-78.9345279,43.8729646],[-78.9344078,43.872683]]]},"properties":{"premiseId":"P-00323","address":"79 Burns Street East","premiseType":"residential"}},{"type":"Feature","id":"LOT-P-00324","geometry":{"type":"Polygon","coordinates":[[[-78.9354026,43.8722554],[-78.9352808,43.8719703],[-78.9355079,43.8719199],[-78.9356296,43.872205],[-78.9355385,43.8722252],[-78.9354026,43.8722554]]]},"properties":{"premiseId":"P-00324","address":"58 Burns Street East","premiseType":"residential"}},{"type":"Feature","id":"LOT-P-00325","geometry":{"type":"Polygon","coordinates":[[[-78.9352785,43.8719649],[-78.9352808,43.8719703],[-78.9354026,43.8722554],[-78.9352148,43.872297],[-78.9350907,43.8720065],[-78.9352785,43.8719649]]]},"properties":{"premiseId":"P-00325","address":"62 Burns Street East","premiseType":"residential"}},{"type":"Feature","id":"LOT-P-00326","geometry":{"type":"Polygon","coordinates":[[[-78.9348487,43.8720613],[-78.935091,43.8720074],[-78.9352148,43.872297],[-78.9351101,43.8723203],[-78.9349724,43.8723509],[-78.9348487,43.8720613]]]},"properties":{"premiseId":"P-00326","address":"66 Burns Street East","premiseType":"residential"}},{"type":"Feature","id":"LOT-P-00327","geometry":{"type":"Polygon","coordinates":[[[-78.9348505,43.8720656],[-78.9349724,43.8723509],[-78.9347646,43.872397],[-78.9346428,43.8721117],[-78.9348505,43.8720656]]]},"properties":{"premiseId":"P-00327","address":"70 Burns Street East","premiseType":"residential"}},{"type":"Feature","id":"LOT-P-00328","geometry":{"type":"Polygon","coordinates":[[[-78.9354709,43.8688474],[-78.9352575,43.8688977],[-78.9351178,43.8685899],[-78.9351445,43.8685837],[-78.9353313,43.8685396],[-78.9354709,43.8688474]]]},"properties":{"premiseId":"P-00328","address":"13 Athol Street","premiseType":"residential"}},{"type":"Feature","id":"LOT-P-00329","geometry":{"type":"Polygon","coordinates":[[[-78.9350155,43.8689284],[-78.9348867,43.8686444],[-78.9350816,43.8685985],[-78.9351178,43.8685899],[-78.9352467,43.8688739],[-78.9350155,43.8689284]]]},"properties":{"premiseId":"P-00329","address":"17 Athol Street","premiseType":"residential"}},{"type":"Feature","id":"LOT-P-00330","geometry":{"type":"Polygon","coordinates":[[[-78.9350155,43.8689284],[-78.9352467,43.8688739],[-78.9352575,43.8688977],[-78.9353459,43.8688768],[-78.9353982,43.8690016],[-78.9349704,43.8691],[-78.9349034,43.8689404],[-78.9350107,43.8689176],[-78.9350155,43.8689284]]]},"properties":{"premiseId":"P-00330","address":"33 Athol Street","premiseType":"residential"}},{"type":"Feature","id":"LOT-P-00331","geometry":{"type":"Polygon","coordinates":[[[-78.9354011,43.869001],[-78.9354679,43.8691516],[-78.9350372,43.8692508],[-78.9349725,43.8691048],[-78.9349704,43.8691],[-78.9353982,43.8690016],[-78.9354011,43.869001]]]},"properties":{"premiseId":"P-00331","address":"37 Athol Street","premiseType":"residential"}},{"type":"Feature","id":"LOT-P-00332","geometry":{"type":"Polygon","coordinates":[[[-78.9355464,43.8693291],[-78.9351158,43.8694282],[-78.9350838,43.8693561],[-78.9350372,43.8692508],[-78.9354678,43.8691516],[-78.9355464,43.8693291]]]},"properties":{"premiseId":"P-00332","address":"41 Athol Street","premiseType":"residential"}},{"type":"Feature","id":"LOT-P-00333","geometry":{"type":"Polygon","coordinates":[[[-78.9351876,43.8695904],[-78.9351158,43.8694282],[-78.9355512,43.8693279],[-78.9356231,43.8694902],[-78.9351876,43.8695904]]]},"properties":{"premiseId":"P-00333","address":"47 Athol Street","premiseType":"residential"}},{"type":"Feature","id":"LOT-P-00334","geometry":{"type":"Polygon","coordinates":[[[-78.9352558,43.8697441],[-78.9351876,43.8695904],[-78.9356164,43.8694917],[-78.9356845,43.8696455],[-78.9352558,43.8697441]]]},"properties":{"premiseId":"P-00334","address":"51 Athol Street","premiseType":"residential"}},{"type":"Feature","id":"LOT-P-00335","geometry":{"type":"Polygon","coordinates":[[[-78.9353272,43.8699055],[-78.9352558,43.8697441],[-78.9356806,43.8696464],[-78.935752,43.8698077],[-78.9353272,43.8699055]]]},"properties":{"premiseId":"P-00335","address":"55 Athol Street","premiseType":"residential"}},{"type":"Feature","id":"LOT-P-00336","geometry":{"type":"Polygon","coordinates":[[[-78.9355074,43.8683279],[-78.9354292,43.8681557],[-78.9356357,43.868107],[-78.935714,43.8682793],[-78.9356114,43.8683034],[-78.9355074,43.8683279]]]},"properties":{"premiseId":"P-00336","address":"4 Athol Street","premiseType":"residential"}},{"type":"Feature","id":"LOT-P-00337","geometry":{"type":"Polygon","coordinates":[[[-78.9351978,43.8682057],[-78.9354274,43.8681516],[-78.9354292,43.8681557],[-78.9355074,43.8683279],[-78.9354271,43.8683469],[-78.9352778,43.8683821],[-78.9351978,43.8682057]]]},"properties":{"premiseId":"P-00337","address":"10 Athol Street","premiseType":"residential"}},{"type":"Feature","id":"LOT-P-00338","geometry":{"type":"Polygon","coordinates":[[[-78.9351957,43.8682009],[-78.9352778,43.8683821],[-78.9350247,43.8684418],[-78.9349425,43.8682606],[-78.9351957,43.8682009]]]},"properties":{"premiseId":"P-00338","address":"14 Athol Street","premiseType":"residential"}},{"type":"Feature","id":"LOT-P-00339","geometry":{"type":"Polygon","coordinates":[[[-78.9347385,43.8683021],[-78.9349398,43.8682546],[-78.9349425,43.8682606],[-78.9350247,43.8684418],[-78.9349647,43.868456],[-78.9348234,43.8684893],[-78.9347385,43.8683021]]]},"properties":{"premiseId":"P-00339","address":"18 Athol Street","premiseType":"residential"}},{"type":"Feature","id":"LOT-P-00340","geometry":{"type":"Polygon","coordinates":[[[-78.9345184,43.8683425],[-78.9347348,43.8682939],[-78.9347385,43.8683021],[-78.9348234,43.8684893],[-78.9346012,43.8685391],[-78.9345184,43.8683425]]]},"properties":{"premiseId":"P-00340","address":"22 Athol Street","premiseType":"residential"}},{"type":"Feature","id":"LOT-P-00341","geometry":{"type":"Polygon","coordinates":[[[-78.9341409,43.8687398],[-78.9345518,43.8686525],[-78.9346183,43.8688149],[-78.9342072,43.8689021],[-78.9341409,43.8687398]]]},"properties":{"premiseId":"P-00341","address":"26 Athol Street","premiseType":"residential"}},{"type":"Feature","id":"LOT-P-00342","geometry":{"type":"Polygon","coordinates":[[[-78.9346946,43.8690019],[-78.9342726,43.8690915],[-78.9341961,43.8689045],[-78.9346183,43.8688149],[-78.9346913,43.8689939],[-78.9346946,43.8690019]]]},"properties":{"premiseId":"P-00342","address":"30 Athol Street","premiseType":"residential"}},{"type":"Feature","id":"LOT-P-00343","geometry":{"type":"Polygon","coordinates":[[[-78.9347324,43.8690942],[-78.9347619,43.869161],[-78.9343264,43.8692613],[-78.934256,43.869095],[-78.9342726,43.8690915],[-78.9346946,43.8690019],[-78.9347317,43.8690924],[-78.9347324,43.8690942]]]},"properties":{"premiseId":"P-00343","address":"36 Athol Street","premiseType":"residential"}},{"type":"Feature","id":"LOT-P-00344","geometry":{"type":"Polygon","coordinates":[[[-78.9347619,43.869161],[-78.9348252,43.8693038],[-78.9344256,43.8693958],[-78.9343624,43.869253],[-78.9347619,43.869161]]]},"properties":{"premiseId":"P-00344","address":"38 Athol Street","premiseType":"residential"}},{"type":"Feature","id":"LOT-P-00345","geometry":{"type":"Polygon","coordinates":[[[-78.9344783,43.8695722],[-78.9344024,43.8694011],[-78.9344256,43.8693958],[-78.9348252,43.8693038],[-78.934901,43.8694748],[-78.9344783,43.8695722]]]},"properties":{"premiseId":"P-00345","address":"44 Athol Street","premiseType":"residential"}},{"type":"Feature","id":"LOT-P-00346","geometry":{"type":"Polygon","coordinates":[[[-78.9344661,43.869575],[-78.9344783,43.8695722],[-78.934901,43.8694748],[-78.934978,43.8696487],[-78.9345431,43.8697489],[-78.9344661,43.869575]]]},"properties":{"premiseId":"P-00346","address":"48 Athol Street","premiseType":"residential"}},{"type":"Feature","id":"LOT-P-00347","geometry":{"type":"Polygon","coordinates":[[[-78.934978,43.8696487],[-78.9350405,43.8697896],[-78.934623,43.8698857],[-78.9345606,43.8697449],[-78.934978,43.8696487]]]},"properties":{"premiseId":"P-00347","address":"52 Athol Street","premiseType":"residential"}},{"type":"Feature","id":"LOT-P-00348","geometry":{"type":"Polygon","coordinates":[[[-78.9346275,43.8698846],[-78.9350405,43.8697896],[-78.9350792,43.8698771],[-78.9351205,43.8699702],[-78.9347075,43.8700653],[-78.9346275,43.8698846]]]},"properties":{"premiseId":"P-00348","address":"56 Athol Street","premiseType":"residential"}},{"type":"Feature","id":"LOT-P-00349","geometry":{"type":"Polygon","coordinates":[[[-78.9347187,43.8700627],[-78.9351205,43.8699702],[-78.9351826,43.8701106],[-78.9347809,43.870203],[-78.9347187,43.8700627]]]},"properties":{"premiseId":"P-00349","address":"60 Athol Street","premiseType":"residential"}},{"type":"Feature","id":"LOT-P-00350","geometry":{"type":"Polygon","coordinates":[[[-78.93485,43.8703633],[-78.9347794,43.8702034],[-78.9351826,43.8701106],[-78.9352586,43.8702828],[-78.9352439,43.8702857],[-78.93485,43.8703633]]]},"properties":{"premiseId":"P-00350","address":"64 Athol Street","premiseType":"residential"}},{"type":"Feature","id":"LOT-P-00351","geometry":{"type":"Polygon","coordinates":[[[-78.9352325,43.8712398],[-78.9351664,43.87109],[-78.9355716,43.8709973],[-78.9356271,43.8711235],[-78.9356376,43.8711471],[-78.9352325,43.8712398]]]},"properties":{"premiseId":"P-00351","address":"86 Athol Street","premiseType":"residential"}},{"type":"Feature","id":"LOT-P-00352","geometry":{"type":"Polygon","coordinates":[[[-78.935138,43.8709458],[-78.9355114,43.8708604],[-78.9355716,43.8709973],[-78.9351983,43.8710827],[-78.935138,43.8709458]]]},"properties":{"premiseId":"P-00352","address":"82 Athol Street","premiseType":"residential"}},{"type":"Feature","id":"LOT-P-00353","geometry":{"type":"Polygon","coordinates":[[[-78.9350471,43.8708115],[-78.9354493,43.8707194],[-78.935469,43.8707643],[-78.9355114,43.8708604],[-78.9351091,43.8709524],[-78.9350471,43.8708115]]]},"properties":{"premiseId":"P-00353","address":"80 Athol Street","premiseType":"residential"}},{"type":"Feature","id":"LOT-P-00354","geometry":{"type":"Polygon","coordinates":[[[-78.9353874,43.8705788],[-78.9354493,43.8707194],[-78.9350742,43.8708053],[-78.9350123,43.8706646],[-78.9353874,43.8705788]]]},"properties":{"premiseId":"P-00354","address":"76 Athol Street","premiseType":"residential"}},{"type":"Feature","id":"LOT-P-00355","geometry":{"type":"Polygon","coordinates":[[[-78.9353261,43.8704398],[-78.9353874,43.8705788],[-78.9350123,43.8706646],[-78.9350067,43.8706659],[-78.9349455,43.8705269],[-78.9353261,43.8704398]]]},"properties":{"premiseId":"P-00355","address":"72 Athol Street","premiseType":"residential"}},{"type":"Feature","id":"LOT-P-00356","geometry":{"type":"Polygon","coordinates":[[[-78.9358536,43.8706309],[-78.936059,43.8705841],[-78.9360568,43.870579],[-78.9360714,43.8705757],[-78.9361338,43.8707174],[-78.9361331,43.8707175],[-78.9361324,43.870716],[-78.9359167,43.8707646],[-78.9359177,43.8707669],[-78.9357248,43.870811],[-78.9356625,43.8706692],[-78.9358513,43.870626],[-78.9358536,43.8706309]]]},"properties":{"premiseId":"P-00356","address":"79 Athol Street","premiseType":"residential"}},{"type":"Feature","id":"LOT-P-00357","geometry":{"type":"Polygon","coordinates":[[[-78.9348264,43.8708409],[-78.9347187,43.8705567],[-78.9349118,43.8705187],[-78.9350195,43.8708029],[-78.9348264,43.8708409]]]},"properties":{"premiseId":"P-00357","address":"57 Saint Lawrence Street","premiseType":"residential"}},{"type":"Feature","id":"LOT-P-00358","geometry":{"type":"Polygon","coordinates":[[[-78.9337577,43.8706411],[-78.9339608,43.8704056],[-78.9341112,43.8704729],[-78.9341137,43.8704741],[-78.9341222,43.8704777],[-78.9339278,43.870717],[-78.9337577,43.8706411]]]},"properties":{"premiseId":"P-00358","address":"69 Saint Lawrence Street","premiseType":"residential"}},{"type":"Feature","id":"LOT-P-00359","geometry":{"type":"Polygon","coordinates":[[[-78.9337528,43.8706468],[-78.9336909,43.8706554],[-78.9337438,43.8703739],[-78.9339608,43.8704056],[-78.9337577,43.8706411],[-78.9337528,43.8706468]]]},"properties":{"premiseId":"P-00359","address":"75 Saint Lawrence Street","premiseType":"residential"}},{"type":"Feature","id":"LOT-P-00360","geometry":{"type":"Polygon","coordinates":[[[-78.9336909,43.8706554],[-78.9337528,43.8706468],[-78.9337577,43.8706411],[-78.9339278,43.870717],[-78.9339622,43.8706747],[-78.9339787,43.8707125],[-78.9335873,43.8708016],[-78.9335546,43.8707266],[-78.9335265,43.8706627],[-78.9336969,43.8706239],[-78.9336909,43.8706554]]]},"properties":{"premiseId":"P-00360","address":"93 Saint Lawrence Street","premiseType":"residential"}},{"type":"Feature","id":"LOT-P-00361","geometry":{"type":"Polygon","coordinates":[[[-78.9340391,43.8708691],[-78.9336552,43.8709565],[-78.9336108,43.8708551],[-78.9335873,43.8708016],[-78.9339711,43.8707142],[-78.9340391,43.8708691]]]},"properties":{"premiseId":"P-00361","address":"97 Saint Lawrence Street","premiseType":"residential"}},{"type":"Feature","id":"LOT-P-00362","geometry":{"type":"Polygon","coordinates":[[[-78.9341182,43.870988],[-78.9337098,43.871081],[-78.9336552,43.8709565],[-78.9340637,43.8708634],[-78.9341182,43.870988]]]},"properties":{"premiseId":"P-00362","address":"101 Saint Lawrence Street","premiseType":"residential"}},{"type":"Feature","id":"LOT-P-00363","geometry":{"type":"Polygon","coordinates":[[[-78.9337744,43.8712285],[-78.9337433,43.8711575],[-78.9337098,43.871081],[-78.9340928,43.8709938],[-78.9341574,43.8711413],[-78.9337744,43.8712285]]]},"properties":{"premiseId":"P-00363","address":"105 Saint Lawrence Street","premiseType":"residential"}},{"type":"Feature","id":"LOT-P-00364","geometry":{"type":"Polygon","coordinates":[[[-78.9338371,43.8713714],[-78.9337744,43.8712285],[-78.9341674,43.871139],[-78.93423,43.871282],[-78.9338371,43.8713714]]]},"properties":{"premiseId":"P-00364","address":"107 Saint Lawrence Street","premiseType":"residential"}},{"type":"Feature","id":"LOT-P-00365","geometry":{"type":"Polygon","coordinates":[[[-78.93423,43.871282],[-78.9342348,43.8712808],[-78.9342966,43.8714218],[-78.9340845,43.8714721],[-78.9338996,43.8715143],[-78.9338371,43.8713714],[-78.93423,43.871282]]]},"properties":{"premiseId":"P-00365","address":"111 Saint Lawrence Street","premiseType":"residential"}},{"type":"Feature","id":"LOT-P-00366","geometry":{"type":"Polygon","coordinates":[[[-78.9347264,43.8700803],[-78.9347809,43.870203],[-78.9347794,43.8702034],[-78.934796,43.870241],[-78.9348428,43.8703647],[-78.934636,43.8704054],[-78.9345275,43.8701194],[-78.9347264,43.8700803]]]},"properties":{"premiseId":"P-00366","address":"58 Saint Lawrence Street","premiseType":"residential"}},{"type":"Feature","id":"LOT-P-00367","geometry":{"type":"Polygon","coordinates":[[[-78.9344874,43.8701241],[-78.9345327,43.8701327],[-78.934636,43.8704054],[-78.9344188,43.8704024],[-78.9344874,43.8701241]]]},"properties":{"premiseId":"P-00367","address":"62 Saint Lawrence Street","premiseType":"residential"}},{"type":"Feature","id":"LOT-P-00368","geometry":{"type":"Polygon","coordinates":[[[-78.934493,43.8701014],[-78.9344874,43.8701241],[-78.9344188,43.8704024],[-78.9342325,43.8703368],[-78.9344468,43.8700729],[-78.934493,43.8701014]]]},"properties":{"premiseId":"P-00368","address":"68 Saint Lawrence Street","premiseType":"residential"}},{"type":"Feature","id":"LOT-P-00369","geometry":{"type":"Polygon","coordinates":[[[-78.9344409,43.8700802],[-78.9342325,43.8703368],[-78.9340489,43.8702546],[-78.9342667,43.8700021],[-78.9344409,43.8700802]]]},"properties":{"premiseId":"P-00369","address":"72 Saint Lawrence Street","premiseType":"residential"}},{"type":"Feature","id":"LOT-P-00370","geometry":{"type":"Polygon","coordinates":[[[-78.9329983,43.8707396],[-78.9329381,43.8706021],[-78.9332352,43.8705346],[-78.9332954,43.8706719],[-78.9329983,43.8707396]]]},"properties":{"premiseId":"P-00370","address":"90 Saint Lawrence Street","premiseType":"residential"}},{"type":"Feature","id":"LOT-P-00371","geometry":{"type":"Polygon","coordinates":[[[-78.9329985,43.8707395],[-78.9332954,43.8706719],[-78.9333598,43.8708191],[-78.9330631,43.8708866],[-78.9329985,43.8707395]]]},"properties":{"premiseId":"P-00371","address":"94 Saint Lawrence Street","premiseType":"residential"}},{"type":"Feature","id":"LOT-P-00372","geometry":{"type":"Polygon","coordinates":[[[-78.9330633,43.8708865],[-78.9333598,43.8708191],[-78.9334232,43.8709639],[-78.9331269,43.8710313],[-78.9330633,43.8708865]]]},"properties":{"premiseId":"P-00372","address":"98 Saint Lawrence Street","premiseType":"residential"}},{"type":"Feature","id":"LOT-P-00373","geometry":{"type":"Polygon","coordinates":[[[-78.9331927,43.8711808],[-78.9331271,43.8710312],[-78.9334232,43.8709639],[-78.9334699,43.8710704],[-78.9334888,43.8711133],[-78.9331927,43.8711808]]]},"properties":{"premiseId":"P-00373","address":"100 Saint Lawrence Street","premiseType":"residential"}},{"type":"Feature","id":"LOT-P-00374","geometry":{"type":"Polygon","coordinates":[[[-78.9332595,43.8713324],[-78.9331931,43.8711807],[-78.9334888,43.8711133],[-78.933508,43.8711571],[-78.9335553,43.8712652],[-78.9332595,43.8713324]]]},"properties":{"premiseId":"P-00374","address":"104 Saint Lawrence Street","premiseType":"residential"}},{"type":"Feature","id":"LOT-P-00375","geometry":{"type":"Polygon","coordinates":[[[-78.9333212,43.8714725],[-78.9332598,43.8713324],[-78.9335553,43.8712652],[-78.9336055,43.87138],[-78.9336166,43.8714053],[-78.9333212,43.8714725]]]},"properties":{"premiseId":"P-00375","address":"108 Saint Lawrence Street","premiseType":"residential"}},{"type":"Feature","id":"LOT-P-00376","geometry":{"type":"Polygon","coordinates":[[[-78.9333215,43.8714725],[-78.9336166,43.8714053],[-78.9336857,43.8715628],[-78.9333906,43.87163],[-78.9333215,43.8714725]]]},"properties":{"premiseId":"P-00376","address":"112 Saint Lawrence Street","premiseType":"residential"}},{"type":"Feature","id":"LOT-P-00377","geometry":{"type":"Polygon","coordinates":[[[-78.9356858,43.8669729],[-78.9358074,43.8672382],[-78.9353953,43.8673406],[-78.9352704,43.8670681],[-78.9356858,43.8669729]]]},"properties":{"premiseId":"P-00377","address":"14 Paisley Court","premiseType":"residential"}},{"type":"Feature","id":"LOT-P-00378","geometry":{"type":"Polygon","coordinates":[[[-78.9343307,43.8719101],[-78.9341964,43.8716158],[-78.9344007,43.8715674],[-78.9344529,43.871555],[-78.9345872,43.8718492],[-78.9343307,43.8719101]]]},"properties":{"premiseId":"P-00378","address":"3 Orchard Court","premiseType":"residential"}},{"type":"Feature","id":"LOT-P-00379","geometry":{"type":"Polygon","coordinates":[[[-78.9339672,43.8716694],[-78.9340216,43.8716573],[-78.9340234,43.8716568],[-78.9341964,43.8716158],[-78.9343194,43.8718855],[-78.9340844,43.8719404],[-78.9339672,43.8716694]]]},"properties":{"premiseId":"P-00379","address":"7 Orchard Court","premiseType":"residential"}},{"type":"Feature","id":"LOT-P-00380","geometry":{"type":"Polygon","coordinates":[[[-78.9337147,43.87263],[-78.9336464,43.8724706],[-78.9340407,43.8723819],[-78.9341093,43.8725424],[-78.9337147,43.87263]]]},"properties":{"premiseId":"P-00380","address":"138 Saint Lawrence Street","premiseType":"residential"}},{"type":"Feature","id":"LOT-P-00381","geometry":{"type":"Polygon","coordinates":[[[-78.9335785,43.8723103],[-78.9339714,43.8722219],[-78.9340111,43.8723137],[-78.9340407,43.8723819],[-78.9336476,43.8724703],[-78.9335785,43.8723103]]]},"properties":{"premiseId":"P-00381","address":"134 Saint Lawrence Street","premiseType":"residential"}},{"type":"Feature","id":"LOT-P-00382","geometry":{"type":"Polygon","coordinates":[[[-78.9338982,43.872053],[-78.9339714,43.8722219],[-78.9335979,43.8723059],[-78.9335248,43.872137],[-78.9338982,43.872053]]]},"properties":{"premiseId":"P-00382","address":"130 Saint Lawrence Street","premiseType":"residential"}},{"type":"Feature","id":"LOT-P-00383","geometry":{"type":"Polygon","coordinates":[[[-78.9335276,43.8719535],[-78.9338261,43.8718863],[-78.9338819,43.8720153],[-78.9338982,43.872053],[-78.9335998,43.8721201],[-78.9335276,43.8719535]]]},"properties":{"premiseId":"P-00383","address":"126 Saint Lawrence Street","premiseType":"residential"}},{"type":"Feature","id":"LOT-P-00384","geometry":{"type":"Polygon","coordinates":[[[-78.9334584,43.871783],[-78.9337527,43.8717168],[-78.9337978,43.8718211],[-78.9338261,43.8718863],[-78.9335318,43.8719525],[-78.9334584,43.871783]]]},"properties":{"premiseId":"P-00384","address":"120 Saint Lawrence Street","premiseType":"residential"}},{"type":"Feature","id":"LOT-P-00385","geometry":{"type":"Polygon","coordinates":[[[-78.934662,43.8722643],[-78.9347228,43.8724063],[-78.9343239,43.8724948],[-78.9343016,43.8724419],[-78.9343014,43.8724414],[-78.9342635,43.872354],[-78.934662,43.8722643]]]},"properties":{"premiseId":"P-00385","address":"137 Saint Lawrence Street","premiseType":"residential"}},{"type":"Feature","id":"LOT-P-00386","geometry":{"type":"Polygon","coordinates":[[[-78.9345723,43.8720897],[-78.9346492,43.8722672],[-78.9342635,43.872354],[-78.9342394,43.8722982],[-78.9341867,43.8721765],[-78.9345723,43.8720897]]]},"properties":{"premiseId":"P-00386","address":"133 Saint Lawrence Street","premiseType":"residential"}},{"type":"Feature","id":"LOT-P-00387","geometry":{"type":"Polygon","coordinates":[[[-78.9341867,43.8721765],[-78.9341173,43.8720163],[-78.9344917,43.8719322],[-78.9345609,43.8720922],[-78.9341867,43.8721765]]]},"properties":{"premiseId":"P-00387","address":"129 Saint Lawrence Street","premiseType":"residential"}},{"type":"Feature","id":"LOT-P-00388","geometry":{"type":"Polygon","coordinates":[[[-78.9343112,43.8730063],[-78.9341186,43.873049],[-78.9340008,43.8727732],[-78.9341935,43.8727305],[-78.9343112,43.8730063]]]},"properties":{"premiseId":"P-00388","address":"85 Burns Street East","premiseType":"residential"}},{"type":"Feature","id":"LOT-P-00389","geometry":{"type":"Polygon","coordinates":[[[-78.9335923,43.8723537],[-78.9337107,43.8726309],[-78.9335053,43.8726765],[-78.933387,43.8723993],[-78.9335923,43.8723537]]]},"properties":{"premiseId":"P-00389","address":"94 Burns Street East","premiseType":"residential"}},{"type":"Feature","id":"LOT-P-00390","geometry":{"type":"Polygon","coordinates":[[[-78.9335053,43.8726765],[-78.9332949,43.8727232],[-78.9332013,43.872504],[-78.9334118,43.8724573],[-78.9335053,43.8726765]]]},"properties":{"premiseId":"P-00390","address":"98 Burns Street East","premiseType":"residential"}},{"type":"Feature","id":"LOT-P-00391","geometry":{"type":"Polygon","coordinates":[[[-78.9330895,43.8727687],[-78.9330056,43.8725722],[-78.933211,43.8725267],[-78.9332949,43.8727232],[-78.9330962,43.8727673],[-78.9330895,43.8727687]]]},"properties":{"premiseId":"P-00391","address":"102 Burns Street East","premiseType":"residential"}},{"type":"Feature","id":"LOT-P-00392","geometry":{"type":"Polygon","coordinates":[[[-78.9328141,43.8726164],[-78.9329074,43.8725948],[-78.9330059,43.872573],[-78.9330895,43.8727687],[-78.9330794,43.872771],[-78.9328975,43.8728114],[-78.9328141,43.8726164]]]},"properties":{"premiseId":"P-00392","address":"106 Burns Street East","premiseType":"residential"}},{"type":"Feature","id":"LOT-P-00393","geometry":{"type":"Polygon","coordinates":[[[-78.9317245,43.8716957],[-78.9317831,43.8718295],[-78.931407,43.8719151],[-78.9313483,43.8717813],[-78.9317245,43.8716957]]]},"properties":{"premiseId":"P-00393","address":"64 Billings Street","premiseType":"residential"}},{"type":"Feature","id":"LOT-P-00394","geometry":{"type":"Polygon","coordinates":[[[-78.9312816,43.8716294],[-78.9316578,43.8715437],[-78.9316865,43.8716091],[-78.9317245,43.8716957],[-78.9313483,43.8717813],[-78.9313482,43.8717814],[-78.9312816,43.8716294]]]},"properties":{"premiseId":"P-00394","address":"60 Billings Street","premiseType":"residential"}},{"type":"Feature","id":"LOT-P-00395","geometry":{"type":"Polygon","coordinates":[[[-78.9312205,43.8714878],[-78.9315959,43.8714024],[-78.9316578,43.8715437],[-78.9312826,43.8716292],[-78.9312205,43.8714878]]]},"properties":{"premiseId":"P-00395","address":"56 Billings Street","premiseType":"residential"}},{"type":"Feature","id":"LOT-P-00396","geometry":{"type":"Polygon","coordinates":[[[-78.9311353,43.8713618],[-78.9315379,43.8712701],[-78.9315959,43.8714024],[-78.9311933,43.871494],[-78.9311353,43.8713618]]]},"properties":{"premiseId":"P-00396","address":"52 Billings Street","premiseType":"residential"}},{"type":"Feature","id":"LOT-P-00397","geometry":{"type":"Polygon","coordinates":[[[-78.9310877,43.8712236],[-78.9314785,43.8711346],[-78.9315379,43.8712701],[-78.931147,43.8713591],[-78.9310877,43.8712236]]]},"properties":{"premiseId":"P-00397","address":"48 Billings Street","premiseType":"residential"}},{"type":"Feature","id":"LOT-P-00398","geometry":{"type":"Polygon","coordinates":[[[-78.9310313,43.8710628],[-78.9314093,43.8709767],[-78.9314704,43.8711159],[-78.9314785,43.8711346],[-78.9311004,43.8712207],[-78.9310313,43.8710628]]]},"properties":{"premiseId":"P-00398","address":"44 Billings Street","premiseType":"residential"}},{"type":"Feature","id":"LOT-P-00399","geometry":{"type":"Polygon","coordinates":[[[-78.9309529,43.8709352],[-78.9311995,43.870879],[-78.9313305,43.8708503],[-78.9313329,43.8708498],[-78.9313518,43.8708453],[-78.9314093,43.8709767],[-78.9310108,43.8710674],[-78.9309529,43.8709352]]]},"properties":{"premiseId":"P-00399","address":"42 Billings Street","premiseType":"residential"}},{"type":"Feature","id":"LOT-P-00400","geometry":{"type":"Polygon","coordinates":[[[-78.9325645,43.8721292],[-78.9326271,43.872272],[-78.9322499,43.872358],[-78.9321873,43.872215],[-78.9325645,43.8721292]]]},"properties":{"premiseId":"P-00400","address":"77 Billings Street","premiseType":"residential"}},{"type":"Feature","id":"LOT-P-00401","geometry":{"type":"Polygon","coordinates":[[[-78.932597,43.8721218],[-78.9325645,43.8721292],[-78.9321873,43.872215],[-78.9321215,43.8720648],[-78.9325312,43.8719716],[-78.932597,43.8721218]]]},"properties":{"premiseId":"P-00401","address":"73 Billings Street","premiseType":"residential"}},{"type":"Feature","id":"LOT-P-00402","geometry":{"type":"Polygon","coordinates":[[[-78.9324529,43.8718422],[-78.9325114,43.8719761],[-78.9321215,43.8720648],[-78.9320682,43.8719432],[-78.9320628,43.8719311],[-78.9324529,43.8718422]]]},"properties":{"premiseId":"P-00402","address":"69 Billings Street","premiseType":"residential"}},{"type":"Feature","id":"LOT-P-00403","geometry":{"type":"Polygon","coordinates":[[[-78.932395,43.8716928],[-78.9324598,43.8718407],[-78.9320628,43.8719311],[-78.9320322,43.8718612],[-78.931998,43.8717832],[-78.932395,43.8716928]]]},"properties":{"premiseId":"P-00403","address":"65 Billings Street","premiseType":"residential"}},{"type":"Feature","id":"LOT-P-00404","geometry":{"type":"Polygon","coordinates":[[[-78.9323107,43.8715612],[-78.9323707,43.8716983],[-78.931998,43.8717832],[-78.9319857,43.871755],[-78.9319379,43.8716461],[-78.9323107,43.8715612]]]},"properties":{"premiseId":"P-00404","address":"63 Billings Street","premiseType":"residential"}},{"type":"Feature","id":"LOT-P-00405","geometry":{"type":"Polygon","coordinates":[[[-78.9323193,43.8715593],[-78.9323107,43.8715612],[-78.9319379,43.8716461],[-78.9318741,43.8715007],[-78.9322556,43.8714138],[-78.9323193,43.8715593]]]},"properties":{"premiseId":"P-00405","address":"59 Billings Street","premiseType":"residential"}},{"type":"Feature","id":"LOT-P-00406","geometry":{"type":"Polygon","coordinates":[[[-78.9322661,43.8714115],[-78.9318741,43.8715007],[-78.9318179,43.8713724],[-78.9322097,43.8712831],[-78.9322661,43.8714115]]]},"properties":{"premiseId":"P-00406","address":"55 Billings Street","premiseType":"residential"}},{"type":"Feature","id":"LOT-P-00407","geometry":{"type":"Polygon","coordinates":[[[-78.9321287,43.8711336],[-78.9321956,43.8712864],[-78.9318179,43.8713724],[-78.9317777,43.8712805],[-78.931751,43.8712197],[-78.9321287,43.8711336]]]},"properties":{"premiseId":"P-00407","address":"51 Billings Street","premiseType":"residential"}},{"type":"Feature","id":"LOT-P-00408","geometry":{"type":"Polygon","coordinates":[[[-78.9320805,43.8709887],[-78.9321427,43.8711305],[-78.9321287,43.8711336],[-78.931751,43.8712197],[-78.9317221,43.8711535],[-78.931689,43.8710779],[-78.9320805,43.8709887]]]},"properties":{"premiseId":"P-00408","address":"47 Billings Street","premiseType":"residential"}},{"type":"Feature","id":"LOT-P-00409","geometry":{"type":"Polygon","coordinates":[[[-78.9320278,43.8708366],[-78.9320932,43.8709858],[-78.931689,43.8710779],[-78.9316406,43.8709676],[-78.9316235,43.8709286],[-78.9320278,43.8708366]]]},"properties":{"premiseId":"P-00409","address":"43 Billings Street","premiseType":"residential"}},{"type":"Feature","id":"LOT-P-00410","geometry":{"type":"Polygon","coordinates":[[[-78.9319616,43.8707054],[-78.9320199,43.8708384],[-78.9316235,43.8709286],[-78.931605,43.8708862],[-78.9315652,43.8707957],[-78.9319616,43.8707054]]]},"properties":{"premiseId":"P-00410","address":"41 Billings Street","premiseType":"residential"}},{"type":"Feature","id":"LOT-P-00411","geometry":{"type":"Polygon","coordinates":[[[-78.932597,43.8721218],[-78.9325424,43.8719972],[-78.932739,43.8719519],[-78.9328583,43.8722214],[-78.9328233,43.8722294],[-78.9326414,43.8722714],[-78.9325771,43.8721263],[-78.932597,43.8721218]]]},"properties":{"premiseId":"P-00411","address":"11 Irwin Drive","premiseType":"residential"}},{"type":"Feature","id":"LOT-P-00412","geometry":{"type":"Polygon","coordinates":[[[-78.932938,43.8718722],[-78.9329975,43.8720069],[-78.9327849,43.8720558],[-78.932739,43.8719519],[-78.9325753,43.8719896],[-78.9325618,43.8719588],[-78.932938,43.8718722]]]},"properties":{"premiseId":"P-00412","address":"25 Irwin Drive","premiseType":"residential"}},{"type":"Feature","id":"LOT-P-00413","geometry":{"type":"Polygon","coordinates":[[[-78.9325448,43.8719628],[-78.9324841,43.8718258],[-78.9328773,43.8717352],[-78.9329118,43.8718132],[-78.932938,43.8718722],[-78.9325618,43.8719588],[-78.9325448,43.8719628]]]},"properties":{"premiseId":"P-00413","address":"29 Irwin Drive","premiseType":"residential"}},{"type":"Feature","id":"LOT-P-00414","geometry":{"type":"Polygon","coordinates":[[[-78.9324348,43.8716892],[-78.9328177,43.8716009],[-78.9328773,43.8717352],[-78.9324943,43.8718235],[-78.9324348,43.8716892]]]},"properties":{"premiseId":"P-00414","address":"33 Irwin Drive","premiseType":"residential"}},{"type":"Feature","id":"LOT-P-00415","geometry":{"type":"Polygon","coordinates":[[[-78.9323588,43.8715475],[-78.9327538,43.8714566],[-78.9328177,43.8716009],[-78.9324348,43.8716892],[-78.9324227,43.8716919],[-78.9323588,43.8715475]]]},"properties":{"premiseId":"P-00415","address":"37 Irwin Drive","premiseType":"residential"}},{"type":"Feature","id":"LOT-P-00416","geometry":{"type":"Polygon","coordinates":[[[-78.9322952,43.8713919],[-78.9326854,43.8713022],[-78.9327538,43.8714566],[-78.9323636,43.8715463],[-78.9322952,43.8713919]]]},"properties":{"premiseId":"P-00416","address":"41 Irwin Drive","premiseType":"residential"}},{"type":"Feature","id":"LOT-P-00417","geometry":{"type":"Polygon","coordinates":[[[-78.9322253,43.8712743],[-78.9326317,43.8711808],[-78.9326854,43.8713022],[-78.932279,43.8713957],[-78.9322253,43.8712743]]]},"properties":{"premiseId":"P-00417","address":"43 Irwin Drive","premiseType":"residential"}},{"type":"Feature","id":"LOT-P-00418","geometry":{"type":"Polygon","coordinates":[[[-78.9321812,43.871112],[-78.9325623,43.8710243],[-78.9325909,43.8710888],[-78.9326317,43.8711808],[-78.9322505,43.8712686],[-78.9321812,43.871112]]]},"properties":{"premiseId":"P-00418","address":"47 Irwin Drive","premiseType":"residential"}},{"type":"Feature","id":"LOT-P-00419","geometry":{"type":"Polygon","coordinates":[[[-78.93209,43.870971],[-78.9324972,43.8708774],[-78.9325476,43.8709909],[-78.9325623,43.8710243],[-78.9321551,43.871118],[-78.93209,43.870971]]]},"properties":{"premiseId":"P-00419","address":"51 Irwin Drive","premiseType":"residential"}},{"type":"Feature","id":"LOT-P-00420","geometry":{"type":"Polygon","coordinates":[[[-78.9324383,43.8707443],[-78.9324972,43.8708774],[-78.9321231,43.8709634],[-78.9320642,43.8708305],[-78.9324383,43.8707443]]]},"properties":{"premiseId":"P-00420","address":"55 Irwin Drive","premiseType":"residential"}},{"type":"Feature","id":"LOT-P-00421","geometry":{"type":"Polygon","coordinates":[[[-78.9319406,43.8704991],[-78.9323407,43.8704468],[-78.9323566,43.8705106],[-78.9323575,43.8705136],[-78.9323849,43.870603],[-78.9319879,43.8706663],[-78.9319406,43.8704991]]]},"properties":{"premiseId":"P-00421","address":"63 Irwin Drive","premiseType":"residential"}},{"type":"Feature","id":"LOT-P-00422","geometry":{"type":"Polygon","coordinates":[[[-78.9323077,43.8703152],[-78.9323407,43.8704468],[-78.931951,43.8704976],[-78.931918,43.8703659],[-78.9323077,43.8703152]]]},"properties":{"premiseId":"P-00422","address":"65 Irwin Drive","premiseType":"residential"}},{"type":"Feature","id":"LOT-P-00423","geometry":{"type":"Polygon","coordinates":[[[-78.9318846,43.8701829],[-78.9322849,43.8701557],[-78.9323032,43.8702959],[-78.9323044,43.8703026],[-78.9323077,43.8703152],[-78.9319122,43.8703668],[-78.9318846,43.8701829]]]},"properties":{"premiseId":"P-00423","address":"69 Irwin Drive","premiseType":"residential"}},{"type":"Feature","id":"LOT-P-00424","geometry":{"type":"Polygon","coordinates":[[[-78.9318655,43.8700587],[-78.9322609,43.8700082],[-78.9322849,43.8701557],[-78.931885,43.8701829],[-78.9318655,43.8700587]]]},"properties":{"premiseId":"P-00424","address":"73 Irwin Drive","premiseType":"residential"}},{"type":"Feature","id":"LOT-P-00425","geometry":{"type":"Polygon","coordinates":[[[-78.9318427,43.8700617],[-78.9318199,43.8699611],[-78.9322237,43.8698661],[-78.9322609,43.8700082],[-78.9318655,43.8700587],[-78.9318427,43.8700617]]]},"properties":{"premiseId":"P-00425","address":"77 Irwin Drive","premiseType":"residential"}},{"type":"Feature","id":"LOT-P-00426","geometry":{"type":"Polygon","coordinates":[[[-78.9317598,43.8698138],[-78.9321578,43.8697202],[-78.9322237,43.8698661],[-78.9318258,43.8699597],[-78.9317598,43.8698138]]]},"properties":{"premiseId":"P-00426","address":"81 Irwin Drive","premiseType":"residential"}},{"type":"Feature","id":"LOT-P-00427","geometry":{"type":"Polygon","coordinates":[[[-78.9320957,43.8695831],[-78.9321301,43.8696592],[-78.9321578,43.8697202],[-78.9317752,43.8698101],[-78.9317133,43.869673],[-78.9320957,43.8695831]]]},"properties":{"premiseId":"P-00427","address":"85 Irwin Drive","premiseType":"residential"}},{"type":"Feature","id":"LOT-P-00428","geometry":{"type":"Polygon","coordinates":[[[-78.9320366,43.8694525],[-78.9320957,43.8695831],[-78.9317214,43.869671],[-78.9316623,43.8695404],[-78.9320366,43.8694525]]]},"properties":{"premiseId":"P-00428","address":"87 Irwin Drive","premiseType":"residential"}},{"type":"Feature","id":"LOT-P-00429","geometry":{"type":"Polygon","coordinates":[[[-78.931968,43.8693006],[-78.9320366,43.8694525],[-78.9316385,43.869546],[-78.9315698,43.8693942],[-78.931968,43.8693006]]]},"properties":{"premiseId":"P-00429","address":"91 Irwin Drive","premiseType":"residential"}},{"type":"Feature","id":"LOT-P-00430","geometry":{"type":"Polygon","coordinates":[[[-78.9312946,43.8696599],[-78.9312159,43.8693628],[-78.9314116,43.8693359],[-78.9314903,43.8696329],[-78.9312946,43.8696599]]]},"properties":{"premiseId":"P-00430","address":"109 Irwin Drive","premiseType":"residential"}},{"type":"Feature","id":"LOT-P-00431","geometry":{"type":"Polygon","coordinates":[[[-78.9310351,43.8693877],[-78.9312159,43.8693628],[-78.9312835,43.869618],[-78.9311438,43.8696372],[-78.9310351,43.8693877]]]},"properties":{"premiseId":"P-00431","address":"113 Irwin Drive","premiseType":"residential"}},{"type":"Feature","id":"LOT-P-00432","geometry":{"type":"Polygon","coordinates":[[[-78.9329116,43.8723789],[-78.932998,43.872574],[-78.9328064,43.8726181],[-78.9327199,43.872423],[-78.9327426,43.8724178],[-78.9329116,43.8723789]]]},"properties":{"premiseId":"P-00432","address":"12 Irwin Drive","premiseType":"residential"}},{"type":"Feature","id":"LOT-P-00433","geometry":{"type":"Polygon","coordinates":[[[-78.9335077,43.8718968],[-78.9335318,43.8719525],[-78.9335276,43.8719535],[-78.9335461,43.8719963],[-78.9332577,43.8720627],[-78.9331977,43.871927],[-78.9334911,43.8718595],[-78.9335077,43.8718968]]]},"properties":{"premiseId":"P-00433","address":"24 Irwin Drive","premiseType":"residential"}},{"type":"Feature","id":"LOT-P-00434","geometry":{"type":"Polygon","coordinates":[[[-78.9334775,43.8718274],[-78.9334914,43.8718594],[-78.9334911,43.8718595],[-78.9331977,43.871927],[-78.933135,43.8717855],[-78.9334289,43.8717177],[-78.9334775,43.8718274]]]},"properties":{"premiseId":"P-00434","address":"28 Irwin Drive","premiseType":"residential"}},{"type":"Feature","id":"LOT-P-00435","geometry":{"type":"Polygon","coordinates":[[[-78.9333757,43.8715962],[-78.9333906,43.87163],[-78.9333907,43.8716299],[-78.9334296,43.8717176],[-78.933135,43.8717855],[-78.9330678,43.8716339],[-78.9333624,43.8715661],[-78.9333757,43.8715962]]]},"properties":{"premiseId":"P-00435","address":"32 Irwin Drive","premiseType":"residential"}},{"type":"Feature","id":"LOT-P-00436","geometry":{"type":"Polygon","coordinates":[[[-78.9333077,43.8714418],[-78.9333126,43.8714529],[-78.9333212,43.8714725],[-78.9333213,43.8714725],[-78.9333456,43.8715272],[-78.9333625,43.8715661],[-78.9333624,43.8715661],[-78.9330678,43.8716339],[-78.9330466,43.8715861],[-78.9330127,43.8715097],[-78.9333077,43.8714418]]]},"properties":{"premiseId":"P-00436","address":"34 Irwin Drive","premiseType":"residential"}},{"type":"Feature","id":"LOT-P-00437","geometry":{"type":"Polygon","coordinates":[[[-78.9332428,43.8712946],[-78.9332505,43.871312],[-78.9332595,43.8713324],[-78.9332596,43.8713324],[-78.9332829,43.871385],[-78.9333077,43.8714418],[-78.9330127,43.8715097],[-78.932968,43.8714086],[-78.9329476,43.8713626],[-78.9332428,43.8712946]]]},"properties":{"premiseId":"P-00437","address":"38 Irwin Drive","premiseType":"residential"}},{"type":"Feature","id":"LOT-P-00438","geometry":{"type":"Polygon","coordinates":[[[-78.9331853,43.871164],[-78.9331927,43.8711808],[-78.9331928,43.8711808],[-78.9332187,43.8712393],[-78.9332429,43.8712946],[-78.9332428,43.8712946],[-78.9329476,43.8713626],[-78.9328839,43.8712188],[-78.9331795,43.8711508],[-78.9331853,43.871164]]]},"properties":{"premiseId":"P-00438","address":"42 Irwin Drive","premiseType":"residential"}},{"type":"Feature","id":"LOT-P-00439","geometry":{"type":"Polygon","coordinates":[[[-78.9331198,43.8710152],[-78.9331269,43.8710313],[-78.9331523,43.8710887],[-78.9331795,43.8711508],[-78.9328839,43.8712188],[-78.9328142,43.8710616],[-78.9331102,43.8709935],[-78.9331198,43.8710152]]]},"properties":{"premiseId":"P-00439","address":"46 Irwin Drive","premiseType":"residential"}},{"type":"Feature","id":"LOT-P-00440","geometry":{"type":"Polygon","coordinates":[[[-78.9330562,43.8708711],[-78.9330631,43.8708866],[-78.9330885,43.870944],[-78.9331102,43.8709935],[-78.9328142,43.8710616],[-78.9327578,43.8709341],[-78.933054,43.8708659],[-78.9330562,43.8708711]]]},"properties":{"premiseId":"P-00440","address":"50 Irwin Drive","premiseType":"residential"}},{"type":"Feature","id":"LOT-P-00441","geometry":{"type":"Polygon","coordinates":[[[-78.9329868,43.8707136],[-78.932994,43.87073],[-78.9329983,43.8707395],[-78.9329983,43.8707396],[-78.9330256,43.8708011],[-78.933054,43.8708659],[-78.9327578,43.8709341],[-78.9327403,43.8708948],[-78.9326904,43.8707819],[-78.9329868,43.8707136]]]},"properties":{"premiseId":"P-00441","address":"54 Irwin Drive","premiseType":"residential"}},{"type":"Feature","id":"LOT-P-00442","geometry":{"type":"Polygon","coordinates":[[[-78.932962,43.8706567],[-78.9329869,43.8707136],[-78.9329868,43.8707136],[-78.9326904,43.8707819],[-78.9326282,43.8706415],[-78.932925,43.8705732],[-78.932962,43.8706567]]]},"properties":{"premiseId":"P-00442","address":"58 Irwin Drive","premiseType":"residential"}},{"type":"Feature","id":"LOT-P-00443","geometry":{"type":"Polygon","coordinates":[[[-78.9329063,43.8704501],[-78.9329431,43.8705691],[-78.932925,43.8705732],[-78.9326282,43.8706415],[-78.9325836,43.8705016],[-78.9329063,43.8704501]]]},"properties":{"premiseId":"P-00443","address":"62 Irwin Drive","premiseType":"residential"}},{"type":"Feature","id":"LOT-P-00444","geometry":{"type":"Polygon","coordinates":[[[-78.9329244,43.8702926],[-78.9329626,43.8704411],[-78.9329063,43.8704501],[-78.9325836,43.8705016],[-78.9325424,43.8703424],[-78.9329244,43.8702926]]]},"properties":{"premiseId":"P-00444","address":"64 Irwin Drive","premiseType":"residential"}},{"type":"Feature","id":"LOT-P-00445","geometry":{"type":"Polygon","coordinates":[[[-78.9329119,43.8701679],[-78.9329345,43.8702913],[-78.9329244,43.8702926],[-78.9325424,43.8703424],[-78.9325153,43.8701948],[-78.9329119,43.8701679]]]},"properties":{"premiseId":"P-00445","address":"68 Irwin Drive","premiseType":"residential"}},{"type":"Feature","id":"LOT-P-00446","geometry":{"type":"Polygon","coordinates":[[[-78.9329327,43.8701664],[-78.9329119,43.8701679],[-78.9325153,43.8701948],[-78.9324951,43.8700413],[-78.9329126,43.8700129],[-78.9329327,43.8701664]]]},"properties":{"premiseId":"P-00446","address":"72 Irwin Drive","premiseType":"residential"}},{"type":"Feature","id":"LOT-P-00447","geometry":{"type":"Polygon","coordinates":[[[-78.9324951,43.8700413],[-78.9324936,43.8700294],[-78.9324924,43.870023],[-78.9324648,43.8699109],[-78.9328537,43.8698612],[-78.9328883,43.8700145],[-78.9324951,43.8700413]]]},"properties":{"premiseId":"P-00447","address":"76 Irwin Drive","premiseType":"residential"}},{"type":"Feature","id":"LOT-P-00448","geometry":{"type":"Polygon","coordinates":[[[-78.9327253,43.8695288],[-78.9327849,43.8696608],[-78.932407,43.8697496],[-78.9323473,43.8696177],[-78.9327253,43.8695288]]]},"properties":{"premiseId":"P-00448","address":"84 Irwin Drive","premiseType":"residential"}},{"type":"Feature","id":"LOT-P-00449","geometry":{"type":"Polygon","coordinates":[[[-78.9327373,43.869526],[-78.9323473,43.8696177],[-78.9322757,43.8694593],[-78.9326657,43.8693676],[-78.9327373,43.869526]]]},"properties":{"premiseId":"P-00449","address":"88 Irwin Drive","premiseType":"residential"}},{"type":"Feature","id":"LOT-P-00450","geometry":{"type":"Polygon","coordinates":[[[-78.9326511,43.869371],[-78.9322757,43.8694593],[-78.9322203,43.8693368],[-78.9325958,43.8692485],[-78.9326511,43.869371]]]},"properties":{"premiseId":"P-00450","address":"90 Irwin Drive","premiseType":"residential"}},{"type":"Feature","id":"LOT-P-00451","geometry":{"type":"Polygon","coordinates":[[[-78.9325958,43.8692486],[-78.9322203,43.8693368],[-78.9321599,43.8692033],[-78.9321518,43.8691855],[-78.9325272,43.8690973],[-78.9325958,43.8692486]]]},"properties":{"premiseId":"P-00451","address":"94 Irwin Drive","premiseType":"residential"}},{"type":"Feature","id":"LOT-P-00452","geometry":{"type":"Polygon","coordinates":[[[-78.9315997,43.8691355],[-78.9314785,43.8688476],[-78.9316799,43.8688035],[-78.9318011,43.8690915],[-78.9316425,43.8691262],[-78.9315997,43.8691355]]]},"properties":{"premiseId":"P-00452","address":"102 Irwin Drive","premiseType":"residential"}},{"type":"Feature","id":"LOT-P-00453","geometry":{"type":"Polygon","coordinates":[[[-78.9312147,43.8705392],[-78.9312832,43.8706911],[-78.9312456,43.8706999],[-78.9308921,43.8707774],[-78.9308258,43.8706304],[-78.9312147,43.8705392]]]},"properties":{"premiseId":"P-00453","address":"34 Billings Street","premiseType":"residential"}},{"type":"Feature","id":"LOT-P-00454","geometry":{"type":"Polygon","coordinates":[[[-78.9307127,43.8702419],[-78.931126,43.8702035],[-78.9311515,43.8703469],[-78.9311531,43.8703534],[-78.9311574,43.8703681],[-78.9307499,43.8704305],[-78.9307127,43.8702419]]]},"properties":{"premiseId":"P-00454","address":"26 Billings Street","premiseType":"residential"}},{"type":"Feature","id":"LOT-P-00455","geometry":{"type":"Polygon","coordinates":[[[-78.9310817,43.8700452],[-78.931126,43.8702035],[-78.9307226,43.8702409],[-78.930684,43.8701064],[-78.9310817,43.8700452]]]},"properties":{"premiseId":"P-00455","address":"22 Billings Street","premiseType":"residential"}},{"type":"Feature","id":"LOT-P-00456","geometry":{"type":"Polygon","coordinates":[[[-78.9306494,43.8699941],[-78.9310269,43.8699087],[-78.9310817,43.8700452],[-78.9306947,43.8701048],[-78.9306494,43.8699941]]]},"properties":{"premiseId":"P-00456","address":"18 Billings Street","premiseType":"residential"}},{"type":"Feature","id":"LOT-P-00457","geometry":{"type":"Polygon","coordinates":[[[-78.9305822,43.8698317],[-78.9309565,43.8697469],[-78.9309876,43.8698185],[-78.9310269,43.8699087],[-78.9306526,43.8699934],[-78.9305822,43.8698317]]]},"properties":{"premiseId":"P-00457","address":"14 Billings Street","premiseType":"residential"}},{"type":"Feature","id":"LOT-P-00458","geometry":{"type":"Polygon","coordinates":[[[-78.9305112,43.8696718],[-78.9308867,43.8695868],[-78.9309565,43.8697469],[-78.930581,43.869832],[-78.9305112,43.8696718]]]},"properties":{"premiseId":"P-00458","address":"10 Billings Street","premiseType":"residential"}},{"type":"Feature","id":"LOT-P-00459","geometry":{"type":"Polygon","coordinates":[[[-78.9304284,43.8695167],[-78.9308178,43.8694286],[-78.9308543,43.8695124],[-78.9308867,43.8695868],[-78.9304973,43.869675],[-78.9304284,43.8695167]]]},"properties":{"premiseId":"P-00459","address":"6 Billings Street","premiseType":"residential"}},{"type":"Feature","id":"LOT-P-00460","geometry":{"type":"Polygon","coordinates":[[[-78.9318207,43.8703909],[-78.9318917,43.8705485],[-78.9314964,43.8706411],[-78.9314254,43.8704835],[-78.9318207,43.8703909]]]},"properties":{"premiseId":"P-00460","address":"33 Billings Street","premiseType":"residential"}},{"type":"Feature","id":"LOT-P-00461","geometry":{"type":"Polygon","coordinates":[[[-78.9317793,43.8702682],[-78.9318179,43.8703915],[-78.9314254,43.8704835],[-78.9313756,43.8703301],[-78.9317793,43.8702682]]]},"properties":{"premiseId":"P-00461","address":"29 Billings Street","premiseType":"residential"}},{"type":"Feature","id":"LOT-P-00462","geometry":{"type":"Polygon","coordinates":[[[-78.9317366,43.8701376],[-78.93176,43.8702712],[-78.9313756,43.8703301],[-78.9313468,43.8701738],[-78.9317366,43.8701376]]]},"properties":{"premiseId":"P-00462","address":"25 Billings Street","premiseType":"residential"}},{"type":"Feature","id":"LOT-P-00463","geometry":{"type":"Polygon","coordinates":[[[-78.9317366,43.8701376],[-78.9313468,43.8701738],[-78.9313439,43.8701572],[-78.9313423,43.8701506],[-78.9313007,43.8700103],[-78.9316966,43.8699494],[-78.9317483,43.8701365],[-78.9317366,43.8701376]]]},"properties":{"premiseId":"P-00463","address":"21 Billings Street","premiseType":"residential"}},{"type":"Feature","id":"LOT-P-00464","geometry":{"type":"Polygon","coordinates":[[[-78.9312293,43.8698335],[-78.9311696,43.8696963],[-78.9313862,43.8696472],[-78.9314903,43.8696329],[-78.931488,43.8696242],[-78.9315589,43.8696081],[-78.9316187,43.8697454],[-78.9312293,43.8698335]]]},"properties":{"premiseId":"P-00464","address":"13 Billings Street","premiseType":"residential"}},{"type":"Feature","id":"LOT-P-00465","geometry":{"type":"Polygon","coordinates":[[[-78.9308425,43.8712642],[-78.930724,43.8709832],[-78.9309326,43.8709375],[-78.9310511,43.8712185],[-78.9308425,43.8712642]]]},"properties":{"premiseId":"P-00465","address":"11 Glenmore Drive","premiseType":"residential"}},{"type":"Feature","id":"LOT-P-00466","geometry":{"type":"Polygon","coordinates":[[[-78.9306418,43.8712971],[-78.9305277,43.8710261],[-78.9306939,43.8709897],[-78.930724,43.8709832],[-78.9308382,43.8712541],[-78.9306418,43.8712971]]]},"properties":{"premiseId":"P-00466","address":"15 Glenmore Drive","premiseType":"residential"}},{"type":"Feature","id":"LOT-P-00467","geometry":{"type":"Polygon","coordinates":[[[-78.9305589,43.8705405],[-78.9307432,43.8705002],[-78.9308628,43.8707838],[-78.9306784,43.8708242],[-78.9305589,43.8705405]]]},"properties":{"premiseId":"P-00467","address":"12 Glenmore Drive","premiseType":"residential"}},{"type":"Feature","id":"LOT-P-00468","geometry":{"type":"Polygon","coordinates":[[[-78.9304625,43.8708645],[-78.9304597,43.8708573],[-78.9304157,43.8707604],[-78.9303463,43.8705959],[-78.9305622,43.8705486],[-78.9306784,43.8708242],[-78.9304872,43.870866],[-78.9304645,43.870871],[-78.9304625,43.8708645]]]},"properties":{"premiseId":"P-00468","address":"16 Glenmore Drive","premiseType":"residential"}},{"type":"Feature","id":"LOT-P-00469","geometry":{"type":"Polygon","coordinates":[[[-78.930353,43.869465],[-78.9305772,43.869441],[-78.9305854,43.8694811],[-78.9304284,43.8695167],[-78.9304973,43.869675],[-78.9305112,43.8696718],[-78.9305436,43.8697462],[-78.930414,43.8697601],[-78.930353,43.869465]]]},"properties":{"premiseId":"P-00469","address":"125 Irwin Drive","premiseType":"residential"}},{"type":"Feature","id":"LOT-P-00470","geometry":{"type":"Polygon","coordinates":[[[-78.9301454,43.8694874],[-78.930353,43.869465],[-78.9304165,43.8697723],[-78.9302089,43.8697946],[-78.9301454,43.8694874]]]},"properties":{"premiseId":"P-00470","address":"129 Irwin Drive","premiseType":"residential"}},{"type":"Feature","id":"LOT-P-00471","geometry":{"type":"Polygon","coordinates":[[[-78.9299327,43.869534],[-78.9299271,43.8695108],[-78.9301454,43.8694874],[-78.9302059,43.8697802],[-78.9300112,43.8698013],[-78.9299327,43.869534]]]},"properties":{"premiseId":"P-00471","address":"133 Irwin Drive","premiseType":"residential"}},{"type":"Feature","id":"LOT-P-00472","geometry":{"type":"Polygon","coordinates":[[[-78.9304668,43.8689887],[-78.9304678,43.8689936],[-78.9305277,43.8692828],[-78.9303106,43.8693061],[-78.9302498,43.8690119],[-78.9304668,43.8689887]]]},"properties":{"premiseId":"P-00472","address":"126 Irwin Drive","premiseType":"residential"}},{"type":"Feature","id":"LOT-P-00473","geometry":{"type":"Polygon","coordinates":[[[-78.9302493,43.8690099],[-78.9302498,43.8690119],[-78.9303106,43.8693061],[-78.9301045,43.8693282],[-78.9300432,43.869032],[-78.9302493,43.8690099]]]},"properties":{"premiseId":"P-00473","address":"130 Irwin Drive","premiseType":"residential"}},{"type":"Feature","id":"LOT-P-00474","geometry":{"type":"Polygon","coordinates":[[[-78.9300466,43.8690485],[-78.9301045,43.8693282],[-78.9298898,43.8693514],[-78.9298319,43.8690716],[-78.9300466,43.8690485]]]},"properties":{"premiseId":"P-00474","address":"134 Irwin Drive","premiseType":"residential"}},{"type":"Feature","id":"LOT-P-00475","geometry":{"type":"Polygon","coordinates":[[[-78.9306567,43.8702949],[-78.9307278,43.8704515],[-78.9303191,43.870548],[-78.9302479,43.8703915],[-78.9306567,43.8702949]]]},"properties":{"premiseId":"P-00475","address":"27 Milne Street","premiseType":"residential"}},{"type":"Feature","id":"LOT-P-00476","geometry":{"type":"Polygon","coordinates":[[[-78.9306248,43.8703024],[-78.9302479,43.8703915],[-78.9301767,43.8702346],[-78.9305535,43.8701457],[-78.9306248,43.8703024]]]},"properties":{"premiseId":"P-00476","address":"23 Milne Street","premiseType":"residential"}},{"type":"Feature","id":"LOT-P-00477","geometry":{"type":"Polygon","coordinates":[[[-78.9300408,43.8699003],[-78.9304372,43.8698194],[-78.930509,43.8700023],[-78.9301125,43.8700831],[-78.9300731,43.8699825],[-78.9300408,43.8699003]]]},"properties":{"premiseId":"P-00477","address":"15 Milne Street","premiseType":"residential"}},{"type":"Feature","id":"LOT-P-00478","geometry":{"type":"Polygon","coordinates":[[[-78.9294528,43.8690679],[-78.9297038,43.8690745],[-78.9296893,43.8693604],[-78.9294383,43.8693537],[-78.9294528,43.8690679]]]},"properties":{"premiseId":"P-00478","address":"142 Irwin Drive","premiseType":"residential"}},{"type":"Feature","id":"LOT-P-00479","geometry":{"type":"Polygon","coordinates":[[[-78.9296209,43.8688728],[-78.9296554,43.8689588],[-78.9292733,43.8690408],[-78.9292257,43.8689109],[-78.9296209,43.8688728]]]},"properties":{"premiseId":"P-00479","address":"23 Garden Street South","premiseType":"residential"}},{"type":"Feature","id":"LOT-P-00480","geometry":{"type":"Polygon","coordinates":[[[-78.9295818,43.8687003],[-78.9296139,43.8688735],[-78.9292257,43.8689109],[-78.9292221,43.8688916],[-78.9291936,43.8687378],[-78.9295818,43.8687003]]]},"properties":{"premiseId":"P-00480","address":"19 Garden Street South","premiseType":"residential"}},{"type":"Feature","id":"LOT-P-00481","geometry":{"type":"Polygon","coordinates":[[[-78.9438813,43.8698936],[-78.9439463,43.8700419],[-78.943559,43.87013],[-78.9434941,43.8699816],[-78.9438813,43.8698936]]]},"properties":{"premiseId":"P-00481","address":"119 Henry Street","premiseType":"commercial"}},{"type":"Feature","id":"LOT-P-00482","geometry":{"type":"Polygon","coordinates":[[[-78.9427762,43.8672806],[-78.942748,43.8672858],[-78.94237,43.8673571],[-78.9423154,43.8672065],[-78.9427216,43.86713],[-78.9427762,43.8672806]]]},"properties":{"premiseId":"P-00482","address":"47 Henry Street","premiseType":"commercial"}},{"type":"Feature","id":"LOT-P-00483","geometry":{"type":"Polygon","coordinates":[[[-78.9423154,43.8672065],[-78.9422839,43.8671195],[-78.9422829,43.8671169],[-78.9422629,43.8670661],[-78.942639,43.8669894],[-78.9426936,43.8671353],[-78.9423154,43.8672065]]]},"properties":{"premiseId":"P-00483","address":"43 Henry Street","premiseType":"commercial"}},{"type":"Feature","id":"LOT-P-00484","geometry":{"type":"Polygon","coordinates":[[[-78.9422629,43.8670661],[-78.942209,43.8669286],[-78.9422082,43.8669266],[-78.9422052,43.8669196],[-78.9425842,43.8668376],[-78.9426436,43.8669884],[-78.9422629,43.8670661]]]},"properties":{"premiseId":"P-00484","address":"41 Henry Street","premiseType":"commercial"}},{"type":"Feature","id":"LOT-P-00485","geometry":{"type":"Polygon","coordinates":[[[-78.9426163,43.8668306],[-78.9425842,43.8668376],[-78.9422052,43.8669196],[-78.9421358,43.8667528],[-78.9425468,43.8666639],[-78.9426163,43.8668306]]]},"properties":{"premiseId":"P-00485","address":"37 Henry Street","premiseType":"commercial"}},{"type":"Feature","id":"LOT-P-00486","geometry":{"type":"Polygon","coordinates":[[[-78.9424753,43.8665321],[-78.9425315,43.8666672],[-78.9421358,43.8667528],[-78.9421035,43.8666752],[-78.9420795,43.8666177],[-78.9424753,43.8665321]]]},"properties":{"premiseId":"P-00486","address":"33 Henry Street","premiseType":"commercial"}},{"type":"Feature","id":"LOT-P-00487","geometry":{"type":"Polygon","coordinates":[[[-78.9424753,43.8665321],[-78.9420795,43.8666177],[-78.9420637,43.8665796],[-78.9420613,43.8665744],[-78.9420073,43.8664615],[-78.942007,43.8664608],[-78.9424025,43.8663624],[-78.9424804,43.866531],[-78.9424753,43.8665321]]]},"properties":{"premiseId":"P-00487","address":"29 Henry Street","premiseType":"commercial"}},{"type":"Feature","id":"LOT-P-00488","geometry":{"type":"Polygon","coordinates":[[[-78.9423181,43.8662378],[-78.9423804,43.8663678],[-78.942007,43.8664608],[-78.9420052,43.866457],[-78.9419447,43.8663308],[-78.9423181,43.8662378]]]},"properties":{"premiseId":"P-00488","address":"25 Henry Street","premiseType":"commercial"}},{"type":"Feature","id":"LOT-P-00489","geometry":{"type":"Polygon","coordinates":[[[-78.9389989,43.8711451],[-78.9392123,43.8710981],[-78.9393283,43.8713717],[-78.9391151,43.8714187],[-78.9389989,43.8711451]]]},"properties":{"premiseId":"P-00489","address":"11 Burns Street West","premiseType":"commercial"}},{"type":"Feature","id":"LOT-P-00490","geometry":{"type":"Polygon","coordinates":[[[-78.9390905,43.8714241],[-78.9389082,43.8714671],[-78.9387799,43.871184],[-78.9389942,43.8711339],[-78.9389989,43.8711451],[-78.9391151,43.8714187],[-78.939093,43.8714235],[-78.9390905,43.8714241]]]},"properties":{"premiseId":"P-00490","address":"7 Burns Street West","premiseType":"commercial"}},{"type":"Feature","id":"LOT-P-00491","geometry":{"type":"Polygon","coordinates":[[[-78.9383704,43.8724195],[-78.9387575,43.8723323],[-78.9388155,43.8724659],[-78.9388204,43.8724772],[-78.9384332,43.8725644],[-78.9383704,43.8724195]]]},"properties":{"premiseId":"P-00491","address":"290 Brock Street South","premiseType":"commercial"}},{"type":"Feature","id":"LOT-P-00492","geometry":{"type":"Polygon","coordinates":[[[-78.9383092,43.8722746],[-78.938695,43.8721877],[-78.9387575,43.8723323],[-78.9383719,43.8724191],[-78.9383092,43.8722746]]]},"properties":{"premiseId":"P-00492","address":"286 Brock Street South","premiseType":"commercial"}},{"type":"Feature","id":"LOT-P-00493","geometry":{"type":"Polygon","coordinates":[[[-78.938258,43.872139],[-78.9386369,43.8720537],[-78.938695,43.8721877],[-78.938316,43.8722731],[-78.938258,43.872139]]]},"properties":{"premiseId":"P-00493","address":"282 Brock Street South","premiseType":"commercial"}},{"type":"Feature","id":"LOT-P-00494","geometry":{"type":"Polygon","coordinates":[[[-78.9394435,43.8720202],[-78.9395091,43.8721716],[-78.939506,43.8721723],[-78.9391178,43.8722597],[-78.9390601,43.8721265],[-78.9390521,43.8721083],[-78.9394435,43.8720202]]]},"properties":{"premiseId":"P-00494","address":"285 Brock Street South","premiseType":"commercial"}},{"type":"Feature","id":"LOT-P-00495","geometry":{"type":"Polygon","coordinates":[[[-78.9394271,43.8720239],[-78.9390521,43.8721083],[-78.9389931,43.8719717],[-78.9393679,43.8718872],[-78.9394271,43.8720239]]]},"properties":{"premiseId":"P-00495","address":"281 Brock Street South","premiseType":"commercial"}},{"type":"Feature","id":"LOT-P-00496","geometry":{"type":"Polygon","coordinates":[[[-78.9378804,43.8713703],[-78.9377998,43.8711959],[-78.938208,43.8710977],[-78.9382519,43.8711924],[-78.9382886,43.871272],[-78.9378804,43.8713703]]]},"properties":{"premiseId":"P-00496","address":"258 Brock Street South","premiseType":"commercial"}},{"type":"Feature","id":"LOT-P-00497","geometry":{"type":"Polygon","coordinates":[[[-78.9377939,43.8711486],[-78.9378759,43.8711303],[-78.9378733,43.8711242],[-78.9380783,43.8710782],[-78.9380296,43.8709655],[-78.9381411,43.870942],[-78.9381762,43.8710287],[-78.9381783,43.8710337],[-78.938208,43.8710977],[-78.9378129,43.8711928],[-78.9377939,43.8711486]]]},"properties":{"premiseId":"P-00497","address":"254 Brock Street South","premiseType":"commercial"}},{"type":"Feature","id":"LOT-P-00498","geometry":{"type":"Polygon","coordinates":[[[-78.9385675,43.8710231],[-78.9389508,43.8709309],[-78.9390266,43.8710946],[-78.9386433,43.8711867],[-78.9386422,43.8711843],[-78.9385675,43.8710231]]]},"properties":{"premiseId":"P-00498","address":"257 Brock Street South","premiseType":"commercial"}},{"type":"Feature","id":"LOT-P-00499","geometry":{"type":"Polygon","coordinates":[[[-78.9388856,43.8707838],[-78.9389492,43.8709313],[-78.9385675,43.8710231],[-78.9384993,43.870865],[-78.9388856,43.8707838]]]},"properties":{"premiseId":"P-00499","address":"253 Brock Street South","premiseType":"commercial"}},{"type":"Feature","id":"LOT-P-00500","geometry":{"type":"Polygon","coordinates":[[[-78.9384287,43.8706906],[-78.9388363,43.8706048],[-78.938907,43.8707793],[-78.9388856,43.8707838],[-78.9384993,43.870865],[-78.9384919,43.8708464],[-78.9384287,43.8706906]]]},"properties":{"premiseId":"P-00500","address":"247 Brock Street South","premiseType":"commercial"}},{"type":"Feature","id":"LOT-P-00501","geometry":{"type":"Polygon","coordinates":[[[-78.9382871,43.8721245],[-78.9381717,43.8718492],[-78.9383787,43.8718041],[-78.9384942,43.8720794],[-78.9382871,43.8721245]]]},"properties":{"premiseId":"P-00501","address":"7 Burns Street East","premiseType":"commercial"}},{"type":"Feature","id":"LOT-P-00502","geometry":{"type":"Polygon","coordinates":[[[-78.9380869,43.8721614],[-78.9380876,43.8721612],[-78.9380263,43.8720173],[-78.9380244,43.8720178],[-78.9379707,43.8718942],[-78.9381717,43.8718492],[-78.9382885,43.8721276],[-78.9380914,43.8721717],[-78.9380869,43.8721614]]]},"properties":{"premiseId":"P-00502","address":"11 Burns Street East","premiseType":"commercial"}},{"type":"Feature","id":"LOT-P-00503","geometry":{"type":"Polygon","coordinates":[[[-78.9376419,43.8702397],[-78.9376004,43.8701352],[-78.9377796,43.8700954],[-78.9378704,43.8703081],[-78.9374856,43.8703936],[-78.9374385,43.8702833],[-78.9376419,43.8702397]]]},"properties":{"premiseId":"P-00503","address":"232 Brock Street South","premiseType":"commercial"}},{"type":"Feature","id":"LOT-P-00504","geometry":{"type":"Polygon","coordinates":[[[-78.938451,43.8698582],[-78.9384556,43.869869],[-78.938235,43.8699178],[-78.9382712,43.8700027],[-78.9381432,43.8700311],[-78.9381135,43.8699615],[-78.9380805,43.8698841],[-78.9380787,43.86988],[-78.9380489,43.8698173],[-78.9384453,43.8697193],[-78.9385018,43.8698472],[-78.938451,43.8698582]]]},"properties":{"premiseId":"P-00504","address":"225 Brock Street South","premiseType":"commercial"}},{"type":"Feature","id":"LOT-P-00505","geometry":{"type":"Polygon","coordinates":[[[-78.9370419,43.8694308],[-78.9369606,43.8692437],[-78.9373669,43.8691521],[-78.9373986,43.8692252],[-78.9374285,43.869294],[-78.9374484,43.8693399],[-78.9370419,43.8694308]]]},"properties":{"premiseId":"P-00505","address":"208 Brock Street South","premiseType":"commercial"}},{"type":"Feature","id":"LOT-P-00506","geometry":{"type":"Polygon","coordinates":[[[-78.9383202,43.869377],[-78.9384044,43.8695726],[-78.9379808,43.8696673],[-78.9378966,43.8694718],[-78.9383202,43.869377]]]},"properties":{"premiseId":"P-00506","address":"217 Brock Street South","premiseType":"commercial"}},{"type":"Feature","id":"LOT-P-00507","geometry":{"type":"Polygon","coordinates":[[[-78.936827,43.8689329],[-78.9372436,43.8688474],[-78.9373013,43.8689938],[-78.9368846,43.8690791],[-78.936827,43.8689329]]]},"properties":{"premiseId":"P-00507","address":"198 Brock Street South","premiseType":"commercial"}},{"type":"Feature","id":"LOT-P-00508","geometry":{"type":"Polygon","coordinates":[[[-78.9371897,43.8687109],[-78.9372436,43.8688474],[-78.9367926,43.86894],[-78.9367423,43.8688124],[-78.9371897,43.8687109]]]},"properties":{"premiseId":"P-00508","address":"196 Brock Street South","premiseType":"commercial"}},{"type":"Feature","id":"LOT-P-00509","geometry":{"type":"Polygon","coordinates":[[[-78.9367325,43.8685452],[-78.9367316,43.868543],[-78.9369356,43.8684973],[-78.9369277,43.8684792],[-78.937074,43.8684461],[-78.9371312,43.8685771],[-78.9366841,43.8686786],[-78.9366354,43.8685669],[-78.9367325,43.8685452]]]},"properties":{"premiseId":"P-00509","address":"188 Brock Street South","premiseType":"commercial"}},{"type":"Feature","id":"LOT-P-00510","geometry":{"type":"Polygon","coordinates":[[[-78.9376107,43.8687926],[-78.9376079,43.8687855],[-78.937806,43.8687448],[-78.93786,43.8688694],[-78.9376587,43.8689146],[-78.9376107,43.8687926]]]},"properties":{"premiseId":"P-00510","address":"197 Brock Street South","premiseType":"commercial"}},{"type":"Feature","id":"LOT-P-00511","geometry":{"type":"Polygon","coordinates":[[[-78.937806,43.8687448],[-78.9376079,43.8687855],[-78.9375589,43.8686617],[-78.9375528,43.868646],[-78.9377461,43.8686063],[-78.937806,43.8687448]]]},"properties":{"premiseId":"P-00511","address":"195 Brock Street South","premiseType":"commercial"}},{"type":"Feature","id":"LOT-P-00512","geometry":{"type":"Polygon","coordinates":[[[-78.9375478,43.8686336],[-78.9374876,43.8684958],[-78.9379149,43.8683988],[-78.9379689,43.8685234],[-78.9377332,43.8685764],[-78.9377461,43.8686063],[-78.9375528,43.868646],[-78.9375493,43.8686371],[-78.9375478,43.8686336]]]},"properties":{"premiseId":"P-00512","address":"191 Brock Street South","premiseType":"commercial"}},{"type":"Feature","id":"LOT-P-00513","geometry":{"type":"Polygon","coordinates":[[[-78.9379316,43.8683951],[-78.9379149,43.8683988],[-78.9379148,43.8683989],[-78.9374876,43.8684958],[-78.9374277,43.8683585],[-78.9378717,43.8682578],[-78.9379316,43.8683951]]]},"properties":{"premiseId":"P-00513","address":"187 Brock Street South","premiseType":"commercial"}},{"type":"Feature","id":"LOT-P-00514","geometry":{"type":"Polygon","coordinates":[[[-78.9377778,43.8681303],[-78.9378369,43.8682657],[-78.9374277,43.8683585],[-78.9374054,43.8683072],[-78.9373686,43.8682231],[-78.9377778,43.8681303]]]},"properties":{"premiseId":"P-00514","address":"183 Brock Street South","premiseType":"commercial"}},{"type":"Feature","id":"LOT-P-00515","geometry":{"type":"Polygon","coordinates":[[[-78.9373686,43.8682231],[-78.9373107,43.8680903],[-78.9377173,43.8679981],[-78.9377752,43.8681309],[-78.9373686,43.8682231]]]},"properties":{"premiseId":"P-00515","address":"181 Brock Street South","premiseType":"commercial"}},{"type":"Feature","id":"LOT-P-00516","geometry":{"type":"Polygon","coordinates":[[[-78.9367316,43.868543],[-78.9366047,43.8682489],[-78.9368087,43.8682032],[-78.9369356,43.8684973],[-78.9367316,43.868543]]]},"properties":{"premiseId":"P-00516","address":"7 Clemence Avenue","premiseType":"commercial"}},{"type":"Feature","id":"LOT-P-00517","geometry":{"type":"Polygon","coordinates":[[[-78.9363913,43.8682967],[-78.9366047,43.8682489],[-78.9367325,43.8685452],[-78.936519,43.868593],[-78.9363913,43.8682967]]]},"properties":{"premiseId":"P-00517","address":"11 Clemence Avenue","premiseType":"commercial"}},{"type":"Feature","id":"LOT-P-00518","geometry":{"type":"Polygon","coordinates":[[[-78.9362118,43.8683369],[-78.9363913,43.8682967],[-78.936519,43.868593],[-78.9365194,43.8685937],[-78.9363398,43.8686339],[-78.9362118,43.8683369]]]},"properties":{"premiseId":"P-00518","address":"15 Clemence Avenue","premiseType":"commercial"}},{"type":"Feature","id":"LOT-P-00519","geometry":{"type":"Polygon","coordinates":[[[-78.9364723,43.8679213],[-78.9366657,43.8678779],[-78.9367396,43.8680493],[-78.9365463,43.8680926],[-78.9364723,43.8679213]]]},"properties":{"premiseId":"P-00519","address":"8 Clemence Avenue","premiseType":"commercial"}},{"type":"Feature","id":"LOT-P-00520","geometry":{"type":"Polygon","coordinates":[[[-78.9364723,43.867921],[-78.9365463,43.8680926],[-78.9363572,43.868135],[-78.9362832,43.8679634],[-78.9364723,43.867921]]]},"properties":{"premiseId":"P-00520","address":"12 Clemence Avenue","premiseType":"commercial"}},{"type":"Feature","id":"LOT-P-00521","geometry":{"type":"Polygon","coordinates":[[[-78.9360588,43.8680134],[-78.9362832,43.8679631],[-78.9362832,43.8679634],[-78.9363572,43.868135],[-78.9361928,43.8681718],[-78.9361329,43.8681853],[-78.9360588,43.8680134]]]},"properties":{"premiseId":"P-00521","address":"16 Clemence Avenue","premiseType":"commercial"}},{"type":"Feature","id":"LOT-P-00522","geometry":{"type":"Polygon","coordinates":[[[-78.9359351,43.868214],[-78.9359332,43.86821],[-78.9358787,43.8680982],[-78.935874,43.8680923],[-78.9358597,43.8680578],[-78.9360588,43.8680133],[-78.9361329,43.8681853],[-78.9359408,43.8682282],[-78.9359351,43.868214]]]},"properties":{"premiseId":"P-00522","address":"20 Clemence Avenue","premiseType":"commercial"}},{"type":"Feature","id":"LOT-P-00523","geometry":{"type":"Polygon","coordinates":[[[-78.9376866,43.8676839],[-78.9372745,43.8677809],[-78.9372166,43.867653],[-78.9376287,43.8675561],[-78.9376866,43.8676839]]]},"properties":{"premiseId":"P-00523","address":"6 Brock Street South","premiseType":"commercial"}},{"type":"Feature","id":"LOT-P-00524","geometry":{"type":"Polygon","coordinates":[[[-78.9376221,43.8675576],[-78.9372166,43.867653],[-78.9371589,43.8675241],[-78.9375662,43.8674331],[-78.9376221,43.8675576]]]},"properties":{"premiseId":"P-00524","address":"10 Brock Street South","premiseType":"commercial"}},{"type":"Feature","id":"LOT-P-00525","geometry":{"type":"Polygon","coordinates":[[[-78.9369845,43.8671093],[-78.9373897,43.867024],[-78.9374561,43.8671877],[-78.937051,43.8672731],[-78.9369936,43.8671318],[-78.9369845,43.8671093]]]},"properties":{"premiseId":"P-00525","address":"20 Brock Street South","premiseType":"commercial"}},{"type":"Feature","id":"LOT-P-00526","geometry":{"type":"Polygon","coordinates":[[[-78.9374025,43.8670213],[-78.9373897,43.867024],[-78.9369845,43.8671093],[-78.9369155,43.8669391],[-78.9373335,43.866851],[-78.9374025,43.8670213]]]},"properties":{"premiseId":"P-00526","address":"24 Brock Street South","premiseType":"commercial"}},{"type":"Feature","id":"LOT-P-00527","geometry":{"type":"Polygon","coordinates":[[[-78.937268,43.8667039],[-78.9373282,43.8668521],[-78.9369155,43.8669391],[-78.9368804,43.8668525],[-78.9368554,43.8667908],[-78.937268,43.8667039]]]},"properties":{"premiseId":"P-00527","address":"28 Brock Street South","premiseType":"commercial"}},{"type":"Feature","id":"LOT-P-00528","geometry":{"type":"Polygon","coordinates":[[[-78.9372087,43.8665273],[-78.9372793,43.8667016],[-78.9368554,43.8667908],[-78.9367835,43.8666133],[-78.9372087,43.8665273]]]},"properties":{"premiseId":"P-00528","address":"32 Brock Street South","premiseType":"commercial"}},{"type":"Feature","id":"LOT-P-00529","geometry":{"type":"Polygon","coordinates":[[[-78.9372087,43.8665273],[-78.9367835,43.8666133],[-78.9367226,43.866457],[-78.9371634,43.8663677],[-78.9372243,43.866524],[-78.9372087,43.8665273]]]},"properties":{"premiseId":"P-00529","address":"38 Brock Street South","premiseType":"commercial"}},{"type":"Feature","id":"LOT-P-00530","geometry":{"type":"Polygon","coordinates":[[[-78.9367226,43.866457],[-78.9366928,43.8663808],[-78.936692,43.8663787],[-78.9366617,43.8663056],[-78.9370926,43.8662128],[-78.9371555,43.8663694],[-78.9367226,43.866457]]]},"properties":{"premiseId":"P-00530","address":"42 Brock Street South","premiseType":"commercial"}},{"type":"Feature","id":"LOT-P-00531","geometry":{"type":"Polygon","coordinates":[[[-78.9366617,43.8663056],[-78.9365914,43.8661357],[-78.9369904,43.8660498],[-78.9370608,43.8662197],[-78.9366617,43.8663056]]]},"properties":{"premiseId":"P-00531","address":"46 Brock Street South","premiseType":"commercial"}},{"type":"Feature","id":"LOT-P-00532","geometry":{"type":"Polygon","coordinates":[[[-78.9365914,43.8661357],[-78.9365273,43.8659813],[-78.936934,43.8658937],[-78.936998,43.8660482],[-78.9365914,43.8661357]]]},"properties":{"premiseId":"P-00532","address":"50 Brock Street South","premiseType":"commercial"}},{"type":"Feature","id":"LOT-P-00533","geometry":{"type":"Polygon","coordinates":[[[-78.9368946,43.8657149],[-78.9369657,43.8658869],[-78.936934,43.8658937],[-78.9365273,43.8659813],[-78.936461,43.8658213],[-78.9364562,43.8658094],[-78.9368946,43.8657149]]]},"properties":{"premiseId":"P-00533","address":"54 Brock Street South","premiseType":"commercial"}},{"type":"Feature","id":"LOT-P-00534","geometry":{"type":"Polygon","coordinates":[[[-78.9368936,43.8657152],[-78.9364562,43.8658094],[-78.9364032,43.8656663],[-78.9368466,43.8655876],[-78.9368936,43.8657152]]]},"properties":{"premiseId":"P-00534","address":"58 Brock Street South","premiseType":"commercial"}},{"type":"Feature","id":"LOT-P-00535","geometry":{"type":"Polygon","coordinates":[[[-78.9367852,43.8654191],[-78.9368429,43.8655882],[-78.9364032,43.8656663],[-78.9363457,43.8654975],[-78.9363455,43.8654972],[-78.9367852,43.8654191]]]},"properties":{"premiseId":"P-00535","address":"62 Brock Street South","premiseType":"commercial"}},{"type":"Feature","id":"LOT-P-00536","geometry":{"type":"Polygon","coordinates":[[[-78.9366927,43.8652406],[-78.9367555,43.8654244],[-78.9363455,43.8654972],[-78.9362827,43.8653133],[-78.9366927,43.8652406]]]},"properties":{"premiseId":"P-00536","address":"66 Brock Street South","premiseType":"commercial"}},{"type":"Feature","id":"LOT-P-00537","geometry":{"type":"Polygon","coordinates":[[[-78.9366977,43.8652397],[-78.9366927,43.8652406],[-78.9362827,43.8653133],[-78.9362323,43.8651655],[-78.9366472,43.8650919],[-78.9366977,43.8652397]]]},"properties":{"premiseId":"P-00537","address":"70 Brock Street South","premiseType":"commercial"}},{"type":"Feature","id":"LOT-P-00538","geometry":{"type":"Polygon","coordinates":[[[-78.9364213,43.865],[-78.9364638,43.8651245],[-78.9362323,43.8651655],[-78.9362066,43.8650903],[-78.9361758,43.865],[-78.9364213,43.865]]]},"properties":{"premiseId":"P-00538","address":"74 Brock Street South","premiseType":"commercial"}},{"type":"Feature","id":"LOT-P-00539","geometry":{"type":"Polygon","coordinates":[[[-78.9365457,43.8679048],[-78.9364723,43.8679211],[-78.93645,43.867926],[-78.9364205,43.8679326],[-78.9363474,43.867761],[-78.9364754,43.8677326],[-78.9365523,43.8677156],[-78.9366254,43.867887],[-78.9365457,43.8679048]]]},"properties":{"premiseId":"P-00539","address":"11 Consumers Drive","premiseType":"commercial"}},{"type":"Feature","id":"LOT-P-00540","geometry":{"type":"Polygon","coordinates":[[[-78.9362832,43.8679631],[-78.9362497,43.8679707],[-78.9362377,43.8679733],[-78.9361645,43.8678015],[-78.9363474,43.867761],[-78.9364205,43.8679326],[-78.9363531,43.8679478],[-78.9362832,43.8679632],[-78.9362832,43.8679631]]]},"properties":{"premiseId":"P-00540","address":"13 Consumers Drive","premiseType":"commercial"}},{"type":"Feature","id":"LOT-P-00541","geometry":{"type":"Polygon","coordinates":[[[-78.9360531,43.8680145],[-78.9360334,43.8680188],[-78.93596,43.8678469],[-78.9361645,43.8678015],[-78.9362377,43.8679733],[-78.9362377,43.8679734],[-78.9361529,43.8679923],[-78.9360588,43.8680133],[-78.9360531,43.8680145]]]},"properties":{"premiseId":"P-00541","address":"17 Consumers Drive","premiseType":"commercial"}},{"type":"Feature","id":"LOT-P-00542","geometry":{"type":"Polygon","coordinates":[[[-78.93596,43.8678469],[-78.9360334,43.8680189],[-78.9359353,43.8680408],[-78.9358398,43.868062],[-78.9358215,43.8680521],[-78.9358163,43.8680511],[-78.9357491,43.8678936],[-78.9358456,43.8678722],[-78.93596,43.8678469]]]},"properties":{"premiseId":"P-00542","address":"21 Consumers Drive","premiseType":"commercial"}},{"type":"Feature","id":"LOT-P-00543","geometry":{"type":"Polygon","coordinates":[[[-78.9364771,43.867204],[-78.9365009,43.8672609],[-78.9365283,43.8673265],[-78.9364405,43.8673463],[-78.9364379,43.8673468],[-78.9361486,43.8674151],[-78.9361025,43.8674247],[-78.9360491,43.867297],[-78.9364771,43.867204]]]},"properties":{"premiseId":"P-00543","address":"105 Brock Street South","premiseType":"commercial"}},{"type":"Feature","id":"LOT-P-00544","geometry":{"type":"Polygon","coordinates":[[[-78.93598,43.8671373],[-78.9364101,43.8670438],[-78.9364215,43.8670711],[-78.9364771,43.867204],[-78.9360471,43.8672975],[-78.93598,43.8671373]]]},"properties":{"premiseId":"P-00544","address":"111 Brock Street South","premiseType":"commercial"}},{"type":"Feature","id":"LOT-P-00545","geometry":{"type":"Polygon","coordinates":[[[-78.9359444,43.8669702],[-78.936343,43.8668836],[-78.9363999,43.8670192],[-78.9364101,43.8670438],[-78.9360114,43.8671305],[-78.9359444,43.8669702]]]},"properties":{"premiseId":"P-00545","address":"115 Brock Street South","premiseType":"commercial"}},{"type":"Feature","id":"LOT-P-00546","geometry":{"type":"Polygon","coordinates":[[[-78.9359375,43.8669717],[-78.9358731,43.8668178],[-78.9362787,43.8667296],[-78.9363023,43.8667859],[-78.936343,43.8668836],[-78.9359444,43.8669702],[-78.9359375,43.8669717]]]},"properties":{"premiseId":"P-00546","address":"119 Brock Street South","premiseType":"commercial"}},{"type":"Feature","id":"LOT-P-00547","geometry":{"type":"Polygon","coordinates":[[[-78.936204,43.8665425],[-78.9362589,43.8666822],[-78.9362598,43.8666844],[-78.9362787,43.8667296],[-78.9358486,43.8668231],[-78.9357718,43.8666307],[-78.936204,43.8665425]]]},"properties":{"premiseId":"P-00547","address":"123 Brock Street South","premiseType":"commercial"}},{"type":"Feature","id":"LOT-P-00548","geometry":{"type":"Polygon","coordinates":[[[-78.936147,43.8663974],[-78.9361738,43.8664657],[-78.936204,43.8665425],[-78.9357681,43.8666315],[-78.935711,43.8664863],[-78.936147,43.8663974]]]},"properties":{"premiseId":"P-00548","address":"127 Brock Street South","premiseType":"commercial"}},{"type":"Feature","id":"LOT-P-00549","geometry":{"type":"Polygon","coordinates":[[[-78.9357107,43.8664864],[-78.935639,43.8663039],[-78.9360752,43.8662148],[-78.9360897,43.8662514],[-78.936147,43.8663974],[-78.935711,43.8664863],[-78.9357107,43.8664864]]]},"properties":{"premiseId":"P-00549","address":"131 Brock Street South","premiseType":"commercial"}},{"type":"Feature","id":"LOT-P-00550","geometry":{"type":"Polygon","coordinates":[[[-78.9355973,43.8661256],[-78.9360075,43.866042],[-78.9360617,43.86618],[-78.9360752,43.8662148],[-78.9356653,43.8662985],[-78.9355973,43.8661256]]]},"properties":{"premiseId":"P-00550","address":"135 Brock Street South","premiseType":"commercial"}},{"type":"Feature","id":"LOT-P-00551","geometry":{"type":"Polygon","coordinates":[[[-78.9355957,43.866126],[-78.9355337,43.8659594],[-78.9359474,43.8658808],[-78.9359906,43.865999],[-78.9359915,43.8660014],[-78.9360075,43.866042],[-78.9355973,43.8661256],[-78.9355957,43.866126]]]},"properties":{"premiseId":"P-00551","address":"139 Brock Street South","premiseType":"commercial"}},{"type":"Feature","id":"LOT-P-00552","geometry":{"type":"Polygon","coordinates":[[[-78.9358856,43.865706],[-78.9359212,43.8658094],[-78.935922,43.8658111],[-78.9359474,43.8658808],[-78.9355337,43.8659594],[-78.9355258,43.8659609],[-78.9354626,43.8657819],[-78.9358856,43.865706]]]},"properties":{"premiseId":"P-00552","address":"145 Brock Street South","premiseType":"commercial"}},{"type":"Feature","id":"LOT-P-00553","geometry":{"type":"Polygon","coordinates":[[[-78.9354448,43.865785],[-78.9353881,43.8656206],[-78.935829,43.8655417],[-78.9358689,43.8656575],[-78.9358856,43.865706],[-78.9354626,43.8657819],[-78.9354448,43.865785]]]},"properties":{"premiseId":"P-00553","address":"149 Brock Street South","premiseType":"commercial"}},{"type":"Feature","id":"LOT-P-00554","geometry":{"type":"Polygon","coordinates":[[[-78.9353616,43.8654631],[-78.9357748,43.8653875],[-78.935829,43.8655417],[-78.9354152,43.8656158],[-78.9353616,43.8654631]]]},"properties":{"premiseId":"P-00554","address":"153 Brock Street South","premiseType":"commercial"}},{"type":"Feature","id":"LOT-P-00555","geometry":{"type":"Polygon","coordinates":[[[-78.935712,43.865209],[-78.9357748,43.8653875],[-78.9353616,43.8654631],[-78.9353332,43.8654683],[-78.9352704,43.8652899],[-78.935712,43.865209]]]},"properties":{"premiseId":"P-00555","address":"157 Brock Street South","premiseType":"commercial"}},{"type":"Feature","id":"LOT-P-00556","geometry":{"type":"Polygon","coordinates":[[[-78.935659,43.8650494],[-78.9356972,43.8651667],[-78.9356979,43.8651691],[-78.935712,43.865209],[-78.9352909,43.8652861],[-78.9352361,43.8651208],[-78.935659,43.8650494]]]},"properties":{"premiseId":"P-00556","address":"161 Brock Street South","premiseType":"commercial"}},{"type":"Feature","id":"LOT-P-00557","geometry":{"type":"Polygon","coordinates":[[[-78.9356818,43.8672695],[-78.9358074,43.8672382],[-78.935779,43.8671762],[-78.9359177,43.8671473],[-78.9360346,43.8674389],[-78.9359531,43.8674559],[-78.9357717,43.8674936],[-78.9356818,43.8672695]]]},"properties":{"premiseId":"P-00557","address":"100 Consumers Drive","premiseType":"commercial"}},{"type":"Feature","id":"LOT-P-00558","geometry":{"type":"Polygon","coordinates":[[[-78.935501,43.867468],[-78.9354729,43.867436],[-78.9354513,43.867421],[-78.9354169,43.8673352],[-78.9356818,43.8672695],[-78.9357717,43.8674936],[-78.9355858,43.8675323],[-78.9355363,43.8675426],[-78.935501,43.867468]]]},"properties":{"premiseId":"P-00558","address":"106 Consumers Drive","premiseType":"commercial"}},{"type":"Feature","id":"LOT-P-00559","geometry":{"type":"Polygon","coordinates":[[[-78.9358582,43.8686001],[-78.9359395,43.8687859],[-78.9355091,43.8688839],[-78.9354276,43.8686981],[-78.9358582,43.8686001]]]},"properties":{"premiseId":"P-00559","address":"10 Green Street","premiseType":"commercial"}},{"type":"Feature","id":"LOT-P-00560","geometry":{"type":"Polygon","coordinates":[[[-78.9354276,43.8686981],[-78.9354264,43.8686984],[-78.9353544,43.8685342],[-78.9355864,43.8684795],[-78.9357855,43.8684341],[-78.9358582,43.8686001],[-78.9354276,43.8686981]]]},"properties":{"premiseId":"P-00560","address":"6 Green Street","premiseType":"commercial"}},{"type":"Feature","id":"LOT-P-00561","geometry":{"type":"Polygon","coordinates":[[[-78.9352828,43.8681857],[-78.9351963,43.8682023],[-78.9351957,43.8682009],[-78.93516,43.8682093],[-78.9351426,43.8682127],[-78.9350758,43.8680324],[-78.9351661,43.8680151],[-78.9353233,43.8679847],[-78.9353885,43.8681608],[-78.9352828,43.8681857]]]},"properties":{"premiseId":"P-00561","address":"33 Consumers Drive","premiseType":"commercial"}},{"type":"Feature","id":"LOT-P-00562","geometry":{"type":"Polygon","coordinates":[[[-78.9349398,43.8682546],[-78.9348964,43.8682649],[-78.934828,43.8680801],[-78.9350758,43.8680324],[-78.9351426,43.8682127],[-78.9351429,43.8682133],[-78.935038,43.868238],[-78.9349408,43.8682568],[-78.9349398,43.8682546]]]},"properties":{"premiseId":"P-00562","address":"39 Consumers Drive","premiseType":"commercial"}},{"type":"Feature","id":"LOT-P-00563","geometry":{"type":"Polygon","coordinates":[[[-78.9347945,43.8682889],[-78.9347364,43.8682975],[-78.9347348,43.8682939],[-78.9346849,43.8683051],[-78.9346588,43.868309],[-78.9346043,43.8681129],[-78.9348129,43.8680828],[-78.9348244,43.8680808],[-78.934828,43.8680801],[-78.9348964,43.8682649],[-78.9347945,43.8682889]]]},"properties":{"premiseId":"P-00563","address":"43 Consumers Drive","premiseType":"commercial"}},{"type":"Feature","id":"LOT-P-00564","geometry":{"type":"Polygon","coordinates":[[[-78.9345507,43.8683353],[-78.9344239,43.8683542],[-78.9343634,43.8681488],[-78.9346043,43.8681129],[-78.9346594,43.8683109],[-78.9345507,43.8683353]]]},"properties":{"premiseId":"P-00564","address":"47 Consumers Drive","premiseType":"commercial"}},{"type":"Feature","id":"LOT-P-00565","geometry":{"type":"Polygon","coordinates":[[[-78.9338847,43.8684944],[-78.9338766,43.8681793],[-78.9339017,43.868179],[-78.9340717,43.8681768],[-78.9340792,43.8681765],[-78.9341027,43.8681755],[-78.9341282,43.8684901],[-78.9338847,43.8684944]]]},"properties":{"premiseId":"P-00565","address":"55 Consumers Drive","premiseType":"commercial"}},{"type":"Feature","id":"LOT-P-00566","geometry":{"type":"Polygon","coordinates":[[[-78.9338847,43.8684969],[-78.9336333,43.8685002],[-78.9336252,43.8681827],[-78.9338766,43.8681793],[-78.9338847,43.8684944],[-78.9338847,43.8684969]]]},"properties":{"premiseId":"P-00566","address":"59 Consumers Drive","premiseType":"commercial"}},{"type":"Feature","id":"LOT-P-00567","geometry":{"type":"Polygon","coordinates":[[[-78.9333785,43.8681853],[-78.9335286,43.8681839],[-78.9335298,43.8681839],[-78.9336252,43.8681827],[-78.9336332,43.868496],[-78.9333838,43.8684987],[-78.9333785,43.8681853]]]},"properties":{"premiseId":"P-00567","address":"63 Consumers Drive","premiseType":"commercial"}},{"type":"Feature","id":"LOT-P-00568","geometry":{"type":"Polygon","coordinates":[[[-78.9348505,43.8676898],[-78.9347282,43.8673902],[-78.9349707,43.8673387],[-78.935093,43.8676383],[-78.9349568,43.8676672],[-78.9348505,43.8676898]]]},"properties":{"premiseId":"P-00568","address":"118 Consumers Drive","premiseType":"commercial"}},{"type":"Feature","id":"LOT-P-00569","geometry":{"type":"Polygon","coordinates":[[[-78.9345318,43.8674378],[-78.9347332,43.8674024],[-78.9348505,43.8676898],[-78.9346184,43.8677308],[-78.9345318,43.8674378]]]},"properties":{"premiseId":"P-00569","address":"122 Consumers Drive","premiseType":"commercial"}},{"type":"Feature","id":"LOT-P-00570","geometry":{"type":"Polygon","coordinates":[[[-78.9343056,43.8674457],[-78.9345243,43.8674121],[-78.9345318,43.8674378],[-78.9346184,43.8677308],[-78.9343599,43.8677692],[-78.9343056,43.8674457]]]},"properties":{"premiseId":"P-00570","address":"126 Consumers Drive","premiseType":"commercial"}},{"type":"Feature","id":"LOT-P-00571","geometry":{"type":"Polygon","coordinates":[[[-78.9343078,43.8674591],[-78.9343599,43.8677692],[-78.9341054,43.8677915],[-78.9340531,43.8674814],[-78.9343078,43.8674591]]]},"properties":{"premiseId":"P-00571","address":"132 Consumers Drive","premiseType":"commercial"}},{"type":"Feature","id":"LOT-P-00572","geometry":{"type":"Polygon","coordinates":[[[-78.9338553,43.8674744],[-78.9340506,43.8674666],[-78.9341054,43.8677915],[-78.9338713,43.8678014],[-78.9338553,43.8674744]]]},"properties":{"premiseId":"P-00572","address":"136 Consumers Drive","premiseType":"commercial"}},{"type":"Feature","id":"LOT-P-00573","geometry":{"type":"Polygon","coordinates":[[[-78.9336119,43.8675045],[-78.9338564,43.8674983],[-78.9338713,43.8678014],[-78.9336267,43.8678076],[-78.9336119,43.8675045]]]},"properties":{"premiseId":"P-00573","address":"140 Consumers Drive","premiseType":"commercial"}},{"type":"Feature","id":"LOT-P-00574","geometry":{"type":"Polygon","coordinates":[[[-78.9333828,43.8675053],[-78.9336119,43.8675037],[-78.9336267,43.8678076],[-78.9333755,43.8678093],[-78.9333828,43.8675053]]]},"properties":{"premiseId":"P-00574","address":"144 Consumers Drive","premiseType":"commercial"}},{"type":"Feature","id":"LOT-P-00575","geometry":{"type":"Polygon","coordinates":[[[-78.9330217,43.868425],[-78.9328281,43.8684265],[-78.9328236,43.8681375],[-78.9330172,43.868136],[-78.9330217,43.868425]]]},"properties":{"premiseId":"P-00575","address":"165 Consumers Drive","premiseType":"commercial"}},{"type":"Feature","id":"LOT-P-00576","geometry":{"type":"Polygon","coordinates":[[[-78.9326115,43.8684384],[-78.9326069,43.8681393],[-78.9328236,43.8681375],[-78.9328281,43.8684265],[-78.9328282,43.8684367],[-78.9326115,43.8684384]]]},"properties":{"premiseId":"P-00576","address":"169 Consumers Drive","premiseType":"commercial"}},{"type":"Feature","id":"LOT-P-00577","geometry":{"type":"Polygon","coordinates":[[[-78.9324105,43.8684346],[-78.932406,43.8681409],[-78.9324317,43.8681406],[-78.9326069,43.8681393],[-78.9326114,43.868433],[-78.9324105,43.8684346]]]},"properties":{"premiseId":"P-00577","address":"173 Consumers Drive","premiseType":"commercial"}},{"type":"Feature","id":"LOT-P-00578","geometry":{"type":"Polygon","coordinates":[[[-78.9321953,43.8684279],[-78.9321909,43.8681426],[-78.9322131,43.8681424],[-78.932406,43.8681409],[-78.9324104,43.8684262],[-78.9321953,43.8684279]]]},"properties":{"premiseId":"P-00578","address":"177 Consumers Drive","premiseType":"commercial"}},{"type":"Feature","id":"LOT-P-00579","geometry":{"type":"Polygon","coordinates":[[[-78.9319968,43.8684325],[-78.9319924,43.8681442],[-78.9321909,43.8681426],[-78.9321953,43.868431],[-78.9319968,43.8684325]]]},"properties":{"premiseId":"P-00579","address":"181 Consumers Drive","premiseType":"commercial"}},{"type":"Feature","id":"LOT-P-00580","geometry":{"type":"Polygon","coordinates":[[[-78.9317872,43.8684543],[-78.9317771,43.8681478],[-78.9319924,43.8681442],[-78.931997,43.8684507],[-78.9317872,43.8684543]]]},"properties":{"premiseId":"P-00580","address":"185 Consumers Drive","premiseType":"commercial"}},{"type":"Feature","id":"LOT-P-00581","geometry":{"type":"Polygon","coordinates":[[[-78.9315753,43.8684501],[-78.9315654,43.8681514],[-78.9317034,43.8681491],[-78.9317771,43.8681478],[-78.9317869,43.8684465],[-78.9315753,43.8684501]]]},"properties":{"premiseId":"P-00581","address":"189 Consumers Drive","premiseType":"commercial"}},{"type":"Feature","id":"LOT-P-00582","geometry":{"type":"Polygon","coordinates":[[[-78.9313612,43.8681513],[-78.9315158,43.8681522],[-78.9315217,43.8681522],[-78.9315654,43.8681514],[-78.9315757,43.8684626],[-78.9313576,43.8684625],[-78.9313612,43.8681513]]]},"properties":{"premiseId":"P-00582","address":"191 Consumers Drive","premiseType":"commercial"}},{"type":"Feature","id":"LOT-P-00583","geometry":{"type":"Polygon","coordinates":[[[-78.9328099,43.8675581],[-78.9330083,43.8675565],[-78.933013,43.8678665],[-78.9328147,43.8678681],[-78.9328099,43.8675581]]]},"properties":{"premiseId":"P-00583","address":"166 Consumers Drive","premiseType":"commercial"}},{"type":"Feature","id":"LOT-P-00584","geometry":{"type":"Polygon","coordinates":[[[-78.9328099,43.8675575],[-78.9328147,43.8678681],[-78.9325959,43.8678698],[-78.932591,43.8675593],[-78.9328099,43.8675575]]]},"properties":{"premiseId":"P-00584","address":"170 Consumers Drive","premiseType":"commercial"}},{"type":"Feature","id":"LOT-P-00585","geometry":{"type":"Polygon","coordinates":[[[-78.932405,43.8675707],[-78.9325913,43.8675692],[-78.9325959,43.8678698],[-78.9325102,43.8678705],[-78.9324096,43.8678713],[-78.932405,43.8675707]]]},"properties":{"premiseId":"P-00585","address":"174 Consumers Drive","premiseType":"commercial"}},{"type":"Feature","id":"LOT-P-00586","geometry":{"type":"Polygon","coordinates":[[[-78.9321872,43.8675827],[-78.9324051,43.867581],[-78.9324096,43.8678713],[-78.9321915,43.8678731],[-78.9321872,43.8675827]]]},"properties":{"premiseId":"P-00586","address":"178 Consumers Drive","premiseType":"commercial"}},{"type":"Feature","id":"LOT-P-00587","geometry":{"type":"Polygon","coordinates":[[[-78.9321871,43.8675677],[-78.9321915,43.8678731],[-78.9319897,43.8678747],[-78.9319851,43.8675693],[-78.9321871,43.8675677]]]},"properties":{"premiseId":"P-00587","address":"182 Consumers Drive","premiseType":"commercial"}},{"type":"Feature","id":"LOT-P-00588","geometry":{"type":"Polygon","coordinates":[[[-78.9319897,43.8678747],[-78.9319788,43.8678747],[-78.9319763,43.8678747],[-78.9317619,43.8678785],[-78.931752,43.8675835],[-78.9319853,43.8675797],[-78.9319897,43.8678747]]]},"properties":{"premiseId":"P-00588","address":"186 Consumers Drive","premiseType":"commercial"}},{"type":"Feature","id":"LOT-P-00589","geometry":{"type":"Polygon","coordinates":[[[-78.9317523,43.8675925],[-78.9317619,43.8678785],[-78.931584,43.8678816],[-78.9315746,43.8675956],[-78.9317523,43.8675925]]]},"properties":{"premiseId":"P-00589","address":"188 Consumers Drive","premiseType":"commercial"}},{"type":"Feature","id":"LOT-P-00590","geometry":{"type":"Polygon","coordinates":[[[-78.9313663,43.8675954],[-78.9315746,43.8675952],[-78.9315746,43.8675956],[-78.931584,43.8678816],[-78.931363,43.8678818],[-78.9313663,43.8675954]]]},"properties":{"premiseId":"P-00590","address":"192 Consumers Drive","premiseType":"commercial"}},{"type":"Feature","id":"LOT-P-00591","geometry":{"type":"Polygon","coordinates":[[[-78.9309977,43.8685031],[-78.9307587,43.8685064],[-78.9307504,43.8681985],[-78.9309894,43.8681952],[-78.9309977,43.8685031]]]},"properties":{"premiseId":"P-00591","address":"213 Consumers Drive","premiseType":"commercial"}},{"type":"Feature","id":"LOT-P-00592","geometry":{"type":"Polygon","coordinates":[[[-78.9305667,43.8682011],[-78.9307504,43.8681985],[-78.9307582,43.8684904],[-78.9305746,43.868493],[-78.9305667,43.8682011]]]},"properties":{"premiseId":"P-00592","address":"217 Consumers Drive","premiseType":"commercial"}},{"type":"Feature","id":"LOT-P-00593","geometry":{"type":"Polygon","coordinates":[[[-78.9303344,43.8685155],[-78.9303261,43.8682044],[-78.9303835,43.8682036],[-78.9305667,43.8682011],[-78.9305751,43.8685122],[-78.9303344,43.8685155]]]},"properties":{"premiseId":"P-00593","address":"221 Consumers Drive","premiseType":"commercial"}},{"type":"Feature","id":"LOT-P-00594","geometry":{"type":"Polygon","coordinates":[[[-78.9301424,43.8682088],[-78.9303261,43.8682044],[-78.9303343,43.8685122],[-78.9301635,43.8685163],[-78.9301424,43.8682088]]]},"properties":{"premiseId":"P-00594","address":"225 Consumers Drive","premiseType":"commercial"}},{"type":"Feature","id":"LOT-P-00595","geometry":{"type":"Polygon","coordinates":[[[-78.9299699,43.8685033],[-78.929909,43.8682172],[-78.9301424,43.8682088],[-78.9301622,43.8684979],[-78.9299699,43.8685033]]]},"properties":{"premiseId":"P-00595","address":"229 Consumers Drive","premiseType":"commercial"}},{"type":"Feature","id":"LOT-P-00596","geometry":{"type":"Polygon","coordinates":[[[-78.9297838,43.8685179],[-78.9297196,43.8682386],[-78.929909,43.8682172],[-78.9299686,43.8684971],[-78.9297838,43.8685179]]]},"properties":{"premiseId":"P-00596","address":"233 Consumers Drive","premiseType":"commercial"}},{"type":"Feature","id":"LOT-P-00597","geometry":{"type":"Polygon","coordinates":[[[-78.9297885,43.8685383],[-78.9295758,43.8685692],[-78.9294868,43.8682722],[-78.9297196,43.8682386],[-78.9297838,43.8685179],[-78.9297885,43.8685383]]]},"properties":{"premiseId":"P-00597","address":"237 Consumers Drive","premiseType":"commercial"}},{"type":"Feature","id":"LOT-P-00598","geometry":{"type":"Polygon","coordinates":[[[-78.9294636,43.8685644],[-78.929358,43.8685746],[-78.9292772,43.8683048],[-78.9294519,43.8682776],[-78.9294868,43.8682722],[-78.9295694,43.8685479],[-78.9294636,43.8685644]]]},"properties":{"premiseId":"P-00598","address":"241 Consumers Drive","premiseType":"commercial"}},{"type":"Feature","id":"LOT-P-00599","geometry":{"type":"Polygon","coordinates":[[[-78.9307409,43.8675356],[-78.9309691,43.8675363],[-78.9309675,43.8678341],[-78.930756,43.8678334],[-78.9307394,43.8678334],[-78.9307409,43.8675356]]]},"properties":{"premiseId":"P-00599","address":"282 Consumers Drive","premiseType":"commercial"}},{"type":"Feature","id":"LOT-P-00600","geometry":{"type":"Polygon","coordinates":[[[-78.9306803,43.8678332],[-78.9305388,43.8678331],[-78.9305394,43.8675311],[-78.930741,43.8675314],[-78.9307394,43.8678334],[-78.9306808,43.8678332],[-78.9306803,43.8678332]]]},"properties":{"premiseId":"P-00600","address":"286 Consumers Drive","premiseType":"commercial"}},{"type":"Feature","id":"LOT-P-00601","geometry":{"type":"Polygon","coordinates":[[[-78.9305394,43.8675294],[-78.9305388,43.8678331],[-78.9304188,43.867833],[-78.930415,43.867833],[-78.9303073,43.8678344],[-78.9302995,43.8675308],[-78.9305394,43.8675294]]]},"properties":{"premiseId":"P-00601","address":"290 Consumers Drive","premiseType":"commercial"}},{"type":"Feature","id":"LOT-P-00602","geometry":{"type":"Polygon","coordinates":[[[-78.9302995,43.8675308],[-78.9303073,43.8678344],[-78.930123,43.8678368],[-78.93011,43.8678374],[-78.9300807,43.8678393],[-78.9300433,43.8675346],[-78.9302995,43.8675287],[-78.9302995,43.8675308]]]},"properties":{"premiseId":"P-00602","address":"294 Consumers Drive","premiseType":"commercial"}},{"type":"Feature","id":"LOT-P-00603","geometry":{"type":"Polygon","coordinates":[[[-78.9298564,43.8678535],[-78.9298189,43.8675481],[-78.9300432,43.8675338],[-78.9300433,43.8675346],[-78.9300807,43.8678393],[-78.9300699,43.8678399],[-78.9298598,43.8678534],[-78.9298564,43.8678535]]]},"properties":{"premiseId":"P-00603","address":"298 Consumers Drive","premiseType":"commercial"}},{"type":"Feature","id":"LOT-P-00604","geometry":{"type":"Polygon","coordinates":[[[-78.9296327,43.8678797],[-78.9295662,43.8675862],[-78.92982,43.8675573],[-78.9298564,43.8678535],[-78.9298532,43.867854],[-78.9298461,43.8678546],[-78.9296327,43.8678797]]]},"properties":{"premiseId":"P-00604","address":"302 Consumers Drive","premiseType":"commercial"}},{"type":"Feature","id":"LOT-P-00605","geometry":{"type":"Polygon","coordinates":[[[-78.9295818,43.8687003],[-78.9291936,43.8687378],[-78.9291667,43.868593],[-78.9295623,43.8685549],[-78.9295891,43.8686996],[-78.9295818,43.8687003]]]},"properties":{"premiseId":"P-00605","address":"15 Garden Street South","premiseType":"commercial"}},{"type":"Feature","id":"LOT-P-00606","geometry":{"type":"Polygon","coordinates":[[[-78.9278105,43.8687492],[-78.92833,43.8687953],[-78.9283818,43.8684922],[-78.9278623,43.8684461],[-78.9278105,43.8687492]]]},"properties":{"premiseId":"P-00606","address":"263 Consumers Drive","premiseType":"utility"}},{"type":"Feature","id":"LOT-P-00607","geometry":{"type":"Polygon","coordinates":[[[-78.9392145,43.8722869],[-78.93955,43.8730584],[-78.9403823,43.8728703],[-78.9400469,43.8720988],[-78.9392145,43.8722869]]]},"properties":{"premiseId":"P-00607","address":"333 Brock Street South","premiseType":"utility"}},{"type":"Feature","id":"LOT-P-00608","geometry":{"type":"Polygon","coordinates":[[[-78.9445379,43.8721649],[-78.9450584,43.8733653],[-78.9462478,43.8730973],[-78.9457273,43.8718969],[-78.9445379,43.8721649]]]},"properties":{"premiseId":"P-00608","address":"171 Henry Street","premiseType":"industrial"}},{"type":"Feature","id":"LOT-P-00609","geometry":{"type":"Polygon","coordinates":[[[-78.9264807,43.8702875],[-78.9279674,43.8696295],[-78.9273154,43.8688639],[-78.9258287,43.869522],[-78.9264807,43.8702875]]]},"properties":{"premiseId":"P-00609","address":"265 Consumers Drive","premiseType":"industrial"}}]}