{"type":"FeatureCollection","name":"water_mains","crs_note":"EPSG:4326","features":[{"type":"Feature","id":"water-E1","geometry":{"type":"LineString","coordinates":[[-78.9282543,43.8686348],[-78.9283191,43.8682558]]},"properties":{"kind":"trunk","tier":"trunk","placement":"underground","from":"water-station","to":"water-J-T645","lengthM":42.5,"sizeMm":400,"diameterIn":15.7,"nominalLabel":"16\" ductile iron","material":"ductile iron","depthM":1.8,"zone":0}},{"type":"Feature","id":"water-E2","geometry":{"type":"LineString","coordinates":[[-78.9283191,43.8682558],[-78.9281411,43.86824]]},"properties":{"kind":"distribution","tier":"trunk","placement":"underground","from":"water-J-T645","to":"water-J-88","lengthM":14.39,"sizeMm":300,"diameterIn":11.8,"nominalLabel":"12\" PVC","material":"PVC C900","depthM":1.8,"zone":0,"roadEdge":115,"customers":1,"designPeakHourLps":1.562,"designFireLps":191.04}},{"type":"Feature","id":"water-E3","geometry":{"type":"LineString","coordinates":[[-78.9283191,43.8682558],[-78.9283122,43.8682555]]},"properties":{"kind":"distribution","tier":"trunk","placement":"underground","from":"water-J-T645","to":"water-T-641","lengthM":0.55,"sizeMm":400,"diameterIn":15.7,"nominalLabel":"16\" ductile iron","material":"ductile iron","depthM":1.8,"zone":0,"roadEdge":115,"customers":551,"designPeakHourLps":14.252,"designFireLps":114.0}},{"type":"Feature","id":"water-E4","geometry":{"type":"LineString","coordinates":[[-78.9281411,43.86824],[-78.9281342,43.8682397]]},"properties":{"kind":"distribution","tier":"trunk","placement":"underground","from":"water-J-88","to":"water-T-644","lengthM":0.55,"sizeMm":300,"diameterIn":11.8,"nominalLabel":"12\" PVC","material":"PVC C900","depthM":1.8,"zone":0,"roadEdge":116,"customers":1,"designPeakHourLps":1.562,"designFireLps":191.04}},{"type":"Feature","id":"water-E5","geometry":{"type":"LineString","coordinates":[[-78.9283122,43.8682555],[-78.9283359,43.8682573],[-78.9286307,43.8682177],[-78.9286891,43.8682102],[-78.9288028,43.8681923]]},"properties":{"kind":"distribution","tier":"trunk","placement":"underground","from":"water-T-641","to":"water-J-81","lengthM":40.08,"sizeMm":400,"diameterIn":15.7,"nominalLabel":"16\" ductile iron","material":"ductile iron","depthM":1.8,"zone":0,"roadEdge":115,"customers":550,"designPeakHourLps":14.183,"designFireLps":113.96}},{"type":"Feature","id":"water-E6","geometry":{"type":"LineString","coordinates":[[-78.9288028,43.8681923],[-78.9288878,43.8683077],[-78.928946,43.8685461],[-78.9289937,43.8687525],[-78.9290335,43.8689669],[-78.9290706,43.8690485],[-78.9290763,43.8691491],[-78.9290733,43.8692716],[-78.929112,43.8693219]]},"properties":{"kind":"distribution","tier":"trunk","placement":"underground","from":"water-J-81","to":"water-J-77","lengthM":129.67,"sizeMm":300,"diameterIn":11.8,"nominalLabel":"12\" PVC","material":"PVC C900","depthM":1.8,"zone":0,"roadEdge":109,"customers":109,"designPeakHourLps":2.528,"designFireLps":36.34}},{"type":"Feature","id":"water-E7","geometry":{"type":"LineString","coordinates":[[-78.9288028,43.8681923],[-78.9289317,43.8681763]]},"properties":{"kind":"distribution","tier":"trunk","placement":"underground","from":"water-J-81","to":"water-J-79","lengthM":10.5,"sizeMm":400,"diameterIn":15.7,"nominalLabel":"16\" ductile iron","material":"ductile iron","depthM":1.8,"zone":0,"roadEdge":112,"customers":441,"designPeakHourLps":11.655,"designFireLps":112.27}},{"type":"Feature","id":"water-E8","geometry":{"type":"LineString","coordinates":[[-78.929112,43.8693219],[-78.9290025,43.8694171]]},"properties":{"kind":"distribution","tier":"trunk","placement":"underground","from":"water-J-77","to":"water-J-78","lengthM":13.77,"sizeMm":300,"diameterIn":11.8,"nominalLabel":"12\" PVC","material":"PVC C900","depthM":1.8,"zone":0,"roadEdge":107,"customers":109,"designPeakHourLps":2.528,"designFireLps":36.34}},{"type":"Feature","id":"water-E9","geometry":{"type":"LineString","coordinates":[[-78.9289317,43.8681763],[-78.9290638,43.8681588],[-78.9296032,43.8680749],[-78.9297236,43.8680605],[-78.9298859,43.8680425],[-78.9302192,43.8680307],[-78.9310005,43.8680198],[-78.9312362,43.8679769]]},"properties":{"kind":"distribution","tier":"trunk","placement":"underground","from":"water-J-79","to":"water-J-70","lengthM":187.03,"sizeMm":400,"diameterIn":15.7,"nominalLabel":"16\" ductile iron","material":"ductile iron","depthM":1.8,"zone":0,"roadEdge":98,"customers":441,"designPeakHourLps":11.655,"designFireLps":112.27}},{"type":"Feature","id":"water-E10","geometry":{"type":"LineString","coordinates":[[-78.9290025,43.8694171],[-78.9292412,43.8693871],[-78.9293209,43.8693911],[-78.9297993,43.8694037]]},"properties":{"kind":"distribution","tier":"distribution","placement":"underground","from":"water-J-78","to":"water-J-74","lengthM":64.27,"sizeMm":150,"diameterIn":5.9,"nominalLabel":"6\" PVC","material":"PVC C900","depthM":1.8,"zone":0,"roadEdge":103,"customers":83,"designPeakHourLps":1.911,"designFireLps":35.92}},{"type":"Feature","id":"water-E11","geometry":{"type":"LineString","coordinates":[[-78.9290025,43.8694171],[-78.9289453,43.8696216],[-78.9288809,43.8697915],[-78.9287516,43.8700652],[-78.9281848,43.8712],[-78.9280314,43.8716258],[-78.9280094,43.871854]]},"properties":{"kind":"distribution","tier":"distribution","placement":"underground","from":"water-J-78","to":"water-J-89","lengthM":283.72,"sizeMm":200,"diameterIn":7.9,"nominalLabel":"8\" PVC","material":"PVC C900","depthM":1.8,"zone":0,"roadEdge":110,"customers":26,"designPeakHourLps":0.617,"designFireLps":35.06}},{"type":"Feature","id":"water-E12","geometry":{"type":"LineString","coordinates":[[-78.9312362,43.8679769],[-78.931352,43.8679761],[-78.9315168,43.8679771],[-78.9319798,43.8679691],[-78.9322104,43.8679673],[-78.9327068,43.8679633]]},"properties":{"kind":"distribution","tier":"trunk","placement":"underground","from":"water-J-70","to":"water-T-640","lengthM":118.02,"sizeMm":400,"diameterIn":15.7,"nominalLabel":"16\" ductile iron","material":"ductile iron","depthM":1.8,"zone":0,"roadEdge":91,"customers":441,"designPeakHourLps":11.655,"designFireLps":112.27}},{"type":"Feature","id":"water-E13","geometry":{"type":"LineString","coordinates":[[-78.9297993,43.8694037],[-78.9298891,43.8693923],[-78.9300054,43.8693798]]},"properties":{"kind":"distribution","tier":"distribution","placement":"underground","from":"water-J-74","to":"water-T-569","lengthM":16.76,"sizeMm":150,"diameterIn":5.9,"nominalLabel":"6\" PVC","material":"PVC C900","depthM":1.8,"zone":0,"roadEdge":100,"customers":78,"designPeakHourLps":1.788,"designFireLps":35.84}},{"type":"Feature","id":"water-E14","geometry":{"type":"LineString","coordinates":[[-78.9297993,43.8694037],[-78.9298712,43.8695152],[-78.9298776,43.8695417],[-78.929984,43.8699041],[-78.9300227,43.8700027]]},"properties":{"kind":"distribution","tier":"distribution","placement":"underground","from":"water-J-74","to":"water-T-572","lengthM":69.32,"sizeMm":150,"diameterIn":5.9,"nominalLabel":"6\" PVC","material":"PVC C900","depthM":1.8,"zone":0,"roadEdge":102,"customers":5,"designPeakHourLps":0.124,"designFireLps":34.73}},{"type":"Feature","id":"water-E15","geometry":{"type":"LineString","coordinates":[[-78.9280094,43.871854],[-78.9281997,43.8720674],[-78.9282271,43.8721716],[-78.9283083,43.8723603],[-78.9285737,43.87297],[-78.9286186,43.8730744]]},"properties":{"kind":"distribution","tier":"distribution","placement":"underground","from":"water-J-89","to":"water-J-85","lengthM":145.35,"sizeMm":200,"diameterIn":7.9,"nominalLabel":"8\" PVC","material":"PVC C900","depthM":1.8,"zone":0,"roadEdge":122,"customers":26,"designPeakHourLps":0.617,"designFireLps":35.06}},{"type":"Feature","id":"water-E16","geometry":{"type":"LineString","coordinates":[[-78.9327068,43.8679633],[-78.9327125,43.8679632]]},"properties":{"kind":"distribution","tier":"trunk","placement":"underground","from":"water-T-640","to":"water-T-638","lengthM":0.46,"sizeMm":400,"diameterIn":15.7,"nominalLabel":"16\" ductile iron","material":"ductile iron","depthM":1.8,"zone":0,"roadEdge":91,"customers":440,"designPeakHourLps":11.627,"designFireLps":112.25}},{"type":"Feature","id":"water-E17","geometry":{"type":"LineString","coordinates":[[-78.9300054,43.8693798],[-78.9300109,43.8693792]]},"properties":{"kind":"distribution","tier":"distribution","placement":"underground","from":"water-T-569","to":"water-T-566","lengthM":0.44,"sizeMm":150,"diameterIn":5.9,"nominalLabel":"6\" PVC","material":"PVC C900","depthM":1.8,"zone":0,"roadEdge":100,"customers":77,"designPeakHourLps":1.749,"designFireLps":35.82}},{"type":"Feature","id":"water-E18","geometry":{"type":"LineString","coordinates":[[-78.9300227,43.8700027],[-78.9300659,43.8701127],[-78.9300892,43.8701719]]},"properties":{"kind":"distribution","tier":"distribution","placement":"underground","from":"water-T-572","to":"water-J-73","lengthM":19.58,"sizeMm":150,"diameterIn":5.9,"nominalLabel":"6\" PVC","material":"PVC C900","depthM":1.8,"zone":0,"roadEdge":102,"customers":4,"designPeakHourLps":0.108,"designFireLps":34.72}},{"type":"Feature","id":"water-E19","geometry":{"type":"LineString","coordinates":[[-78.9286186,43.8730744],[-78.9286868,43.8730229],[-78.9289022,43.8729854],[-78.9290968,43.8729697],[-78.9292617,43.8729778],[-78.9294693,43.8730031]]},"properties":{"kind":"distribution","tier":"distribution","placement":"underground","from":"water-J-85","to":"water-J-75","lengthM":71.59,"sizeMm":200,"diameterIn":7.9,"nominalLabel":"8\" PVC","material":"PVC C900","depthM":1.8,"zone":0,"roadEdge":105,"customers":26,"designPeakHourLps":0.617,"designFireLps":35.06}},{"type":"Feature","id":"water-E20","geometry":{"type":"LineString","coordinates":[[-78.9327125,43.8679632],[-78.9329153,43.8679616]]},"properties":{"kind":"distribution","tier":"trunk","placement":"underground","from":"water-T-638","to":"water-T-639","lengthM":16.28,"sizeMm":400,"diameterIn":15.7,"nominalLabel":"16\" ductile iron","material":"ductile iron","depthM":1.8,"zone":0,"roadEdge":91,"customers":439,"designPeakHourLps":11.599,"designFireLps":112.23}},{"type":"Feature","id":"water-E21","geometry":{"type":"LineString","coordinates":[[-78.9300109,43.8693792],[-78.9302159,43.8693572]]},"properties":{"kind":"distribution","tier":"distribution","placement":"underground","from":"water-T-566","to":"water-T-568","lengthM":16.63,"sizeMm":150,"diameterIn":5.9,"nominalLabel":"6\" PVC","material":"PVC C900","depthM":1.8,"zone":0,"roadEdge":100,"customers":76,"designPeakHourLps":1.742,"designFireLps":35.81}},{"type":"Feature","id":"water-E22","geometry":{"type":"LineString","coordinates":[[-78.9300892,43.8701719],[-78.9301591,43.8703256]]},"properties":{"kind":"distribution","tier":"distribution","placement":"underground","from":"water-J-73","to":"water-T-571","lengthM":18.01,"sizeMm":150,"diameterIn":5.9,"nominalLabel":"6\" PVC","material":"PVC C900","depthM":1.8,"zone":0,"roadEdge":101,"customers":4,"designPeakHourLps":0.108,"designFireLps":34.72}},{"type":"Feature","id":"water-E23","geometry":{"type":"LineString","coordinates":[[-78.9294693,43.8730031],[-78.9297182,43.8730119],[-78.9302589,43.873081],[-78.931039,43.8731704],[-78.9313546,43.873165],[-78.9316403,43.8731429],[-78.9319807,43.8730782],[-78.9324047,43.8729819]]},"properties":{"kind":"distribution","tier":"distribution","placement":"underground","from":"water-J-75","to":"water-J-67","lengthM":239.77,"sizeMm":200,"diameterIn":7.9,"nominalLabel":"8\" PVC","material":"PVC C900","depthM":1.8,"zone":0,"roadEdge":93,"customers":26,"designPeakHourLps":0.617,"designFireLps":35.06}},{"type":"Feature","id":"water-E24","geometry":{"type":"LineString","coordinates":[[-78.9329153,43.8679616],[-78.9329177,43.8679616]]},"properties":{"kind":"distribution","tier":"trunk","placement":"underground","from":"water-T-639","to":"water-T-637","lengthM":0.19,"sizeMm":400,"diameterIn":15.7,"nominalLabel":"16\" ductile iron","material":"ductile iron","depthM":1.8,"zone":0,"roadEdge":91,"customers":438,"designPeakHourLps":11.572,"designFireLps":112.21}},{"type":"Feature","id":"water-E25","geometry":{"type":"LineString","coordinates":[[-78.9302159,43.8693572],[-78.9302243,43.8693562]]},"properties":{"kind":"distribution","tier":"distribution","placement":"underground","from":"water-T-568","to":"water-T-565","lengthM":0.69,"sizeMm":150,"diameterIn":5.9,"nominalLabel":"6\" PVC","material":"PVC C900","depthM":1.8,"zone":0,"roadEdge":100,"customers":75,"designPeakHourLps":1.726,"designFireLps":35.8}},{"type":"Feature","id":"water-E26","geometry":{"type":"LineString","coordinates":[[-78.9301591,43.8703256],[-78.9302303,43.8704823]]},"properties":{"kind":"distribution","tier":"distribution","placement":"underground","from":"water-T-571","to":"water-T-570","lengthM":18.35,"sizeMm":150,"diameterIn":5.9,"nominalLabel":"6\" PVC","material":"PVC C900","depthM":1.8,"zone":0,"roadEdge":101,"customers":3,"designPeakHourLps":0.07,"designFireLps":34.7}},{"type":"Feature","id":"water-E27","geometry":{"type":"LineString","coordinates":[[-78.9324047,43.8729819],[-78.9332161,43.8728018]]},"properties":{"kind":"distribution","tier":"distribution","placement":"underground","from":"water-J-67","to":"water-T-489","lengthM":68.13,"sizeMm":200,"diameterIn":7.9,"nominalLabel":"8\" PVC","material":"PVC C900","depthM":1.8,"zone":0,"roadEdge":90,"customers":26,"designPeakHourLps":0.617,"designFireLps":35.06}},{"type":"Feature","id":"water-E28","geometry":{"type":"LineString","coordinates":[[-78.9329177,43.8679616],[-78.9331266,43.8679599]]},"properties":{"kind":"distribution","tier":"trunk","placement":"underground","from":"water-T-637","to":"water-J-66","lengthM":16.77,"sizeMm":400,"diameterIn":15.7,"nominalLabel":"16\" ductile iron","material":"ductile iron","depthM":1.8,"zone":0,"roadEdge":91,"customers":437,"designPeakHourLps":11.544,"designFireLps":112.2}},{"type":"Feature","id":"water-E29","geometry":{"type":"LineString","coordinates":[[-78.9302243,43.8693562],[-78.9304274,43.8693344]]},"properties":{"kind":"distribution","tier":"distribution","placement":"underground","from":"water-T-565","to":"water-T-567","lengthM":16.48,"sizeMm":150,"diameterIn":5.9,"nominalLabel":"6\" PVC","material":"PVC C900","depthM":1.8,"zone":0,"roadEdge":100,"customers":74,"designPeakHourLps":1.711,"designFireLps":35.79}},{"type":"Feature","id":"water-E30","geometry":{"type":"LineString","coordinates":[[-78.9302303,43.8704823],[-78.9304072,43.8708717],[-78.9304156,43.8708982],[-78.9304415,43.8709607]]},"properties":{"kind":"distribution","tier":"distribution","placement":"underground","from":"water-T-570","to":"water-J-72","lengthM":55.91,"sizeMm":150,"diameterIn":5.9,"nominalLabel":"6\" PVC","material":"PVC C900","depthM":1.8,"zone":0,"roadEdge":101,"customers":2,"designPeakHourLps":0.055,"designFireLps":34.69}},{"type":"Feature","id":"water-E31","geometry":{"type":"LineString","coordinates":[[-78.9332161,43.8728018],[-78.933424,43.8727556]]},"properties":{"kind":"distribution","tier":"distribution","placement":"underground","from":"water-T-489","to":"water-T-488","lengthM":17.46,"sizeMm":200,"diameterIn":7.9,"nominalLabel":"8\" PVC","material":"PVC C900","depthM":1.8,"zone":0,"roadEdge":90,"customers":25,"designPeakHourLps":0.594,"designFireLps":35.05}},{"type":"Feature","id":"water-E32","geometry":{"type":"LineString","coordinates":[[-78.9331266,43.8679599],[-78.933279,43.868011],[-78.9334988,43.868009]]},"properties":{"kind":"distribution","tier":"trunk","placement":"underground","from":"water-J-66","to":"water-T-629","lengthM":31.12,"sizeMm":400,"diameterIn":15.7,"nominalLabel":"16\" ductile iron","material":"ductile iron","depthM":1.8,"zone":0,"roadEdge":85,"customers":399,"designPeakHourLps":10.501,"designFireLps":111.5}},{"type":"Feature","id":"water-E33","geometry":{"type":"LineString","coordinates":[[-78.9331266,43.8679599],[-78.9332432,43.8679019],[-78.9335013,43.8679052],[-78.9335058,43.8679051]]},"properties":{"kind":"distribution","tier":"trunk","placement":"underground","from":"water-J-66","to":"water-T-636","lengthM":32.44,"sizeMm":300,"diameterIn":11.8,"nominalLabel":"12\" PVC","material":"PVC C900","depthM":1.8,"zone":0,"roadEdge":87,"customers":38,"designPeakHourLps":1.043,"designFireLps":52.95}},{"type":"Feature","id":"water-E34","geometry":{"type":"LineString","coordinates":[[-78.9304274,43.8693344],[-78.9304402,43.869333]]},"properties":{"kind":"distribution","tier":"distribution","placement":"underground","from":"water-T-567","to":"water-T-564","lengthM":1.04,"sizeMm":150,"diameterIn":5.9,"nominalLabel":"6\" PVC","material":"PVC C900","depthM":1.8,"zone":0,"roadEdge":100,"customers":73,"designPeakHourLps":1.703,"designFireLps":35.79}},{"type":"Feature","id":"water-E35","geometry":{"type":"LineString","coordinates":[[-78.9304415,43.8709607],[-78.9307794,43.8708443]]},"properties":{"kind":"distribution","tier":"distribution","placement":"underground","from":"water-J-72","to":"water-T-562","lengthM":30.05,"sizeMm":150,"diameterIn":5.9,"nominalLabel":"6\" PVC","material":"PVC C900","depthM":1.8,"zone":0,"roadEdge":97,"customers":2,"designPeakHourLps":0.055,"designFireLps":34.69}},{"type":"Feature","id":"water-E36","geometry":{"type":"LineString","coordinates":[[-78.933424,43.8727556],[-78.9336319,43.8727095]]},"properties":{"kind":"distribution","tier":"distribution","placement":"underground","from":"water-T-488","to":"water-T-487","lengthM":17.46,"sizeMm":200,"diameterIn":7.9,"nominalLabel":"8\" PVC","material":"PVC C900","depthM":1.8,"zone":0,"roadEdge":90,"customers":24,"designPeakHourLps":0.571,"designFireLps":35.03}},{"type":"Feature","id":"water-E37","geometry":{"type":"LineString","coordinates":[[-78.9334988,43.868009],[-78.9335254,43.8680088],[-78.9336664,43.8680069],[-78.9337464,43.8680058]]},"properties":{"kind":"distribution","tier":"trunk","placement":"underground","from":"water-T-629","to":"water-T-628","lengthM":19.88,"sizeMm":400,"diameterIn":15.7,"nominalLabel":"16\" ductile iron","material":"ductile iron","depthM":1.8,"zone":0,"roadEdge":85,"customers":398,"designPeakHourLps":10.473,"designFireLps":111.48}},{"type":"Feature","id":"water-E38","geometry":{"type":"LineString","coordinates":[[-78.9335058,43.8679051],[-78.9336624,43.8679011],[-78.9337537,43.8678988]]},"properties":{"kind":"distribution","tier":"trunk","placement":"underground","from":"water-T-636","to":"water-T-635","lengthM":19.9,"sizeMm":300,"diameterIn":11.8,"nominalLabel":"12\" PVC","material":"PVC C900","depthM":1.8,"zone":0,"roadEdge":87,"customers":37,"designPeakHourLps":1.015,"designFireLps":52.93}},{"type":"Feature","id":"water-E39","geometry":{"type":"LineString","coordinates":[[-78.9304402,43.869333],[-78.9308792,43.8692858]]},"properties":{"kind":"distribution","tier":"distribution","placement":"underground","from":"water-T-564","to":"water-J-71","lengthM":35.62,"sizeMm":150,"diameterIn":5.9,"nominalLabel":"6\" PVC","material":"PVC C900","depthM":1.8,"zone":0,"roadEdge":100,"customers":72,"designPeakHourLps":1.696,"designFireLps":35.78}},{"type":"Feature","id":"water-E40","geometry":{"type":"LineString","coordinates":[[-78.9307794,43.8708443],[-78.9307869,43.8708426]]},"properties":{"kind":"distribution","tier":"distribution","placement":"underground","from":"water-T-562","to":"water-T-563","lengthM":0.63,"sizeMm":150,"diameterIn":5.9,"nominalLabel":"6\" PVC","material":"PVC C900","depthM":1.8,"zone":0,"roadEdge":97,"customers":1,"designPeakHourLps":0.024,"designFireLps":34.67}},{"type":"Feature","id":"water-E41","geometry":{"type":"LineString","coordinates":[[-78.9336319,43.8727095],[-78.9342437,43.8725736]]},"properties":{"kind":"distribution","tier":"distribution","placement":"underground","from":"water-T-487","to":"water-J-64","lengthM":51.38,"sizeMm":200,"diameterIn":7.9,"nominalLabel":"8\" PVC","material":"PVC C900","depthM":1.8,"zone":0,"roadEdge":90,"customers":23,"designPeakHourLps":0.54,"designFireLps":35.01}},{"type":"Feature","id":"water-E42","geometry":{"type":"LineString","coordinates":[[-78.9337464,43.8680058],[-78.9338972,43.8680038],[-78.9339853,43.8680027]]},"properties":{"kind":"distribution","tier":"trunk","placement":"underground","from":"water-T-628","to":"water-T-627","lengthM":19.17,"sizeMm":400,"diameterIn":15.7,"nominalLabel":"16\" ductile iron","material":"ductile iron","depthM":1.8,"zone":0,"roadEdge":85,"customers":397,"designPeakHourLps":10.445,"designFireLps":111.46}},{"type":"Feature","id":"water-E43","geometry":{"type":"LineString","coordinates":[[-78.9337537,43.8678988],[-78.9338829,43.8678954],[-78.9339931,43.8678926]]},"properties":{"kind":"distribution","tier":"trunk","placement":"underground","from":"water-T-635","to":"water-T-634","lengthM":19.22,"sizeMm":300,"diameterIn":11.8,"nominalLabel":"12\" PVC","material":"PVC C900","depthM":1.8,"zone":0,"roadEdge":87,"customers":36,"designPeakHourLps":0.987,"designFireLps":52.91}},{"type":"Feature","id":"water-E44","geometry":{"type":"LineString","coordinates":[[-78.9308792,43.8692858],[-78.9309848,43.8692712],[-78.9310858,43.8692573]]},"properties":{"kind":"distribution","tier":"distribution","placement":"underground","from":"water-J-71","to":"water-T-528","lengthM":16.88,"sizeMm":150,"diameterIn":5.9,"nominalLabel":"6\" PVC","material":"PVC C900","depthM":1.8,"zone":0,"roadEdge":95,"customers":40,"designPeakHourLps":0.99,"designFireLps":35.31}},{"type":"Feature","id":"water-E45","geometry":{"type":"LineString","coordinates":[[-78.9308792,43.8692858],[-78.9309718,43.8693784],[-78.9309773,43.8693899],[-78.9310127,43.8694713]]},"properties":{"kind":"distribution","tier":"distribution","placement":"underground","from":"water-J-71","to":"water-T-556","lengthM":23.56,"sizeMm":150,"diameterIn":5.9,"nominalLabel":"6\" PVC","material":"PVC C900","depthM":1.8,"zone":0,"roadEdge":96,"customers":32,"designPeakHourLps":0.706,"designFireLps":35.12}},{"type":"Feature","id":"water-E46","geometry":{"type":"LineString","coordinates":[[-78.9342437,43.8725736],[-78.9344512,43.8725276]]},"properties":{"kind":"distribution","tier":"distribution","placement":"underground","from":"water-J-64","to":"water-T-422","lengthM":17.42,"sizeMm":150,"diameterIn":5.9,"nominalLabel":"6\" PVC","material":"PVC C900","depthM":1.8,"zone":0,"roadEdge":79,"customers":6,"designPeakHourLps":0.131,"designFireLps":34.74}},{"type":"Feature","id":"water-E47","geometry":{"type":"LineString","coordinates":[[-78.9342437,43.8725736],[-78.9342823,43.8725351],[-78.9342479,43.8724536],[-78.9342436,43.8724435]]},"properties":{"kind":"distribution","tier":"distribution","placement":"underground","from":"water-J-64","to":"water-T-484","lengthM":15.95,"sizeMm":200,"diameterIn":7.9,"nominalLabel":"8\" PVC","material":"PVC C900","depthM":1.8,"zone":0,"roadEdge":89,"customers":17,"designPeakHourLps":0.408,"designFireLps":34.92}},{"type":"Feature","id":"water-E48","geometry":{"type":"LineString","coordinates":[[-78.9339853,43.8680027],[-78.9340662,43.8680016],[-78.9341892,43.8679964],[-78.9344332,43.8679591]]},"properties":{"kind":"distribution","tier":"trunk","placement":"underground","from":"water-T-627","to":"water-T-626","lengthM":36.4,"sizeMm":400,"diameterIn":15.7,"nominalLabel":"16\" ductile iron","material":"ductile iron","depthM":1.8,"zone":0,"roadEdge":85,"customers":396,"designPeakHourLps":10.417,"designFireLps":111.44}},{"type":"Feature","id":"water-E49","geometry":{"type":"LineString","coordinates":[[-78.9339931,43.8678926],[-78.9340529,43.8678911],[-78.9342484,43.867874]]},"properties":{"kind":"distribution","tier":"trunk","placement":"underground","from":"water-T-634","to":"water-T-633","lengthM":20.61,"sizeMm":300,"diameterIn":11.8,"nominalLabel":"12\" PVC","material":"PVC C900","depthM":1.8,"zone":0,"roadEdge":87,"customers":35,"designPeakHourLps":0.96,"designFireLps":52.89}},{"type":"Feature","id":"water-E50","geometry":{"type":"LineString","coordinates":[[-78.9310858,43.8692573],[-78.9310946,43.8692561]]},"properties":{"kind":"distribution","tier":"distribution","placement":"underground","from":"water-T-528","to":"water-T-646","lengthM":0.72,"sizeMm":150,"diameterIn":5.9,"nominalLabel":"6\" PVC","material":"PVC C900","depthM":1.8,"zone":0,"roadEdge":95,"customers":39,"designPeakHourLps":0.959,"designFireLps":35.29}},{"type":"Feature","id":"water-E51","geometry":{"type":"LineString","coordinates":[[-78.9310127,43.8694713],[-78.9310821,43.8696305]]},"properties":{"kind":"distribution","tier":"distribution","placement":"underground","from":"water-T-556","to":"water-T-555","lengthM":18.58,"sizeMm":150,"diameterIn":5.9,"nominalLabel":"6\" PVC","material":"PVC C900","depthM":1.8,"zone":0,"roadEdge":96,"customers":31,"designPeakHourLps":0.691,"designFireLps":35.11}},{"type":"Feature","id":"water-E52","geometry":{"type":"LineString","coordinates":[[-78.9344512,43.8725276],[-78.9346651,43.8724802]]},"properties":{"kind":"distribution","tier":"distribution","placement":"underground","from":"water-T-422","to":"water-T-421","lengthM":17.96,"sizeMm":150,"diameterIn":5.9,"nominalLabel":"6\" PVC","material":"PVC C900","depthM":1.8,"zone":0,"roadEdge":79,"customers":5,"designPeakHourLps":0.085,"designFireLps":34.71}},{"type":"Feature","id":"water-E53","geometry":{"type":"LineString","coordinates":[[-78.9342436,43.8724435],[-78.9342403,43.872436]]},"properties":{"kind":"distribution","tier":"distribution","placement":"underground","from":"water-T-484","to":"water-T-479","lengthM":0.88,"sizeMm":200,"diameterIn":7.9,"nominalLabel":"8\" PVC","material":"PVC C900","depthM":1.8,"zone":0,"roadEdge":89,"customers":16,"designPeakHourLps":0.385,"designFireLps":34.91}},{"type":"Feature","id":"water-E54","geometry":{"type":"LineString","coordinates":[[-78.9344332,43.8679591],[-78.9344423,43.8679577],[-78.9346684,43.867925]]},"properties":{"kind":"distribution","tier":"trunk","placement":"underground","from":"water-T-626","to":"water-T-625","lengthM":19.25,"sizeMm":400,"diameterIn":15.7,"nominalLabel":"16\" ductile iron","material":"ductile iron","depthM":1.8,"zone":0,"roadEdge":85,"customers":395,"designPeakHourLps":10.39,"designFireLps":111.43}},{"type":"Feature","id":"water-E55","geometry":{"type":"LineString","coordinates":[[-78.9342484,43.867874],[-78.9344004,43.8678607],[-78.9345166,43.8678429]]},"properties":{"kind":"distribution","tier":"trunk","placement":"underground","from":"water-T-633","to":"water-T-632","lengthM":21.82,"sizeMm":300,"diameterIn":11.8,"nominalLabel":"12\" PVC","material":"PVC C900","depthM":1.8,"zone":0,"roadEdge":87,"customers":34,"designPeakHourLps":0.932,"designFireLps":52.87}},{"type":"Feature","id":"water-E56","geometry":{"type":"LineString","coordinates":[[-78.9310946,43.8692561],[-78.9312822,43.8692302]]},"properties":{"kind":"distribution","tier":"distribution","placement":"underground","from":"water-T-646","to":"water-T-527","lengthM":15.33,"sizeMm":150,"diameterIn":5.9,"nominalLabel":"6\" PVC","material":"PVC C900","depthM":1.8,"zone":0,"roadEdge":95,"customers":39,"designPeakHourLps":0.959,"designFireLps":35.29}},{"type":"Feature","id":"water-E57","geometry":{"type":"LineString","coordinates":[[-78.9310821,43.8696305],[-78.9311459,43.869777]]},"properties":{"kind":"distribution","tier":"distribution","placement":"underground","from":"water-T-555","to":"water-T-561","lengthM":17.09,"sizeMm":150,"diameterIn":5.9,"nominalLabel":"6\" PVC","material":"PVC C900","depthM":1.8,"zone":0,"roadEdge":96,"customers":30,"designPeakHourLps":0.653,"designFireLps":35.09}},{"type":"Feature","id":"water-E58","geometry":{"type":"LineString","coordinates":[[-78.9346651,43.8724802],[-78.9348759,43.8724334],[-78.9348893,43.8724304]]},"properties":{"kind":"distribution","tier":"distribution","placement":"underground","from":"water-T-421","to":"water-T-420","lengthM":18.82,"sizeMm":150,"diameterIn":5.9,"nominalLabel":"6\" PVC","material":"PVC C900","depthM":1.8,"zone":0,"roadEdge":79,"customers":4,"designPeakHourLps":0.054,"designFireLps":34.69}},{"type":"Feature","id":"water-E59","geometry":{"type":"LineString","coordinates":[[-78.9342403,43.872436],[-78.9341716,43.8722773]]},"properties":{"kind":"distribution","tier":"distribution","placement":"underground","from":"water-T-479","to":"water-T-485","lengthM":18.51,"sizeMm":200,"diameterIn":7.9,"nominalLabel":"8\" PVC","material":"PVC C900","depthM":1.8,"zone":0,"roadEdge":89,"customers":15,"designPeakHourLps":0.377,"designFireLps":34.9}},{"type":"Feature","id":"water-E60","geometry":{"type":"LineString","coordinates":[[-78.9346684,43.867925],[-78.9347634,43.8679113],[-78.9348892,43.867887]]},"properties":{"kind":"distribution","tier":"trunk","placement":"underground","from":"water-T-625","to":"water-T-624","lengthM":18.22,"sizeMm":400,"diameterIn":15.7,"nominalLabel":"16\" ductile iron","material":"ductile iron","depthM":1.8,"zone":0,"roadEdge":85,"customers":394,"designPeakHourLps":10.362,"designFireLps":111.41}},{"type":"Feature","id":"water-E61","geometry":{"type":"LineString","coordinates":[[-78.9345166,43.8678429],[-78.9347624,43.8678052]]},"properties":{"kind":"distribution","tier":"trunk","placement":"underground","from":"water-T-632","to":"water-T-631","lengthM":20.17,"sizeMm":300,"diameterIn":11.8,"nominalLabel":"12\" PVC","material":"PVC C900","depthM":1.8,"zone":0,"roadEdge":87,"customers":33,"designPeakHourLps":0.904,"designFireLps":52.85}},{"type":"Feature","id":"water-E62","geometry":{"type":"LineString","coordinates":[[-78.9312822,43.8692302],[-78.9314922,43.8692013],[-78.9317167,43.8691522]]},"properties":{"kind":"distribution","tier":"distribution","placement":"underground","from":"water-T-527","to":"water-T-549","lengthM":35.99,"sizeMm":150,"diameterIn":5.9,"nominalLabel":"6\" PVC","material":"PVC C900","depthM":1.8,"zone":0,"roadEdge":95,"customers":38,"designPeakHourLps":0.944,"designFireLps":35.28}},{"type":"Feature","id":"water-E63","geometry":{"type":"LineString","coordinates":[[-78.9311459,43.869777],[-78.9311522,43.8697915]]},"properties":{"kind":"distribution","tier":"distribution","placement":"underground","from":"water-T-561","to":"water-T-554","lengthM":1.69,"sizeMm":150,"diameterIn":5.9,"nominalLabel":"6\" PVC","material":"PVC C900","depthM":1.8,"zone":0,"roadEdge":96,"customers":29,"designPeakHourLps":0.629,"designFireLps":35.07}},{"type":"Feature","id":"water-E64","geometry":{"type":"LineString","coordinates":[[-78.9348893,43.8724304],[-78.9348923,43.8724298]]},"properties":{"kind":"distribution","tier":"distribution","placement":"underground","from":"water-T-420","to":"water-T-426","lengthM":0.25,"sizeMm":150,"diameterIn":5.9,"nominalLabel":"6\" PVC","material":"PVC C900","depthM":1.8,"zone":0,"roadEdge":79,"customers":3,"designPeakHourLps":0.039,"designFireLps":34.68}},{"type":"Feature","id":"water-E65","geometry":{"type":"LineString","coordinates":[[-78.9341716,43.8722773],[-78.9341666,43.8722658]]},"properties":{"kind":"distribution","tier":"distribution","placement":"underground","from":"water-T-485","to":"water-T-480","lengthM":1.34,"sizeMm":200,"diameterIn":7.9,"nominalLabel":"8\" PVC","material":"PVC C900","depthM":1.8,"zone":0,"roadEdge":89,"customers":14,"designPeakHourLps":0.354,"designFireLps":34.89}},{"type":"Feature","id":"water-E66","geometry":{"type":"LineString","coordinates":[[-78.9348892,43.867887],[-78.9351368,43.8678393]]},"properties":{"kind":"distribution","tier":"trunk","placement":"underground","from":"water-T-624","to":"water-T-623","lengthM":20.57,"sizeMm":400,"diameterIn":15.7,"nominalLabel":"16\" ductile iron","material":"ductile iron","depthM":1.8,"zone":0,"roadEdge":85,"customers":393,"designPeakHourLps":10.334,"designFireLps":111.39}},{"type":"Feature","id":"water-E67","geometry":{"type":"LineString","coordinates":[[-78.9347624,43.8678052],[-78.9347904,43.8678009],[-78.9350087,43.8677545]]},"properties":{"kind":"distribution","tier":"trunk","placement":"underground","from":"water-T-631","to":"water-T-630","lengthM":20.56,"sizeMm":300,"diameterIn":11.8,"nominalLabel":"12\" PVC","material":"PVC C900","depthM":1.8,"zone":0,"roadEdge":87,"customers":32,"designPeakHourLps":0.876,"designFireLps":52.83}},{"type":"Feature","id":"water-E68","geometry":{"type":"LineString","coordinates":[[-78.9317167,43.8691522],[-78.9318914,43.869114],[-78.9320105,43.8691434],[-78.9321021,43.869206],[-78.9321327,43.8692737]]},"properties":{"kind":"distribution","tier":"distribution","placement":"underground","from":"water-T-549","to":"water-T-548","lengthM":42.81,"sizeMm":150,"diameterIn":5.9,"nominalLabel":"6\" PVC","material":"PVC C900","depthM":1.8,"zone":0,"roadEdge":95,"customers":37,"designPeakHourLps":0.912,"designFireLps":35.26}},{"type":"Feature","id":"water-E69","geometry":{"type":"LineString","coordinates":[[-78.9311522,43.8697915],[-78.931217,43.8699401]]},"properties":{"kind":"distribution","tier":"distribution","placement":"underground","from":"water-T-554","to":"water-T-553","lengthM":17.34,"sizeMm":150,"diameterIn":5.9,"nominalLabel":"6\" PVC","material":"PVC C900","depthM":1.8,"zone":0,"roadEdge":96,"customers":28,"designPeakHourLps":0.622,"designFireLps":35.06}},{"type":"Feature","id":"water-E70","geometry":{"type":"LineString","coordinates":[[-78.9348923,43.8724298],[-78.9351071,43.8723821]]},"properties":{"kind":"distribution","tier":"distribution","placement":"underground","from":"water-T-426","to":"water-T-419","lengthM":18.04,"sizeMm":150,"diameterIn":5.9,"nominalLabel":"6\" PVC","material":"PVC C900","depthM":1.8,"zone":0,"roadEdge":79,"customers":2,"designPeakHourLps":0.031,"designFireLps":34.67}},{"type":"Feature","id":"water-E71","geometry":{"type":"LineString","coordinates":[[-78.9341666,43.8722658],[-78.9340985,43.8721085]]},"properties":{"kind":"distribution","tier":"distribution","placement":"underground","from":"water-T-480","to":"water-T-486","lengthM":18.35,"sizeMm":200,"diameterIn":7.9,"nominalLabel":"8\" PVC","material":"PVC C900","depthM":1.8,"zone":0,"roadEdge":89,"customers":13,"designPeakHourLps":0.331,"designFireLps":34.87}},{"type":"Feature","id":"water-E72","geometry":{"type":"LineString","coordinates":[[-78.9351368,43.8678393],[-78.9353689,43.8677946]]},"properties":{"kind":"distribution","tier":"trunk","placement":"underground","from":"water-T-623","to":"water-J-59","lengthM":19.28,"sizeMm":400,"diameterIn":15.7,"nominalLabel":"16\" ductile iron","material":"ductile iron","depthM":1.8,"zone":0,"roadEdge":85,"customers":392,"designPeakHourLps":10.306,"designFireLps":111.37}},{"type":"Feature","id":"water-E73","geometry":{"type":"LineString","coordinates":[[-78.9350087,43.8677545],[-78.9352376,43.867706]]},"properties":{"kind":"distribution","tier":"trunk","placement":"underground","from":"water-T-630","to":"water-J-61","lengthM":19.15,"sizeMm":300,"diameterIn":11.8,"nominalLabel":"12\" PVC","material":"PVC C900","depthM":1.8,"zone":0,"roadEdge":87,"customers":31,"designPeakHourLps":0.849,"designFireLps":52.82}},{"type":"Feature","id":"water-E74","geometry":{"type":"LineString","coordinates":[[-78.9321327,43.8692737],[-78.9321622,43.8693389]]},"properties":{"kind":"distribution","tier":"distribution","placement":"underground","from":"water-T-548","to":"water-T-526","lengthM":7.64,"sizeMm":150,"diameterIn":5.9,"nominalLabel":"6\" PVC","material":"PVC C900","depthM":1.8,"zone":0,"roadEdge":95,"customers":36,"designPeakHourLps":0.89,"designFireLps":35.24}},{"type":"Feature","id":"water-E75","geometry":{"type":"LineString","coordinates":[[-78.931217,43.8699401],[-78.9312345,43.8699802],[-78.9312696,43.8700988]]},"properties":{"kind":"distribution","tier":"distribution","placement":"underground","from":"water-T-553","to":"water-T-552","lengthM":18.18,"sizeMm":150,"diameterIn":5.9,"nominalLabel":"6\" PVC","material":"PVC C900","depthM":1.8,"zone":0,"roadEdge":96,"customers":27,"designPeakHourLps":0.583,"designFireLps":35.04}},{"type":"Feature","id":"water-E76","geometry":{"type":"LineString","coordinates":[[-78.9351071,43.8723821],[-78.9351174,43.8723798]]},"properties":{"kind":"distribution","tier":"distribution","placement":"underground","from":"water-T-419","to":"water-T-425","lengthM":0.87,"sizeMm":150,"diameterIn":5.9,"nominalLabel":"6\" PVC","material":"PVC C900","depthM":1.8,"zone":0,"roadEdge":79,"customers":1,"designPeakHourLps":0.008,"designFireLps":34.66}},{"type":"Feature","id":"water-E77","geometry":{"type":"LineString","coordinates":[[-78.9340985,43.8721085],[-78.9340954,43.8721013]]},"properties":{"kind":"distribution","tier":"distribution","placement":"underground","from":"water-T-486","to":"water-T-481","lengthM":0.83,"sizeMm":200,"diameterIn":7.9,"nominalLabel":"8\" PVC","material":"PVC C900","depthM":1.8,"zone":0,"roadEdge":89,"customers":12,"designPeakHourLps":0.3,"designFireLps":34.85}},{"type":"Feature","id":"water-E78","geometry":{"type":"LineString","coordinates":[[-78.9353689,43.8677946],[-78.9357831,43.8677028]]},"properties":{"kind":"distribution","tier":"trunk","placement":"underground","from":"water-J-59","to":"water-T-606","lengthM":34.78,"sizeMm":400,"diameterIn":15.7,"nominalLabel":"16\" ductile iron","material":"ductile iron","depthM":1.8,"zone":0,"roadEdge":73,"customers":392,"designPeakHourLps":10.306,"designFireLps":111.37}},{"type":"Feature","id":"water-E79","geometry":{"type":"LineString","coordinates":[[-78.9352376,43.867706],[-78.9354303,43.8676629]]},"properties":{"kind":"distribution","tier":"trunk","placement":"underground","from":"water-J-61","to":"water-J-57","lengthM":16.19,"sizeMm":300,"diameterIn":11.8,"nominalLabel":"12\" PVC","material":"PVC C900","depthM":1.8,"zone":0,"roadEdge":83,"customers":31,"designPeakHourLps":0.849,"designFireLps":52.82}},{"type":"Feature","id":"water-E80","geometry":{"type":"LineString","coordinates":[[-78.9321622,43.8693389],[-78.9321946,43.8694106]]},"properties":{"kind":"distribution","tier":"distribution","placement":"underground","from":"water-T-526","to":"water-T-547","lengthM":8.39,"sizeMm":150,"diameterIn":5.9,"nominalLabel":"6\" PVC","material":"PVC C900","depthM":1.8,"zone":0,"roadEdge":95,"customers":35,"designPeakHourLps":0.882,"designFireLps":35.24}},{"type":"Feature","id":"water-E81","geometry":{"type":"LineString","coordinates":[[-78.9312696,43.8700988],[-78.9312701,43.8701003]]},"properties":{"kind":"distribution","tier":"distribution","placement":"underground","from":"water-T-552","to":"water-T-560","lengthM":0.17,"sizeMm":150,"diameterIn":5.9,"nominalLabel":"6\" PVC","material":"PVC C900","depthM":1.8,"zone":0,"roadEdge":96,"customers":26,"designPeakHourLps":0.544,"designFireLps":35.01}},{"type":"Feature","id":"water-E82","geometry":{"type":"LineString","coordinates":[[-78.9340954,43.8721013],[-78.9340227,43.8719335]]},"properties":{"kind":"distribution","tier":"distribution","placement":"underground","from":"water-T-481","to":"water-T-482","lengthM":19.57,"sizeMm":200,"diameterIn":7.9,"nominalLabel":"8\" PVC","material":"PVC C900","depthM":1.8,"zone":0,"roadEdge":89,"customers":11,"designPeakHourLps":0.269,"designFireLps":34.83}},{"type":"Feature","id":"water-E83","geometry":{"type":"LineString","coordinates":[[-78.9357831,43.8677028],[-78.9359908,43.8676568]]},"properties":{"kind":"distribution","tier":"trunk","placement":"underground","from":"water-T-606","to":"water-T-605","lengthM":17.43,"sizeMm":400,"diameterIn":15.7,"nominalLabel":"16\" ductile iron","material":"ductile iron","depthM":1.8,"zone":0,"roadEdge":73,"customers":391,"designPeakHourLps":10.278,"designFireLps":111.35}},{"type":"Feature","id":"water-E84","geometry":{"type":"LineString","coordinates":[[-78.9354303,43.8676629],[-78.9355106,43.8676134],[-78.9354436,43.8674719],[-78.9353563,43.867411]]},"properties":{"kind":"distribution","tier":"distribution","placement":"underground","from":"water-J-57","to":"water-J-60","lengthM":34.86,"sizeMm":200,"diameterIn":7.9,"nominalLabel":"8\" PVC","material":"PVC C900","depthM":1.8,"zone":0,"roadEdge":82,"customers":1,"designPeakHourLps":0.015,"designFireLps":63.01}},{"type":"Feature","id":"water-E85","geometry":{"type":"LineString","coordinates":[[-78.9354303,43.8676629],[-78.9356735,43.8676122]]},"properties":{"kind":"distribution","tier":"trunk","placement":"underground","from":"water-J-57","to":"water-T-622","lengthM":20.32,"sizeMm":300,"diameterIn":11.8,"nominalLabel":"12\" PVC","material":"PVC C900","depthM":1.8,"zone":0,"roadEdge":75,"customers":30,"designPeakHourLps":0.833,"designFireLps":52.81}},{"type":"Feature","id":"water-E86","geometry":{"type":"LineString","coordinates":[[-78.9321946,43.8694106],[-78.9322261,43.8694801]]},"properties":{"kind":"distribution","tier":"distribution","placement":"underground","from":"water-T-547","to":"water-T-525","lengthM":8.14,"sizeMm":150,"diameterIn":5.9,"nominalLabel":"6\" PVC","material":"PVC C900","depthM":1.8,"zone":0,"roadEdge":95,"customers":34,"designPeakHourLps":0.859,"designFireLps":35.22}},{"type":"Feature","id":"water-E87","geometry":{"type":"LineString","coordinates":[[-78.9312701,43.8701003],[-78.931288,43.8701607],[-78.9313052,43.8702571]]},"properties":{"kind":"distribution","tier":"distribution","placement":"underground","from":"water-T-560","to":"water-T-559","lengthM":17.7,"sizeMm":150,"diameterIn":5.9,"nominalLabel":"6\" PVC","material":"PVC C900","depthM":1.8,"zone":0,"roadEdge":96,"customers":25,"designPeakHourLps":0.528,"designFireLps":35.0}},{"type":"Feature","id":"water-E88","geometry":{"type":"LineString","coordinates":[[-78.9340227,43.8719335],[-78.93395,43.8717655]]},"properties":{"kind":"distribution","tier":"distribution","placement":"underground","from":"water-T-482","to":"water-T-483","lengthM":19.6,"sizeMm":200,"diameterIn":7.9,"nominalLabel":"8\" PVC","material":"PVC C900","depthM":1.8,"zone":0,"roadEdge":89,"customers":10,"designPeakHourLps":0.224,"designFireLps":34.8}},{"type":"Feature","id":"water-E89","geometry":{"type":"LineString","coordinates":[[-78.9359908,43.8676568],[-78.9361845,43.8676138]]},"properties":{"kind":"distribution","tier":"trunk","placement":"underground","from":"water-T-605","to":"water-T-604","lengthM":16.26,"sizeMm":400,"diameterIn":15.7,"nominalLabel":"16\" ductile iron","material":"ductile iron","depthM":1.8,"zone":0,"roadEdge":73,"customers":390,"designPeakHourLps":10.251,"designFireLps":111.33}},{"type":"Feature","id":"water-E90","geometry":{"type":"LineString","coordinates":[[-78.9353563,43.867411],[-78.9353425,43.8673542],[-78.9352789,43.867221],[-78.9352771,43.8672171]]},"properties":{"kind":"distribution","tier":"distribution","placement":"underground","from":"water-J-60","to":"water-T-476","lengthM":22.56,"sizeMm":200,"diameterIn":7.9,"nominalLabel":"8\" PVC","material":"PVC C900","depthM":1.8,"zone":0,"roadEdge":86,"customers":1,"designPeakHourLps":0.015,"designFireLps":63.01}},{"type":"Feature","id":"water-E91","geometry":{"type":"LineString","coordinates":[[-78.9356735,43.8676122],[-78.9359394,43.8675569]]},"properties":{"kind":"distribution","tier":"trunk","placement":"underground","from":"water-T-622","to":"water-T-621","lengthM":22.21,"sizeMm":300,"diameterIn":11.8,"nominalLabel":"12\" PVC","material":"PVC C900","depthM":1.8,"zone":0,"roadEdge":75,"customers":29,"designPeakHourLps":0.806,"designFireLps":52.79}},{"type":"Feature","id":"water-E92","geometry":{"type":"LineString","coordinates":[[-78.9322261,43.8694801],[-78.9322582,43.869551]]},"properties":{"kind":"distribution","tier":"distribution","placement":"underground","from":"water-T-525","to":"water-T-546","lengthM":8.3,"sizeMm":150,"diameterIn":5.9,"nominalLabel":"6\" PVC","material":"PVC C900","depthM":1.8,"zone":0,"roadEdge":95,"customers":33,"designPeakHourLps":0.828,"designFireLps":35.2}},{"type":"Feature","id":"water-E93","geometry":{"type":"LineString","coordinates":[[-78.9313052,43.8702571],[-78.9313075,43.8702704]]},"properties":{"kind":"distribution","tier":"distribution","placement":"underground","from":"water-T-559","to":"water-T-551","lengthM":1.49,"sizeMm":150,"diameterIn":5.9,"nominalLabel":"6\" PVC","material":"PVC C900","depthM":1.8,"zone":0,"roadEdge":96,"customers":24,"designPeakHourLps":0.513,"designFireLps":34.99}},{"type":"Feature","id":"water-E94","geometry":{"type":"LineString","coordinates":[[-78.93395,43.8717655],[-78.9338799,43.8716035]]},"properties":{"kind":"distribution","tier":"distribution","placement":"underground","from":"water-T-483","to":"water-J-65","lengthM":18.88,"sizeMm":200,"diameterIn":7.9,"nominalLabel":"8\" PVC","material":"PVC C900","depthM":1.8,"zone":0,"roadEdge":89,"customers":9,"designPeakHourLps":0.216,"designFireLps":34.79}},{"type":"Feature","id":"water-E95","geometry":{"type":"LineString","coordinates":[[-78.9361845,43.8676138],[-78.9363784,43.8675708]]},"properties":{"kind":"distribution","tier":"trunk","placement":"underground","from":"water-T-604","to":"water-T-603","lengthM":16.28,"sizeMm":400,"diameterIn":15.7,"nominalLabel":"16\" ductile iron","material":"ductile iron","depthM":1.8,"zone":0,"roadEdge":73,"customers":389,"designPeakHourLps":10.223,"designFireLps":111.32}},{"type":"Feature","id":"water-E96","geometry":{"type":"LineString","coordinates":[[-78.9359394,43.8675569],[-78.9361872,43.8675053],[-78.936479,43.8674364],[-78.9366057,43.8674079],[-78.9367454,43.867378]]},"properties":{"kind":"distribution","tier":"trunk","placement":"underground","from":"water-T-621","to":"water-J-50","lengthM":67.68,"sizeMm":300,"diameterIn":11.8,"nominalLabel":"12\" PVC","material":"PVC C900","depthM":1.8,"zone":0,"roadEdge":75,"customers":28,"designPeakHourLps":0.778,"designFireLps":52.77}},{"type":"Feature","id":"water-E97","geometry":{"type":"LineString","coordinates":[[-78.9322582,43.869551],[-78.9322867,43.869614]]},"properties":{"kind":"distribution","tier":"distribution","placement":"underground","from":"water-T-546","to":"water-T-524","lengthM":7.38,"sizeMm":150,"diameterIn":5.9,"nominalLabel":"6\" PVC","material":"PVC C900","depthM":1.8,"zone":0,"roadEdge":95,"customers":32,"designPeakHourLps":0.812,"designFireLps":35.19}},{"type":"Feature","id":"water-E98","geometry":{"type":"LineString","coordinates":[[-78.9313075,43.8702704],[-78.9313181,43.8703298],[-78.9313434,43.8704156]]},"properties":{"kind":"distribution","tier":"distribution","placement":"underground","from":"water-T-551","to":"water-T-558","lengthM":16.42,"sizeMm":150,"diameterIn":5.9,"nominalLabel":"6\" PVC","material":"PVC C900","depthM":1.8,"zone":0,"roadEdge":96,"customers":23,"designPeakHourLps":0.483,"designFireLps":34.97}},{"type":"Feature","id":"water-E99","geometry":{"type":"LineString","coordinates":[[-78.9338799,43.8716035],[-78.9337562,43.8715895],[-78.9337079,43.8714793]]},"properties":{"kind":"distribution","tier":"distribution","placement":"underground","from":"water-J-65","to":"water-T-464","lengthM":22.91,"sizeMm":150,"diameterIn":5.9,"nominalLabel":"6\" PVC","material":"PVC C900","depthM":1.8,"zone":0,"roadEdge":84,"customers":7,"designPeakHourLps":0.169,"designFireLps":34.76}},{"type":"Feature","id":"water-E100","geometry":{"type":"LineString","coordinates":[[-78.9338799,43.8716035],[-78.9339154,43.871554],[-78.9339713,43.8715415],[-78.9340289,43.8715278]]},"properties":{"kind":"distribution","tier":"distribution","placement":"underground","from":"water-J-65","to":"water-T-478","lengthM":15.77,"sizeMm":200,"diameterIn":7.9,"nominalLabel":"8\" PVC","material":"PVC C900","depthM":1.8,"zone":0,"roadEdge":88,"customers":2,"designPeakHourLps":0.047,"designFireLps":63.03}},{"type":"Feature","id":"water-E101","geometry":{"type":"LineString","coordinates":[[-78.9363784,43.8675708],[-78.9366495,43.8675107],[-78.936788,43.86748]]},"properties":{"kind":"distribution","tier":"trunk","placement":"underground","from":"water-T-603","to":"water-J-49","lengthM":34.39,"sizeMm":400,"diameterIn":15.7,"nominalLabel":"16\" ductile iron","material":"ductile iron","depthM":1.8,"zone":0,"roadEdge":73,"customers":388,"designPeakHourLps":10.195,"designFireLps":111.3}},{"type":"Feature","id":"water-E102","geometry":{"type":"LineString","coordinates":[[-78.9367454,43.867378],[-78.9368849,43.8673481]]},"properties":{"kind":"distribution","tier":"trunk","placement":"underground","from":"water-J-50","to":"water-J-48","lengthM":11.68,"sizeMm":300,"diameterIn":11.8,"nominalLabel":"12\" PVC","material":"PVC C900","depthM":1.8,"zone":0,"roadEdge":70,"customers":14,"designPeakHourLps":0.389,"designFireLps":52.51}},{"type":"Feature","id":"water-E103","geometry":{"type":"LineString","coordinates":[[-78.9367454,43.867378],[-78.9367462,43.8672406]]},"properties":{"kind":"distribution","tier":"trunk","placement":"underground","from":"water-J-50","to":"water-T-607","lengthM":15.3,"sizeMm":300,"diameterIn":11.8,"nominalLabel":"12\" PVC","material":"PVC C900","depthM":1.8,"zone":0,"roadEdge":74,"customers":14,"designPeakHourLps":0.389,"designFireLps":95.26}},{"type":"Feature","id":"water-E104","geometry":{"type":"LineString","coordinates":[[-78.9322867,43.869614],[-78.9323238,43.8696962]]},"properties":{"kind":"distribution","tier":"distribution","placement":"underground","from":"water-T-524","to":"water-T-545","lengthM":9.62,"sizeMm":150,"diameterIn":5.9,"nominalLabel":"6\" PVC","material":"PVC C900","depthM":1.8,"zone":0,"roadEdge":95,"customers":31,"designPeakHourLps":0.782,"designFireLps":35.17}},{"type":"Feature","id":"water-E105","geometry":{"type":"LineString","coordinates":[[-78.9313434,43.8704156],[-78.9313578,43.8704643],[-78.9314076,43.8705748]]},"properties":{"kind":"distribution","tier":"distribution","placement":"underground","from":"water-T-558","to":"water-T-557","lengthM":18.48,"sizeMm":150,"diameterIn":5.9,"nominalLabel":"6\" PVC","material":"PVC C900","depthM":1.8,"zone":0,"roadEdge":96,"customers":22,"designPeakHourLps":0.459,"designFireLps":34.96}},{"type":"Feature","id":"water-E106","geometry":{"type":"LineString","coordinates":[[-78.9337079,43.8714793],[-78.9337046,43.8714718]]},"properties":{"kind":"distribution","tier":"distribution","placement":"underground","from":"water-T-464","to":"water-T-475","lengthM":0.88,"sizeMm":150,"diameterIn":5.9,"nominalLabel":"6\" PVC","material":"PVC C900","depthM":1.8,"zone":0,"roadEdge":84,"customers":6,"designPeakHourLps":0.138,"designFireLps":34.74}},{"type":"Feature","id":"water-E107","geometry":{"type":"LineString","coordinates":[[-78.9340289,43.8715278],[-78.9342721,43.8714702]]},"properties":{"kind":"distribution","tier":"distribution","placement":"underground","from":"water-T-478","to":"water-T-477","lengthM":20.55,"sizeMm":200,"diameterIn":7.9,"nominalLabel":"8\" PVC","material":"PVC C900","depthM":1.8,"zone":0,"roadEdge":88,"customers":1,"designPeakHourLps":0.024,"designFireLps":63.02}},{"type":"Feature","id":"water-E108","geometry":{"type":"LineString","coordinates":[[-78.936788,43.86748],[-78.9369044,43.8676131],[-78.9370264,43.8678651],[-78.9371047,43.8679475]]},"properties":{"kind":"distribution","tier":"trunk","placement":"underground","from":"water-J-49","to":"water-J-45","lengthM":58.34,"sizeMm":400,"diameterIn":15.7,"nominalLabel":"16\" ductile iron","material":"ductile iron","depthM":1.8,"zone":0,"roadEdge":65,"customers":386,"designPeakHourLps":10.14,"designFireLps":111.26}},{"type":"Feature","id":"water-E109","geometry":{"type":"LineString","coordinates":[[-78.936788,43.86748],[-78.9369306,43.8674482]]},"properties":{"kind":"distribution","tier":"trunk","placement":"underground","from":"water-J-49","to":"water-J-47","lengthM":11.98,"sizeMm":300,"diameterIn":11.8,"nominalLabel":"12\" PVC","material":"PVC C900","depthM":1.8,"zone":0,"roadEdge":69,"customers":2,"designPeakHourLps":0.056,"designFireLps":52.29}},{"type":"Feature","id":"water-E110","geometry":{"type":"LineString","coordinates":[[-78.9368849,43.8673481],[-78.9369294,43.8673096],[-78.9368922,43.8672177]]},"properties":{"kind":"distribution","tier":"trunk","placement":"underground","from":"water-J-48","to":"water-T-589","lengthM":16.25,"sizeMm":300,"diameterIn":11.8,"nominalLabel":"12\" PVC","material":"PVC C900","depthM":1.8,"zone":0,"roadEdge":71,"customers":14,"designPeakHourLps":0.389,"designFireLps":95.26}},{"type":"Feature","id":"water-E111","geometry":{"type":"LineString","coordinates":[[-78.9367462,43.8672406],[-78.9366763,43.8670733]]},"properties":{"kind":"distribution","tier":"trunk","placement":"underground","from":"water-T-607","to":"water-T-608","lengthM":19.44,"sizeMm":300,"diameterIn":11.8,"nominalLabel":"12\" PVC","material":"PVC C900","depthM":1.8,"zone":0,"roadEdge":74,"customers":13,"designPeakHourLps":0.361,"designFireLps":95.24}},{"type":"Feature","id":"water-E112","geometry":{"type":"LineString","coordinates":[[-78.9323238,43.8696962],[-78.9323507,43.8697556]]},"properties":{"kind":"distribution","tier":"distribution","placement":"underground","from":"water-T-545","to":"water-T-523","lengthM":6.95,"sizeMm":150,"diameterIn":5.9,"nominalLabel":"6\" PVC","material":"PVC C900","depthM":1.8,"zone":0,"roadEdge":95,"customers":30,"designPeakHourLps":0.758,"designFireLps":35.16}},{"type":"Feature","id":"water-E113","geometry":{"type":"LineString","coordinates":[[-78.9314076,43.8705748],[-78.9314089,43.8705777]]},"properties":{"kind":"distribution","tier":"distribution","placement":"underground","from":"water-T-557","to":"water-T-550","lengthM":0.33,"sizeMm":150,"diameterIn":5.9,"nominalLabel":"6\" PVC","material":"PVC C900","depthM":1.8,"zone":0,"roadEdge":96,"customers":21,"designPeakHourLps":0.444,"designFireLps":34.95}},{"type":"Feature","id":"water-E114","geometry":{"type":"LineString","coordinates":[[-78.9337046,43.8714718],[-78.9336453,43.8713365]]},"properties":{"kind":"distribution","tier":"distribution","placement":"underground","from":"water-T-475","to":"water-T-463","lengthM":15.8,"sizeMm":150,"diameterIn":5.9,"nominalLabel":"6\" PVC","material":"PVC C900","depthM":1.8,"zone":0,"roadEdge":84,"customers":5,"designPeakHourLps":0.131,"designFireLps":34.74}},{"type":"Feature","id":"water-E115","geometry":{"type":"LineString","coordinates":[[-78.9371047,43.8679475],[-78.9371516,43.8680403]]},"properties":{"kind":"distribution","tier":"trunk","placement":"underground","from":"water-J-45","to":"water-J-43","lengthM":11.0,"sizeMm":400,"diameterIn":15.7,"nominalLabel":"16\" ductile iron","material":"ductile iron","depthM":1.8,"zone":0,"roadEdge":61,"customers":386,"designPeakHourLps":10.14,"designFireLps":111.26}},{"type":"Feature","id":"water-E116","geometry":{"type":"LineString","coordinates":[[-78.9369306,43.8674482],[-78.9370456,43.8675792],[-78.9370631,43.8676179]]},"properties":{"kind":"distribution","tier":"trunk","placement":"underground","from":"water-J-47","to":"water-T-588","lengthM":21.79,"sizeMm":300,"diameterIn":11.8,"nominalLabel":"12\" PVC","material":"PVC C900","depthM":1.8,"zone":0,"roadEdge":64,"customers":2,"designPeakHourLps":0.056,"designFireLps":52.29}},{"type":"Feature","id":"water-E117","geometry":{"type":"LineString","coordinates":[[-78.9368922,43.8672177],[-78.9368244,43.8670507]]},"properties":{"kind":"distribution","tier":"trunk","placement":"underground","from":"water-T-589","to":"water-T-590","lengthM":19.37,"sizeMm":300,"diameterIn":11.8,"nominalLabel":"12\" PVC","material":"PVC C900","depthM":1.8,"zone":0,"roadEdge":71,"customers":13,"designPeakHourLps":0.361,"designFireLps":95.24}},{"type":"Feature","id":"water-E118","geometry":{"type":"LineString","coordinates":[[-78.9366763,43.8670733],[-78.9366092,43.8669131]]},"properties":{"kind":"distribution","tier":"trunk","placement":"underground","from":"water-T-608","to":"water-T-609","lengthM":18.63,"sizeMm":300,"diameterIn":11.8,"nominalLabel":"12\" PVC","material":"PVC C900","depthM":1.8,"zone":0,"roadEdge":74,"customers":12,"designPeakHourLps":0.333,"designFireLps":95.22}},{"type":"Feature","id":"water-E119","geometry":{"type":"LineString","coordinates":[[-78.9323507,43.8697556],[-78.9323924,43.8698478],[-78.9324091,43.8699159]]},"properties":{"kind":"distribution","tier":"distribution","placement":"underground","from":"water-T-523","to":"water-T-522","lengthM":18.49,"sizeMm":150,"diameterIn":5.9,"nominalLabel":"6\" PVC","material":"PVC C900","depthM":1.8,"zone":0,"roadEdge":95,"customers":29,"designPeakHourLps":0.719,"designFireLps":35.13}},{"type":"Feature","id":"water-E120","geometry":{"type":"LineString","coordinates":[[-78.9314089,43.8705777],[-78.9314458,43.8706595],[-78.9314779,43.8707305]]},"properties":{"kind":"distribution","tier":"distribution","placement":"underground","from":"water-T-550","to":"water-J-69","lengthM":17.89,"sizeMm":150,"diameterIn":5.9,"nominalLabel":"6\" PVC","material":"PVC C900","depthM":1.8,"zone":0,"roadEdge":96,"customers":20,"designPeakHourLps":0.428,"designFireLps":34.94}},{"type":"Feature","id":"water-E121","geometry":{"type":"LineString","coordinates":[[-78.9336453,43.8713365],[-78.9336394,43.871323]]},"properties":{"kind":"distribution","tier":"distribution","placement":"underground","from":"water-T-463","to":"water-T-474","lengthM":1.57,"sizeMm":150,"diameterIn":5.9,"nominalLabel":"6\" PVC","material":"PVC C900","depthM":1.8,"zone":0,"roadEdge":84,"customers":4,"designPeakHourLps":0.085,"designFireLps":34.71}},{"type":"Feature","id":"water-E122","geometry":{"type":"LineString","coordinates":[[-78.9371516,43.8680403],[-78.9369597,43.8680423],[-78.9369199,43.8680512],[-78.9366596,43.8681096]]},"properties":{"kind":"distribution","tier":"distribution","placement":"underground","from":"water-J-43","to":"water-T-362","lengthM":40.63,"sizeMm":150,"diameterIn":5.9,"nominalLabel":"6\" PVC","material":"PVC C900","depthM":1.8,"zone":0,"roadEdge":62,"customers":41,"designPeakHourLps":0.917,"designFireLps":35.26}},{"type":"Feature","id":"water-E123","geometry":{"type":"LineString","coordinates":[[-78.9371516,43.8680403],[-78.9372148,43.868185]]},"properties":{"kind":"distribution","tier":"trunk","placement":"underground","from":"water-J-43","to":"water-T-586","lengthM":16.89,"sizeMm":400,"diameterIn":15.7,"nominalLabel":"16\" ductile iron","material":"ductile iron","depthM":1.8,"zone":0,"roadEdge":58,"customers":345,"designPeakHourLps":9.222,"designFireLps":110.65}},{"type":"Feature","id":"water-E124","geometry":{"type":"LineString","coordinates":[[-78.9370631,43.8676179],[-78.9371212,43.8677462]]},"properties":{"kind":"distribution","tier":"trunk","placement":"underground","from":"water-T-588","to":"water-T-587","lengthM":15.02,"sizeMm":300,"diameterIn":11.8,"nominalLabel":"12\" PVC","material":"PVC C900","depthM":1.8,"zone":0,"roadEdge":64,"customers":1,"designPeakHourLps":0.028,"designFireLps":52.27}},{"type":"Feature","id":"water-E125","geometry":{"type":"LineString","coordinates":[[-78.9368244,43.8670507],[-78.9367599,43.8668914]]},"properties":{"kind":"distribution","tier":"trunk","placement":"underground","from":"water-T-590","to":"water-T-591","lengthM":18.47,"sizeMm":300,"diameterIn":11.8,"nominalLabel":"12\" PVC","material":"PVC C900","depthM":1.8,"zone":0,"roadEdge":71,"customers":12,"designPeakHourLps":0.333,"designFireLps":95.22}},{"type":"Feature","id":"water-E126","geometry":{"type":"LineString","coordinates":[[-78.9366092,43.8669131],[-78.9365435,43.866756]]},"properties":{"kind":"distribution","tier":"trunk","placement":"underground","from":"water-T-609","to":"water-T-610","lengthM":18.27,"sizeMm":300,"diameterIn":11.8,"nominalLabel":"12\" PVC","material":"PVC C900","depthM":1.8,"zone":0,"roadEdge":74,"customers":11,"designPeakHourLps":0.306,"designFireLps":95.2}},{"type":"Feature","id":"water-E127","geometry":{"type":"LineString","coordinates":[[-78.9324091,43.8699159],[-78.9324256,43.869983]]},"properties":{"kind":"distribution","tier":"distribution","placement":"underground","from":"water-T-522","to":"water-T-544","lengthM":7.59,"sizeMm":150,"diameterIn":5.9,"nominalLabel":"6\" PVC","material":"PVC C900","depthM":1.8,"zone":0,"roadEdge":95,"customers":28,"designPeakHourLps":0.704,"designFireLps":35.12}},{"type":"Feature","id":"water-E128","geometry":{"type":"LineString","coordinates":[[-78.9314779,43.8707305],[-78.9315408,43.870874]]},"properties":{"kind":"distribution","tier":"distribution","placement":"underground","from":"water-J-69","to":"water-T-496","lengthM":16.76,"sizeMm":150,"diameterIn":5.9,"nominalLabel":"6\" PVC","material":"PVC C900","depthM":1.8,"zone":0,"roadEdge":94,"customers":20,"designPeakHourLps":0.428,"designFireLps":34.94}},{"type":"Feature","id":"water-E129","geometry":{"type":"LineString","coordinates":[[-78.9336394,43.871323],[-78.9335817,43.8711913]]},"properties":{"kind":"distribution","tier":"distribution","placement":"underground","from":"water-T-474","to":"water-T-462","lengthM":15.38,"sizeMm":150,"diameterIn":5.9,"nominalLabel":"6\" PVC","material":"PVC C900","depthM":1.8,"zone":0,"roadEdge":84,"customers":3,"designPeakHourLps":0.069,"designFireLps":34.7}},{"type":"Feature","id":"water-E130","geometry":{"type":"LineString","coordinates":[[-78.9366596,43.8681096],[-78.9366567,43.8681102]]},"properties":{"kind":"distribution","tier":"distribution","placement":"underground","from":"water-T-362","to":"water-T-358","lengthM":0.24,"sizeMm":150,"diameterIn":5.9,"nominalLabel":"6\" PVC","material":"PVC C900","depthM":1.8,"zone":0,"roadEdge":62,"customers":40,"designPeakHourLps":0.902,"designFireLps":35.25}},{"type":"Feature","id":"water-E131","geometry":{"type":"LineString","coordinates":[[-78.9372148,43.868185],[-78.9372734,43.8683191]]},"properties":{"kind":"distribution","tier":"trunk","placement":"underground","from":"water-T-586","to":"water-T-585","lengthM":15.65,"sizeMm":400,"diameterIn":15.7,"nominalLabel":"16\" ductile iron","material":"ductile iron","depthM":1.8,"zone":0,"roadEdge":58,"customers":344,"designPeakHourLps":9.194,"designFireLps":110.63}},{"type":"Feature","id":"water-E132","geometry":{"type":"LineString","coordinates":[[-78.9367599,43.8668914],[-78.9366938,43.8667286]]},"properties":{"kind":"distribution","tier":"trunk","placement":"underground","from":"water-T-591","to":"water-T-592","lengthM":18.89,"sizeMm":300,"diameterIn":11.8,"nominalLabel":"12\" PVC","material":"PVC C900","depthM":1.8,"zone":0,"roadEdge":71,"customers":11,"designPeakHourLps":0.306,"designFireLps":95.2}},{"type":"Feature","id":"water-E133","geometry":{"type":"LineString","coordinates":[[-78.9365435,43.866756],[-78.9364926,43.8666342],[-78.9364746,43.8665884]]},"properties":{"kind":"distribution","tier":"trunk","placement":"underground","from":"water-T-610","to":"water-T-611","lengthM":19.46,"sizeMm":300,"diameterIn":11.8,"nominalLabel":"12\" PVC","material":"PVC C900","depthM":1.8,"zone":0,"roadEdge":74,"customers":10,"designPeakHourLps":0.278,"designFireLps":95.19}},{"type":"Feature","id":"water-E134","geometry":{"type":"LineString","coordinates":[[-78.9324256,43.869983],[-78.9324376,43.8700316],[-78.9324426,43.8700704]]},"properties":{"kind":"distribution","tier":"distribution","placement":"underground","from":"water-T-544","to":"water-T-521","lengthM":9.83,"sizeMm":150,"diameterIn":5.9,"nominalLabel":"6\" PVC","material":"PVC C900","depthM":1.8,"zone":0,"roadEdge":95,"customers":27,"designPeakHourLps":0.697,"designFireLps":35.11}},{"type":"Feature","id":"water-E135","geometry":{"type":"LineString","coordinates":[[-78.9315408,43.870874],[-78.9315409,43.8708744]]},"properties":{"kind":"distribution","tier":"distribution","placement":"underground","from":"water-T-496","to":"water-T-507","lengthM":0.04,"sizeMm":150,"diameterIn":5.9,"nominalLabel":"6\" PVC","material":"PVC C900","depthM":1.8,"zone":0,"roadEdge":94,"customers":19,"designPeakHourLps":0.421,"designFireLps":34.93}},{"type":"Feature","id":"water-E136","geometry":{"type":"LineString","coordinates":[[-78.9335817,43.8711913],[-78.9335755,43.8711771]]},"properties":{"kind":"distribution","tier":"distribution","placement":"underground","from":"water-T-462","to":"water-T-473","lengthM":1.66,"sizeMm":150,"diameterIn":5.9,"nominalLabel":"6\" PVC","material":"PVC C900","depthM":1.8,"zone":0,"roadEdge":84,"customers":2,"designPeakHourLps":0.031,"designFireLps":34.67}},{"type":"Feature","id":"water-E137","geometry":{"type":"LineString","coordinates":[[-78.9366567,43.8681102],[-78.9364684,43.8681524]]},"properties":{"kind":"distribution","tier":"distribution","placement":"underground","from":"water-T-358","to":"water-T-363","lengthM":15.83,"sizeMm":150,"diameterIn":5.9,"nominalLabel":"6\" PVC","material":"PVC C900","depthM":1.8,"zone":0,"roadEdge":62,"customers":39,"designPeakHourLps":0.894,"designFireLps":35.25}},{"type":"Feature","id":"water-E138","geometry":{"type":"LineString","coordinates":[[-78.9372734,43.8683191],[-78.9373329,43.8684555]]},"properties":{"kind":"distribution","tier":"trunk","placement":"underground","from":"water-T-585","to":"water-T-584","lengthM":15.91,"sizeMm":400,"diameterIn":15.7,"nominalLabel":"16\" ductile iron","material":"ductile iron","depthM":1.8,"zone":0,"roadEdge":58,"customers":343,"designPeakHourLps":9.167,"designFireLps":110.61}},{"type":"Feature","id":"water-E139","geometry":{"type":"LineString","coordinates":[[-78.9366938,43.8667286],[-78.9366598,43.8666446],[-78.9366271,43.8665607]]},"properties":{"kind":"distribution","tier":"trunk","placement":"underground","from":"water-T-592","to":"water-T-593","lengthM":19.44,"sizeMm":300,"diameterIn":11.8,"nominalLabel":"12\" PVC","material":"PVC C900","depthM":1.8,"zone":0,"roadEdge":71,"customers":10,"designPeakHourLps":0.278,"designFireLps":95.19}},{"type":"Feature","id":"water-E140","geometry":{"type":"LineString","coordinates":[[-78.9364746,43.8665884],[-78.9364093,43.8664222]]},"properties":{"kind":"distribution","tier":"trunk","placement":"underground","from":"water-T-611","to":"water-T-612","lengthM":19.23,"sizeMm":300,"diameterIn":11.8,"nominalLabel":"12\" PVC","material":"PVC C900","depthM":1.8,"zone":0,"roadEdge":74,"customers":9,"designPeakHourLps":0.25,"designFireLps":95.17}},{"type":"Feature","id":"water-E141","geometry":{"type":"LineString","coordinates":[[-78.9324426,43.8700704],[-78.9324494,43.8701219]]},"properties":{"kind":"distribution","tier":"distribution","placement":"underground","from":"water-T-521","to":"water-T-543","lengthM":5.76,"sizeMm":150,"diameterIn":5.9,"nominalLabel":"6\" PVC","material":"PVC C900","depthM":1.8,"zone":0,"roadEdge":95,"customers":26,"designPeakHourLps":0.674,"designFireLps":35.1}},{"type":"Feature","id":"water-E142","geometry":{"type":"LineString","coordinates":[[-78.9315409,43.8708744],[-78.9316028,43.8710154]]},"properties":{"kind":"distribution","tier":"distribution","placement":"underground","from":"water-T-507","to":"water-T-506","lengthM":16.47,"sizeMm":150,"diameterIn":5.9,"nominalLabel":"6\" PVC","material":"PVC C900","depthM":1.8,"zone":0,"roadEdge":94,"customers":18,"designPeakHourLps":0.405,"designFireLps":34.92}},{"type":"Feature","id":"water-E143","geometry":{"type":"LineString","coordinates":[[-78.9335755,43.8711771],[-78.9335221,43.8710553]]},"properties":{"kind":"distribution","tier":"distribution","placement":"underground","from":"water-T-473","to":"water-T-461","lengthM":14.22,"sizeMm":150,"diameterIn":5.9,"nominalLabel":"6\" PVC","material":"PVC C900","depthM":1.8,"zone":0,"roadEdge":84,"customers":1,"designPeakHourLps":0.024,"designFireLps":34.67}},{"type":"Feature","id":"water-E144","geometry":{"type":"LineString","coordinates":[[-78.9364684,43.8681524],[-78.936448,43.868157]]},"properties":{"kind":"distribution","tier":"distribution","placement":"underground","from":"water-T-363","to":"water-T-359","lengthM":1.71,"sizeMm":150,"diameterIn":5.9,"nominalLabel":"6\" PVC","material":"PVC C900","depthM":1.8,"zone":0,"roadEdge":62,"customers":38,"designPeakHourLps":0.871,"designFireLps":35.23}},{"type":"Feature","id":"water-E145","geometry":{"type":"LineString","coordinates":[[-78.9373329,43.8684555],[-78.9373344,43.868459]]},"properties":{"kind":"distribution","tier":"trunk","placement":"underground","from":"water-T-584","to":"water-T-580","lengthM":0.42,"sizeMm":400,"diameterIn":15.7,"nominalLabel":"16\" ductile iron","material":"ductile iron","depthM":1.8,"zone":0,"roadEdge":58,"customers":342,"designPeakHourLps":9.139,"designFireLps":110.59}},{"type":"Feature","id":"water-E146","geometry":{"type":"LineString","coordinates":[[-78.9366271,43.8665607],[-78.936567,43.8664067]]},"properties":{"kind":"distribution","tier":"trunk","placement":"underground","from":"water-T-593","to":"water-T-594","lengthM":17.81,"sizeMm":300,"diameterIn":11.8,"nominalLabel":"12\" PVC","material":"PVC C900","depthM":1.8,"zone":0,"roadEdge":71,"customers":9,"designPeakHourLps":0.25,"designFireLps":95.17}},{"type":"Feature","id":"water-E147","geometry":{"type":"LineString","coordinates":[[-78.9364093,43.8664222],[-78.936345,43.8662584]]},"properties":{"kind":"distribution","tier":"trunk","placement":"underground","from":"water-T-612","to":"water-T-613","lengthM":18.96,"sizeMm":300,"diameterIn":11.8,"nominalLabel":"12\" PVC","material":"PVC C900","depthM":1.8,"zone":0,"roadEdge":74,"customers":8,"designPeakHourLps":0.222,"designFireLps":95.15}},{"type":"Feature","id":"water-E148","geometry":{"type":"LineString","coordinates":[[-78.9324494,43.8701219],[-78.9324628,43.870224]]},"properties":{"kind":"distribution","tier":"distribution","placement":"underground","from":"water-T-543","to":"water-T-520","lengthM":11.43,"sizeMm":150,"diameterIn":5.9,"nominalLabel":"6\" PVC","material":"PVC C900","depthM":1.8,"zone":0,"roadEdge":95,"customers":25,"designPeakHourLps":0.65,"designFireLps":35.08}},{"type":"Feature","id":"water-E149","geometry":{"type":"LineString","coordinates":[[-78.9316028,43.8710154],[-78.9316044,43.8710191]]},"properties":{"kind":"distribution","tier":"distribution","placement":"underground","from":"water-T-506","to":"water-T-495","lengthM":0.43,"sizeMm":150,"diameterIn":5.9,"nominalLabel":"6\" PVC","material":"PVC C900","depthM":1.8,"zone":0,"roadEdge":94,"customers":17,"designPeakHourLps":0.397,"designFireLps":34.91}},{"type":"Feature","id":"water-E150","geometry":{"type":"LineString","coordinates":[[-78.936448,43.868157],[-78.9362618,43.8681987]]},"properties":{"kind":"distribution","tier":"distribution","placement":"underground","from":"water-T-359","to":"water-T-364","lengthM":15.65,"sizeMm":150,"diameterIn":5.9,"nominalLabel":"6\" PVC","material":"PVC C900","depthM":1.8,"zone":0,"roadEdge":62,"customers":37,"designPeakHourLps":0.84,"designFireLps":35.21}},{"type":"Feature","id":"water-E151","geometry":{"type":"LineString","coordinates":[[-78.9373344,43.868459],[-78.9373956,43.8685992]]},"properties":{"kind":"distribution","tier":"trunk","placement":"underground","from":"water-T-580","to":"water-T-583","lengthM":16.35,"sizeMm":400,"diameterIn":15.7,"nominalLabel":"16\" ductile iron","material":"ductile iron","depthM":1.8,"zone":0,"roadEdge":58,"customers":341,"designPeakHourLps":9.111,"designFireLps":110.57}},{"type":"Feature","id":"water-E152","geometry":{"type":"LineString","coordinates":[[-78.936567,43.8664067],[-78.9365667,43.866406],[-78.9365012,43.8662477]]},"properties":{"kind":"distribution","tier":"trunk","placement":"underground","from":"water-T-594","to":"water-T-595","lengthM":18.47,"sizeMm":300,"diameterIn":11.8,"nominalLabel":"12\" PVC","material":"PVC C900","depthM":1.8,"zone":0,"roadEdge":71,"customers":8,"designPeakHourLps":0.222,"designFireLps":95.15}},{"type":"Feature","id":"water-E153","geometry":{"type":"LineString","coordinates":[[-78.936345,43.8662584],[-78.9362752,43.8660807]]},"properties":{"kind":"distribution","tier":"trunk","placement":"underground","from":"water-T-613","to":"water-T-614","lengthM":20.56,"sizeMm":300,"diameterIn":11.8,"nominalLabel":"12\" PVC","material":"PVC C900","depthM":1.8,"zone":0,"roadEdge":74,"customers":7,"designPeakHourLps":0.194,"designFireLps":95.13}},{"type":"Feature","id":"water-E154","geometry":{"type":"LineString","coordinates":[[-78.9324628,43.870224],[-78.9324691,43.8702727]]},"properties":{"kind":"distribution","tier":"distribution","placement":"underground","from":"water-T-520","to":"water-T-542","lengthM":5.44,"sizeMm":150,"diameterIn":5.9,"nominalLabel":"6\" PVC","material":"PVC C900","depthM":1.8,"zone":0,"roadEdge":95,"customers":24,"designPeakHourLps":0.619,"designFireLps":35.06}},{"type":"Feature","id":"water-E155","geometry":{"type":"LineString","coordinates":[[-78.9316044,43.8710191],[-78.9316665,43.871161]]},"properties":{"kind":"distribution","tier":"distribution","placement":"underground","from":"water-T-495","to":"water-T-505","lengthM":16.56,"sizeMm":150,"diameterIn":5.9,"nominalLabel":"6\" PVC","material":"PVC C900","depthM":1.8,"zone":0,"roadEdge":94,"customers":16,"designPeakHourLps":0.382,"designFireLps":34.9}},{"type":"Feature","id":"water-E156","geometry":{"type":"LineString","coordinates":[[-78.9362618,43.8681987],[-78.9362516,43.868201]]},"properties":{"kind":"distribution","tier":"distribution","placement":"underground","from":"water-T-364","to":"water-T-360","lengthM":0.86,"sizeMm":150,"diameterIn":5.9,"nominalLabel":"6\" PVC","material":"PVC C900","depthM":1.8,"zone":0,"roadEdge":62,"customers":36,"designPeakHourLps":0.81,"designFireLps":35.19}},{"type":"Feature","id":"water-E157","geometry":{"type":"LineString","coordinates":[[-78.9373956,43.8685992],[-78.9374232,43.8686625],[-78.9374503,43.8687312]]},"properties":{"kind":"distribution","tier":"trunk","placement":"underground","from":"water-T-583","to":"water-T-579","lengthM":15.34,"sizeMm":400,"diameterIn":15.7,"nominalLabel":"16\" ductile iron","material":"ductile iron","depthM":1.8,"zone":0,"roadEdge":58,"customers":340,"designPeakHourLps":9.083,"designFireLps":110.56}},{"type":"Feature","id":"water-E158","geometry":{"type":"LineString","coordinates":[[-78.9365012,43.8662477],[-78.936434,43.8660855]]},"properties":{"kind":"distribution","tier":"trunk","placement":"underground","from":"water-T-595","to":"water-T-596","lengthM":18.84,"sizeMm":300,"diameterIn":11.8,"nominalLabel":"12\" PVC","material":"PVC C900","depthM":1.8,"zone":0,"roadEdge":71,"customers":7,"designPeakHourLps":0.194,"designFireLps":95.13}},{"type":"Feature","id":"water-E159","geometry":{"type":"LineString","coordinates":[[-78.9362752,43.8660807],[-78.9362254,43.865954],[-78.9362118,43.8659169]]},"properties":{"kind":"distribution","tier":"trunk","placement":"underground","from":"water-T-614","to":"water-T-615","lengthM":18.93,"sizeMm":300,"diameterIn":11.8,"nominalLabel":"12\" PVC","material":"PVC C900","depthM":1.8,"zone":0,"roadEdge":74,"customers":6,"designPeakHourLps":0.167,"designFireLps":95.11}},{"type":"Feature","id":"water-E160","geometry":{"type":"LineString","coordinates":[[-78.9324691,43.8702727],[-78.9324704,43.8702827],[-78.9324897,43.8703594]]},"properties":{"kind":"distribution","tier":"distribution","placement":"underground","from":"water-T-542","to":"water-T-519","lengthM":9.79,"sizeMm":150,"diameterIn":5.9,"nominalLabel":"6\" PVC","material":"PVC C900","depthM":1.8,"zone":0,"roadEdge":95,"customers":23,"designPeakHourLps":0.573,"designFireLps":35.03}},{"type":"Feature","id":"water-E161","geometry":{"type":"LineString","coordinates":[[-78.9316665,43.871161],[-78.9316686,43.8711658]]},"properties":{"kind":"distribution","tier":"distribution","placement":"underground","from":"water-T-505","to":"water-T-494","lengthM":0.57,"sizeMm":150,"diameterIn":5.9,"nominalLabel":"6\" PVC","material":"PVC C900","depthM":1.8,"zone":0,"roadEdge":94,"customers":15,"designPeakHourLps":0.359,"designFireLps":34.89}},{"type":"Feature","id":"water-E162","geometry":{"type":"LineString","coordinates":[[-78.9362516,43.868201],[-78.9360534,43.8682454]]},"properties":{"kind":"distribution","tier":"distribution","placement":"underground","from":"water-T-360","to":"water-T-361","lengthM":16.65,"sizeMm":150,"diameterIn":5.9,"nominalLabel":"6\" PVC","material":"PVC C900","depthM":1.8,"zone":0,"roadEdge":62,"customers":35,"designPeakHourLps":0.787,"designFireLps":35.17}},{"type":"Feature","id":"water-E163","geometry":{"type":"LineString","coordinates":[[-78.9374503,43.8687312],[-78.9374545,43.8687416]]},"properties":{"kind":"distribution","tier":"trunk","placement":"underground","from":"water-T-579","to":"water-T-582","lengthM":1.21,"sizeMm":400,"diameterIn":15.7,"nominalLabel":"16\" ductile iron","material":"ductile iron","depthM":1.8,"zone":0,"roadEdge":58,"customers":339,"designPeakHourLps":9.056,"designFireLps":110.54}},{"type":"Feature","id":"water-E164","geometry":{"type":"LineString","coordinates":[[-78.936434,43.8660855],[-78.9363664,43.8659223]]},"properties":{"kind":"distribution","tier":"trunk","placement":"underground","from":"water-T-596","to":"water-T-597","lengthM":18.96,"sizeMm":300,"diameterIn":11.8,"nominalLabel":"12\" PVC","material":"PVC C900","depthM":1.8,"zone":0,"roadEdge":71,"customers":6,"designPeakHourLps":0.167,"designFireLps":95.11}},{"type":"Feature","id":"water-E165","geometry":{"type":"LineString","coordinates":[[-78.9362118,43.8659169],[-78.936157,43.8657668],[-78.9361516,43.8657513]]},"properties":{"kind":"distribution","tier":"trunk","placement":"underground","from":"water-T-615","to":"water-T-616","lengthM":19.05,"sizeMm":300,"diameterIn":11.8,"nominalLabel":"12\" PVC","material":"PVC C900","depthM":1.8,"zone":0,"roadEdge":74,"customers":5,"designPeakHourLps":0.139,"designFireLps":95.09}},{"type":"Feature","id":"water-E166","geometry":{"type":"LineString","coordinates":[[-78.9324897,43.8703594],[-78.9325072,43.8704293]]},"properties":{"kind":"distribution","tier":"distribution","placement":"underground","from":"water-T-519","to":"water-T-541","lengthM":7.91,"sizeMm":150,"diameterIn":5.9,"nominalLabel":"6\" PVC","material":"PVC C900","depthM":1.8,"zone":0,"roadEdge":95,"customers":22,"designPeakHourLps":0.557,"designFireLps":35.02}},{"type":"Feature","id":"water-E167","geometry":{"type":"LineString","coordinates":[[-78.9316686,43.8711658],[-78.9317273,43.8712997]]},"properties":{"kind":"distribution","tier":"distribution","placement":"underground","from":"water-T-494","to":"water-T-493","lengthM":15.63,"sizeMm":150,"diameterIn":5.9,"nominalLabel":"6\" PVC","material":"PVC C900","depthM":1.8,"zone":0,"roadEdge":94,"customers":14,"designPeakHourLps":0.32,"designFireLps":34.86}},{"type":"Feature","id":"water-E168","geometry":{"type":"LineString","coordinates":[[-78.9360534,43.8682454],[-78.9360486,43.8682465]]},"properties":{"kind":"distribution","tier":"distribution","placement":"underground","from":"water-T-361","to":"water-T-365","lengthM":0.4,"sizeMm":150,"diameterIn":5.9,"nominalLabel":"6\" PVC","material":"PVC C900","depthM":1.8,"zone":0,"roadEdge":62,"customers":34,"designPeakHourLps":0.749,"designFireLps":35.15}},{"type":"Feature","id":"water-E169","geometry":{"type":"LineString","coordinates":[[-78.9374545,43.8687416],[-78.9374848,43.8688185],[-78.9375062,43.8688727]]},"properties":{"kind":"distribution","tier":"trunk","placement":"underground","from":"water-T-582","to":"water-T-578","lengthM":15.17,"sizeMm":400,"diameterIn":15.7,"nominalLabel":"16\" ductile iron","material":"ductile iron","depthM":1.8,"zone":0,"roadEdge":58,"customers":338,"designPeakHourLps":9.028,"designFireLps":110.52}},{"type":"Feature","id":"water-E170","geometry":{"type":"LineString","coordinates":[[-78.9363664,43.8659223],[-78.9363071,43.8657791],[-78.9363008,43.8657607]]},"properties":{"kind":"distribution","tier":"trunk","placement":"underground","from":"water-T-597","to":"water-T-598","lengthM":18.75,"sizeMm":300,"diameterIn":11.8,"nominalLabel":"12\" PVC","material":"PVC C900","depthM":1.8,"zone":0,"roadEdge":71,"customers":5,"designPeakHourLps":0.139,"designFireLps":95.09}},{"type":"Feature","id":"water-E171","geometry":{"type":"LineString","coordinates":[[-78.9361516,43.8657513],[-78.9360931,43.8655816]]},"properties":{"kind":"distribution","tier":"trunk","placement":"underground","from":"water-T-616","to":"water-T-617","lengthM":19.46,"sizeMm":300,"diameterIn":11.8,"nominalLabel":"12\" PVC","material":"PVC C900","depthM":1.8,"zone":0,"roadEdge":74,"customers":4,"designPeakHourLps":0.111,"designFireLps":95.07}},{"type":"Feature","id":"water-E172","geometry":{"type":"LineString","coordinates":[[-78.9325072,43.8704293],[-78.932522,43.8704882],[-78.9325254,43.870499]]},"properties":{"kind":"distribution","tier":"distribution","placement":"underground","from":"water-T-541","to":"water-T-518","lengthM":7.9,"sizeMm":150,"diameterIn":5.9,"nominalLabel":"6\" PVC","material":"PVC C900","depthM":1.8,"zone":0,"roadEdge":95,"customers":21,"designPeakHourLps":0.526,"designFireLps":35.0}},{"type":"Feature","id":"water-E173","geometry":{"type":"LineString","coordinates":[[-78.9317273,43.8712997],[-78.9317311,43.8713082]]},"properties":{"kind":"distribution","tier":"distribution","placement":"underground","from":"water-T-493","to":"water-T-504","lengthM":0.99,"sizeMm":150,"diameterIn":5.9,"nominalLabel":"6\" PVC","material":"PVC C900","depthM":1.8,"zone":0,"roadEdge":94,"customers":13,"designPeakHourLps":0.297,"designFireLps":34.85}},{"type":"Feature","id":"water-E174","geometry":{"type":"LineString","coordinates":[[-78.9360486,43.8682465],[-78.9359547,43.8682675],[-78.9358394,43.8682923]]},"properties":{"kind":"distribution","tier":"distribution","placement":"underground","from":"water-T-365","to":"water-J-54","lengthM":17.54,"sizeMm":150,"diameterIn":5.9,"nominalLabel":"6\" PVC","material":"PVC C900","depthM":1.8,"zone":0,"roadEdge":62,"customers":33,"designPeakHourLps":0.741,"designFireLps":35.14}},{"type":"Feature","id":"water-E175","geometry":{"type":"LineString","coordinates":[[-78.9375062,43.8688727],[-78.9375085,43.8688786]]},"properties":{"kind":"distribution","tier":"trunk","placement":"underground","from":"water-T-578","to":"water-T-581","lengthM":0.68,"sizeMm":400,"diameterIn":15.7,"nominalLabel":"16\" ductile iron","material":"ductile iron","depthM":1.8,"zone":0,"roadEdge":58,"customers":337,"designPeakHourLps":9.0,"designFireLps":110.5}},{"type":"Feature","id":"water-E176","geometry":{"type":"LineString","coordinates":[[-78.9363008,43.8657607],[-78.9362473,43.8656042]]},"properties":{"kind":"distribution","tier":"trunk","placement":"underground","from":"water-T-598","to":"water-T-599","lengthM":17.93,"sizeMm":300,"diameterIn":11.8,"nominalLabel":"12\" PVC","material":"PVC C900","depthM":1.8,"zone":0,"roadEdge":71,"customers":4,"designPeakHourLps":0.111,"designFireLps":95.07}},{"type":"Feature","id":"water-E177","geometry":{"type":"LineString","coordinates":[[-78.9360931,43.8655816],[-78.9360593,43.8654837],[-78.9360375,43.8654215]]},"properties":{"kind":"distribution","tier":"trunk","placement":"underground","from":"water-T-617","to":"water-T-618","lengthM":18.37,"sizeMm":300,"diameterIn":11.8,"nominalLabel":"12\" PVC","material":"PVC C900","depthM":1.8,"zone":0,"roadEdge":74,"customers":3,"designPeakHourLps":0.083,"designFireLps":95.06}},{"type":"Feature","id":"water-E178","geometry":{"type":"LineString","coordinates":[[-78.9325254,43.870499],[-78.9325503,43.8705804]]},"properties":{"kind":"distribution","tier":"distribution","placement":"underground","from":"water-T-518","to":"water-T-540","lengthM":9.28,"sizeMm":150,"diameterIn":5.9,"nominalLabel":"6\" PVC","material":"PVC C900","depthM":1.8,"zone":0,"roadEdge":95,"customers":20,"designPeakHourLps":0.519,"designFireLps":35.0}},{"type":"Feature","id":"water-E179","geometry":{"type":"LineString","coordinates":[[-78.9317311,43.8713082],[-78.9317873,43.8714365]]},"properties":{"kind":"distribution","tier":"distribution","placement":"underground","from":"water-T-504","to":"water-T-492","lengthM":14.98,"sizeMm":150,"diameterIn":5.9,"nominalLabel":"6\" PVC","material":"PVC C900","depthM":1.8,"zone":0,"roadEdge":94,"customers":12,"designPeakHourLps":0.281,"designFireLps":34.84}},{"type":"Feature","id":"water-E180","geometry":{"type":"LineString","coordinates":[[-78.9358394,43.8682923],[-78.9359351,43.868373],[-78.9359822,43.8684806]]},"properties":{"kind":"distribution","tier":"distribution","placement":"underground","from":"water-J-54","to":"water-T-397","lengthM":24.38,"sizeMm":150,"diameterIn":5.9,"nominalLabel":"6\" PVC","material":"PVC C900","depthM":1.8,"zone":0,"roadEdge":76,"customers":12,"designPeakHourLps":0.24,"designFireLps":34.81}},{"type":"Feature","id":"water-E181","geometry":{"type":"LineString","coordinates":[[-78.9358394,43.8682923],[-78.9356281,43.8683421]]},"properties":{"kind":"distribution","tier":"distribution","placement":"underground","from":"water-J-54","to":"water-T-435","lengthM":17.84,"sizeMm":150,"diameterIn":5.9,"nominalLabel":"6\" PVC","material":"PVC C900","depthM":1.8,"zone":0,"roadEdge":80,"customers":21,"designPeakHourLps":0.501,"designFireLps":34.98}},{"type":"Feature","id":"water-E182","geometry":{"type":"LineString","coordinates":[[-78.9375085,43.8688786],[-78.9375657,43.8690237]]},"properties":{"kind":"distribution","tier":"trunk","placement":"underground","from":"water-T-581","to":"water-J-41","lengthM":16.79,"sizeMm":400,"diameterIn":15.7,"nominalLabel":"16\" ductile iron","material":"ductile iron","depthM":1.8,"zone":0,"roadEdge":58,"customers":336,"designPeakHourLps":8.972,"designFireLps":110.48}},{"type":"Feature","id":"water-E183","geometry":{"type":"LineString","coordinates":[[-78.9362473,43.8656042],[-78.9362153,43.8655104],[-78.9361871,43.8654278]]},"properties":{"kind":"distribution","tier":"trunk","placement":"underground","from":"water-T-599","to":"water-T-600","lengthM":20.23,"sizeMm":300,"diameterIn":11.8,"nominalLabel":"12\" PVC","material":"PVC C900","depthM":1.8,"zone":0,"roadEdge":71,"customers":3,"designPeakHourLps":0.083,"designFireLps":95.06}},{"type":"Feature","id":"water-E184","geometry":{"type":"LineString","coordinates":[[-78.9360375,43.8654215],[-78.9359789,43.8652552]]},"properties":{"kind":"distribution","tier":"trunk","placement":"underground","from":"water-T-618","to":"water-T-619","lengthM":19.1,"sizeMm":300,"diameterIn":11.8,"nominalLabel":"12\" PVC","material":"PVC C900","depthM":1.8,"zone":0,"roadEdge":74,"customers":2,"designPeakHourLps":0.056,"designFireLps":95.04}},{"type":"Feature","id":"water-E185","geometry":{"type":"LineString","coordinates":[[-78.9325503,43.8705804],[-78.9325685,43.8706396],[-78.9326059,43.870724]]},"properties":{"kind":"distribution","tier":"distribution","placement":"underground","from":"water-T-540","to":"water-T-539","lengthM":16.61,"sizeMm":150,"diameterIn":5.9,"nominalLabel":"6\" PVC","material":"PVC C900","depthM":1.8,"zone":0,"roadEdge":95,"customers":19,"designPeakHourLps":0.487,"designFireLps":34.98}},{"type":"Feature","id":"water-E186","geometry":{"type":"LineString","coordinates":[[-78.9317873,43.8714365],[-78.9317926,43.8714487]]},"properties":{"kind":"distribution","tier":"distribution","placement":"underground","from":"water-T-492","to":"water-T-503","lengthM":1.42,"sizeMm":150,"diameterIn":5.9,"nominalLabel":"6\" PVC","material":"PVC C900","depthM":1.8,"zone":0,"roadEdge":94,"customers":11,"designPeakHourLps":0.258,"designFireLps":34.82}},{"type":"Feature","id":"water-E187","geometry":{"type":"LineString","coordinates":[[-78.9359822,43.8684806],[-78.9360593,43.8686565]]},"properties":{"kind":"distribution","tier":"distribution","placement":"underground","from":"water-T-397","to":"water-T-396","lengthM":20.53,"sizeMm":150,"diameterIn":5.9,"nominalLabel":"6\" PVC","material":"PVC C900","depthM":1.8,"zone":0,"roadEdge":76,"customers":11,"designPeakHourLps":0.217,"designFireLps":34.79}},{"type":"Feature","id":"water-E188","geometry":{"type":"LineString","coordinates":[[-78.9356281,43.8683421],[-78.9354101,43.8683935]]},"properties":{"kind":"distribution","tier":"distribution","placement":"underground","from":"water-T-435","to":"water-T-436","lengthM":18.41,"sizeMm":150,"diameterIn":5.9,"nominalLabel":"6\" PVC","material":"PVC C900","depthM":1.8,"zone":0,"roadEdge":80,"customers":20,"designPeakHourLps":0.493,"designFireLps":34.98}},{"type":"Feature","id":"water-E189","geometry":{"type":"LineString","coordinates":[[-78.9375657,43.8690237],[-78.9375974,43.8689714],[-78.9376382,43.8689616],[-78.9377383,43.8689391]]},"properties":{"kind":"distribution","tier":"distribution","placement":"underground","from":"water-J-41","to":"water-T-315","lengthM":18.22,"sizeMm":200,"diameterIn":7.9,"nominalLabel":"8\" PVC","material":"PVC C900","depthM":1.8,"zone":0,"roadEdge":49,"customers":106,"designPeakHourLps":2.14,"designFireLps":36.08}},{"type":"Feature","id":"water-E190","geometry":{"type":"LineString","coordinates":[[-78.9375657,43.8690237],[-78.9376305,43.8691729],[-78.9376395,43.8691936]]},"properties":{"kind":"distribution","tier":"trunk","placement":"underground","from":"water-J-41","to":"water-T-576","lengthM":19.82,"sizeMm":400,"diameterIn":15.7,"nominalLabel":"16\" ductile iron","material":"ductile iron","depthM":1.8,"zone":0,"roadEdge":56,"customers":230,"designPeakHourLps":6.833,"designFireLps":109.06}},{"type":"Feature","id":"water-E191","geometry":{"type":"LineString","coordinates":[[-78.9361871,43.8654278],[-78.9361305,43.865262]]},"properties":{"kind":"distribution","tier":"trunk","placement":"underground","from":"water-T-600","to":"water-T-601","lengthM":19.01,"sizeMm":300,"diameterIn":11.8,"nominalLabel":"12\" PVC","material":"PVC C900","depthM":1.8,"zone":0,"roadEdge":71,"customers":2,"designPeakHourLps":0.056,"designFireLps":95.04}},{"type":"Feature","id":"water-E192","geometry":{"type":"LineString","coordinates":[[-78.9359789,43.8652552],[-78.9359336,43.8651264],[-78.9359215,43.8650893]]},"properties":{"kind":"distribution","tier":"trunk","placement":"underground","from":"water-T-619","to":"water-T-620","lengthM":19.03,"sizeMm":300,"diameterIn":11.8,"nominalLabel":"12\" PVC","material":"PVC C900","depthM":1.8,"zone":0,"roadEdge":74,"customers":1,"designPeakHourLps":0.028,"designFireLps":95.02}},{"type":"Feature","id":"water-E193","geometry":{"type":"LineString","coordinates":[[-78.9326059,43.870724],[-78.932628,43.870774]]},"properties":{"kind":"distribution","tier":"distribution","placement":"underground","from":"water-T-539","to":"water-T-517","lengthM":5.84,"sizeMm":150,"diameterIn":5.9,"nominalLabel":"6\" PVC","material":"PVC C900","depthM":1.8,"zone":0,"roadEdge":95,"customers":18,"designPeakHourLps":0.472,"designFireLps":34.96}},{"type":"Feature","id":"water-E194","geometry":{"type":"LineString","coordinates":[[-78.9317926,43.8714487],[-78.9318516,43.8715832]]},"properties":{"kind":"distribution","tier":"distribution","placement":"underground","from":"water-T-503","to":"water-T-491","lengthM":15.7,"sizeMm":150,"diameterIn":5.9,"nominalLabel":"6\" PVC","material":"PVC C900","depthM":1.8,"zone":0,"roadEdge":94,"customers":10,"designPeakHourLps":0.242,"designFireLps":34.81}},{"type":"Feature","id":"water-E195","geometry":{"type":"LineString","coordinates":[[-78.9360593,43.8686565],[-78.9361387,43.8688378]]},"properties":{"kind":"distribution","tier":"distribution","placement":"underground","from":"water-T-396","to":"water-T-395","lengthM":21.17,"sizeMm":150,"diameterIn":5.9,"nominalLabel":"6\" PVC","material":"PVC C900","depthM":1.8,"zone":0,"roadEdge":76,"customers":10,"designPeakHourLps":0.194,"designFireLps":34.78}},{"type":"Feature","id":"water-E196","geometry":{"type":"LineString","coordinates":[[-78.9354101,43.8683935],[-78.9351723,43.8684495]]},"properties":{"kind":"distribution","tier":"distribution","placement":"underground","from":"water-T-436","to":"water-T-427","lengthM":20.08,"sizeMm":150,"diameterIn":5.9,"nominalLabel":"6\" PVC","material":"PVC C900","depthM":1.8,"zone":0,"roadEdge":80,"customers":19,"designPeakHourLps":0.47,"designFireLps":34.96}},{"type":"Feature","id":"water-E197","geometry":{"type":"LineString","coordinates":[[-78.9377383,43.8689391],[-78.9379148,43.8688994],[-78.9380086,43.8688783]]},"properties":{"kind":"distribution","tier":"distribution","placement":"underground","from":"water-T-315","to":"water-T-314","lengthM":22.72,"sizeMm":200,"diameterIn":7.9,"nominalLabel":"8\" PVC","material":"PVC C900","depthM":1.8,"zone":0,"roadEdge":49,"customers":105,"designPeakHourLps":2.116,"designFireLps":36.06}},{"type":"Feature","id":"water-E198","geometry":{"type":"LineString","coordinates":[[-78.9376395,43.8691936],[-78.9376786,43.8692836],[-78.9378138,43.8695975]]},"properties":{"kind":"distribution","tier":"trunk","placement":"underground","from":"water-T-576","to":"water-T-577","lengthM":47.09,"sizeMm":400,"diameterIn":15.7,"nominalLabel":"16\" ductile iron","material":"ductile iron","depthM":1.8,"zone":0,"roadEdge":56,"customers":229,"designPeakHourLps":6.805,"designFireLps":109.04}},{"type":"Feature","id":"water-E199","geometry":{"type":"LineString","coordinates":[[-78.9361305,43.865262],[-78.9360768,43.8651047]]},"properties":{"kind":"distribution","tier":"trunk","placement":"underground","from":"water-T-601","to":"water-T-602","lengthM":18.03,"sizeMm":300,"diameterIn":11.8,"nominalLabel":"12\" PVC","material":"PVC C900","depthM":1.8,"zone":0,"roadEdge":71,"customers":1,"designPeakHourLps":0.028,"designFireLps":95.02}},{"type":"Feature","id":"water-E200","geometry":{"type":"LineString","coordinates":[[-78.932628,43.870774],[-78.9326707,43.8708703]]},"properties":{"kind":"distribution","tier":"distribution","placement":"underground","from":"water-T-517","to":"water-T-538","lengthM":11.26,"sizeMm":150,"diameterIn":5.9,"nominalLabel":"6\" PVC","material":"PVC C900","depthM":1.8,"zone":0,"roadEdge":95,"customers":17,"designPeakHourLps":0.457,"designFireLps":34.95}},{"type":"Feature","id":"water-E201","geometry":{"type":"LineString","coordinates":[[-78.9318516,43.8715832],[-78.9318526,43.8715856]]},"properties":{"kind":"distribution","tier":"distribution","placement":"underground","from":"water-T-491","to":"water-T-502","lengthM":0.28,"sizeMm":150,"diameterIn":5.9,"nominalLabel":"6\" PVC","material":"PVC C900","depthM":1.8,"zone":0,"roadEdge":94,"customers":9,"designPeakHourLps":0.21,"designFireLps":34.79}},{"type":"Feature","id":"water-E202","geometry":{"type":"LineString","coordinates":[[-78.9361387,43.8688378],[-78.93614,43.8688406]]},"properties":{"kind":"distribution","tier":"distribution","placement":"underground","from":"water-T-395","to":"water-T-402","lengthM":0.33,"sizeMm":150,"diameterIn":5.9,"nominalLabel":"6\" PVC","material":"PVC C900","depthM":1.8,"zone":0,"roadEdge":76,"customers":9,"designPeakHourLps":0.171,"designFireLps":34.76}},{"type":"Feature","id":"water-E203","geometry":{"type":"LineString","coordinates":[[-78.9351723,43.8684495],[-78.9351687,43.8684504]]},"properties":{"kind":"distribution","tier":"distribution","placement":"underground","from":"water-T-427","to":"water-T-437","lengthM":0.3,"sizeMm":150,"diameterIn":5.9,"nominalLabel":"6\" PVC","material":"PVC C900","depthM":1.8,"zone":0,"roadEdge":80,"customers":18,"designPeakHourLps":0.455,"designFireLps":34.95}},{"type":"Feature","id":"water-E204","geometry":{"type":"LineString","coordinates":[[-78.9380086,43.8688783],[-78.9380131,43.8688773]]},"properties":{"kind":"distribution","tier":"distribution","placement":"underground","from":"water-T-314","to":"water-T-316","lengthM":0.38,"sizeMm":200,"diameterIn":7.9,"nominalLabel":"8\" PVC","material":"PVC C900","depthM":1.8,"zone":0,"roadEdge":49,"customers":104,"designPeakHourLps":2.101,"designFireLps":36.05}},{"type":"Feature","id":"water-E205","geometry":{"type":"LineString","coordinates":[[-78.9378138,43.8695975],[-78.9378213,43.869615],[-78.9378892,43.8697726]]},"properties":{"kind":"distribution","tier":"trunk","placement":"underground","from":"water-T-577","to":"water-J-40","lengthM":20.4,"sizeMm":400,"diameterIn":15.7,"nominalLabel":"16\" ductile iron","material":"ductile iron","depthM":1.8,"zone":0,"roadEdge":56,"customers":228,"designPeakHourLps":6.777,"designFireLps":109.02}},{"type":"Feature","id":"water-E206","geometry":{"type":"LineString","coordinates":[[-78.9326707,43.8708703],[-78.93269,43.8709139]]},"properties":{"kind":"distribution","tier":"distribution","placement":"underground","from":"water-T-538","to":"water-T-516","lengthM":5.1,"sizeMm":150,"diameterIn":5.9,"nominalLabel":"6\" PVC","material":"PVC C900","depthM":1.8,"zone":0,"roadEdge":95,"customers":16,"designPeakHourLps":0.433,"designFireLps":34.94}},{"type":"Feature","id":"water-E207","geometry":{"type":"LineString","coordinates":[[-78.9318526,43.8715856],[-78.9319142,43.871726]]},"properties":{"kind":"distribution","tier":"distribution","placement":"underground","from":"water-T-502","to":"water-T-490","lengthM":16.4,"sizeMm":150,"diameterIn":5.9,"nominalLabel":"6\" PVC","material":"PVC C900","depthM":1.8,"zone":0,"roadEdge":94,"customers":8,"designPeakHourLps":0.194,"designFireLps":34.78}},{"type":"Feature","id":"water-E208","geometry":{"type":"LineString","coordinates":[[-78.93614,43.8688406],[-78.9362118,43.8690044]]},"properties":{"kind":"distribution","tier":"distribution","placement":"underground","from":"water-T-402","to":"water-T-401","lengthM":19.12,"sizeMm":150,"diameterIn":5.9,"nominalLabel":"6\" PVC","material":"PVC C900","depthM":1.8,"zone":0,"roadEdge":76,"customers":8,"designPeakHourLps":0.156,"designFireLps":34.75}},{"type":"Feature","id":"water-E209","geometry":{"type":"LineString","coordinates":[[-78.9351687,43.8684504],[-78.93495,43.8685019]]},"properties":{"kind":"distribution","tier":"distribution","placement":"underground","from":"water-T-437","to":"water-T-428","lengthM":18.46,"sizeMm":150,"diameterIn":5.9,"nominalLabel":"6\" PVC","material":"PVC C900","depthM":1.8,"zone":0,"roadEdge":80,"customers":17,"designPeakHourLps":0.447,"designFireLps":34.95}},{"type":"Feature","id":"water-E210","geometry":{"type":"LineString","coordinates":[[-78.9380131,43.8688773],[-78.9380421,43.8688707],[-78.938772,43.8687064]]},"properties":{"kind":"distribution","tier":"distribution","placement":"underground","from":"water-T-316","to":"water-J-35","lengthM":63.8,"sizeMm":200,"diameterIn":7.9,"nominalLabel":"8\" PVC","material":"PVC C900","depthM":1.8,"zone":0,"roadEdge":49,"customers":103,"designPeakHourLps":2.062,"designFireLps":36.02}},{"type":"Feature","id":"water-E211","geometry":{"type":"LineString","coordinates":[[-78.9378892,43.8697726],[-78.9377125,43.8697697],[-78.9376846,43.869776],[-78.937587,43.8698023]]},"properties":{"kind":"distribution","tier":"distribution","placement":"underground","from":"water-J-40","to":"water-T-344","lengthM":24.89,"sizeMm":150,"diameterIn":5.9,"nominalLabel":"6\" PVC","material":"PVC C900","depthM":1.8,"zone":0,"roadEdge":57,"customers":40,"designPeakHourLps":0.942,"designFireLps":35.28}},{"type":"Feature","id":"water-E212","geometry":{"type":"LineString","coordinates":[[-78.9378892,43.8697726],[-78.9379552,43.8699112],[-78.9379724,43.8699516]]},"properties":{"kind":"distribution","tier":"trunk","placement":"underground","from":"water-J-40","to":"water-T-575","lengthM":21.02,"sizeMm":300,"diameterIn":11.8,"nominalLabel":"12\" PVC","material":"PVC C900","depthM":1.8,"zone":0,"roadEdge":55,"customers":188,"designPeakHourLps":5.835,"designFireLps":108.39}},{"type":"Feature","id":"water-E213","geometry":{"type":"LineString","coordinates":[[-78.93269,43.8709139],[-78.9327326,43.8710102]]},"properties":{"kind":"distribution","tier":"distribution","placement":"underground","from":"water-T-516","to":"water-T-537","lengthM":11.25,"sizeMm":150,"diameterIn":5.9,"nominalLabel":"6\" PVC","material":"PVC C900","depthM":1.8,"zone":0,"roadEdge":95,"customers":15,"designPeakHourLps":0.387,"designFireLps":34.91}},{"type":"Feature","id":"water-E214","geometry":{"type":"LineString","coordinates":[[-78.9319142,43.871726],[-78.9319145,43.8717268]]},"properties":{"kind":"distribution","tier":"distribution","placement":"underground","from":"water-T-490","to":"water-T-501","lengthM":0.09,"sizeMm":150,"diameterIn":5.9,"nominalLabel":"6\" PVC","material":"PVC C900","depthM":1.8,"zone":0,"roadEdge":94,"customers":7,"designPeakHourLps":0.156,"designFireLps":34.75}},{"type":"Feature","id":"water-E215","geometry":{"type":"LineString","coordinates":[[-78.9362118,43.8690044],[-78.9362172,43.8690167]]},"properties":{"kind":"distribution","tier":"distribution","placement":"underground","from":"water-T-401","to":"water-T-394","lengthM":1.44,"sizeMm":150,"diameterIn":5.9,"nominalLabel":"6\" PVC","material":"PVC C900","depthM":1.8,"zone":0,"roadEdge":76,"customers":7,"designPeakHourLps":0.125,"designFireLps":34.73}},{"type":"Feature","id":"water-E216","geometry":{"type":"LineString","coordinates":[[-78.93495,43.8685019],[-78.9349415,43.8685039]]},"properties":{"kind":"distribution","tier":"distribution","placement":"underground","from":"water-T-428","to":"water-T-438","lengthM":0.72,"sizeMm":150,"diameterIn":5.9,"nominalLabel":"6\" PVC","material":"PVC C900","depthM":1.8,"zone":0,"roadEdge":80,"customers":16,"designPeakHourLps":0.401,"designFireLps":34.92}},{"type":"Feature","id":"water-E217","geometry":{"type":"LineString","coordinates":[[-78.938772,43.8687064],[-78.9390029,43.8686551]]},"properties":{"kind":"distribution","tier":"distribution","placement":"underground","from":"water-J-35","to":"water-T-245","lengthM":19.39,"sizeMm":200,"diameterIn":7.9,"nominalLabel":"8\" PVC","material":"PVC C900","depthM":1.8,"zone":0,"roadEdge":40,"customers":74,"designPeakHourLps":1.579,"designFireLps":35.7}},{"type":"Feature","id":"water-E218","geometry":{"type":"LineString","coordinates":[[-78.938772,43.8687064],[-78.9387079,43.8686893],[-78.9386722,43.8686032]]},"properties":{"kind":"distribution","tier":"distribution","placement":"underground","from":"water-J-35","to":"water-T-283","lengthM":15.49,"sizeMm":150,"diameterIn":5.9,"nominalLabel":"6\" PVC","material":"PVC C900","depthM":1.8,"zone":0,"roadEdge":41,"customers":20,"designPeakHourLps":0.345,"designFireLps":34.88}},{"type":"Feature","id":"water-E219","geometry":{"type":"LineString","coordinates":[[-78.938772,43.8687064],[-78.9388629,43.8687793],[-78.9388778,43.8688129],[-78.9389153,43.8689007]]},"properties":{"kind":"distribution","tier":"distribution","placement":"underground","from":"water-J-35","to":"water-T-306","lengthM":25.07,"sizeMm":150,"diameterIn":5.9,"nominalLabel":"6\" PVC","material":"PVC C900","depthM":1.8,"zone":0,"roadEdge":47,"customers":9,"designPeakHourLps":0.138,"designFireLps":34.74}},{"type":"Feature","id":"water-E220","geometry":{"type":"LineString","coordinates":[[-78.937587,43.8698023],[-78.9375336,43.8698167],[-78.9374928,43.8698276],[-78.9373477,43.8698576],[-78.9373396,43.8698593]]},"properties":{"kind":"distribution","tier":"distribution","placement":"underground","from":"water-T-344","to":"water-T-341","lengthM":20.86,"sizeMm":150,"diameterIn":5.9,"nominalLabel":"6\" PVC","material":"PVC C900","depthM":1.8,"zone":0,"roadEdge":57,"customers":39,"designPeakHourLps":0.926,"designFireLps":35.27}},{"type":"Feature","id":"water-E221","geometry":{"type":"LineString","coordinates":[[-78.9379724,43.8699516],[-78.9379884,43.8699892],[-78.9380572,43.8701501]]},"properties":{"kind":"distribution","tier":"trunk","placement":"underground","from":"water-T-575","to":"water-T-574","lengthM":23.13,"sizeMm":300,"diameterIn":11.8,"nominalLabel":"12\" PVC","material":"PVC C900","depthM":1.8,"zone":0,"roadEdge":55,"customers":187,"designPeakHourLps":5.808,"designFireLps":108.37}},{"type":"Feature","id":"water-E222","geometry":{"type":"LineString","coordinates":[[-78.9327326,43.8710102],[-78.9327572,43.8710657]]},"properties":{"kind":"distribution","tier":"distribution","placement":"underground","from":"water-T-537","to":"water-T-515","lengthM":6.48,"sizeMm":150,"diameterIn":5.9,"nominalLabel":"6\" PVC","material":"PVC C900","depthM":1.8,"zone":0,"roadEdge":95,"customers":14,"designPeakHourLps":0.363,"designFireLps":34.89}},{"type":"Feature","id":"water-E223","geometry":{"type":"LineString","coordinates":[[-78.9319145,43.8717268],[-78.9319769,43.8718693]]},"properties":{"kind":"distribution","tier":"distribution","placement":"underground","from":"water-T-501","to":"water-T-500","lengthM":16.64,"sizeMm":150,"diameterIn":5.9,"nominalLabel":"6\" PVC","material":"PVC C900","depthM":1.8,"zone":0,"roadEdge":94,"customers":6,"designPeakHourLps":0.14,"designFireLps":34.74}},{"type":"Feature","id":"water-E224","geometry":{"type":"LineString","coordinates":[[-78.9362172,43.8690167],[-78.9362893,43.8691814]]},"properties":{"kind":"distribution","tier":"distribution","placement":"underground","from":"water-T-394","to":"water-T-400","lengthM":19.23,"sizeMm":150,"diameterIn":5.9,"nominalLabel":"6\" PVC","material":"PVC C900","depthM":1.8,"zone":0,"roadEdge":76,"customers":6,"designPeakHourLps":0.109,"designFireLps":34.72}},{"type":"Feature","id":"water-E225","geometry":{"type":"LineString","coordinates":[[-78.9349415,43.8685039],[-78.934764,43.8685458],[-78.9347288,43.8685535]]},"properties":{"kind":"distribution","tier":"distribution","placement":"underground","from":"water-T-438","to":"water-T-439","lengthM":17.93,"sizeMm":150,"diameterIn":5.9,"nominalLabel":"6\" PVC","material":"PVC C900","depthM":1.8,"zone":0,"roadEdge":80,"customers":15,"designPeakHourLps":0.37,"designFireLps":34.9}},{"type":"Feature","id":"water-E226","geometry":{"type":"LineString","coordinates":[[-78.9390029,43.8686551],[-78.9390035,43.868655]]},"properties":{"kind":"distribution","tier":"distribution","placement":"underground","from":"water-T-245","to":"water-T-249","lengthM":0.05,"sizeMm":200,"diameterIn":7.9,"nominalLabel":"8\" PVC","material":"PVC C900","depthM":1.8,"zone":0,"roadEdge":40,"customers":73,"designPeakHourLps":1.549,"designFireLps":35.68}},{"type":"Feature","id":"water-E227","geometry":{"type":"LineString","coordinates":[[-78.9386722,43.8686032],[-78.9386035,43.8684377]]},"properties":{"kind":"distribution","tier":"distribution","placement":"underground","from":"water-T-283","to":"water-T-282","lengthM":19.22,"sizeMm":150,"diameterIn":5.9,"nominalLabel":"6\" PVC","material":"PVC C900","depthM":1.8,"zone":0,"roadEdge":41,"customers":19,"designPeakHourLps":0.33,"designFireLps":34.87}},{"type":"Feature","id":"water-E228","geometry":{"type":"LineString","coordinates":[[-78.9389153,43.8689007],[-78.9389865,43.8690679]]},"properties":{"kind":"distribution","tier":"distribution","placement":"underground","from":"water-T-306","to":"water-T-305","lengthM":19.47,"sizeMm":150,"diameterIn":5.9,"nominalLabel":"6\" PVC","material":"PVC C900","depthM":1.8,"zone":0,"roadEdge":47,"customers":8,"designPeakHourLps":0.13,"designFireLps":34.74}},{"type":"Feature","id":"water-E229","geometry":{"type":"LineString","coordinates":[[-78.9373396,43.8698593],[-78.9373251,43.8698626]]},"properties":{"kind":"distribution","tier":"distribution","placement":"underground","from":"water-T-341","to":"water-T-345","lengthM":1.22,"sizeMm":150,"diameterIn":5.9,"nominalLabel":"6\" PVC","material":"PVC C900","depthM":1.8,"zone":0,"roadEdge":57,"customers":38,"designPeakHourLps":0.911,"designFireLps":35.26}},{"type":"Feature","id":"water-E230","geometry":{"type":"LineString","coordinates":[[-78.9380572,43.8701501],[-78.9381357,43.8703337]]},"properties":{"kind":"distribution","tier":"trunk","placement":"underground","from":"water-T-574","to":"water-J-39","lengthM":21.39,"sizeMm":300,"diameterIn":11.8,"nominalLabel":"12\" PVC","material":"PVC C900","depthM":1.8,"zone":0,"roadEdge":55,"customers":186,"designPeakHourLps":5.78,"designFireLps":108.35}},{"type":"Feature","id":"water-E231","geometry":{"type":"LineString","coordinates":[[-78.9327572,43.8710657],[-78.9327957,43.8711525]]},"properties":{"kind":"distribution","tier":"distribution","placement":"underground","from":"water-T-515","to":"water-T-536","lengthM":10.15,"sizeMm":150,"diameterIn":5.9,"nominalLabel":"6\" PVC","material":"PVC C900","depthM":1.8,"zone":0,"roadEdge":95,"customers":13,"designPeakHourLps":0.34,"designFireLps":34.88}},{"type":"Feature","id":"water-E232","geometry":{"type":"LineString","coordinates":[[-78.9319769,43.8718693],[-78.9320387,43.8720102]]},"properties":{"kind":"distribution","tier":"distribution","placement":"underground","from":"water-T-500","to":"water-T-499","lengthM":16.44,"sizeMm":150,"diameterIn":5.9,"nominalLabel":"6\" PVC","material":"PVC C900","depthM":1.8,"zone":0,"roadEdge":94,"customers":5,"designPeakHourLps":0.101,"designFireLps":34.72}},{"type":"Feature","id":"water-E233","geometry":{"type":"LineString","coordinates":[[-78.9362893,43.8691814],[-78.9362931,43.86919]]},"properties":{"kind":"distribution","tier":"distribution","placement":"underground","from":"water-T-400","to":"water-T-393","lengthM":1.01,"sizeMm":150,"diameterIn":5.9,"nominalLabel":"6\" PVC","material":"PVC C900","depthM":1.8,"zone":0,"roadEdge":76,"customers":5,"designPeakHourLps":0.094,"designFireLps":34.71}},{"type":"Feature","id":"water-E234","geometry":{"type":"LineString","coordinates":[[-78.9347288,43.8685535],[-78.9345829,43.8685854],[-78.9346388,43.8687223]]},"properties":{"kind":"distribution","tier":"distribution","placement":"underground","from":"water-T-439","to":"water-T-440","lengthM":28.12,"sizeMm":150,"diameterIn":5.9,"nominalLabel":"6\" PVC","material":"PVC C900","depthM":1.8,"zone":0,"roadEdge":80,"customers":14,"designPeakHourLps":0.324,"designFireLps":34.87}},{"type":"Feature","id":"water-E235","geometry":{"type":"LineString","coordinates":[[-78.9390035,43.868655],[-78.9392538,43.8685994]]},"properties":{"kind":"distribution","tier":"distribution","placement":"underground","from":"water-T-249","to":"water-T-244","lengthM":21.02,"sizeMm":200,"diameterIn":7.9,"nominalLabel":"8\" PVC","material":"PVC C900","depthM":1.8,"zone":0,"roadEdge":40,"customers":72,"designPeakHourLps":1.525,"designFireLps":35.67}},{"type":"Feature","id":"water-E236","geometry":{"type":"LineString","coordinates":[[-78.9386035,43.8684377],[-78.938539,43.8682822]]},"properties":{"kind":"distribution","tier":"distribution","placement":"underground","from":"water-T-282","to":"water-T-266","lengthM":18.08,"sizeMm":150,"diameterIn":5.9,"nominalLabel":"6\" PVC","material":"PVC C900","depthM":1.8,"zone":0,"roadEdge":41,"customers":18,"designPeakHourLps":0.307,"designFireLps":34.85}},{"type":"Feature","id":"water-E237","geometry":{"type":"LineString","coordinates":[[-78.9389865,43.8690679],[-78.9390539,43.8692262]]},"properties":{"kind":"distribution","tier":"distribution","placement":"underground","from":"water-T-305","to":"water-T-309","lengthM":18.44,"sizeMm":150,"diameterIn":5.9,"nominalLabel":"6\" PVC","material":"PVC C900","depthM":1.8,"zone":0,"roadEdge":47,"customers":7,"designPeakHourLps":0.092,"designFireLps":34.71}},{"type":"Feature","id":"water-E238","geometry":{"type":"LineString","coordinates":[[-78.9373251,43.8698626],[-78.9370856,43.8699156]]},"properties":{"kind":"distribution","tier":"distribution","placement":"underground","from":"water-T-345","to":"water-T-342","lengthM":20.1,"sizeMm":150,"diameterIn":5.9,"nominalLabel":"6\" PVC","material":"PVC C900","depthM":1.8,"zone":0,"roadEdge":57,"customers":37,"designPeakHourLps":0.872,"designFireLps":35.23}},{"type":"Feature","id":"water-E239","geometry":{"type":"LineString","coordinates":[[-78.9381357,43.8703337],[-78.9382712,43.8706385]]},"properties":{"kind":"distribution","tier":"trunk","placement":"underground","from":"water-J-39","to":"water-J-38","lengthM":35.62,"sizeMm":300,"diameterIn":11.8,"nominalLabel":"12\" PVC","material":"PVC C900","depthM":1.8,"zone":0,"roadEdge":53,"customers":158,"designPeakHourLps":5.144,"designFireLps":107.93}},{"type":"Feature","id":"water-E240","geometry":{"type":"LineString","coordinates":[[-78.9381357,43.8703337],[-78.9381902,43.8702778],[-78.9382177,43.8702714],[-78.9384814,43.8702131]]},"properties":{"kind":"distribution","tier":"distribution","placement":"underground","from":"water-J-39","to":"water-T-313","lengthM":32.06,"sizeMm":150,"diameterIn":5.9,"nominalLabel":"6\" PVC","material":"PVC C900","depthM":1.8,"zone":0,"roadEdge":48,"customers":28,"designPeakHourLps":0.635,"designFireLps":35.07}},{"type":"Feature","id":"water-E241","geometry":{"type":"LineString","coordinates":[[-78.9327957,43.8711525],[-78.9328188,43.8712046]]},"properties":{"kind":"distribution","tier":"distribution","placement":"underground","from":"water-T-536","to":"water-T-514","lengthM":6.08,"sizeMm":150,"diameterIn":5.9,"nominalLabel":"6\" PVC","material":"PVC C900","depthM":1.8,"zone":0,"roadEdge":95,"customers":12,"designPeakHourLps":0.301,"designFireLps":34.85}},{"type":"Feature","id":"water-E242","geometry":{"type":"LineString","coordinates":[[-78.9320387,43.8720102],[-78.9321009,43.8721522]]},"properties":{"kind":"distribution","tier":"distribution","placement":"underground","from":"water-T-499","to":"water-T-498","lengthM":16.58,"sizeMm":150,"diameterIn":5.9,"nominalLabel":"6\" PVC","material":"PVC C900","depthM":1.8,"zone":0,"roadEdge":94,"customers":4,"designPeakHourLps":0.086,"designFireLps":34.71}},{"type":"Feature","id":"water-E243","geometry":{"type":"LineString","coordinates":[[-78.9362931,43.86919],[-78.9363672,43.869359]]},"properties":{"kind":"distribution","tier":"distribution","placement":"underground","from":"water-T-393","to":"water-T-392","lengthM":19.73,"sizeMm":150,"diameterIn":5.9,"nominalLabel":"6\" PVC","material":"PVC C900","depthM":1.8,"zone":0,"roadEdge":76,"customers":4,"designPeakHourLps":0.078,"designFireLps":34.7}},{"type":"Feature","id":"water-E244","geometry":{"type":"LineString","coordinates":[[-78.9346388,43.8687223],[-78.9347102,43.868897]]},"properties":{"kind":"distribution","tier":"distribution","placement":"underground","from":"water-T-440","to":"water-T-441","lengthM":20.27,"sizeMm":150,"diameterIn":5.9,"nominalLabel":"6\" PVC","material":"PVC C900","depthM":1.8,"zone":0,"roadEdge":80,"customers":13,"designPeakHourLps":0.286,"designFireLps":34.84}},{"type":"Feature","id":"water-E245","geometry":{"type":"LineString","coordinates":[[-78.9392538,43.8685994],[-78.939258,43.8685985]]},"properties":{"kind":"distribution","tier":"distribution","placement":"underground","from":"water-T-244","to":"water-T-248","lengthM":0.35,"sizeMm":200,"diameterIn":7.9,"nominalLabel":"8\" PVC","material":"PVC C900","depthM":1.8,"zone":0,"roadEdge":40,"customers":71,"designPeakHourLps":1.502,"designFireLps":35.65}},{"type":"Feature","id":"water-E246","geometry":{"type":"LineString","coordinates":[[-78.938539,43.8682822],[-78.9385351,43.8682729]]},"properties":{"kind":"distribution","tier":"distribution","placement":"underground","from":"water-T-266","to":"water-T-281","lengthM":1.08,"sizeMm":150,"diameterIn":5.9,"nominalLabel":"6\" PVC","material":"PVC C900","depthM":1.8,"zone":0,"roadEdge":41,"customers":17,"designPeakHourLps":0.276,"designFireLps":34.83}},{"type":"Feature","id":"water-E247","geometry":{"type":"LineString","coordinates":[[-78.9390539,43.8692262],[-78.9390553,43.8692296]]},"properties":{"kind":"distribution","tier":"distribution","placement":"underground","from":"water-T-309","to":"water-T-304","lengthM":0.39,"sizeMm":150,"diameterIn":5.9,"nominalLabel":"6\" PVC","material":"PVC C900","depthM":1.8,"zone":0,"roadEdge":47,"customers":6,"designPeakHourLps":0.076,"designFireLps":34.7}},{"type":"Feature","id":"water-E248","geometry":{"type":"LineString","coordinates":[[-78.9370856,43.8699156],[-78.9370695,43.8699192]]},"properties":{"kind":"distribution","tier":"distribution","placement":"underground","from":"water-T-342","to":"water-T-346","lengthM":1.36,"sizeMm":150,"diameterIn":5.9,"nominalLabel":"6\" PVC","material":"PVC C900","depthM":1.8,"zone":0,"roadEdge":57,"customers":36,"designPeakHourLps":0.842,"designFireLps":35.21}},{"type":"Feature","id":"water-E249","geometry":{"type":"LineString","coordinates":[[-78.9382712,43.8706385],[-78.9380956,43.8706373],[-78.9380616,43.8706453],[-78.9378039,43.8707031]]},"properties":{"kind":"distribution","tier":"distribution","placement":"underground","from":"water-J-38","to":"water-T-333","lengthM":38.62,"sizeMm":150,"diameterIn":5.9,"nominalLabel":"6\" PVC","material":"PVC C900","depthM":1.8,"zone":0,"roadEdge":54,"customers":24,"designPeakHourLps":0.489,"designFireLps":34.98}},{"type":"Feature","id":"water-E250","geometry":{"type":"LineString","coordinates":[[-78.9382712,43.8706385],[-78.9383385,43.8708043]]},"properties":{"kind":"distribution","tier":"trunk","placement":"underground","from":"water-J-38","to":"water-T-573","lengthM":19.23,"sizeMm":300,"diameterIn":11.8,"nominalLabel":"12\" PVC","material":"PVC C900","depthM":1.8,"zone":0,"roadEdge":50,"customers":134,"designPeakHourLps":4.656,"designFireLps":107.6}},{"type":"Feature","id":"water-E251","geometry":{"type":"LineString","coordinates":[[-78.9384814,43.8702131],[-78.9384917,43.8702108]]},"properties":{"kind":"distribution","tier":"distribution","placement":"underground","from":"water-T-313","to":"water-T-311","lengthM":0.87,"sizeMm":150,"diameterIn":5.9,"nominalLabel":"6\" PVC","material":"PVC C900","depthM":1.8,"zone":0,"roadEdge":48,"customers":27,"designPeakHourLps":0.605,"designFireLps":35.05}},{"type":"Feature","id":"water-E252","geometry":{"type":"LineString","coordinates":[[-78.9328188,43.8712046],[-78.9328624,43.871303]]},"properties":{"kind":"distribution","tier":"distribution","placement":"underground","from":"water-T-514","to":"water-T-535","lengthM":11.5,"sizeMm":150,"diameterIn":5.9,"nominalLabel":"6\" PVC","material":"PVC C900","depthM":1.8,"zone":0,"roadEdge":95,"customers":11,"designPeakHourLps":0.286,"designFireLps":34.84}},{"type":"Feature","id":"water-E253","geometry":{"type":"LineString","coordinates":[[-78.9321009,43.8721522],[-78.9321651,43.8722987]]},"properties":{"kind":"distribution","tier":"distribution","placement":"underground","from":"water-T-498","to":"water-T-497","lengthM":17.11,"sizeMm":150,"diameterIn":5.9,"nominalLabel":"6\" PVC","material":"PVC C900","depthM":1.8,"zone":0,"roadEdge":94,"customers":3,"designPeakHourLps":0.07,"designFireLps":34.7}},{"type":"Feature","id":"water-E254","geometry":{"type":"LineString","coordinates":[[-78.9363672,43.869359],[-78.9363691,43.8693634]]},"properties":{"kind":"distribution","tier":"distribution","placement":"underground","from":"water-T-392","to":"water-T-399","lengthM":0.51,"sizeMm":150,"diameterIn":5.9,"nominalLabel":"6\" PVC","material":"PVC C900","depthM":1.8,"zone":0,"roadEdge":76,"customers":3,"designPeakHourLps":0.062,"designFireLps":34.69}},{"type":"Feature","id":"water-E255","geometry":{"type":"LineString","coordinates":[[-78.9347102,43.868897],[-78.9347747,43.8690547]]},"properties":{"kind":"distribution","tier":"distribution","placement":"underground","from":"water-T-441","to":"water-T-429","lengthM":18.3,"sizeMm":150,"diameterIn":5.9,"nominalLabel":"6\" PVC","material":"PVC C900","depthM":1.8,"zone":0,"roadEdge":80,"customers":12,"designPeakHourLps":0.263,"designFireLps":34.83}},{"type":"Feature","id":"water-E256","geometry":{"type":"LineString","coordinates":[[-78.939258,43.8685985],[-78.9394092,43.868565],[-78.9395179,43.8685388]]},"properties":{"kind":"distribution","tier":"distribution","placement":"underground","from":"water-T-248","to":"water-T-247","lengthM":21.89,"sizeMm":200,"diameterIn":7.9,"nominalLabel":"8\" PVC","material":"PVC C900","depthM":1.8,"zone":0,"roadEdge":40,"customers":70,"designPeakHourLps":1.478,"designFireLps":35.64}},{"type":"Feature","id":"water-E257","geometry":{"type":"LineString","coordinates":[[-78.9385351,43.8682729],[-78.9384728,43.8681227]]},"properties":{"kind":"distribution","tier":"distribution","placement":"underground","from":"water-T-281","to":"water-T-265","lengthM":17.44,"sizeMm":150,"diameterIn":5.9,"nominalLabel":"6\" PVC","material":"PVC C900","depthM":1.8,"zone":0,"roadEdge":41,"customers":16,"designPeakHourLps":0.269,"designFireLps":34.83}},{"type":"Feature","id":"water-E258","geometry":{"type":"LineString","coordinates":[[-78.9390553,43.8692296],[-78.9391218,43.8693856]]},"properties":{"kind":"distribution","tier":"distribution","placement":"underground","from":"water-T-304","to":"water-T-308","lengthM":18.17,"sizeMm":150,"diameterIn":5.9,"nominalLabel":"6\" PVC","material":"PVC C900","depthM":1.8,"zone":0,"roadEdge":47,"customers":5,"designPeakHourLps":0.061,"designFireLps":34.69}},{"type":"Feature","id":"water-E259","geometry":{"type":"LineString","coordinates":[[-78.9370695,43.8699192],[-78.9368357,43.8699709]]},"properties":{"kind":"distribution","tier":"distribution","placement":"underground","from":"water-T-346","to":"water-T-343","lengthM":19.62,"sizeMm":150,"diameterIn":5.9,"nominalLabel":"6\" PVC","material":"PVC C900","depthM":1.8,"zone":0,"roadEdge":57,"customers":35,"designPeakHourLps":0.811,"designFireLps":35.19}},{"type":"Feature","id":"water-E260","geometry":{"type":"LineString","coordinates":[[-78.9378039,43.8707031],[-78.9377861,43.8707071]]},"properties":{"kind":"distribution","tier":"distribution","placement":"underground","from":"water-T-333","to":"water-T-337","lengthM":1.49,"sizeMm":150,"diameterIn":5.9,"nominalLabel":"6\" PVC","material":"PVC C900","depthM":1.8,"zone":0,"roadEdge":54,"customers":23,"designPeakHourLps":0.474,"designFireLps":34.97}},{"type":"Feature","id":"water-E261","geometry":{"type":"LineString","coordinates":[[-78.9383385,43.8708043],[-78.9383663,43.8708728],[-78.9384092,43.8709789],[-78.9386695,43.8715413],[-78.9387046,43.8716232]]},"properties":{"kind":"distribution","tier":"trunk","placement":"underground","from":"water-T-573","to":"water-J-36","lengthM":95.8,"sizeMm":300,"diameterIn":11.8,"nominalLabel":"12\" PVC","material":"PVC C900","depthM":1.8,"zone":0,"roadEdge":50,"customers":133,"designPeakHourLps":4.628,"designFireLps":107.59}},{"type":"Feature","id":"water-E262","geometry":{"type":"LineString","coordinates":[[-78.9384917,43.8702108],[-78.9386169,43.8701832],[-78.9387021,43.8701647]]},"properties":{"kind":"distribution","tier":"distribution","placement":"underground","from":"water-T-311","to":"water-T-310","lengthM":17.64,"sizeMm":150,"diameterIn":5.9,"nominalLabel":"6\" PVC","material":"PVC C900","depthM":1.8,"zone":0,"roadEdge":48,"customers":26,"designPeakHourLps":0.589,"designFireLps":35.04}},{"type":"Feature","id":"water-E263","geometry":{"type":"LineString","coordinates":[[-78.9328624,43.871303],[-78.9328798,43.8713424]]},"properties":{"kind":"distribution","tier":"distribution","placement":"underground","from":"water-T-535","to":"water-T-513","lengthM":4.61,"sizeMm":150,"diameterIn":5.9,"nominalLabel":"6\" PVC","material":"PVC C900","depthM":1.8,"zone":0,"roadEdge":95,"customers":10,"designPeakHourLps":0.278,"designFireLps":34.84}},{"type":"Feature","id":"water-E264","geometry":{"type":"LineString","coordinates":[[-78.9321651,43.8722987],[-78.9322302,43.8724472]]},"properties":{"kind":"distribution","tier":"distribution","placement":"underground","from":"water-T-497","to":"water-J-68","lengthM":17.34,"sizeMm":150,"diameterIn":5.9,"nominalLabel":"6\" PVC","material":"PVC C900","depthM":1.8,"zone":0,"roadEdge":94,"customers":2,"designPeakHourLps":0.04,"designFireLps":34.68}},{"type":"Feature","id":"water-E265","geometry":{"type":"LineString","coordinates":[[-78.9363691,43.8693634],[-78.936442,43.8695298]]},"properties":{"kind":"distribution","tier":"distribution","placement":"underground","from":"water-T-399","to":"water-T-391","lengthM":19.43,"sizeMm":150,"diameterIn":5.9,"nominalLabel":"6\" PVC","material":"PVC C900","depthM":1.8,"zone":0,"roadEdge":76,"customers":2,"designPeakHourLps":0.031,"designFireLps":34.67}},{"type":"Feature","id":"water-E266","geometry":{"type":"LineString","coordinates":[[-78.9347747,43.8690547],[-78.934781,43.8690703]]},"properties":{"kind":"distribution","tier":"distribution","placement":"underground","from":"water-T-429","to":"water-T-442","lengthM":1.81,"sizeMm":150,"diameterIn":5.9,"nominalLabel":"6\" PVC","material":"PVC C900","depthM":1.8,"zone":0,"roadEdge":80,"customers":11,"designPeakHourLps":0.24,"designFireLps":34.81}},{"type":"Feature","id":"water-E267","geometry":{"type":"LineString","coordinates":[[-78.9395179,43.8685388],[-78.9397648,43.8684795]]},"properties":{"kind":"distribution","tier":"distribution","placement":"underground","from":"water-T-247","to":"water-T-246","lengthM":20.89,"sizeMm":200,"diameterIn":7.9,"nominalLabel":"8\" PVC","material":"PVC C900","depthM":1.8,"zone":0,"roadEdge":40,"customers":69,"designPeakHourLps":1.456,"designFireLps":35.62}},{"type":"Feature","id":"water-E268","geometry":{"type":"LineString","coordinates":[[-78.9384728,43.8681227],[-78.9384727,43.8681225]]},"properties":{"kind":"distribution","tier":"distribution","placement":"underground","from":"water-T-265","to":"water-T-280","lengthM":0.03,"sizeMm":150,"diameterIn":5.9,"nominalLabel":"6\" PVC","material":"PVC C900","depthM":1.8,"zone":0,"roadEdge":41,"customers":15,"designPeakHourLps":0.246,"designFireLps":34.81}},{"type":"Feature","id":"water-E269","geometry":{"type":"LineString","coordinates":[[-78.9391218,43.8693856],[-78.939128,43.8694003]]},"properties":{"kind":"distribution","tier":"distribution","placement":"underground","from":"water-T-308","to":"water-T-303","lengthM":1.71,"sizeMm":150,"diameterIn":5.9,"nominalLabel":"6\" PVC","material":"PVC C900","depthM":1.8,"zone":0,"roadEdge":47,"customers":4,"designPeakHourLps":0.031,"designFireLps":34.67}},{"type":"Feature","id":"water-E270","geometry":{"type":"LineString","coordinates":[[-78.9368357,43.8699709],[-78.9368248,43.8699734]]},"properties":{"kind":"distribution","tier":"distribution","placement":"underground","from":"water-T-343","to":"water-T-347","lengthM":0.91,"sizeMm":150,"diameterIn":5.9,"nominalLabel":"6\" PVC","material":"PVC C900","depthM":1.8,"zone":0,"roadEdge":57,"customers":34,"designPeakHourLps":0.788,"designFireLps":35.18}},{"type":"Feature","id":"water-E271","geometry":{"type":"LineString","coordinates":[[-78.9377861,43.8707071],[-78.9375927,43.8707505]]},"properties":{"kind":"distribution","tier":"distribution","placement":"underground","from":"water-T-337","to":"water-T-334","lengthM":16.26,"sizeMm":150,"diameterIn":5.9,"nominalLabel":"6\" PVC","material":"PVC C900","depthM":1.8,"zone":0,"roadEdge":54,"customers":22,"designPeakHourLps":0.466,"designFireLps":34.96}},{"type":"Feature","id":"water-E272","geometry":{"type":"LineString","coordinates":[[-78.9387046,43.8716232],[-78.9387482,43.8717231],[-78.9391692,43.8726947],[-78.9392344,43.8728442],[-78.9393239,43.8730493],[-78.9393547,43.8731198],[-78.939565,43.8735903],[-78.939597,43.8736619]]},"properties":{"kind":"distribution","tier":"trunk","placement":"underground","from":"water-J-36","to":"water-J-33","lengthM":237.98,"sizeMm":300,"diameterIn":11.8,"nominalLabel":"12\" PVC","material":"PVC C900","depthM":1.8,"zone":0,"roadEdge":45,"customers":1,"designPeakHourLps":0.069,"designFireLps":95.05}},{"type":"Feature","id":"water-E273","geometry":{"type":"LineString","coordinates":[[-78.9387046,43.8716232],[-78.9387768,43.8715595],[-78.9390367,43.8714982]]},"properties":{"kind":"distribution","tier":"trunk","placement":"underground","from":"water-J-36","to":"water-T-299","lengthM":31.11,"sizeMm":300,"diameterIn":11.8,"nominalLabel":"12\" PVC","material":"PVC C900","depthM":1.8,"zone":0,"roadEdge":44,"customers":91,"designPeakHourLps":3.634,"designFireLps":106.92}},{"type":"Feature","id":"water-E274","geometry":{"type":"LineString","coordinates":[[-78.9387046,43.8716232],[-78.9385253,43.8716267],[-78.9382247,43.8716922]]},"properties":{"kind":"distribution","tier":"distribution","placement":"underground","from":"water-J-36","to":"water-T-319","lengthM":39.59,"sizeMm":200,"diameterIn":7.9,"nominalLabel":"8\" PVC","material":"PVC C900","depthM":1.8,"zone":0,"roadEdge":51,"customers":41,"designPeakHourLps":0.924,"designFireLps":35.27}},{"type":"Feature","id":"water-E275","geometry":{"type":"LineString","coordinates":[[-78.9387021,43.8701647],[-78.9387025,43.8701646]]},"properties":{"kind":"distribution","tier":"distribution","placement":"underground","from":"water-T-310","to":"water-T-312","lengthM":0.03,"sizeMm":150,"diameterIn":5.9,"nominalLabel":"6\" PVC","material":"PVC C900","depthM":1.8,"zone":0,"roadEdge":48,"customers":25,"designPeakHourLps":0.574,"designFireLps":35.03}},{"type":"Feature","id":"water-E276","geometry":{"type":"LineString","coordinates":[[-78.9328798,43.8713424],[-78.9329268,43.8714484]]},"properties":{"kind":"distribution","tier":"distribution","placement":"underground","from":"water-T-513","to":"water-T-534","lengthM":12.39,"sizeMm":150,"diameterIn":5.9,"nominalLabel":"6\" PVC","material":"PVC C900","depthM":1.8,"zone":0,"roadEdge":95,"customers":9,"designPeakHourLps":0.255,"designFireLps":34.82}},{"type":"Feature","id":"water-E277","geometry":{"type":"LineString","coordinates":[[-78.9322302,43.8724472],[-78.932299,43.8724776],[-78.93233,43.8724704],[-78.9327987,43.8723624]]},"properties":{"kind":"distribution","tier":"distribution","placement":"underground","from":"water-J-68","to":"water-T-529","lengthM":48.57,"sizeMm":150,"diameterIn":5.9,"nominalLabel":"6\" PVC","material":"PVC C900","depthM":1.8,"zone":0,"roadEdge":95,"customers":2,"designPeakHourLps":0.04,"designFireLps":34.68}},{"type":"Feature","id":"water-E278","geometry":{"type":"LineString","coordinates":[[-78.936442,43.8695298],[-78.9364432,43.8695325]]},"properties":{"kind":"distribution","tier":"distribution","placement":"underground","from":"water-T-391","to":"water-T-398","lengthM":0.31,"sizeMm":150,"diameterIn":5.9,"nominalLabel":"6\" PVC","material":"PVC C900","depthM":1.8,"zone":0,"roadEdge":76,"customers":1,"designPeakHourLps":0.016,"designFireLps":34.66}},{"type":"Feature","id":"water-E279","geometry":{"type":"LineString","coordinates":[[-78.934781,43.8690703],[-78.9347856,43.8690815],[-78.9348436,43.8692123]]},"properties":{"kind":"distribution","tier":"distribution","placement":"underground","from":"water-T-442","to":"water-T-430","lengthM":16.59,"sizeMm":150,"diameterIn":5.9,"nominalLabel":"6\" PVC","material":"PVC C900","depthM":1.8,"zone":0,"roadEdge":80,"customers":10,"designPeakHourLps":0.216,"designFireLps":34.79}},{"type":"Feature","id":"water-E280","geometry":{"type":"LineString","coordinates":[[-78.9397648,43.8684795],[-78.9399899,43.8684253]]},"properties":{"kind":"distribution","tier":"distribution","placement":"underground","from":"water-T-246","to":"water-J-30","lengthM":19.04,"sizeMm":200,"diameterIn":7.9,"nominalLabel":"8\" PVC","material":"PVC C900","depthM":1.8,"zone":0,"roadEdge":40,"customers":68,"designPeakHourLps":1.44,"designFireLps":35.61}},{"type":"Feature","id":"water-E281","geometry":{"type":"LineString","coordinates":[[-78.9384727,43.8681225],[-78.938409,43.8679689]]},"properties":{"kind":"distribution","tier":"distribution","placement":"underground","from":"water-T-280","to":"water-T-264","lengthM":17.85,"sizeMm":150,"diameterIn":5.9,"nominalLabel":"6\" PVC","material":"PVC C900","depthM":1.8,"zone":0,"roadEdge":41,"customers":14,"designPeakHourLps":0.238,"designFireLps":34.81}},{"type":"Feature","id":"water-E282","geometry":{"type":"LineString","coordinates":[[-78.939128,43.8694003],[-78.9391938,43.8695547]]},"properties":{"kind":"distribution","tier":"distribution","placement":"underground","from":"water-T-303","to":"water-T-307","lengthM":17.98,"sizeMm":150,"diameterIn":5.9,"nominalLabel":"6\" PVC","material":"PVC C900","depthM":1.8,"zone":0,"roadEdge":47,"customers":3,"designPeakHourLps":0.023,"designFireLps":34.67}},{"type":"Feature","id":"water-E283","geometry":{"type":"LineString","coordinates":[[-78.9368248,43.8699734],[-78.9367107,43.8699986],[-78.9365981,43.8700226]]},"properties":{"kind":"distribution","tier":"distribution","placement":"underground","from":"water-T-347","to":"water-J-51","lengthM":19.0,"sizeMm":150,"diameterIn":5.9,"nominalLabel":"6\" PVC","material":"PVC C900","depthM":1.8,"zone":0,"roadEdge":57,"customers":33,"designPeakHourLps":0.765,"designFireLps":35.16}},{"type":"Feature","id":"water-E284","geometry":{"type":"LineString","coordinates":[[-78.9375927,43.8707505],[-78.9375889,43.8707513]]},"properties":{"kind":"distribution","tier":"distribution","placement":"underground","from":"water-T-334","to":"water-T-338","lengthM":0.31,"sizeMm":150,"diameterIn":5.9,"nominalLabel":"6\" PVC","material":"PVC C900","depthM":1.8,"zone":0,"roadEdge":54,"customers":21,"designPeakHourLps":0.45,"designFireLps":34.95}},{"type":"Feature","id":"water-E285","geometry":{"type":"LineString","coordinates":[[-78.939597,43.8736619],[-78.9396286,43.8737348],[-78.9397356,43.8739808]]},"properties":{"kind":"distribution","tier":"trunk","placement":"underground","from":"water-J-33","to":"water-T-642","lengthM":37.2,"sizeMm":300,"diameterIn":11.8,"nominalLabel":"12\" PVC","material":"PVC C900","depthM":1.8,"zone":0,"roadEdge":42,"customers":1,"designPeakHourLps":0.069,"designFireLps":95.05}},{"type":"Feature","id":"water-E286","geometry":{"type":"LineString","coordinates":[[-78.9390367,43.8714982],[-78.9390517,43.8714947]]},"properties":{"kind":"distribution","tier":"trunk","placement":"underground","from":"water-T-299","to":"water-T-297","lengthM":1.26,"sizeMm":300,"diameterIn":11.8,"nominalLabel":"12\" PVC","material":"PVC C900","depthM":1.8,"zone":0,"roadEdge":44,"customers":90,"designPeakHourLps":3.611,"designFireLps":106.91}},{"type":"Feature","id":"water-E287","geometry":{"type":"LineString","coordinates":[[-78.9382247,43.8716922],[-78.9382194,43.8716934]]},"properties":{"kind":"distribution","tier":"distribution","placement":"underground","from":"water-T-319","to":"water-T-317","lengthM":0.45,"sizeMm":200,"diameterIn":7.9,"nominalLabel":"8\" PVC","material":"PVC C900","depthM":1.8,"zone":0,"roadEdge":51,"customers":40,"designPeakHourLps":0.885,"designFireLps":35.24}},{"type":"Feature","id":"water-E288","geometry":{"type":"LineString","coordinates":[[-78.9387025,43.8701646],[-78.9392279,43.8700504],[-78.9393356,43.8700262]]},"properties":{"kind":"distribution","tier":"distribution","placement":"underground","from":"water-T-312","to":"water-J-34","lengthM":53.09,"sizeMm":150,"diameterIn":5.9,"nominalLabel":"6\" PVC","material":"PVC C900","depthM":1.8,"zone":0,"roadEdge":48,"customers":24,"designPeakHourLps":0.558,"designFireLps":35.02}},{"type":"Feature","id":"water-E289","geometry":{"type":"LineString","coordinates":[[-78.9329268,43.8714484],[-78.932946,43.8714919]]},"properties":{"kind":"distribution","tier":"distribution","placement":"underground","from":"water-T-534","to":"water-T-512","lengthM":5.08,"sizeMm":150,"diameterIn":5.9,"nominalLabel":"6\" PVC","material":"PVC C900","depthM":1.8,"zone":0,"roadEdge":95,"customers":8,"designPeakHourLps":0.209,"designFireLps":34.79}},{"type":"Feature","id":"water-E290","geometry":{"type":"LineString","coordinates":[[-78.9327987,43.8723624],[-78.932801,43.8723619]]},"properties":{"kind":"distribution","tier":"distribution","placement":"underground","from":"water-T-529","to":"water-T-508","lengthM":0.2,"sizeMm":150,"diameterIn":5.9,"nominalLabel":"6\" PVC","material":"PVC C900","depthM":1.8,"zone":0,"roadEdge":95,"customers":1,"designPeakHourLps":0.016,"designFireLps":34.66}},{"type":"Feature","id":"water-E291","geometry":{"type":"LineString","coordinates":[[-78.9348436,43.8692123],[-78.934847,43.8692201]]},"properties":{"kind":"distribution","tier":"distribution","placement":"underground","from":"water-T-430","to":"water-T-443","lengthM":0.91,"sizeMm":150,"diameterIn":5.9,"nominalLabel":"6\" PVC","material":"PVC C900","depthM":1.8,"zone":0,"roadEdge":80,"customers":9,"designPeakHourLps":0.193,"designFireLps":34.78}},{"type":"Feature","id":"water-E292","geometry":{"type":"LineString","coordinates":[[-78.9399899,43.8684253],[-78.9402095,43.8683741]]},"properties":{"kind":"distribution","tier":"distribution","placement":"underground","from":"water-J-30","to":"water-T-200","lengthM":18.52,"sizeMm":200,"diameterIn":7.9,"nominalLabel":"8\" PVC","material":"PVC C900","depthM":1.8,"zone":0,"roadEdge":32,"customers":34,"designPeakHourLps":0.771,"designFireLps":35.16}},{"type":"Feature","id":"water-E293","geometry":{"type":"LineString","coordinates":[[-78.9399899,43.8684253],[-78.9400859,43.8685098],[-78.9401265,43.8686018]]},"properties":{"kind":"distribution","tier":"distribution","placement":"underground","from":"water-J-30","to":"water-T-231","lengthM":22.9,"sizeMm":150,"diameterIn":5.9,"nominalLabel":"6\" PVC","material":"PVC C900","depthM":1.8,"zone":0,"roadEdge":38,"customers":20,"designPeakHourLps":0.401,"designFireLps":34.92}},{"type":"Feature","id":"water-E294","geometry":{"type":"LineString","coordinates":[[-78.9399899,43.8684253],[-78.9398557,43.8679778]]},"properties":{"kind":"distribution","tier":"distribution","placement":"underground","from":"water-J-30","to":"water-T-250","lengthM":50.97,"sizeMm":150,"diameterIn":5.9,"nominalLabel":"6\" PVC","material":"PVC C900","depthM":1.8,"zone":0,"roadEdge":41,"customers":14,"designPeakHourLps":0.268,"designFireLps":34.83}},{"type":"Feature","id":"water-E295","geometry":{"type":"LineString","coordinates":[[-78.938409,43.8679689],[-78.9384038,43.8679563]]},"properties":{"kind":"distribution","tier":"distribution","placement":"underground","from":"water-T-264","to":"water-T-279","lengthM":1.46,"sizeMm":150,"diameterIn":5.9,"nominalLabel":"6\" PVC","material":"PVC C900","depthM":1.8,"zone":0,"roadEdge":41,"customers":13,"designPeakHourLps":0.223,"designFireLps":34.8}},{"type":"Feature","id":"water-E296","geometry":{"type":"LineString","coordinates":[[-78.9391938,43.8695547],[-78.9391993,43.8695676]]},"properties":{"kind":"distribution","tier":"distribution","placement":"underground","from":"water-T-307","to":"water-T-302","lengthM":1.5,"sizeMm":150,"diameterIn":5.9,"nominalLabel":"6\" PVC","material":"PVC C900","depthM":1.8,"zone":0,"roadEdge":47,"customers":2,"designPeakHourLps":0.015,"designFireLps":34.66}},{"type":"Feature","id":"water-E297","geometry":{"type":"LineString","coordinates":[[-78.9365981,43.8700226],[-78.9366978,43.8701181],[-78.9367332,43.8701975]]},"properties":{"kind":"distribution","tier":"distribution","placement":"underground","from":"water-J-51","to":"water-T-381","lengthM":22.59,"sizeMm":150,"diameterIn":5.9,"nominalLabel":"6\" PVC","material":"PVC C900","depthM":1.8,"zone":0,"roadEdge":66,"customers":5,"designPeakHourLps":0.078,"designFireLps":34.7}},{"type":"Feature","id":"water-E298","geometry":{"type":"LineString","coordinates":[[-78.9365981,43.8700226],[-78.9366353,43.8699715],[-78.9366286,43.8699557],[-78.9365979,43.8698856]]},"properties":{"kind":"distribution","tier":"distribution","placement":"underground","from":"water-J-51","to":"water-T-389","lengthM":16.44,"sizeMm":150,"diameterIn":5.9,"nominalLabel":"6\" PVC","material":"PVC C900","depthM":1.8,"zone":0,"roadEdge":76,"customers":2,"designPeakHourLps":0.038,"designFireLps":34.68}},{"type":"Feature","id":"water-E299","geometry":{"type":"LineString","coordinates":[[-78.9365981,43.8700226],[-78.9359934,43.87016]]},"properties":{"kind":"distribution","tier":"distribution","placement":"underground","from":"water-J-51","to":"water-T-406","lengthM":50.88,"sizeMm":150,"diameterIn":5.9,"nominalLabel":"6\" PVC","material":"PVC C900","depthM":1.8,"zone":0,"roadEdge":77,"customers":26,"designPeakHourLps":0.649,"designFireLps":35.08}},{"type":"Feature","id":"water-E300","geometry":{"type":"LineString","coordinates":[[-78.9375889,43.8707513],[-78.9373857,43.8707969]]},"properties":{"kind":"distribution","tier":"distribution","placement":"underground","from":"water-T-338","to":"water-T-339","lengthM":17.09,"sizeMm":150,"diameterIn":5.9,"nominalLabel":"6\" PVC","material":"PVC C900","depthM":1.8,"zone":0,"roadEdge":54,"customers":20,"designPeakHourLps":0.426,"designFireLps":34.93}},{"type":"Feature","id":"water-E301","geometry":{"type":"LineString","coordinates":[[-78.9390517,43.8714947],[-78.9391162,43.8714795],[-78.9392454,43.871451]]},"properties":{"kind":"distribution","tier":"trunk","placement":"underground","from":"water-T-297","to":"water-T-298","lengthM":16.29,"sizeMm":300,"diameterIn":11.8,"nominalLabel":"12\" PVC","material":"PVC C900","depthM":1.8,"zone":0,"roadEdge":44,"customers":89,"designPeakHourLps":3.58,"designFireLps":106.89}},{"type":"Feature","id":"water-E302","geometry":{"type":"LineString","coordinates":[[-78.9382194,43.8716934],[-78.9380607,43.871728],[-78.9380341,43.871734]]},"properties":{"kind":"distribution","tier":"distribution","placement":"underground","from":"water-T-317","to":"water-T-320","lengthM":15.54,"sizeMm":200,"diameterIn":7.9,"nominalLabel":"8\" PVC","material":"PVC C900","depthM":1.8,"zone":0,"roadEdge":51,"customers":39,"designPeakHourLps":0.831,"designFireLps":35.2}},{"type":"Feature","id":"water-E303","geometry":{"type":"LineString","coordinates":[[-78.9393356,43.8700262],[-78.9394152,43.870008],[-78.9394609,43.8699976],[-78.9395365,43.8699811]]},"properties":{"kind":"distribution","tier":"distribution","placement":"underground","from":"water-J-34","to":"water-T-225","lengthM":16.89,"sizeMm":150,"diameterIn":5.9,"nominalLabel":"6\" PVC","material":"PVC C900","depthM":1.8,"zone":0,"roadEdge":37,"customers":15,"designPeakHourLps":0.341,"designFireLps":34.88}},{"type":"Feature","id":"water-E304","geometry":{"type":"LineString","coordinates":[[-78.9393356,43.8700262],[-78.9394733,43.8702123]]},"properties":{"kind":"distribution","tier":"distribution","placement":"underground","from":"water-J-34","to":"water-T-290","lengthM":23.48,"sizeMm":150,"diameterIn":5.9,"nominalLabel":"6\" PVC","material":"PVC C900","depthM":1.8,"zone":0,"roadEdge":43,"customers":8,"designPeakHourLps":0.187,"designFireLps":34.77}},{"type":"Feature","id":"water-E305","geometry":{"type":"LineString","coordinates":[[-78.9393356,43.8700262],[-78.9393857,43.8700054],[-78.93934,43.8698979]]},"properties":{"kind":"distribution","tier":"distribution","placement":"underground","from":"water-J-34","to":"water-T-300","lengthM":17.16,"sizeMm":150,"diameterIn":5.9,"nominalLabel":"6\" PVC","material":"PVC C900","depthM":1.8,"zone":0,"roadEdge":47,"customers":1,"designPeakHourLps":0.031,"designFireLps":34.67}},{"type":"Feature","id":"water-E306","geometry":{"type":"LineString","coordinates":[[-78.932946,43.8714919],[-78.9329869,43.8715841]]},"properties":{"kind":"distribution","tier":"distribution","placement":"underground","from":"water-T-512","to":"water-T-533","lengthM":10.78,"sizeMm":150,"diameterIn":5.9,"nominalLabel":"6\" PVC","material":"PVC C900","depthM":1.8,"zone":0,"roadEdge":95,"customers":7,"designPeakHourLps":0.186,"designFireLps":34.77}},{"type":"Feature","id":"water-E307","geometry":{"type":"LineString","coordinates":[[-78.934847,43.8692201],[-78.9349163,43.8693764]]},"properties":{"kind":"distribution","tier":"distribution","placement":"underground","from":"water-T-443","to":"water-T-431","lengthM":18.27,"sizeMm":150,"diameterIn":5.9,"nominalLabel":"6\" PVC","material":"PVC C900","depthM":1.8,"zone":0,"roadEdge":80,"customers":8,"designPeakHourLps":0.178,"designFireLps":34.77}},{"type":"Feature","id":"water-E308","geometry":{"type":"LineString","coordinates":[[-78.9402095,43.8683741],[-78.940215,43.8683728]]},"properties":{"kind":"distribution","tier":"distribution","placement":"underground","from":"water-T-200","to":"water-T-202","lengthM":0.47,"sizeMm":200,"diameterIn":7.9,"nominalLabel":"8\" PVC","material":"PVC C900","depthM":1.8,"zone":0,"roadEdge":32,"customers":33,"designPeakHourLps":0.756,"designFireLps":35.15}},{"type":"Feature","id":"water-E309","geometry":{"type":"LineString","coordinates":[[-78.9401265,43.8686018],[-78.94019,43.8687455]]},"properties":{"kind":"distribution","tier":"distribution","placement":"underground","from":"water-T-231","to":"water-T-230","lengthM":16.78,"sizeMm":150,"diameterIn":5.9,"nominalLabel":"6\" PVC","material":"PVC C900","depthM":1.8,"zone":0,"roadEdge":38,"customers":19,"designPeakHourLps":0.385,"designFireLps":34.91}},{"type":"Feature","id":"water-E310","geometry":{"type":"LineString","coordinates":[[-78.9398557,43.8679778],[-78.9398526,43.8679707]]},"properties":{"kind":"distribution","tier":"distribution","placement":"underground","from":"water-T-250","to":"water-T-267","lengthM":0.83,"sizeMm":150,"diameterIn":5.9,"nominalLabel":"6\" PVC","material":"PVC C900","depthM":1.8,"zone":0,"roadEdge":41,"customers":13,"designPeakHourLps":0.252,"designFireLps":34.82}},{"type":"Feature","id":"water-E311","geometry":{"type":"LineString","coordinates":[[-78.9384038,43.8679563],[-78.9383412,43.8678055]]},"properties":{"kind":"distribution","tier":"distribution","placement":"underground","from":"water-T-279","to":"water-T-263","lengthM":17.53,"sizeMm":150,"diameterIn":5.9,"nominalLabel":"6\" PVC","material":"PVC C900","depthM":1.8,"zone":0,"roadEdge":41,"customers":12,"designPeakHourLps":0.192,"designFireLps":34.78}},{"type":"Feature","id":"water-E312","geometry":{"type":"LineString","coordinates":[[-78.9391993,43.8695676],[-78.9392703,43.8697343]]},"properties":{"kind":"distribution","tier":"distribution","placement":"underground","from":"water-T-302","to":"water-T-301","lengthM":19.42,"sizeMm":150,"diameterIn":5.9,"nominalLabel":"6\" PVC","material":"PVC C900","depthM":1.8,"zone":0,"roadEdge":47,"customers":1,"designPeakHourLps":0.008,"designFireLps":34.66}},{"type":"Feature","id":"water-E313","geometry":{"type":"LineString","coordinates":[[-78.9367332,43.8701975],[-78.9367948,43.8703356]]},"properties":{"kind":"distribution","tier":"distribution","placement":"underground","from":"water-T-381","to":"water-T-380","lengthM":16.15,"sizeMm":150,"diameterIn":5.9,"nominalLabel":"6\" PVC","material":"PVC C900","depthM":1.8,"zone":0,"roadEdge":66,"customers":4,"designPeakHourLps":0.062,"designFireLps":34.69}},{"type":"Feature","id":"water-E314","geometry":{"type":"LineString","coordinates":[[-78.9365979,43.8698856],[-78.9365199,43.8697076]]},"properties":{"kind":"distribution","tier":"distribution","placement":"underground","from":"water-T-389","to":"water-T-390","lengthM":20.78,"sizeMm":150,"diameterIn":5.9,"nominalLabel":"6\" PVC","material":"PVC C900","depthM":1.8,"zone":0,"roadEdge":76,"customers":1,"designPeakHourLps":0.015,"designFireLps":34.66}},{"type":"Feature","id":"water-E315","geometry":{"type":"LineString","coordinates":[[-78.9359934,43.87016],[-78.935985,43.8701619]]},"properties":{"kind":"distribution","tier":"distribution","placement":"underground","from":"water-T-406","to":"water-T-403","lengthM":0.7,"sizeMm":150,"diameterIn":5.9,"nominalLabel":"6\" PVC","material":"PVC C900","depthM":1.8,"zone":0,"roadEdge":77,"customers":25,"designPeakHourLps":0.619,"designFireLps":35.06}},{"type":"Feature","id":"water-E316","geometry":{"type":"LineString","coordinates":[[-78.9373857,43.8707969],[-78.9373814,43.8707979]]},"properties":{"kind":"distribution","tier":"distribution","placement":"underground","from":"water-T-339","to":"water-T-335","lengthM":0.36,"sizeMm":150,"diameterIn":5.9,"nominalLabel":"6\" PVC","material":"PVC C900","depthM":1.8,"zone":0,"roadEdge":54,"customers":19,"designPeakHourLps":0.411,"designFireLps":34.92}},{"type":"Feature","id":"water-E317","geometry":{"type":"LineString","coordinates":[[-78.9392454,43.871451],[-78.9392725,43.871445]]},"properties":{"kind":"distribution","tier":"trunk","placement":"underground","from":"water-T-298","to":"water-T-296","lengthM":2.28,"sizeMm":300,"diameterIn":11.8,"nominalLabel":"12\" PVC","material":"PVC C900","depthM":1.8,"zone":0,"roadEdge":44,"customers":88,"designPeakHourLps":3.541,"designFireLps":106.86}},{"type":"Feature","id":"water-E318","geometry":{"type":"LineString","coordinates":[[-78.9380341,43.871734],[-78.9380134,43.8717386]]},"properties":{"kind":"distribution","tier":"distribution","placement":"underground","from":"water-T-320","to":"water-T-318","lengthM":1.75,"sizeMm":200,"diameterIn":7.9,"nominalLabel":"8\" PVC","material":"PVC C900","depthM":1.8,"zone":0,"roadEdge":51,"customers":38,"designPeakHourLps":0.792,"designFireLps":35.18}},{"type":"Feature","id":"water-E319","geometry":{"type":"LineString","coordinates":[[-78.9395365,43.8699811],[-78.9395537,43.8699773]]},"properties":{"kind":"distribution","tier":"distribution","placement":"underground","from":"water-T-225","to":"water-T-222","lengthM":1.44,"sizeMm":150,"diameterIn":5.9,"nominalLabel":"6\" PVC","material":"PVC C900","depthM":1.8,"zone":0,"roadEdge":37,"customers":14,"designPeakHourLps":0.302,"designFireLps":34.85}},{"type":"Feature","id":"water-E320","geometry":{"type":"LineString","coordinates":[[-78.9394733,43.8702123],[-78.9395403,43.8703707]]},"properties":{"kind":"distribution","tier":"distribution","placement":"underground","from":"water-T-290","to":"water-T-289","lengthM":18.44,"sizeMm":150,"diameterIn":5.9,"nominalLabel":"6\" PVC","material":"PVC C900","depthM":1.8,"zone":0,"roadEdge":43,"customers":7,"designPeakHourLps":0.164,"designFireLps":34.76}},{"type":"Feature","id":"water-E321","geometry":{"type":"LineString","coordinates":[[-78.9329869,43.8715841],[-78.9330078,43.8716312]]},"properties":{"kind":"distribution","tier":"distribution","placement":"underground","from":"water-T-533","to":"water-T-511","lengthM":5.5,"sizeMm":150,"diameterIn":5.9,"nominalLabel":"6\" PVC","material":"PVC C900","depthM":1.8,"zone":0,"roadEdge":95,"customers":6,"designPeakHourLps":0.17,"designFireLps":34.76}},{"type":"Feature","id":"water-E322","geometry":{"type":"LineString","coordinates":[[-78.9349163,43.8693764],[-78.9349165,43.869377]]},"properties":{"kind":"distribution","tier":"distribution","placement":"underground","from":"water-T-431","to":"water-T-444","lengthM":0.07,"sizeMm":150,"diameterIn":5.9,"nominalLabel":"6\" PVC","material":"PVC C900","depthM":1.8,"zone":0,"roadEdge":80,"customers":7,"designPeakHourLps":0.155,"designFireLps":34.75}},{"type":"Feature","id":"water-E323","geometry":{"type":"LineString","coordinates":[[-78.940215,43.8683728],[-78.9404504,43.8683179]]},"properties":{"kind":"distribution","tier":"distribution","placement":"underground","from":"water-T-202","to":"water-T-201","lengthM":19.85,"sizeMm":200,"diameterIn":7.9,"nominalLabel":"8\" PVC","material":"PVC C900","depthM":1.8,"zone":0,"roadEdge":32,"customers":32,"designPeakHourLps":0.725,"designFireLps":35.13}},{"type":"Feature","id":"water-E324","geometry":{"type":"LineString","coordinates":[[-78.94019,43.8687455],[-78.9402545,43.8688912]]},"properties":{"kind":"distribution","tier":"distribution","placement":"underground","from":"water-T-230","to":"water-T-229","lengthM":17.03,"sizeMm":150,"diameterIn":5.9,"nominalLabel":"6\" PVC","material":"PVC C900","depthM":1.8,"zone":0,"roadEdge":38,"customers":18,"designPeakHourLps":0.37,"designFireLps":34.9}},{"type":"Feature","id":"water-E325","geometry":{"type":"LineString","coordinates":[[-78.9398526,43.8679707],[-78.9397839,43.8678123]]},"properties":{"kind":"distribution","tier":"distribution","placement":"underground","from":"water-T-267","to":"water-T-268","lengthM":18.48,"sizeMm":150,"diameterIn":5.9,"nominalLabel":"6\" PVC","material":"PVC C900","depthM":1.8,"zone":0,"roadEdge":41,"customers":12,"designPeakHourLps":0.229,"designFireLps":34.8}},{"type":"Feature","id":"water-E326","geometry":{"type":"LineString","coordinates":[[-78.9383412,43.8678055],[-78.9383379,43.8677976]]},"properties":{"kind":"distribution","tier":"distribution","placement":"underground","from":"water-T-263","to":"water-T-278","lengthM":0.92,"sizeMm":150,"diameterIn":5.9,"nominalLabel":"6\" PVC","material":"PVC C900","depthM":1.8,"zone":0,"roadEdge":41,"customers":11,"designPeakHourLps":0.185,"designFireLps":34.77}},{"type":"Feature","id":"water-E327","geometry":{"type":"LineString","coordinates":[[-78.9367948,43.8703356],[-78.9368563,43.8704732]]},"properties":{"kind":"distribution","tier":"distribution","placement":"underground","from":"water-T-380","to":"water-T-379","lengthM":16.1,"sizeMm":150,"diameterIn":5.9,"nominalLabel":"6\" PVC","material":"PVC C900","depthM":1.8,"zone":0,"roadEdge":66,"customers":3,"designPeakHourLps":0.039,"designFireLps":34.68}},{"type":"Feature","id":"water-E328","geometry":{"type":"LineString","coordinates":[[-78.935985,43.8701619],[-78.935787,43.8702069]]},"properties":{"kind":"distribution","tier":"distribution","placement":"underground","from":"water-T-403","to":"water-T-407","lengthM":16.66,"sizeMm":150,"diameterIn":5.9,"nominalLabel":"6\" PVC","material":"PVC C900","depthM":1.8,"zone":0,"roadEdge":77,"customers":24,"designPeakHourLps":0.611,"designFireLps":35.06}},{"type":"Feature","id":"water-E329","geometry":{"type":"LineString","coordinates":[[-78.9373814,43.8707979],[-78.937186,43.8708417]]},"properties":{"kind":"distribution","tier":"distribution","placement":"underground","from":"water-T-335","to":"water-T-340","lengthM":16.42,"sizeMm":150,"diameterIn":5.9,"nominalLabel":"6\" PVC","material":"PVC C900","depthM":1.8,"zone":0,"roadEdge":54,"customers":18,"designPeakHourLps":0.396,"designFireLps":34.91}},{"type":"Feature","id":"water-E330","geometry":{"type":"LineString","coordinates":[[-78.9392725,43.871445],[-78.939432,43.8714099],[-78.9397855,43.8713302],[-78.9398797,43.8713089]]},"properties":{"kind":"distribution","tier":"trunk","placement":"underground","from":"water-T-296","to":"water-J-32","lengthM":51.03,"sizeMm":300,"diameterIn":11.8,"nominalLabel":"12\" PVC","material":"PVC C900","depthM":1.8,"zone":0,"roadEdge":44,"customers":87,"designPeakHourLps":3.526,"designFireLps":106.85}},{"type":"Feature","id":"water-E331","geometry":{"type":"LineString","coordinates":[[-78.9380134,43.8717386],[-78.9375138,43.8718515],[-78.9374148,43.87187]]},"properties":{"kind":"distribution","tier":"distribution","placement":"underground","from":"water-T-318","to":"water-J-42","lengthM":50.22,"sizeMm":200,"diameterIn":7.9,"nominalLabel":"8\" PVC","material":"PVC C900","depthM":1.8,"zone":0,"roadEdge":51,"customers":37,"designPeakHourLps":0.777,"designFireLps":35.17}},{"type":"Feature","id":"water-E332","geometry":{"type":"LineString","coordinates":[[-78.9395537,43.8699773],[-78.9397344,43.8699376]]},"properties":{"kind":"distribution","tier":"distribution","placement":"underground","from":"water-T-222","to":"water-T-224","lengthM":15.16,"sizeMm":150,"diameterIn":5.9,"nominalLabel":"6\" PVC","material":"PVC C900","depthM":1.8,"zone":0,"roadEdge":37,"customers":13,"designPeakHourLps":0.272,"designFireLps":34.83}},{"type":"Feature","id":"water-E333","geometry":{"type":"LineString","coordinates":[[-78.9395403,43.8703707],[-78.9396081,43.8705312]]},"properties":{"kind":"distribution","tier":"distribution","placement":"underground","from":"water-T-289","to":"water-T-288","lengthM":18.68,"sizeMm":150,"diameterIn":5.9,"nominalLabel":"6\" PVC","material":"PVC C900","depthM":1.8,"zone":0,"roadEdge":43,"customers":6,"designPeakHourLps":0.156,"designFireLps":34.75}},{"type":"Feature","id":"water-E334","geometry":{"type":"LineString","coordinates":[[-78.9330078,43.8716312],[-78.933048,43.871722]]},"properties":{"kind":"distribution","tier":"distribution","placement":"underground","from":"water-T-511","to":"water-T-532","lengthM":10.61,"sizeMm":150,"diameterIn":5.9,"nominalLabel":"6\" PVC","material":"PVC C900","depthM":1.8,"zone":0,"roadEdge":95,"customers":5,"designPeakHourLps":0.139,"designFireLps":34.74}},{"type":"Feature","id":"water-E335","geometry":{"type":"LineString","coordinates":[[-78.9349165,43.869377],[-78.9349236,43.869393],[-78.9349915,43.8695462]]},"properties":{"kind":"distribution","tier":"distribution","placement":"underground","from":"water-T-444","to":"water-T-432","lengthM":19.77,"sizeMm":150,"diameterIn":5.9,"nominalLabel":"6\" PVC","material":"PVC C900","depthM":1.8,"zone":0,"roadEdge":80,"customers":6,"designPeakHourLps":0.14,"designFireLps":34.74}},{"type":"Feature","id":"water-E336","geometry":{"type":"LineString","coordinates":[[-78.9404504,43.8683179],[-78.9404569,43.8683164]]},"properties":{"kind":"distribution","tier":"distribution","placement":"underground","from":"water-T-201","to":"water-T-199","lengthM":0.55,"sizeMm":200,"diameterIn":7.9,"nominalLabel":"8\" PVC","material":"PVC C900","depthM":1.8,"zone":0,"roadEdge":32,"customers":31,"designPeakHourLps":0.71,"designFireLps":35.12}},{"type":"Feature","id":"water-E337","geometry":{"type":"LineString","coordinates":[[-78.9402545,43.8688912],[-78.9402547,43.8688916]]},"properties":{"kind":"distribution","tier":"distribution","placement":"underground","from":"water-T-229","to":"water-T-233","lengthM":0.05,"sizeMm":150,"diameterIn":5.9,"nominalLabel":"6\" PVC","material":"PVC C900","depthM":1.8,"zone":0,"roadEdge":38,"customers":17,"designPeakHourLps":0.347,"designFireLps":34.88}},{"type":"Feature","id":"water-E338","geometry":{"type":"LineString","coordinates":[[-78.9397839,43.8678123],[-78.9397828,43.8678097]]},"properties":{"kind":"distribution","tier":"distribution","placement":"underground","from":"water-T-268","to":"water-T-251","lengthM":0.3,"sizeMm":150,"diameterIn":5.9,"nominalLabel":"6\" PVC","material":"PVC C900","depthM":1.8,"zone":0,"roadEdge":41,"customers":11,"designPeakHourLps":0.214,"designFireLps":34.79}},{"type":"Feature","id":"water-E339","geometry":{"type":"LineString","coordinates":[[-78.9383379,43.8677976],[-78.9382758,43.8676477]]},"properties":{"kind":"distribution","tier":"distribution","placement":"underground","from":"water-T-278","to":"water-T-262","lengthM":17.42,"sizeMm":150,"diameterIn":5.9,"nominalLabel":"6\" PVC","material":"PVC C900","depthM":1.8,"zone":0,"roadEdge":41,"customers":10,"designPeakHourLps":0.169,"designFireLps":34.76}},{"type":"Feature","id":"water-E340","geometry":{"type":"LineString","coordinates":[[-78.9368563,43.8704732],[-78.936862,43.870486]]},"properties":{"kind":"distribution","tier":"distribution","placement":"underground","from":"water-T-379","to":"water-T-382","lengthM":1.49,"sizeMm":150,"diameterIn":5.9,"nominalLabel":"6\" PVC","material":"PVC C900","depthM":1.8,"zone":0,"roadEdge":66,"customers":2,"designPeakHourLps":0.031,"designFireLps":34.67}},{"type":"Feature","id":"water-E341","geometry":{"type":"LineString","coordinates":[[-78.935787,43.8702069],[-78.9357816,43.8702081]]},"properties":{"kind":"distribution","tier":"distribution","placement":"underground","from":"water-T-407","to":"water-T-404","lengthM":0.45,"sizeMm":150,"diameterIn":5.9,"nominalLabel":"6\" PVC","material":"PVC C900","depthM":1.8,"zone":0,"roadEdge":77,"customers":23,"designPeakHourLps":0.588,"designFireLps":35.04}},{"type":"Feature","id":"water-E342","geometry":{"type":"LineString","coordinates":[[-78.937186,43.8708417],[-78.9371834,43.8708423]]},"properties":{"kind":"distribution","tier":"distribution","placement":"underground","from":"water-T-340","to":"water-T-336","lengthM":0.22,"sizeMm":150,"diameterIn":5.9,"nominalLabel":"6\" PVC","material":"PVC C900","depthM":1.8,"zone":0,"roadEdge":54,"customers":17,"designPeakHourLps":0.373,"designFireLps":34.9}},{"type":"Feature","id":"water-E343","geometry":{"type":"LineString","coordinates":[[-78.9398797,43.8713089],[-78.9399654,43.8712896],[-78.9404913,43.8711719]]},"properties":{"kind":"distribution","tier":"trunk","placement":"underground","from":"water-J-32","to":"water-T-218","lengthM":51.39,"sizeMm":300,"diameterIn":11.8,"nominalLabel":"12\" PVC","material":"PVC C900","depthM":1.8,"zone":0,"roadEdge":34,"customers":70,"designPeakHourLps":3.076,"designFireLps":106.55}},{"type":"Feature","id":"water-E344","geometry":{"type":"LineString","coordinates":[[-78.9398797,43.8713089],[-78.9399767,43.8714059],[-78.9399849,43.8714278],[-78.9400031,43.8714657],[-78.9400123,43.8714866]]},"properties":{"kind":"distribution","tier":"distribution","placement":"underground","from":"water-J-32","to":"water-T-243","lengthM":22.74,"sizeMm":150,"diameterIn":5.9,"nominalLabel":"6\" PVC","material":"PVC C900","depthM":1.8,"zone":0,"roadEdge":39,"customers":13,"designPeakHourLps":0.349,"designFireLps":34.88}},{"type":"Feature","id":"water-E345","geometry":{"type":"LineString","coordinates":[[-78.9398797,43.8713089],[-78.9399224,43.8712731],[-78.9399084,43.8712418],[-78.9398811,43.8711772]]},"properties":{"kind":"distribution","tier":"distribution","placement":"underground","from":"water-J-32","to":"water-T-291","lengthM":16.43,"sizeMm":150,"diameterIn":5.9,"nominalLabel":"6\" PVC","material":"PVC C900","depthM":1.8,"zone":0,"roadEdge":43,"customers":4,"designPeakHourLps":0.101,"designFireLps":34.72}},{"type":"Feature","id":"water-E346","geometry":{"type":"LineString","coordinates":[[-78.9374148,43.87187],[-78.9375201,43.871964],[-78.9375512,43.8720404]]},"properties":{"kind":"distribution","tier":"distribution","placement":"underground","from":"water-J-42","to":"water-T-332","lengthM":22.3,"sizeMm":200,"diameterIn":7.9,"nominalLabel":"8\" PVC","material":"PVC C900","depthM":1.8,"zone":0,"roadEdge":52,"customers":12,"designPeakHourLps":0.294,"designFireLps":63.2}},{"type":"Feature","id":"water-E347","geometry":{"type":"LineString","coordinates":[[-78.9374148,43.87187],[-78.9374588,43.8718401],[-78.9374147,43.8717394]]},"properties":{"kind":"distribution","tier":"distribution","placement":"underground","from":"water-J-42","to":"water-T-353","lengthM":16.61,"sizeMm":150,"diameterIn":5.9,"nominalLabel":"6\" PVC","material":"PVC C900","depthM":1.8,"zone":0,"roadEdge":59,"customers":4,"designPeakHourLps":0.07,"designFireLps":34.7}},{"type":"Feature","id":"water-E348","geometry":{"type":"LineString","coordinates":[[-78.9374148,43.87187],[-78.9373112,43.8718931],[-78.9368022,43.8720064]]},"properties":{"kind":"distribution","tier":"distribution","placement":"underground","from":"water-J-42","to":"water-T-356","lengthM":51.45,"sizeMm":200,"diameterIn":7.9,"nominalLabel":"8\" PVC","material":"PVC C900","depthM":1.8,"zone":0,"roadEdge":60,"customers":21,"designPeakHourLps":0.412,"designFireLps":34.93}},{"type":"Feature","id":"water-E349","geometry":{"type":"LineString","coordinates":[[-78.9397344,43.8699376],[-78.9397634,43.8699313]]},"properties":{"kind":"distribution","tier":"distribution","placement":"underground","from":"water-T-224","to":"water-T-221","lengthM":2.43,"sizeMm":150,"diameterIn":5.9,"nominalLabel":"6\" PVC","material":"PVC C900","depthM":1.8,"zone":0,"roadEdge":37,"customers":12,"designPeakHourLps":0.256,"designFireLps":34.82}},{"type":"Feature","id":"water-E350","geometry":{"type":"LineString","coordinates":[[-78.9396081,43.8705312],[-78.9396089,43.870533]]},"properties":{"kind":"distribution","tier":"distribution","placement":"underground","from":"water-T-288","to":"water-T-295","lengthM":0.21,"sizeMm":150,"diameterIn":5.9,"nominalLabel":"6\" PVC","material":"PVC C900","depthM":1.8,"zone":0,"roadEdge":43,"customers":5,"designPeakHourLps":0.14,"designFireLps":34.74}},{"type":"Feature","id":"water-E351","geometry":{"type":"LineString","coordinates":[[-78.933048,43.871722],[-78.9330678,43.8717669]]},"properties":{"kind":"distribution","tier":"distribution","placement":"underground","from":"water-T-532","to":"water-T-510","lengthM":5.25,"sizeMm":150,"diameterIn":5.9,"nominalLabel":"6\" PVC","material":"PVC C900","depthM":1.8,"zone":0,"roadEdge":95,"customers":4,"designPeakHourLps":0.092,"designFireLps":34.71}},{"type":"Feature","id":"water-E352","geometry":{"type":"LineString","coordinates":[[-78.9349915,43.8695462],[-78.9349929,43.8695495]]},"properties":{"kind":"distribution","tier":"distribution","placement":"underground","from":"water-T-432","to":"water-T-445","lengthM":0.39,"sizeMm":150,"diameterIn":5.9,"nominalLabel":"6\" PVC","material":"PVC C900","depthM":1.8,"zone":0,"roadEdge":80,"customers":5,"designPeakHourLps":0.109,"designFireLps":34.72}},{"type":"Feature","id":"water-E353","geometry":{"type":"LineString","coordinates":[[-78.9404569,43.8683164],[-78.9411686,43.8681503]]},"properties":{"kind":"distribution","tier":"distribution","placement":"underground","from":"water-T-199","to":"water-J-23","lengthM":60.03,"sizeMm":200,"diameterIn":7.9,"nominalLabel":"8\" PVC","material":"PVC C900","depthM":1.8,"zone":0,"roadEdge":32,"customers":30,"designPeakHourLps":0.702,"designFireLps":35.12}},{"type":"Feature","id":"water-E354","geometry":{"type":"LineString","coordinates":[[-78.9402547,43.8688916],[-78.9403164,43.8690311]]},"properties":{"kind":"distribution","tier":"distribution","placement":"underground","from":"water-T-233","to":"water-T-228","lengthM":16.3,"sizeMm":150,"diameterIn":5.9,"nominalLabel":"6\" PVC","material":"PVC C900","depthM":1.8,"zone":0,"roadEdge":38,"customers":16,"designPeakHourLps":0.324,"designFireLps":34.87}},{"type":"Feature","id":"water-E355","geometry":{"type":"LineString","coordinates":[[-78.9397828,43.8678097],[-78.9397164,43.8676567]]},"properties":{"kind":"distribution","tier":"distribution","placement":"underground","from":"water-T-251","to":"water-T-269","lengthM":17.84,"sizeMm":150,"diameterIn":5.9,"nominalLabel":"6\" PVC","material":"PVC C900","depthM":1.8,"zone":0,"roadEdge":41,"customers":10,"designPeakHourLps":0.199,"designFireLps":34.78}},{"type":"Feature","id":"water-E356","geometry":{"type":"LineString","coordinates":[[-78.9382758,43.8676477],[-78.9382756,43.8676473]]},"properties":{"kind":"distribution","tier":"distribution","placement":"underground","from":"water-T-262","to":"water-T-277","lengthM":0.04,"sizeMm":150,"diameterIn":5.9,"nominalLabel":"6\" PVC","material":"PVC C900","depthM":1.8,"zone":0,"roadEdge":41,"customers":9,"designPeakHourLps":0.162,"designFireLps":34.76}},{"type":"Feature","id":"water-E357","geometry":{"type":"LineString","coordinates":[[-78.936862,43.870486],[-78.9369196,43.8706152]]},"properties":{"kind":"distribution","tier":"distribution","placement":"underground","from":"water-T-382","to":"water-T-378","lengthM":15.11,"sizeMm":150,"diameterIn":5.9,"nominalLabel":"6\" PVC","material":"PVC C900","depthM":1.8,"zone":0,"roadEdge":66,"customers":1,"designPeakHourLps":0.015,"designFireLps":34.66}},{"type":"Feature","id":"water-E358","geometry":{"type":"LineString","coordinates":[[-78.9357816,43.8702081],[-78.935587,43.8702524]]},"properties":{"kind":"distribution","tier":"distribution","placement":"underground","from":"water-T-404","to":"water-T-408","lengthM":16.38,"sizeMm":150,"diameterIn":5.9,"nominalLabel":"6\" PVC","material":"PVC C900","depthM":1.8,"zone":0,"roadEdge":77,"customers":22,"designPeakHourLps":0.556,"designFireLps":35.02}},{"type":"Feature","id":"water-E359","geometry":{"type":"LineString","coordinates":[[-78.9371834,43.8708423],[-78.9371032,43.8708603],[-78.9370883,43.8708634],[-78.936983,43.8708856]]},"properties":{"kind":"distribution","tier":"distribution","placement":"underground","from":"water-T-336","to":"water-J-46","lengthM":16.79,"sizeMm":150,"diameterIn":5.9,"nominalLabel":"6\" PVC","material":"PVC C900","depthM":1.8,"zone":0,"roadEdge":54,"customers":16,"designPeakHourLps":0.334,"designFireLps":34.87}},{"type":"Feature","id":"water-E360","geometry":{"type":"LineString","coordinates":[[-78.9404913,43.8711719],[-78.9404917,43.8711718]]},"properties":{"kind":"distribution","tier":"trunk","placement":"underground","from":"water-T-218","to":"water-T-217","lengthM":0.04,"sizeMm":300,"diameterIn":11.8,"nominalLabel":"12\" PVC","material":"PVC C900","depthM":1.8,"zone":0,"roadEdge":34,"customers":69,"designPeakHourLps":3.06,"designFireLps":106.54}},{"type":"Feature","id":"water-E361","geometry":{"type":"LineString","coordinates":[[-78.9400123,43.8714866],[-78.9400125,43.8714871]]},"properties":{"kind":"distribution","tier":"distribution","placement":"underground","from":"water-T-243","to":"water-T-239","lengthM":0.06,"sizeMm":150,"diameterIn":5.9,"nominalLabel":"6\" PVC","material":"PVC C900","depthM":1.8,"zone":0,"roadEdge":39,"customers":12,"designPeakHourLps":0.333,"designFireLps":34.87}},{"type":"Feature","id":"water-E362","geometry":{"type":"LineString","coordinates":[[-78.9398811,43.8711772],[-78.9398808,43.8711766]]},"properties":{"kind":"distribution","tier":"distribution","placement":"underground","from":"water-T-291","to":"water-T-284","lengthM":0.07,"sizeMm":150,"diameterIn":5.9,"nominalLabel":"6\" PVC","material":"PVC C900","depthM":1.8,"zone":0,"roadEdge":43,"customers":3,"designPeakHourLps":0.078,"designFireLps":34.7}},{"type":"Feature","id":"water-E363","geometry":{"type":"LineString","coordinates":[[-78.9375512,43.8720404],[-78.9375567,43.8720538]]},"properties":{"kind":"distribution","tier":"distribution","placement":"underground","from":"water-T-332","to":"water-T-325","lengthM":1.56,"sizeMm":200,"diameterIn":7.9,"nominalLabel":"8\" PVC","material":"PVC C900","depthM":1.8,"zone":0,"roadEdge":52,"customers":11,"designPeakHourLps":0.287,"designFireLps":63.19}},{"type":"Feature","id":"water-E364","geometry":{"type":"LineString","coordinates":[[-78.9374147,43.8717394],[-78.9373611,43.8717111]]},"properties":{"kind":"distribution","tier":"distribution","placement":"underground","from":"water-T-353","to":"water-T-348","lengthM":5.33,"sizeMm":150,"diameterIn":5.9,"nominalLabel":"6\" PVC","material":"PVC C900","depthM":1.8,"zone":0,"roadEdge":59,"customers":3,"designPeakHourLps":0.054,"designFireLps":34.69}},{"type":"Feature","id":"water-E365","geometry":{"type":"LineString","coordinates":[[-78.9368022,43.8720064],[-78.9367866,43.8720098]]},"properties":{"kind":"distribution","tier":"distribution","placement":"underground","from":"water-T-356","to":"water-T-357","lengthM":1.31,"sizeMm":200,"diameterIn":7.9,"nominalLabel":"8\" PVC","material":"PVC C900","depthM":1.8,"zone":0,"roadEdge":60,"customers":20,"designPeakHourLps":0.397,"designFireLps":34.91}},{"type":"Feature","id":"water-E366","geometry":{"type":"LineString","coordinates":[[-78.9397634,43.8699313],[-78.9399486,43.8698906]]},"properties":{"kind":"distribution","tier":"distribution","placement":"underground","from":"water-T-221","to":"water-T-223","lengthM":15.54,"sizeMm":150,"diameterIn":5.9,"nominalLabel":"6\" PVC","material":"PVC C900","depthM":1.8,"zone":0,"roadEdge":37,"customers":11,"designPeakHourLps":0.249,"designFireLps":34.82}},{"type":"Feature","id":"water-E367","geometry":{"type":"LineString","coordinates":[[-78.9396089,43.870533],[-78.9396783,43.8706975]]},"properties":{"kind":"distribution","tier":"distribution","placement":"underground","from":"water-T-295","to":"water-T-294","lengthM":19.13,"sizeMm":150,"diameterIn":5.9,"nominalLabel":"6\" PVC","material":"PVC C900","depthM":1.8,"zone":0,"roadEdge":43,"customers":4,"designPeakHourLps":0.117,"designFireLps":34.73}},{"type":"Feature","id":"water-E368","geometry":{"type":"LineString","coordinates":[[-78.9330678,43.8717669],[-78.9331129,43.8718685]]},"properties":{"kind":"distribution","tier":"distribution","placement":"underground","from":"water-T-510","to":"water-T-531","lengthM":11.88,"sizeMm":150,"diameterIn":5.9,"nominalLabel":"6\" PVC","material":"PVC C900","depthM":1.8,"zone":0,"roadEdge":95,"customers":3,"designPeakHourLps":0.077,"designFireLps":34.7}},{"type":"Feature","id":"water-E369","geometry":{"type":"LineString","coordinates":[[-78.9349929,43.8695495],[-78.9350614,43.8697042]]},"properties":{"kind":"distribution","tier":"distribution","placement":"underground","from":"water-T-445","to":"water-T-433","lengthM":18.07,"sizeMm":150,"diameterIn":5.9,"nominalLabel":"6\" PVC","material":"PVC C900","depthM":1.8,"zone":0,"roadEdge":80,"customers":4,"designPeakHourLps":0.094,"designFireLps":34.71}},{"type":"Feature","id":"water-E370","geometry":{"type":"LineString","coordinates":[[-78.9411686,43.8681503],[-78.9413747,43.8681027]]},"properties":{"kind":"distribution","tier":"distribution","placement":"underground","from":"water-J-23","to":"water-T-138","lengthM":17.37,"sizeMm":200,"diameterIn":7.9,"nominalLabel":"8\" PVC","material":"PVC C900","depthM":1.8,"zone":0,"roadEdge":22,"customers":8,"designPeakHourLps":0.17,"designFireLps":63.11}},{"type":"Feature","id":"water-E371","geometry":{"type":"LineString","coordinates":[[-78.9411686,43.8681503],[-78.9412621,43.8682216],[-78.9412684,43.8682342],[-78.9413111,43.868332]]},"properties":{"kind":"distribution","tier":"distribution","placement":"underground","from":"water-J-23","to":"water-T-166","lengthM":23.83,"sizeMm":150,"diameterIn":5.9,"nominalLabel":"6\" PVC","material":"PVC C900","depthM":1.8,"zone":0,"roadEdge":26,"customers":10,"designPeakHourLps":0.269,"designFireLps":34.83}},{"type":"Feature","id":"water-E372","geometry":{"type":"LineString","coordinates":[[-78.9411686,43.8681503],[-78.941207,43.8681031],[-78.941176,43.8680316]]},"properties":{"kind":"distribution","tier":"distribution","placement":"underground","from":"water-J-23","to":"water-T-187","lengthM":14.43,"sizeMm":200,"diameterIn":7.9,"nominalLabel":"8\" PVC","material":"PVC C900","depthM":1.8,"zone":0,"roadEdge":31,"customers":12,"designPeakHourLps":0.263,"designFireLps":63.18}},{"type":"Feature","id":"water-E373","geometry":{"type":"LineString","coordinates":[[-78.9403164,43.8690311],[-78.9403167,43.8690319]]},"properties":{"kind":"distribution","tier":"distribution","placement":"underground","from":"water-T-228","to":"water-T-232","lengthM":0.09,"sizeMm":150,"diameterIn":5.9,"nominalLabel":"6\" PVC","material":"PVC C900","depthM":1.8,"zone":0,"roadEdge":38,"customers":15,"designPeakHourLps":0.301,"designFireLps":34.85}},{"type":"Feature","id":"water-E374","geometry":{"type":"LineString","coordinates":[[-78.9397164,43.8676567],[-78.9397158,43.8676553]]},"properties":{"kind":"distribution","tier":"distribution","placement":"underground","from":"water-T-269","to":"water-T-252","lengthM":0.17,"sizeMm":150,"diameterIn":5.9,"nominalLabel":"6\" PVC","material":"PVC C900","depthM":1.8,"zone":0,"roadEdge":41,"customers":9,"designPeakHourLps":0.176,"designFireLps":34.77}},{"type":"Feature","id":"water-E375","geometry":{"type":"LineString","coordinates":[[-78.9382756,43.8676473],[-78.9382082,43.8674849]]},"properties":{"kind":"distribution","tier":"distribution","placement":"underground","from":"water-T-277","to":"water-T-261","lengthM":18.87,"sizeMm":150,"diameterIn":5.9,"nominalLabel":"6\" PVC","material":"PVC C900","depthM":1.8,"zone":0,"roadEdge":41,"customers":8,"designPeakHourLps":0.154,"designFireLps":34.75}},{"type":"Feature","id":"water-E376","geometry":{"type":"LineString","coordinates":[[-78.935587,43.8702524],[-78.9355844,43.8702529]]},"properties":{"kind":"distribution","tier":"distribution","placement":"underground","from":"water-T-408","to":"water-T-405","lengthM":0.21,"sizeMm":150,"diameterIn":5.9,"nominalLabel":"6\" PVC","material":"PVC C900","depthM":1.8,"zone":0,"roadEdge":77,"customers":21,"designPeakHourLps":0.518,"designFireLps":35.0}},{"type":"Feature","id":"water-E377","geometry":{"type":"LineString","coordinates":[[-78.936983,43.8708856],[-78.9370851,43.8709871],[-78.9371231,43.8710738]]},"properties":{"kind":"distribution","tier":"distribution","placement":"underground","from":"water-J-46","to":"water-T-352","lengthM":24.07,"sizeMm":150,"diameterIn":5.9,"nominalLabel":"6\" PVC","material":"PVC C900","depthM":1.8,"zone":0,"roadEdge":59,"customers":4,"designPeakHourLps":0.071,"designFireLps":34.7}},{"type":"Feature","id":"water-E378","geometry":{"type":"LineString","coordinates":[[-78.936983,43.8708856],[-78.9369845,43.8707604]]},"properties":{"kind":"distribution","tier":"distribution","placement":"underground","from":"water-J-46","to":"water-T-377","lengthM":13.94,"sizeMm":150,"diameterIn":5.9,"nominalLabel":"6\" PVC","material":"PVC C900","depthM":1.8,"zone":0,"roadEdge":66,"customers":1,"designPeakHourLps":0.023,"designFireLps":34.67}},{"type":"Feature","id":"water-E379","geometry":{"type":"LineString","coordinates":[[-78.936983,43.8708856],[-78.9368798,43.8709138],[-78.9363741,43.8710276]]},"properties":{"kind":"distribution","tier":"distribution","placement":"underground","from":"water-J-46","to":"water-T-383","lengthM":51.37,"sizeMm":150,"diameterIn":5.9,"nominalLabel":"6\" PVC","material":"PVC C900","depthM":1.8,"zone":0,"roadEdge":67,"customers":11,"designPeakHourLps":0.24,"designFireLps":34.81}},{"type":"Feature","id":"water-E380","geometry":{"type":"LineString","coordinates":[[-78.9404917,43.8711718],[-78.9410157,43.8710545],[-78.941112,43.8710329]]},"properties":{"kind":"distribution","tier":"trunk","placement":"underground","from":"water-T-217","to":"water-J-24","lengthM":52.12,"sizeMm":300,"diameterIn":11.8,"nominalLabel":"12\" PVC","material":"PVC C900","depthM":1.8,"zone":0,"roadEdge":34,"customers":68,"designPeakHourLps":3.037,"designFireLps":106.52}},{"type":"Feature","id":"water-E381","geometry":{"type":"LineString","coordinates":[[-78.9400125,43.8714871],[-78.9400736,43.8716262]]},"properties":{"kind":"distribution","tier":"distribution","placement":"underground","from":"water-T-239","to":"water-T-242","lengthM":16.24,"sizeMm":150,"diameterIn":5.9,"nominalLabel":"6\" PVC","material":"PVC C900","depthM":1.8,"zone":0,"roadEdge":39,"customers":11,"designPeakHourLps":0.294,"designFireLps":34.85}},{"type":"Feature","id":"water-E382","geometry":{"type":"LineString","coordinates":[[-78.9398808,43.8711766],[-78.9398129,43.8710159]]},"properties":{"kind":"distribution","tier":"distribution","placement":"underground","from":"water-T-284","to":"water-T-292","lengthM":18.7,"sizeMm":150,"diameterIn":5.9,"nominalLabel":"6\" PVC","material":"PVC C900","depthM":1.8,"zone":0,"roadEdge":43,"customers":2,"designPeakHourLps":0.055,"designFireLps":34.69}},{"type":"Feature","id":"water-E383","geometry":{"type":"LineString","coordinates":[[-78.9375567,43.8720538],[-78.9375757,43.8721004],[-78.9376129,43.8721877]]},"properties":{"kind":"distribution","tier":"distribution","placement":"underground","from":"water-T-325","to":"water-T-331","lengthM":15.57,"sizeMm":200,"diameterIn":7.9,"nominalLabel":"8\" PVC","material":"PVC C900","depthM":1.8,"zone":0,"roadEdge":52,"customers":10,"designPeakHourLps":0.272,"designFireLps":63.18}},{"type":"Feature","id":"water-E384","geometry":{"type":"LineString","coordinates":[[-78.9373611,43.8717111],[-78.9373437,43.8715774]]},"properties":{"kind":"distribution","tier":"distribution","placement":"underground","from":"water-T-348","to":"water-T-349","lengthM":14.96,"sizeMm":150,"diameterIn":5.9,"nominalLabel":"6\" PVC","material":"PVC C900","depthM":1.8,"zone":0,"roadEdge":59,"customers":2,"designPeakHourLps":0.024,"designFireLps":34.67}},{"type":"Feature","id":"water-E385","geometry":{"type":"LineString","coordinates":[[-78.9367866,43.8720098],[-78.9362911,43.8721201],[-78.9361915,43.8721451]]},"properties":{"kind":"distribution","tier":"distribution","placement":"underground","from":"water-T-357","to":"water-J-52","lengthM":50.08,"sizeMm":200,"diameterIn":7.9,"nominalLabel":"8\" PVC","material":"PVC C900","depthM":1.8,"zone":0,"roadEdge":60,"customers":19,"designPeakHourLps":0.373,"designFireLps":34.9}},{"type":"Feature","id":"water-E386","geometry":{"type":"LineString","coordinates":[[-78.9399486,43.8698906],[-78.9399696,43.8698861]]},"properties":{"kind":"distribution","tier":"distribution","placement":"underground","from":"water-T-223","to":"water-T-220","lengthM":1.76,"sizeMm":150,"diameterIn":5.9,"nominalLabel":"6\" PVC","material":"PVC C900","depthM":1.8,"zone":0,"roadEdge":37,"customers":10,"designPeakHourLps":0.21,"designFireLps":34.79}},{"type":"Feature","id":"water-E387","geometry":{"type":"LineString","coordinates":[[-78.9396783,43.8706975],[-78.9396791,43.8706994]]},"properties":{"kind":"distribution","tier":"distribution","placement":"underground","from":"water-T-294","to":"water-T-287","lengthM":0.22,"sizeMm":150,"diameterIn":5.9,"nominalLabel":"6\" PVC","material":"PVC C900","depthM":1.8,"zone":0,"roadEdge":43,"customers":3,"designPeakHourLps":0.078,"designFireLps":34.7}},{"type":"Feature","id":"water-E388","geometry":{"type":"LineString","coordinates":[[-78.9331129,43.8718685],[-78.933128,43.8719027]]},"properties":{"kind":"distribution","tier":"distribution","placement":"underground","from":"water-T-531","to":"water-T-509","lengthM":3.99,"sizeMm":150,"diameterIn":5.9,"nominalLabel":"6\" PVC","material":"PVC C900","depthM":1.8,"zone":0,"roadEdge":95,"customers":2,"designPeakHourLps":0.047,"designFireLps":34.68}},{"type":"Feature","id":"water-E389","geometry":{"type":"LineString","coordinates":[[-78.9350614,43.8697042],[-78.9350627,43.8697069]]},"properties":{"kind":"distribution","tier":"distribution","placement":"underground","from":"water-T-433","to":"water-T-446","lengthM":0.32,"sizeMm":150,"diameterIn":5.9,"nominalLabel":"6\" PVC","material":"PVC C900","depthM":1.8,"zone":0,"roadEdge":80,"customers":3,"designPeakHourLps":0.055,"designFireLps":34.69}},{"type":"Feature","id":"water-E390","geometry":{"type":"LineString","coordinates":[[-78.9413747,43.8681027],[-78.9413801,43.8681014]]},"properties":{"kind":"distribution","tier":"distribution","placement":"underground","from":"water-T-138","to":"water-T-134","lengthM":0.45,"sizeMm":200,"diameterIn":7.9,"nominalLabel":"8\" PVC","material":"PVC C900","depthM":1.8,"zone":0,"roadEdge":22,"customers":7,"designPeakHourLps":0.155,"designFireLps":63.1}},{"type":"Feature","id":"water-E391","geometry":{"type":"LineString","coordinates":[[-78.9413111,43.868332],[-78.941375,43.8684785]]},"properties":{"kind":"distribution","tier":"distribution","placement":"underground","from":"water-T-166","to":"water-T-165","lengthM":17.1,"sizeMm":150,"diameterIn":5.9,"nominalLabel":"6\" PVC","material":"PVC C900","depthM":1.8,"zone":0,"roadEdge":26,"customers":9,"designPeakHourLps":0.238,"designFireLps":34.81}},{"type":"Feature","id":"water-E392","geometry":{"type":"LineString","coordinates":[[-78.941176,43.8680316],[-78.9411106,43.8678806]]},"properties":{"kind":"distribution","tier":"distribution","placement":"underground","from":"water-T-187","to":"water-T-188","lengthM":17.61,"sizeMm":200,"diameterIn":7.9,"nominalLabel":"8\" PVC","material":"PVC C900","depthM":1.8,"zone":0,"roadEdge":31,"customers":11,"designPeakHourLps":0.217,"designFireLps":63.14}},{"type":"Feature","id":"water-E393","geometry":{"type":"LineString","coordinates":[[-78.9403167,43.8690319],[-78.9403801,43.8691753]]},"properties":{"kind":"distribution","tier":"distribution","placement":"underground","from":"water-T-232","to":"water-T-227","lengthM":16.76,"sizeMm":150,"diameterIn":5.9,"nominalLabel":"6\" PVC","material":"PVC C900","depthM":1.8,"zone":0,"roadEdge":38,"customers":14,"designPeakHourLps":0.285,"designFireLps":34.84}},{"type":"Feature","id":"water-E394","geometry":{"type":"LineString","coordinates":[[-78.9397158,43.8676553],[-78.9396478,43.8674985]]},"properties":{"kind":"distribution","tier":"distribution","placement":"underground","from":"water-T-252","to":"water-T-253","lengthM":18.29,"sizeMm":150,"diameterIn":5.9,"nominalLabel":"6\" PVC","material":"PVC C900","depthM":1.8,"zone":0,"roadEdge":41,"customers":8,"designPeakHourLps":0.168,"designFireLps":34.76}},{"type":"Feature","id":"water-E395","geometry":{"type":"LineString","coordinates":[[-78.9382082,43.8674849],[-78.9382062,43.86748]]},"properties":{"kind":"distribution","tier":"distribution","placement":"underground","from":"water-T-261","to":"water-T-276","lengthM":0.57,"sizeMm":150,"diameterIn":5.9,"nominalLabel":"6\" PVC","material":"PVC C900","depthM":1.8,"zone":0,"roadEdge":41,"customers":7,"designPeakHourLps":0.138,"designFireLps":34.74}},{"type":"Feature","id":"water-E396","geometry":{"type":"LineString","coordinates":[[-78.9355844,43.8702529],[-78.9354728,43.8702783],[-78.9353816,43.8702999]]},"properties":{"kind":"distribution","tier":"distribution","placement":"underground","from":"water-T-405","to":"water-J-58","lengthM":17.09,"sizeMm":150,"diameterIn":5.9,"nominalLabel":"6\" PVC","material":"PVC C900","depthM":1.8,"zone":0,"roadEdge":77,"customers":20,"designPeakHourLps":0.488,"designFireLps":34.98}},{"type":"Feature","id":"water-E397","geometry":{"type":"LineString","coordinates":[[-78.9371231,43.8710738],[-78.9371955,43.871239]]},"properties":{"kind":"distribution","tier":"distribution","placement":"underground","from":"water-T-352","to":"water-T-351","lengthM":19.29,"sizeMm":150,"diameterIn":5.9,"nominalLabel":"6\" PVC","material":"PVC C900","depthM":1.8,"zone":0,"roadEdge":59,"customers":3,"designPeakHourLps":0.055,"designFireLps":34.69}},{"type":"Feature","id":"water-E398","geometry":{"type":"LineString","coordinates":[[-78.9363741,43.8710276],[-78.93637,43.8710286]]},"properties":{"kind":"distribution","tier":"distribution","placement":"underground","from":"water-T-383","to":"water-T-386","lengthM":0.34,"sizeMm":150,"diameterIn":5.9,"nominalLabel":"6\" PVC","material":"PVC C900","depthM":1.8,"zone":0,"roadEdge":67,"customers":10,"designPeakHourLps":0.224,"designFireLps":34.8}},{"type":"Feature","id":"water-E399","geometry":{"type":"LineString","coordinates":[[-78.941112,43.8710329],[-78.9412031,43.8710127],[-78.9417187,43.8708986]]},"properties":{"kind":"distribution","tier":"trunk","placement":"underground","from":"water-J-24","to":"water-T-160","lengthM":50.93,"sizeMm":300,"diameterIn":11.8,"nominalLabel":"12\" PVC","material":"PVC C900","depthM":1.8,"zone":0,"roadEdge":24,"customers":51,"designPeakHourLps":2.633,"designFireLps":106.26}},{"type":"Feature","id":"water-E400","geometry":{"type":"LineString","coordinates":[[-78.941112,43.8710329],[-78.9412116,43.8711281],[-78.9412437,43.8712032]]},"properties":{"kind":"distribution","tier":"distribution","placement":"underground","from":"water-J-24","to":"water-T-183","lengthM":22.02,"sizeMm":200,"diameterIn":7.9,"nominalLabel":"8\" PVC","material":"PVC C900","depthM":1.8,"zone":0,"roadEdge":28,"customers":11,"designPeakHourLps":0.272,"designFireLps":34.83}},{"type":"Feature","id":"water-E401","geometry":{"type":"LineString","coordinates":[[-78.941112,43.8710329],[-78.9411533,43.8709891],[-78.9411185,43.8709061]]},"properties":{"kind":"distribution","tier":"distribution","placement":"underground","from":"water-J-24","to":"water-T-203","lengthM":15.54,"sizeMm":150,"diameterIn":5.9,"nominalLabel":"6\" PVC","material":"PVC C900","depthM":1.8,"zone":0,"roadEdge":33,"customers":6,"designPeakHourLps":0.133,"designFireLps":34.74}},{"type":"Feature","id":"water-E402","geometry":{"type":"LineString","coordinates":[[-78.9400736,43.8716262],[-78.9400756,43.8716307]]},"properties":{"kind":"distribution","tier":"distribution","placement":"underground","from":"water-T-242","to":"water-T-238","lengthM":0.53,"sizeMm":150,"diameterIn":5.9,"nominalLabel":"6\" PVC","material":"PVC C900","depthM":1.8,"zone":0,"roadEdge":39,"customers":10,"designPeakHourLps":0.271,"designFireLps":34.83}},{"type":"Feature","id":"water-E403","geometry":{"type":"LineString","coordinates":[[-78.9398129,43.8710159],[-78.9398101,43.8710092]]},"properties":{"kind":"distribution","tier":"distribution","placement":"underground","from":"water-T-292","to":"water-T-285","lengthM":0.78,"sizeMm":150,"diameterIn":5.9,"nominalLabel":"6\" PVC","material":"PVC C900","depthM":1.8,"zone":0,"roadEdge":43,"customers":1,"designPeakHourLps":0.031,"designFireLps":34.67}},{"type":"Feature","id":"water-E404","geometry":{"type":"LineString","coordinates":[[-78.9376129,43.8721877],[-78.9376171,43.8721974]]},"properties":{"kind":"distribution","tier":"distribution","placement":"underground","from":"water-T-331","to":"water-T-324","lengthM":1.14,"sizeMm":200,"diameterIn":7.9,"nominalLabel":"8\" PVC","material":"PVC C900","depthM":1.8,"zone":0,"roadEdge":52,"customers":9,"designPeakHourLps":0.264,"designFireLps":63.18}},{"type":"Feature","id":"water-E405","geometry":{"type":"LineString","coordinates":[[-78.9373437,43.8715774],[-78.9373416,43.8715725]]},"properties":{"kind":"distribution","tier":"distribution","placement":"underground","from":"water-T-349","to":"water-T-354","lengthM":0.57,"sizeMm":150,"diameterIn":5.9,"nominalLabel":"6\" PVC","material":"PVC C900","depthM":1.8,"zone":0,"roadEdge":59,"customers":1,"designPeakHourLps":0.008,"designFireLps":34.66}},{"type":"Feature","id":"water-E406","geometry":{"type":"LineString","coordinates":[[-78.9361915,43.8721451],[-78.9362947,43.8722411],[-78.9363287,43.8723194]]},"properties":{"kind":"distribution","tier":"distribution","placement":"underground","from":"water-J-52","to":"water-T-376","lengthM":22.65,"sizeMm":200,"diameterIn":7.9,"nominalLabel":"8\" PVC","material":"PVC C900","depthM":1.8,"zone":0,"roadEdge":63,"customers":11,"designPeakHourLps":0.233,"designFireLps":63.16}},{"type":"Feature","id":"water-E407","geometry":{"type":"LineString","coordinates":[[-78.9361915,43.8721451],[-78.9362308,43.8721043],[-78.9361939,43.8720195]]},"properties":{"kind":"distribution","tier":"distribution","placement":"underground","from":"water-J-52","to":"water-T-409","lengthM":15.42,"sizeMm":150,"diameterIn":5.9,"nominalLabel":"6\" PVC","material":"PVC C900","depthM":1.8,"zone":0,"roadEdge":78,"customers":4,"designPeakHourLps":0.047,"designFireLps":34.68}},{"type":"Feature","id":"water-E408","geometry":{"type":"LineString","coordinates":[[-78.9361915,43.8721451],[-78.9361023,43.8721612],[-78.9355466,43.8722845]]},"properties":{"kind":"distribution","tier":"distribution","placement":"underground","from":"water-J-52","to":"water-T-417","lengthM":54.03,"sizeMm":150,"diameterIn":5.9,"nominalLabel":"6\" PVC","material":"PVC C900","depthM":1.8,"zone":0,"roadEdge":79,"customers":4,"designPeakHourLps":0.094,"designFireLps":34.71}},{"type":"Feature","id":"water-E409","geometry":{"type":"LineString","coordinates":[[-78.9399696,43.8698861],[-78.9404639,43.8697776],[-78.9405759,43.8697514]]},"properties":{"kind":"distribution","tier":"distribution","placement":"underground","from":"water-T-220","to":"water-J-27","lengthM":50.92,"sizeMm":150,"diameterIn":5.9,"nominalLabel":"6\" PVC","material":"PVC C900","depthM":1.8,"zone":0,"roadEdge":37,"customers":9,"designPeakHourLps":0.187,"designFireLps":34.77}},{"type":"Feature","id":"water-E410","geometry":{"type":"LineString","coordinates":[[-78.9396791,43.8706994],[-78.9397446,43.8708542]]},"properties":{"kind":"distribution","tier":"distribution","placement":"underground","from":"water-T-287","to":"water-T-286","lengthM":18.02,"sizeMm":150,"diameterIn":5.9,"nominalLabel":"6\" PVC","material":"PVC C900","depthM":1.8,"zone":0,"roadEdge":43,"customers":2,"designPeakHourLps":0.04,"designFireLps":34.68}},{"type":"Feature","id":"water-E411","geometry":{"type":"LineString","coordinates":[[-78.933128,43.8719027],[-78.9331743,43.8720071]]},"properties":{"kind":"distribution","tier":"distribution","placement":"underground","from":"water-T-509","to":"water-T-530","lengthM":12.2,"sizeMm":150,"diameterIn":5.9,"nominalLabel":"6\" PVC","material":"PVC C900","depthM":1.8,"zone":0,"roadEdge":95,"customers":1,"designPeakHourLps":0.031,"designFireLps":34.67}},{"type":"Feature","id":"water-E412","geometry":{"type":"LineString","coordinates":[[-78.9350627,43.8697069],[-78.9351312,43.8698617]]},"properties":{"kind":"distribution","tier":"distribution","placement":"underground","from":"water-T-446","to":"water-T-434","lengthM":18.09,"sizeMm":150,"diameterIn":5.9,"nominalLabel":"6\" PVC","material":"PVC C900","depthM":1.8,"zone":0,"roadEdge":80,"customers":2,"designPeakHourLps":0.047,"designFireLps":34.68}},{"type":"Feature","id":"water-E413","geometry":{"type":"LineString","coordinates":[[-78.9413801,43.8681014],[-78.9415706,43.8680574]]},"properties":{"kind":"distribution","tier":"distribution","placement":"underground","from":"water-T-134","to":"water-T-137","lengthM":16.05,"sizeMm":200,"diameterIn":7.9,"nominalLabel":"8\" PVC","material":"PVC C900","depthM":1.8,"zone":0,"roadEdge":22,"customers":6,"designPeakHourLps":0.14,"designFireLps":63.09}},{"type":"Feature","id":"water-E414","geometry":{"type":"LineString","coordinates":[[-78.941375,43.8684785],[-78.9414342,43.8686141]]},"properties":{"kind":"distribution","tier":"distribution","placement":"underground","from":"water-T-165","to":"water-T-170","lengthM":15.82,"sizeMm":150,"diameterIn":5.9,"nominalLabel":"6\" PVC","material":"PVC C900","depthM":1.8,"zone":0,"roadEdge":26,"customers":8,"designPeakHourLps":0.208,"designFireLps":34.79}},{"type":"Feature","id":"water-E415","geometry":{"type":"LineString","coordinates":[[-78.9411106,43.8678806],[-78.941048,43.8677362]]},"properties":{"kind":"distribution","tier":"distribution","placement":"underground","from":"water-T-188","to":"water-T-194","lengthM":16.84,"sizeMm":200,"diameterIn":7.9,"nominalLabel":"8\" PVC","material":"PVC C900","depthM":1.8,"zone":0,"roadEdge":31,"customers":10,"designPeakHourLps":0.201,"designFireLps":63.13}},{"type":"Feature","id":"water-E416","geometry":{"type":"LineString","coordinates":[[-78.9403801,43.8691753],[-78.9404461,43.8693245]]},"properties":{"kind":"distribution","tier":"distribution","placement":"underground","from":"water-T-227","to":"water-T-226","lengthM":17.43,"sizeMm":150,"diameterIn":5.9,"nominalLabel":"6\" PVC","material":"PVC C900","depthM":1.8,"zone":0,"roadEdge":38,"customers":13,"designPeakHourLps":0.263,"designFireLps":34.83}},{"type":"Feature","id":"water-E417","geometry":{"type":"LineString","coordinates":[[-78.9396478,43.8674985],[-78.939646,43.8674944]]},"properties":{"kind":"distribution","tier":"distribution","placement":"underground","from":"water-T-253","to":"water-T-270","lengthM":0.48,"sizeMm":150,"diameterIn":5.9,"nominalLabel":"6\" PVC","material":"PVC C900","depthM":1.8,"zone":0,"roadEdge":41,"customers":7,"designPeakHourLps":0.153,"designFireLps":34.75}},{"type":"Feature","id":"water-E418","geometry":{"type":"LineString","coordinates":[[-78.9382062,43.86748],[-78.938141,43.8673229]]},"properties":{"kind":"distribution","tier":"distribution","placement":"underground","from":"water-T-276","to":"water-T-260","lengthM":18.25,"sizeMm":150,"diameterIn":5.9,"nominalLabel":"6\" PVC","material":"PVC C900","depthM":1.8,"zone":0,"roadEdge":41,"customers":6,"designPeakHourLps":0.131,"designFireLps":34.74}},{"type":"Feature","id":"water-E419","geometry":{"type":"LineString","coordinates":[[-78.9353816,43.8702999],[-78.9353084,43.8702617],[-78.9352745,43.8701851]]},"properties":{"kind":"distribution","tier":"distribution","placement":"underground","from":"water-J-58","to":"water-T-449","lengthM":16.2,"sizeMm":150,"diameterIn":5.9,"nominalLabel":"6\" PVC","material":"PVC C900","depthM":1.8,"zone":0,"roadEdge":80,"customers":2,"designPeakHourLps":0.055,"designFireLps":34.69}},{"type":"Feature","id":"water-E420","geometry":{"type":"LineString","coordinates":[[-78.9353816,43.8702999],[-78.9355171,43.8704726]]},"properties":{"kind":"distribution","tier":"distribution","placement":"underground","from":"water-J-58","to":"water-T-454","lengthM":22.09,"sizeMm":150,"diameterIn":5.9,"nominalLabel":"6\" PVC","material":"PVC C900","depthM":1.8,"zone":0,"roadEdge":81,"customers":5,"designPeakHourLps":0.093,"designFireLps":34.71}},{"type":"Feature","id":"water-E421","geometry":{"type":"LineString","coordinates":[[-78.9353816,43.8702999],[-78.9352853,43.8703193],[-78.935259,43.8703247],[-78.9347709,43.8704207]]},"properties":{"kind":"distribution","tier":"distribution","placement":"underground","from":"water-J-58","to":"water-T-456","lengthM":50.82,"sizeMm":150,"diameterIn":5.9,"nominalLabel":"6\" PVC","material":"PVC C900","depthM":1.8,"zone":0,"roadEdge":84,"customers":13,"designPeakHourLps":0.34,"designFireLps":34.88}},{"type":"Feature","id":"water-E422","geometry":{"type":"LineString","coordinates":[[-78.9371955,43.871239],[-78.9372683,43.8714052]]},"properties":{"kind":"distribution","tier":"distribution","placement":"underground","from":"water-T-351","to":"water-T-355","lengthM":19.4,"sizeMm":150,"diameterIn":5.9,"nominalLabel":"6\" PVC","material":"PVC C900","depthM":1.8,"zone":0,"roadEdge":59,"customers":2,"designPeakHourLps":0.031,"designFireLps":34.67}},{"type":"Feature","id":"water-E423","geometry":{"type":"LineString","coordinates":[[-78.93637,43.8710286],[-78.9361793,43.8710715]]},"properties":{"kind":"distribution","tier":"distribution","placement":"underground","from":"water-T-386","to":"water-T-384","lengthM":16.03,"sizeMm":150,"diameterIn":5.9,"nominalLabel":"6\" PVC","material":"PVC C900","depthM":1.8,"zone":0,"roadEdge":67,"customers":9,"designPeakHourLps":0.201,"designFireLps":34.78}},{"type":"Feature","id":"water-E424","geometry":{"type":"LineString","coordinates":[[-78.9417187,43.8708986],[-78.9417259,43.870897]]},"properties":{"kind":"distribution","tier":"trunk","placement":"underground","from":"water-T-160","to":"water-T-159","lengthM":0.61,"sizeMm":300,"diameterIn":11.8,"nominalLabel":"12\" PVC","material":"PVC C900","depthM":1.8,"zone":0,"roadEdge":24,"customers":50,"designPeakHourLps":2.578,"designFireLps":106.22}},{"type":"Feature","id":"water-E425","geometry":{"type":"LineString","coordinates":[[-78.9412437,43.8712032],[-78.9412438,43.8712036]]},"properties":{"kind":"distribution","tier":"distribution","placement":"underground","from":"water-T-183","to":"water-T-179","lengthM":0.04,"sizeMm":200,"diameterIn":7.9,"nominalLabel":"8\" PVC","material":"PVC C900","depthM":1.8,"zone":0,"roadEdge":28,"customers":10,"designPeakHourLps":0.256,"designFireLps":34.82}},{"type":"Feature","id":"water-E426","geometry":{"type":"LineString","coordinates":[[-78.9411185,43.8709061],[-78.9411154,43.8708986]]},"properties":{"kind":"distribution","tier":"distribution","placement":"underground","from":"water-T-203","to":"water-T-210","lengthM":0.87,"sizeMm":150,"diameterIn":5.9,"nominalLabel":"6\" PVC","material":"PVC C900","depthM":1.8,"zone":0,"roadEdge":33,"customers":5,"designPeakHourLps":0.117,"designFireLps":34.73}},{"type":"Feature","id":"water-E427","geometry":{"type":"LineString","coordinates":[[-78.9400756,43.8716307],[-78.9401358,43.8717676]]},"properties":{"kind":"distribution","tier":"distribution","placement":"underground","from":"water-T-238","to":"water-T-237","lengthM":15.98,"sizeMm":150,"diameterIn":5.9,"nominalLabel":"6\" PVC","material":"PVC C900","depthM":1.8,"zone":0,"roadEdge":39,"customers":9,"designPeakHourLps":0.248,"designFireLps":34.82}},{"type":"Feature","id":"water-E428","geometry":{"type":"LineString","coordinates":[[-78.9376171,43.8721974],[-78.9376765,43.8723367]]},"properties":{"kind":"distribution","tier":"distribution","placement":"underground","from":"water-T-324","to":"water-T-330","lengthM":16.22,"sizeMm":200,"diameterIn":7.9,"nominalLabel":"8\" PVC","material":"PVC C900","depthM":1.8,"zone":0,"roadEdge":52,"customers":8,"designPeakHourLps":0.225,"designFireLps":63.15}},{"type":"Feature","id":"water-E429","geometry":{"type":"LineString","coordinates":[[-78.9363287,43.8723194],[-78.9363298,43.8723219]]},"properties":{"kind":"distribution","tier":"distribution","placement":"underground","from":"water-T-376","to":"water-T-371","lengthM":0.3,"sizeMm":200,"diameterIn":7.9,"nominalLabel":"8\" PVC","material":"PVC C900","depthM":1.8,"zone":0,"roadEdge":63,"customers":10,"designPeakHourLps":0.201,"designFireLps":63.13}},{"type":"Feature","id":"water-E430","geometry":{"type":"LineString","coordinates":[[-78.9361939,43.8720195],[-78.9361922,43.8720157]]},"properties":{"kind":"distribution","tier":"distribution","placement":"underground","from":"water-T-409","to":"water-T-414","lengthM":0.44,"sizeMm":150,"diameterIn":5.9,"nominalLabel":"6\" PVC","material":"PVC C900","depthM":1.8,"zone":0,"roadEdge":78,"customers":3,"designPeakHourLps":0.039,"designFireLps":34.68}},{"type":"Feature","id":"water-E431","geometry":{"type":"LineString","coordinates":[[-78.9355466,43.8722845],[-78.9355399,43.872286]]},"properties":{"kind":"distribution","tier":"distribution","placement":"underground","from":"water-T-417","to":"water-T-423","lengthM":0.56,"sizeMm":150,"diameterIn":5.9,"nominalLabel":"6\" PVC","material":"PVC C900","depthM":1.8,"zone":0,"roadEdge":79,"customers":3,"designPeakHourLps":0.07,"designFireLps":34.7}},{"type":"Feature","id":"water-E432","geometry":{"type":"LineString","coordinates":[[-78.9405759,43.8697514],[-78.9407134,43.8699371]]},"properties":{"kind":"distribution","tier":"distribution","placement":"underground","from":"water-J-27","to":"water-T-216","lengthM":23.43,"sizeMm":150,"diameterIn":5.9,"nominalLabel":"6\" PVC","material":"PVC C900","depthM":1.8,"zone":0,"roadEdge":33,"customers":8,"designPeakHourLps":0.163,"designFireLps":34.76}},{"type":"Feature","id":"water-E433","geometry":{"type":"LineString","coordinates":[[-78.9405759,43.8697514],[-78.9406264,43.8697313],[-78.9405787,43.8696238]]},"properties":{"kind":"distribution","tier":"distribution","placement":"underground","from":"water-J-27","to":"water-T-219","lengthM":17.19,"sizeMm":150,"diameterIn":5.9,"nominalLabel":"6\" PVC","material":"PVC C900","depthM":1.8,"zone":0,"roadEdge":36,"customers":1,"designPeakHourLps":0.024,"designFireLps":34.67}},{"type":"Feature","id":"water-E434","geometry":{"type":"LineString","coordinates":[[-78.9397446,43.8708542],[-78.939746,43.8708575]]},"properties":{"kind":"distribution","tier":"distribution","placement":"underground","from":"water-T-286","to":"water-T-293","lengthM":0.38,"sizeMm":150,"diameterIn":5.9,"nominalLabel":"6\" PVC","material":"PVC C900","depthM":1.8,"zone":0,"roadEdge":43,"customers":1,"designPeakHourLps":0.024,"designFireLps":34.67}},{"type":"Feature","id":"water-E435","geometry":{"type":"LineString","coordinates":[[-78.9351312,43.8698617],[-78.9351338,43.8698676]]},"properties":{"kind":"distribution","tier":"distribution","placement":"underground","from":"water-T-434","to":"water-T-447","lengthM":0.69,"sizeMm":150,"diameterIn":5.9,"nominalLabel":"6\" PVC","material":"PVC C900","depthM":1.8,"zone":0,"roadEdge":80,"customers":1,"designPeakHourLps":0.024,"designFireLps":34.67}},{"type":"Feature","id":"water-E436","geometry":{"type":"LineString","coordinates":[[-78.9415706,43.8680574],[-78.9415727,43.8680569]]},"properties":{"kind":"distribution","tier":"distribution","placement":"underground","from":"water-T-137","to":"water-T-133","lengthM":0.18,"sizeMm":200,"diameterIn":7.9,"nominalLabel":"8\" PVC","material":"PVC C900","depthM":1.8,"zone":0,"roadEdge":22,"customers":5,"designPeakHourLps":0.101,"designFireLps":63.07}},{"type":"Feature","id":"water-E437","geometry":{"type":"LineString","coordinates":[[-78.9414342,43.8686141],[-78.9414363,43.868619]]},"properties":{"kind":"distribution","tier":"distribution","placement":"underground","from":"water-T-170","to":"water-T-164","lengthM":0.57,"sizeMm":150,"diameterIn":5.9,"nominalLabel":"6\" PVC","material":"PVC C900","depthM":1.8,"zone":0,"roadEdge":26,"customers":7,"designPeakHourLps":0.177,"designFireLps":34.77}},{"type":"Feature","id":"water-E438","geometry":{"type":"LineString","coordinates":[[-78.941048,43.8677362],[-78.9410433,43.8677253]]},"properties":{"kind":"distribution","tier":"distribution","placement":"underground","from":"water-T-194","to":"water-T-189","lengthM":1.28,"sizeMm":200,"diameterIn":7.9,"nominalLabel":"8\" PVC","material":"PVC C900","depthM":1.8,"zone":0,"roadEdge":31,"customers":9,"designPeakHourLps":0.178,"designFireLps":63.12}},{"type":"Feature","id":"water-E439","geometry":{"type":"LineString","coordinates":[[-78.9404461,43.8693245],[-78.9405106,43.8694704]]},"properties":{"kind":"distribution","tier":"distribution","placement":"underground","from":"water-T-226","to":"water-J-28","lengthM":17.04,"sizeMm":150,"diameterIn":5.9,"nominalLabel":"6\" PVC","material":"PVC C900","depthM":1.8,"zone":0,"roadEdge":38,"customers":12,"designPeakHourLps":0.247,"designFireLps":34.81}},{"type":"Feature","id":"water-E440","geometry":{"type":"LineString","coordinates":[[-78.939646,43.8674944],[-78.9395879,43.8673604],[-78.9395782,43.8673381]]},"properties":{"kind":"distribution","tier":"distribution","placement":"underground","from":"water-T-270","to":"water-T-271","lengthM":18.23,"sizeMm":150,"diameterIn":5.9,"nominalLabel":"6\" PVC","material":"PVC C900","depthM":1.8,"zone":0,"roadEdge":41,"customers":6,"designPeakHourLps":0.122,"designFireLps":34.73}},{"type":"Feature","id":"water-E441","geometry":{"type":"LineString","coordinates":[[-78.938141,43.8673229],[-78.9381378,43.8673151]]},"properties":{"kind":"distribution","tier":"distribution","placement":"underground","from":"water-T-260","to":"water-T-275","lengthM":0.91,"sizeMm":150,"diameterIn":5.9,"nominalLabel":"6\" PVC","material":"PVC C900","depthM":1.8,"zone":0,"roadEdge":41,"customers":5,"designPeakHourLps":0.108,"designFireLps":34.72}},{"type":"Feature","id":"water-E442","geometry":{"type":"LineString","coordinates":[[-78.9352745,43.8701851],[-78.9352049,43.8700281]]},"properties":{"kind":"distribution","tier":"distribution","placement":"underground","from":"water-T-449","to":"water-T-448","lengthM":18.35,"sizeMm":150,"diameterIn":5.9,"nominalLabel":"6\" PVC","material":"PVC C900","depthM":1.8,"zone":0,"roadEdge":80,"customers":1,"designPeakHourLps":0.031,"designFireLps":34.67}},{"type":"Feature","id":"water-E443","geometry":{"type":"LineString","coordinates":[[-78.9355171,43.8704726],[-78.9355786,43.8706124]]},"properties":{"kind":"distribution","tier":"distribution","placement":"underground","from":"water-T-454","to":"water-T-453","lengthM":16.33,"sizeMm":150,"diameterIn":5.9,"nominalLabel":"6\" PVC","material":"PVC C900","depthM":1.8,"zone":0,"roadEdge":81,"customers":4,"designPeakHourLps":0.062,"designFireLps":34.69}},{"type":"Feature","id":"water-E444","geometry":{"type":"LineString","coordinates":[[-78.9347709,43.8704207],[-78.9347541,43.8704241]]},"properties":{"kind":"distribution","tier":"distribution","placement":"underground","from":"water-T-456","to":"water-T-465","lengthM":1.4,"sizeMm":150,"diameterIn":5.9,"nominalLabel":"6\" PVC","material":"PVC C900","depthM":1.8,"zone":0,"roadEdge":84,"customers":12,"designPeakHourLps":0.301,"designFireLps":34.85}},{"type":"Feature","id":"water-E445","geometry":{"type":"LineString","coordinates":[[-78.9372683,43.8714052],[-78.9372692,43.8714072]]},"properties":{"kind":"distribution","tier":"distribution","placement":"underground","from":"water-T-355","to":"water-T-350","lengthM":0.23,"sizeMm":150,"diameterIn":5.9,"nominalLabel":"6\" PVC","material":"PVC C900","depthM":1.8,"zone":0,"roadEdge":59,"customers":1,"designPeakHourLps":0.016,"designFireLps":34.66}},{"type":"Feature","id":"water-E446","geometry":{"type":"LineString","coordinates":[[-78.9361793,43.8710715],[-78.9361691,43.8710738]]},"properties":{"kind":"distribution","tier":"distribution","placement":"underground","from":"water-T-384","to":"water-T-387","lengthM":0.86,"sizeMm":150,"diameterIn":5.9,"nominalLabel":"6\" PVC","material":"PVC C900","depthM":1.8,"zone":0,"roadEdge":67,"customers":8,"designPeakHourLps":0.162,"designFireLps":34.76}},{"type":"Feature","id":"water-E447","geometry":{"type":"LineString","coordinates":[[-78.9417259,43.870897],[-78.9422232,43.8707869],[-78.9423263,43.8707636]]},"properties":{"kind":"distribution","tier":"trunk","placement":"underground","from":"water-T-159","to":"water-J-17","lengthM":50.41,"sizeMm":300,"diameterIn":11.8,"nominalLabel":"12\" PVC","material":"PVC C900","depthM":1.8,"zone":0,"roadEdge":24,"customers":49,"designPeakHourLps":2.54,"designFireLps":106.19}},{"type":"Feature","id":"water-E448","geometry":{"type":"LineString","coordinates":[[-78.9412438,43.8712036],[-78.9413048,43.8713464]]},"properties":{"kind":"distribution","tier":"distribution","placement":"underground","from":"water-T-179","to":"water-T-182","lengthM":16.63,"sizeMm":200,"diameterIn":7.9,"nominalLabel":"8\" PVC","material":"PVC C900","depthM":1.8,"zone":0,"roadEdge":28,"customers":9,"designPeakHourLps":0.233,"designFireLps":34.81}},{"type":"Feature","id":"water-E449","geometry":{"type":"LineString","coordinates":[[-78.9411154,43.8708986],[-78.9410511,43.8707448]]},"properties":{"kind":"distribution","tier":"distribution","placement":"underground","from":"water-T-210","to":"water-T-204","lengthM":17.88,"sizeMm":150,"diameterIn":5.9,"nominalLabel":"6\" PVC","material":"PVC C900","depthM":1.8,"zone":0,"roadEdge":33,"customers":4,"designPeakHourLps":0.071,"designFireLps":34.7}},{"type":"Feature","id":"water-E450","geometry":{"type":"LineString","coordinates":[[-78.9401358,43.8717676],[-78.9401359,43.8717678]]},"properties":{"kind":"distribution","tier":"distribution","placement":"underground","from":"water-T-237","to":"water-T-241","lengthM":0.02,"sizeMm":150,"diameterIn":5.9,"nominalLabel":"6\" PVC","material":"PVC C900","depthM":1.8,"zone":0,"roadEdge":39,"customers":8,"designPeakHourLps":0.217,"designFireLps":34.79}},{"type":"Feature","id":"water-E451","geometry":{"type":"LineString","coordinates":[[-78.9376765,43.8723367],[-78.9376809,43.8723471]]},"properties":{"kind":"distribution","tier":"distribution","placement":"underground","from":"water-T-330","to":"water-T-323","lengthM":1.21,"sizeMm":200,"diameterIn":7.9,"nominalLabel":"8\" PVC","material":"PVC C900","depthM":1.8,"zone":0,"roadEdge":52,"customers":7,"designPeakHourLps":0.178,"designFireLps":63.12}},{"type":"Feature","id":"water-E452","geometry":{"type":"LineString","coordinates":[[-78.9363298,43.8723219],[-78.9363904,43.8724617]]},"properties":{"kind":"distribution","tier":"distribution","placement":"underground","from":"water-T-371","to":"water-T-375","lengthM":16.31,"sizeMm":200,"diameterIn":7.9,"nominalLabel":"8\" PVC","material":"PVC C900","depthM":1.8,"zone":0,"roadEdge":63,"customers":9,"designPeakHourLps":0.186,"designFireLps":63.12}},{"type":"Feature","id":"water-E453","geometry":{"type":"LineString","coordinates":[[-78.9361922,43.8720157],[-78.9361197,43.871849]]},"properties":{"kind":"distribution","tier":"distribution","placement":"underground","from":"water-T-414","to":"water-T-415","lengthM":19.45,"sizeMm":150,"diameterIn":5.9,"nominalLabel":"6\" PVC","material":"PVC C900","depthM":1.8,"zone":0,"roadEdge":78,"customers":2,"designPeakHourLps":0.015,"designFireLps":34.66}},{"type":"Feature","id":"water-E454","geometry":{"type":"LineString","coordinates":[[-78.9355399,43.872286],[-78.9353325,43.872332]]},"properties":{"kind":"distribution","tier":"distribution","placement":"underground","from":"water-T-423","to":"water-T-424","lengthM":17.42,"sizeMm":150,"diameterIn":5.9,"nominalLabel":"6\" PVC","material":"PVC C900","depthM":1.8,"zone":0,"roadEdge":79,"customers":2,"designPeakHourLps":0.054,"designFireLps":34.69}},{"type":"Feature","id":"water-E455","geometry":{"type":"LineString","coordinates":[[-78.9407134,43.8699371],[-78.9407139,43.8699384]]},"properties":{"kind":"distribution","tier":"distribution","placement":"underground","from":"water-T-216","to":"water-T-209","lengthM":0.15,"sizeMm":150,"diameterIn":5.9,"nominalLabel":"6\" PVC","material":"PVC C900","depthM":1.8,"zone":0,"roadEdge":33,"customers":7,"designPeakHourLps":0.132,"designFireLps":34.74}},{"type":"Feature","id":"water-E456","geometry":{"type":"LineString","coordinates":[[-78.9415727,43.8680569],[-78.9417593,43.8680137]]},"properties":{"kind":"distribution","tier":"distribution","placement":"underground","from":"water-T-133","to":"water-T-132","lengthM":15.73,"sizeMm":200,"diameterIn":7.9,"nominalLabel":"8\" PVC","material":"PVC C900","depthM":1.8,"zone":0,"roadEdge":22,"customers":4,"designPeakHourLps":0.085,"designFireLps":63.06}},{"type":"Feature","id":"water-E457","geometry":{"type":"LineString","coordinates":[[-78.9414363,43.868619],[-78.9414989,43.8687623]]},"properties":{"kind":"distribution","tier":"distribution","placement":"underground","from":"water-T-164","to":"water-T-163","lengthM":16.73,"sizeMm":150,"diameterIn":5.9,"nominalLabel":"6\" PVC","material":"PVC C900","depthM":1.8,"zone":0,"roadEdge":26,"customers":6,"designPeakHourLps":0.138,"designFireLps":34.74}},{"type":"Feature","id":"water-E458","geometry":{"type":"LineString","coordinates":[[-78.9410433,43.8677253],[-78.9409872,43.867596]]},"properties":{"kind":"distribution","tier":"distribution","placement":"underground","from":"water-T-189","to":"water-T-195","lengthM":15.08,"sizeMm":200,"diameterIn":7.9,"nominalLabel":"8\" PVC","material":"PVC C900","depthM":1.8,"zone":0,"roadEdge":31,"customers":8,"designPeakHourLps":0.162,"designFireLps":63.11}},{"type":"Feature","id":"water-E459","geometry":{"type":"LineString","coordinates":[[-78.9405106,43.8694704],[-78.9405246,43.8694265],[-78.9405547,43.8694202],[-78.9406662,43.8693959]]},"properties":{"kind":"distribution","tier":"distribution","placement":"underground","from":"water-J-28","to":"water-T-172","lengthM":16.87,"sizeMm":150,"diameterIn":5.9,"nominalLabel":"6\" PVC","material":"PVC C900","depthM":1.8,"zone":0,"roadEdge":27,"customers":12,"designPeakHourLps":0.247,"designFireLps":34.81}},{"type":"Feature","id":"water-E460","geometry":{"type":"LineString","coordinates":[[-78.9395782,43.8673381],[-78.9395777,43.8673369]]},"properties":{"kind":"distribution","tier":"distribution","placement":"underground","from":"water-T-271","to":"water-T-254","lengthM":0.14,"sizeMm":150,"diameterIn":5.9,"nominalLabel":"6\" PVC","material":"PVC C900","depthM":1.8,"zone":0,"roadEdge":41,"customers":5,"designPeakHourLps":0.107,"designFireLps":34.72}},{"type":"Feature","id":"water-E461","geometry":{"type":"LineString","coordinates":[[-78.9381378,43.8673151],[-78.9380953,43.8672127],[-78.9380851,43.8671775],[-78.9380817,43.8671344],[-78.9380931,43.8670961],[-78.9381281,43.8670397],[-78.9382444,43.8669796],[-78.9383589,43.8669316]]},"properties":{"kind":"distribution","tier":"distribution","placement":"underground","from":"water-T-275","to":"water-T-259","lengthM":54.05,"sizeMm":150,"diameterIn":5.9,"nominalLabel":"6\" PVC","material":"PVC C900","depthM":1.8,"zone":0,"roadEdge":41,"customers":4,"designPeakHourLps":0.092,"designFireLps":34.71}},{"type":"Feature","id":"water-E462","geometry":{"type":"LineString","coordinates":[[-78.9355786,43.8706124],[-78.9356402,43.8707523]]},"properties":{"kind":"distribution","tier":"distribution","placement":"underground","from":"water-T-453","to":"water-T-455","lengthM":16.34,"sizeMm":150,"diameterIn":5.9,"nominalLabel":"6\" PVC","material":"PVC C900","depthM":1.8,"zone":0,"roadEdge":81,"customers":3,"designPeakHourLps":0.039,"designFireLps":34.68}},{"type":"Feature","id":"water-E463","geometry":{"type":"LineString","coordinates":[[-78.9347541,43.8704241],[-78.9346195,43.8704506],[-78.9345306,43.8704536]]},"properties":{"kind":"distribution","tier":"distribution","placement":"underground","from":"water-T-465","to":"water-T-466","lengthM":18.34,"sizeMm":150,"diameterIn":5.9,"nominalLabel":"6\" PVC","material":"PVC C900","depthM":1.8,"zone":0,"roadEdge":84,"customers":11,"designPeakHourLps":0.255,"designFireLps":34.82}},{"type":"Feature","id":"water-E464","geometry":{"type":"LineString","coordinates":[[-78.9361691,43.8710738],[-78.9359714,43.8711183]]},"properties":{"kind":"distribution","tier":"distribution","placement":"underground","from":"water-T-387","to":"water-T-385","lengthM":16.62,"sizeMm":150,"diameterIn":5.9,"nominalLabel":"6\" PVC","material":"PVC C900","depthM":1.8,"zone":0,"roadEdge":67,"customers":7,"designPeakHourLps":0.147,"designFireLps":34.75}},{"type":"Feature","id":"water-E465","geometry":{"type":"LineString","coordinates":[[-78.9423263,43.8707636],[-78.9424313,43.8707402],[-78.9430467,43.8706027]]},"properties":{"kind":"distribution","tier":"trunk","placement":"underground","from":"water-J-17","to":"water-T-123","lengthM":60.53,"sizeMm":300,"diameterIn":11.8,"nominalLabel":"12\" PVC","material":"PVC C900","depthM":1.8,"zone":0,"roadEdge":16,"customers":32,"designPeakHourLps":2.161,"designFireLps":191.44}},{"type":"Feature","id":"water-E466","geometry":{"type":"LineString","coordinates":[[-78.9423263,43.8707636],[-78.9424303,43.8708698],[-78.9424353,43.8708815],[-78.9424601,43.87094]]},"properties":{"kind":"distribution","tier":"distribution","placement":"underground","from":"water-J-17","to":"water-T-128","lengthM":22.65,"sizeMm":200,"diameterIn":7.9,"nominalLabel":"8\" PVC","material":"PVC C900","depthM":1.8,"zone":0,"roadEdge":18,"customers":5,"designPeakHourLps":0.131,"designFireLps":63.09}},{"type":"Feature","id":"water-E467","geometry":{"type":"LineString","coordinates":[[-78.9423263,43.8707636],[-78.9423636,43.8707156],[-78.9423552,43.8706966],[-78.9423325,43.8706455]]},"properties":{"kind":"distribution","tier":"distribution","placement":"underground","from":"water-J-17","to":"water-T-139","lengthM":14.32,"sizeMm":150,"diameterIn":5.9,"nominalLabel":"6\" PVC","material":"PVC C900","depthM":1.8,"zone":0,"roadEdge":23,"customers":12,"designPeakHourLps":0.248,"designFireLps":34.82}},{"type":"Feature","id":"water-E468","geometry":{"type":"LineString","coordinates":[[-78.9413048,43.8713464],[-78.9413065,43.8713503]]},"properties":{"kind":"distribution","tier":"distribution","placement":"underground","from":"water-T-182","to":"water-T-178","lengthM":0.46,"sizeMm":200,"diameterIn":7.9,"nominalLabel":"8\" PVC","material":"PVC C900","depthM":1.8,"zone":0,"roadEdge":28,"customers":8,"designPeakHourLps":0.217,"designFireLps":34.79}},{"type":"Feature","id":"water-E469","geometry":{"type":"LineString","coordinates":[[-78.9410511,43.8707448],[-78.9410494,43.8707408]]},"properties":{"kind":"distribution","tier":"distribution","placement":"underground","from":"water-T-204","to":"water-T-211","lengthM":0.47,"sizeMm":150,"diameterIn":5.9,"nominalLabel":"6\" PVC","material":"PVC C900","depthM":1.8,"zone":0,"roadEdge":33,"customers":3,"designPeakHourLps":0.047,"designFireLps":34.68}},{"type":"Feature","id":"water-E470","geometry":{"type":"LineString","coordinates":[[-78.9401359,43.8717678],[-78.9401977,43.8719086]]},"properties":{"kind":"distribution","tier":"distribution","placement":"underground","from":"water-T-241","to":"water-T-240","lengthM":16.44,"sizeMm":150,"diameterIn":5.9,"nominalLabel":"6\" PVC","material":"PVC C900","depthM":1.8,"zone":0,"roadEdge":39,"customers":7,"designPeakHourLps":0.21,"designFireLps":34.79}},{"type":"Feature","id":"water-E471","geometry":{"type":"LineString","coordinates":[[-78.9376809,43.8723471],[-78.9377402,43.8724863]]},"properties":{"kind":"distribution","tier":"distribution","placement":"underground","from":"water-T-323","to":"water-T-329","lengthM":16.21,"sizeMm":200,"diameterIn":7.9,"nominalLabel":"8\" PVC","material":"PVC C900","depthM":1.8,"zone":0,"roadEdge":52,"customers":6,"designPeakHourLps":0.162,"designFireLps":63.11}},{"type":"Feature","id":"water-E472","geometry":{"type":"LineString","coordinates":[[-78.9363904,43.8724617],[-78.9363926,43.8724667]]},"properties":{"kind":"distribution","tier":"distribution","placement":"underground","from":"water-T-375","to":"water-T-370","lengthM":0.58,"sizeMm":200,"diameterIn":7.9,"nominalLabel":"8\" PVC","material":"PVC C900","depthM":1.8,"zone":0,"roadEdge":63,"customers":8,"designPeakHourLps":0.155,"designFireLps":63.1}},{"type":"Feature","id":"water-E473","geometry":{"type":"LineString","coordinates":[[-78.9361197,43.871849],[-78.9361188,43.871847]]},"properties":{"kind":"distribution","tier":"distribution","placement":"underground","from":"water-T-415","to":"water-T-410","lengthM":0.24,"sizeMm":150,"diameterIn":5.9,"nominalLabel":"6\" PVC","material":"PVC C900","depthM":1.8,"zone":0,"roadEdge":78,"customers":1,"designPeakHourLps":0.008,"designFireLps":34.66}},{"type":"Feature","id":"water-E474","geometry":{"type":"LineString","coordinates":[[-78.9353325,43.872332],[-78.9353283,43.872333]]},"properties":{"kind":"distribution","tier":"distribution","placement":"underground","from":"water-T-424","to":"water-T-418","lengthM":0.36,"sizeMm":150,"diameterIn":5.9,"nominalLabel":"6\" PVC","material":"PVC C900","depthM":1.8,"zone":0,"roadEdge":79,"customers":1,"designPeakHourLps":0.031,"designFireLps":34.67}},{"type":"Feature","id":"water-E475","geometry":{"type":"LineString","coordinates":[[-78.9407139,43.8699384],[-78.9407819,43.8701009]]},"properties":{"kind":"distribution","tier":"distribution","placement":"underground","from":"water-T-209","to":"water-T-215","lengthM":18.89,"sizeMm":150,"diameterIn":5.9,"nominalLabel":"6\" PVC","material":"PVC C900","depthM":1.8,"zone":0,"roadEdge":33,"customers":6,"designPeakHourLps":0.117,"designFireLps":34.73}},{"type":"Feature","id":"water-E476","geometry":{"type":"LineString","coordinates":[[-78.9417593,43.8680137],[-78.9417752,43.8680101]]},"properties":{"kind":"distribution","tier":"distribution","placement":"underground","from":"water-T-132","to":"water-T-136","lengthM":1.34,"sizeMm":200,"diameterIn":7.9,"nominalLabel":"8\" PVC","material":"PVC C900","depthM":1.8,"zone":0,"roadEdge":22,"customers":3,"designPeakHourLps":0.047,"designFireLps":63.03}},{"type":"Feature","id":"water-E477","geometry":{"type":"LineString","coordinates":[[-78.9414989,43.8687623],[-78.9415009,43.8687668]]},"properties":{"kind":"distribution","tier":"distribution","placement":"underground","from":"water-T-163","to":"water-T-169","lengthM":0.52,"sizeMm":150,"diameterIn":5.9,"nominalLabel":"6\" PVC","material":"PVC C900","depthM":1.8,"zone":0,"roadEdge":26,"customers":5,"designPeakHourLps":0.131,"designFireLps":34.74}},{"type":"Feature","id":"water-E478","geometry":{"type":"LineString","coordinates":[[-78.9409872,43.867596],[-78.9409797,43.8675786]]},"properties":{"kind":"distribution","tier":"distribution","placement":"underground","from":"water-T-195","to":"water-T-190","lengthM":2.03,"sizeMm":200,"diameterIn":7.9,"nominalLabel":"8\" PVC","material":"PVC C900","depthM":1.8,"zone":0,"roadEdge":31,"customers":7,"designPeakHourLps":0.147,"designFireLps":63.1}},{"type":"Feature","id":"water-E479","geometry":{"type":"LineString","coordinates":[[-78.9406662,43.8693959],[-78.9406714,43.8693948]]},"properties":{"kind":"distribution","tier":"distribution","placement":"underground","from":"water-T-172","to":"water-T-174","lengthM":0.44,"sizeMm":150,"diameterIn":5.9,"nominalLabel":"6\" PVC","material":"PVC C900","depthM":1.8,"zone":0,"roadEdge":27,"customers":11,"designPeakHourLps":0.24,"designFireLps":34.81}},{"type":"Feature","id":"water-E480","geometry":{"type":"LineString","coordinates":[[-78.9395777,43.8673369],[-78.9395119,43.8671852]]},"properties":{"kind":"distribution","tier":"distribution","placement":"underground","from":"water-T-254","to":"water-T-272","lengthM":17.69,"sizeMm":150,"diameterIn":5.9,"nominalLabel":"6\" PVC","material":"PVC C900","depthM":1.8,"zone":0,"roadEdge":41,"customers":4,"designPeakHourLps":0.069,"designFireLps":34.7}},{"type":"Feature","id":"water-E481","geometry":{"type":"LineString","coordinates":[[-78.9383589,43.8669316],[-78.938392,43.8669177],[-78.9385429,43.8668826],[-78.9386326,43.8668698]]},"properties":{"kind":"distribution","tier":"distribution","placement":"underground","from":"water-T-259","to":"water-T-258","lengthM":23.14,"sizeMm":150,"diameterIn":5.9,"nominalLabel":"6\" PVC","material":"PVC C900","depthM":1.8,"zone":0,"roadEdge":41,"customers":3,"designPeakHourLps":0.069,"designFireLps":34.7}},{"type":"Feature","id":"water-E482","geometry":{"type":"LineString","coordinates":[[-78.9356402,43.8707523],[-78.9356406,43.8707532]]},"properties":{"kind":"distribution","tier":"distribution","placement":"underground","from":"water-T-455","to":"water-T-452","lengthM":0.1,"sizeMm":150,"diameterIn":5.9,"nominalLabel":"6\" PVC","material":"PVC C900","depthM":1.8,"zone":0,"roadEdge":81,"customers":2,"designPeakHourLps":0.031,"designFireLps":34.67}},{"type":"Feature","id":"water-E483","geometry":{"type":"LineString","coordinates":[[-78.9345306,43.8704536],[-78.9345044,43.8704544],[-78.9344023,43.8704414],[-78.9343043,43.870414],[-78.9342934,43.8704094]]},"properties":{"kind":"distribution","tier":"distribution","placement":"underground","from":"water-T-466","to":"water-T-467","lengthM":19.88,"sizeMm":150,"diameterIn":5.9,"nominalLabel":"6\" PVC","material":"PVC C900","depthM":1.8,"zone":0,"roadEdge":84,"customers":10,"designPeakHourLps":0.24,"designFireLps":34.81}},{"type":"Feature","id":"water-E484","geometry":{"type":"LineString","coordinates":[[-78.9359714,43.8711183],[-78.9359684,43.871119]]},"properties":{"kind":"distribution","tier":"distribution","placement":"underground","from":"water-T-385","to":"water-T-388","lengthM":0.25,"sizeMm":150,"diameterIn":5.9,"nominalLabel":"6\" PVC","material":"PVC C900","depthM":1.8,"zone":0,"roadEdge":67,"customers":6,"designPeakHourLps":0.124,"designFireLps":34.73}},{"type":"Feature","id":"water-E485","geometry":{"type":"LineString","coordinates":[[-78.9430467,43.8706027],[-78.943288,43.8705488]]},"properties":{"kind":"distribution","tier":"trunk","placement":"underground","from":"water-T-123","to":"water-T-122","lengthM":20.27,"sizeMm":300,"diameterIn":11.8,"nominalLabel":"12\" PVC","material":"PVC C900","depthM":1.8,"zone":0,"roadEdge":16,"customers":31,"designPeakHourLps":2.13,"designFireLps":191.42}},{"type":"Feature","id":"water-E486","geometry":{"type":"LineString","coordinates":[[-78.9424601,43.87094],[-78.9424616,43.8709436]]},"properties":{"kind":"distribution","tier":"distribution","placement":"underground","from":"water-T-128","to":"water-T-127","lengthM":0.42,"sizeMm":200,"diameterIn":7.9,"nominalLabel":"8\" PVC","material":"PVC C900","depthM":1.8,"zone":0,"roadEdge":18,"customers":4,"designPeakHourLps":0.108,"designFireLps":63.07}},{"type":"Feature","id":"water-E487","geometry":{"type":"LineString","coordinates":[[-78.9423325,43.8706455],[-78.9423306,43.8706411]]},"properties":{"kind":"distribution","tier":"distribution","placement":"underground","from":"water-T-139","to":"water-T-149","lengthM":0.51,"sizeMm":150,"diameterIn":5.9,"nominalLabel":"6\" PVC","material":"PVC C900","depthM":1.8,"zone":0,"roadEdge":23,"customers":11,"designPeakHourLps":0.232,"designFireLps":34.8}},{"type":"Feature","id":"water-E488","geometry":{"type":"LineString","coordinates":[[-78.9413065,43.8713503],[-78.9413693,43.8714975]]},"properties":{"kind":"distribution","tier":"distribution","placement":"underground","from":"water-T-178","to":"water-T-181","lengthM":17.14,"sizeMm":200,"diameterIn":7.9,"nominalLabel":"8\" PVC","material":"PVC C900","depthM":1.8,"zone":0,"roadEdge":28,"customers":7,"designPeakHourLps":0.21,"designFireLps":34.79}},{"type":"Feature","id":"water-E489","geometry":{"type":"LineString","coordinates":[[-78.9410494,43.8707408],[-78.9409815,43.8705784]]},"properties":{"kind":"distribution","tier":"distribution","placement":"underground","from":"water-T-211","to":"water-T-205","lengthM":18.88,"sizeMm":150,"diameterIn":5.9,"nominalLabel":"6\" PVC","material":"PVC C900","depthM":1.8,"zone":0,"roadEdge":33,"customers":2,"designPeakHourLps":0.031,"designFireLps":34.67}},{"type":"Feature","id":"water-E490","geometry":{"type":"LineString","coordinates":[[-78.9401977,43.8719086],[-78.9401985,43.8719104]]},"properties":{"kind":"distribution","tier":"distribution","placement":"underground","from":"water-T-240","to":"water-T-236","lengthM":0.21,"sizeMm":150,"diameterIn":5.9,"nominalLabel":"6\" PVC","material":"PVC C900","depthM":1.8,"zone":0,"roadEdge":39,"customers":6,"designPeakHourLps":0.179,"designFireLps":34.77}},{"type":"Feature","id":"water-E491","geometry":{"type":"LineString","coordinates":[[-78.9377402,43.8724863],[-78.9377437,43.8724944]]},"properties":{"kind":"distribution","tier":"distribution","placement":"underground","from":"water-T-329","to":"water-T-322","lengthM":0.95,"sizeMm":200,"diameterIn":7.9,"nominalLabel":"8\" PVC","material":"PVC C900","depthM":1.8,"zone":0,"roadEdge":52,"customers":5,"designPeakHourLps":0.132,"designFireLps":63.09}},{"type":"Feature","id":"water-E492","geometry":{"type":"LineString","coordinates":[[-78.9363926,43.8724667],[-78.9364535,43.8726071]]},"properties":{"kind":"distribution","tier":"distribution","placement":"underground","from":"water-T-370","to":"water-T-374","lengthM":16.38,"sizeMm":200,"diameterIn":7.9,"nominalLabel":"8\" PVC","material":"PVC C900","depthM":1.8,"zone":0,"roadEdge":63,"customers":7,"designPeakHourLps":0.139,"designFireLps":63.09}},{"type":"Feature","id":"water-E493","geometry":{"type":"LineString","coordinates":[[-78.9407819,43.8701009],[-78.9407282,43.8700722]]},"properties":{"kind":"distribution","tier":"distribution","placement":"underground","from":"water-T-215","to":"water-T-208","lengthM":5.36,"sizeMm":150,"diameterIn":5.9,"nominalLabel":"6\" PVC","material":"PVC C900","depthM":1.8,"zone":0,"roadEdge":33,"customers":5,"designPeakHourLps":0.109,"designFireLps":34.72}},{"type":"Feature","id":"water-E494","geometry":{"type":"LineString","coordinates":[[-78.9417752,43.8680101],[-78.9419539,43.8679687]]},"properties":{"kind":"distribution","tier":"distribution","placement":"underground","from":"water-T-136","to":"water-T-131","lengthM":15.06,"sizeMm":200,"diameterIn":7.9,"nominalLabel":"8\" PVC","material":"PVC C900","depthM":1.8,"zone":0,"roadEdge":22,"customers":2,"designPeakHourLps":0.023,"designFireLps":63.02}},{"type":"Feature","id":"water-E495","geometry":{"type":"LineString","coordinates":[[-78.9415009,43.8687668],[-78.941566,43.8689158]]},"properties":{"kind":"distribution","tier":"distribution","placement":"underground","from":"water-T-169","to":"water-T-162","lengthM":17.4,"sizeMm":150,"diameterIn":5.9,"nominalLabel":"6\" PVC","material":"PVC C900","depthM":1.8,"zone":0,"roadEdge":26,"customers":4,"designPeakHourLps":0.115,"designFireLps":34.73}},{"type":"Feature","id":"water-E496","geometry":{"type":"LineString","coordinates":[[-78.9409797,43.8675786],[-78.9409212,43.8674437]]},"properties":{"kind":"distribution","tier":"distribution","placement":"underground","from":"water-T-190","to":"water-T-196","lengthM":15.73,"sizeMm":200,"diameterIn":7.9,"nominalLabel":"8\" PVC","material":"PVC C900","depthM":1.8,"zone":0,"roadEdge":31,"customers":6,"designPeakHourLps":0.116,"designFireLps":63.08}},{"type":"Feature","id":"water-E497","geometry":{"type":"LineString","coordinates":[[-78.9406714,43.8693948],[-78.9409022,43.8693445]]},"properties":{"kind":"distribution","tier":"distribution","placement":"underground","from":"water-T-174","to":"water-T-171","lengthM":19.35,"sizeMm":150,"diameterIn":5.9,"nominalLabel":"6\" PVC","material":"PVC C900","depthM":1.8,"zone":0,"roadEdge":27,"customers":10,"designPeakHourLps":0.224,"designFireLps":34.8}},{"type":"Feature","id":"water-E498","geometry":{"type":"LineString","coordinates":[[-78.9395119,43.8671852],[-78.9395112,43.8671837]]},"properties":{"kind":"distribution","tier":"distribution","placement":"underground","from":"water-T-272","to":"water-T-255","lengthM":0.18,"sizeMm":150,"diameterIn":5.9,"nominalLabel":"6\" PVC","material":"PVC C900","depthM":1.8,"zone":0,"roadEdge":41,"customers":3,"designPeakHourLps":0.046,"designFireLps":34.68}},{"type":"Feature","id":"water-E499","geometry":{"type":"LineString","coordinates":[[-78.9386326,43.8668698],[-78.9386785,43.8668632],[-78.938832,43.8668507],[-78.9388944,43.8668518]]},"properties":{"kind":"distribution","tier":"distribution","placement":"underground","from":"water-T-258","to":"water-T-257","lengthM":21.16,"sizeMm":150,"diameterIn":5.9,"nominalLabel":"6\" PVC","material":"PVC C900","depthM":1.8,"zone":0,"roadEdge":41,"customers":2,"designPeakHourLps":0.062,"designFireLps":34.69}},{"type":"Feature","id":"water-E500","geometry":{"type":"LineString","coordinates":[[-78.9356406,43.8707532],[-78.9357018,43.8708922]]},"properties":{"kind":"distribution","tier":"distribution","placement":"underground","from":"water-T-452","to":"water-T-451","lengthM":16.23,"sizeMm":150,"diameterIn":5.9,"nominalLabel":"6\" PVC","material":"PVC C900","depthM":1.8,"zone":0,"roadEdge":81,"customers":1,"designPeakHourLps":0.024,"designFireLps":34.67}},{"type":"Feature","id":"water-E501","geometry":{"type":"LineString","coordinates":[[-78.9342934,43.8704094],[-78.9341994,43.8703697],[-78.9341303,43.8703387]]},"properties":{"kind":"distribution","tier":"distribution","placement":"underground","from":"water-T-467","to":"water-T-457","lengthM":15.27,"sizeMm":150,"diameterIn":5.9,"nominalLabel":"6\" PVC","material":"PVC C900","depthM":1.8,"zone":0,"roadEdge":84,"customers":9,"designPeakHourLps":0.224,"designFireLps":34.8}},{"type":"Feature","id":"water-E502","geometry":{"type":"LineString","coordinates":[[-78.9359684,43.871119],[-78.9358764,43.8711397],[-78.9357643,43.8711606]]},"properties":{"kind":"distribution","tier":"distribution","placement":"underground","from":"water-T-388","to":"water-J-56","lengthM":17.03,"sizeMm":150,"diameterIn":5.9,"nominalLabel":"6\" PVC","material":"PVC C900","depthM":1.8,"zone":0,"roadEdge":67,"customers":5,"designPeakHourLps":0.1,"designFireLps":34.72}},{"type":"Feature","id":"water-E503","geometry":{"type":"LineString","coordinates":[[-78.943288,43.8705488],[-78.9433561,43.8705336],[-78.9435194,43.8704938]]},"properties":{"kind":"distribution","tier":"trunk","placement":"underground","from":"water-T-122","to":"water-J-12","lengthM":19.56,"sizeMm":300,"diameterIn":11.8,"nominalLabel":"12\" PVC","material":"PVC C900","depthM":1.8,"zone":0,"roadEdge":16,"customers":30,"designPeakHourLps":2.115,"designFireLps":191.41}},{"type":"Feature","id":"water-E504","geometry":{"type":"LineString","coordinates":[[-78.9424616,43.8709436],[-78.9425215,43.8710847]]},"properties":{"kind":"distribution","tier":"distribution","placement":"underground","from":"water-T-127","to":"water-T-126","lengthM":16.43,"sizeMm":200,"diameterIn":7.9,"nominalLabel":"8\" PVC","material":"PVC C900","depthM":1.8,"zone":0,"roadEdge":18,"customers":3,"designPeakHourLps":0.069,"designFireLps":63.05}},{"type":"Feature","id":"water-E505","geometry":{"type":"LineString","coordinates":[[-78.9423306,43.8706411],[-78.9422696,43.8705039]]},"properties":{"kind":"distribution","tier":"distribution","placement":"underground","from":"water-T-149","to":"water-T-150","lengthM":16.04,"sizeMm":150,"diameterIn":5.9,"nominalLabel":"6\" PVC","material":"PVC C900","depthM":1.8,"zone":0,"roadEdge":23,"customers":10,"designPeakHourLps":0.217,"designFireLps":34.79}},{"type":"Feature","id":"water-E506","geometry":{"type":"LineString","coordinates":[[-78.9413693,43.8714975],[-78.9413713,43.871502]]},"properties":{"kind":"distribution","tier":"distribution","placement":"underground","from":"water-T-181","to":"water-T-177","lengthM":0.53,"sizeMm":200,"diameterIn":7.9,"nominalLabel":"8\" PVC","material":"PVC C900","depthM":1.8,"zone":0,"roadEdge":28,"customers":6,"designPeakHourLps":0.179,"designFireLps":34.77}},{"type":"Feature","id":"water-E507","geometry":{"type":"LineString","coordinates":[[-78.9409815,43.8705784],[-78.9409277,43.8705497]]},"properties":{"kind":"distribution","tier":"distribution","placement":"underground","from":"water-T-205","to":"water-T-212","lengthM":5.38,"sizeMm":150,"diameterIn":5.9,"nominalLabel":"6\" PVC","material":"PVC C900","depthM":1.8,"zone":0,"roadEdge":33,"customers":1,"designPeakHourLps":0.015,"designFireLps":34.66}},{"type":"Feature","id":"water-E508","geometry":{"type":"LineString","coordinates":[[-78.9401985,43.8719104],[-78.9402627,43.8720564]]},"properties":{"kind":"distribution","tier":"distribution","placement":"underground","from":"water-T-236","to":"water-T-235","lengthM":17.05,"sizeMm":150,"diameterIn":5.9,"nominalLabel":"6\" PVC","material":"PVC C900","depthM":1.8,"zone":0,"roadEdge":39,"customers":5,"designPeakHourLps":0.163,"designFireLps":34.76}},{"type":"Feature","id":"water-E509","geometry":{"type":"LineString","coordinates":[[-78.9377437,43.8724944],[-78.9378009,43.8726285]]},"properties":{"kind":"distribution","tier":"distribution","placement":"underground","from":"water-T-322","to":"water-T-328","lengthM":15.61,"sizeMm":200,"diameterIn":7.9,"nominalLabel":"8\" PVC","material":"PVC C900","depthM":1.8,"zone":0,"roadEdge":52,"customers":4,"designPeakHourLps":0.124,"designFireLps":63.08}},{"type":"Feature","id":"water-E510","geometry":{"type":"LineString","coordinates":[[-78.9364535,43.8726071],[-78.936455,43.8726105]]},"properties":{"kind":"distribution","tier":"distribution","placement":"underground","from":"water-T-374","to":"water-T-369","lengthM":0.4,"sizeMm":200,"diameterIn":7.9,"nominalLabel":"8\" PVC","material":"PVC C900","depthM":1.8,"zone":0,"roadEdge":63,"customers":6,"designPeakHourLps":0.115,"designFireLps":63.08}},{"type":"Feature","id":"water-E511","geometry":{"type":"LineString","coordinates":[[-78.9407282,43.8700722],[-78.9408017,43.8701483],[-78.940847,43.8702567]]},"properties":{"kind":"distribution","tier":"distribution","placement":"underground","from":"water-T-208","to":"water-T-207","lengthM":22.93,"sizeMm":150,"diameterIn":5.9,"nominalLabel":"6\" PVC","material":"PVC C900","depthM":1.8,"zone":0,"roadEdge":33,"customers":4,"designPeakHourLps":0.093,"designFireLps":34.71}},{"type":"Feature","id":"water-E512","geometry":{"type":"LineString","coordinates":[[-78.9419539,43.8679687],[-78.9419755,43.8679637]]},"properties":{"kind":"distribution","tier":"distribution","placement":"underground","from":"water-T-131","to":"water-T-135","lengthM":1.81,"sizeMm":200,"diameterIn":7.9,"nominalLabel":"8\" PVC","material":"PVC C900","depthM":1.8,"zone":0,"roadEdge":22,"customers":1,"designPeakHourLps":0.008,"designFireLps":63.01}},{"type":"Feature","id":"water-E513","geometry":{"type":"LineString","coordinates":[[-78.941566,43.8689158],[-78.9415671,43.8689184]]},"properties":{"kind":"distribution","tier":"distribution","placement":"underground","from":"water-T-162","to":"water-T-168","lengthM":0.3,"sizeMm":150,"diameterIn":5.9,"nominalLabel":"6\" PVC","material":"PVC C900","depthM":1.8,"zone":0,"roadEdge":26,"customers":3,"designPeakHourLps":0.1,"designFireLps":34.72}},{"type":"Feature","id":"water-E514","geometry":{"type":"LineString","coordinates":[[-78.9409212,43.8674437],[-78.9409183,43.867437]]},"properties":{"kind":"distribution","tier":"distribution","placement":"underground","from":"water-T-196","to":"water-T-191","lengthM":0.78,"sizeMm":200,"diameterIn":7.9,"nominalLabel":"8\" PVC","material":"PVC C900","depthM":1.8,"zone":0,"roadEdge":31,"customers":5,"designPeakHourLps":0.1,"designFireLps":63.07}},{"type":"Feature","id":"water-E515","geometry":{"type":"LineString","coordinates":[[-78.9409022,43.8693445],[-78.9409178,43.8693411]]},"properties":{"kind":"distribution","tier":"distribution","placement":"underground","from":"water-T-171","to":"water-T-173","lengthM":1.3,"sizeMm":150,"diameterIn":5.9,"nominalLabel":"6\" PVC","material":"PVC C900","depthM":1.8,"zone":0,"roadEdge":27,"customers":9,"designPeakHourLps":0.201,"designFireLps":34.78}},{"type":"Feature","id":"water-E516","geometry":{"type":"LineString","coordinates":[[-78.9395112,43.8671837],[-78.939445,43.8670311]]},"properties":{"kind":"distribution","tier":"distribution","placement":"underground","from":"water-T-255","to":"water-T-256","lengthM":17.79,"sizeMm":150,"diameterIn":5.9,"nominalLabel":"6\" PVC","material":"PVC C900","depthM":1.8,"zone":0,"roadEdge":41,"customers":2,"designPeakHourLps":0.031,"designFireLps":34.67}},{"type":"Feature","id":"water-E517","geometry":{"type":"LineString","coordinates":[[-78.9388944,43.8668518],[-78.9389574,43.866853]]},"properties":{"kind":"distribution","tier":"distribution","placement":"underground","from":"water-T-257","to":"water-T-274","lengthM":5.06,"sizeMm":150,"diameterIn":5.9,"nominalLabel":"6\" PVC","material":"PVC C900","depthM":1.8,"zone":0,"roadEdge":41,"customers":1,"designPeakHourLps":0.015,"designFireLps":34.66}},{"type":"Feature","id":"water-E518","geometry":{"type":"LineString","coordinates":[[-78.9341303,43.8703387],[-78.9341111,43.8703301]]},"properties":{"kind":"distribution","tier":"distribution","placement":"underground","from":"water-T-457","to":"water-T-468","lengthM":1.81,"sizeMm":150,"diameterIn":5.9,"nominalLabel":"6\" PVC","material":"PVC C900","depthM":1.8,"zone":0,"roadEdge":84,"customers":8,"designPeakHourLps":0.217,"designFireLps":34.79}},{"type":"Feature","id":"water-E519","geometry":{"type":"LineString","coordinates":[[-78.9357643,43.8711606],[-78.9358465,43.8712212],[-78.9358624,43.8712578],[-78.9359008,43.871346]]},"properties":{"kind":"distribution","tier":"distribution","placement":"underground","from":"water-J-56","to":"water-T-413","lengthM":23.99,"sizeMm":150,"diameterIn":5.9,"nominalLabel":"6\" PVC","material":"PVC C900","depthM":1.8,"zone":0,"roadEdge":78,"customers":4,"designPeakHourLps":0.085,"designFireLps":34.71}},{"type":"Feature","id":"water-E520","geometry":{"type":"LineString","coordinates":[[-78.9357643,43.8711606],[-78.9357649,43.8710355]]},"properties":{"kind":"distribution","tier":"distribution","placement":"underground","from":"water-J-56","to":"water-T-450","lengthM":13.92,"sizeMm":150,"diameterIn":5.9,"nominalLabel":"6\" PVC","material":"PVC C900","depthM":1.8,"zone":0,"roadEdge":81,"customers":1,"designPeakHourLps":0.015,"designFireLps":34.66}},{"type":"Feature","id":"water-E521","geometry":{"type":"LineString","coordinates":[[-78.9435194,43.8704938],[-78.9437004,43.8704552],[-78.9448063,43.8702173],[-78.9449142,43.870194]]},"properties":{"kind":"distribution","tier":"distribution","placement":"underground","from":"water-J-12","to":"water-J-5","lengthM":116.8,"sizeMm":200,"diameterIn":7.9,"nominalLabel":"8\" PVC","material":"PVC C900","depthM":1.8,"zone":0,"roadEdge":6,"customers":29,"designPeakHourLps":0.552,"designFireLps":63.37}},{"type":"Feature","id":"water-E522","geometry":{"type":"LineString","coordinates":[[-78.9435194,43.8704938],[-78.9436494,43.8706494],[-78.9437509,43.8708747],[-78.9440484,43.8715329]]},"properties":{"kind":"distribution","tier":"trunk","placement":"underground","from":"water-J-12","to":"water-J-10","lengthM":123.65,"sizeMm":300,"diameterIn":11.8,"nominalLabel":"12\" PVC","material":"PVC C900","depthM":1.8,"zone":0,"roadEdge":13,"customers":1,"designPeakHourLps":1.562,"designFireLps":191.04}},{"type":"Feature","id":"water-E523","geometry":{"type":"LineString","coordinates":[[-78.9425215,43.8710847],[-78.9425815,43.8712262]]},"properties":{"kind":"distribution","tier":"distribution","placement":"underground","from":"water-T-126","to":"water-T-125","lengthM":16.47,"sizeMm":200,"diameterIn":7.9,"nominalLabel":"8\" PVC","material":"PVC C900","depthM":1.8,"zone":0,"roadEdge":18,"customers":2,"designPeakHourLps":0.062,"designFireLps":63.04}},{"type":"Feature","id":"water-E524","geometry":{"type":"LineString","coordinates":[[-78.9422696,43.8705039],[-78.9422669,43.8704978]]},"properties":{"kind":"distribution","tier":"distribution","placement":"underground","from":"water-T-150","to":"water-T-140","lengthM":0.71,"sizeMm":150,"diameterIn":5.9,"nominalLabel":"6\" PVC","material":"PVC C900","depthM":1.8,"zone":0,"roadEdge":23,"customers":9,"designPeakHourLps":0.201,"designFireLps":34.78}},{"type":"Feature","id":"water-E525","geometry":{"type":"LineString","coordinates":[[-78.9413713,43.871502],[-78.9414314,43.8716426]]},"properties":{"kind":"distribution","tier":"distribution","placement":"underground","from":"water-T-177","to":"water-T-176","lengthM":16.38,"sizeMm":200,"diameterIn":7.9,"nominalLabel":"8\" PVC","material":"PVC C900","depthM":1.8,"zone":0,"roadEdge":28,"customers":5,"designPeakHourLps":0.125,"designFireLps":34.73}},{"type":"Feature","id":"water-E526","geometry":{"type":"LineString","coordinates":[[-78.9402627,43.8720564],[-78.9403253,43.8721988]]},"properties":{"kind":"distribution","tier":"distribution","placement":"underground","from":"water-T-235","to":"water-T-234","lengthM":16.64,"sizeMm":150,"diameterIn":5.9,"nominalLabel":"6\" PVC","material":"PVC C900","depthM":1.8,"zone":0,"roadEdge":39,"customers":4,"designPeakHourLps":0.148,"designFireLps":34.75}},{"type":"Feature","id":"water-E527","geometry":{"type":"LineString","coordinates":[[-78.9378009,43.8726285],[-78.9378037,43.8726351]]},"properties":{"kind":"distribution","tier":"distribution","placement":"underground","from":"water-T-328","to":"water-T-321","lengthM":0.77,"sizeMm":200,"diameterIn":7.9,"nominalLabel":"8\" PVC","material":"PVC C900","depthM":1.8,"zone":0,"roadEdge":52,"customers":3,"designPeakHourLps":0.101,"designFireLps":63.07}},{"type":"Feature","id":"water-E528","geometry":{"type":"LineString","coordinates":[[-78.936455,43.8726105],[-78.9365192,43.8727584]]},"properties":{"kind":"distribution","tier":"distribution","placement":"underground","from":"water-T-369","to":"water-T-373","lengthM":17.25,"sizeMm":200,"diameterIn":7.9,"nominalLabel":"8\" PVC","material":"PVC C900","depthM":1.8,"zone":0,"roadEdge":63,"customers":5,"designPeakHourLps":0.1,"designFireLps":63.07}},{"type":"Feature","id":"water-E529","geometry":{"type":"LineString","coordinates":[[-78.940847,43.8702567],[-78.9408498,43.8702634]]},"properties":{"kind":"distribution","tier":"distribution","placement":"underground","from":"water-T-207","to":"water-T-214","lengthM":0.78,"sizeMm":150,"diameterIn":5.9,"nominalLabel":"6\" PVC","material":"PVC C900","depthM":1.8,"zone":0,"roadEdge":33,"customers":3,"designPeakHourLps":0.078,"designFireLps":34.7}},{"type":"Feature","id":"water-E530","geometry":{"type":"LineString","coordinates":[[-78.9415671,43.8689184],[-78.9416316,43.8690661]]},"properties":{"kind":"distribution","tier":"distribution","placement":"underground","from":"water-T-168","to":"water-T-161","lengthM":17.23,"sizeMm":150,"diameterIn":5.9,"nominalLabel":"6\" PVC","material":"PVC C900","depthM":1.8,"zone":0,"roadEdge":26,"customers":2,"designPeakHourLps":0.069,"designFireLps":34.7}},{"type":"Feature","id":"water-E531","geometry":{"type":"LineString","coordinates":[[-78.9409183,43.867437],[-78.9408555,43.8672921]]},"properties":{"kind":"distribution","tier":"distribution","placement":"underground","from":"water-T-191","to":"water-T-192","lengthM":16.91,"sizeMm":200,"diameterIn":7.9,"nominalLabel":"8\" PVC","material":"PVC C900","depthM":1.8,"zone":0,"roadEdge":31,"customers":4,"designPeakHourLps":0.069,"designFireLps":63.05}},{"type":"Feature","id":"water-E532","geometry":{"type":"LineString","coordinates":[[-78.9409178,43.8693411],[-78.9415061,43.8692131],[-78.9416263,43.8691869]]},"properties":{"kind":"distribution","tier":"distribution","placement":"underground","from":"water-T-173","to":"water-J-19","lengthM":59.39,"sizeMm":150,"diameterIn":5.9,"nominalLabel":"6\" PVC","material":"PVC C900","depthM":1.8,"zone":0,"roadEdge":27,"customers":8,"designPeakHourLps":0.185,"designFireLps":34.77}},{"type":"Feature","id":"water-E533","geometry":{"type":"LineString","coordinates":[[-78.939445,43.8670311],[-78.9394416,43.8670233]]},"properties":{"kind":"distribution","tier":"distribution","placement":"underground","from":"water-T-256","to":"water-T-273","lengthM":0.92,"sizeMm":150,"diameterIn":5.9,"nominalLabel":"6\" PVC","material":"PVC C900","depthM":1.8,"zone":0,"roadEdge":41,"customers":1,"designPeakHourLps":0.015,"designFireLps":34.66}},{"type":"Feature","id":"water-E534","geometry":{"type":"LineString","coordinates":[[-78.9341111,43.8703301],[-78.9340156,43.8702873],[-78.9338896,43.8702674]]},"properties":{"kind":"distribution","tier":"distribution","placement":"underground","from":"water-T-468","to":"water-T-458","lengthM":19.38,"sizeMm":150,"diameterIn":5.9,"nominalLabel":"6\" PVC","material":"PVC C900","depthM":1.8,"zone":0,"roadEdge":84,"customers":7,"designPeakHourLps":0.193,"designFireLps":34.78}},{"type":"Feature","id":"water-E535","geometry":{"type":"LineString","coordinates":[[-78.9359008,43.871346],[-78.9359706,43.8715063]]},"properties":{"kind":"distribution","tier":"distribution","placement":"underground","from":"water-T-413","to":"water-T-412","lengthM":18.71,"sizeMm":150,"diameterIn":5.9,"nominalLabel":"6\" PVC","material":"PVC C900","depthM":1.8,"zone":0,"roadEdge":78,"customers":3,"designPeakHourLps":0.069,"designFireLps":34.7}},{"type":"Feature","id":"water-E536","geometry":{"type":"LineString","coordinates":[[-78.9449142,43.870194],[-78.9473406,43.8696598],[-78.947442,43.8696374]]},"properties":{"kind":"distribution","tier":"distribution","placement":"underground","from":"water-J-5","to":"water-J-1","lengthM":212.11,"sizeMm":200,"diameterIn":7.9,"nominalLabel":"8\" PVC","material":"PVC C900","depthM":1.8,"zone":0,"roadEdge":2,"customers":1,"designPeakHourLps":0.016,"designFireLps":63.01}},{"type":"Feature","id":"water-E537","geometry":{"type":"LineString","coordinates":[[-78.9449142,43.870194],[-78.9448431,43.8701681],[-78.9448336,43.8701461],[-78.9446518,43.8697323],[-78.9445716,43.869585],[-78.9444519,43.8694446],[-78.9443911,43.8693976]]},"properties":{"kind":"distribution","tier":"distribution","placement":"underground","from":"water-J-5","to":"water-T-121","lengthM":100.38,"sizeMm":200,"diameterIn":7.9,"nominalLabel":"8\" PVC","material":"PVC C900","depthM":1.8,"zone":0,"roadEdge":4,"customers":28,"designPeakHourLps":0.536,"designFireLps":63.36}},{"type":"Feature","id":"water-E538","geometry":{"type":"LineString","coordinates":[[-78.9440484,43.8715329],[-78.9442673,43.8720377]]},"properties":{"kind":"distribution","tier":"trunk","placement":"underground","from":"water-J-10","to":"water-T-643","lengthM":58.87,"sizeMm":300,"diameterIn":11.8,"nominalLabel":"12\" PVC","material":"PVC C900","depthM":1.8,"zone":0,"roadEdge":11,"customers":1,"designPeakHourLps":1.562,"designFireLps":191.04}},{"type":"Feature","id":"water-E539","geometry":{"type":"LineString","coordinates":[[-78.9425815,43.8712262],[-78.9426428,43.8713709]]},"properties":{"kind":"distribution","tier":"distribution","placement":"underground","from":"water-T-125","to":"water-T-124","lengthM":16.84,"sizeMm":200,"diameterIn":7.9,"nominalLabel":"8\" PVC","material":"PVC C900","depthM":1.8,"zone":0,"roadEdge":18,"customers":1,"designPeakHourLps":0.015,"designFireLps":63.01}},{"type":"Feature","id":"water-E540","geometry":{"type":"LineString","coordinates":[[-78.9422669,43.8704978],[-78.9422079,43.8703651]]},"properties":{"kind":"distribution","tier":"distribution","placement":"underground","from":"water-T-140","to":"water-T-151","lengthM":15.51,"sizeMm":150,"diameterIn":5.9,"nominalLabel":"6\" PVC","material":"PVC C900","depthM":1.8,"zone":0,"roadEdge":23,"customers":8,"designPeakHourLps":0.186,"designFireLps":34.77}},{"type":"Feature","id":"water-E541","geometry":{"type":"LineString","coordinates":[[-78.9414314,43.8716426],[-78.9414333,43.8716472]]},"properties":{"kind":"distribution","tier":"distribution","placement":"underground","from":"water-T-176","to":"water-T-180","lengthM":0.53,"sizeMm":200,"diameterIn":7.9,"nominalLabel":"8\" PVC","material":"PVC C900","depthM":1.8,"zone":0,"roadEdge":28,"customers":4,"designPeakHourLps":0.086,"designFireLps":34.71}},{"type":"Feature","id":"water-E542","geometry":{"type":"LineString","coordinates":[[-78.9403253,43.8721988],[-78.9403446,43.8722427],[-78.9403856,43.8723505]]},"properties":{"kind":"distribution","tier":"distribution","placement":"underground","from":"water-T-234","to":"water-J-29","lengthM":17.57,"sizeMm":150,"diameterIn":5.9,"nominalLabel":"6\" PVC","material":"PVC C900","depthM":1.8,"zone":0,"roadEdge":39,"customers":3,"designPeakHourLps":0.101,"designFireLps":34.72}},{"type":"Feature","id":"water-E543","geometry":{"type":"LineString","coordinates":[[-78.9378037,43.8726351],[-78.9378638,43.872776]]},"properties":{"kind":"distribution","tier":"distribution","placement":"underground","from":"water-T-321","to":"water-T-327","lengthM":16.41,"sizeMm":200,"diameterIn":7.9,"nominalLabel":"8\" PVC","material":"PVC C900","depthM":1.8,"zone":0,"roadEdge":52,"customers":2,"designPeakHourLps":0.07,"designFireLps":63.05}},{"type":"Feature","id":"water-E544","geometry":{"type":"LineString","coordinates":[[-78.9365192,43.8727584],[-78.9365205,43.8727614]]},"properties":{"kind":"distribution","tier":"distribution","placement":"underground","from":"water-T-373","to":"water-T-368","lengthM":0.35,"sizeMm":200,"diameterIn":7.9,"nominalLabel":"8\" PVC","material":"PVC C900","depthM":1.8,"zone":0,"roadEdge":63,"customers":4,"designPeakHourLps":0.069,"designFireLps":63.05}},{"type":"Feature","id":"water-E545","geometry":{"type":"LineString","coordinates":[[-78.9408498,43.8702634],[-78.9409132,43.870415]]},"properties":{"kind":"distribution","tier":"distribution","placement":"underground","from":"water-T-214","to":"water-T-206","lengthM":17.62,"sizeMm":150,"diameterIn":5.9,"nominalLabel":"6\" PVC","material":"PVC C900","depthM":1.8,"zone":0,"roadEdge":33,"customers":2,"designPeakHourLps":0.039,"designFireLps":34.68}},{"type":"Feature","id":"water-E546","geometry":{"type":"LineString","coordinates":[[-78.9416316,43.8690661],[-78.9416319,43.8690669]]},"properties":{"kind":"distribution","tier":"distribution","placement":"underground","from":"water-T-161","to":"water-T-167","lengthM":0.1,"sizeMm":150,"diameterIn":5.9,"nominalLabel":"6\" PVC","material":"PVC C900","depthM":1.8,"zone":0,"roadEdge":26,"customers":1,"designPeakHourLps":0.047,"designFireLps":34.68}},{"type":"Feature","id":"water-E547","geometry":{"type":"LineString","coordinates":[[-78.9408555,43.8672921],[-78.9408546,43.86729]]},"properties":{"kind":"distribution","tier":"distribution","placement":"underground","from":"water-T-192","to":"water-T-197","lengthM":0.24,"sizeMm":200,"diameterIn":7.9,"nominalLabel":"8\" PVC","material":"PVC C900","depthM":1.8,"zone":0,"roadEdge":31,"customers":3,"designPeakHourLps":0.031,"designFireLps":63.02}},{"type":"Feature","id":"water-E548","geometry":{"type":"LineString","coordinates":[[-78.9416263,43.8691869],[-78.9417188,43.8692646],[-78.9417605,43.8693585]]},"properties":{"kind":"distribution","tier":"distribution","placement":"underground","from":"water-J-19","to":"water-T-158","lengthM":22.38,"sizeMm":150,"diameterIn":5.9,"nominalLabel":"6\" PVC","material":"PVC C900","depthM":1.8,"zone":0,"roadEdge":23,"customers":8,"designPeakHourLps":0.185,"designFireLps":34.77}},{"type":"Feature","id":"water-E549","geometry":{"type":"LineString","coordinates":[[-78.9338896,43.8702674],[-78.9338626,43.8702631],[-78.9337171,43.8702489],[-78.9335266,43.8702705],[-78.9333383,43.8703624],[-78.9332896,43.8705246],[-78.9333187,43.870591]]},"properties":{"kind":"distribution","tier":"distribution","placement":"underground","from":"water-T-458","to":"water-T-469","lengthM":73.95,"sizeMm":150,"diameterIn":5.9,"nominalLabel":"6\" PVC","material":"PVC C900","depthM":1.8,"zone":0,"roadEdge":84,"customers":6,"designPeakHourLps":0.178,"designFireLps":34.77}},{"type":"Feature","id":"water-E550","geometry":{"type":"LineString","coordinates":[[-78.9359706,43.8715063],[-78.9360413,43.871669]]},"properties":{"kind":"distribution","tier":"distribution","placement":"underground","from":"water-T-412","to":"water-T-411","lengthM":18.98,"sizeMm":150,"diameterIn":5.9,"nominalLabel":"6\" PVC","material":"PVC C900","depthM":1.8,"zone":0,"roadEdge":78,"customers":2,"designPeakHourLps":0.031,"designFireLps":34.67}},{"type":"Feature","id":"water-E551","geometry":{"type":"LineString","coordinates":[[-78.947442,43.8696374],[-78.9474771,43.8695871],[-78.9474658,43.869562],[-78.9472015,43.8689702]]},"properties":{"kind":"distribution","tier":"distribution","placement":"underground","from":"water-J-1","to":"water-J-2","lengthM":78.41,"sizeMm":200,"diameterIn":7.9,"nominalLabel":"8\" PVC","material":"PVC C900","depthM":1.8,"zone":0,"roadEdge":1,"customers":1,"designPeakHourLps":0.016,"designFireLps":63.01}},{"type":"Feature","id":"water-E552","geometry":{"type":"LineString","coordinates":[[-78.9443911,43.8693976],[-78.9442499,43.8692884]]},"properties":{"kind":"distribution","tier":"distribution","placement":"underground","from":"water-T-121","to":"water-T-120","lengthM":16.62,"sizeMm":200,"diameterIn":7.9,"nominalLabel":"8\" PVC","material":"PVC C900","depthM":1.8,"zone":0,"roadEdge":4,"customers":27,"designPeakHourLps":0.528,"designFireLps":63.35}},{"type":"Feature","id":"water-E553","geometry":{"type":"LineString","coordinates":[[-78.9422079,43.8703651],[-78.9422021,43.870352]]},"properties":{"kind":"distribution","tier":"distribution","placement":"underground","from":"water-T-151","to":"water-T-141","lengthM":1.53,"sizeMm":150,"diameterIn":5.9,"nominalLabel":"6\" PVC","material":"PVC C900","depthM":1.8,"zone":0,"roadEdge":23,"customers":7,"designPeakHourLps":0.17,"designFireLps":34.76}},{"type":"Feature","id":"water-E554","geometry":{"type":"LineString","coordinates":[[-78.9414333,43.8716472],[-78.9414936,43.8717883]]},"properties":{"kind":"distribution","tier":"distribution","placement":"underground","from":"water-T-180","to":"water-T-175","lengthM":16.43,"sizeMm":200,"diameterIn":7.9,"nominalLabel":"8\" PVC","material":"PVC C900","depthM":1.8,"zone":0,"roadEdge":28,"customers":3,"designPeakHourLps":0.062,"designFireLps":34.69}},{"type":"Feature","id":"water-E555","geometry":{"type":"LineString","coordinates":[[-78.9403856,43.8723505],[-78.9404202,43.8723012],[-78.9404498,43.8722953],[-78.9405213,43.8722794]]},"properties":{"kind":"distribution","tier":"distribution","placement":"underground","from":"water-J-29","to":"water-T-186","lengthM":14.61,"sizeMm":150,"diameterIn":5.9,"nominalLabel":"6\" PVC","material":"PVC C900","depthM":1.8,"zone":0,"roadEdge":29,"customers":3,"designPeakHourLps":0.101,"designFireLps":34.72}},{"type":"Feature","id":"water-E556","geometry":{"type":"LineString","coordinates":[[-78.9378638,43.872776],[-78.9379201,43.872908],[-78.9379284,43.872926]]},"properties":{"kind":"distribution","tier":"distribution","placement":"underground","from":"water-T-327","to":"water-T-326","lengthM":17.49,"sizeMm":200,"diameterIn":7.9,"nominalLabel":"8\" PVC","material":"PVC C900","depthM":1.8,"zone":0,"roadEdge":52,"customers":1,"designPeakHourLps":0.047,"designFireLps":63.03}},{"type":"Feature","id":"water-E557","geometry":{"type":"LineString","coordinates":[[-78.9365205,43.8727614],[-78.9365801,43.8728988]]},"properties":{"kind":"distribution","tier":"distribution","placement":"underground","from":"water-T-368","to":"water-T-372","lengthM":16.03,"sizeMm":200,"diameterIn":7.9,"nominalLabel":"8\" PVC","material":"PVC C900","depthM":1.8,"zone":0,"roadEdge":63,"customers":3,"designPeakHourLps":0.053,"designFireLps":63.04}},{"type":"Feature","id":"water-E558","geometry":{"type":"LineString","coordinates":[[-78.9409132,43.870415],[-78.9409139,43.8704167]]},"properties":{"kind":"distribution","tier":"distribution","placement":"underground","from":"water-T-206","to":"water-T-213","lengthM":0.2,"sizeMm":150,"diameterIn":5.9,"nominalLabel":"6\" PVC","material":"PVC C900","depthM":1.8,"zone":0,"roadEdge":33,"customers":1,"designPeakHourLps":0.024,"designFireLps":34.67}},{"type":"Feature","id":"water-E559","geometry":{"type":"LineString","coordinates":[[-78.9408546,43.86729],[-78.9407922,43.867146]]},"properties":{"kind":"distribution","tier":"distribution","placement":"underground","from":"water-T-197","to":"water-T-198","lengthM":16.79,"sizeMm":200,"diameterIn":7.9,"nominalLabel":"8\" PVC","material":"PVC C900","depthM":1.8,"zone":0,"roadEdge":31,"customers":2,"designPeakHourLps":0.015,"designFireLps":63.01}},{"type":"Feature","id":"water-E560","geometry":{"type":"LineString","coordinates":[[-78.9417605,43.8693585],[-78.9417617,43.8693611]]},"properties":{"kind":"distribution","tier":"distribution","placement":"underground","from":"water-T-158","to":"water-T-148","lengthM":0.3,"sizeMm":150,"diameterIn":5.9,"nominalLabel":"6\" PVC","material":"PVC C900","depthM":1.8,"zone":0,"roadEdge":23,"customers":7,"designPeakHourLps":0.169,"designFireLps":34.76}},{"type":"Feature","id":"water-E561","geometry":{"type":"LineString","coordinates":[[-78.9333187,43.870591],[-78.933381,43.8707333]]},"properties":{"kind":"distribution","tier":"distribution","placement":"underground","from":"water-T-469","to":"water-T-470","lengthM":16.61,"sizeMm":150,"diameterIn":5.9,"nominalLabel":"6\" PVC","material":"PVC C900","depthM":1.8,"zone":0,"roadEdge":84,"customers":5,"designPeakHourLps":0.14,"designFireLps":34.74}},{"type":"Feature","id":"water-E562","geometry":{"type":"LineString","coordinates":[[-78.9360413,43.871669],[-78.9360421,43.8716707]]},"properties":{"kind":"distribution","tier":"distribution","placement":"underground","from":"water-T-411","to":"water-T-416","lengthM":0.21,"sizeMm":150,"diameterIn":5.9,"nominalLabel":"6\" PVC","material":"PVC C900","depthM":1.8,"zone":0,"roadEdge":78,"customers":1,"designPeakHourLps":0.023,"designFireLps":34.67}},{"type":"Feature","id":"water-E563","geometry":{"type":"LineString","coordinates":[[-78.9472015,43.8689702],[-78.9470397,43.8689551],[-78.946985,43.8689675],[-78.9458136,43.8692349],[-78.9456944,43.8692387],[-78.9455621,43.8691911],[-78.9448603,43.8685207],[-78.9448661,43.8684772]]},"properties":{"kind":"distribution","tier":"distribution","placement":"underground","from":"water-J-2","to":"water-T-93","lengthM":236.09,"sizeMm":200,"diameterIn":7.9,"nominalLabel":"8\" PVC","material":"PVC C900","depthM":1.8,"zone":0,"roadEdge":3,"customers":1,"designPeakHourLps":0.016,"designFireLps":63.01}},{"type":"Feature","id":"water-E564","geometry":{"type":"LineString","coordinates":[[-78.9442499,43.8692884],[-78.9441722,43.8692283]]},"properties":{"kind":"distribution","tier":"distribution","placement":"underground","from":"water-T-120","to":"water-T-107","lengthM":9.15,"sizeMm":200,"diameterIn":7.9,"nominalLabel":"8\" PVC","material":"PVC C900","depthM":1.8,"zone":0,"roadEdge":4,"customers":26,"designPeakHourLps":0.505,"designFireLps":63.34}},{"type":"Feature","id":"water-E565","geometry":{"type":"LineString","coordinates":[[-78.9422021,43.870352],[-78.9421435,43.8702202]]},"properties":{"kind":"distribution","tier":"distribution","placement":"underground","from":"water-T-141","to":"water-T-152","lengthM":15.41,"sizeMm":150,"diameterIn":5.9,"nominalLabel":"6\" PVC","material":"PVC C900","depthM":1.8,"zone":0,"roadEdge":23,"customers":6,"designPeakHourLps":0.154,"designFireLps":34.75}},{"type":"Feature","id":"water-E566","geometry":{"type":"LineString","coordinates":[[-78.9414936,43.8717883],[-78.9416171,43.8720774]]},"properties":{"kind":"distribution","tier":"distribution","placement":"underground","from":"water-T-175","to":"water-J-20","lengthM":33.68,"sizeMm":200,"diameterIn":7.9,"nominalLabel":"8\" PVC","material":"PVC C900","depthM":1.8,"zone":0,"roadEdge":28,"customers":2,"designPeakHourLps":0.031,"designFireLps":34.67}},{"type":"Feature","id":"water-E567","geometry":{"type":"LineString","coordinates":[[-78.9405213,43.8722794],[-78.9407299,43.8722332]]},"properties":{"kind":"distribution","tier":"distribution","placement":"underground","from":"water-T-186","to":"water-T-185","lengthM":17.51,"sizeMm":150,"diameterIn":5.9,"nominalLabel":"6\" PVC","material":"PVC C900","depthM":1.8,"zone":0,"roadEdge":29,"customers":2,"designPeakHourLps":0.07,"designFireLps":34.7}},{"type":"Feature","id":"water-E568","geometry":{"type":"LineString","coordinates":[[-78.9365801,43.8728988],[-78.9365813,43.8729014]]},"properties":{"kind":"distribution","tier":"distribution","placement":"underground","from":"water-T-372","to":"water-T-367","lengthM":0.3,"sizeMm":200,"diameterIn":7.9,"nominalLabel":"8\" PVC","material":"PVC C900","depthM":1.8,"zone":0,"roadEdge":63,"customers":2,"designPeakHourLps":0.031,"designFireLps":63.02}},{"type":"Feature","id":"water-E569","geometry":{"type":"LineString","coordinates":[[-78.9407922,43.867146],[-78.9407918,43.867145]]},"properties":{"kind":"distribution","tier":"distribution","placement":"underground","from":"water-T-198","to":"water-T-193","lengthM":0.12,"sizeMm":200,"diameterIn":7.9,"nominalLabel":"8\" PVC","material":"PVC C900","depthM":1.8,"zone":0,"roadEdge":31,"customers":1,"designPeakHourLps":0.008,"designFireLps":63.01}},{"type":"Feature","id":"water-E570","geometry":{"type":"LineString","coordinates":[[-78.9417617,43.8693611],[-78.9418248,43.8695031]]},"properties":{"kind":"distribution","tier":"distribution","placement":"underground","from":"water-T-148","to":"water-T-157","lengthM":16.6,"sizeMm":150,"diameterIn":5.9,"nominalLabel":"6\" PVC","material":"PVC C900","depthM":1.8,"zone":0,"roadEdge":23,"customers":6,"designPeakHourLps":0.147,"designFireLps":34.75}},{"type":"Feature","id":"water-E571","geometry":{"type":"LineString","coordinates":[[-78.933381,43.8707333],[-78.9333965,43.8707687]]},"properties":{"kind":"distribution","tier":"distribution","placement":"underground","from":"water-T-470","to":"water-T-459","lengthM":4.13,"sizeMm":150,"diameterIn":5.9,"nominalLabel":"6\" PVC","material":"PVC C900","depthM":1.8,"zone":0,"roadEdge":84,"customers":4,"designPeakHourLps":0.116,"designFireLps":34.73}},{"type":"Feature","id":"water-E572","geometry":{"type":"LineString","coordinates":[[-78.9441722,43.8692283],[-78.9441154,43.8691844]]},"properties":{"kind":"distribution","tier":"distribution","placement":"underground","from":"water-T-107","to":"water-T-119","lengthM":6.68,"sizeMm":200,"diameterIn":7.9,"nominalLabel":"8\" PVC","material":"PVC C900","depthM":1.8,"zone":0,"roadEdge":4,"customers":25,"designPeakHourLps":0.474,"designFireLps":63.32}},{"type":"Feature","id":"water-E573","geometry":{"type":"LineString","coordinates":[[-78.9421435,43.8702202],[-78.942141,43.8702146]]},"properties":{"kind":"distribution","tier":"distribution","placement":"underground","from":"water-T-152","to":"water-T-142","lengthM":0.65,"sizeMm":150,"diameterIn":5.9,"nominalLabel":"6\" PVC","material":"PVC C900","depthM":1.8,"zone":0,"roadEdge":23,"customers":5,"designPeakHourLps":0.123,"designFireLps":34.73}},{"type":"Feature","id":"water-E574","geometry":{"type":"LineString","coordinates":[[-78.9416171,43.8720774],[-78.9416379,43.872031],[-78.9416779,43.8720224],[-78.9417563,43.8720045]]},"properties":{"kind":"distribution","tier":"distribution","placement":"underground","from":"water-J-20","to":"water-T-130","lengthM":15.37,"sizeMm":200,"diameterIn":7.9,"nominalLabel":"8\" PVC","material":"PVC C900","depthM":1.8,"zone":0,"roadEdge":19,"customers":2,"designPeakHourLps":0.031,"designFireLps":63.02}},{"type":"Feature","id":"water-E575","geometry":{"type":"LineString","coordinates":[[-78.9407299,43.8722332],[-78.9409399,43.8721866]]},"properties":{"kind":"distribution","tier":"distribution","placement":"underground","from":"water-T-185","to":"water-T-184","lengthM":17.63,"sizeMm":150,"diameterIn":5.9,"nominalLabel":"6\" PVC","material":"PVC C900","depthM":1.8,"zone":0,"roadEdge":29,"customers":1,"designPeakHourLps":0.031,"designFireLps":34.67}},{"type":"Feature","id":"water-E576","geometry":{"type":"LineString","coordinates":[[-78.9365813,43.8729014],[-78.9366409,43.8730389]]},"properties":{"kind":"distribution","tier":"distribution","placement":"underground","from":"water-T-367","to":"water-T-366","lengthM":16.03,"sizeMm":200,"diameterIn":7.9,"nominalLabel":"8\" PVC","material":"PVC C900","depthM":1.8,"zone":0,"roadEdge":63,"customers":1,"designPeakHourLps":0.008,"designFireLps":63.01}},{"type":"Feature","id":"water-E577","geometry":{"type":"LineString","coordinates":[[-78.9418248,43.8695031],[-78.9418252,43.869504]]},"properties":{"kind":"distribution","tier":"distribution","placement":"underground","from":"water-T-157","to":"water-T-147","lengthM":0.1,"sizeMm":150,"diameterIn":5.9,"nominalLabel":"6\" PVC","material":"PVC C900","depthM":1.8,"zone":0,"roadEdge":23,"customers":5,"designPeakHourLps":0.131,"designFireLps":34.74}},{"type":"Feature","id":"water-E578","geometry":{"type":"LineString","coordinates":[[-78.9333965,43.8707687],[-78.933445,43.8708793]]},"properties":{"kind":"distribution","tier":"distribution","placement":"underground","from":"water-T-459","to":"water-T-471","lengthM":12.91,"sizeMm":150,"diameterIn":5.9,"nominalLabel":"6\" PVC","material":"PVC C900","depthM":1.8,"zone":0,"roadEdge":84,"customers":3,"designPeakHourLps":0.077,"designFireLps":34.7}},{"type":"Feature","id":"water-E579","geometry":{"type":"LineString","coordinates":[[-78.9441154,43.8691844],[-78.944039,43.8691253]]},"properties":{"kind":"distribution","tier":"distribution","placement":"underground","from":"water-T-119","to":"water-T-106","lengthM":8.99,"sizeMm":200,"diameterIn":7.9,"nominalLabel":"8\" PVC","material":"PVC C900","depthM":1.8,"zone":0,"roadEdge":4,"customers":24,"designPeakHourLps":0.435,"designFireLps":63.29}},{"type":"Feature","id":"water-E580","geometry":{"type":"LineString","coordinates":[[-78.942141,43.8702146],[-78.94208,43.8700774]]},"properties":{"kind":"distribution","tier":"distribution","placement":"underground","from":"water-T-142","to":"water-T-143","lengthM":16.04,"sizeMm":150,"diameterIn":5.9,"nominalLabel":"6\" PVC","material":"PVC C900","depthM":1.8,"zone":0,"roadEdge":23,"customers":4,"designPeakHourLps":0.084,"designFireLps":34.71}},{"type":"Feature","id":"water-E581","geometry":{"type":"LineString","coordinates":[[-78.9417563,43.8720045],[-78.9419598,43.8719577]]},"properties":{"kind":"distribution","tier":"distribution","placement":"underground","from":"water-T-130","to":"water-T-129","lengthM":17.14,"sizeMm":200,"diameterIn":7.9,"nominalLabel":"8\" PVC","material":"PVC C900","depthM":1.8,"zone":0,"roadEdge":19,"customers":1,"designPeakHourLps":0.016,"designFireLps":63.01}},{"type":"Feature","id":"water-E582","geometry":{"type":"LineString","coordinates":[[-78.9418252,43.869504],[-78.9418876,43.8696444]]},"properties":{"kind":"distribution","tier":"distribution","placement":"underground","from":"water-T-147","to":"water-T-146","lengthM":16.42,"sizeMm":150,"diameterIn":5.9,"nominalLabel":"6\" PVC","material":"PVC C900","depthM":1.8,"zone":0,"roadEdge":23,"customers":4,"designPeakHourLps":0.101,"designFireLps":34.72}},{"type":"Feature","id":"water-E583","geometry":{"type":"LineString","coordinates":[[-78.933445,43.8708793],[-78.9334609,43.8709156]]},"properties":{"kind":"distribution","tier":"distribution","placement":"underground","from":"water-T-471","to":"water-T-460","lengthM":4.24,"sizeMm":150,"diameterIn":5.9,"nominalLabel":"6\" PVC","material":"PVC C900","depthM":1.8,"zone":0,"roadEdge":84,"customers":2,"designPeakHourLps":0.069,"designFireLps":34.7}},{"type":"Feature","id":"water-E584","geometry":{"type":"LineString","coordinates":[[-78.944039,43.8691253],[-78.9439756,43.8690762]]},"properties":{"kind":"distribution","tier":"distribution","placement":"underground","from":"water-T-106","to":"water-T-118","lengthM":7.46,"sizeMm":200,"diameterIn":7.9,"nominalLabel":"8\" PVC","material":"PVC C900","depthM":1.8,"zone":0,"roadEdge":4,"customers":23,"designPeakHourLps":0.412,"designFireLps":63.27}},{"type":"Feature","id":"water-E585","geometry":{"type":"LineString","coordinates":[[-78.94208,43.8700774],[-78.9420783,43.8700734]]},"properties":{"kind":"distribution","tier":"distribution","placement":"underground","from":"water-T-143","to":"water-T-153","lengthM":0.46,"sizeMm":150,"diameterIn":5.9,"nominalLabel":"6\" PVC","material":"PVC C900","depthM":1.8,"zone":0,"roadEdge":23,"customers":3,"designPeakHourLps":0.076,"designFireLps":34.7}},{"type":"Feature","id":"water-E586","geometry":{"type":"LineString","coordinates":[[-78.9418876,43.8696444],[-78.9418882,43.8696457]]},"properties":{"kind":"distribution","tier":"distribution","placement":"underground","from":"water-T-146","to":"water-T-156","lengthM":0.15,"sizeMm":150,"diameterIn":5.9,"nominalLabel":"6\" PVC","material":"PVC C900","depthM":1.8,"zone":0,"roadEdge":23,"customers":3,"designPeakHourLps":0.069,"designFireLps":34.7}},{"type":"Feature","id":"water-E587","geometry":{"type":"LineString","coordinates":[[-78.9334609,43.8709156],[-78.9335095,43.8710264]]},"properties":{"kind":"distribution","tier":"distribution","placement":"underground","from":"water-T-460","to":"water-T-472","lengthM":12.94,"sizeMm":150,"diameterIn":5.9,"nominalLabel":"6\" PVC","material":"PVC C900","depthM":1.8,"zone":0,"roadEdge":84,"customers":1,"designPeakHourLps":0.054,"designFireLps":34.69}},{"type":"Feature","id":"water-E588","geometry":{"type":"LineString","coordinates":[[-78.9439756,43.8690762],[-78.9438835,43.869005],[-78.9438642,43.8689754]]},"properties":{"kind":"distribution","tier":"distribution","placement":"underground","from":"water-T-118","to":"water-T-105","lengthM":14.49,"sizeMm":200,"diameterIn":7.9,"nominalLabel":"8\" PVC","material":"PVC C900","depthM":1.8,"zone":0,"roadEdge":4,"customers":22,"designPeakHourLps":0.397,"designFireLps":63.26}},{"type":"Feature","id":"water-E589","geometry":{"type":"LineString","coordinates":[[-78.9420783,43.8700734],[-78.9420163,43.869934]]},"properties":{"kind":"distribution","tier":"distribution","placement":"underground","from":"water-T-153","to":"water-T-144","lengthM":16.3,"sizeMm":150,"diameterIn":5.9,"nominalLabel":"6\" PVC","material":"PVC C900","depthM":1.8,"zone":0,"roadEdge":23,"customers":2,"designPeakHourLps":0.046,"designFireLps":34.68}},{"type":"Feature","id":"water-E590","geometry":{"type":"LineString","coordinates":[[-78.9418882,43.8696457],[-78.9419481,43.8697805]]},"properties":{"kind":"distribution","tier":"distribution","placement":"underground","from":"water-T-156","to":"water-T-155","lengthM":15.75,"sizeMm":150,"diameterIn":5.9,"nominalLabel":"6\" PVC","material":"PVC C900","depthM":1.8,"zone":0,"roadEdge":23,"customers":2,"designPeakHourLps":0.031,"designFireLps":34.67}},{"type":"Feature","id":"water-E591","geometry":{"type":"LineString","coordinates":[[-78.9438642,43.8689754],[-78.9437832,43.8688506],[-78.9437673,43.8688105]]},"properties":{"kind":"distribution","tier":"distribution","placement":"underground","from":"water-T-105","to":"water-T-104","lengthM":19.98,"sizeMm":200,"diameterIn":7.9,"nominalLabel":"8\" PVC","material":"PVC C900","depthM":1.8,"zone":0,"roadEdge":4,"customers":21,"designPeakHourLps":0.365,"designFireLps":63.24}},{"type":"Feature","id":"water-E592","geometry":{"type":"LineString","coordinates":[[-78.9420163,43.869934],[-78.9420117,43.8699236]]},"properties":{"kind":"distribution","tier":"distribution","placement":"underground","from":"water-T-144","to":"water-T-154","lengthM":1.22,"sizeMm":150,"diameterIn":5.9,"nominalLabel":"6\" PVC","material":"PVC C900","depthM":1.8,"zone":0,"roadEdge":23,"customers":1,"designPeakHourLps":0.008,"designFireLps":34.66}},{"type":"Feature","id":"water-E593","geometry":{"type":"LineString","coordinates":[[-78.9419481,43.8697805],[-78.9419497,43.8697842]]},"properties":{"kind":"distribution","tier":"distribution","placement":"underground","from":"water-T-155","to":"water-T-145","lengthM":0.43,"sizeMm":150,"diameterIn":5.9,"nominalLabel":"6\" PVC","material":"PVC C900","depthM":1.8,"zone":0,"roadEdge":23,"customers":1,"designPeakHourLps":0.015,"designFireLps":34.66}},{"type":"Feature","id":"water-E594","geometry":{"type":"LineString","coordinates":[[-78.9437673,43.8688105],[-78.9437241,43.868702]]},"properties":{"kind":"distribution","tier":"distribution","placement":"underground","from":"water-T-104","to":"water-T-117","lengthM":12.56,"sizeMm":200,"diameterIn":7.9,"nominalLabel":"8\" PVC","material":"PVC C900","depthM":1.8,"zone":0,"roadEdge":4,"customers":20,"designPeakHourLps":0.342,"designFireLps":63.23}},{"type":"Feature","id":"water-E595","geometry":{"type":"LineString","coordinates":[[-78.9437241,43.868702],[-78.9437122,43.8686721]]},"properties":{"kind":"distribution","tier":"distribution","placement":"underground","from":"water-T-117","to":"water-T-103","lengthM":3.47,"sizeMm":200,"diameterIn":7.9,"nominalLabel":"8\" PVC","material":"PVC C900","depthM":1.8,"zone":0,"roadEdge":4,"customers":19,"designPeakHourLps":0.319,"designFireLps":63.21}},{"type":"Feature","id":"water-E596","geometry":{"type":"LineString","coordinates":[[-78.9437122,43.8686721],[-78.9436674,43.8685597]]},"properties":{"kind":"distribution","tier":"distribution","placement":"underground","from":"water-T-103","to":"water-T-116","lengthM":13.01,"sizeMm":200,"diameterIn":7.9,"nominalLabel":"8\" PVC","material":"PVC C900","depthM":1.8,"zone":0,"roadEdge":4,"customers":18,"designPeakHourLps":0.311,"designFireLps":63.21}},{"type":"Feature","id":"water-E597","geometry":{"type":"LineString","coordinates":[[-78.9436674,43.8685597],[-78.9436578,43.8685355]]},"properties":{"kind":"distribution","tier":"distribution","placement":"underground","from":"water-T-116","to":"water-T-102","lengthM":2.8,"sizeMm":200,"diameterIn":7.9,"nominalLabel":"8\" PVC","material":"PVC C900","depthM":1.8,"zone":0,"roadEdge":4,"customers":17,"designPeakHourLps":0.303,"designFireLps":63.2}},{"type":"Feature","id":"water-E598","geometry":{"type":"LineString","coordinates":[[-78.9436578,43.8685355],[-78.9436133,43.8684236]]},"properties":{"kind":"distribution","tier":"distribution","placement":"underground","from":"water-T-102","to":"water-T-115","lengthM":12.95,"sizeMm":200,"diameterIn":7.9,"nominalLabel":"8\" PVC","material":"PVC C900","depthM":1.8,"zone":0,"roadEdge":4,"customers":16,"designPeakHourLps":0.296,"designFireLps":63.2}},{"type":"Feature","id":"water-E599","geometry":{"type":"LineString","coordinates":[[-78.9436133,43.8684236],[-78.9435972,43.8683833]]},"properties":{"kind":"distribution","tier":"distribution","placement":"underground","from":"water-T-115","to":"water-T-101","lengthM":4.67,"sizeMm":200,"diameterIn":7.9,"nominalLabel":"8\" PVC","material":"PVC C900","depthM":1.8,"zone":0,"roadEdge":4,"customers":15,"designPeakHourLps":0.265,"designFireLps":63.18}},{"type":"Feature","id":"water-E600","geometry":{"type":"LineString","coordinates":[[-78.9435972,43.8683833],[-78.9435539,43.8682745]]},"properties":{"kind":"distribution","tier":"distribution","placement":"underground","from":"water-T-101","to":"water-T-114","lengthM":12.6,"sizeMm":200,"diameterIn":7.9,"nominalLabel":"8\" PVC","material":"PVC C900","depthM":1.8,"zone":0,"roadEdge":4,"customers":14,"designPeakHourLps":0.257,"designFireLps":63.17}},{"type":"Feature","id":"water-E601","geometry":{"type":"LineString","coordinates":[[-78.9435539,43.8682745],[-78.9435396,43.8682384]]},"properties":{"kind":"distribution","tier":"distribution","placement":"underground","from":"water-T-114","to":"water-T-100","lengthM":4.17,"sizeMm":200,"diameterIn":7.9,"nominalLabel":"8\" PVC","material":"PVC C900","depthM":1.8,"zone":0,"roadEdge":4,"customers":13,"designPeakHourLps":0.249,"designFireLps":63.17}},{"type":"Feature","id":"water-E602","geometry":{"type":"LineString","coordinates":[[-78.9435396,43.8682384],[-78.9434944,43.868125]]},"properties":{"kind":"distribution","tier":"distribution","placement":"underground","from":"water-T-100","to":"water-T-113","lengthM":13.14,"sizeMm":200,"diameterIn":7.9,"nominalLabel":"8\" PVC","material":"PVC C900","depthM":1.8,"zone":0,"roadEdge":4,"customers":12,"designPeakHourLps":0.226,"designFireLps":63.15}},{"type":"Feature","id":"water-E603","geometry":{"type":"LineString","coordinates":[[-78.9434944,43.868125],[-78.9434808,43.8680906]]},"properties":{"kind":"distribution","tier":"distribution","placement":"underground","from":"water-T-113","to":"water-T-99","lengthM":3.98,"sizeMm":200,"diameterIn":7.9,"nominalLabel":"8\" PVC","material":"PVC C900","depthM":1.8,"zone":0,"roadEdge":4,"customers":11,"designPeakHourLps":0.21,"designFireLps":63.14}},{"type":"Feature","id":"water-E604","geometry":{"type":"LineString","coordinates":[[-78.9434808,43.8680906],[-78.9434404,43.8679893]]},"properties":{"kind":"distribution","tier":"distribution","placement":"underground","from":"water-T-99","to":"water-T-112","lengthM":11.73,"sizeMm":200,"diameterIn":7.9,"nominalLabel":"8\" PVC","material":"PVC C900","depthM":1.8,"zone":0,"roadEdge":4,"customers":10,"designPeakHourLps":0.203,"designFireLps":63.14}},{"type":"Feature","id":"water-E605","geometry":{"type":"LineString","coordinates":[[-78.9434404,43.8679893],[-78.9433861,43.8678528]]},"properties":{"kind":"distribution","tier":"distribution","placement":"underground","from":"water-T-112","to":"water-T-111","lengthM":15.81,"sizeMm":200,"diameterIn":7.9,"nominalLabel":"8\" PVC","material":"PVC C900","depthM":1.8,"zone":0,"roadEdge":4,"customers":9,"designPeakHourLps":0.164,"designFireLps":63.11}},{"type":"Feature","id":"water-E606","geometry":{"type":"LineString","coordinates":[[-78.9433861,43.8678528],[-78.9433246,43.8676984],[-78.9433541,43.8676015],[-78.9434026,43.8675505],[-78.9435059,43.8675011],[-78.9436081,43.8674875],[-78.9437462,43.8674944]]},"properties":{"kind":"distribution","tier":"distribution","placement":"underground","from":"water-T-111","to":"water-T-98","lengthM":65.21,"sizeMm":200,"diameterIn":7.9,"nominalLabel":"8\" PVC","material":"PVC C900","depthM":1.8,"zone":0,"roadEdge":4,"customers":8,"designPeakHourLps":0.148,"designFireLps":63.1}},{"type":"Feature","id":"water-E607","geometry":{"type":"LineString","coordinates":[[-78.9437462,43.8674944],[-78.943873,43.8675008]]},"properties":{"kind":"distribution","tier":"distribution","placement":"underground","from":"water-T-98","to":"water-T-110","lengthM":10.2,"sizeMm":200,"diameterIn":7.9,"nominalLabel":"8\" PVC","material":"PVC C900","depthM":1.8,"zone":0,"roadEdge":4,"customers":7,"designPeakHourLps":0.14,"designFireLps":63.09}},{"type":"Feature","id":"water-E608","geometry":{"type":"LineString","coordinates":[[-78.943873,43.8675008],[-78.9439593,43.8675051]]},"properties":{"kind":"distribution","tier":"distribution","placement":"underground","from":"water-T-110","to":"water-T-97","lengthM":6.94,"sizeMm":200,"diameterIn":7.9,"nominalLabel":"8\" PVC","material":"PVC C900","depthM":1.8,"zone":0,"roadEdge":4,"customers":6,"designPeakHourLps":0.102,"designFireLps":63.07}},{"type":"Feature","id":"water-E609","geometry":{"type":"LineString","coordinates":[[-78.9439593,43.8675051],[-78.9440701,43.8675107]]},"properties":{"kind":"distribution","tier":"distribution","placement":"underground","from":"water-T-97","to":"water-T-109","lengthM":8.92,"sizeMm":200,"diameterIn":7.9,"nominalLabel":"8\" PVC","material":"PVC C900","depthM":1.8,"zone":0,"roadEdge":4,"customers":5,"designPeakHourLps":0.078,"designFireLps":63.05}},{"type":"Feature","id":"water-E610","geometry":{"type":"LineString","coordinates":[[-78.9440701,43.8675107],[-78.9441674,43.8675156]]},"properties":{"kind":"distribution","tier":"distribution","placement":"underground","from":"water-T-109","to":"water-T-96","lengthM":7.82,"sizeMm":200,"diameterIn":7.9,"nominalLabel":"8\" PVC","material":"PVC C900","depthM":1.8,"zone":0,"roadEdge":4,"customers":4,"designPeakHourLps":0.071,"designFireLps":63.05}},{"type":"Feature","id":"water-E611","geometry":{"type":"LineString","coordinates":[[-78.9441674,43.8675156],[-78.9442703,43.8675207]]},"properties":{"kind":"distribution","tier":"distribution","placement":"underground","from":"water-T-96","to":"water-T-108","lengthM":8.28,"sizeMm":200,"diameterIn":7.9,"nominalLabel":"8\" PVC","material":"PVC C900","depthM":1.8,"zone":0,"roadEdge":4,"customers":3,"designPeakHourLps":0.055,"designFireLps":63.04}},{"type":"Feature","id":"water-E612","geometry":{"type":"LineString","coordinates":[[-78.9442703,43.8675207],[-78.9443739,43.8675259]]},"properties":{"kind":"distribution","tier":"distribution","placement":"underground","from":"water-T-108","to":"water-T-95","lengthM":8.34,"sizeMm":200,"diameterIn":7.9,"nominalLabel":"8\" PVC","material":"PVC C900","depthM":1.8,"zone":0,"roadEdge":4,"customers":2,"designPeakHourLps":0.032,"designFireLps":63.02}},{"type":"Feature","id":"water-E613","geometry":{"type":"LineString","coordinates":[[-78.9443739,43.8675259],[-78.9445807,43.8675363]]},"properties":{"kind":"distribution","tier":"distribution","placement":"underground","from":"water-T-95","to":"water-T-94","lengthM":16.63,"sizeMm":200,"diameterIn":7.9,"nominalLabel":"8\" PVC","material":"PVC C900","depthM":1.8,"zone":0,"roadEdge":4,"customers":1,"designPeakHourLps":0.016,"designFireLps":63.01}},{"type":"Feature","id":"water-E614","geometry":{"type":"LineString","coordinates":[[-78.9310946,43.8692561],[-78.9310332,43.8690245]]},"properties":{"kind":"tank_riser","tier":"trunk","placement":"underground","from":"water-T-646","to":"water-tank-1","lengthM":26.25,"sizeMm":400,"diameterIn":15.7,"nominalLabel":"16\" ductile iron","material":"ductile iron","depthM":1.8,"zone":0}},{"type":"Feature","id":"water-E1167","geometry":{"type":"LineString","coordinates":[[-78.9420117,43.8699236],[-78.9419497,43.8697842]]},"properties":{"kind":"distribution","tier":"distribution","placement":"underground","from":"water-T-154","to":"water-T-145","lengthM":16.3,"sizeMm":150,"diameterIn":5.9,"nominalLabel":"6\" PVC","material":"PVC C900","depthM":1.8,"zone":0}},{"type":"Feature","id":"water-E1168","geometry":{"type":"LineString","coordinates":[[-78.9416263,43.8691869],[-78.9416319,43.8690669]]},"properties":{"kind":"distribution","tier":"distribution","placement":"underground","from":"water-J-19","to":"water-T-167","lengthM":13.37,"sizeMm":150,"diameterIn":5.9,"nominalLabel":"6\" PVC","material":"PVC C900","depthM":1.8,"zone":0}},{"type":"Feature","id":"water-E1169","geometry":{"type":"LineString","coordinates":[[-78.9416171,43.8720774],[-78.9414082,43.8720828],[-78.9409399,43.8721866]]},"properties":{"kind":"distribution","tier":"distribution","placement":"underground","from":"water-J-20","to":"water-T-184","lengthM":56.09,"sizeMm":150,"diameterIn":5.9,"nominalLabel":"6\" PVC","material":"PVC C900","depthM":1.8,"zone":0}},{"type":"Feature","id":"water-E1170","geometry":{"type":"LineString","coordinates":[[-78.9409277,43.8705497],[-78.9409139,43.8704167]]},"properties":{"kind":"distribution","tier":"distribution","placement":"underground","from":"water-T-212","to":"water-T-213","lengthM":14.84,"sizeMm":150,"diameterIn":5.9,"nominalLabel":"6\" PVC","material":"PVC C900","depthM":1.8,"zone":0}},{"type":"Feature","id":"water-E1171","geometry":{"type":"LineString","coordinates":[[-78.9405787,43.8696238],[-78.9405106,43.8694704]]},"properties":{"kind":"distribution","tier":"distribution","placement":"underground","from":"water-T-219","to":"water-J-28","lengthM":17.93,"sizeMm":150,"diameterIn":5.9,"nominalLabel":"6\" PVC","material":"PVC C900","depthM":1.8,"zone":0}},{"type":"Feature","id":"water-E1172","geometry":{"type":"LineString","coordinates":[[-78.9394416,43.8670233],[-78.9394003,43.8669281],[-78.9393414,43.866872],[-78.9392485,43.8668583],[-78.9389574,43.866853]]},"properties":{"kind":"distribution","tier":"distribution","placement":"underground","from":"water-T-273","to":"water-T-274","lengthM":49.91,"sizeMm":150,"diameterIn":5.9,"nominalLabel":"6\" PVC","material":"PVC C900","depthM":1.8,"zone":0}},{"type":"Feature","id":"water-E1173","geometry":{"type":"LineString","coordinates":[[-78.9398101,43.8710092],[-78.939746,43.8708575]]},"properties":{"kind":"distribution","tier":"distribution","placement":"underground","from":"water-T-285","to":"water-T-293","lengthM":17.65,"sizeMm":150,"diameterIn":5.9,"nominalLabel":"6\" PVC","material":"PVC C900","depthM":1.8,"zone":0}},{"type":"Feature","id":"water-E1174","geometry":{"type":"LineString","coordinates":[[-78.93934,43.8698979],[-78.9392703,43.8697343]]},"properties":{"kind":"distribution","tier":"distribution","placement":"underground","from":"water-T-300","to":"water-T-301","lengthM":19.05,"sizeMm":150,"diameterIn":5.9,"nominalLabel":"6\" PVC","material":"PVC C900","depthM":1.8,"zone":0}},{"type":"Feature","id":"water-E1175","geometry":{"type":"LineString","coordinates":[[-78.9373416,43.8715725],[-78.9372692,43.8714072]]},"properties":{"kind":"distribution","tier":"distribution","placement":"underground","from":"water-T-354","to":"water-T-350","lengthM":19.3,"sizeMm":150,"diameterIn":5.9,"nominalLabel":"6\" PVC","material":"PVC C900","depthM":1.8,"zone":0}},{"type":"Feature","id":"water-E1176","geometry":{"type":"LineString","coordinates":[[-78.9371047,43.8679475],[-78.9371616,43.8678354],[-78.9371212,43.8677462]]},"properties":{"kind":"distribution","tier":"distribution","placement":"underground","from":"water-J-45","to":"water-T-587","lengthM":23.73,"sizeMm":300,"diameterIn":11.8,"nominalLabel":"12\" PVC","material":"PVC C900","depthM":1.8,"zone":0}},{"type":"Feature","id":"water-E1177","geometry":{"type":"LineString","coordinates":[[-78.9369845,43.8707604],[-78.9369196,43.8706152]]},"properties":{"kind":"distribution","tier":"distribution","placement":"underground","from":"water-T-377","to":"water-T-378","lengthM":16.98,"sizeMm":150,"diameterIn":5.9,"nominalLabel":"6\" PVC","material":"PVC C900","depthM":1.8,"zone":0}},{"type":"Feature","id":"water-E1178","geometry":{"type":"LineString","coordinates":[[-78.9369306,43.8674482],[-78.9368849,43.8673481]]},"properties":{"kind":"distribution","tier":"distribution","placement":"underground","from":"water-J-47","to":"water-J-48","lengthM":11.73,"sizeMm":300,"diameterIn":11.8,"nominalLabel":"12\" PVC","material":"PVC C900","depthM":1.8,"zone":0}},{"type":"Feature","id":"water-E1179","geometry":{"type":"LineString","coordinates":[[-78.936788,43.86748],[-78.9367454,43.867378]]},"properties":{"kind":"distribution","tier":"distribution","placement":"underground","from":"water-J-49","to":"water-J-50","lengthM":11.86,"sizeMm":300,"diameterIn":11.8,"nominalLabel":"12\" PVC","material":"PVC C900","depthM":1.8,"zone":0}},{"type":"Feature","id":"water-E1180","geometry":{"type":"LineString","coordinates":[[-78.9365199,43.8697076],[-78.9364432,43.8695325]]},"properties":{"kind":"distribution","tier":"distribution","placement":"underground","from":"water-T-390","to":"water-T-398","lengthM":20.44,"sizeMm":150,"diameterIn":5.9,"nominalLabel":"6\" PVC","material":"PVC C900","depthM":1.8,"zone":0}},{"type":"Feature","id":"water-E1181","geometry":{"type":"LineString","coordinates":[[-78.9361188,43.871847],[-78.9360421,43.8716707]]},"properties":{"kind":"distribution","tier":"distribution","placement":"underground","from":"water-T-410","to":"water-T-416","lengthM":20.56,"sizeMm":150,"diameterIn":5.9,"nominalLabel":"6\" PVC","material":"PVC C900","depthM":1.8,"zone":0}},{"type":"Feature","id":"water-E1182","geometry":{"type":"LineString","coordinates":[[-78.9353283,43.872333],[-78.9351174,43.8723798]]},"properties":{"kind":"distribution","tier":"distribution","placement":"underground","from":"water-T-418","to":"water-T-425","lengthM":17.7,"sizeMm":150,"diameterIn":5.9,"nominalLabel":"6\" PVC","material":"PVC C900","depthM":1.8,"zone":0}},{"type":"Feature","id":"water-E1183","geometry":{"type":"LineString","coordinates":[[-78.9351338,43.8698676],[-78.9352049,43.8700281]]},"properties":{"kind":"distribution","tier":"distribution","placement":"underground","from":"water-T-447","to":"water-T-448","lengthM":18.75,"sizeMm":150,"diameterIn":5.9,"nominalLabel":"6\" PVC","material":"PVC C900","depthM":1.8,"zone":0}},{"type":"Feature","id":"water-E1184","geometry":{"type":"LineString","coordinates":[[-78.9357649,43.8710355],[-78.9357018,43.8708922]]},"properties":{"kind":"distribution","tier":"distribution","placement":"underground","from":"water-T-450","to":"water-T-451","lengthM":16.75,"sizeMm":150,"diameterIn":5.9,"nominalLabel":"6\" PVC","material":"PVC C900","depthM":1.8,"zone":0}},{"type":"Feature","id":"water-E1185","geometry":{"type":"LineString","coordinates":[[-78.9335095,43.8710264],[-78.9335221,43.8710553]]},"properties":{"kind":"distribution","tier":"distribution","placement":"underground","from":"water-T-472","to":"water-T-461","lengthM":3.36,"sizeMm":150,"diameterIn":5.9,"nominalLabel":"6\" PVC","material":"PVC C900","depthM":1.8,"zone":0}},{"type":"Feature","id":"water-E1186","geometry":{"type":"LineString","coordinates":[[-78.9324047,43.8729819],[-78.9324464,43.8729345],[-78.9324186,43.8728621],[-78.9322629,43.8725191],[-78.9322302,43.8724472]]},"properties":{"kind":"distribution","tier":"distribution","placement":"underground","from":"water-J-67","to":"water-J-68","lengthM":63.21,"sizeMm":150,"diameterIn":5.9,"nominalLabel":"6\" PVC","material":"PVC C900","depthM":1.8,"zone":0}},{"type":"Feature","id":"water-E1187","geometry":{"type":"LineString","coordinates":[[-78.932801,43.8723619],[-78.9330143,43.8723128],[-78.9331734,43.8722385],[-78.9332142,43.8720972],[-78.9331743,43.8720071]]},"properties":{"kind":"distribution","tier":"distribution","placement":"underground","from":"water-T-508","to":"water-T-530","lengthM":59.77,"sizeMm":150,"diameterIn":5.9,"nominalLabel":"6\" PVC","material":"PVC C900","depthM":1.8,"zone":0}},{"type":"Feature","id":"water-E1188","geometry":{"type":"LineString","coordinates":[[-78.9314779,43.8707305],[-78.9313136,43.8707267],[-78.9312809,43.8707344],[-78.9307869,43.8708426]]},"properties":{"kind":"distribution","tier":"distribution","placement":"underground","from":"water-J-69","to":"water-T-563","lengthM":57.38,"sizeMm":150,"diameterIn":5.9,"nominalLabel":"6\" PVC","material":"PVC C900","depthM":1.8,"zone":0}},{"type":"Feature","id":"water-E1189","geometry":{"type":"LineString","coordinates":[[-78.929112,43.8693219],[-78.9292012,43.8692968],[-78.9291968,43.8690602],[-78.9291503,43.8689472],[-78.9291462,43.8689225],[-78.9290714,43.8685201],[-78.9290141,43.8682891],[-78.9289317,43.8681763]]},"properties":{"kind":"distribution","tier":"distribution","placement":"underground","from":"water-J-77","to":"water-J-79","lengthM":135.43,"sizeMm":300,"diameterIn":11.8,"nominalLabel":"12\" PVC","material":"PVC C900","depthM":1.8,"zone":0}}]}