{"type":"FeatureCollection","name":"water_services","crs_note":"EPSG:4326","features":[{"type":"Feature","id":"water-E615","geometry":{"type":"LineString","coordinates":[[-78.9448661,43.8684772],[-78.9446925,43.8684652],[-78.9446824,43.8684464]]},"properties":{"kind":"service","tier":"service","placement":"underground","from":"water-T-93","to":"water-N-P-00001","lengthM":16.24,"sizeMm":25,"diameterIn":0.98,"nominalLabel":"1\" copper","depthM":1.7,"zone":0}},{"type":"Feature","id":"water-E616","geometry":{"type":"LineString","coordinates":[[-78.9445807,43.8675363],[-78.9445686,43.8676618],[-78.9445429,43.8676695]]},"properties":{"kind":"service","tier":"service","placement":"underground","from":"water-T-94","to":"water-N-P-00002","lengthM":16.24,"sizeMm":25,"diameterIn":0.98,"nominalLabel":"1\" copper","depthM":1.7,"zone":0}},{"type":"Feature","id":"water-E617","geometry":{"type":"LineString","coordinates":[[-78.9443739,43.8675259],[-78.9443618,43.8676514],[-78.9443361,43.8676591]]},"properties":{"kind":"service","tier":"service","placement":"underground","from":"water-T-95","to":"water-N-P-00003","lengthM":16.24,"sizeMm":25,"diameterIn":0.98,"nominalLabel":"1\" copper","depthM":1.7,"zone":0}},{"type":"Feature","id":"water-E618","geometry":{"type":"LineString","coordinates":[[-78.9441674,43.8675156],[-78.9441553,43.867641],[-78.9441295,43.8676487]]},"properties":{"kind":"service","tier":"service","placement":"underground","from":"water-T-96","to":"water-N-P-00004","lengthM":16.24,"sizeMm":25,"diameterIn":0.98,"nominalLabel":"1\" copper","depthM":1.7,"zone":0}},{"type":"Feature","id":"water-E619","geometry":{"type":"LineString","coordinates":[[-78.9439593,43.8675051],[-78.9439472,43.8676306],[-78.9439215,43.8676383]]},"properties":{"kind":"service","tier":"service","placement":"underground","from":"water-T-97","to":"water-N-P-00005","lengthM":16.24,"sizeMm":25,"diameterIn":0.98,"nominalLabel":"1\" copper","depthM":1.7,"zone":0}},{"type":"Feature","id":"water-E620","geometry":{"type":"LineString","coordinates":[[-78.9437462,43.8674944],[-78.9437341,43.8676199],[-78.9437083,43.8676276]]},"properties":{"kind":"service","tier":"service","placement":"underground","from":"water-T-98","to":"water-N-P-00006","lengthM":16.24,"sizeMm":19,"diameterIn":0.75,"nominalLabel":"3/4\" copper","depthM":1.7,"zone":0}},{"type":"Feature","id":"water-E621","geometry":{"type":"LineString","coordinates":[[-78.9434808,43.8680906],[-78.9436484,43.8680559],[-78.9436673,43.8680707]]},"properties":{"kind":"service","tier":"service","placement":"underground","from":"water-T-99","to":"water-N-P-00007","lengthM":16.24,"sizeMm":19,"diameterIn":0.75,"nominalLabel":"3/4\" copper","depthM":1.7,"zone":0}},{"type":"Feature","id":"water-E622","geometry":{"type":"LineString","coordinates":[[-78.9435396,43.8682384],[-78.9437073,43.8682037],[-78.9437261,43.8682185]]},"properties":{"kind":"service","tier":"service","placement":"underground","from":"water-T-100","to":"water-N-P-00008","lengthM":16.24,"sizeMm":19,"diameterIn":0.75,"nominalLabel":"3/4\" copper","depthM":1.7,"zone":0}},{"type":"Feature","id":"water-E623","geometry":{"type":"LineString","coordinates":[[-78.9435972,43.8683833],[-78.9437649,43.8683486],[-78.9437838,43.8683634]]},"properties":{"kind":"service","tier":"service","placement":"underground","from":"water-T-101","to":"water-N-P-00009","lengthM":16.24,"sizeMm":19,"diameterIn":0.75,"nominalLabel":"3/4\" copper","depthM":1.7,"zone":0}},{"type":"Feature","id":"water-E624","geometry":{"type":"LineString","coordinates":[[-78.9436578,43.8685355],[-78.9438255,43.8685008],[-78.9438444,43.8685156]]},"properties":{"kind":"service","tier":"service","placement":"underground","from":"water-T-102","to":"water-N-P-00010","lengthM":16.24,"sizeMm":19,"diameterIn":0.75,"nominalLabel":"3/4\" copper","depthM":1.7,"zone":0}},{"type":"Feature","id":"water-E625","geometry":{"type":"LineString","coordinates":[[-78.9437122,43.8686721],[-78.9438799,43.8686374],[-78.9438987,43.8686522]]},"properties":{"kind":"service","tier":"service","placement":"underground","from":"water-T-103","to":"water-N-P-00011","lengthM":16.24,"sizeMm":19,"diameterIn":0.75,"nominalLabel":"3/4\" copper","depthM":1.7,"zone":0}},{"type":"Feature","id":"water-E626","geometry":{"type":"LineString","coordinates":[[-78.9437673,43.8688105],[-78.9439398,43.8687746],[-78.9439596,43.8687887]]},"properties":{"kind":"service","tier":"service","placement":"underground","from":"water-T-104","to":"water-N-P-00012","lengthM":16.65,"sizeMm":19,"diameterIn":0.75,"nominalLabel":"3/4\" copper","depthM":1.7,"zone":0}},{"type":"Feature","id":"water-E627","geometry":{"type":"LineString","coordinates":[[-78.9438642,43.8689754],[-78.9440355,43.8689169],[-78.9440594,43.8689272]]},"properties":{"kind":"service","tier":"service","placement":"underground","from":"water-T-105","to":"water-N-P-00013","lengthM":17.44,"sizeMm":25,"diameterIn":0.98,"nominalLabel":"1\" copper","depthM":1.7,"zone":0}},{"type":"Feature","id":"water-E628","geometry":{"type":"LineString","coordinates":[[-78.944039,43.8691253],[-78.9441666,43.8690395],[-78.9441927,43.8690466]]},"properties":{"kind":"service","tier":"service","placement":"underground","from":"water-T-106","to":"water-N-P-00014","lengthM":16.24,"sizeMm":25,"diameterIn":0.98,"nominalLabel":"1\" copper","depthM":1.7,"zone":0}},{"type":"Feature","id":"water-E629","geometry":{"type":"LineString","coordinates":[[-78.9441722,43.8692283],[-78.9442998,43.8691425],[-78.9443259,43.8691495]]},"properties":{"kind":"service","tier":"service","placement":"underground","from":"water-T-107","to":"water-N-P-00015","lengthM":16.24,"sizeMm":19,"diameterIn":0.75,"nominalLabel":"3/4\" copper","depthM":1.7,"zone":0}},{"type":"Feature","id":"water-E630","geometry":{"type":"LineString","coordinates":[[-78.9442703,43.8675207],[-78.9442746,43.8674759],[-78.9442506,43.8674657]]},"properties":{"kind":"service","tier":"service","placement":"underground","from":"water-T-108","to":"water-N-P-00016","lengthM":7.24,"sizeMm":19,"diameterIn":0.75,"nominalLabel":"3/4\" copper","depthM":1.7,"zone":0}},{"type":"Feature","id":"water-E631","geometry":{"type":"LineString","coordinates":[[-78.9440701,43.8675107],[-78.9440745,43.8674659],[-78.9440505,43.8674557]]},"properties":{"kind":"service","tier":"service","placement":"underground","from":"water-T-109","to":"water-N-P-00017","lengthM":7.24,"sizeMm":19,"diameterIn":0.75,"nominalLabel":"3/4\" copper","depthM":1.7,"zone":0}},{"type":"Feature","id":"water-E632","geometry":{"type":"LineString","coordinates":[[-78.943873,43.8675008],[-78.9438773,43.867456],[-78.9438534,43.8674458]]},"properties":{"kind":"service","tier":"service","placement":"underground","from":"water-T-110","to":"water-N-P-00018","lengthM":7.24,"sizeMm":19,"diameterIn":0.75,"nominalLabel":"3/4\" copper","depthM":1.7,"zone":0}},{"type":"Feature","id":"water-E633","geometry":{"type":"LineString","coordinates":[[-78.9433861,43.8678528],[-78.9433262,43.8678652],[-78.9433211,43.867885]]},"properties":{"kind":"service","tier":"service","placement":"underground","from":"water-T-111","to":"water-N-P-00019","lengthM":7.24,"sizeMm":25,"diameterIn":0.98,"nominalLabel":"1\" copper","depthM":1.7,"zone":0}},{"type":"Feature","id":"water-E634","geometry":{"type":"LineString","coordinates":[[-78.9434404,43.8679893],[-78.9433805,43.8680017],[-78.9433754,43.8680214]]},"properties":{"kind":"service","tier":"service","placement":"underground","from":"water-T-112","to":"water-N-P-00020","lengthM":7.24,"sizeMm":25,"diameterIn":0.98,"nominalLabel":"1\" copper","depthM":1.7,"zone":0}},{"type":"Feature","id":"water-E635","geometry":{"type":"LineString","coordinates":[[-78.9434944,43.868125],[-78.9434345,43.8681374],[-78.9434294,43.8681571]]},"properties":{"kind":"service","tier":"service","placement":"underground","from":"water-T-113","to":"water-N-P-00021","lengthM":7.24,"sizeMm":25,"diameterIn":0.98,"nominalLabel":"1\" copper","depthM":1.7,"zone":0}},{"type":"Feature","id":"water-E636","geometry":{"type":"LineString","coordinates":[[-78.9435539,43.8682745],[-78.943494,43.8682869],[-78.9434889,43.8683066]]},"properties":{"kind":"service","tier":"service","placement":"underground","from":"water-T-114","to":"water-N-P-00022","lengthM":7.24,"sizeMm":19,"diameterIn":0.75,"nominalLabel":"3/4\" copper","depthM":1.7,"zone":0}},{"type":"Feature","id":"water-E637","geometry":{"type":"LineString","coordinates":[[-78.9436133,43.8684236],[-78.9435534,43.868436],[-78.9435483,43.8684558]]},"properties":{"kind":"service","tier":"service","placement":"underground","from":"water-T-115","to":"water-N-P-00023","lengthM":7.24,"sizeMm":25,"diameterIn":0.98,"nominalLabel":"1\" copper","depthM":1.7,"zone":0}},{"type":"Feature","id":"water-E638","geometry":{"type":"LineString","coordinates":[[-78.9436674,43.8685597],[-78.9436076,43.8685721],[-78.9436025,43.8685918]]},"properties":{"kind":"service","tier":"service","placement":"underground","from":"water-T-116","to":"water-N-P-00024","lengthM":7.24,"sizeMm":19,"diameterIn":0.75,"nominalLabel":"3/4\" copper","depthM":1.7,"zone":0}},{"type":"Feature","id":"water-E639","geometry":{"type":"LineString","coordinates":[[-78.9437241,43.868702],[-78.9436642,43.8687144],[-78.9436591,43.8687341]]},"properties":{"kind":"service","tier":"service","placement":"underground","from":"water-T-117","to":"water-N-P-00025","lengthM":7.24,"sizeMm":25,"diameterIn":0.98,"nominalLabel":"1\" copper","depthM":1.7,"zone":0}},{"type":"Feature","id":"water-E640","geometry":{"type":"LineString","coordinates":[[-78.9439756,43.8690762],[-78.94393,43.8691069],[-78.9439379,43.8691261]]},"properties":{"kind":"service","tier":"service","placement":"underground","from":"water-T-118","to":"water-N-P-00026","lengthM":7.24,"sizeMm":19,"diameterIn":0.75,"nominalLabel":"3/4\" copper","depthM":1.7,"zone":0}},{"type":"Feature","id":"water-E641","geometry":{"type":"LineString","coordinates":[[-78.9441154,43.8691844],[-78.9440698,43.869215],[-78.9440777,43.8692343]]},"properties":{"kind":"service","tier":"service","placement":"underground","from":"water-T-119","to":"water-N-P-00027","lengthM":7.24,"sizeMm":25,"diameterIn":0.98,"nominalLabel":"1\" copper","depthM":1.7,"zone":0}},{"type":"Feature","id":"water-E642","geometry":{"type":"LineString","coordinates":[[-78.9442499,43.8692884],[-78.9442043,43.869319],[-78.9442122,43.8693383]]},"properties":{"kind":"service","tier":"service","placement":"underground","from":"water-T-120","to":"water-N-P-00028","lengthM":7.24,"sizeMm":25,"diameterIn":0.98,"nominalLabel":"1\" copper","depthM":1.7,"zone":0}},{"type":"Feature","id":"water-E643","geometry":{"type":"LineString","coordinates":[[-78.9443911,43.8693976],[-78.944344,43.8694292],[-78.9443514,43.8694486]]},"properties":{"kind":"service","tier":"service","placement":"underground","from":"water-T-121","to":"water-N-P-00029","lengthM":7.4,"sizeMm":19,"diameterIn":0.75,"nominalLabel":"3/4\" copper","depthM":1.7,"zone":0}},{"type":"Feature","id":"water-E644","geometry":{"type":"LineString","coordinates":[[-78.943288,43.8705488],[-78.9432619,43.8704882],[-78.9432344,43.8704851]]},"properties":{"kind":"service","tier":"service","placement":"underground","from":"water-T-122","to":"water-N-P-00030","lengthM":9.3,"sizeMm":19,"diameterIn":0.75,"nominalLabel":"3/4\" copper","depthM":1.7,"zone":0}},{"type":"Feature","id":"water-E645","geometry":{"type":"LineString","coordinates":[[-78.9430467,43.8706027],[-78.9430209,43.8705426],[-78.9429934,43.8705394]]},"properties":{"kind":"service","tier":"service","placement":"underground","from":"water-T-123","to":"water-N-P-00031","lengthM":9.24,"sizeMm":25,"diameterIn":0.98,"nominalLabel":"1\" copper","depthM":1.7,"zone":0}},{"type":"Feature","id":"water-E646","geometry":{"type":"LineString","coordinates":[[-78.9426428,43.8713709],[-78.942476,43.8714076],[-78.9424568,43.8713931]]},"properties":{"kind":"service","tier":"service","placement":"underground","from":"water-T-124","to":"water-N-P-00032","lengthM":16.24,"sizeMm":19,"diameterIn":0.75,"nominalLabel":"3/4\" copper","depthM":1.7,"zone":0}},{"type":"Feature","id":"water-E647","geometry":{"type":"LineString","coordinates":[[-78.9425815,43.8712262],[-78.9424146,43.871263],[-78.9423954,43.8712484]]},"properties":{"kind":"service","tier":"service","placement":"underground","from":"water-T-125","to":"water-N-P-00033","lengthM":16.24,"sizeMm":25,"diameterIn":0.98,"nominalLabel":"1\" copper","depthM":1.7,"zone":0}},{"type":"Feature","id":"water-E648","geometry":{"type":"LineString","coordinates":[[-78.9425215,43.8710847],[-78.9423546,43.8711215],[-78.9423354,43.871107]]},"properties":{"kind":"service","tier":"service","placement":"underground","from":"water-T-126","to":"water-N-P-00034","lengthM":16.24,"sizeMm":19,"diameterIn":0.75,"nominalLabel":"3/4\" copper","depthM":1.7,"zone":0}},{"type":"Feature","id":"water-E649","geometry":{"type":"LineString","coordinates":[[-78.9424616,43.8709436],[-78.9422948,43.8709804],[-78.9422756,43.8709658]]},"properties":{"kind":"service","tier":"service","placement":"underground","from":"water-T-127","to":"water-N-P-00035","lengthM":16.24,"sizeMm":19,"diameterIn":0.75,"nominalLabel":"3/4\" copper","depthM":1.7,"zone":0}},{"type":"Feature","id":"water-E650","geometry":{"type":"LineString","coordinates":[[-78.9424601,43.87094],[-78.9425197,43.8709269],[-78.9425243,43.8709071]]},"properties":{"kind":"service","tier":"service","placement":"underground","from":"water-T-128","to":"water-N-P-00036","lengthM":7.24,"sizeMm":19,"diameterIn":0.75,"nominalLabel":"3/4\" copper","depthM":1.7,"zone":0}},{"type":"Feature","id":"water-E651","geometry":{"type":"LineString","coordinates":[[-78.9419598,43.8719577],[-78.9419409,43.8719149],[-78.9419134,43.8719118]]},"properties":{"kind":"service","tier":"service","placement":"underground","from":"water-T-129","to":"water-N-P-00037","lengthM":7.24,"sizeMm":25,"diameterIn":0.98,"nominalLabel":"1\" copper","depthM":1.7,"zone":0}},{"type":"Feature","id":"water-E652","geometry":{"type":"LineString","coordinates":[[-78.9417563,43.8720045],[-78.9417373,43.8719615],[-78.9417098,43.8719583]]},"properties":{"kind":"service","tier":"service","placement":"underground","from":"water-T-130","to":"water-N-P-00038","lengthM":7.25,"sizeMm":19,"diameterIn":0.75,"nominalLabel":"3/4\" copper","depthM":1.7,"zone":0}},{"type":"Feature","id":"water-E653","geometry":{"type":"LineString","coordinates":[[-78.9419539,43.8679687],[-78.9420072,43.8680885],[-78.9419873,43.8681025]]},"properties":{"kind":"service","tier":"service","placement":"underground","from":"water-T-131","to":"water-N-P-00039","lengthM":16.24,"sizeMm":19,"diameterIn":0.75,"nominalLabel":"3/4\" copper","depthM":1.7,"zone":0}},{"type":"Feature","id":"water-E654","geometry":{"type":"LineString","coordinates":[[-78.9417593,43.8680137],[-78.9418126,43.8681335],[-78.9417927,43.8681475]]},"properties":{"kind":"service","tier":"service","placement":"underground","from":"water-T-132","to":"water-N-P-00040","lengthM":16.24,"sizeMm":25,"diameterIn":0.98,"nominalLabel":"1\" copper","depthM":1.7,"zone":0}},{"type":"Feature","id":"water-E655","geometry":{"type":"LineString","coordinates":[[-78.9415727,43.8680569],[-78.941626,43.8681767],[-78.941606,43.8681907]]},"properties":{"kind":"service","tier":"service","placement":"underground","from":"water-T-133","to":"water-N-P-00041","lengthM":16.24,"sizeMm":25,"diameterIn":0.98,"nominalLabel":"1\" copper","depthM":1.7,"zone":0}},{"type":"Feature","id":"water-E656","geometry":{"type":"LineString","coordinates":[[-78.9413801,43.8681014],[-78.9414334,43.8682212],[-78.9414135,43.8682352]]},"properties":{"kind":"service","tier":"service","placement":"underground","from":"water-T-134","to":"water-N-P-00042","lengthM":16.24,"sizeMm":19,"diameterIn":0.75,"nominalLabel":"3/4\" copper","depthM":1.7,"zone":0}},{"type":"Feature","id":"water-E657","geometry":{"type":"LineString","coordinates":[[-78.9419755,43.8679637],[-78.9419564,43.867921],[-78.9419289,43.8679179]]},"properties":{"kind":"service","tier":"service","placement":"underground","from":"water-T-135","to":"water-N-P-00043","lengthM":7.24,"sizeMm":19,"diameterIn":0.75,"nominalLabel":"3/4\" copper","depthM":1.7,"zone":0}},{"type":"Feature","id":"water-E658","geometry":{"type":"LineString","coordinates":[[-78.9417752,43.8680101],[-78.9417562,43.8679673],[-78.9417286,43.8679642]]},"properties":{"kind":"service","tier":"service","placement":"underground","from":"water-T-136","to":"water-N-P-00044","lengthM":7.24,"sizeMm":25,"diameterIn":0.98,"nominalLabel":"1\" copper","depthM":1.7,"zone":0}},{"type":"Feature","id":"water-E659","geometry":{"type":"LineString","coordinates":[[-78.9415706,43.8680574],[-78.9415516,43.8680146],[-78.941524,43.8680115]]},"properties":{"kind":"service","tier":"service","placement":"underground","from":"water-T-137","to":"water-N-P-00045","lengthM":7.24,"sizeMm":19,"diameterIn":0.75,"nominalLabel":"3/4\" copper","depthM":1.7,"zone":0}},{"type":"Feature","id":"water-E660","geometry":{"type":"LineString","coordinates":[[-78.9413747,43.8681027],[-78.9413557,43.8680599],[-78.9413282,43.8680568]]},"properties":{"kind":"service","tier":"service","placement":"underground","from":"water-T-138","to":"water-N-P-00046","lengthM":7.24,"sizeMm":19,"diameterIn":0.75,"nominalLabel":"3/4\" copper","depthM":1.7,"zone":0}},{"type":"Feature","id":"water-E661","geometry":{"type":"LineString","coordinates":[[-78.9423325,43.8706455],[-78.9421663,43.8706839],[-78.9421469,43.8706695]]},"properties":{"kind":"service","tier":"service","placement":"underground","from":"water-T-139","to":"water-N-P-00047","lengthM":16.24,"sizeMm":25,"diameterIn":0.98,"nominalLabel":"1\" copper","depthM":1.7,"zone":0}},{"type":"Feature","id":"water-E662","geometry":{"type":"LineString","coordinates":[[-78.9422669,43.8704978],[-78.9421007,43.8705361],[-78.9420813,43.8705218]]},"properties":{"kind":"service","tier":"service","placement":"underground","from":"water-T-140","to":"water-N-P-00048","lengthM":16.24,"sizeMm":19,"diameterIn":0.75,"nominalLabel":"3/4\" copper","depthM":1.7,"zone":0}},{"type":"Feature","id":"water-E663","geometry":{"type":"LineString","coordinates":[[-78.9422021,43.870352],[-78.942036,43.8703904],[-78.9420165,43.870376]]},"properties":{"kind":"service","tier":"service","placement":"underground","from":"water-T-141","to":"water-N-P-00049","lengthM":16.24,"sizeMm":25,"diameterIn":0.98,"nominalLabel":"1\" copper","depthM":1.7,"zone":0}},{"type":"Feature","id":"water-E664","geometry":{"type":"LineString","coordinates":[[-78.942141,43.8702146],[-78.9419749,43.8702529],[-78.9419554,43.8702386]]},"properties":{"kind":"service","tier":"service","placement":"underground","from":"water-T-142","to":"water-N-P-00050","lengthM":16.24,"sizeMm":25,"diameterIn":0.98,"nominalLabel":"1\" copper","depthM":1.7,"zone":0}},{"type":"Feature","id":"water-E665","geometry":{"type":"LineString","coordinates":[[-78.94208,43.8700774],[-78.9419139,43.8701158],[-78.9418944,43.8701014]]},"properties":{"kind":"service","tier":"service","placement":"underground","from":"water-T-143","to":"water-N-P-00051","lengthM":16.24,"sizeMm":19,"diameterIn":0.75,"nominalLabel":"3/4\" copper","depthM":1.7,"zone":0}},{"type":"Feature","id":"water-E666","geometry":{"type":"LineString","coordinates":[[-78.9420163,43.869934],[-78.9418502,43.8699724],[-78.9418307,43.869958]]},"properties":{"kind":"service","tier":"service","placement":"underground","from":"water-T-144","to":"water-N-P-00052","lengthM":16.24,"sizeMm":19,"diameterIn":0.75,"nominalLabel":"3/4\" copper","depthM":1.7,"zone":0}},{"type":"Feature","id":"water-E667","geometry":{"type":"LineString","coordinates":[[-78.9419497,43.8697842],[-78.9417836,43.8698225],[-78.9417641,43.8698082]]},"properties":{"kind":"service","tier":"service","placement":"underground","from":"water-T-145","to":"water-N-P-00053","lengthM":16.24,"sizeMm":19,"diameterIn":0.75,"nominalLabel":"3/4\" copper","depthM":1.7,"zone":0}},{"type":"Feature","id":"water-E668","geometry":{"type":"LineString","coordinates":[[-78.9418876,43.8696444],[-78.9417215,43.8696828],[-78.941702,43.8696684]]},"properties":{"kind":"service","tier":"service","placement":"underground","from":"water-T-146","to":"water-N-P-00054","lengthM":16.24,"sizeMm":25,"diameterIn":0.98,"nominalLabel":"1\" copper","depthM":1.7,"zone":0}},{"type":"Feature","id":"water-E669","geometry":{"type":"LineString","coordinates":[[-78.9418252,43.869504],[-78.9416591,43.8695424],[-78.9416396,43.869528]]},"properties":{"kind":"service","tier":"service","placement":"underground","from":"water-T-147","to":"water-N-P-00055","lengthM":16.24,"sizeMm":19,"diameterIn":0.75,"nominalLabel":"3/4\" copper","depthM":1.7,"zone":0}},{"type":"Feature","id":"water-E670","geometry":{"type":"LineString","coordinates":[[-78.9417617,43.8693611],[-78.9415955,43.8693994],[-78.9415761,43.8693851]]},"properties":{"kind":"service","tier":"service","placement":"underground","from":"water-T-148","to":"water-N-P-00056","lengthM":16.24,"sizeMm":19,"diameterIn":0.75,"nominalLabel":"3/4\" copper","depthM":1.7,"zone":0}},{"type":"Feature","id":"water-E671","geometry":{"type":"LineString","coordinates":[[-78.9423306,43.8706411],[-78.9423899,43.8706274],[-78.9423942,43.8706076]]},"properties":{"kind":"service","tier":"service","placement":"underground","from":"water-T-149","to":"water-N-P-00057","lengthM":7.23,"sizeMm":19,"diameterIn":0.75,"nominalLabel":"3/4\" copper","depthM":1.7,"zone":0}},{"type":"Feature","id":"water-E672","geometry":{"type":"LineString","coordinates":[[-78.9422696,43.8705039],[-78.9423289,43.8704902],[-78.9423332,43.8704703]]},"properties":{"kind":"service","tier":"service","placement":"underground","from":"water-T-150","to":"water-N-P-00058","lengthM":7.24,"sizeMm":19,"diameterIn":0.75,"nominalLabel":"3/4\" copper","depthM":1.7,"zone":0}},{"type":"Feature","id":"water-E673","geometry":{"type":"LineString","coordinates":[[-78.9422079,43.8703651],[-78.9422672,43.8703514],[-78.9422715,43.8703315]]},"properties":{"kind":"service","tier":"service","placement":"underground","from":"water-T-151","to":"water-N-P-00059","lengthM":7.24,"sizeMm":25,"diameterIn":0.98,"nominalLabel":"1\" copper","depthM":1.7,"zone":0}},{"type":"Feature","id":"water-E674","geometry":{"type":"LineString","coordinates":[[-78.9421435,43.8702202],[-78.9422028,43.8702065],[-78.9422071,43.8701866]]},"properties":{"kind":"service","tier":"service","placement":"underground","from":"water-T-152","to":"water-N-P-00060","lengthM":7.24,"sizeMm":25,"diameterIn":0.98,"nominalLabel":"1\" copper","depthM":1.7,"zone":0}},{"type":"Feature","id":"water-E675","geometry":{"type":"LineString","coordinates":[[-78.9420783,43.8700734],[-78.9421376,43.8700597],[-78.9421419,43.8700399]]},"properties":{"kind":"service","tier":"service","placement":"underground","from":"water-T-153","to":"water-N-P-00061","lengthM":7.24,"sizeMm":19,"diameterIn":0.75,"nominalLabel":"3/4\" copper","depthM":1.7,"zone":0}},{"type":"Feature","id":"water-E676","geometry":{"type":"LineString","coordinates":[[-78.9420117,43.8699236],[-78.942071,43.8699099],[-78.9420753,43.86989]]},"properties":{"kind":"service","tier":"service","placement":"underground","from":"water-T-154","to":"water-N-P-00062","lengthM":7.24,"sizeMm":19,"diameterIn":0.75,"nominalLabel":"3/4\" copper","depthM":1.7,"zone":0}},{"type":"Feature","id":"water-E677","geometry":{"type":"LineString","coordinates":[[-78.9419481,43.8697805],[-78.9420074,43.8697668],[-78.9420117,43.8697469]]},"properties":{"kind":"service","tier":"service","placement":"underground","from":"water-T-155","to":"water-N-P-00063","lengthM":7.24,"sizeMm":19,"diameterIn":0.75,"nominalLabel":"3/4\" copper","depthM":1.7,"zone":0}},{"type":"Feature","id":"water-E678","geometry":{"type":"LineString","coordinates":[[-78.9418882,43.8696457],[-78.9419475,43.869632],[-78.9419518,43.8696122]]},"properties":{"kind":"service","tier":"service","placement":"underground","from":"water-T-156","to":"water-N-P-00064","lengthM":7.24,"sizeMm":25,"diameterIn":0.98,"nominalLabel":"1\" copper","depthM":1.7,"zone":0}},{"type":"Feature","id":"water-E679","geometry":{"type":"LineString","coordinates":[[-78.9418248,43.8695031],[-78.9418842,43.8694894],[-78.9418884,43.8694696]]},"properties":{"kind":"service","tier":"service","placement":"underground","from":"water-T-157","to":"water-N-P-00065","lengthM":7.24,"sizeMm":19,"diameterIn":0.75,"nominalLabel":"3/4\" copper","depthM":1.7,"zone":0}},{"type":"Feature","id":"water-E680","geometry":{"type":"LineString","coordinates":[[-78.9417605,43.8693585],[-78.9418199,43.8693448],[-78.9418241,43.869325]]},"properties":{"kind":"service","tier":"service","placement":"underground","from":"water-T-158","to":"water-N-P-00066","lengthM":7.24,"sizeMm":25,"diameterIn":0.98,"nominalLabel":"1\" copper","depthM":1.7,"zone":0}},{"type":"Feature","id":"water-E681","geometry":{"type":"LineString","coordinates":[[-78.9417259,43.870897],[-78.9417844,43.8710344],[-78.9417643,43.8710483]]},"properties":{"kind":"service","tier":"service","placement":"underground","from":"water-T-159","to":"water-N-P-00067","lengthM":18.24,"sizeMm":25,"diameterIn":0.98,"nominalLabel":"1\" copper","depthM":1.7,"zone":0}},{"type":"Feature","id":"water-E682","geometry":{"type":"LineString","coordinates":[[-78.9417187,43.8708986],[-78.9416931,43.8708385],[-78.9416656,43.8708352]]},"properties":{"kind":"service","tier":"service","placement":"underground","from":"water-T-160","to":"water-N-P-00068","lengthM":9.24,"sizeMm":25,"diameterIn":0.98,"nominalLabel":"1\" copper","depthM":1.7,"zone":0}},{"type":"Feature","id":"water-E683","geometry":{"type":"LineString","coordinates":[[-78.9416316,43.8690661],[-78.9414652,43.8691038],[-78.9414458,43.8690894]]},"properties":{"kind":"service","tier":"service","placement":"underground","from":"water-T-161","to":"water-N-P-00069","lengthM":16.24,"sizeMm":19,"diameterIn":0.75,"nominalLabel":"3/4\" copper","depthM":1.7,"zone":0}},{"type":"Feature","id":"water-E684","geometry":{"type":"LineString","coordinates":[[-78.941566,43.8689158],[-78.9413996,43.8689536],[-78.9413802,43.8689392]]},"properties":{"kind":"service","tier":"service","placement":"underground","from":"water-T-162","to":"water-N-P-00070","lengthM":16.24,"sizeMm":19,"diameterIn":0.75,"nominalLabel":"3/4\" copper","depthM":1.7,"zone":0}},{"type":"Feature","id":"water-E685","geometry":{"type":"LineString","coordinates":[[-78.9414989,43.8687623],[-78.9413325,43.8688],[-78.9413132,43.8687856]]},"properties":{"kind":"service","tier":"service","placement":"underground","from":"water-T-163","to":"water-N-P-00071","lengthM":16.24,"sizeMm":19,"diameterIn":0.75,"nominalLabel":"3/4\" copper","depthM":1.7,"zone":0}},{"type":"Feature","id":"water-E686","geometry":{"type":"LineString","coordinates":[[-78.9414363,43.868619],[-78.9412699,43.8686567],[-78.9412506,43.8686423]]},"properties":{"kind":"service","tier":"service","placement":"underground","from":"water-T-164","to":"water-N-P-00072","lengthM":16.24,"sizeMm":25,"diameterIn":0.98,"nominalLabel":"1\" copper","depthM":1.7,"zone":0}},{"type":"Feature","id":"water-E687","geometry":{"type":"LineString","coordinates":[[-78.941375,43.8684785],[-78.9412086,43.8685163],[-78.9411892,43.8685018]]},"properties":{"kind":"service","tier":"service","placement":"underground","from":"water-T-165","to":"water-N-P-00073","lengthM":16.24,"sizeMm":19,"diameterIn":0.75,"nominalLabel":"3/4\" copper","depthM":1.7,"zone":0}},{"type":"Feature","id":"water-E688","geometry":{"type":"LineString","coordinates":[[-78.9413111,43.868332],[-78.9411446,43.8683698],[-78.9411253,43.8683554]]},"properties":{"kind":"service","tier":"service","placement":"underground","from":"water-T-166","to":"water-N-P-00074","lengthM":16.24,"sizeMm":19,"diameterIn":0.75,"nominalLabel":"3/4\" copper","depthM":1.7,"zone":0}},{"type":"Feature","id":"water-E689","geometry":{"type":"LineString","coordinates":[[-78.9416319,43.8690669],[-78.9416914,43.8690534],[-78.9416958,43.8690336]]},"properties":{"kind":"service","tier":"service","placement":"underground","from":"water-T-167","to":"water-N-P-00075","lengthM":7.24,"sizeMm":25,"diameterIn":0.98,"nominalLabel":"1\" copper","depthM":1.7,"zone":0}},{"type":"Feature","id":"water-E690","geometry":{"type":"LineString","coordinates":[[-78.9415671,43.8689184],[-78.9416266,43.8689049],[-78.941631,43.8688851]]},"properties":{"kind":"service","tier":"service","placement":"underground","from":"water-T-168","to":"water-N-P-00076","lengthM":7.24,"sizeMm":19,"diameterIn":0.75,"nominalLabel":"3/4\" copper","depthM":1.7,"zone":0}},{"type":"Feature","id":"water-E691","geometry":{"type":"LineString","coordinates":[[-78.9415009,43.8687668],[-78.9415603,43.8687533],[-78.9415647,43.8687334]]},"properties":{"kind":"service","tier":"service","placement":"underground","from":"water-T-169","to":"water-N-P-00077","lengthM":7.24,"sizeMm":19,"diameterIn":0.75,"nominalLabel":"3/4\" copper","depthM":1.7,"zone":0}},{"type":"Feature","id":"water-E692","geometry":{"type":"LineString","coordinates":[[-78.9414342,43.8686141],[-78.9414936,43.8686006],[-78.941498,43.8685807]]},"properties":{"kind":"service","tier":"service","placement":"underground","from":"water-T-170","to":"water-N-P-00078","lengthM":7.24,"sizeMm":19,"diameterIn":0.75,"nominalLabel":"3/4\" copper","depthM":1.7,"zone":0}},{"type":"Feature","id":"water-E693","geometry":{"type":"LineString","coordinates":[[-78.9409022,43.8693445],[-78.9409527,43.8694649],[-78.9409324,43.8694787]]},"properties":{"kind":"service","tier":"service","placement":"underground","from":"water-T-171","to":"water-N-P-00079","lengthM":16.24,"sizeMm":25,"diameterIn":0.98,"nominalLabel":"1\" copper","depthM":1.7,"zone":0}},{"type":"Feature","id":"water-E694","geometry":{"type":"LineString","coordinates":[[-78.9406662,43.8693959],[-78.9407166,43.8695163],[-78.9406964,43.8695301]]},"properties":{"kind":"service","tier":"service","placement":"underground","from":"water-T-172","to":"water-N-P-00080","lengthM":16.23,"sizeMm":19,"diameterIn":0.75,"nominalLabel":"3/4\" copper","depthM":1.7,"zone":0}},{"type":"Feature","id":"water-E695","geometry":{"type":"LineString","coordinates":[[-78.9409178,43.8693411],[-78.9408998,43.8692981],[-78.9408723,43.8692947]]},"properties":{"kind":"service","tier":"service","placement":"underground","from":"water-T-173","to":"water-N-P-00081","lengthM":7.24,"sizeMm":19,"diameterIn":0.75,"nominalLabel":"3/4\" copper","depthM":1.7,"zone":0}},{"type":"Feature","id":"water-E696","geometry":{"type":"LineString","coordinates":[[-78.9406714,43.8693948],[-78.9406534,43.8693518],[-78.9406259,43.8693483]]},"properties":{"kind":"service","tier":"service","placement":"underground","from":"water-T-174","to":"water-N-P-00082","lengthM":7.24,"sizeMm":19,"diameterIn":0.75,"nominalLabel":"3/4\" copper","depthM":1.7,"zone":0}},{"type":"Feature","id":"water-E697","geometry":{"type":"LineString","coordinates":[[-78.9414936,43.8717883],[-78.9413268,43.8718253],[-78.9413076,43.8718107]]},"properties":{"kind":"service","tier":"service","placement":"underground","from":"water-T-175","to":"water-N-P-00083","lengthM":16.24,"sizeMm":25,"diameterIn":0.98,"nominalLabel":"1\" copper","depthM":1.7,"zone":0}},{"type":"Feature","id":"water-E698","geometry":{"type":"LineString","coordinates":[[-78.9414314,43.8716426],[-78.9412646,43.8716797],[-78.9412454,43.8716651]]},"properties":{"kind":"service","tier":"service","placement":"underground","from":"water-T-176","to":"water-N-P-00084","lengthM":16.24,"sizeMm":25,"diameterIn":0.98,"nominalLabel":"1\" copper","depthM":1.7,"zone":0}},{"type":"Feature","id":"water-E699","geometry":{"type":"LineString","coordinates":[[-78.9413713,43.871502],[-78.9412046,43.8715391],[-78.9411853,43.8715245]]},"properties":{"kind":"service","tier":"service","placement":"underground","from":"water-T-177","to":"water-N-P-00085","lengthM":16.24,"sizeMm":25,"diameterIn":0.98,"nominalLabel":"1\" copper","depthM":1.7,"zone":0}},{"type":"Feature","id":"water-E700","geometry":{"type":"LineString","coordinates":[[-78.9413065,43.8713503],[-78.9411398,43.8713873],[-78.9411205,43.8713728]]},"properties":{"kind":"service","tier":"service","placement":"underground","from":"water-T-178","to":"water-N-P-00086","lengthM":16.24,"sizeMm":19,"diameterIn":0.75,"nominalLabel":"3/4\" copper","depthM":1.7,"zone":0}},{"type":"Feature","id":"water-E701","geometry":{"type":"LineString","coordinates":[[-78.9412438,43.8712036],[-78.9410771,43.8712406],[-78.9410578,43.8712261]]},"properties":{"kind":"service","tier":"service","placement":"underground","from":"water-T-179","to":"water-N-P-00087","lengthM":16.24,"sizeMm":25,"diameterIn":0.98,"nominalLabel":"1\" copper","depthM":1.7,"zone":0}},{"type":"Feature","id":"water-E702","geometry":{"type":"LineString","coordinates":[[-78.9414333,43.8716472],[-78.9414929,43.871634],[-78.9414974,43.8716142]]},"properties":{"kind":"service","tier":"service","placement":"underground","from":"water-T-180","to":"water-N-P-00088","lengthM":7.24,"sizeMm":25,"diameterIn":0.98,"nominalLabel":"1\" copper","depthM":1.7,"zone":0}},{"type":"Feature","id":"water-E703","geometry":{"type":"LineString","coordinates":[[-78.9413693,43.8714975],[-78.9414289,43.8714843],[-78.9414335,43.8714644]]},"properties":{"kind":"service","tier":"service","placement":"underground","from":"water-T-181","to":"water-N-P-00089","lengthM":7.24,"sizeMm":19,"diameterIn":0.75,"nominalLabel":"3/4\" copper","depthM":1.7,"zone":0}},{"type":"Feature","id":"water-E704","geometry":{"type":"LineString","coordinates":[[-78.9413048,43.8713464],[-78.9413644,43.8713332],[-78.9413689,43.8713134]]},"properties":{"kind":"service","tier":"service","placement":"underground","from":"water-T-182","to":"water-N-P-00090","lengthM":7.24,"sizeMm":19,"diameterIn":0.75,"nominalLabel":"3/4\" copper","depthM":1.7,"zone":0}},{"type":"Feature","id":"water-E705","geometry":{"type":"LineString","coordinates":[[-78.9412437,43.8712032],[-78.9413032,43.87119],[-78.9413078,43.8711702]]},"properties":{"kind":"service","tier":"service","placement":"underground","from":"water-T-183","to":"water-N-P-00091","lengthM":7.24,"sizeMm":19,"diameterIn":0.75,"nominalLabel":"3/4\" copper","depthM":1.7,"zone":0}},{"type":"Feature","id":"water-E706","geometry":{"type":"LineString","coordinates":[[-78.9409399,43.8721866],[-78.9409216,43.8721437],[-78.9408941,43.8721404]]},"properties":{"kind":"service","tier":"service","placement":"underground","from":"water-T-184","to":"water-N-P-00092","lengthM":7.24,"sizeMm":25,"diameterIn":0.98,"nominalLabel":"1\" copper","depthM":1.7,"zone":0}},{"type":"Feature","id":"water-E707","geometry":{"type":"LineString","coordinates":[[-78.9407299,43.8722332],[-78.9407115,43.8721902],[-78.9406841,43.8721869]]},"properties":{"kind":"service","tier":"service","placement":"underground","from":"water-T-185","to":"water-N-P-00093","lengthM":7.24,"sizeMm":25,"diameterIn":0.98,"nominalLabel":"1\" copper","depthM":1.7,"zone":0}},{"type":"Feature","id":"water-E708","geometry":{"type":"LineString","coordinates":[[-78.9405213,43.8722794],[-78.9405029,43.8722363],[-78.9404754,43.8722329]]},"properties":{"kind":"service","tier":"service","placement":"underground","from":"water-T-186","to":"water-N-P-00094","lengthM":7.26,"sizeMm":25,"diameterIn":0.98,"nominalLabel":"1\" copper","depthM":1.7,"zone":0}},{"type":"Feature","id":"water-E709","geometry":{"type":"LineString","coordinates":[[-78.941176,43.8680316],[-78.9410095,43.8680691],[-78.9409902,43.8680546]]},"properties":{"kind":"service","tier":"service","placement":"underground","from":"water-T-187","to":"water-N-P-00095","lengthM":16.24,"sizeMm":25,"diameterIn":0.98,"nominalLabel":"1\" copper","depthM":1.7,"zone":0}},{"type":"Feature","id":"water-E710","geometry":{"type":"LineString","coordinates":[[-78.9411106,43.8678806],[-78.9409441,43.8679181],[-78.9409247,43.8679037]]},"properties":{"kind":"service","tier":"service","placement":"underground","from":"water-T-188","to":"water-N-P-00096","lengthM":16.24,"sizeMm":19,"diameterIn":0.75,"nominalLabel":"3/4\" copper","depthM":1.7,"zone":0}},{"type":"Feature","id":"water-E711","geometry":{"type":"LineString","coordinates":[[-78.9410433,43.8677253],[-78.9408767,43.8677628],[-78.9408574,43.8677483]]},"properties":{"kind":"service","tier":"service","placement":"underground","from":"water-T-189","to":"water-N-P-00097","lengthM":16.24,"sizeMm":25,"diameterIn":0.98,"nominalLabel":"1\" copper","depthM":1.7,"zone":0}},{"type":"Feature","id":"water-E712","geometry":{"type":"LineString","coordinates":[[-78.9409797,43.8675786],[-78.9408132,43.8676161],[-78.9407938,43.8676016]]},"properties":{"kind":"service","tier":"service","placement":"underground","from":"water-T-190","to":"water-N-P-00098","lengthM":16.24,"sizeMm":25,"diameterIn":0.98,"nominalLabel":"1\" copper","depthM":1.7,"zone":0}},{"type":"Feature","id":"water-E713","geometry":{"type":"LineString","coordinates":[[-78.9409183,43.867437],[-78.9407518,43.8674745],[-78.9407325,43.86746]]},"properties":{"kind":"service","tier":"service","placement":"underground","from":"water-T-191","to":"water-N-P-00099","lengthM":16.24,"sizeMm":25,"diameterIn":0.98,"nominalLabel":"1\" copper","depthM":1.7,"zone":0}},{"type":"Feature","id":"water-E714","geometry":{"type":"LineString","coordinates":[[-78.9408555,43.8672921],[-78.940689,43.8673296],[-78.9406697,43.8673151]]},"properties":{"kind":"service","tier":"service","placement":"underground","from":"water-T-192","to":"water-N-P-00100","lengthM":16.24,"sizeMm":19,"diameterIn":0.75,"nominalLabel":"3/4\" copper","depthM":1.7,"zone":0}},{"type":"Feature","id":"water-E715","geometry":{"type":"LineString","coordinates":[[-78.9407918,43.867145],[-78.9406253,43.8671825],[-78.9406059,43.867168]]},"properties":{"kind":"service","tier":"service","placement":"underground","from":"water-T-193","to":"water-N-P-00101","lengthM":16.24,"sizeMm":19,"diameterIn":0.75,"nominalLabel":"3/4\" copper","depthM":1.7,"zone":0}},{"type":"Feature","id":"water-E716","geometry":{"type":"LineString","coordinates":[[-78.941048,43.8677362],[-78.9411075,43.8677228],[-78.9411119,43.867703]]},"properties":{"kind":"service","tier":"service","placement":"underground","from":"water-T-194","to":"water-N-P-00102","lengthM":7.24,"sizeMm":19,"diameterIn":0.75,"nominalLabel":"3/4\" copper","depthM":1.7,"zone":0}},{"type":"Feature","id":"water-E717","geometry":{"type":"LineString","coordinates":[[-78.9409872,43.867596],[-78.9410467,43.8675826],[-78.9410512,43.8675628]]},"properties":{"kind":"service","tier":"service","placement":"underground","from":"water-T-195","to":"water-N-P-00103","lengthM":7.24,"sizeMm":19,"diameterIn":0.75,"nominalLabel":"3/4\" copper","depthM":1.7,"zone":0}},{"type":"Feature","id":"water-E718","geometry":{"type":"LineString","coordinates":[[-78.9409212,43.8674437],[-78.9409807,43.8674303],[-78.9409852,43.8674105]]},"properties":{"kind":"service","tier":"service","placement":"underground","from":"water-T-196","to":"water-N-P-00104","lengthM":7.24,"sizeMm":25,"diameterIn":0.98,"nominalLabel":"1\" copper","depthM":1.7,"zone":0}},{"type":"Feature","id":"water-E719","geometry":{"type":"LineString","coordinates":[[-78.9408546,43.86729],[-78.9409141,43.8672766],[-78.9409186,43.8672568]]},"properties":{"kind":"service","tier":"service","placement":"underground","from":"water-T-197","to":"water-N-P-00105","lengthM":7.24,"sizeMm":19,"diameterIn":0.75,"nominalLabel":"3/4\" copper","depthM":1.7,"zone":0}},{"type":"Feature","id":"water-E720","geometry":{"type":"LineString","coordinates":[[-78.9407922,43.867146],[-78.9408517,43.8671326],[-78.9408562,43.8671128]]},"properties":{"kind":"service","tier":"service","placement":"underground","from":"water-T-198","to":"water-N-P-00106","lengthM":7.24,"sizeMm":19,"diameterIn":0.75,"nominalLabel":"3/4\" copper","depthM":1.7,"zone":0}},{"type":"Feature","id":"water-E721","geometry":{"type":"LineString","coordinates":[[-78.9404569,43.8683164],[-78.9405106,43.868436],[-78.9404907,43.8684501]]},"properties":{"kind":"service","tier":"service","placement":"underground","from":"water-T-199","to":"water-N-P-00107","lengthM":16.24,"sizeMm":19,"diameterIn":0.75,"nominalLabel":"3/4\" copper","depthM":1.7,"zone":0}},{"type":"Feature","id":"water-E722","geometry":{"type":"LineString","coordinates":[[-78.9402095,43.8683741],[-78.9402632,43.8684938],[-78.9402433,43.8685078]]},"properties":{"kind":"service","tier":"service","placement":"underground","from":"water-T-200","to":"water-N-P-00108","lengthM":16.24,"sizeMm":19,"diameterIn":0.75,"nominalLabel":"3/4\" copper","depthM":1.7,"zone":0}},{"type":"Feature","id":"water-E723","geometry":{"type":"LineString","coordinates":[[-78.9404504,43.8683179],[-78.9404312,43.8682752],[-78.9404037,43.8682722]]},"properties":{"kind":"service","tier":"service","placement":"underground","from":"water-T-201","to":"water-N-P-00109","lengthM":7.24,"sizeMm":19,"diameterIn":0.75,"nominalLabel":"3/4\" copper","depthM":1.7,"zone":0}},{"type":"Feature","id":"water-E724","geometry":{"type":"LineString","coordinates":[[-78.940215,43.8683728],[-78.9401958,43.8683301],[-78.9401683,43.8683271]]},"properties":{"kind":"service","tier":"service","placement":"underground","from":"water-T-202","to":"water-N-P-00110","lengthM":7.24,"sizeMm":19,"diameterIn":0.75,"nominalLabel":"3/4\" copper","depthM":1.7,"zone":0}},{"type":"Feature","id":"water-E725","geometry":{"type":"LineString","coordinates":[[-78.9411185,43.8709061],[-78.9409515,43.8709424],[-78.9409324,43.8709278]]},"properties":{"kind":"service","tier":"service","placement":"underground","from":"water-T-203","to":"water-N-P-00111","lengthM":16.24,"sizeMm":19,"diameterIn":0.75,"nominalLabel":"3/4\" copper","depthM":1.7,"zone":0}},{"type":"Feature","id":"water-E726","geometry":{"type":"LineString","coordinates":[[-78.9410511,43.8707448],[-78.9408841,43.8707811],[-78.940865,43.8707665]]},"properties":{"kind":"service","tier":"service","placement":"underground","from":"water-T-204","to":"water-N-P-00112","lengthM":16.24,"sizeMm":25,"diameterIn":0.98,"nominalLabel":"1\" copper","depthM":1.7,"zone":0}},{"type":"Feature","id":"water-E727","geometry":{"type":"LineString","coordinates":[[-78.9409815,43.8705784],[-78.9408145,43.8706147],[-78.9407954,43.8706001]]},"properties":{"kind":"service","tier":"service","placement":"underground","from":"water-T-205","to":"water-N-P-00113","lengthM":16.24,"sizeMm":25,"diameterIn":0.98,"nominalLabel":"1\" copper","depthM":1.7,"zone":0}},{"type":"Feature","id":"water-E728","geometry":{"type":"LineString","coordinates":[[-78.9409132,43.870415],[-78.9407462,43.8704513],[-78.9407271,43.8704367]]},"properties":{"kind":"service","tier":"service","placement":"underground","from":"water-T-206","to":"water-N-P-00114","lengthM":16.24,"sizeMm":19,"diameterIn":0.75,"nominalLabel":"3/4\" copper","depthM":1.7,"zone":0}},{"type":"Feature","id":"water-E729","geometry":{"type":"LineString","coordinates":[[-78.940847,43.8702567],[-78.94068,43.870293],[-78.9406609,43.8702784]]},"properties":{"kind":"service","tier":"service","placement":"underground","from":"water-T-207","to":"water-N-P-00115","lengthM":16.24,"sizeMm":19,"diameterIn":0.75,"nominalLabel":"3/4\" copper","depthM":1.7,"zone":0}},{"type":"Feature","id":"water-E730","geometry":{"type":"LineString","coordinates":[[-78.9407282,43.8700722],[-78.9406149,43.8701373],[-78.9405957,43.8701226]]},"properties":{"kind":"service","tier":"service","placement":"underground","from":"water-T-208","to":"water-N-P-00116","lengthM":13.86,"sizeMm":25,"diameterIn":0.98,"nominalLabel":"1\" copper","depthM":1.7,"zone":0}},{"type":"Feature","id":"water-E731","geometry":{"type":"LineString","coordinates":[[-78.9407139,43.8699384],[-78.9405469,43.8699747],[-78.9405278,43.8699601]]},"properties":{"kind":"service","tier":"service","placement":"underground","from":"water-T-209","to":"water-N-P-00117","lengthM":16.24,"sizeMm":19,"diameterIn":0.75,"nominalLabel":"3/4\" copper","depthM":1.7,"zone":0}},{"type":"Feature","id":"water-E732","geometry":{"type":"LineString","coordinates":[[-78.9411154,43.8708986],[-78.9411751,43.8708856],[-78.9411798,43.8708658]]},"properties":{"kind":"service","tier":"service","placement":"underground","from":"water-T-210","to":"water-N-P-00118","lengthM":7.24,"sizeMm":25,"diameterIn":0.98,"nominalLabel":"1\" copper","depthM":1.7,"zone":0}},{"type":"Feature","id":"water-E733","geometry":{"type":"LineString","coordinates":[[-78.9410494,43.8707408],[-78.9411091,43.8707278],[-78.9411138,43.870708]]},"properties":{"kind":"service","tier":"service","placement":"underground","from":"water-T-211","to":"water-N-P-00119","lengthM":7.24,"sizeMm":25,"diameterIn":0.98,"nominalLabel":"1\" copper","depthM":1.7,"zone":0}},{"type":"Feature","id":"water-E734","geometry":{"type":"LineString","coordinates":[[-78.9409277,43.8705497],[-78.9410412,43.8705654],[-78.9410459,43.8705456]]},"properties":{"kind":"service","tier":"service","placement":"underground","from":"water-T-212","to":"water-N-P-00120","lengthM":11.51,"sizeMm":19,"diameterIn":0.75,"nominalLabel":"3/4\" copper","depthM":1.7,"zone":0}},{"type":"Feature","id":"water-E735","geometry":{"type":"LineString","coordinates":[[-78.9409139,43.8704167],[-78.9409736,43.8704038],[-78.9409783,43.870384]]},"properties":{"kind":"service","tier":"service","placement":"underground","from":"water-T-213","to":"water-N-P-00121","lengthM":7.24,"sizeMm":25,"diameterIn":0.98,"nominalLabel":"1\" copper","depthM":1.7,"zone":0}},{"type":"Feature","id":"water-E736","geometry":{"type":"LineString","coordinates":[[-78.9408498,43.8702634],[-78.9409095,43.8702505],[-78.9409142,43.8702307]]},"properties":{"kind":"service","tier":"service","placement":"underground","from":"water-T-214","to":"water-N-P-00122","lengthM":7.24,"sizeMm":25,"diameterIn":0.98,"nominalLabel":"1\" copper","depthM":1.7,"zone":0}},{"type":"Feature","id":"water-E737","geometry":{"type":"LineString","coordinates":[[-78.9407819,43.8701009],[-78.9408415,43.8700879],[-78.9408463,43.8700681]]},"properties":{"kind":"service","tier":"service","placement":"underground","from":"water-T-215","to":"water-N-P-00123","lengthM":7.24,"sizeMm":19,"diameterIn":0.75,"nominalLabel":"3/4\" copper","depthM":1.7,"zone":0}},{"type":"Feature","id":"water-E738","geometry":{"type":"LineString","coordinates":[[-78.9407134,43.8699371],[-78.940773,43.8699241],[-78.9407778,43.8699043]]},"properties":{"kind":"service","tier":"service","placement":"underground","from":"water-T-216","to":"water-N-P-00124","lengthM":7.24,"sizeMm":25,"diameterIn":0.98,"nominalLabel":"1\" copper","depthM":1.7,"zone":0}},{"type":"Feature","id":"water-E739","geometry":{"type":"LineString","coordinates":[[-78.9404917,43.8711718],[-78.9405508,43.8713091],[-78.9405307,43.871323]]},"properties":{"kind":"service","tier":"service","placement":"underground","from":"water-T-217","to":"water-N-P-00125","lengthM":18.24,"sizeMm":25,"diameterIn":0.98,"nominalLabel":"1\" copper","depthM":1.7,"zone":0}},{"type":"Feature","id":"water-E740","geometry":{"type":"LineString","coordinates":[[-78.9404913,43.8711719],[-78.9404654,43.8711119],[-78.9404379,43.8711086]]},"properties":{"kind":"service","tier":"service","placement":"underground","from":"water-T-218","to":"water-N-P-00126","lengthM":9.24,"sizeMm":19,"diameterIn":0.75,"nominalLabel":"3/4\" copper","depthM":1.7,"zone":0}},{"type":"Feature","id":"water-E741","geometry":{"type":"LineString","coordinates":[[-78.9405787,43.8696238],[-78.9404125,43.8696621],[-78.940393,43.8696477]]},"properties":{"kind":"service","tier":"service","placement":"underground","from":"water-T-219","to":"water-N-P-00127","lengthM":16.24,"sizeMm":25,"diameterIn":0.98,"nominalLabel":"1\" copper","depthM":1.7,"zone":0}},{"type":"Feature","id":"water-E742","geometry":{"type":"LineString","coordinates":[[-78.9399696,43.8698861],[-78.9400204,43.8700064],[-78.9400002,43.8700202]]},"properties":{"kind":"service","tier":"service","placement":"underground","from":"water-T-220","to":"water-N-P-00128","lengthM":16.24,"sizeMm":19,"diameterIn":0.75,"nominalLabel":"3/4\" copper","depthM":1.7,"zone":0}},{"type":"Feature","id":"water-E743","geometry":{"type":"LineString","coordinates":[[-78.9397634,43.8699313],[-78.9398142,43.8700516],[-78.939794,43.8700654]]},"properties":{"kind":"service","tier":"service","placement":"underground","from":"water-T-221","to":"water-N-P-00129","lengthM":16.24,"sizeMm":19,"diameterIn":0.75,"nominalLabel":"3/4\" copper","depthM":1.7,"zone":0}},{"type":"Feature","id":"water-E744","geometry":{"type":"LineString","coordinates":[[-78.9395537,43.8699773],[-78.9396045,43.8700976],[-78.9395843,43.8701115]]},"properties":{"kind":"service","tier":"service","placement":"underground","from":"water-T-222","to":"water-N-P-00130","lengthM":16.24,"sizeMm":19,"diameterIn":0.75,"nominalLabel":"3/4\" copper","depthM":1.7,"zone":0}},{"type":"Feature","id":"water-E745","geometry":{"type":"LineString","coordinates":[[-78.9399486,43.8698906],[-78.9399305,43.8698477],[-78.939903,43.8698443]]},"properties":{"kind":"service","tier":"service","placement":"underground","from":"water-T-223","to":"water-N-P-00131","lengthM":7.24,"sizeMm":25,"diameterIn":0.98,"nominalLabel":"1\" copper","depthM":1.7,"zone":0}},{"type":"Feature","id":"water-E746","geometry":{"type":"LineString","coordinates":[[-78.9397344,43.8699376],[-78.9397163,43.8698947],[-78.9396888,43.8698913]]},"properties":{"kind":"service","tier":"service","placement":"underground","from":"water-T-224","to":"water-N-P-00132","lengthM":7.24,"sizeMm":19,"diameterIn":0.75,"nominalLabel":"3/4\" copper","depthM":1.7,"zone":0}},{"type":"Feature","id":"water-E747","geometry":{"type":"LineString","coordinates":[[-78.9395365,43.8699811],[-78.9395184,43.8699381],[-78.9394909,43.8699348]]},"properties":{"kind":"service","tier":"service","placement":"underground","from":"water-T-225","to":"water-N-P-00133","lengthM":7.23,"sizeMm":25,"diameterIn":0.98,"nominalLabel":"1\" copper","depthM":1.7,"zone":0}},{"type":"Feature","id":"water-E748","geometry":{"type":"LineString","coordinates":[[-78.9404461,43.8693245],[-78.9402799,43.8693627],[-78.9402604,43.8693483]]},"properties":{"kind":"service","tier":"service","placement":"underground","from":"water-T-226","to":"water-N-P-00134","lengthM":16.24,"sizeMm":19,"diameterIn":0.75,"nominalLabel":"3/4\" copper","depthM":1.7,"zone":0}},{"type":"Feature","id":"water-E749","geometry":{"type":"LineString","coordinates":[[-78.9403801,43.8691753],[-78.9402139,43.8692135],[-78.9401944,43.8691991]]},"properties":{"kind":"service","tier":"service","placement":"underground","from":"water-T-227","to":"water-N-P-00135","lengthM":16.24,"sizeMm":19,"diameterIn":0.75,"nominalLabel":"3/4\" copper","depthM":1.7,"zone":0}},{"type":"Feature","id":"water-E750","geometry":{"type":"LineString","coordinates":[[-78.9403164,43.8690311],[-78.9401501,43.8690693],[-78.9401307,43.8690549]]},"properties":{"kind":"service","tier":"service","placement":"underground","from":"water-T-228","to":"water-N-P-00136","lengthM":16.24,"sizeMm":25,"diameterIn":0.98,"nominalLabel":"1\" copper","depthM":1.7,"zone":0}},{"type":"Feature","id":"water-E751","geometry":{"type":"LineString","coordinates":[[-78.9402545,43.8688912],[-78.9400883,43.8689294],[-78.9400688,43.868915]]},"properties":{"kind":"service","tier":"service","placement":"underground","from":"water-T-229","to":"water-N-P-00137","lengthM":16.24,"sizeMm":19,"diameterIn":0.75,"nominalLabel":"3/4\" copper","depthM":1.7,"zone":0}},{"type":"Feature","id":"water-E752","geometry":{"type":"LineString","coordinates":[[-78.94019,43.8687455],[-78.9400238,43.8687836],[-78.9400044,43.8687693]]},"properties":{"kind":"service","tier":"service","placement":"underground","from":"water-T-230","to":"water-N-P-00138","lengthM":16.24,"sizeMm":19,"diameterIn":0.75,"nominalLabel":"3/4\" copper","depthM":1.7,"zone":0}},{"type":"Feature","id":"water-E753","geometry":{"type":"LineString","coordinates":[[-78.9401265,43.8686018],[-78.9399603,43.86864],[-78.9399409,43.8686256]]},"properties":{"kind":"service","tier":"service","placement":"underground","from":"water-T-231","to":"water-N-P-00139","lengthM":16.24,"sizeMm":19,"diameterIn":0.75,"nominalLabel":"3/4\" copper","depthM":1.7,"zone":0}},{"type":"Feature","id":"water-E754","geometry":{"type":"LineString","coordinates":[[-78.9403167,43.8690319],[-78.9403761,43.8690182],[-78.9403804,43.8689984]]},"properties":{"kind":"service","tier":"service","placement":"underground","from":"water-T-232","to":"water-N-P-00140","lengthM":7.24,"sizeMm":19,"diameterIn":0.75,"nominalLabel":"3/4\" copper","depthM":1.7,"zone":0}},{"type":"Feature","id":"water-E755","geometry":{"type":"LineString","coordinates":[[-78.9402547,43.8688916],[-78.9403141,43.868878],[-78.9403184,43.8688582]]},"properties":{"kind":"service","tier":"service","placement":"underground","from":"water-T-233","to":"water-N-P-00141","lengthM":7.24,"sizeMm":19,"diameterIn":0.75,"nominalLabel":"3/4\" copper","depthM":1.7,"zone":0}},{"type":"Feature","id":"water-E756","geometry":{"type":"LineString","coordinates":[[-78.9403253,43.8721988],[-78.9401582,43.8722369],[-78.940139,43.8722224]]},"properties":{"kind":"service","tier":"service","placement":"underground","from":"water-T-234","to":"water-N-P-00142","lengthM":16.3,"sizeMm":25,"diameterIn":0.98,"nominalLabel":"1\" copper","depthM":1.7,"zone":0}},{"type":"Feature","id":"water-E757","geometry":{"type":"LineString","coordinates":[[-78.9402627,43.8720564],[-78.9400964,43.8720943],[-78.940077,43.8720799]]},"properties":{"kind":"service","tier":"service","placement":"underground","from":"water-T-235","to":"water-N-P-00143","lengthM":16.24,"sizeMm":19,"diameterIn":0.75,"nominalLabel":"3/4\" copper","depthM":1.7,"zone":0}},{"type":"Feature","id":"water-E758","geometry":{"type":"LineString","coordinates":[[-78.9401985,43.8719104],[-78.9400322,43.8719484],[-78.9400128,43.871934]]},"properties":{"kind":"service","tier":"service","placement":"underground","from":"water-T-236","to":"water-N-P-00144","lengthM":16.24,"sizeMm":25,"diameterIn":0.98,"nominalLabel":"1\" copper","depthM":1.7,"zone":0}},{"type":"Feature","id":"water-E759","geometry":{"type":"LineString","coordinates":[[-78.9401358,43.8717676],[-78.9399695,43.8718056],[-78.9399501,43.8717912]]},"properties":{"kind":"service","tier":"service","placement":"underground","from":"water-T-237","to":"water-N-P-00145","lengthM":16.24,"sizeMm":19,"diameterIn":0.75,"nominalLabel":"3/4\" copper","depthM":1.7,"zone":0}},{"type":"Feature","id":"water-E760","geometry":{"type":"LineString","coordinates":[[-78.9400756,43.8716307],[-78.9399093,43.8716687],[-78.9398899,43.8716543]]},"properties":{"kind":"service","tier":"service","placement":"underground","from":"water-T-238","to":"water-N-P-00146","lengthM":16.24,"sizeMm":19,"diameterIn":0.75,"nominalLabel":"3/4\" copper","depthM":1.7,"zone":0}},{"type":"Feature","id":"water-E761","geometry":{"type":"LineString","coordinates":[[-78.9400125,43.8714871],[-78.9398459,43.8715252],[-78.9398265,43.8715108]]},"properties":{"kind":"service","tier":"service","placement":"underground","from":"water-T-239","to":"water-N-P-00147","lengthM":16.26,"sizeMm":25,"diameterIn":0.98,"nominalLabel":"1\" copper","depthM":1.7,"zone":0}},{"type":"Feature","id":"water-E762","geometry":{"type":"LineString","coordinates":[[-78.9401977,43.8719086],[-78.9402571,43.871895],[-78.9402615,43.8718752]]},"properties":{"kind":"service","tier":"service","placement":"underground","from":"water-T-240","to":"water-N-P-00148","lengthM":7.24,"sizeMm":19,"diameterIn":0.75,"nominalLabel":"3/4\" copper","depthM":1.7,"zone":0}},{"type":"Feature","id":"water-E763","geometry":{"type":"LineString","coordinates":[[-78.9401359,43.8717678],[-78.9401953,43.8717542],[-78.9401996,43.8717344]]},"properties":{"kind":"service","tier":"service","placement":"underground","from":"water-T-241","to":"water-N-P-00149","lengthM":7.24,"sizeMm":19,"diameterIn":0.75,"nominalLabel":"3/4\" copper","depthM":1.7,"zone":0}},{"type":"Feature","id":"water-E764","geometry":{"type":"LineString","coordinates":[[-78.9400736,43.8716262],[-78.940133,43.8716127],[-78.9401374,43.8715928]]},"properties":{"kind":"service","tier":"service","placement":"underground","from":"water-T-242","to":"water-N-P-00150","lengthM":7.24,"sizeMm":25,"diameterIn":0.98,"nominalLabel":"1\" copper","depthM":1.7,"zone":0}},{"type":"Feature","id":"water-E765","geometry":{"type":"LineString","coordinates":[[-78.9400123,43.8714866],[-78.9400713,43.8714731],[-78.9400756,43.8714532]]},"properties":{"kind":"service","tier":"service","placement":"underground","from":"water-T-243","to":"water-N-P-00151","lengthM":7.21,"sizeMm":25,"diameterIn":0.98,"nominalLabel":"1\" copper","depthM":1.7,"zone":0}},{"type":"Feature","id":"water-E766","geometry":{"type":"LineString","coordinates":[[-78.9392538,43.8685994],[-78.9393052,43.8687196],[-78.939285,43.8687335]]},"properties":{"kind":"service","tier":"service","placement":"underground","from":"water-T-244","to":"water-N-P-00152","lengthM":16.24,"sizeMm":19,"diameterIn":0.75,"nominalLabel":"3/4\" copper","depthM":1.7,"zone":0}},{"type":"Feature","id":"water-E767","geometry":{"type":"LineString","coordinates":[[-78.9390029,43.8686551],[-78.9390542,43.8687753],[-78.9390341,43.8687892]]},"properties":{"kind":"service","tier":"service","placement":"underground","from":"water-T-245","to":"water-N-P-00153","lengthM":16.24,"sizeMm":19,"diameterIn":0.75,"nominalLabel":"3/4\" copper","depthM":1.7,"zone":0}},{"type":"Feature","id":"water-E768","geometry":{"type":"LineString","coordinates":[[-78.9397648,43.8684795],[-78.9397451,43.8684369],[-78.9397175,43.868434]]},"properties":{"kind":"service","tier":"service","placement":"underground","from":"water-T-246","to":"water-N-P-00154","lengthM":7.24,"sizeMm":25,"diameterIn":0.98,"nominalLabel":"1\" copper","depthM":1.7,"zone":0}},{"type":"Feature","id":"water-E769","geometry":{"type":"LineString","coordinates":[[-78.9395179,43.8685388],[-78.9394981,43.868496],[-78.9394706,43.8684932]]},"properties":{"kind":"service","tier":"service","placement":"underground","from":"water-T-247","to":"water-N-P-00155","lengthM":7.26,"sizeMm":19,"diameterIn":0.75,"nominalLabel":"3/4\" copper","depthM":1.7,"zone":0}},{"type":"Feature","id":"water-E770","geometry":{"type":"LineString","coordinates":[[-78.939258,43.8685985],[-78.9392397,43.8685556],[-78.9392122,43.8685523]]},"properties":{"kind":"service","tier":"service","placement":"underground","from":"water-T-248","to":"water-N-P-00156","lengthM":7.24,"sizeMm":25,"diameterIn":0.98,"nominalLabel":"1\" copper","depthM":1.7,"zone":0}},{"type":"Feature","id":"water-E771","geometry":{"type":"LineString","coordinates":[[-78.9390035,43.868655],[-78.9389852,43.8686121],[-78.9389577,43.8686088]]},"properties":{"kind":"service","tier":"service","placement":"underground","from":"water-T-249","to":"water-N-P-00157","lengthM":7.24,"sizeMm":25,"diameterIn":0.98,"nominalLabel":"1\" copper","depthM":1.7,"zone":0}},{"type":"Feature","id":"water-E772","geometry":{"type":"LineString","coordinates":[[-78.9398557,43.8679778],[-78.9396892,43.8680154],[-78.9396698,43.8680009]]},"properties":{"kind":"service","tier":"service","placement":"underground","from":"water-T-250","to":"water-N-P-00158","lengthM":16.24,"sizeMm":25,"diameterIn":0.98,"nominalLabel":"1\" copper","depthM":1.7,"zone":0}},{"type":"Feature","id":"water-E773","geometry":{"type":"LineString","coordinates":[[-78.9397828,43.8678097],[-78.9396163,43.8678473],[-78.9395969,43.8678328]]},"properties":{"kind":"service","tier":"service","placement":"underground","from":"water-T-251","to":"water-N-P-00159","lengthM":16.24,"sizeMm":19,"diameterIn":0.75,"nominalLabel":"3/4\" copper","depthM":1.7,"zone":0}},{"type":"Feature","id":"water-E774","geometry":{"type":"LineString","coordinates":[[-78.9397158,43.8676553],[-78.9395493,43.8676928],[-78.93953,43.8676784]]},"properties":{"kind":"service","tier":"service","placement":"underground","from":"water-T-252","to":"water-N-P-00160","lengthM":16.24,"sizeMm":19,"diameterIn":0.75,"nominalLabel":"3/4\" copper","depthM":1.7,"zone":0}},{"type":"Feature","id":"water-E775","geometry":{"type":"LineString","coordinates":[[-78.9396478,43.8674985],[-78.9394813,43.867536],[-78.939462,43.8675216]]},"properties":{"kind":"service","tier":"service","placement":"underground","from":"water-T-253","to":"water-N-P-00161","lengthM":16.24,"sizeMm":19,"diameterIn":0.75,"nominalLabel":"3/4\" copper","depthM":1.7,"zone":0}},{"type":"Feature","id":"water-E776","geometry":{"type":"LineString","coordinates":[[-78.9395777,43.8673369],[-78.9394112,43.8673744],[-78.9393918,43.86736]]},"properties":{"kind":"service","tier":"service","placement":"underground","from":"water-T-254","to":"water-N-P-00162","lengthM":16.24,"sizeMm":19,"diameterIn":0.75,"nominalLabel":"3/4\" copper","depthM":1.7,"zone":0}},{"type":"Feature","id":"water-E777","geometry":{"type":"LineString","coordinates":[[-78.9395112,43.8671837],[-78.9393447,43.8672212],[-78.9393254,43.8672068]]},"properties":{"kind":"service","tier":"service","placement":"underground","from":"water-T-255","to":"water-N-P-00163","lengthM":16.24,"sizeMm":19,"diameterIn":0.75,"nominalLabel":"3/4\" copper","depthM":1.7,"zone":0}},{"type":"Feature","id":"water-E778","geometry":{"type":"LineString","coordinates":[[-78.939445,43.8670311],[-78.9392785,43.8670687],[-78.9392592,43.8670542]]},"properties":{"kind":"service","tier":"service","placement":"underground","from":"water-T-256","to":"water-N-P-00164","lengthM":16.24,"sizeMm":19,"diameterIn":0.75,"nominalLabel":"3/4\" copper","depthM":1.7,"zone":0}},{"type":"Feature","id":"water-E779","geometry":{"type":"LineString","coordinates":[[-78.9388944,43.8668518],[-78.9388901,43.8669811],[-78.9388653,43.8669904]]},"properties":{"kind":"service","tier":"service","placement":"underground","from":"water-T-257","to":"water-N-P-00165","lengthM":16.63,"sizeMm":25,"diameterIn":0.98,"nominalLabel":"1\" copper","depthM":1.7,"zone":0}},{"type":"Feature","id":"water-E780","geometry":{"type":"LineString","coordinates":[[-78.9386326,43.8668698],[-78.9386672,43.866996],[-78.938645,43.8670081]]},"properties":{"kind":"service","tier":"service","placement":"underground","from":"water-T-258","to":"water-N-P-00166","lengthM":16.55,"sizeMm":19,"diameterIn":0.75,"nominalLabel":"3/4\" copper","depthM":1.7,"zone":0}},{"type":"Feature","id":"water-E781","geometry":{"type":"LineString","coordinates":[[-78.9383589,43.8669316],[-78.9384518,43.8670478],[-78.9384345,43.8670635]]},"properties":{"kind":"service","tier":"service","placement":"underground","from":"water-T-259","to":"water-N-P-00167","lengthM":17.17,"sizeMm":19,"diameterIn":0.75,"nominalLabel":"3/4\" copper","depthM":1.7,"zone":0}},{"type":"Feature","id":"water-E782","geometry":{"type":"LineString","coordinates":[[-78.938141,43.8673229],[-78.9383082,43.8672869],[-78.9383272,43.8673015]]},"properties":{"kind":"service","tier":"service","placement":"underground","from":"water-T-260","to":"water-N-P-00168","lengthM":16.24,"sizeMm":19,"diameterIn":0.75,"nominalLabel":"3/4\" copper","depthM":1.7,"zone":0}},{"type":"Feature","id":"water-E783","geometry":{"type":"LineString","coordinates":[[-78.9382082,43.8674849],[-78.9383754,43.8674489],[-78.9383944,43.8674635]]},"properties":{"kind":"service","tier":"service","placement":"underground","from":"water-T-261","to":"water-N-P-00169","lengthM":16.24,"sizeMm":25,"diameterIn":0.98,"nominalLabel":"1\" copper","depthM":1.7,"zone":0}},{"type":"Feature","id":"water-E784","geometry":{"type":"LineString","coordinates":[[-78.9382758,43.8676477],[-78.9384429,43.8676117],[-78.938462,43.8676263]]},"properties":{"kind":"service","tier":"service","placement":"underground","from":"water-T-262","to":"water-N-P-00170","lengthM":16.24,"sizeMm":19,"diameterIn":0.75,"nominalLabel":"3/4\" copper","depthM":1.7,"zone":0}},{"type":"Feature","id":"water-E785","geometry":{"type":"LineString","coordinates":[[-78.9383412,43.8678055],[-78.9385084,43.8677695],[-78.9385274,43.8677841]]},"properties":{"kind":"service","tier":"service","placement":"underground","from":"water-T-263","to":"water-N-P-00171","lengthM":16.24,"sizeMm":19,"diameterIn":0.75,"nominalLabel":"3/4\" copper","depthM":1.7,"zone":0}},{"type":"Feature","id":"water-E786","geometry":{"type":"LineString","coordinates":[[-78.938409,43.8679689],[-78.9385762,43.8679329],[-78.9385952,43.8679475]]},"properties":{"kind":"service","tier":"service","placement":"underground","from":"water-T-264","to":"water-N-P-00172","lengthM":16.24,"sizeMm":19,"diameterIn":0.75,"nominalLabel":"3/4\" copper","depthM":1.7,"zone":0}},{"type":"Feature","id":"water-E787","geometry":{"type":"LineString","coordinates":[[-78.9384728,43.8681227],[-78.93864,43.8680867],[-78.9386591,43.8681014]]},"properties":{"kind":"service","tier":"service","placement":"underground","from":"water-T-265","to":"water-N-P-00173","lengthM":16.24,"sizeMm":19,"diameterIn":0.75,"nominalLabel":"3/4\" copper","depthM":1.7,"zone":0}},{"type":"Feature","id":"water-E788","geometry":{"type":"LineString","coordinates":[[-78.938539,43.8682822],[-78.9387061,43.8682461],[-78.9387252,43.8682608]]},"properties":{"kind":"service","tier":"service","placement":"underground","from":"water-T-266","to":"water-N-P-00174","lengthM":16.24,"sizeMm":19,"diameterIn":0.75,"nominalLabel":"3/4\" copper","depthM":1.7,"zone":0}},{"type":"Feature","id":"water-E789","geometry":{"type":"LineString","coordinates":[[-78.9398526,43.8679707],[-78.9399121,43.8679573],[-78.9399165,43.8679375]]},"properties":{"kind":"service","tier":"service","placement":"underground","from":"water-T-267","to":"water-N-P-00175","lengthM":7.24,"sizeMm":19,"diameterIn":0.75,"nominalLabel":"3/4\" copper","depthM":1.7,"zone":0}},{"type":"Feature","id":"water-E790","geometry":{"type":"LineString","coordinates":[[-78.9397839,43.8678123],[-78.9398433,43.8677989],[-78.9398478,43.867779]]},"properties":{"kind":"service","tier":"service","placement":"underground","from":"water-T-268","to":"water-N-P-00176","lengthM":7.24,"sizeMm":19,"diameterIn":0.75,"nominalLabel":"3/4\" copper","depthM":1.7,"zone":0}},{"type":"Feature","id":"water-E791","geometry":{"type":"LineString","coordinates":[[-78.9397164,43.8676567],[-78.9397759,43.8676433],[-78.9397803,43.8676235]]},"properties":{"kind":"service","tier":"service","placement":"underground","from":"water-T-269","to":"water-N-P-00177","lengthM":7.24,"sizeMm":19,"diameterIn":0.75,"nominalLabel":"3/4\" copper","depthM":1.7,"zone":0}},{"type":"Feature","id":"water-E792","geometry":{"type":"LineString","coordinates":[[-78.939646,43.8674944],[-78.9397055,43.867481],[-78.9397099,43.8674612]]},"properties":{"kind":"service","tier":"service","placement":"underground","from":"water-T-270","to":"water-N-P-00178","lengthM":7.24,"sizeMm":19,"diameterIn":0.75,"nominalLabel":"3/4\" copper","depthM":1.7,"zone":0}},{"type":"Feature","id":"water-E793","geometry":{"type":"LineString","coordinates":[[-78.9395782,43.8673381],[-78.9396377,43.8673247],[-78.9396421,43.8673049]]},"properties":{"kind":"service","tier":"service","placement":"underground","from":"water-T-271","to":"water-N-P-00179","lengthM":7.24,"sizeMm":19,"diameterIn":0.75,"nominalLabel":"3/4\" copper","depthM":1.7,"zone":0}},{"type":"Feature","id":"water-E794","geometry":{"type":"LineString","coordinates":[[-78.9395119,43.8671852],[-78.9395713,43.8671718],[-78.9395758,43.867152]]},"properties":{"kind":"service","tier":"service","placement":"underground","from":"water-T-272","to":"water-N-P-00180","lengthM":7.24,"sizeMm":19,"diameterIn":0.75,"nominalLabel":"3/4\" copper","depthM":1.7,"zone":0}},{"type":"Feature","id":"water-E795","geometry":{"type":"LineString","coordinates":[[-78.9394416,43.8670233],[-78.9395011,43.8670099],[-78.9395055,43.86699]]},"properties":{"kind":"service","tier":"service","placement":"underground","from":"water-T-273","to":"water-N-P-00181","lengthM":7.24,"sizeMm":19,"diameterIn":0.75,"nominalLabel":"3/4\" copper","depthM":1.7,"zone":0}},{"type":"Feature","id":"water-E796","geometry":{"type":"LineString","coordinates":[[-78.9389574,43.866853],[-78.938959,43.8668081],[-78.9389344,43.8667987]]},"properties":{"kind":"service","tier":"service","placement":"underground","from":"water-T-274","to":"water-N-P-00182","lengthM":7.24,"sizeMm":19,"diameterIn":0.75,"nominalLabel":"3/4\" copper","depthM":1.7,"zone":0}},{"type":"Feature","id":"water-E797","geometry":{"type":"LineString","coordinates":[[-78.9381378,43.8673151],[-78.9380781,43.8673279],[-78.9380733,43.8673477]]},"properties":{"kind":"service","tier":"service","placement":"underground","from":"water-T-275","to":"water-N-P-00183","lengthM":7.24,"sizeMm":19,"diameterIn":0.75,"nominalLabel":"3/4\" copper","depthM":1.7,"zone":0}},{"type":"Feature","id":"water-E798","geometry":{"type":"LineString","coordinates":[[-78.9382062,43.86748],[-78.9381465,43.8674929],[-78.9381417,43.8675127]]},"properties":{"kind":"service","tier":"service","placement":"underground","from":"water-T-276","to":"water-N-P-00184","lengthM":7.24,"sizeMm":19,"diameterIn":0.75,"nominalLabel":"3/4\" copper","depthM":1.7,"zone":0}},{"type":"Feature","id":"water-E799","geometry":{"type":"LineString","coordinates":[[-78.9382756,43.8676473],[-78.9382159,43.8676602],[-78.9382111,43.86768]]},"properties":{"kind":"service","tier":"service","placement":"underground","from":"water-T-277","to":"water-N-P-00185","lengthM":7.24,"sizeMm":19,"diameterIn":0.75,"nominalLabel":"3/4\" copper","depthM":1.7,"zone":0}},{"type":"Feature","id":"water-E800","geometry":{"type":"LineString","coordinates":[[-78.9383379,43.8677976],[-78.9382783,43.8678105],[-78.9382735,43.8678303]]},"properties":{"kind":"service","tier":"service","placement":"underground","from":"water-T-278","to":"water-N-P-00186","lengthM":7.24,"sizeMm":19,"diameterIn":0.75,"nominalLabel":"3/4\" copper","depthM":1.7,"zone":0}},{"type":"Feature","id":"water-E801","geometry":{"type":"LineString","coordinates":[[-78.9384038,43.8679563],[-78.9383441,43.8679692],[-78.9383393,43.867989]]},"properties":{"kind":"service","tier":"service","placement":"underground","from":"water-T-279","to":"water-N-P-00187","lengthM":7.24,"sizeMm":19,"diameterIn":0.75,"nominalLabel":"3/4\" copper","depthM":1.7,"zone":0}},{"type":"Feature","id":"water-E802","geometry":{"type":"LineString","coordinates":[[-78.9384727,43.8681225],[-78.9384131,43.8681354],[-78.9384083,43.8681552]]},"properties":{"kind":"service","tier":"service","placement":"underground","from":"water-T-280","to":"water-N-P-00188","lengthM":7.24,"sizeMm":19,"diameterIn":0.75,"nominalLabel":"3/4\" copper","depthM":1.7,"zone":0}},{"type":"Feature","id":"water-E803","geometry":{"type":"LineString","coordinates":[[-78.9385351,43.8682729],[-78.9384754,43.8682858],[-78.9384706,43.8683055]]},"properties":{"kind":"service","tier":"service","placement":"underground","from":"water-T-281","to":"water-N-P-00189","lengthM":7.24,"sizeMm":19,"diameterIn":0.75,"nominalLabel":"3/4\" copper","depthM":1.7,"zone":0}},{"type":"Feature","id":"water-E804","geometry":{"type":"LineString","coordinates":[[-78.9386035,43.8684377],[-78.9385438,43.8684506],[-78.938539,43.8684704]]},"properties":{"kind":"service","tier":"service","placement":"underground","from":"water-T-282","to":"water-N-P-00190","lengthM":7.24,"sizeMm":19,"diameterIn":0.75,"nominalLabel":"3/4\" copper","depthM":1.7,"zone":0}},{"type":"Feature","id":"water-E805","geometry":{"type":"LineString","coordinates":[[-78.9386722,43.8686032],[-78.9386125,43.8686161],[-78.9386077,43.8686359]]},"properties":{"kind":"service","tier":"service","placement":"underground","from":"water-T-283","to":"water-N-P-00191","lengthM":7.24,"sizeMm":19,"diameterIn":0.75,"nominalLabel":"3/4\" copper","depthM":1.7,"zone":0}},{"type":"Feature","id":"water-E806","geometry":{"type":"LineString","coordinates":[[-78.9398808,43.8711766],[-78.9397141,43.8712132],[-78.9396949,43.8711986]]},"properties":{"kind":"service","tier":"service","placement":"underground","from":"water-T-284","to":"water-N-P-00192","lengthM":16.22,"sizeMm":19,"diameterIn":0.75,"nominalLabel":"3/4\" copper","depthM":1.7,"zone":0}},{"type":"Feature","id":"water-E807","geometry":{"type":"LineString","coordinates":[[-78.9398101,43.8710092],[-78.9396432,43.8710458],[-78.939624,43.8710312]]},"properties":{"kind":"service","tier":"service","placement":"underground","from":"water-T-285","to":"water-N-P-00193","lengthM":16.24,"sizeMm":25,"diameterIn":0.98,"nominalLabel":"1\" copper","depthM":1.7,"zone":0}},{"type":"Feature","id":"water-E808","geometry":{"type":"LineString","coordinates":[[-78.9397446,43.8708542],[-78.9395777,43.8708909],[-78.9395585,43.8708763]]},"properties":{"kind":"service","tier":"service","placement":"underground","from":"water-T-286","to":"water-N-P-00194","lengthM":16.24,"sizeMm":25,"diameterIn":0.98,"nominalLabel":"1\" copper","depthM":1.7,"zone":0}},{"type":"Feature","id":"water-E809","geometry":{"type":"LineString","coordinates":[[-78.9396791,43.8706994],[-78.9395123,43.870736],[-78.9394931,43.8707214]]},"properties":{"kind":"service","tier":"service","placement":"underground","from":"water-T-287","to":"water-N-P-00195","lengthM":16.24,"sizeMm":25,"diameterIn":0.98,"nominalLabel":"1\" copper","depthM":1.7,"zone":0}},{"type":"Feature","id":"water-E810","geometry":{"type":"LineString","coordinates":[[-78.9396081,43.8705312],[-78.9394412,43.8705679],[-78.939422,43.8705533]]},"properties":{"kind":"service","tier":"service","placement":"underground","from":"water-T-288","to":"water-N-P-00196","lengthM":16.24,"sizeMm":25,"diameterIn":0.98,"nominalLabel":"1\" copper","depthM":1.7,"zone":0}},{"type":"Feature","id":"water-E811","geometry":{"type":"LineString","coordinates":[[-78.9395403,43.8703707],[-78.9393734,43.8704074],[-78.9393542,43.8703928]]},"properties":{"kind":"service","tier":"service","placement":"underground","from":"water-T-289","to":"water-N-P-00197","lengthM":16.24,"sizeMm":19,"diameterIn":0.75,"nominalLabel":"3/4\" copper","depthM":1.7,"zone":0}},{"type":"Feature","id":"water-E812","geometry":{"type":"LineString","coordinates":[[-78.9394733,43.8702123],[-78.9393064,43.8702489],[-78.9392872,43.8702343]]},"properties":{"kind":"service","tier":"service","placement":"underground","from":"water-T-290","to":"water-N-P-00198","lengthM":16.24,"sizeMm":19,"diameterIn":0.75,"nominalLabel":"3/4\" copper","depthM":1.7,"zone":0}},{"type":"Feature","id":"water-E813","geometry":{"type":"LineString","coordinates":[[-78.9398811,43.8711772],[-78.9399408,43.871164],[-78.9399455,43.8711442]]},"properties":{"kind":"service","tier":"service","placement":"underground","from":"water-T-291","to":"water-N-P-00199","lengthM":7.25,"sizeMm":19,"diameterIn":0.75,"nominalLabel":"3/4\" copper","depthM":1.7,"zone":0}},{"type":"Feature","id":"water-E814","geometry":{"type":"LineString","coordinates":[[-78.9398129,43.8710159],[-78.9398725,43.8710028],[-78.9398772,43.870983]]},"properties":{"kind":"service","tier":"service","placement":"underground","from":"water-T-292","to":"water-N-P-00200","lengthM":7.24,"sizeMm":25,"diameterIn":0.98,"nominalLabel":"1\" copper","depthM":1.7,"zone":0}},{"type":"Feature","id":"water-E815","geometry":{"type":"LineString","coordinates":[[-78.939746,43.8708575],[-78.9398056,43.8708444],[-78.9398102,43.8708246]]},"properties":{"kind":"service","tier":"service","placement":"underground","from":"water-T-293","to":"water-N-P-00201","lengthM":7.24,"sizeMm":25,"diameterIn":0.98,"nominalLabel":"1\" copper","depthM":1.7,"zone":0}},{"type":"Feature","id":"water-E816","geometry":{"type":"LineString","coordinates":[[-78.9396783,43.8706975],[-78.939738,43.8706844],[-78.9397426,43.8706646]]},"properties":{"kind":"service","tier":"service","placement":"underground","from":"water-T-294","to":"water-N-P-00202","lengthM":7.24,"sizeMm":25,"diameterIn":0.98,"nominalLabel":"1\" copper","depthM":1.7,"zone":0}},{"type":"Feature","id":"water-E817","geometry":{"type":"LineString","coordinates":[[-78.9396089,43.870533],[-78.9396685,43.87052],[-78.9396731,43.8705002]]},"properties":{"kind":"service","tier":"service","placement":"underground","from":"water-T-295","to":"water-N-P-00203","lengthM":7.24,"sizeMm":19,"diameterIn":0.75,"nominalLabel":"3/4\" copper","depthM":1.7,"zone":0}},{"type":"Feature","id":"water-E818","geometry":{"type":"LineString","coordinates":[[-78.9392725,43.871445],[-78.9393308,43.8715825],[-78.9393106,43.8715963]]},"properties":{"kind":"service","tier":"service","placement":"underground","from":"water-T-296","to":"water-N-P-00204","lengthM":18.24,"sizeMm":19,"diameterIn":0.75,"nominalLabel":"3/4\" copper","depthM":1.7,"zone":0}},{"type":"Feature","id":"water-E819","geometry":{"type":"LineString","coordinates":[[-78.9390517,43.8714947],[-78.9391138,43.8716317],[-78.9390939,43.8716457]]},"properties":{"kind":"service","tier":"service","placement":"underground","from":"water-T-297","to":"water-N-P-00205","lengthM":18.28,"sizeMm":25,"diameterIn":0.98,"nominalLabel":"1\" copper","depthM":1.7,"zone":0}},{"type":"Feature","id":"water-E820","geometry":{"type":"LineString","coordinates":[[-78.9392454,43.871451],[-78.9392199,43.8713909],[-78.9391924,43.8713875]]},"properties":{"kind":"service","tier":"service","placement":"underground","from":"water-T-298","to":"water-N-P-00206","lengthM":9.24,"sizeMm":25,"diameterIn":0.98,"nominalLabel":"1\" copper","depthM":1.7,"zone":0}},{"type":"Feature","id":"water-E821","geometry":{"type":"LineString","coordinates":[[-78.9390367,43.8714982],[-78.9390097,43.8714386],[-78.9389821,43.8714356]]},"properties":{"kind":"service","tier":"service","placement":"underground","from":"water-T-299","to":"water-N-P-00207","lengthM":9.22,"sizeMm":19,"diameterIn":0.75,"nominalLabel":"3/4\" copper","depthM":1.7,"zone":0}},{"type":"Feature","id":"water-E822","geometry":{"type":"LineString","coordinates":[[-78.93934,43.8698979],[-78.9391732,43.8699348],[-78.939154,43.8699203]]},"properties":{"kind":"service","tier":"service","placement":"underground","from":"water-T-300","to":"water-N-P-00208","lengthM":16.24,"sizeMm":19,"diameterIn":0.75,"nominalLabel":"3/4\" copper","depthM":1.7,"zone":0}},{"type":"Feature","id":"water-E823","geometry":{"type":"LineString","coordinates":[[-78.9392703,43.8697343],[-78.9391035,43.8697712],[-78.9390843,43.8697567]]},"properties":{"kind":"service","tier":"service","placement":"underground","from":"water-T-301","to":"water-N-P-00209","lengthM":16.24,"sizeMm":19,"diameterIn":0.75,"nominalLabel":"3/4\" copper","depthM":1.7,"zone":0}},{"type":"Feature","id":"water-E824","geometry":{"type":"LineString","coordinates":[[-78.9391993,43.8695676],[-78.9390325,43.8696045],[-78.9390133,43.86959]]},"properties":{"kind":"service","tier":"service","placement":"underground","from":"water-T-302","to":"water-N-P-00210","lengthM":16.24,"sizeMm":19,"diameterIn":0.75,"nominalLabel":"3/4\" copper","depthM":1.7,"zone":0}},{"type":"Feature","id":"water-E825","geometry":{"type":"LineString","coordinates":[[-78.939128,43.8694003],[-78.9389613,43.8694372],[-78.938942,43.8694227]]},"properties":{"kind":"service","tier":"service","placement":"underground","from":"water-T-303","to":"water-N-P-00211","lengthM":16.24,"sizeMm":19,"diameterIn":0.75,"nominalLabel":"3/4\" copper","depthM":1.7,"zone":0}},{"type":"Feature","id":"water-E826","geometry":{"type":"LineString","coordinates":[[-78.9390553,43.8692296],[-78.9388886,43.8692665],[-78.9388693,43.869252]]},"properties":{"kind":"service","tier":"service","placement":"underground","from":"water-T-304","to":"water-N-P-00212","lengthM":16.24,"sizeMm":19,"diameterIn":0.75,"nominalLabel":"3/4\" copper","depthM":1.7,"zone":0}},{"type":"Feature","id":"water-E827","geometry":{"type":"LineString","coordinates":[[-78.9389865,43.8690679],[-78.9388197,43.8691048],[-78.9388005,43.8690903]]},"properties":{"kind":"service","tier":"service","placement":"underground","from":"water-T-305","to":"water-N-P-00213","lengthM":16.24,"sizeMm":19,"diameterIn":0.75,"nominalLabel":"3/4\" copper","depthM":1.7,"zone":0}},{"type":"Feature","id":"water-E828","geometry":{"type":"LineString","coordinates":[[-78.9389153,43.8689007],[-78.9387485,43.8689376],[-78.9387292,43.8689231]]},"properties":{"kind":"service","tier":"service","placement":"underground","from":"water-T-306","to":"water-N-P-00214","lengthM":16.24,"sizeMm":19,"diameterIn":0.75,"nominalLabel":"3/4\" copper","depthM":1.7,"zone":0}},{"type":"Feature","id":"water-E829","geometry":{"type":"LineString","coordinates":[[-78.9391938,43.8695547],[-78.9392534,43.8695415],[-78.939258,43.8695217]]},"properties":{"kind":"service","tier":"service","placement":"underground","from":"water-T-307","to":"water-N-P-00215","lengthM":7.24,"sizeMm":19,"diameterIn":0.75,"nominalLabel":"3/4\" copper","depthM":1.7,"zone":0}},{"type":"Feature","id":"water-E830","geometry":{"type":"LineString","coordinates":[[-78.9391218,43.8693856],[-78.9391813,43.8693724],[-78.9391859,43.8693526]]},"properties":{"kind":"service","tier":"service","placement":"underground","from":"water-T-308","to":"water-N-P-00216","lengthM":7.24,"sizeMm":19,"diameterIn":0.75,"nominalLabel":"3/4\" copper","depthM":1.7,"zone":0}},{"type":"Feature","id":"water-E831","geometry":{"type":"LineString","coordinates":[[-78.9390539,43.8692262],[-78.9391135,43.8692131],[-78.9391181,43.8691932]]},"properties":{"kind":"service","tier":"service","placement":"underground","from":"water-T-309","to":"water-N-P-00217","lengthM":7.24,"sizeMm":19,"diameterIn":0.75,"nominalLabel":"3/4\" copper","depthM":1.7,"zone":0}},{"type":"Feature","id":"water-E832","geometry":{"type":"LineString","coordinates":[[-78.9387021,43.8701647],[-78.9387524,43.8702851],[-78.9387322,43.8702989]]},"properties":{"kind":"service","tier":"service","placement":"underground","from":"water-T-310","to":"water-N-P-00218","lengthM":16.24,"sizeMm":19,"diameterIn":0.75,"nominalLabel":"3/4\" copper","depthM":1.7,"zone":0}},{"type":"Feature","id":"water-E833","geometry":{"type":"LineString","coordinates":[[-78.9384917,43.8702108],[-78.9385429,43.8703311],[-78.9385227,43.8703449]]},"properties":{"kind":"service","tier":"service","placement":"underground","from":"water-T-311","to":"water-N-P-00219","lengthM":16.24,"sizeMm":25,"diameterIn":0.98,"nominalLabel":"1\" copper","depthM":1.7,"zone":0}},{"type":"Feature","id":"water-E834","geometry":{"type":"LineString","coordinates":[[-78.9387025,43.8701646],[-78.9386845,43.8701216],[-78.9386571,43.8701182]]},"properties":{"kind":"service","tier":"service","placement":"underground","from":"water-T-312","to":"water-N-P-00220","lengthM":7.23,"sizeMm":19,"diameterIn":0.75,"nominalLabel":"3/4\" copper","depthM":1.7,"zone":0}},{"type":"Feature","id":"water-E835","geometry":{"type":"LineString","coordinates":[[-78.9384814,43.8702131],[-78.9384631,43.8701702],[-78.9384356,43.8701669]]},"properties":{"kind":"service","tier":"service","placement":"underground","from":"water-T-313","to":"water-N-P-00221","lengthM":7.24,"sizeMm":19,"diameterIn":0.75,"nominalLabel":"3/4\" copper","depthM":1.7,"zone":0}},{"type":"Feature","id":"water-E836","geometry":{"type":"LineString","coordinates":[[-78.9380086,43.8688783],[-78.9380606,43.8689983],[-78.9380405,43.8690123]]},"properties":{"kind":"service","tier":"service","placement":"underground","from":"water-T-314","to":"water-N-P-00222","lengthM":16.23,"sizeMm":19,"diameterIn":0.75,"nominalLabel":"3/4\" copper","depthM":1.7,"zone":0}},{"type":"Feature","id":"water-E837","geometry":{"type":"LineString","coordinates":[[-78.9377383,43.8689391],[-78.9377904,43.8690594],[-78.9377704,43.8690734]]},"properties":{"kind":"service","tier":"service","placement":"underground","from":"water-T-315","to":"water-N-P-00223","lengthM":16.27,"sizeMm":25,"diameterIn":0.98,"nominalLabel":"1\" copper","depthM":1.7,"zone":0}},{"type":"Feature","id":"water-E838","geometry":{"type":"LineString","coordinates":[[-78.9380131,43.8688773],[-78.9379945,43.8688344],[-78.937967,43.8688312]]},"properties":{"kind":"service","tier":"service","placement":"underground","from":"water-T-316","to":"water-N-P-00224","lengthM":7.24,"sizeMm":25,"diameterIn":0.98,"nominalLabel":"1\" copper","depthM":1.7,"zone":0}},{"type":"Feature","id":"water-E839","geometry":{"type":"LineString","coordinates":[[-78.9382194,43.8716934],[-78.9382771,43.871831],[-78.9382568,43.8718448]]},"properties":{"kind":"service","tier":"service","placement":"underground","from":"water-T-317","to":"water-N-P-00225","lengthM":18.24,"sizeMm":25,"diameterIn":0.98,"nominalLabel":"1\" copper","depthM":1.7,"zone":0}},{"type":"Feature","id":"water-E840","geometry":{"type":"LineString","coordinates":[[-78.9380134,43.8717386],[-78.9380731,43.871876],[-78.938053,43.8718899]]},"properties":{"kind":"service","tier":"service","placement":"underground","from":"water-T-318","to":"water-N-P-00226","lengthM":18.26,"sizeMm":19,"diameterIn":0.75,"nominalLabel":"3/4\" copper","depthM":1.7,"zone":0}},{"type":"Feature","id":"water-E841","geometry":{"type":"LineString","coordinates":[[-78.9382247,43.8716922],[-78.9381995,43.871632],[-78.938172,43.8716286]]},"properties":{"kind":"service","tier":"service","placement":"underground","from":"water-T-319","to":"water-N-P-00227","lengthM":9.24,"sizeMm":25,"diameterIn":0.98,"nominalLabel":"1\" copper","depthM":1.7,"zone":0}},{"type":"Feature","id":"water-E842","geometry":{"type":"LineString","coordinates":[[-78.9380341,43.871734],[-78.9380082,43.8716742],[-78.9379807,43.871671]]},"properties":{"kind":"service","tier":"service","placement":"underground","from":"water-T-320","to":"water-N-P-00228","lengthM":9.2,"sizeMm":25,"diameterIn":0.98,"nominalLabel":"1\" copper","depthM":1.7,"zone":0}},{"type":"Feature","id":"water-E843","geometry":{"type":"LineString","coordinates":[[-78.9378037,43.8726351],[-78.9376369,43.8726721],[-78.9376177,43.8726575]]},"properties":{"kind":"service","tier":"service","placement":"underground","from":"water-T-321","to":"water-N-P-00229","lengthM":16.24,"sizeMm":19,"diameterIn":0.75,"nominalLabel":"3/4\" copper","depthM":1.7,"zone":0}},{"type":"Feature","id":"water-E844","geometry":{"type":"LineString","coordinates":[[-78.9377437,43.8724944],[-78.937577,43.8725314],[-78.9375577,43.8725169]]},"properties":{"kind":"service","tier":"service","placement":"underground","from":"water-T-322","to":"water-N-P-00230","lengthM":16.24,"sizeMm":19,"diameterIn":0.75,"nominalLabel":"3/4\" copper","depthM":1.7,"zone":0}},{"type":"Feature","id":"water-E845","geometry":{"type":"LineString","coordinates":[[-78.9376809,43.8723471],[-78.9375141,43.872384],[-78.9374949,43.8723695]]},"properties":{"kind":"service","tier":"service","placement":"underground","from":"water-T-323","to":"water-N-P-00231","lengthM":16.24,"sizeMm":25,"diameterIn":0.98,"nominalLabel":"1\" copper","depthM":1.7,"zone":0}},{"type":"Feature","id":"water-E846","geometry":{"type":"LineString","coordinates":[[-78.9376171,43.8721974],[-78.9374503,43.8722344],[-78.9374311,43.8722199]]},"properties":{"kind":"service","tier":"service","placement":"underground","from":"water-T-324","to":"water-N-P-00232","lengthM":16.24,"sizeMm":25,"diameterIn":0.98,"nominalLabel":"1\" copper","depthM":1.7,"zone":0}},{"type":"Feature","id":"water-E847","geometry":{"type":"LineString","coordinates":[[-78.9375567,43.8720538],[-78.9373895,43.8720892],[-78.9373705,43.8720745]]},"properties":{"kind":"service","tier":"service","placement":"underground","from":"water-T-325","to":"water-N-P-00233","lengthM":16.22,"sizeMm":19,"diameterIn":0.75,"nominalLabel":"3/4\" copper","depthM":1.7,"zone":0}},{"type":"Feature","id":"water-E848","geometry":{"type":"LineString","coordinates":[[-78.9379284,43.872926],[-78.9379884,43.8729116],[-78.9379926,43.8728917]]},"properties":{"kind":"service","tier":"service","placement":"underground","from":"water-T-326","to":"water-N-P-00234","lengthM":7.31,"sizeMm":25,"diameterIn":0.98,"nominalLabel":"1\" copper","depthM":1.7,"zone":0}},{"type":"Feature","id":"water-E849","geometry":{"type":"LineString","coordinates":[[-78.9378638,43.872776],[-78.9379233,43.8727628],[-78.9379279,43.872743]]},"properties":{"kind":"service","tier":"service","placement":"underground","from":"water-T-327","to":"water-N-P-00235","lengthM":7.24,"sizeMm":25,"diameterIn":0.98,"nominalLabel":"1\" copper","depthM":1.7,"zone":0}},{"type":"Feature","id":"water-E850","geometry":{"type":"LineString","coordinates":[[-78.9378009,43.8726285],[-78.9378604,43.8726153],[-78.937865,43.8725954]]},"properties":{"kind":"service","tier":"service","placement":"underground","from":"water-T-328","to":"water-N-P-00236","lengthM":7.24,"sizeMm":25,"diameterIn":0.98,"nominalLabel":"1\" copper","depthM":1.7,"zone":0}},{"type":"Feature","id":"water-E851","geometry":{"type":"LineString","coordinates":[[-78.9377402,43.8724863],[-78.9377998,43.8724731],[-78.9378044,43.8724533]]},"properties":{"kind":"service","tier":"service","placement":"underground","from":"water-T-329","to":"water-N-P-00237","lengthM":7.24,"sizeMm":19,"diameterIn":0.75,"nominalLabel":"3/4\" copper","depthM":1.7,"zone":0}},{"type":"Feature","id":"water-E852","geometry":{"type":"LineString","coordinates":[[-78.9376765,43.8723367],[-78.937736,43.8723235],[-78.9377406,43.8723037]]},"properties":{"kind":"service","tier":"service","placement":"underground","from":"water-T-330","to":"water-N-P-00238","lengthM":7.24,"sizeMm":25,"diameterIn":0.98,"nominalLabel":"1\" copper","depthM":1.7,"zone":0}},{"type":"Feature","id":"water-E853","geometry":{"type":"LineString","coordinates":[[-78.9376129,43.8721877],[-78.9376725,43.8721745],[-78.937677,43.8721546]]},"properties":{"kind":"service","tier":"service","placement":"underground","from":"water-T-331","to":"water-N-P-00239","lengthM":7.24,"sizeMm":19,"diameterIn":0.75,"nominalLabel":"3/4\" copper","depthM":1.7,"zone":0}},{"type":"Feature","id":"water-E854","geometry":{"type":"LineString","coordinates":[[-78.9375512,43.8720404],[-78.9376111,43.8720277],[-78.937616,43.8720079]]},"properties":{"kind":"service","tier":"service","placement":"underground","from":"water-T-332","to":"water-N-P-00240","lengthM":7.25,"sizeMm":19,"diameterIn":0.75,"nominalLabel":"3/4\" copper","depthM":1.7,"zone":0}},{"type":"Feature","id":"water-E855","geometry":{"type":"LineString","coordinates":[[-78.9378039,43.8707031],[-78.9378557,43.8708232],[-78.9378357,43.8708371]]},"properties":{"kind":"service","tier":"service","placement":"underground","from":"water-T-333","to":"water-N-P-00241","lengthM":16.24,"sizeMm":19,"diameterIn":0.75,"nominalLabel":"3/4\" copper","depthM":1.7,"zone":0}},{"type":"Feature","id":"water-E856","geometry":{"type":"LineString","coordinates":[[-78.9375927,43.8707505],[-78.9376445,43.8708706],[-78.9376244,43.8708845]]},"properties":{"kind":"service","tier":"service","placement":"underground","from":"water-T-334","to":"water-N-P-00242","lengthM":16.24,"sizeMm":25,"diameterIn":0.98,"nominalLabel":"1\" copper","depthM":1.7,"zone":0}},{"type":"Feature","id":"water-E857","geometry":{"type":"LineString","coordinates":[[-78.9373814,43.8707979],[-78.9374332,43.870918],[-78.9374131,43.8709319]]},"properties":{"kind":"service","tier":"service","placement":"underground","from":"water-T-335","to":"water-N-P-00243","lengthM":16.24,"sizeMm":19,"diameterIn":0.75,"nominalLabel":"3/4\" copper","depthM":1.7,"zone":0}},{"type":"Feature","id":"water-E858","geometry":{"type":"LineString","coordinates":[[-78.9371834,43.8708423],[-78.9372352,43.8709623],[-78.937215,43.8709762]]},"properties":{"kind":"service","tier":"service","placement":"underground","from":"water-T-336","to":"water-N-P-00244","lengthM":16.23,"sizeMm":25,"diameterIn":0.98,"nominalLabel":"1\" copper","depthM":1.7,"zone":0}},{"type":"Feature","id":"water-E859","geometry":{"type":"LineString","coordinates":[[-78.9377861,43.8707071],[-78.9377676,43.8706642],[-78.9377401,43.8706609]]},"properties":{"kind":"service","tier":"service","placement":"underground","from":"water-T-337","to":"water-N-P-00245","lengthM":7.24,"sizeMm":19,"diameterIn":0.75,"nominalLabel":"3/4\" copper","depthM":1.7,"zone":0}},{"type":"Feature","id":"water-E860","geometry":{"type":"LineString","coordinates":[[-78.9375889,43.8707513],[-78.9375704,43.8707084],[-78.9375429,43.8707052]]},"properties":{"kind":"service","tier":"service","placement":"underground","from":"water-T-338","to":"water-N-P-00246","lengthM":7.24,"sizeMm":25,"diameterIn":0.98,"nominalLabel":"1\" copper","depthM":1.7,"zone":0}},{"type":"Feature","id":"water-E861","geometry":{"type":"LineString","coordinates":[[-78.9373857,43.8707969],[-78.9373671,43.870754],[-78.9373396,43.8707508]]},"properties":{"kind":"service","tier":"service","placement":"underground","from":"water-T-339","to":"water-N-P-00247","lengthM":7.24,"sizeMm":19,"diameterIn":0.75,"nominalLabel":"3/4\" copper","depthM":1.7,"zone":0}},{"type":"Feature","id":"water-E862","geometry":{"type":"LineString","coordinates":[[-78.937186,43.8708417],[-78.9371675,43.8707988],[-78.93714,43.8707955]]},"properties":{"kind":"service","tier":"service","placement":"underground","from":"water-T-340","to":"water-N-P-00248","lengthM":7.24,"sizeMm":19,"diameterIn":0.75,"nominalLabel":"3/4\" copper","depthM":1.7,"zone":0}},{"type":"Feature","id":"water-E863","geometry":{"type":"LineString","coordinates":[[-78.9373396,43.8698593],[-78.9373911,43.8699805],[-78.9373708,43.8699942]]},"properties":{"kind":"service","tier":"service","placement":"underground","from":"water-T-341","to":"water-N-P-00249","lengthM":16.34,"sizeMm":19,"diameterIn":0.75,"nominalLabel":"3/4\" copper","depthM":1.7,"zone":0}},{"type":"Feature","id":"water-E864","geometry":{"type":"LineString","coordinates":[[-78.9370856,43.8699156],[-78.9371369,43.8700358],[-78.9371167,43.8700497]]},"properties":{"kind":"service","tier":"service","placement":"underground","from":"water-T-342","to":"water-N-P-00250","lengthM":16.24,"sizeMm":19,"diameterIn":0.75,"nominalLabel":"3/4\" copper","depthM":1.7,"zone":0}},{"type":"Feature","id":"water-E865","geometry":{"type":"LineString","coordinates":[[-78.9368357,43.8699709],[-78.936887,43.8700911],[-78.9368668,43.870105]]},"properties":{"kind":"service","tier":"service","placement":"underground","from":"water-T-343","to":"water-N-P-00251","lengthM":16.23,"sizeMm":19,"diameterIn":0.75,"nominalLabel":"3/4\" copper","depthM":1.7,"zone":0}},{"type":"Feature","id":"water-E866","geometry":{"type":"LineString","coordinates":[[-78.937587,43.8698023],[-78.937565,43.8697597],[-78.9375373,43.8697572]]},"properties":{"kind":"service","tier":"service","placement":"underground","from":"water-T-344","to":"water-N-P-00252","lengthM":7.29,"sizeMm":19,"diameterIn":0.75,"nominalLabel":"3/4\" copper","depthM":1.7,"zone":0}},{"type":"Feature","id":"water-E867","geometry":{"type":"LineString","coordinates":[[-78.9373251,43.8698626],[-78.9373071,43.8698203],[-78.9372797,43.8698169]]},"properties":{"kind":"service","tier":"service","placement":"underground","from":"water-T-345","to":"water-N-P-00253","lengthM":7.15,"sizeMm":25,"diameterIn":0.98,"nominalLabel":"1\" copper","depthM":1.7,"zone":0}},{"type":"Feature","id":"water-E868","geometry":{"type":"LineString","coordinates":[[-78.9370695,43.8699192],[-78.9370512,43.8698762],[-78.9370237,43.8698729]]},"properties":{"kind":"service","tier":"service","placement":"underground","from":"water-T-346","to":"water-N-P-00254","lengthM":7.24,"sizeMm":19,"diameterIn":0.75,"nominalLabel":"3/4\" copper","depthM":1.7,"zone":0}},{"type":"Feature","id":"water-E869","geometry":{"type":"LineString","coordinates":[[-78.9368248,43.8699734],[-78.9368065,43.8699304],[-78.936779,43.8699271]]},"properties":{"kind":"service","tier":"service","placement":"underground","from":"water-T-347","to":"water-N-P-00255","lengthM":7.24,"sizeMm":19,"diameterIn":0.75,"nominalLabel":"3/4\" copper","depthM":1.7,"zone":0}},{"type":"Feature","id":"water-E870","geometry":{"type":"LineString","coordinates":[[-78.9373611,43.8717111],[-78.9372483,43.8717772],[-78.9372289,43.8717628]]},"properties":{"kind":"service","tier":"service","placement":"underground","from":"water-T-348","to":"water-N-P-00256","lengthM":13.9,"sizeMm":19,"diameterIn":0.75,"nominalLabel":"3/4\" copper","depthM":1.7,"zone":0}},{"type":"Feature","id":"water-E871","geometry":{"type":"LineString","coordinates":[[-78.9373437,43.8715774],[-78.9371774,43.8716152],[-78.937158,43.8716008]]},"properties":{"kind":"service","tier":"service","placement":"underground","from":"water-T-349","to":"water-N-P-00257","lengthM":16.24,"sizeMm":25,"diameterIn":0.98,"nominalLabel":"1\" copper","depthM":1.7,"zone":0}},{"type":"Feature","id":"water-E872","geometry":{"type":"LineString","coordinates":[[-78.9372692,43.8714072],[-78.9371028,43.8714451],[-78.9370834,43.8714306]]},"properties":{"kind":"service","tier":"service","placement":"underground","from":"water-T-350","to":"water-N-P-00258","lengthM":16.24,"sizeMm":25,"diameterIn":0.98,"nominalLabel":"1\" copper","depthM":1.7,"zone":0}},{"type":"Feature","id":"water-E873","geometry":{"type":"LineString","coordinates":[[-78.9371955,43.871239],[-78.9370291,43.8712769],[-78.9370097,43.8712625]]},"properties":{"kind":"service","tier":"service","placement":"underground","from":"water-T-351","to":"water-N-P-00259","lengthM":16.24,"sizeMm":25,"diameterIn":0.98,"nominalLabel":"1\" copper","depthM":1.7,"zone":0}},{"type":"Feature","id":"water-E874","geometry":{"type":"LineString","coordinates":[[-78.9371231,43.8710738],[-78.9369567,43.8711117],[-78.9369374,43.8710972]]},"properties":{"kind":"service","tier":"service","placement":"underground","from":"water-T-352","to":"water-N-P-00260","lengthM":16.24,"sizeMm":25,"diameterIn":0.98,"nominalLabel":"1\" copper","depthM":1.7,"zone":0}},{"type":"Feature","id":"water-E875","geometry":{"type":"LineString","coordinates":[[-78.9374147,43.8717394],[-78.9374741,43.8717259],[-78.9374785,43.871706]]},"properties":{"kind":"service","tier":"service","placement":"underground","from":"water-T-353","to":"water-N-P-00261","lengthM":7.24,"sizeMm":25,"diameterIn":0.98,"nominalLabel":"1\" copper","depthM":1.7,"zone":0}},{"type":"Feature","id":"water-E876","geometry":{"type":"LineString","coordinates":[[-78.9373416,43.8715725],[-78.937401,43.871559],[-78.9374054,43.8715392]]},"properties":{"kind":"service","tier":"service","placement":"underground","from":"water-T-354","to":"water-N-P-00262","lengthM":7.24,"sizeMm":19,"diameterIn":0.75,"nominalLabel":"3/4\" copper","depthM":1.7,"zone":0}},{"type":"Feature","id":"water-E877","geometry":{"type":"LineString","coordinates":[[-78.9372683,43.8714052],[-78.9373277,43.8713917],[-78.9373321,43.8713718]]},"properties":{"kind":"service","tier":"service","placement":"underground","from":"water-T-355","to":"water-N-P-00263","lengthM":7.24,"sizeMm":19,"diameterIn":0.75,"nominalLabel":"3/4\" copper","depthM":1.7,"zone":0}},{"type":"Feature","id":"water-E878","geometry":{"type":"LineString","coordinates":[[-78.9368022,43.8720064],[-78.936861,43.8721437],[-78.9368409,43.8721576]]},"properties":{"kind":"service","tier":"service","placement":"underground","from":"water-T-356","to":"water-N-P-00264","lengthM":18.24,"sizeMm":25,"diameterIn":0.98,"nominalLabel":"1\" copper","depthM":1.7,"zone":0}},{"type":"Feature","id":"water-E879","geometry":{"type":"LineString","coordinates":[[-78.9367866,43.8720098],[-78.9367609,43.8719498],[-78.9367334,43.8719465]]},"properties":{"kind":"service","tier":"service","placement":"underground","from":"water-T-357","to":"water-N-P-00265","lengthM":9.24,"sizeMm":25,"diameterIn":0.98,"nominalLabel":"1\" copper","depthM":1.7,"zone":0}},{"type":"Feature","id":"water-E880","geometry":{"type":"LineString","coordinates":[[-78.9366567,43.8681102],[-78.9367085,43.8682303],[-78.9366884,43.8682442]]},"properties":{"kind":"service","tier":"service","placement":"underground","from":"water-T-358","to":"water-N-P-00266","lengthM":16.24,"sizeMm":19,"diameterIn":0.75,"nominalLabel":"3/4\" copper","depthM":1.7,"zone":0}},{"type":"Feature","id":"water-E881","geometry":{"type":"LineString","coordinates":[[-78.936448,43.868157],[-78.9364998,43.8682771],[-78.9364797,43.868291]]},"properties":{"kind":"service","tier":"service","placement":"underground","from":"water-T-359","to":"water-N-P-00267","lengthM":16.24,"sizeMm":19,"diameterIn":0.75,"nominalLabel":"3/4\" copper","depthM":1.7,"zone":0}},{"type":"Feature","id":"water-E882","geometry":{"type":"LineString","coordinates":[[-78.9362516,43.868201],[-78.9363034,43.8683211],[-78.9362833,43.868335]]},"properties":{"kind":"service","tier":"service","placement":"underground","from":"water-T-360","to":"water-N-P-00268","lengthM":16.24,"sizeMm":19,"diameterIn":0.75,"nominalLabel":"3/4\" copper","depthM":1.7,"zone":0}},{"type":"Feature","id":"water-E883","geometry":{"type":"LineString","coordinates":[[-78.9360534,43.8682454],[-78.9361052,43.8683655],[-78.9360851,43.8683794]]},"properties":{"kind":"service","tier":"service","placement":"underground","from":"water-T-361","to":"water-N-P-00269","lengthM":16.23,"sizeMm":19,"diameterIn":0.75,"nominalLabel":"3/4\" copper","depthM":1.7,"zone":0}},{"type":"Feature","id":"water-E884","geometry":{"type":"LineString","coordinates":[[-78.9366596,43.8681096],[-78.9366411,43.8680667],[-78.9366136,43.8680634]]},"properties":{"kind":"service","tier":"service","placement":"underground","from":"water-T-362","to":"water-N-P-00270","lengthM":7.24,"sizeMm":19,"diameterIn":0.75,"nominalLabel":"3/4\" copper","depthM":1.7,"zone":0}},{"type":"Feature","id":"water-E885","geometry":{"type":"LineString","coordinates":[[-78.9364684,43.8681524],[-78.9364499,43.8681095],[-78.9364224,43.8681063]]},"properties":{"kind":"service","tier":"service","placement":"underground","from":"water-T-363","to":"water-N-P-00271","lengthM":7.24,"sizeMm":25,"diameterIn":0.98,"nominalLabel":"1\" copper","depthM":1.7,"zone":0}},{"type":"Feature","id":"water-E886","geometry":{"type":"LineString","coordinates":[[-78.9362618,43.8681987],[-78.9362433,43.8681558],[-78.9362158,43.8681526]]},"properties":{"kind":"service","tier":"service","placement":"underground","from":"water-T-364","to":"water-N-P-00272","lengthM":7.24,"sizeMm":19,"diameterIn":0.75,"nominalLabel":"3/4\" copper","depthM":1.7,"zone":0}},{"type":"Feature","id":"water-E887","geometry":{"type":"LineString","coordinates":[[-78.9360486,43.8682465],[-78.9360301,43.8682036],[-78.9360026,43.8682003]]},"properties":{"kind":"service","tier":"service","placement":"underground","from":"water-T-365","to":"water-N-P-00273","lengthM":7.24,"sizeMm":19,"diameterIn":0.75,"nominalLabel":"3/4\" copper","depthM":1.7,"zone":0}},{"type":"Feature","id":"water-E888","geometry":{"type":"LineString","coordinates":[[-78.9366409,43.8730389],[-78.9364744,43.8730764],[-78.9364551,43.8730619]]},"properties":{"kind":"service","tier":"service","placement":"underground","from":"water-T-366","to":"water-N-P-00274","lengthM":16.24,"sizeMm":19,"diameterIn":0.75,"nominalLabel":"3/4\" copper","depthM":1.7,"zone":0}},{"type":"Feature","id":"water-E889","geometry":{"type":"LineString","coordinates":[[-78.9365813,43.8729014],[-78.9364148,43.872939],[-78.9363954,43.8729245]]},"properties":{"kind":"service","tier":"service","placement":"underground","from":"water-T-367","to":"water-N-P-00275","lengthM":16.24,"sizeMm":19,"diameterIn":0.75,"nominalLabel":"3/4\" copper","depthM":1.7,"zone":0}},{"type":"Feature","id":"water-E890","geometry":{"type":"LineString","coordinates":[[-78.9365205,43.8727614],[-78.936354,43.872799],[-78.9363347,43.8727845]]},"properties":{"kind":"service","tier":"service","placement":"underground","from":"water-T-368","to":"water-N-P-00276","lengthM":16.24,"sizeMm":25,"diameterIn":0.98,"nominalLabel":"1\" copper","depthM":1.7,"zone":0}},{"type":"Feature","id":"water-E891","geometry":{"type":"LineString","coordinates":[[-78.936455,43.8726105],[-78.9362885,43.8726481],[-78.9362692,43.8726336]]},"properties":{"kind":"service","tier":"service","placement":"underground","from":"water-T-369","to":"water-N-P-00277","lengthM":16.24,"sizeMm":19,"diameterIn":0.75,"nominalLabel":"3/4\" copper","depthM":1.7,"zone":0}},{"type":"Feature","id":"water-E892","geometry":{"type":"LineString","coordinates":[[-78.9363926,43.8724667],[-78.9362261,43.8725042],[-78.9362067,43.8724898]]},"properties":{"kind":"service","tier":"service","placement":"underground","from":"water-T-370","to":"water-N-P-00278","lengthM":16.24,"sizeMm":25,"diameterIn":0.98,"nominalLabel":"1\" copper","depthM":1.7,"zone":0}},{"type":"Feature","id":"water-E893","geometry":{"type":"LineString","coordinates":[[-78.9363298,43.8723219],[-78.9361633,43.8723595],[-78.9361439,43.872345]]},"properties":{"kind":"service","tier":"service","placement":"underground","from":"water-T-371","to":"water-N-P-00279","lengthM":16.24,"sizeMm":19,"diameterIn":0.75,"nominalLabel":"3/4\" copper","depthM":1.7,"zone":0}},{"type":"Feature","id":"water-E894","geometry":{"type":"LineString","coordinates":[[-78.9365801,43.8728988],[-78.9366396,43.8728854],[-78.9366441,43.8728656]]},"properties":{"kind":"service","tier":"service","placement":"underground","from":"water-T-372","to":"water-N-P-00280","lengthM":7.24,"sizeMm":19,"diameterIn":0.75,"nominalLabel":"3/4\" copper","depthM":1.7,"zone":0}},{"type":"Feature","id":"water-E895","geometry":{"type":"LineString","coordinates":[[-78.9365192,43.8727584],[-78.9365787,43.872745],[-78.9365831,43.8727252]]},"properties":{"kind":"service","tier":"service","placement":"underground","from":"water-T-373","to":"water-N-P-00281","lengthM":7.24,"sizeMm":19,"diameterIn":0.75,"nominalLabel":"3/4\" copper","depthM":1.7,"zone":0}},{"type":"Feature","id":"water-E896","geometry":{"type":"LineString","coordinates":[[-78.9364535,43.8726071],[-78.936513,43.8725937],[-78.9365174,43.8725739]]},"properties":{"kind":"service","tier":"service","placement":"underground","from":"water-T-374","to":"water-N-P-00282","lengthM":7.24,"sizeMm":25,"diameterIn":0.98,"nominalLabel":"1\" copper","depthM":1.7,"zone":0}},{"type":"Feature","id":"water-E897","geometry":{"type":"LineString","coordinates":[[-78.9363904,43.8724617],[-78.9364499,43.8724483],[-78.9364544,43.8724285]]},"properties":{"kind":"service","tier":"service","placement":"underground","from":"water-T-375","to":"water-N-P-00283","lengthM":7.24,"sizeMm":25,"diameterIn":0.98,"nominalLabel":"1\" copper","depthM":1.7,"zone":0}},{"type":"Feature","id":"water-E898","geometry":{"type":"LineString","coordinates":[[-78.9363287,43.8723194],[-78.9363881,43.872306],[-78.9363926,43.8722862]]},"properties":{"kind":"service","tier":"service","placement":"underground","from":"water-T-376","to":"water-N-P-00284","lengthM":7.24,"sizeMm":25,"diameterIn":0.98,"nominalLabel":"1\" copper","depthM":1.7,"zone":0}},{"type":"Feature","id":"water-E899","geometry":{"type":"LineString","coordinates":[[-78.9369845,43.8707604],[-78.9368184,43.870799],[-78.9367989,43.8707846]]},"properties":{"kind":"service","tier":"service","placement":"underground","from":"water-T-377","to":"water-N-P-00285","lengthM":16.24,"sizeMm":19,"diameterIn":0.75,"nominalLabel":"3/4\" copper","depthM":1.7,"zone":0}},{"type":"Feature","id":"water-E900","geometry":{"type":"LineString","coordinates":[[-78.9369196,43.8706152],[-78.9367536,43.8706537],[-78.9367341,43.8706394]]},"properties":{"kind":"service","tier":"service","placement":"underground","from":"water-T-378","to":"water-N-P-00286","lengthM":16.24,"sizeMm":19,"diameterIn":0.75,"nominalLabel":"3/4\" copper","depthM":1.7,"zone":0}},{"type":"Feature","id":"water-E901","geometry":{"type":"LineString","coordinates":[[-78.9368563,43.8704732],[-78.9366902,43.8705118],[-78.9366707,43.8704974]]},"properties":{"kind":"service","tier":"service","placement":"underground","from":"water-T-379","to":"water-N-P-00287","lengthM":16.24,"sizeMm":19,"diameterIn":0.75,"nominalLabel":"3/4\" copper","depthM":1.7,"zone":0}},{"type":"Feature","id":"water-E902","geometry":{"type":"LineString","coordinates":[[-78.9367948,43.8703356],[-78.9366288,43.8703741],[-78.9366093,43.8703597]]},"properties":{"kind":"service","tier":"service","placement":"underground","from":"water-T-380","to":"water-N-P-00288","lengthM":16.24,"sizeMm":25,"diameterIn":0.98,"nominalLabel":"1\" copper","depthM":1.7,"zone":0}},{"type":"Feature","id":"water-E903","geometry":{"type":"LineString","coordinates":[[-78.9367332,43.8701975],[-78.9365671,43.870236],[-78.9365476,43.8702216]]},"properties":{"kind":"service","tier":"service","placement":"underground","from":"water-T-381","to":"water-N-P-00289","lengthM":16.24,"sizeMm":19,"diameterIn":0.75,"nominalLabel":"3/4\" copper","depthM":1.7,"zone":0}},{"type":"Feature","id":"water-E904","geometry":{"type":"LineString","coordinates":[[-78.936862,43.870486],[-78.9369213,43.8704722],[-78.9369255,43.8704523]]},"properties":{"kind":"service","tier":"service","placement":"underground","from":"water-T-382","to":"water-N-P-00290","lengthM":7.24,"sizeMm":25,"diameterIn":0.98,"nominalLabel":"1\" copper","depthM":1.7,"zone":0}},{"type":"Feature","id":"water-E905","geometry":{"type":"LineString","coordinates":[[-78.9363741,43.8710276],[-78.9364261,43.8711477],[-78.936406,43.8711616]]},"properties":{"kind":"service","tier":"service","placement":"underground","from":"water-T-383","to":"water-N-P-00291","lengthM":16.24,"sizeMm":25,"diameterIn":0.98,"nominalLabel":"1\" copper","depthM":1.7,"zone":0}},{"type":"Feature","id":"water-E906","geometry":{"type":"LineString","coordinates":[[-78.9361793,43.8710715],[-78.9362313,43.8711915],[-78.9362113,43.8712055]]},"properties":{"kind":"service","tier":"service","placement":"underground","from":"water-T-384","to":"water-N-P-00292","lengthM":16.24,"sizeMm":25,"diameterIn":0.98,"nominalLabel":"1\" copper","depthM":1.7,"zone":0}},{"type":"Feature","id":"water-E907","geometry":{"type":"LineString","coordinates":[[-78.9359714,43.8711183],[-78.9360233,43.8712382],[-78.9360032,43.8712521]]},"properties":{"kind":"service","tier":"service","placement":"underground","from":"water-T-385","to":"water-N-P-00293","lengthM":16.22,"sizeMm":25,"diameterIn":0.98,"nominalLabel":"1\" copper","depthM":1.7,"zone":0}},{"type":"Feature","id":"water-E908","geometry":{"type":"LineString","coordinates":[[-78.93637,43.8710286],[-78.9363515,43.8709857],[-78.936324,43.8709825]]},"properties":{"kind":"service","tier":"service","placement":"underground","from":"water-T-386","to":"water-N-P-00294","lengthM":7.24,"sizeMm":19,"diameterIn":0.75,"nominalLabel":"3/4\" copper","depthM":1.7,"zone":0}},{"type":"Feature","id":"water-E909","geometry":{"type":"LineString","coordinates":[[-78.9361691,43.8710738],[-78.9361505,43.8710309],[-78.936123,43.8710277]]},"properties":{"kind":"service","tier":"service","placement":"underground","from":"water-T-387","to":"water-N-P-00295","lengthM":7.24,"sizeMm":19,"diameterIn":0.75,"nominalLabel":"3/4\" copper","depthM":1.7,"zone":0}},{"type":"Feature","id":"water-E910","geometry":{"type":"LineString","coordinates":[[-78.9359684,43.871119],[-78.9359498,43.8710761],[-78.9359223,43.8710728]]},"properties":{"kind":"service","tier":"service","placement":"underground","from":"water-T-388","to":"water-N-P-00296","lengthM":7.24,"sizeMm":25,"diameterIn":0.98,"nominalLabel":"1\" copper","depthM":1.7,"zone":0}},{"type":"Feature","id":"water-E911","geometry":{"type":"LineString","coordinates":[[-78.9365979,43.8698856],[-78.9364314,43.8699235],[-78.9364121,43.8699091]]},"properties":{"kind":"service","tier":"service","placement":"underground","from":"water-T-389","to":"water-N-P-00297","lengthM":16.25,"sizeMm":19,"diameterIn":0.75,"nominalLabel":"3/4\" copper","depthM":1.7,"zone":0}},{"type":"Feature","id":"water-E912","geometry":{"type":"LineString","coordinates":[[-78.9365199,43.8697076],[-78.9363535,43.8697454],[-78.9363342,43.869731]]},"properties":{"kind":"service","tier":"service","placement":"underground","from":"water-T-390","to":"water-N-P-00298","lengthM":16.24,"sizeMm":19,"diameterIn":0.75,"nominalLabel":"3/4\" copper","depthM":1.7,"zone":0}},{"type":"Feature","id":"water-E913","geometry":{"type":"LineString","coordinates":[[-78.936442,43.8695298],[-78.9362756,43.8695677],[-78.9362563,43.8695532]]},"properties":{"kind":"service","tier":"service","placement":"underground","from":"water-T-391","to":"water-N-P-00299","lengthM":16.24,"sizeMm":19,"diameterIn":0.75,"nominalLabel":"3/4\" copper","depthM":1.7,"zone":0}},{"type":"Feature","id":"water-E914","geometry":{"type":"LineString","coordinates":[[-78.9363672,43.869359],[-78.9362008,43.8693969],[-78.9361814,43.8693825]]},"properties":{"kind":"service","tier":"service","placement":"underground","from":"water-T-392","to":"water-N-P-00300","lengthM":16.24,"sizeMm":25,"diameterIn":0.98,"nominalLabel":"1\" copper","depthM":1.7,"zone":0}},{"type":"Feature","id":"water-E915","geometry":{"type":"LineString","coordinates":[[-78.9362931,43.86919],[-78.9361267,43.8692279],[-78.9361074,43.8692135]]},"properties":{"kind":"service","tier":"service","placement":"underground","from":"water-T-393","to":"water-N-P-00301","lengthM":16.24,"sizeMm":25,"diameterIn":0.98,"nominalLabel":"1\" copper","depthM":1.7,"zone":0}},{"type":"Feature","id":"water-E916","geometry":{"type":"LineString","coordinates":[[-78.9362172,43.8690167],[-78.9360508,43.8690546],[-78.9360314,43.8690401]]},"properties":{"kind":"service","tier":"service","placement":"underground","from":"water-T-394","to":"water-N-P-00302","lengthM":16.24,"sizeMm":25,"diameterIn":0.98,"nominalLabel":"1\" copper","depthM":1.7,"zone":0}},{"type":"Feature","id":"water-E917","geometry":{"type":"LineString","coordinates":[[-78.9361387,43.8688378],[-78.9359724,43.8688756],[-78.935953,43.8688612]]},"properties":{"kind":"service","tier":"service","placement":"underground","from":"water-T-395","to":"water-N-P-00303","lengthM":16.24,"sizeMm":19,"diameterIn":0.75,"nominalLabel":"3/4\" copper","depthM":1.7,"zone":0}},{"type":"Feature","id":"water-E918","geometry":{"type":"LineString","coordinates":[[-78.9360593,43.8686565],[-78.9358929,43.8686943],[-78.9358736,43.8686799]]},"properties":{"kind":"service","tier":"service","placement":"underground","from":"water-T-396","to":"water-N-P-00304","lengthM":16.24,"sizeMm":25,"diameterIn":0.98,"nominalLabel":"1\" copper","depthM":1.7,"zone":0}},{"type":"Feature","id":"water-E919","geometry":{"type":"LineString","coordinates":[[-78.9359822,43.8684806],[-78.9358159,43.8685185],[-78.9357965,43.8685041]]},"properties":{"kind":"service","tier":"service","placement":"underground","from":"water-T-397","to":"water-N-P-00305","lengthM":16.24,"sizeMm":19,"diameterIn":0.75,"nominalLabel":"3/4\" copper","depthM":1.7,"zone":0}},{"type":"Feature","id":"water-E920","geometry":{"type":"LineString","coordinates":[[-78.9364432,43.8695325],[-78.9365026,43.8695189],[-78.936507,43.8694991]]},"properties":{"kind":"service","tier":"service","placement":"underground","from":"water-T-398","to":"water-N-P-00306","lengthM":7.24,"sizeMm":25,"diameterIn":0.98,"nominalLabel":"1\" copper","depthM":1.7,"zone":0}},{"type":"Feature","id":"water-E921","geometry":{"type":"LineString","coordinates":[[-78.9363691,43.8693634],[-78.9364285,43.8693498],[-78.9364329,43.86933]]},"properties":{"kind":"service","tier":"service","placement":"underground","from":"water-T-399","to":"water-N-P-00307","lengthM":7.24,"sizeMm":19,"diameterIn":0.75,"nominalLabel":"3/4\" copper","depthM":1.7,"zone":0}},{"type":"Feature","id":"water-E922","geometry":{"type":"LineString","coordinates":[[-78.9362893,43.8691814],[-78.9363487,43.8691679],[-78.9363531,43.869148]]},"properties":{"kind":"service","tier":"service","placement":"underground","from":"water-T-400","to":"water-N-P-00308","lengthM":7.24,"sizeMm":19,"diameterIn":0.75,"nominalLabel":"3/4\" copper","depthM":1.7,"zone":0}},{"type":"Feature","id":"water-E923","geometry":{"type":"LineString","coordinates":[[-78.9362118,43.8690044],[-78.9362712,43.8689908],[-78.9362755,43.868971]]},"properties":{"kind":"service","tier":"service","placement":"underground","from":"water-T-401","to":"water-N-P-00309","lengthM":7.24,"sizeMm":19,"diameterIn":0.75,"nominalLabel":"3/4\" copper","depthM":1.7,"zone":0}},{"type":"Feature","id":"water-E924","geometry":{"type":"LineString","coordinates":[[-78.93614,43.8688406],[-78.9361994,43.8688271],[-78.9362038,43.8688072]]},"properties":{"kind":"service","tier":"service","placement":"underground","from":"water-T-402","to":"water-N-P-00310","lengthM":7.24,"sizeMm":19,"diameterIn":0.75,"nominalLabel":"3/4\" copper","depthM":1.7,"zone":0}},{"type":"Feature","id":"water-E925","geometry":{"type":"LineString","coordinates":[[-78.935985,43.8701619],[-78.9360375,43.8702818],[-78.9360174,43.8702958]]},"properties":{"kind":"service","tier":"service","placement":"underground","from":"water-T-403","to":"water-N-P-00311","lengthM":16.24,"sizeMm":19,"diameterIn":0.75,"nominalLabel":"3/4\" copper","depthM":1.7,"zone":0}},{"type":"Feature","id":"water-E926","geometry":{"type":"LineString","coordinates":[[-78.9357816,43.8702081],[-78.9358341,43.8703281],[-78.935814,43.870342]]},"properties":{"kind":"service","tier":"service","placement":"underground","from":"water-T-404","to":"water-N-P-00312","lengthM":16.24,"sizeMm":25,"diameterIn":0.98,"nominalLabel":"1\" copper","depthM":1.7,"zone":0}},{"type":"Feature","id":"water-E927","geometry":{"type":"LineString","coordinates":[[-78.9355844,43.8702529],[-78.9356369,43.8703729],[-78.9356169,43.8703869]]},"properties":{"kind":"service","tier":"service","placement":"underground","from":"water-T-405","to":"water-N-P-00313","lengthM":16.24,"sizeMm":19,"diameterIn":0.75,"nominalLabel":"3/4\" copper","depthM":1.7,"zone":0}},{"type":"Feature","id":"water-E928","geometry":{"type":"LineString","coordinates":[[-78.9359934,43.87016],[-78.9359746,43.8701172],[-78.9359471,43.870114]]},"properties":{"kind":"service","tier":"service","placement":"underground","from":"water-T-406","to":"water-N-P-00314","lengthM":7.24,"sizeMm":19,"diameterIn":0.75,"nominalLabel":"3/4\" copper","depthM":1.7,"zone":0}},{"type":"Feature","id":"water-E929","geometry":{"type":"LineString","coordinates":[[-78.935787,43.8702069],[-78.9357683,43.8701641],[-78.9357407,43.8701609]]},"properties":{"kind":"service","tier":"service","placement":"underground","from":"water-T-407","to":"water-N-P-00315","lengthM":7.24,"sizeMm":25,"diameterIn":0.98,"nominalLabel":"1\" copper","depthM":1.7,"zone":0}},{"type":"Feature","id":"water-E930","geometry":{"type":"LineString","coordinates":[[-78.935587,43.8702524],[-78.9355682,43.8702095],[-78.9355407,43.8702064]]},"properties":{"kind":"service","tier":"service","placement":"underground","from":"water-T-408","to":"water-N-P-00316","lengthM":7.24,"sizeMm":19,"diameterIn":0.75,"nominalLabel":"3/4\" copper","depthM":1.7,"zone":0}},{"type":"Feature","id":"water-E931","geometry":{"type":"LineString","coordinates":[[-78.9361939,43.8720195],[-78.9360274,43.8720571],[-78.9360081,43.8720427]]},"properties":{"kind":"service","tier":"service","placement":"underground","from":"water-T-409","to":"water-N-P-00317","lengthM":16.24,"sizeMm":19,"diameterIn":0.75,"nominalLabel":"3/4\" copper","depthM":1.7,"zone":0}},{"type":"Feature","id":"water-E932","geometry":{"type":"LineString","coordinates":[[-78.9361188,43.871847],[-78.9359523,43.8718846],[-78.935933,43.8718701]]},"properties":{"kind":"service","tier":"service","placement":"underground","from":"water-T-410","to":"water-N-P-00318","lengthM":16.24,"sizeMm":19,"diameterIn":0.75,"nominalLabel":"3/4\" copper","depthM":1.7,"zone":0}},{"type":"Feature","id":"water-E933","geometry":{"type":"LineString","coordinates":[[-78.9360413,43.871669],[-78.9358749,43.8717066],[-78.9358555,43.8716921]]},"properties":{"kind":"service","tier":"service","placement":"underground","from":"water-T-411","to":"water-N-P-00319","lengthM":16.24,"sizeMm":19,"diameterIn":0.75,"nominalLabel":"3/4\" copper","depthM":1.7,"zone":0}},{"type":"Feature","id":"water-E934","geometry":{"type":"LineString","coordinates":[[-78.9359706,43.8715063],[-78.9358041,43.8715439],[-78.9357848,43.8715295]]},"properties":{"kind":"service","tier":"service","placement":"underground","from":"water-T-412","to":"water-N-P-00320","lengthM":16.24,"sizeMm":19,"diameterIn":0.75,"nominalLabel":"3/4\" copper","depthM":1.7,"zone":0}},{"type":"Feature","id":"water-E935","geometry":{"type":"LineString","coordinates":[[-78.9359008,43.871346],[-78.9357343,43.8713836],[-78.935715,43.8713692]]},"properties":{"kind":"service","tier":"service","placement":"underground","from":"water-T-413","to":"water-N-P-00321","lengthM":16.24,"sizeMm":25,"diameterIn":0.98,"nominalLabel":"1\" copper","depthM":1.7,"zone":0}},{"type":"Feature","id":"water-E936","geometry":{"type":"LineString","coordinates":[[-78.9361922,43.8720157],[-78.9362517,43.8720023],[-78.9362561,43.8719824]]},"properties":{"kind":"service","tier":"service","placement":"underground","from":"water-T-414","to":"water-N-P-00322","lengthM":7.24,"sizeMm":25,"diameterIn":0.98,"nominalLabel":"1\" copper","depthM":1.7,"zone":0}},{"type":"Feature","id":"water-E937","geometry":{"type":"LineString","coordinates":[[-78.9361197,43.871849],[-78.9361791,43.8718355],[-78.9361836,43.8718157]]},"properties":{"kind":"service","tier":"service","placement":"underground","from":"water-T-415","to":"water-N-P-00323","lengthM":7.24,"sizeMm":19,"diameterIn":0.75,"nominalLabel":"3/4\" copper","depthM":1.7,"zone":0}},{"type":"Feature","id":"water-E938","geometry":{"type":"LineString","coordinates":[[-78.9360421,43.8716707],[-78.9361016,43.8716573],[-78.936106,43.8716375]]},"properties":{"kind":"service","tier":"service","placement":"underground","from":"water-T-416","to":"water-N-P-00324","lengthM":7.24,"sizeMm":19,"diameterIn":0.75,"nominalLabel":"3/4\" copper","depthM":1.7,"zone":0}},{"type":"Feature","id":"water-E939","geometry":{"type":"LineString","coordinates":[[-78.9355466,43.8722845],[-78.9356053,43.8724219],[-78.9355852,43.8724358]]},"properties":{"kind":"service","tier":"service","placement":"underground","from":"water-T-417","to":"water-N-P-00325","lengthM":18.24,"sizeMm":25,"diameterIn":0.98,"nominalLabel":"1\" copper","depthM":1.7,"zone":0}},{"type":"Feature","id":"water-E940","geometry":{"type":"LineString","coordinates":[[-78.9353283,43.872333],[-78.9353869,43.8724704],[-78.9353668,43.8724842]]},"properties":{"kind":"service","tier":"service","placement":"underground","from":"water-T-418","to":"water-N-P-00326","lengthM":18.24,"sizeMm":25,"diameterIn":0.98,"nominalLabel":"1\" copper","depthM":1.7,"zone":0}},{"type":"Feature","id":"water-E941","geometry":{"type":"LineString","coordinates":[[-78.9351071,43.8723821],[-78.9351658,43.8725194],[-78.9351456,43.8725333]]},"properties":{"kind":"service","tier":"service","placement":"underground","from":"water-T-419","to":"water-N-P-00327","lengthM":18.24,"sizeMm":25,"diameterIn":0.98,"nominalLabel":"1\" copper","depthM":1.7,"zone":0}},{"type":"Feature","id":"water-E942","geometry":{"type":"LineString","coordinates":[[-78.9348893,43.8724304],[-78.934948,43.8725678],[-78.9349278,43.8725817]]},"properties":{"kind":"service","tier":"service","placement":"underground","from":"water-T-420","to":"water-N-P-00328","lengthM":18.24,"sizeMm":19,"diameterIn":0.75,"nominalLabel":"3/4\" copper","depthM":1.7,"zone":0}},{"type":"Feature","id":"water-E943","geometry":{"type":"LineString","coordinates":[[-78.9346651,43.8724802],[-78.9347238,43.8726175],[-78.9347036,43.8726314]]},"properties":{"kind":"service","tier":"service","placement":"underground","from":"water-T-421","to":"water-N-P-00329","lengthM":18.24,"sizeMm":25,"diameterIn":0.98,"nominalLabel":"1\" copper","depthM":1.7,"zone":0}},{"type":"Feature","id":"water-E944","geometry":{"type":"LineString","coordinates":[[-78.9344512,43.8725276],[-78.9345098,43.872665],[-78.9344897,43.8726789]]},"properties":{"kind":"service","tier":"service","placement":"underground","from":"water-T-422","to":"water-N-P-00330","lengthM":18.24,"sizeMm":19,"diameterIn":0.75,"nominalLabel":"3/4\" copper","depthM":1.7,"zone":0}},{"type":"Feature","id":"water-E945","geometry":{"type":"LineString","coordinates":[[-78.9355399,43.872286],[-78.9355143,43.8722259],[-78.9354868,43.8722226]]},"properties":{"kind":"service","tier":"service","placement":"underground","from":"water-T-423","to":"water-N-P-00331","lengthM":9.24,"sizeMm":25,"diameterIn":0.98,"nominalLabel":"1\" copper","depthM":1.7,"zone":0}},{"type":"Feature","id":"water-E946","geometry":{"type":"LineString","coordinates":[[-78.9353325,43.872332],[-78.9353068,43.8722719],[-78.9352793,43.8722687]]},"properties":{"kind":"service","tier":"service","placement":"underground","from":"water-T-424","to":"water-N-P-00332","lengthM":9.24,"sizeMm":19,"diameterIn":0.75,"nominalLabel":"3/4\" copper","depthM":1.7,"zone":0}},{"type":"Feature","id":"water-E947","geometry":{"type":"LineString","coordinates":[[-78.9351174,43.8723798],[-78.9350917,43.8723197],[-78.9350643,43.8723164]]},"properties":{"kind":"service","tier":"service","placement":"underground","from":"water-T-425","to":"water-N-P-00333","lengthM":9.24,"sizeMm":19,"diameterIn":0.75,"nominalLabel":"3/4\" copper","depthM":1.7,"zone":0}},{"type":"Feature","id":"water-E948","geometry":{"type":"LineString","coordinates":[[-78.9348923,43.8724298],[-78.9348666,43.8723697],[-78.9348391,43.8723664]]},"properties":{"kind":"service","tier":"service","placement":"underground","from":"water-T-426","to":"water-N-P-00334","lengthM":9.24,"sizeMm":19,"diameterIn":0.75,"nominalLabel":"3/4\" copper","depthM":1.7,"zone":0}},{"type":"Feature","id":"water-E949","geometry":{"type":"LineString","coordinates":[[-78.9351723,43.8684495],[-78.9352265,43.8685691],[-78.9352067,43.8685832]]},"properties":{"kind":"service","tier":"service","placement":"underground","from":"water-T-427","to":"water-N-P-00335","lengthM":16.24,"sizeMm":19,"diameterIn":0.75,"nominalLabel":"3/4\" copper","depthM":1.7,"zone":0}},{"type":"Feature","id":"water-E950","geometry":{"type":"LineString","coordinates":[[-78.93495,43.8685019],[-78.9350042,43.8686215],[-78.9349844,43.8686356]]},"properties":{"kind":"service","tier":"service","placement":"underground","from":"water-T-428","to":"water-N-P-00336","lengthM":16.24,"sizeMm":25,"diameterIn":0.98,"nominalLabel":"1\" copper","depthM":1.7,"zone":0}},{"type":"Feature","id":"water-E951","geometry":{"type":"LineString","coordinates":[[-78.9347747,43.8690547],[-78.9349429,43.869019],[-78.934962,43.8690335]]},"properties":{"kind":"service","tier":"service","placement":"underground","from":"water-T-429","to":"water-N-P-00337","lengthM":16.31,"sizeMm":19,"diameterIn":0.75,"nominalLabel":"3/4\" copper","depthM":1.7,"zone":0}},{"type":"Feature","id":"water-E952","geometry":{"type":"LineString","coordinates":[[-78.9348436,43.8692123],[-78.9350098,43.8691741],[-78.9350292,43.8691884]]},"properties":{"kind":"service","tier":"service","placement":"underground","from":"water-T-430","to":"water-N-P-00338","lengthM":16.24,"sizeMm":19,"diameterIn":0.75,"nominalLabel":"3/4\" copper","depthM":1.7,"zone":0}},{"type":"Feature","id":"water-E953","geometry":{"type":"LineString","coordinates":[[-78.9349163,43.8693764],[-78.9350824,43.8693381],[-78.9351019,43.8693525]]},"properties":{"kind":"service","tier":"service","placement":"underground","from":"water-T-431","to":"water-N-P-00339","lengthM":16.24,"sizeMm":19,"diameterIn":0.75,"nominalLabel":"3/4\" copper","depthM":1.7,"zone":0}},{"type":"Feature","id":"water-E954","geometry":{"type":"LineString","coordinates":[[-78.9349915,43.8695462],[-78.9351577,43.869508],[-78.9351771,43.8695223]]},"properties":{"kind":"service","tier":"service","placement":"underground","from":"water-T-432","to":"water-N-P-00340","lengthM":16.24,"sizeMm":19,"diameterIn":0.75,"nominalLabel":"3/4\" copper","depthM":1.7,"zone":0}},{"type":"Feature","id":"water-E955","geometry":{"type":"LineString","coordinates":[[-78.9350614,43.8697042],[-78.9352276,43.8696659],[-78.9352471,43.8696803]]},"properties":{"kind":"service","tier":"service","placement":"underground","from":"water-T-433","to":"water-N-P-00341","lengthM":16.24,"sizeMm":25,"diameterIn":0.98,"nominalLabel":"1\" copper","depthM":1.7,"zone":0}},{"type":"Feature","id":"water-E956","geometry":{"type":"LineString","coordinates":[[-78.9351312,43.8698617],[-78.9352974,43.8698235],[-78.9353169,43.8698378]]},"properties":{"kind":"service","tier":"service","placement":"underground","from":"water-T-434","to":"water-N-P-00342","lengthM":16.24,"sizeMm":25,"diameterIn":0.98,"nominalLabel":"1\" copper","depthM":1.7,"zone":0}},{"type":"Feature","id":"water-E957","geometry":{"type":"LineString","coordinates":[[-78.9356281,43.8683421],[-78.9356088,43.8682994],[-78.9355812,43.8682964]]},"properties":{"kind":"service","tier":"service","placement":"underground","from":"water-T-435","to":"water-N-P-00343","lengthM":7.24,"sizeMm":19,"diameterIn":0.75,"nominalLabel":"3/4\" copper","depthM":1.7,"zone":0}},{"type":"Feature","id":"water-E958","geometry":{"type":"LineString","coordinates":[[-78.9354101,43.8683935],[-78.9353907,43.8683508],[-78.9353632,43.8683478]]},"properties":{"kind":"service","tier":"service","placement":"underground","from":"water-T-436","to":"water-N-P-00344","lengthM":7.24,"sizeMm":19,"diameterIn":0.75,"nominalLabel":"3/4\" copper","depthM":1.7,"zone":0}},{"type":"Feature","id":"water-E959","geometry":{"type":"LineString","coordinates":[[-78.9351687,43.8684504],[-78.9351493,43.8684077],[-78.9351218,43.8684047]]},"properties":{"kind":"service","tier":"service","placement":"underground","from":"water-T-437","to":"water-N-P-00345","lengthM":7.24,"sizeMm":19,"diameterIn":0.75,"nominalLabel":"3/4\" copper","depthM":1.7,"zone":0}},{"type":"Feature","id":"water-E960","geometry":{"type":"LineString","coordinates":[[-78.9349415,43.8685039],[-78.9349221,43.8684612],[-78.9348945,43.8684583]]},"properties":{"kind":"service","tier":"service","placement":"underground","from":"water-T-438","to":"water-N-P-00346","lengthM":7.24,"sizeMm":19,"diameterIn":0.75,"nominalLabel":"3/4\" copper","depthM":1.7,"zone":0}},{"type":"Feature","id":"water-E961","geometry":{"type":"LineString","coordinates":[[-78.9347288,43.8685535],[-78.9347104,43.8685099],[-78.9346829,43.8685067]]},"properties":{"kind":"service","tier":"service","placement":"underground","from":"water-T-439","to":"water-N-P-00347","lengthM":7.3,"sizeMm":19,"diameterIn":0.75,"nominalLabel":"3/4\" copper","depthM":1.7,"zone":0}},{"type":"Feature","id":"water-E962","geometry":{"type":"LineString","coordinates":[[-78.9346388,43.8687223],[-78.9345791,43.868735],[-78.9345741,43.8687547]]},"properties":{"kind":"service","tier":"service","placement":"underground","from":"water-T-440","to":"water-N-P-00348","lengthM":7.24,"sizeMm":19,"diameterIn":0.75,"nominalLabel":"3/4\" copper","depthM":1.7,"zone":0}},{"type":"Feature","id":"water-E963","geometry":{"type":"LineString","coordinates":[[-78.9347102,43.868897],[-78.9346504,43.8689097],[-78.9346455,43.8689294]]},"properties":{"kind":"service","tier":"service","placement":"underground","from":"water-T-441","to":"water-N-P-00349","lengthM":7.24,"sizeMm":25,"diameterIn":0.98,"nominalLabel":"1\" copper","depthM":1.7,"zone":0}},{"type":"Feature","id":"water-E964","geometry":{"type":"LineString","coordinates":[[-78.934781,43.8690703],[-78.9347223,43.8690828],[-78.9347177,43.8691026]]},"properties":{"kind":"service","tier":"service","placement":"underground","from":"water-T-442","to":"water-N-P-00350","lengthM":7.15,"sizeMm":25,"diameterIn":0.98,"nominalLabel":"1\" copper","depthM":1.7,"zone":0}},{"type":"Feature","id":"water-E965","geometry":{"type":"LineString","coordinates":[[-78.934847,43.8692201],[-78.9347876,43.8692337],[-78.9347834,43.8692536]]},"properties":{"kind":"service","tier":"service","placement":"underground","from":"water-T-443","to":"water-N-P-00351","lengthM":7.24,"sizeMm":19,"diameterIn":0.75,"nominalLabel":"3/4\" copper","depthM":1.7,"zone":0}},{"type":"Feature","id":"water-E966","geometry":{"type":"LineString","coordinates":[[-78.9349165,43.869377],[-78.9348572,43.8693907],[-78.9348529,43.8694105]]},"properties":{"kind":"service","tier":"service","placement":"underground","from":"water-T-444","to":"water-N-P-00352","lengthM":7.24,"sizeMm":19,"diameterIn":0.75,"nominalLabel":"3/4\" copper","depthM":1.7,"zone":0}},{"type":"Feature","id":"water-E967","geometry":{"type":"LineString","coordinates":[[-78.9349929,43.8695495],[-78.9349336,43.8695632],[-78.9349293,43.869583]]},"properties":{"kind":"service","tier":"service","placement":"underground","from":"water-T-445","to":"water-N-P-00353","lengthM":7.24,"sizeMm":19,"diameterIn":0.75,"nominalLabel":"3/4\" copper","depthM":1.7,"zone":0}},{"type":"Feature","id":"water-E968","geometry":{"type":"LineString","coordinates":[[-78.9350627,43.8697069],[-78.9350033,43.8697206],[-78.934999,43.8697404]]},"properties":{"kind":"service","tier":"service","placement":"underground","from":"water-T-446","to":"water-N-P-00354","lengthM":7.24,"sizeMm":19,"diameterIn":0.75,"nominalLabel":"3/4\" copper","depthM":1.7,"zone":0}},{"type":"Feature","id":"water-E969","geometry":{"type":"LineString","coordinates":[[-78.9351338,43.8698676],[-78.9350745,43.8698813],[-78.9350702,43.8699011]]},"properties":{"kind":"service","tier":"service","placement":"underground","from":"water-T-447","to":"water-N-P-00355","lengthM":7.24,"sizeMm":25,"diameterIn":0.98,"nominalLabel":"1\" copper","depthM":1.7,"zone":0}},{"type":"Feature","id":"water-E970","geometry":{"type":"LineString","coordinates":[[-78.9352049,43.8700281],[-78.9351456,43.8700417],[-78.9351413,43.8700616]]},"properties":{"kind":"service","tier":"service","placement":"underground","from":"water-T-448","to":"water-N-P-00356","lengthM":7.24,"sizeMm":25,"diameterIn":0.98,"nominalLabel":"1\" copper","depthM":1.7,"zone":0}},{"type":"Feature","id":"water-E971","geometry":{"type":"LineString","coordinates":[[-78.9352745,43.8701851],[-78.935215,43.8701988],[-78.9352107,43.8702186]]},"properties":{"kind":"service","tier":"service","placement":"underground","from":"water-T-449","to":"water-N-P-00357","lengthM":7.25,"sizeMm":25,"diameterIn":0.98,"nominalLabel":"1\" copper","depthM":1.7,"zone":0}},{"type":"Feature","id":"water-E972","geometry":{"type":"LineString","coordinates":[[-78.9357649,43.8710355],[-78.9355987,43.8710736],[-78.9355792,43.8710592]]},"properties":{"kind":"service","tier":"service","placement":"underground","from":"water-T-450","to":"water-N-P-00358","lengthM":16.24,"sizeMm":19,"diameterIn":0.75,"nominalLabel":"3/4\" copper","depthM":1.7,"zone":0}},{"type":"Feature","id":"water-E973","geometry":{"type":"LineString","coordinates":[[-78.9357018,43.8708922],[-78.9355355,43.8709302],[-78.9355161,43.8709158]]},"properties":{"kind":"service","tier":"service","placement":"underground","from":"water-T-451","to":"water-N-P-00359","lengthM":16.24,"sizeMm":25,"diameterIn":0.98,"nominalLabel":"1\" copper","depthM":1.7,"zone":0}},{"type":"Feature","id":"water-E974","geometry":{"type":"LineString","coordinates":[[-78.9356406,43.8707532],[-78.9354743,43.8707913],[-78.9354549,43.8707769]]},"properties":{"kind":"service","tier":"service","placement":"underground","from":"water-T-452","to":"water-N-P-00360","lengthM":16.24,"sizeMm":19,"diameterIn":0.75,"nominalLabel":"3/4\" copper","depthM":1.7,"zone":0}},{"type":"Feature","id":"water-E975","geometry":{"type":"LineString","coordinates":[[-78.9355786,43.8706124],[-78.9354124,43.8706505],[-78.9353929,43.8706361]]},"properties":{"kind":"service","tier":"service","placement":"underground","from":"water-T-453","to":"water-N-P-00361","lengthM":16.24,"sizeMm":25,"diameterIn":0.98,"nominalLabel":"1\" copper","depthM":1.7,"zone":0}},{"type":"Feature","id":"water-E976","geometry":{"type":"LineString","coordinates":[[-78.9355171,43.8704726],[-78.9353508,43.8705107],[-78.9353314,43.8704962]]},"properties":{"kind":"service","tier":"service","placement":"underground","from":"water-T-454","to":"water-N-P-00362","lengthM":16.24,"sizeMm":19,"diameterIn":0.75,"nominalLabel":"3/4\" copper","depthM":1.7,"zone":0}},{"type":"Feature","id":"water-E977","geometry":{"type":"LineString","coordinates":[[-78.9356402,43.8707523],[-78.9356996,43.8707387],[-78.935704,43.8707189]]},"properties":{"kind":"service","tier":"service","placement":"underground","from":"water-T-455","to":"water-N-P-00363","lengthM":7.24,"sizeMm":19,"diameterIn":0.75,"nominalLabel":"3/4\" copper","depthM":1.7,"zone":0}},{"type":"Feature","id":"water-E978","geometry":{"type":"LineString","coordinates":[[-78.9347709,43.8704207],[-78.9348169,43.8705421],[-78.9347961,43.8705555]]},"properties":{"kind":"service","tier":"service","placement":"underground","from":"water-T-456","to":"water-N-P-00364","lengthM":16.24,"sizeMm":25,"diameterIn":0.98,"nominalLabel":"1\" copper","depthM":1.7,"zone":0}},{"type":"Feature","id":"water-E979","geometry":{"type":"LineString","coordinates":[[-78.9341303,43.8703387],[-78.9340382,43.8704454],[-78.9340105,43.8704436]]},"properties":{"kind":"service","tier":"service","placement":"underground","from":"water-T-457","to":"water-N-P-00365","lengthM":16.22,"sizeMm":19,"diameterIn":0.75,"nominalLabel":"3/4\" copper","depthM":1.7,"zone":0}},{"type":"Feature","id":"water-E980","geometry":{"type":"LineString","coordinates":[[-78.9338896,43.8702674],[-78.9338511,43.8703942],[-78.9338242,43.8703994]]},"properties":{"kind":"service","tier":"service","placement":"underground","from":"water-T-458","to":"water-N-P-00366","lengthM":16.68,"sizeMm":19,"diameterIn":0.75,"nominalLabel":"3/4\" copper","depthM":1.7,"zone":0}},{"type":"Feature","id":"water-E981","geometry":{"type":"LineString","coordinates":[[-78.9333965,43.8707687],[-78.9335629,43.8707308],[-78.9335823,43.8707452]]},"properties":{"kind":"service","tier":"service","placement":"underground","from":"water-T-459","to":"water-N-P-00367","lengthM":16.24,"sizeMm":25,"diameterIn":0.98,"nominalLabel":"1\" copper","depthM":1.7,"zone":0}},{"type":"Feature","id":"water-E982","geometry":{"type":"LineString","coordinates":[[-78.9334609,43.8709156],[-78.9336273,43.8708777],[-78.9336466,43.8708921]]},"properties":{"kind":"service","tier":"service","placement":"underground","from":"water-T-460","to":"water-N-P-00368","lengthM":16.24,"sizeMm":19,"diameterIn":0.75,"nominalLabel":"3/4\" copper","depthM":1.7,"zone":0}},{"type":"Feature","id":"water-E983","geometry":{"type":"LineString","coordinates":[[-78.9335221,43.8710553],[-78.9336885,43.8710174],[-78.9337079,43.8710318]]},"properties":{"kind":"service","tier":"service","placement":"underground","from":"water-T-461","to":"water-N-P-00369","lengthM":16.24,"sizeMm":25,"diameterIn":0.98,"nominalLabel":"1\" copper","depthM":1.7,"zone":0}},{"type":"Feature","id":"water-E984","geometry":{"type":"LineString","coordinates":[[-78.9335817,43.8711913],[-78.9337481,43.8711534],[-78.9337674,43.8711678]]},"properties":{"kind":"service","tier":"service","placement":"underground","from":"water-T-462","to":"water-N-P-00370","lengthM":16.24,"sizeMm":19,"diameterIn":0.75,"nominalLabel":"3/4\" copper","depthM":1.7,"zone":0}},{"type":"Feature","id":"water-E985","geometry":{"type":"LineString","coordinates":[[-78.9336453,43.8713365],[-78.9338117,43.8712986],[-78.9338311,43.871313]]},"properties":{"kind":"service","tier":"service","placement":"underground","from":"water-T-463","to":"water-N-P-00371","lengthM":16.24,"sizeMm":19,"diameterIn":0.75,"nominalLabel":"3/4\" copper","depthM":1.7,"zone":0}},{"type":"Feature","id":"water-E986","geometry":{"type":"LineString","coordinates":[[-78.9337079,43.8714793],[-78.9338743,43.8714415],[-78.9338937,43.8714559]]},"properties":{"kind":"service","tier":"service","placement":"underground","from":"water-T-464","to":"water-N-P-00372","lengthM":16.24,"sizeMm":19,"diameterIn":0.75,"nominalLabel":"3/4\" copper","depthM":1.7,"zone":0}},{"type":"Feature","id":"water-E987","geometry":{"type":"LineString","coordinates":[[-78.9347541,43.8704241],[-78.9347377,43.8703807],[-78.9347104,43.8703768]]},"properties":{"kind":"service","tier":"service","placement":"underground","from":"water-T-465","to":"water-N-P-00373","lengthM":7.24,"sizeMm":19,"diameterIn":0.75,"nominalLabel":"3/4\" copper","depthM":1.7,"zone":0}},{"type":"Feature","id":"water-E988","geometry":{"type":"LineString","coordinates":[[-78.9345306,43.8704536],[-78.9345275,43.8703994],[-78.9345028,43.8703901]]},"properties":{"kind":"service","tier":"service","placement":"underground","from":"water-T-466","to":"water-N-P-00374","lengthM":8.27,"sizeMm":19,"diameterIn":0.75,"nominalLabel":"3/4\" copper","depthM":1.7,"zone":0}},{"type":"Feature","id":"water-E989","geometry":{"type":"LineString","coordinates":[[-78.9342934,43.8704094],[-78.9343284,43.8703656],[-78.9343114,43.8703496]]},"properties":{"kind":"service","tier":"service","placement":"underground","from":"water-T-467","to":"water-N-P-00375","lengthM":7.86,"sizeMm":19,"diameterIn":0.75,"nominalLabel":"3/4\" copper","depthM":1.7,"zone":0}},{"type":"Feature","id":"water-E990","geometry":{"type":"LineString","coordinates":[[-78.9341111,43.8703301],[-78.934144,43.8702919],[-78.9341294,43.8702748]]},"properties":{"kind":"service","tier":"service","placement":"underground","from":"water-T-468","to":"water-N-P-00376","lengthM":7.24,"sizeMm":25,"diameterIn":0.98,"nominalLabel":"1\" copper","depthM":1.7,"zone":0}},{"type":"Feature","id":"water-E991","geometry":{"type":"LineString","coordinates":[[-78.9333187,43.870591],[-78.9332593,43.8706046],[-78.9332549,43.8706244]]},"properties":{"kind":"service","tier":"service","placement":"underground","from":"water-T-469","to":"water-N-P-00377","lengthM":7.24,"sizeMm":19,"diameterIn":0.75,"nominalLabel":"3/4\" copper","depthM":1.7,"zone":0}},{"type":"Feature","id":"water-E992","geometry":{"type":"LineString","coordinates":[[-78.933381,43.8707333],[-78.9333216,43.8707468],[-78.9333172,43.8707667]]},"properties":{"kind":"service","tier":"service","placement":"underground","from":"water-T-470","to":"water-N-P-00378","lengthM":7.24,"sizeMm":25,"diameterIn":0.98,"nominalLabel":"1\" copper","depthM":1.7,"zone":0}},{"type":"Feature","id":"water-E993","geometry":{"type":"LineString","coordinates":[[-78.933445,43.8708793],[-78.9333856,43.8708928],[-78.9333812,43.8709126]]},"properties":{"kind":"service","tier":"service","placement":"underground","from":"water-T-471","to":"water-N-P-00379","lengthM":7.24,"sizeMm":19,"diameterIn":0.75,"nominalLabel":"3/4\" copper","depthM":1.7,"zone":0}},{"type":"Feature","id":"water-E994","geometry":{"type":"LineString","coordinates":[[-78.9335095,43.8710264],[-78.9334501,43.87104],[-78.9334457,43.8710598]]},"properties":{"kind":"service","tier":"service","placement":"underground","from":"water-T-472","to":"water-N-P-00380","lengthM":7.24,"sizeMm":25,"diameterIn":0.98,"nominalLabel":"1\" copper","depthM":1.7,"zone":0}},{"type":"Feature","id":"water-E995","geometry":{"type":"LineString","coordinates":[[-78.9335755,43.8711771],[-78.9335161,43.8711906],[-78.9335117,43.8712105]]},"properties":{"kind":"service","tier":"service","placement":"underground","from":"water-T-473","to":"water-N-P-00381","lengthM":7.24,"sizeMm":19,"diameterIn":0.75,"nominalLabel":"3/4\" copper","depthM":1.7,"zone":0}},{"type":"Feature","id":"water-E996","geometry":{"type":"LineString","coordinates":[[-78.9336394,43.871323],[-78.93358,43.8713365],[-78.9335756,43.8713564]]},"properties":{"kind":"service","tier":"service","placement":"underground","from":"water-T-474","to":"water-N-P-00382","lengthM":7.24,"sizeMm":19,"diameterIn":0.75,"nominalLabel":"3/4\" copper","depthM":1.7,"zone":0}},{"type":"Feature","id":"water-E997","geometry":{"type":"LineString","coordinates":[[-78.9337046,43.8714718],[-78.9336452,43.8714853],[-78.9336408,43.8715052]]},"properties":{"kind":"service","tier":"service","placement":"underground","from":"water-T-475","to":"water-N-P-00383","lengthM":7.24,"sizeMm":19,"diameterIn":0.75,"nominalLabel":"3/4\" copper","depthM":1.7,"zone":0}},{"type":"Feature","id":"water-E998","geometry":{"type":"LineString","coordinates":[[-78.9352771,43.8672171],[-78.9353387,43.8672029],[-78.9353427,43.867183]]},"properties":{"kind":"service","tier":"service","placement":"underground","from":"water-T-476","to":"water-N-P-00384","lengthM":7.43,"sizeMm":19,"diameterIn":0.75,"nominalLabel":"3/4\" copper","depthM":1.7,"zone":0}},{"type":"Feature","id":"water-E999","geometry":{"type":"LineString","coordinates":[[-78.9342721,43.8714702],[-78.9343266,43.8715897],[-78.9343068,43.8716038]]},"properties":{"kind":"service","tier":"service","placement":"underground","from":"water-T-477","to":"water-N-P-00385","lengthM":16.23,"sizeMm":25,"diameterIn":0.98,"nominalLabel":"1\" copper","depthM":1.7,"zone":0}},{"type":"Feature","id":"water-E1000","geometry":{"type":"LineString","coordinates":[[-78.9340289,43.8715278],[-78.9340832,43.871647],[-78.9340633,43.8716611]]},"properties":{"kind":"service","tier":"service","placement":"underground","from":"water-T-478","to":"water-N-P-00386","lengthM":16.2,"sizeMm":25,"diameterIn":0.98,"nominalLabel":"1\" copper","depthM":1.7,"zone":0}},{"type":"Feature","id":"water-E1001","geometry":{"type":"LineString","coordinates":[[-78.9342403,43.872436],[-78.9340734,43.8724735],[-78.9340541,43.872459]]},"properties":{"kind":"service","tier":"service","placement":"underground","from":"water-T-479","to":"water-N-P-00387","lengthM":16.27,"sizeMm":19,"diameterIn":0.75,"nominalLabel":"3/4\" copper","depthM":1.7,"zone":0}},{"type":"Feature","id":"water-E1002","geometry":{"type":"LineString","coordinates":[[-78.9341666,43.8722658],[-78.9340001,43.8723033],[-78.9339808,43.8722888]]},"properties":{"kind":"service","tier":"service","placement":"underground","from":"water-T-480","to":"water-N-P-00388","lengthM":16.24,"sizeMm":25,"diameterIn":0.98,"nominalLabel":"1\" copper","depthM":1.7,"zone":0}},{"type":"Feature","id":"water-E1003","geometry":{"type":"LineString","coordinates":[[-78.9340954,43.8721013],[-78.9339289,43.8721388],[-78.9339095,43.8721243]]},"properties":{"kind":"service","tier":"service","placement":"underground","from":"water-T-481","to":"water-N-P-00389","lengthM":16.24,"sizeMm":19,"diameterIn":0.75,"nominalLabel":"3/4\" copper","depthM":1.7,"zone":0}},{"type":"Feature","id":"water-E1004","geometry":{"type":"LineString","coordinates":[[-78.9340227,43.8719335],[-78.9338562,43.871971],[-78.9338369,43.8719565]]},"properties":{"kind":"service","tier":"service","placement":"underground","from":"water-T-482","to":"water-N-P-00390","lengthM":16.24,"sizeMm":19,"diameterIn":0.75,"nominalLabel":"3/4\" copper","depthM":1.7,"zone":0}},{"type":"Feature","id":"water-E1005","geometry":{"type":"LineString","coordinates":[[-78.93395,43.8717655],[-78.9337834,43.8718029],[-78.9337641,43.8717885]]},"properties":{"kind":"service","tier":"service","placement":"underground","from":"water-T-483","to":"water-N-P-00391","lengthM":16.24,"sizeMm":19,"diameterIn":0.75,"nominalLabel":"3/4\" copper","depthM":1.7,"zone":0}},{"type":"Feature","id":"water-E1006","geometry":{"type":"LineString","coordinates":[[-78.9342436,43.8724435],[-78.9343027,43.8724302],[-78.9343072,43.8724104]]},"properties":{"kind":"service","tier":"service","placement":"underground","from":"water-T-484","to":"water-N-P-00392","lengthM":7.21,"sizeMm":25,"diameterIn":0.98,"nominalLabel":"1\" copper","depthM":1.7,"zone":0}},{"type":"Feature","id":"water-E1007","geometry":{"type":"LineString","coordinates":[[-78.9341716,43.8722773],[-78.9342311,43.8722639],[-78.9342355,43.8722441]]},"properties":{"kind":"service","tier":"service","placement":"underground","from":"water-T-485","to":"water-N-P-00393","lengthM":7.24,"sizeMm":19,"diameterIn":0.75,"nominalLabel":"3/4\" copper","depthM":1.7,"zone":0}},{"type":"Feature","id":"water-E1008","geometry":{"type":"LineString","coordinates":[[-78.9340985,43.8721085],[-78.934158,43.8720951],[-78.9341624,43.8720753]]},"properties":{"kind":"service","tier":"service","placement":"underground","from":"water-T-486","to":"water-N-P-00394","lengthM":7.24,"sizeMm":19,"diameterIn":0.75,"nominalLabel":"3/4\" copper","depthM":1.7,"zone":0}},{"type":"Feature","id":"water-E1009","geometry":{"type":"LineString","coordinates":[[-78.9336319,43.8727095],[-78.9336062,43.8726494],[-78.9335787,43.8726461]]},"properties":{"kind":"service","tier":"service","placement":"underground","from":"water-T-487","to":"water-N-P-00395","lengthM":9.24,"sizeMm":25,"diameterIn":0.98,"nominalLabel":"1\" copper","depthM":1.7,"zone":0}},{"type":"Feature","id":"water-E1010","geometry":{"type":"LineString","coordinates":[[-78.933424,43.8727556],[-78.9333983,43.8726955],[-78.9333708,43.8726922]]},"properties":{"kind":"service","tier":"service","placement":"underground","from":"water-T-488","to":"water-N-P-00396","lengthM":9.24,"sizeMm":19,"diameterIn":0.75,"nominalLabel":"3/4\" copper","depthM":1.7,"zone":0}},{"type":"Feature","id":"water-E1011","geometry":{"type":"LineString","coordinates":[[-78.9332161,43.8728018],[-78.9331904,43.8727417],[-78.9331629,43.8727384]]},"properties":{"kind":"service","tier":"service","placement":"underground","from":"water-T-489","to":"water-N-P-00397","lengthM":9.24,"sizeMm":19,"diameterIn":0.75,"nominalLabel":"3/4\" copper","depthM":1.7,"zone":0}},{"type":"Feature","id":"water-E1012","geometry":{"type":"LineString","coordinates":[[-78.9319142,43.871726],[-78.9317478,43.8717639],[-78.9317284,43.8717495]]},"properties":{"kind":"service","tier":"service","placement":"underground","from":"water-T-490","to":"water-N-P-00398","lengthM":16.24,"sizeMm":25,"diameterIn":0.98,"nominalLabel":"1\" copper","depthM":1.7,"zone":0}},{"type":"Feature","id":"water-E1013","geometry":{"type":"LineString","coordinates":[[-78.9318516,43.8715832],[-78.9316852,43.8716211],[-78.9316658,43.8716067]]},"properties":{"kind":"service","tier":"service","placement":"underground","from":"water-T-491","to":"water-N-P-00399","lengthM":16.24,"sizeMm":25,"diameterIn":0.98,"nominalLabel":"1\" copper","depthM":1.7,"zone":0}},{"type":"Feature","id":"water-E1014","geometry":{"type":"LineString","coordinates":[[-78.9317873,43.8714365],[-78.9316209,43.8714744],[-78.9316015,43.87146]]},"properties":{"kind":"service","tier":"service","placement":"underground","from":"water-T-492","to":"water-N-P-00400","lengthM":16.24,"sizeMm":25,"diameterIn":0.98,"nominalLabel":"1\" copper","depthM":1.7,"zone":0}},{"type":"Feature","id":"water-E1015","geometry":{"type":"LineString","coordinates":[[-78.9317273,43.8712997],[-78.931561,43.8713376],[-78.9315416,43.8713232]]},"properties":{"kind":"service","tier":"service","placement":"underground","from":"water-T-493","to":"water-N-P-00401","lengthM":16.24,"sizeMm":25,"diameterIn":0.98,"nominalLabel":"1\" copper","depthM":1.7,"zone":0}},{"type":"Feature","id":"water-E1016","geometry":{"type":"LineString","coordinates":[[-78.9316686,43.8711658],[-78.9315023,43.8712037],[-78.9314829,43.8711893]]},"properties":{"kind":"service","tier":"service","placement":"underground","from":"water-T-494","to":"water-N-P-00402","lengthM":16.24,"sizeMm":25,"diameterIn":0.98,"nominalLabel":"1\" copper","depthM":1.7,"zone":0}},{"type":"Feature","id":"water-E1017","geometry":{"type":"LineString","coordinates":[[-78.9316044,43.8710191],[-78.931438,43.871057],[-78.9314186,43.8710426]]},"properties":{"kind":"service","tier":"service","placement":"underground","from":"water-T-495","to":"water-N-P-00403","lengthM":16.24,"sizeMm":19,"diameterIn":0.75,"nominalLabel":"3/4\" copper","depthM":1.7,"zone":0}},{"type":"Feature","id":"water-E1018","geometry":{"type":"LineString","coordinates":[[-78.9315408,43.870874],[-78.9313744,43.8709119],[-78.931355,43.8708975]]},"properties":{"kind":"service","tier":"service","placement":"underground","from":"water-T-496","to":"water-N-P-00404","lengthM":16.24,"sizeMm":19,"diameterIn":0.75,"nominalLabel":"3/4\" copper","depthM":1.7,"zone":0}},{"type":"Feature","id":"water-E1019","geometry":{"type":"LineString","coordinates":[[-78.9321651,43.8722987],[-78.9322245,43.8722851],[-78.9322289,43.8722653]]},"properties":{"kind":"service","tier":"service","placement":"underground","from":"water-T-497","to":"water-N-P-00405","lengthM":7.24,"sizeMm":19,"diameterIn":0.75,"nominalLabel":"3/4\" copper","depthM":1.7,"zone":0}},{"type":"Feature","id":"water-E1020","geometry":{"type":"LineString","coordinates":[[-78.9321009,43.8721522],[-78.9321603,43.8721386],[-78.9321647,43.8721188]]},"properties":{"kind":"service","tier":"service","placement":"underground","from":"water-T-498","to":"water-N-P-00406","lengthM":7.24,"sizeMm":25,"diameterIn":0.98,"nominalLabel":"1\" copper","depthM":1.7,"zone":0}},{"type":"Feature","id":"water-E1021","geometry":{"type":"LineString","coordinates":[[-78.9320387,43.8720102],[-78.9320981,43.8719966],[-78.9321024,43.8719768]]},"properties":{"kind":"service","tier":"service","placement":"underground","from":"water-T-499","to":"water-N-P-00407","lengthM":7.24,"sizeMm":19,"diameterIn":0.75,"nominalLabel":"3/4\" copper","depthM":1.7,"zone":0}},{"type":"Feature","id":"water-E1022","geometry":{"type":"LineString","coordinates":[[-78.9319769,43.8718693],[-78.9320364,43.8718558],[-78.9320407,43.8718359]]},"properties":{"kind":"service","tier":"service","placement":"underground","from":"water-T-500","to":"water-N-P-00408","lengthM":7.24,"sizeMm":25,"diameterIn":0.98,"nominalLabel":"1\" copper","depthM":1.7,"zone":0}},{"type":"Feature","id":"water-E1023","geometry":{"type":"LineString","coordinates":[[-78.9319145,43.8717268],[-78.9319739,43.8717133],[-78.9319783,43.8716934]]},"properties":{"kind":"service","tier":"service","placement":"underground","from":"water-T-501","to":"water-N-P-00409","lengthM":7.24,"sizeMm":19,"diameterIn":0.75,"nominalLabel":"3/4\" copper","depthM":1.7,"zone":0}},{"type":"Feature","id":"water-E1024","geometry":{"type":"LineString","coordinates":[[-78.9318526,43.8715856],[-78.931912,43.871572],[-78.9319164,43.8715522]]},"properties":{"kind":"service","tier":"service","placement":"underground","from":"water-T-502","to":"water-N-P-00410","lengthM":7.24,"sizeMm":25,"diameterIn":0.98,"nominalLabel":"1\" copper","depthM":1.7,"zone":0}},{"type":"Feature","id":"water-E1025","geometry":{"type":"LineString","coordinates":[[-78.9317926,43.8714487],[-78.931852,43.8714352],[-78.9318564,43.8714153]]},"properties":{"kind":"service","tier":"service","placement":"underground","from":"water-T-503","to":"water-N-P-00411","lengthM":7.24,"sizeMm":25,"diameterIn":0.98,"nominalLabel":"1\" copper","depthM":1.7,"zone":0}},{"type":"Feature","id":"water-E1026","geometry":{"type":"LineString","coordinates":[[-78.9317311,43.8713082],[-78.9317905,43.8712947],[-78.9317948,43.8712748]]},"properties":{"kind":"service","tier":"service","placement":"underground","from":"water-T-504","to":"water-N-P-00412","lengthM":7.24,"sizeMm":19,"diameterIn":0.75,"nominalLabel":"3/4\" copper","depthM":1.7,"zone":0}},{"type":"Feature","id":"water-E1027","geometry":{"type":"LineString","coordinates":[[-78.9316665,43.871161],[-78.9317259,43.8711474],[-78.9317303,43.8711276]]},"properties":{"kind":"service","tier":"service","placement":"underground","from":"water-T-505","to":"water-N-P-00413","lengthM":7.24,"sizeMm":19,"diameterIn":0.75,"nominalLabel":"3/4\" copper","depthM":1.7,"zone":0}},{"type":"Feature","id":"water-E1028","geometry":{"type":"LineString","coordinates":[[-78.9316028,43.8710154],[-78.9316622,43.8710019],[-78.9316665,43.8709821]]},"properties":{"kind":"service","tier":"service","placement":"underground","from":"water-T-506","to":"water-N-P-00414","lengthM":7.24,"sizeMm":19,"diameterIn":0.75,"nominalLabel":"3/4\" copper","depthM":1.7,"zone":0}},{"type":"Feature","id":"water-E1029","geometry":{"type":"LineString","coordinates":[[-78.9315409,43.8708744],[-78.9316003,43.8708608],[-78.9316047,43.870841]]},"properties":{"kind":"service","tier":"service","placement":"underground","from":"water-T-507","to":"water-N-P-00415","lengthM":7.24,"sizeMm":25,"diameterIn":0.98,"nominalLabel":"1\" copper","depthM":1.7,"zone":0}},{"type":"Feature","id":"water-E1030","geometry":{"type":"LineString","coordinates":[[-78.932801,43.8723619],[-78.932748,43.8722421],[-78.9327679,43.8722281]]},"properties":{"kind":"service","tier":"service","placement":"underground","from":"water-T-508","to":"water-N-P-00416","lengthM":16.24,"sizeMm":25,"diameterIn":0.98,"nominalLabel":"1\" copper","depthM":1.7,"zone":0}},{"type":"Feature","id":"water-E1031","geometry":{"type":"LineString","coordinates":[[-78.933128,43.8719027],[-78.9329618,43.871941],[-78.9329424,43.8719266]]},"properties":{"kind":"service","tier":"service","placement":"underground","from":"water-T-509","to":"water-N-P-00417","lengthM":16.24,"sizeMm":19,"diameterIn":0.75,"nominalLabel":"3/4\" copper","depthM":1.7,"zone":0}},{"type":"Feature","id":"water-E1032","geometry":{"type":"LineString","coordinates":[[-78.9330678,43.8717669],[-78.9329017,43.8718051],[-78.9328822,43.8717908]]},"properties":{"kind":"service","tier":"service","placement":"underground","from":"water-T-510","to":"water-N-P-00418","lengthM":16.24,"sizeMm":19,"diameterIn":0.75,"nominalLabel":"3/4\" copper","depthM":1.7,"zone":0}},{"type":"Feature","id":"water-E1033","geometry":{"type":"LineString","coordinates":[[-78.9330078,43.8716312],[-78.9328416,43.8716695],[-78.9328221,43.8716551]]},"properties":{"kind":"service","tier":"service","placement":"underground","from":"water-T-511","to":"water-N-P-00419","lengthM":16.24,"sizeMm":25,"diameterIn":0.98,"nominalLabel":"1\" copper","depthM":1.7,"zone":0}},{"type":"Feature","id":"water-E1034","geometry":{"type":"LineString","coordinates":[[-78.932946,43.8714919],[-78.9327798,43.8715301],[-78.9327604,43.8715157]]},"properties":{"kind":"service","tier":"service","placement":"underground","from":"water-T-512","to":"water-N-P-00420","lengthM":16.24,"sizeMm":19,"diameterIn":0.75,"nominalLabel":"3/4\" copper","depthM":1.7,"zone":0}},{"type":"Feature","id":"water-E1035","geometry":{"type":"LineString","coordinates":[[-78.9328798,43.8713424],[-78.9327136,43.8713807],[-78.9326942,43.8713663]]},"properties":{"kind":"service","tier":"service","placement":"underground","from":"water-T-513","to":"water-N-P-00421","lengthM":16.24,"sizeMm":25,"diameterIn":0.98,"nominalLabel":"1\" copper","depthM":1.7,"zone":0}},{"type":"Feature","id":"water-E1036","geometry":{"type":"LineString","coordinates":[[-78.9328188,43.8712046],[-78.9326526,43.8712428],[-78.9326331,43.8712285]]},"properties":{"kind":"service","tier":"service","placement":"underground","from":"water-T-514","to":"water-N-P-00422","lengthM":16.24,"sizeMm":19,"diameterIn":0.75,"nominalLabel":"3/4\" copper","depthM":1.7,"zone":0}},{"type":"Feature","id":"water-E1037","geometry":{"type":"LineString","coordinates":[[-78.9327572,43.8710657],[-78.932591,43.8711039],[-78.9325716,43.8710895]]},"properties":{"kind":"service","tier":"service","placement":"underground","from":"water-T-515","to":"water-N-P-00423","lengthM":16.24,"sizeMm":25,"diameterIn":0.98,"nominalLabel":"1\" copper","depthM":1.7,"zone":0}},{"type":"Feature","id":"water-E1038","geometry":{"type":"LineString","coordinates":[[-78.93269,43.8709139],[-78.9325238,43.8709522],[-78.9325043,43.8709378]]},"properties":{"kind":"service","tier":"service","placement":"underground","from":"water-T-516","to":"water-N-P-00424","lengthM":16.24,"sizeMm":25,"diameterIn":0.98,"nominalLabel":"1\" copper","depthM":1.7,"zone":0}},{"type":"Feature","id":"water-E1039","geometry":{"type":"LineString","coordinates":[[-78.932628,43.870774],[-78.9324618,43.8708122],[-78.9324423,43.8707978]]},"properties":{"kind":"service","tier":"service","placement":"underground","from":"water-T-517","to":"water-N-P-00425","lengthM":16.24,"sizeMm":19,"diameterIn":0.75,"nominalLabel":"3/4\" copper","depthM":1.7,"zone":0}},{"type":"Feature","id":"water-E1040","geometry":{"type":"LineString","coordinates":[[-78.9325254,43.870499],[-78.9323567,43.8705258],[-78.9323395,43.87051]]},"properties":{"kind":"service","tier":"service","placement":"underground","from":"water-T-518","to":"water-N-P-00426","lengthM":16.09,"sizeMm":19,"diameterIn":0.75,"nominalLabel":"3/4\" copper","depthM":1.7,"zone":0}},{"type":"Feature","id":"water-E1041","geometry":{"type":"LineString","coordinates":[[-78.9324897,43.8703594],[-78.932318,43.8703818],[-78.9323013,43.8703657]]},"properties":{"kind":"service","tier":"service","placement":"underground","from":"water-T-519","to":"water-N-P-00427","lengthM":16.24,"sizeMm":25,"diameterIn":0.98,"nominalLabel":"1\" copper","depthM":1.7,"zone":0}},{"type":"Feature","id":"water-E1042","geometry":{"type":"LineString","coordinates":[[-78.9324628,43.870224],[-78.93229,43.8702358],[-78.9322751,43.8702189]]},"properties":{"kind":"service","tier":"service","placement":"underground","from":"water-T-520","to":"water-N-P-00428","lengthM":16.16,"sizeMm":25,"diameterIn":0.98,"nominalLabel":"1\" copper","depthM":1.7,"zone":0}},{"type":"Feature","id":"water-E1043","geometry":{"type":"LineString","coordinates":[[-78.9324426,43.8700704],[-78.9322667,43.8700824],[-78.9322514,43.8700656]]},"properties":{"kind":"service","tier":"service","placement":"underground","from":"water-T-521","to":"water-N-P-00429","lengthM":16.42,"sizeMm":19,"diameterIn":0.75,"nominalLabel":"3/4\" copper","depthM":1.7,"zone":0}},{"type":"Feature","id":"water-E1044","geometry":{"type":"LineString","coordinates":[[-78.9324091,43.8699159],[-78.9322362,43.869938],[-78.9322194,43.869922]]},"properties":{"kind":"service","tier":"service","placement":"underground","from":"water-T-522","to":"water-N-P-00430","lengthM":16.33,"sizeMm":19,"diameterIn":0.75,"nominalLabel":"3/4\" copper","depthM":1.7,"zone":0}},{"type":"Feature","id":"water-E1045","geometry":{"type":"LineString","coordinates":[[-78.9323507,43.8697556],[-78.9321848,43.8697946],[-78.9321652,43.8697803]]},"properties":{"kind":"service","tier":"service","placement":"underground","from":"water-T-523","to":"water-N-P-00431","lengthM":16.24,"sizeMm":25,"diameterIn":0.98,"nominalLabel":"1\" copper","depthM":1.7,"zone":0}},{"type":"Feature","id":"water-E1046","geometry":{"type":"LineString","coordinates":[[-78.9322867,43.869614],[-78.9321208,43.869653],[-78.9321012,43.8696387]]},"properties":{"kind":"service","tier":"service","placement":"underground","from":"water-T-524","to":"water-N-P-00432","lengthM":16.24,"sizeMm":19,"diameterIn":0.75,"nominalLabel":"3/4\" copper","depthM":1.7,"zone":0}},{"type":"Feature","id":"water-E1047","geometry":{"type":"LineString","coordinates":[[-78.9322261,43.8694801],[-78.9320602,43.8695191],[-78.9320407,43.8695048]]},"properties":{"kind":"service","tier":"service","placement":"underground","from":"water-T-525","to":"water-N-P-00433","lengthM":16.24,"sizeMm":25,"diameterIn":0.98,"nominalLabel":"1\" copper","depthM":1.7,"zone":0}},{"type":"Feature","id":"water-E1048","geometry":{"type":"LineString","coordinates":[[-78.9321622,43.8693389],[-78.9319964,43.8693779],[-78.9319768,43.8693636]]},"properties":{"kind":"service","tier":"service","placement":"underground","from":"water-T-526","to":"water-N-P-00434","lengthM":16.24,"sizeMm":19,"diameterIn":0.75,"nominalLabel":"3/4\" copper","depthM":1.7,"zone":0}},{"type":"Feature","id":"water-E1049","geometry":{"type":"LineString","coordinates":[[-78.9312822,43.8692302],[-78.9313149,43.8693538],[-78.9312928,43.869366]]},"properties":{"kind":"service","tier":"service","placement":"underground","from":"water-T-527","to":"water-N-P-00435","lengthM":16.24,"sizeMm":19,"diameterIn":0.75,"nominalLabel":"3/4\" copper","depthM":1.7,"zone":0}},{"type":"Feature","id":"water-E1050","geometry":{"type":"LineString","coordinates":[[-78.9310858,43.8692573],[-78.9311185,43.8693808],[-78.9310963,43.869393]]},"properties":{"kind":"service","tier":"service","placement":"underground","from":"water-T-528","to":"water-N-P-00436","lengthM":16.24,"sizeMm":19,"diameterIn":0.75,"nominalLabel":"3/4\" copper","depthM":1.7,"zone":0}},{"type":"Feature","id":"water-E1051","geometry":{"type":"LineString","coordinates":[[-78.9327987,43.8723624],[-78.9328176,43.8724052],[-78.9328452,43.8724083]]},"properties":{"kind":"service","tier":"service","placement":"underground","from":"water-T-529","to":"water-N-P-00437","lengthM":7.24,"sizeMm":25,"diameterIn":0.98,"nominalLabel":"1\" copper","depthM":1.7,"zone":0}},{"type":"Feature","id":"water-E1052","geometry":{"type":"LineString","coordinates":[[-78.9331743,43.8720071],[-78.9332336,43.8719935],[-78.9332379,43.8719736]]},"properties":{"kind":"service","tier":"service","placement":"underground","from":"water-T-530","to":"water-N-P-00438","lengthM":7.24,"sizeMm":25,"diameterIn":0.98,"nominalLabel":"1\" copper","depthM":1.7,"zone":0}},{"type":"Feature","id":"water-E1053","geometry":{"type":"LineString","coordinates":[[-78.9331129,43.8718685],[-78.9331722,43.8718549],[-78.9331765,43.871835]]},"properties":{"kind":"service","tier":"service","placement":"underground","from":"water-T-531","to":"water-N-P-00439","lengthM":7.24,"sizeMm":19,"diameterIn":0.75,"nominalLabel":"3/4\" copper","depthM":1.7,"zone":0}},{"type":"Feature","id":"water-E1054","geometry":{"type":"LineString","coordinates":[[-78.933048,43.871722],[-78.9331073,43.8717083],[-78.9331116,43.8716885]]},"properties":{"kind":"service","tier":"service","placement":"underground","from":"water-T-532","to":"water-N-P-00440","lengthM":7.24,"sizeMm":25,"diameterIn":0.98,"nominalLabel":"1\" copper","depthM":1.7,"zone":0}},{"type":"Feature","id":"water-E1055","geometry":{"type":"LineString","coordinates":[[-78.9329869,43.8715841],[-78.9330462,43.8715705],[-78.9330505,43.8715506]]},"properties":{"kind":"service","tier":"service","placement":"underground","from":"water-T-533","to":"water-N-P-00441","lengthM":7.24,"sizeMm":25,"diameterIn":0.98,"nominalLabel":"1\" copper","depthM":1.7,"zone":0}},{"type":"Feature","id":"water-E1056","geometry":{"type":"LineString","coordinates":[[-78.9329268,43.8714484],[-78.9329861,43.8714348],[-78.9329904,43.8714149]]},"properties":{"kind":"service","tier":"service","placement":"underground","from":"water-T-534","to":"water-N-P-00442","lengthM":7.24,"sizeMm":19,"diameterIn":0.75,"nominalLabel":"3/4\" copper","depthM":1.7,"zone":0}},{"type":"Feature","id":"water-E1057","geometry":{"type":"LineString","coordinates":[[-78.9328624,43.871303],[-78.9329217,43.8712893],[-78.932926,43.8712695]]},"properties":{"kind":"service","tier":"service","placement":"underground","from":"water-T-535","to":"water-N-P-00443","lengthM":7.24,"sizeMm":19,"diameterIn":0.75,"nominalLabel":"3/4\" copper","depthM":1.7,"zone":0}},{"type":"Feature","id":"water-E1058","geometry":{"type":"LineString","coordinates":[[-78.9327957,43.8711525],[-78.932855,43.8711389],[-78.9328593,43.871119]]},"properties":{"kind":"service","tier":"service","placement":"underground","from":"water-T-536","to":"water-N-P-00444","lengthM":7.24,"sizeMm":19,"diameterIn":0.75,"nominalLabel":"3/4\" copper","depthM":1.7,"zone":0}},{"type":"Feature","id":"water-E1059","geometry":{"type":"LineString","coordinates":[[-78.9327326,43.8710102],[-78.932792,43.8709965],[-78.9327963,43.8709767]]},"properties":{"kind":"service","tier":"service","placement":"underground","from":"water-T-537","to":"water-N-P-00445","lengthM":7.24,"sizeMm":25,"diameterIn":0.98,"nominalLabel":"1\" copper","depthM":1.7,"zone":0}},{"type":"Feature","id":"water-E1060","geometry":{"type":"LineString","coordinates":[[-78.9326707,43.8708703],[-78.93273,43.8708567],[-78.9327343,43.8708368]]},"properties":{"kind":"service","tier":"service","placement":"underground","from":"water-T-538","to":"water-N-P-00446","lengthM":7.24,"sizeMm":25,"diameterIn":0.98,"nominalLabel":"1\" copper","depthM":1.7,"zone":0}},{"type":"Feature","id":"water-E1061","geometry":{"type":"LineString","coordinates":[[-78.9326059,43.870724],[-78.9326652,43.8707103],[-78.9326695,43.8706905]]},"properties":{"kind":"service","tier":"service","placement":"underground","from":"water-T-539","to":"water-N-P-00447","lengthM":7.24,"sizeMm":19,"diameterIn":0.75,"nominalLabel":"3/4\" copper","depthM":1.7,"zone":0}},{"type":"Feature","id":"water-E1062","geometry":{"type":"LineString","coordinates":[[-78.9325503,43.8705804],[-78.9326119,43.8705705],[-78.9326185,43.870551]]},"properties":{"kind":"service","tier":"service","placement":"underground","from":"water-T-540","to":"water-N-P-00448","lengthM":7.3,"sizeMm":25,"diameterIn":0.98,"nominalLabel":"1\" copper","depthM":1.7,"zone":0}},{"type":"Feature","id":"water-E1063","geometry":{"type":"LineString","coordinates":[[-78.9325072,43.8704293],[-78.9325691,43.8704212],[-78.9325768,43.8704019]]},"properties":{"kind":"service","tier":"service","placement":"underground","from":"water-T-541","to":"water-N-P-00449","lengthM":7.28,"sizeMm":19,"diameterIn":0.75,"nominalLabel":"3/4\" copper","depthM":1.7,"zone":0}},{"type":"Feature","id":"water-E1064","geometry":{"type":"LineString","coordinates":[[-78.9324691,43.8702727],[-78.932535,43.870268],[-78.9325441,43.8702491]]},"properties":{"kind":"service","tier":"service","placement":"underground","from":"water-T-542","to":"water-N-P-00450","lengthM":7.55,"sizeMm":19,"diameterIn":0.75,"nominalLabel":"3/4\" copper","depthM":1.7,"zone":0}},{"type":"Feature","id":"water-E1065","geometry":{"type":"LineString","coordinates":[[-78.9324494,43.8701219],[-78.9325114,43.8701176],[-78.9325215,43.8700989]]},"properties":{"kind":"service","tier":"service","placement":"underground","from":"water-T-543","to":"water-N-P-00451","lengthM":7.24,"sizeMm":25,"diameterIn":0.98,"nominalLabel":"1\" copper","depthM":1.7,"zone":0}},{"type":"Feature","id":"water-E1066","geometry":{"type":"LineString","coordinates":[[-78.9324256,43.869983],[-78.9324861,43.8699753],[-78.9324943,43.8699561]]},"properties":{"kind":"service","tier":"service","placement":"underground","from":"water-T-544","to":"water-N-P-00452","lengthM":7.17,"sizeMm":19,"diameterIn":0.75,"nominalLabel":"3/4\" copper","depthM":1.7,"zone":0}},{"type":"Feature","id":"water-E1067","geometry":{"type":"LineString","coordinates":[[-78.9323238,43.8696962],[-78.9323831,43.8696823],[-78.9323872,43.8696624]]},"properties":{"kind":"service","tier":"service","placement":"underground","from":"water-T-545","to":"water-N-P-00453","lengthM":7.24,"sizeMm":25,"diameterIn":0.98,"nominalLabel":"1\" copper","depthM":1.7,"zone":0}},{"type":"Feature","id":"water-E1068","geometry":{"type":"LineString","coordinates":[[-78.9322582,43.869551],[-78.9323174,43.8695371],[-78.9323215,43.8695172]]},"properties":{"kind":"service","tier":"service","placement":"underground","from":"water-T-546","to":"water-N-P-00454","lengthM":7.24,"sizeMm":19,"diameterIn":0.75,"nominalLabel":"3/4\" copper","depthM":1.7,"zone":0}},{"type":"Feature","id":"water-E1069","geometry":{"type":"LineString","coordinates":[[-78.9321946,43.8694106],[-78.9322539,43.8693967],[-78.932258,43.8693768]]},"properties":{"kind":"service","tier":"service","placement":"underground","from":"water-T-547","to":"water-N-P-00455","lengthM":7.24,"sizeMm":19,"diameterIn":0.75,"nominalLabel":"3/4\" copper","depthM":1.7,"zone":0}},{"type":"Feature","id":"water-E1070","geometry":{"type":"LineString","coordinates":[[-78.9321327,43.8692737],[-78.932192,43.8692598],[-78.9321961,43.8692399]]},"properties":{"kind":"service","tier":"service","placement":"underground","from":"water-T-548","to":"water-N-P-00456","lengthM":7.24,"sizeMm":19,"diameterIn":0.75,"nominalLabel":"3/4\" copper","depthM":1.7,"zone":0}},{"type":"Feature","id":"water-E1071","geometry":{"type":"LineString","coordinates":[[-78.9317167,43.8691522],[-78.9316986,43.8691092],[-78.9316712,43.8691058]]},"properties":{"kind":"service","tier":"service","placement":"underground","from":"water-T-549","to":"water-N-P-00457","lengthM":7.24,"sizeMm":25,"diameterIn":0.98,"nominalLabel":"1\" copper","depthM":1.7,"zone":0}},{"type":"Feature","id":"water-E1072","geometry":{"type":"LineString","coordinates":[[-78.9314089,43.8705777],[-78.931243,43.8706166],[-78.9312235,43.8706022]]},"properties":{"kind":"service","tier":"service","placement":"underground","from":"water-T-550","to":"water-N-P-00458","lengthM":16.24,"sizeMm":19,"diameterIn":0.75,"nominalLabel":"3/4\" copper","depthM":1.7,"zone":0}},{"type":"Feature","id":"water-E1073","geometry":{"type":"LineString","coordinates":[[-78.9313075,43.8702704],[-78.9311355,43.8702864],[-78.9311198,43.8702699]]},"properties":{"kind":"service","tier":"service","placement":"underground","from":"water-T-551","to":"water-N-P-00459","lengthM":16.15,"sizeMm":19,"diameterIn":0.75,"nominalLabel":"3/4\" copper","depthM":1.7,"zone":0}},{"type":"Feature","id":"water-E1074","geometry":{"type":"LineString","coordinates":[[-78.9312696,43.8700988],[-78.9310977,43.8701252],[-78.9310806,43.8701094]]},"properties":{"kind":"service","tier":"service","placement":"underground","from":"water-T-552","to":"water-N-P-00460","lengthM":16.34,"sizeMm":19,"diameterIn":0.75,"nominalLabel":"3/4\" copper","depthM":1.7,"zone":0}},{"type":"Feature","id":"water-E1075","geometry":{"type":"LineString","coordinates":[[-78.931217,43.8699401],[-78.9310483,43.8699782],[-78.9310294,43.8699634]]},"properties":{"kind":"service","tier":"service","placement":"underground","from":"water-T-553","to":"water-N-P-00461","lengthM":16.42,"sizeMm":25,"diameterIn":0.98,"nominalLabel":"1\" copper","depthM":1.7,"zone":0}},{"type":"Feature","id":"water-E1076","geometry":{"type":"LineString","coordinates":[[-78.9311522,43.8697915],[-78.9309858,43.8698292],[-78.9309664,43.8698147]]},"properties":{"kind":"service","tier":"service","placement":"underground","from":"water-T-554","to":"water-N-P-00462","lengthM":16.24,"sizeMm":19,"diameterIn":0.75,"nominalLabel":"3/4\" copper","depthM":1.7,"zone":0}},{"type":"Feature","id":"water-E1077","geometry":{"type":"LineString","coordinates":[[-78.9310821,43.8696305],[-78.9309156,43.8696682],[-78.9308963,43.8696538]]},"properties":{"kind":"service","tier":"service","placement":"underground","from":"water-T-555","to":"water-N-P-00463","lengthM":16.24,"sizeMm":19,"diameterIn":0.75,"nominalLabel":"3/4\" copper","depthM":1.7,"zone":0}},{"type":"Feature","id":"water-E1078","geometry":{"type":"LineString","coordinates":[[-78.9310127,43.8694713],[-78.9308463,43.869509],[-78.9308269,43.8694946]]},"properties":{"kind":"service","tier":"service","placement":"underground","from":"water-T-556","to":"water-N-P-00464","lengthM":16.24,"sizeMm":19,"diameterIn":0.75,"nominalLabel":"3/4\" copper","depthM":1.7,"zone":0}},{"type":"Feature","id":"water-E1079","geometry":{"type":"LineString","coordinates":[[-78.9314076,43.8705748],[-78.9314669,43.8705609],[-78.931471,43.8705411]]},"properties":{"kind":"service","tier":"service","placement":"underground","from":"water-T-557","to":"water-N-P-00465","lengthM":7.24,"sizeMm":19,"diameterIn":0.75,"nominalLabel":"3/4\" copper","depthM":1.7,"zone":0}},{"type":"Feature","id":"water-E1080","geometry":{"type":"LineString","coordinates":[[-78.9313434,43.8704156],[-78.9314066,43.8704058],[-78.931413,43.8703863]]},"properties":{"kind":"service","tier":"service","placement":"underground","from":"water-T-558","to":"water-N-P-00466","lengthM":7.42,"sizeMm":25,"diameterIn":0.98,"nominalLabel":"1\" copper","depthM":1.7,"zone":0}},{"type":"Feature","id":"water-E1081","geometry":{"type":"LineString","coordinates":[[-78.9313052,43.8702571],[-78.9313674,43.8702513],[-78.9313764,43.8702324]]},"properties":{"kind":"service","tier":"service","placement":"underground","from":"water-T-559","to":"water-N-P-00467","lengthM":7.27,"sizeMm":19,"diameterIn":0.75,"nominalLabel":"3/4\" copper","depthM":1.7,"zone":0}},{"type":"Feature","id":"water-E1082","geometry":{"type":"LineString","coordinates":[[-78.9312701,43.8701003],[-78.9313299,43.8700912],[-78.9313371,43.8700718]]},"properties":{"kind":"service","tier":"service","placement":"underground","from":"water-T-560","to":"water-N-P-00468","lengthM":7.14,"sizeMm":25,"diameterIn":0.98,"nominalLabel":"1\" copper","depthM":1.7,"zone":0}},{"type":"Feature","id":"water-E1083","geometry":{"type":"LineString","coordinates":[[-78.9311459,43.869777],[-78.9312054,43.8697636],[-78.9312098,43.8697437]]},"properties":{"kind":"service","tier":"service","placement":"underground","from":"water-T-561","to":"water-N-P-00469","lengthM":7.24,"sizeMm":25,"diameterIn":0.98,"nominalLabel":"1\" copper","depthM":1.7,"zone":0}},{"type":"Feature","id":"water-E1084","geometry":{"type":"LineString","coordinates":[[-78.9307794,43.8708443],[-78.9308301,43.8709646],[-78.9308099,43.8709784]]},"properties":{"kind":"service","tier":"service","placement":"underground","from":"water-T-562","to":"water-N-P-00470","lengthM":16.24,"sizeMm":25,"diameterIn":0.98,"nominalLabel":"1\" copper","depthM":1.7,"zone":0}},{"type":"Feature","id":"water-E1085","geometry":{"type":"LineString","coordinates":[[-78.9307869,43.8708426],[-78.9307688,43.8707997],[-78.9307413,43.8707963]]},"properties":{"kind":"service","tier":"service","placement":"underground","from":"water-T-563","to":"water-N-P-00471","lengthM":7.24,"sizeMm":25,"diameterIn":0.98,"nominalLabel":"1\" copper","depthM":1.7,"zone":0}},{"type":"Feature","id":"water-E1086","geometry":{"type":"LineString","coordinates":[[-78.9304402,43.869333],[-78.930466,43.8694574],[-78.9304432,43.8694689]]},"properties":{"kind":"service","tier":"service","placement":"underground","from":"water-T-564","to":"water-N-P-00472","lengthM":16.24,"sizeMm":19,"diameterIn":0.75,"nominalLabel":"3/4\" copper","depthM":1.7,"zone":0}},{"type":"Feature","id":"water-E1087","geometry":{"type":"LineString","coordinates":[[-78.9302243,43.8693562],[-78.9302501,43.8694806],[-78.9302273,43.8694922]]},"properties":{"kind":"service","tier":"service","placement":"underground","from":"water-T-565","to":"water-N-P-00473","lengthM":16.24,"sizeMm":19,"diameterIn":0.75,"nominalLabel":"3/4\" copper","depthM":1.7,"zone":0}},{"type":"Feature","id":"water-E1088","geometry":{"type":"LineString","coordinates":[[-78.9300109,43.8693792],[-78.9300366,43.8695036],[-78.9300138,43.8695151]]},"properties":{"kind":"service","tier":"service","placement":"underground","from":"water-T-566","to":"water-N-P-00474","lengthM":16.24,"sizeMm":19,"diameterIn":0.75,"nominalLabel":"3/4\" copper","depthM":1.7,"zone":0}},{"type":"Feature","id":"water-E1089","geometry":{"type":"LineString","coordinates":[[-78.9304274,43.8693344],[-78.9304182,43.86929],[-78.9303917,43.8692837]]},"properties":{"kind":"service","tier":"service","placement":"underground","from":"water-T-567","to":"water-N-P-00475","lengthM":7.24,"sizeMm":19,"diameterIn":0.75,"nominalLabel":"3/4\" copper","depthM":1.7,"zone":0}},{"type":"Feature","id":"water-E1090","geometry":{"type":"LineString","coordinates":[[-78.9302159,43.8693572],[-78.9302067,43.8693127],[-78.9301802,43.8693065]]},"properties":{"kind":"service","tier":"service","placement":"underground","from":"water-T-568","to":"water-N-P-00476","lengthM":7.24,"sizeMm":19,"diameterIn":0.75,"nominalLabel":"3/4\" copper","depthM":1.7,"zone":0}},{"type":"Feature","id":"water-E1091","geometry":{"type":"LineString","coordinates":[[-78.9300054,43.8693798],[-78.9299962,43.8693354],[-78.9299698,43.8693291]]},"properties":{"kind":"service","tier":"service","placement":"underground","from":"water-T-569","to":"water-N-P-00477","lengthM":7.24,"sizeMm":19,"diameterIn":0.75,"nominalLabel":"3/4\" copper","depthM":1.7,"zone":0}},{"type":"Feature","id":"water-E1092","geometry":{"type":"LineString","coordinates":[[-78.9302303,43.8704823],[-78.9302895,43.8704683],[-78.9302936,43.8704485]]},"properties":{"kind":"service","tier":"service","placement":"underground","from":"water-T-570","to":"water-N-P-00478","lengthM":7.24,"sizeMm":19,"diameterIn":0.75,"nominalLabel":"3/4\" copper","depthM":1.7,"zone":0}},{"type":"Feature","id":"water-E1093","geometry":{"type":"LineString","coordinates":[[-78.9301591,43.8703256],[-78.9302183,43.8703116],[-78.9302224,43.8702918]]},"properties":{"kind":"service","tier":"service","placement":"underground","from":"water-T-571","to":"water-N-P-00479","lengthM":7.24,"sizeMm":19,"diameterIn":0.75,"nominalLabel":"3/4\" copper","depthM":1.7,"zone":0}},{"type":"Feature","id":"water-E1094","geometry":{"type":"LineString","coordinates":[[-78.9300227,43.8700027],[-78.9300827,43.8699905],[-78.9300879,43.8699707]]},"properties":{"kind":"service","tier":"service","placement":"underground","from":"water-T-572","to":"water-N-P-00480","lengthM":7.24,"sizeMm":19,"diameterIn":0.75,"nominalLabel":"3/4\" copper","depthM":1.7,"zone":0}},{"type":"Feature","id":"water-E1095","geometry":{"type":"LineString","coordinates":[[-78.9383385,43.8708043],[-78.93847,43.8707765],[-78.938475,43.8707568]]},"properties":{"kind":"service","tier":"service","placement":"underground","from":"water-T-573","to":"water-N-P-00481","lengthM":13.24,"sizeMm":38,"diameterIn":1.5,"nominalLabel":"1-1/2\" copper","depthM":1.7,"zone":0}},{"type":"Feature","id":"water-E1096","geometry":{"type":"LineString","coordinates":[[-78.9380572,43.8701501],[-78.9378191,43.870203],[-78.9377998,43.8701885]]},"properties":{"kind":"service","tier":"service","placement":"underground","from":"water-T-574","to":"water-N-P-00482","lengthM":22.24,"sizeMm":38,"diameterIn":1.5,"nominalLabel":"1-1/2\" copper","depthM":1.7,"zone":0}},{"type":"Feature","id":"water-E1097","geometry":{"type":"LineString","coordinates":[[-78.9379724,43.8699516],[-78.938102,43.8699228],[-78.9381063,43.869903]]},"properties":{"kind":"service","tier":"service","placement":"underground","from":"water-T-575","to":"water-N-P-00483","lengthM":13.12,"sizeMm":38,"diameterIn":1.5,"nominalLabel":"1-1/2\" copper","depthM":1.7,"zone":0}},{"type":"Feature","id":"water-E1098","geometry":{"type":"LineString","coordinates":[[-78.9376395,43.8691936],[-78.9374017,43.8692473],[-78.9373823,43.8692329]]},"properties":{"kind":"service","tier":"service","placement":"underground","from":"water-T-576","to":"water-N-P-00484","lengthM":22.23,"sizeMm":38,"diameterIn":1.5,"nominalLabel":"1-1/2\" copper","depthM":1.7,"zone":0}},{"type":"Feature","id":"water-E1099","geometry":{"type":"LineString","coordinates":[[-78.9378138,43.8695975],[-78.9379447,43.8695683],[-78.9379492,43.8695484]]},"properties":{"kind":"service","tier":"service","placement":"underground","from":"water-T-577","to":"water-N-P-00485","lengthM":13.24,"sizeMm":38,"diameterIn":1.5,"nominalLabel":"1-1/2\" copper","depthM":1.7,"zone":0}},{"type":"Feature","id":"water-E1100","geometry":{"type":"LineString","coordinates":[[-78.9375062,43.8688727],[-78.9372665,43.8689218],[-78.9372477,43.868907]]},"properties":{"kind":"service","tier":"service","placement":"underground","from":"water-T-578","to":"water-N-P-00486","lengthM":22.24,"sizeMm":38,"diameterIn":1.5,"nominalLabel":"1-1/2\" copper","depthM":1.7,"zone":0}},{"type":"Feature","id":"water-E1101","geometry":{"type":"LineString","coordinates":[[-78.9374503,43.8687312],[-78.9372106,43.8687804],[-78.9371918,43.8687656]]},"properties":{"kind":"service","tier":"service","placement":"underground","from":"water-T-579","to":"water-N-P-00487","lengthM":22.24,"sizeMm":38,"diameterIn":1.5,"nominalLabel":"1-1/2\" copper","depthM":1.7,"zone":0}},{"type":"Feature","id":"water-E1102","geometry":{"type":"LineString","coordinates":[[-78.9373344,43.868459],[-78.9370967,43.8685129],[-78.9370773,43.8684985]]},"properties":{"kind":"service","tier":"service","placement":"underground","from":"water-T-580","to":"water-N-P-00488","lengthM":22.24,"sizeMm":38,"diameterIn":1.5,"nominalLabel":"1-1/2\" copper","depthM":1.7,"zone":0}},{"type":"Feature","id":"water-E1103","geometry":{"type":"LineString","coordinates":[[-78.9375085,43.8688786],[-78.9376404,43.8688516],[-78.9376456,43.8688318]]},"properties":{"kind":"service","tier":"service","placement":"underground","from":"water-T-581","to":"water-N-P-00489","lengthM":13.24,"sizeMm":38,"diameterIn":1.5,"nominalLabel":"1-1/2\" copper","depthM":1.7,"zone":0}},{"type":"Feature","id":"water-E1104","geometry":{"type":"LineString","coordinates":[[-78.9374545,43.8687416],[-78.9375863,43.8687145],[-78.9375915,43.8686948]]},"properties":{"kind":"service","tier":"service","placement":"underground","from":"water-T-582","to":"water-N-P-00490","lengthM":13.24,"sizeMm":38,"diameterIn":1.5,"nominalLabel":"1-1/2\" copper","depthM":1.7,"zone":0}},{"type":"Feature","id":"water-E1105","geometry":{"type":"LineString","coordinates":[[-78.9373956,43.8685992],[-78.9375261,43.8685696],[-78.9375306,43.8685497]]},"properties":{"kind":"service","tier":"service","placement":"underground","from":"water-T-583","to":"water-N-P-00491","lengthM":13.22,"sizeMm":38,"diameterIn":1.5,"nominalLabel":"1-1/2\" copper","depthM":1.7,"zone":0}},{"type":"Feature","id":"water-E1106","geometry":{"type":"LineString","coordinates":[[-78.9373329,43.8684555],[-78.9374636,43.8684258],[-78.937468,43.868406]]},"properties":{"kind":"service","tier":"service","placement":"underground","from":"water-T-584","to":"water-N-P-00492","lengthM":13.24,"sizeMm":38,"diameterIn":1.5,"nominalLabel":"1-1/2\" copper","depthM":1.7,"zone":0}},{"type":"Feature","id":"water-E1107","geometry":{"type":"LineString","coordinates":[[-78.9372734,43.8683191],[-78.9374041,43.8682895],[-78.9374085,43.8682696]]},"properties":{"kind":"service","tier":"service","placement":"underground","from":"water-T-585","to":"water-N-P-00493","lengthM":13.24,"sizeMm":38,"diameterIn":1.5,"nominalLabel":"1-1/2\" copper","depthM":1.7,"zone":0}},{"type":"Feature","id":"water-E1108","geometry":{"type":"LineString","coordinates":[[-78.9372148,43.868185],[-78.9373456,43.8681554],[-78.93735,43.8681355]]},"properties":{"kind":"service","tier":"service","placement":"underground","from":"water-T-586","to":"water-N-P-00494","lengthM":13.24,"sizeMm":38,"diameterIn":1.5,"nominalLabel":"1-1/2\" copper","depthM":1.7,"zone":0}},{"type":"Feature","id":"water-E1109","geometry":{"type":"LineString","coordinates":[[-78.9371212,43.8677462],[-78.9372515,43.8677156],[-78.9372556,43.8676957]]},"properties":{"kind":"service","tier":"service","placement":"underground","from":"water-T-587","to":"water-N-P-00495","lengthM":13.24,"sizeMm":38,"diameterIn":1.5,"nominalLabel":"1-1/2\" copper","depthM":1.7,"zone":0}},{"type":"Feature","id":"water-E1110","geometry":{"type":"LineString","coordinates":[[-78.9370631,43.8676179],[-78.9371937,43.8675872],[-78.9371979,43.8675673]]},"properties":{"kind":"service","tier":"service","placement":"underground","from":"water-T-588","to":"water-N-P-00496","lengthM":13.26,"sizeMm":38,"diameterIn":1.5,"nominalLabel":"1-1/2\" copper","depthM":1.7,"zone":0}},{"type":"Feature","id":"water-E1111","geometry":{"type":"LineString","coordinates":[[-78.9368922,43.8672177],[-78.9370237,43.8671899],[-78.9370287,43.8671702]]},"properties":{"kind":"service","tier":"service","placement":"underground","from":"water-T-589","to":"water-N-P-00497","lengthM":13.24,"sizeMm":38,"diameterIn":1.5,"nominalLabel":"1-1/2\" copper","depthM":1.7,"zone":0}},{"type":"Feature","id":"water-E1112","geometry":{"type":"LineString","coordinates":[[-78.9368244,43.8670507],[-78.936956,43.8670229],[-78.936961,43.8670032]]},"properties":{"kind":"service","tier":"service","placement":"underground","from":"water-T-590","to":"water-N-P-00498","lengthM":13.24,"sizeMm":38,"diameterIn":1.5,"nominalLabel":"1-1/2\" copper","depthM":1.7,"zone":0}},{"type":"Feature","id":"water-E1113","geometry":{"type":"LineString","coordinates":[[-78.9367599,43.8668914],[-78.9368914,43.8668637],[-78.9368964,43.8668439]]},"properties":{"kind":"service","tier":"service","placement":"underground","from":"water-T-591","to":"water-N-P-00499","lengthM":13.24,"sizeMm":38,"diameterIn":1.5,"nominalLabel":"1-1/2\" copper","depthM":1.7,"zone":0}},{"type":"Feature","id":"water-E1114","geometry":{"type":"LineString","coordinates":[[-78.9366938,43.8667286],[-78.9368254,43.8667009],[-78.9368304,43.8666811]]},"properties":{"kind":"service","tier":"service","placement":"underground","from":"water-T-592","to":"water-N-P-00500","lengthM":13.24,"sizeMm":38,"diameterIn":1.5,"nominalLabel":"1-1/2\" copper","depthM":1.7,"zone":0}},{"type":"Feature","id":"water-E1115","geometry":{"type":"LineString","coordinates":[[-78.9366271,43.8665607],[-78.936759,43.866534],[-78.9367643,43.8665143]]},"properties":{"kind":"service","tier":"service","placement":"underground","from":"water-T-593","to":"water-N-P-00501","lengthM":13.24,"sizeMm":38,"diameterIn":1.5,"nominalLabel":"1-1/2\" copper","depthM":1.7,"zone":0}},{"type":"Feature","id":"water-E1116","geometry":{"type":"LineString","coordinates":[[-78.936567,43.8664067],[-78.9366981,43.8663801],[-78.9367032,43.8663603]]},"properties":{"kind":"service","tier":"service","placement":"underground","from":"water-T-594","to":"water-N-P-00502","lengthM":13.17,"sizeMm":38,"diameterIn":1.5,"nominalLabel":"1-1/2\" copper","depthM":1.7,"zone":0}},{"type":"Feature","id":"water-E1117","geometry":{"type":"LineString","coordinates":[[-78.9365012,43.8662477],[-78.9366325,43.8662194],[-78.9366373,43.8661996]]},"properties":{"kind":"service","tier":"service","placement":"underground","from":"water-T-595","to":"water-N-P-00503","lengthM":13.24,"sizeMm":38,"diameterIn":1.5,"nominalLabel":"1-1/2\" copper","depthM":1.7,"zone":0}},{"type":"Feature","id":"water-E1118","geometry":{"type":"LineString","coordinates":[[-78.936434,43.8660855],[-78.9365653,43.8660572],[-78.9365701,43.8660374]]},"properties":{"kind":"service","tier":"service","placement":"underground","from":"water-T-596","to":"water-N-P-00504","lengthM":13.24,"sizeMm":38,"diameterIn":1.5,"nominalLabel":"1-1/2\" copper","depthM":1.7,"zone":0}},{"type":"Feature","id":"water-E1119","geometry":{"type":"LineString","coordinates":[[-78.9363664,43.8659223],[-78.9364977,43.865894],[-78.9365025,43.8658742]]},"properties":{"kind":"service","tier":"service","placement":"underground","from":"water-T-597","to":"water-N-P-00505","lengthM":13.24,"sizeMm":38,"diameterIn":1.5,"nominalLabel":"1-1/2\" copper","depthM":1.7,"zone":0}},{"type":"Feature","id":"water-E1120","geometry":{"type":"LineString","coordinates":[[-78.9363008,43.8657607],[-78.9364357,43.8657366],[-78.9364413,43.865717]]},"properties":{"kind":"service","tier":"service","placement":"underground","from":"water-T-598","to":"water-N-P-00506","lengthM":13.39,"sizeMm":38,"diameterIn":1.5,"nominalLabel":"1-1/2\" copper","depthM":1.7,"zone":0}},{"type":"Feature","id":"water-E1121","geometry":{"type":"LineString","coordinates":[[-78.9362473,43.8656042],[-78.9363804,43.8655806],[-78.9363866,43.865561]]},"properties":{"kind":"service","tier":"service","placement":"underground","from":"water-T-599","to":"water-N-P-00507","lengthM":13.24,"sizeMm":38,"diameterIn":1.5,"nominalLabel":"1-1/2\" copper","depthM":1.7,"zone":0}},{"type":"Feature","id":"water-E1122","geometry":{"type":"LineString","coordinates":[[-78.9361871,43.8654278],[-78.9363202,43.8654042],[-78.9363263,43.8653846]]},"properties":{"kind":"service","tier":"service","placement":"underground","from":"water-T-600","to":"water-N-P-00508","lengthM":13.24,"sizeMm":38,"diameterIn":1.5,"nominalLabel":"1-1/2\" copper","depthM":1.7,"zone":0}},{"type":"Feature","id":"water-E1123","geometry":{"type":"LineString","coordinates":[[-78.9361305,43.865262],[-78.9362636,43.8652384],[-78.9362697,43.8652188]]},"properties":{"kind":"service","tier":"service","placement":"underground","from":"water-T-601","to":"water-N-P-00509","lengthM":13.24,"sizeMm":38,"diameterIn":1.5,"nominalLabel":"1-1/2\" copper","depthM":1.7,"zone":0}},{"type":"Feature","id":"water-E1124","geometry":{"type":"LineString","coordinates":[[-78.9360768,43.8651047],[-78.9362099,43.8650811],[-78.936216,43.8650615]]},"properties":{"kind":"service","tier":"service","placement":"underground","from":"water-T-602","to":"water-N-P-00510","lengthM":13.24,"sizeMm":38,"diameterIn":1.5,"nominalLabel":"1-1/2\" copper","depthM":1.7,"zone":0}},{"type":"Feature","id":"water-E1125","geometry":{"type":"LineString","coordinates":[[-78.9363784,43.8675708],[-78.9364516,43.8677426],[-78.9364315,43.8677564]]},"properties":{"kind":"service","tier":"service","placement":"underground","from":"water-T-603","to":"water-N-P-00511","lengthM":22.24,"sizeMm":38,"diameterIn":1.5,"nominalLabel":"1-1/2\" copper","depthM":1.7,"zone":0}},{"type":"Feature","id":"water-E1126","geometry":{"type":"LineString","coordinates":[[-78.9361845,43.8676138],[-78.9362577,43.8677856],[-78.9362376,43.8677994]]},"properties":{"kind":"service","tier":"service","placement":"underground","from":"water-T-604","to":"water-N-P-00512","lengthM":22.24,"sizeMm":38,"diameterIn":1.5,"nominalLabel":"1-1/2\" copper","depthM":1.7,"zone":0}},{"type":"Feature","id":"water-E1127","geometry":{"type":"LineString","coordinates":[[-78.9359908,43.8676568],[-78.936064,43.8678285],[-78.9360439,43.8678424]]},"properties":{"kind":"service","tier":"service","placement":"underground","from":"water-T-605","to":"water-N-P-00513","lengthM":22.24,"sizeMm":38,"diameterIn":1.5,"nominalLabel":"1-1/2\" copper","depthM":1.7,"zone":0}},{"type":"Feature","id":"water-E1128","geometry":{"type":"LineString","coordinates":[[-78.9357831,43.8677028],[-78.9358564,43.8678745],[-78.9358362,43.8678884]]},"properties":{"kind":"service","tier":"service","placement":"underground","from":"water-T-606","to":"water-N-P-00514","lengthM":22.24,"sizeMm":38,"diameterIn":1.5,"nominalLabel":"1-1/2\" copper","depthM":1.7,"zone":0}},{"type":"Feature","id":"water-E1129","geometry":{"type":"LineString","coordinates":[[-78.9367462,43.8672406],[-78.9365076,43.8672924],[-78.9364885,43.8672778]]},"properties":{"kind":"service","tier":"service","placement":"underground","from":"water-T-607","to":"water-N-P-00515","lengthM":22.24,"sizeMm":38,"diameterIn":1.5,"nominalLabel":"1-1/2\" copper","depthM":1.7,"zone":0}},{"type":"Feature","id":"water-E1130","geometry":{"type":"LineString","coordinates":[[-78.9366763,43.8670733],[-78.9364377,43.8671252],[-78.9364185,43.8671106]]},"properties":{"kind":"service","tier":"service","placement":"underground","from":"water-T-608","to":"water-N-P-00516","lengthM":22.24,"sizeMm":38,"diameterIn":1.5,"nominalLabel":"1-1/2\" copper","depthM":1.7,"zone":0}},{"type":"Feature","id":"water-E1131","geometry":{"type":"LineString","coordinates":[[-78.9366092,43.8669131],[-78.9363706,43.866965],[-78.9363515,43.8669504]]},"properties":{"kind":"service","tier":"service","placement":"underground","from":"water-T-609","to":"water-N-P-00517","lengthM":22.24,"sizeMm":38,"diameterIn":1.5,"nominalLabel":"1-1/2\" copper","depthM":1.7,"zone":0}},{"type":"Feature","id":"water-E1132","geometry":{"type":"LineString","coordinates":[[-78.9365435,43.866756],[-78.9363049,43.8668079],[-78.9362858,43.8667933]]},"properties":{"kind":"service","tier":"service","placement":"underground","from":"water-T-610","to":"water-N-P-00518","lengthM":22.24,"sizeMm":38,"diameterIn":1.5,"nominalLabel":"1-1/2\" copper","depthM":1.7,"zone":0}},{"type":"Feature","id":"water-E1133","geometry":{"type":"LineString","coordinates":[[-78.9364746,43.8665884],[-78.9362354,43.8666373],[-78.9362165,43.8666225]]},"properties":{"kind":"service","tier":"service","placement":"underground","from":"water-T-611","to":"water-N-P-00519","lengthM":22.19,"sizeMm":38,"diameterIn":1.5,"nominalLabel":"1-1/2\" copper","depthM":1.7,"zone":0}},{"type":"Feature","id":"water-E1134","geometry":{"type":"LineString","coordinates":[[-78.9364093,43.8664222],[-78.9361695,43.8664711],[-78.9361507,43.8664563]]},"properties":{"kind":"service","tier":"service","placement":"underground","from":"water-T-612","to":"water-N-P-00520","lengthM":22.24,"sizeMm":38,"diameterIn":1.5,"nominalLabel":"1-1/2\" copper","depthM":1.7,"zone":0}},{"type":"Feature","id":"water-E1135","geometry":{"type":"LineString","coordinates":[[-78.936345,43.8662584],[-78.9361052,43.8663073],[-78.9360864,43.8662925]]},"properties":{"kind":"service","tier":"service","placement":"underground","from":"water-T-613","to":"water-N-P-00521","lengthM":22.24,"sizeMm":38,"diameterIn":1.5,"nominalLabel":"1-1/2\" copper","depthM":1.7,"zone":0}},{"type":"Feature","id":"water-E1136","geometry":{"type":"LineString","coordinates":[[-78.9362752,43.8660807],[-78.9360354,43.8661296],[-78.9360166,43.8661148]]},"properties":{"kind":"service","tier":"service","placement":"underground","from":"water-T-614","to":"water-N-P-00522","lengthM":22.24,"sizeMm":38,"diameterIn":1.5,"nominalLabel":"1-1/2\" copper","depthM":1.7,"zone":0}},{"type":"Feature","id":"water-E1137","geometry":{"type":"LineString","coordinates":[[-78.9362118,43.8659169],[-78.9359714,43.8659626],[-78.9359529,43.8659475]]},"properties":{"kind":"service","tier":"service","placement":"underground","from":"water-T-615","to":"water-N-P-00523","lengthM":22.19,"sizeMm":38,"diameterIn":1.5,"nominalLabel":"1-1/2\" copper","depthM":1.7,"zone":0}},{"type":"Feature","id":"water-E1138","geometry":{"type":"LineString","coordinates":[[-78.9361516,43.8657513],[-78.9359105,43.8657945],[-78.9358922,43.8657793]]},"properties":{"kind":"service","tier":"service","placement":"underground","from":"water-T-616","to":"water-N-P-00524","lengthM":22.18,"sizeMm":38,"diameterIn":1.5,"nominalLabel":"1-1/2\" copper","depthM":1.7,"zone":0}},{"type":"Feature","id":"water-E1139","geometry":{"type":"LineString","coordinates":[[-78.9360931,43.8655816],[-78.9358512,43.8656249],[-78.9358331,43.8656097]]},"properties":{"kind":"service","tier":"service","placement":"underground","from":"water-T-617","to":"water-N-P-00525","lengthM":22.24,"sizeMm":38,"diameterIn":1.5,"nominalLabel":"1-1/2\" copper","depthM":1.7,"zone":0}},{"type":"Feature","id":"water-E1140","geometry":{"type":"LineString","coordinates":[[-78.9360375,43.8654215],[-78.9357958,43.8654657],[-78.9357776,43.8654505]]},"properties":{"kind":"service","tier":"service","placement":"underground","from":"water-T-618","to":"water-N-P-00526","lengthM":22.24,"sizeMm":38,"diameterIn":1.5,"nominalLabel":"1-1/2\" copper","depthM":1.7,"zone":0}},{"type":"Feature","id":"water-E1141","geometry":{"type":"LineString","coordinates":[[-78.9359789,43.8652552],[-78.9357373,43.8652994],[-78.9357191,43.8652842]]},"properties":{"kind":"service","tier":"service","placement":"underground","from":"water-T-619","to":"water-N-P-00527","lengthM":22.24,"sizeMm":38,"diameterIn":1.5,"nominalLabel":"1-1/2\" copper","depthM":1.7,"zone":0}},{"type":"Feature","id":"water-E1142","geometry":{"type":"LineString","coordinates":[[-78.9359215,43.8650893],[-78.9356794,43.8651303],[-78.9356615,43.8651149]]},"properties":{"kind":"service","tier":"service","placement":"underground","from":"water-T-620","to":"water-N-P-00528","lengthM":22.19,"sizeMm":38,"diameterIn":1.5,"nominalLabel":"1-1/2\" copper","depthM":1.7,"zone":0}},{"type":"Feature","id":"water-E1143","geometry":{"type":"LineString","coordinates":[[-78.9359394,43.8675569],[-78.9359014,43.8674619],[-78.935874,43.8674583]]},"properties":{"kind":"service","tier":"service","placement":"underground","from":"water-T-621","to":"water-N-P-00529","lengthM":13.24,"sizeMm":38,"diameterIn":1.5,"nominalLabel":"1-1/2\" copper","depthM":1.7,"zone":0}},{"type":"Feature","id":"water-E1144","geometry":{"type":"LineString","coordinates":[[-78.9356735,43.8676122],[-78.9356355,43.8675173],[-78.9356081,43.8675136]]},"properties":{"kind":"service","tier":"service","placement":"underground","from":"water-T-622","to":"water-N-P-00530","lengthM":13.24,"sizeMm":38,"diameterIn":1.5,"nominalLabel":"1-1/2\" copper","depthM":1.7,"zone":0}},{"type":"Feature","id":"water-E1145","geometry":{"type":"LineString","coordinates":[[-78.9351368,43.8678393],[-78.9352011,43.8680129],[-78.9351803,43.8680262]]},"properties":{"kind":"service","tier":"service","placement":"underground","from":"water-T-623","to":"water-N-P-00531","lengthM":22.24,"sizeMm":38,"diameterIn":1.5,"nominalLabel":"1-1/2\" copper","depthM":1.7,"zone":0}},{"type":"Feature","id":"water-E1146","geometry":{"type":"LineString","coordinates":[[-78.9348892,43.867887],[-78.9349535,43.8680606],[-78.9349326,43.8680739]]},"properties":{"kind":"service","tier":"service","placement":"underground","from":"water-T-624","to":"water-N-P-00532","lengthM":22.24,"sizeMm":38,"diameterIn":1.5,"nominalLabel":"1-1/2\" copper","depthM":1.7,"zone":0}},{"type":"Feature","id":"water-E1147","geometry":{"type":"LineString","coordinates":[[-78.9346684,43.867925],[-78.9347174,43.8681009],[-78.9346954,43.8681133]]},"properties":{"kind":"service","tier":"service","placement":"underground","from":"water-T-625","to":"water-N-P-00533","lengthM":22.21,"sizeMm":38,"diameterIn":1.5,"nominalLabel":"1-1/2\" copper","depthM":1.7,"zone":0}},{"type":"Feature","id":"water-E1148","geometry":{"type":"LineString","coordinates":[[-78.9344332,43.8679591],[-78.9344851,43.8681353],[-78.9344632,43.8681477]]},"properties":{"kind":"service","tier":"service","placement":"underground","from":"water-T-626","to":"water-N-P-00534","lengthM":22.29,"sizeMm":38,"diameterIn":1.5,"nominalLabel":"1-1/2\" copper","depthM":1.7,"zone":0}},{"type":"Feature","id":"water-E1149","geometry":{"type":"LineString","coordinates":[[-78.9339853,43.8680027],[-78.9339898,43.8681819],[-78.9339652,43.8681913]]},"properties":{"kind":"service","tier":"service","placement":"underground","from":"water-T-627","to":"water-N-P-00535","lengthM":22.19,"sizeMm":38,"diameterIn":1.5,"nominalLabel":"1-1/2\" copper","depthM":1.7,"zone":0}},{"type":"Feature","id":"water-E1150","geometry":{"type":"LineString","coordinates":[[-78.9337464,43.8680058],[-78.933751,43.8681855],[-78.9337263,43.8681948]]},"properties":{"kind":"service","tier":"service","placement":"underground","from":"water-T-628","to":"water-N-P-00536","lengthM":22.24,"sizeMm":38,"diameterIn":1.5,"nominalLabel":"1-1/2\" copper","depthM":1.7,"zone":0}},{"type":"Feature","id":"water-E1151","geometry":{"type":"LineString","coordinates":[[-78.9334988,43.868009],[-78.9335019,43.8681885],[-78.9334772,43.8681977]]},"properties":{"kind":"service","tier":"service","placement":"underground","from":"water-T-629","to":"water-N-P-00537","lengthM":22.21,"sizeMm":38,"diameterIn":1.5,"nominalLabel":"1-1/2\" copper","depthM":1.7,"zone":0}},{"type":"Feature","id":"water-E1152","geometry":{"type":"LineString","coordinates":[[-78.9350087,43.8677545],[-78.93497,43.8676598],[-78.9349426,43.8676562]]},"properties":{"kind":"service","tier":"service","placement":"underground","from":"water-T-630","to":"water-N-P-00538","lengthM":13.24,"sizeMm":38,"diameterIn":1.5,"nominalLabel":"1-1/2\" copper","depthM":1.7,"zone":0}},{"type":"Feature","id":"water-E1153","geometry":{"type":"LineString","coordinates":[[-78.9347624,43.8678052],[-78.9347329,43.8677059],[-78.9347058,43.8677015]]},"properties":{"kind":"service","tier":"service","placement":"underground","from":"water-T-631","to":"water-N-P-00539","lengthM":13.53,"sizeMm":38,"diameterIn":1.5,"nominalLabel":"1-1/2\" copper","depthM":1.7,"zone":0}},{"type":"Feature","id":"water-E1154","geometry":{"type":"LineString","coordinates":[[-78.9345166,43.8678429],[-78.9344879,43.8677456],[-78.934461,43.8677405]]},"properties":{"kind":"service","tier":"service","placement":"underground","from":"water-T-632","to":"water-N-P-00540","lengthM":13.3,"sizeMm":38,"diameterIn":1.5,"nominalLabel":"1-1/2\" copper","depthM":1.7,"zone":0}},{"type":"Feature","id":"water-E1155","geometry":{"type":"LineString","coordinates":[[-78.9342484,43.867874],[-78.9342319,43.8677759],[-78.9342057,43.8677692]]},"properties":{"kind":"service","tier":"service","placement":"underground","from":"water-T-633","to":"water-N-P-00541","lengthM":13.24,"sizeMm":38,"diameterIn":1.5,"nominalLabel":"1-1/2\" copper","depthM":1.7,"zone":0}},{"type":"Feature","id":"water-E1156","geometry":{"type":"LineString","coordinates":[[-78.9339931,43.8678926],[-78.933988,43.8677919],[-78.9339624,43.867784]]},"properties":{"kind":"service","tier":"service","placement":"underground","from":"water-T-634","to":"water-N-P-00542","lengthM":13.45,"sizeMm":38,"diameterIn":1.5,"nominalLabel":"1-1/2\" copper","depthM":1.7,"zone":0}},{"type":"Feature","id":"water-E1157","geometry":{"type":"LineString","coordinates":[[-78.9337537,43.8678988],[-78.9337488,43.8678],[-78.9337235,43.8677917]]},"properties":{"kind":"service","tier":"service","placement":"underground","from":"water-T-635","to":"water-N-P-00543","lengthM":13.24,"sizeMm":38,"diameterIn":1.5,"nominalLabel":"1-1/2\" copper","depthM":1.7,"zone":0}},{"type":"Feature","id":"water-E1158","geometry":{"type":"LineString","coordinates":[[-78.9335058,43.8679051],[-78.933501,43.867804],[-78.933476,43.8677951]]},"properties":{"kind":"service","tier":"service","placement":"underground","from":"water-T-636","to":"water-N-P-00544","lengthM":13.5,"sizeMm":38,"diameterIn":1.5,"nominalLabel":"1-1/2\" copper","depthM":1.7,"zone":0}},{"type":"Feature","id":"water-E1159","geometry":{"type":"LineString","coordinates":[[-78.9329177,43.8679616],[-78.9329205,43.8681412],[-78.9328957,43.8681504]]},"properties":{"kind":"service","tier":"service","placement":"underground","from":"water-T-637","to":"water-N-P-00545","lengthM":22.24,"sizeMm":38,"diameterIn":1.5,"nominalLabel":"1-1/2\" copper","depthM":1.7,"zone":0}},{"type":"Feature","id":"water-E1160","geometry":{"type":"LineString","coordinates":[[-78.9327125,43.8679632],[-78.9327153,43.8681429],[-78.9326905,43.8681521]]},"properties":{"kind":"service","tier":"service","placement":"underground","from":"water-T-638","to":"water-N-P-00546","lengthM":22.24,"sizeMm":38,"diameterIn":1.5,"nominalLabel":"1-1/2\" copper","depthM":1.7,"zone":0}},{"type":"Feature","id":"water-E1161","geometry":{"type":"LineString","coordinates":[[-78.9329153,43.8679616],[-78.9329138,43.8678628],[-78.9328887,43.867854]]},"properties":{"kind":"service","tier":"service","placement":"underground","from":"water-T-639","to":"water-N-P-00547","lengthM":13.24,"sizeMm":38,"diameterIn":1.5,"nominalLabel":"1-1/2\" copper","depthM":1.7,"zone":0}},{"type":"Feature","id":"water-E1162","geometry":{"type":"LineString","coordinates":[[-78.9327068,43.8679633],[-78.9327052,43.8678645],[-78.9326802,43.8678557]]},"properties":{"kind":"service","tier":"service","placement":"underground","from":"water-T-640","to":"water-N-P-00548","lengthM":13.24,"sizeMm":38,"diameterIn":1.5,"nominalLabel":"1-1/2\" copper","depthM":1.7,"zone":0}},{"type":"Feature","id":"water-E1163","geometry":{"type":"LineString","coordinates":[[-78.9283122,43.8682555],[-78.9282932,43.8684074],[-78.9282669,43.8684141]]},"properties":{"kind":"service","tier":"service","placement":"underground","from":"water-T-641","to":"water-N-P-00549","lengthM":19.21,"sizeMm":38,"diameterIn":1.5,"nominalLabel":"1-1/2\" copper","depthM":1.7,"zone":0}},{"type":"Feature","id":"water-E1164","geometry":{"type":"LineString","coordinates":[[-78.9397356,43.8739808],[-78.9398307,43.8739593],[-78.9398352,43.8739395]]},"properties":{"kind":"service","tier":"service","placement":"underground","from":"water-T-642","to":"water-N-P-00550","lengthM":10.24,"sizeMm":38,"diameterIn":1.5,"nominalLabel":"1-1/2\" copper","depthM":1.7,"zone":0}},{"type":"Feature","id":"water-E1165","geometry":{"type":"LineString","coordinates":[[-78.9442673,43.8720377],[-78.9443624,43.8720162],[-78.9443669,43.8719964]]},"properties":{"kind":"service","tier":"service","placement":"underground","from":"water-T-643","to":"water-N-P-00551","lengthM":10.24,"sizeMm":50,"diameterIn":1.97,"nominalLabel":"2\" copper","depthM":1.7,"zone":0}},{"type":"Feature","id":"water-E1166","geometry":{"type":"LineString","coordinates":[[-78.9281342,43.8682397],[-78.9282157,43.8683758],[-78.928201,43.8683929]]},"properties":{"kind":"service","tier":"service","placement":"underground","from":"water-T-644","to":"water-N-P-00552","lengthM":18.74,"sizeMm":50,"diameterIn":1.97,"nominalLabel":"2\" copper","depthM":1.7,"zone":0}}]}